0 0.056475089572522626 0.756833765752409 0.01953125 0.026041666666666668
0 0.007179314924635262 0.7380544230294044 0.01953125 0.026041666666666668
0 0.09051264825796865 0.755268820525492 0.01953125 0.026041666666666668
0 0.08347039473684185 0.7161451898525657 0.01953125 0.026041666666666668
0 0.07408072337533954 0.6926710114488097 0.01953125 0.026041666666666668
0 0.034174620088954555 0.6911060662218927 0.01953125 0.026041666666666668
0 0.15506663886829727 0.780307944156165 0.01953125 0.026041666666666668
0 0.15741405670867287 0.7333595873486533 0.01953125 0.026041666666666668
0 0.11985537126266346 0.7114503541718143 0.01953125 0.026041666666666668
0 0.20201499567580905 0.7349245325755703 0.01953125 0.026041666666666668
0 0.2466159346429452 0.7724832180215797 0.01953125 0.026041666666666668
0 0.23957368112181845 0.7364894778024874 0.01953125 0.026041666666666668
0 0.22666288299975265 0.7114503541718143 0.01953125 0.026041666666666668
0 0.24309480788238183 0.6926710114488097 0.01953125 0.026041666666666668
0 0.27830607548801567 0.700495737583395 0.01953125 0.026041666666666668
0 0.287695746849518 0.7662234371139115 0.01953125 0.026041666666666668
0 0.30764879849271054 0.780307944156165 0.01953125 0.026041666666666668
0 0.3240807233753396 0.8679448768635204 0.01953125 0.026041666666666668
0 0.3851135872251049 0.9602766452516268 0.01953125 0.026041666666666668
0 0.44027790647393117 0.8538603698212669 0.01953125 0.026041666666666668
0 0.39098213182604385 0.8022171773330039 0.01953125 0.026041666666666668
0 0.3698553712626635 0.8131717939214234 0.01953125 0.026041666666666668
0 0.4367567797133678 0.780307944156165 0.01953125 0.026041666666666668
0 0.5306534933283913 0.944627192982456 0.01953125 0.026041666666666668
0 0.5646910520138372 0.8726397125442715 0.01953125 0.026041666666666668
0 0.6750196905114899 0.8773345482250227 0.01953125 0.026041666666666668
0 0.707883540276748 0.9727962070669632 0.01953125 0.026041666666666668
0 0.861639408821349 0.9493220286632073 0.01953125 0.026041666666666668
0 0.987226263281443 0.9634065357054609 0.01953125 0.026041666666666668
0 0.952014995675809 0.8757696029981056 0.01953125 0.026041666666666668
0 0.9391041975537434 0.7411843134832385 0.01953125 0.026041666666666668
0 0.8017802538917714 0.8397758627790132 0.01953125 0.026041666666666668
0 0.6081182820607857 0.7771780537023308 0.01953125 0.026041666666666668
0 0.6245502069434147 0.7411843134832385 0.01953125 0.026041666666666668
0 0.6714985637509265 0.7443142039370726 0.01953125 0.026041666666666668
0 0.7524844792438843 0.7380544230294044 0.01953125 0.026041666666666668
0 0.8252544322955275 0.7364894778024874 0.01953125 0.026041666666666668
0 0.8768976247837903 0.7114503541718143 0.01953125 0.026041666666666668
0 0.9191511459105509 0.7020606828103122 0.01953125 0.026041666666666668
0 0.9414516153941189 0.6864112305411415 0.01953125 0.026041666666666668
0 0.9367567797133678 0.6598071616835515 0.01953125 0.026041666666666668
0 0.8968506764269829 0.647287599868215 0.01953125 0.026041666666666668
0 0.913282601309612 0.6097289144222057 0.01953125 0.026041666666666668
0 0.9121088923894243 0.6645019973643027 0.01953125 0.026041666666666668
0 0.8768976247837903 0.675456613952722 0.01953125 0.026041666666666668
0 0.8475549017790955 0.6566772712297174 0.01953125 0.026041666666666668
0 0.8252544322955275 0.6457226546412981 0.01953125 0.026041666666666668
0 0.8029539628119593 0.6895411209949757 0.01953125 0.026041666666666668
0 0.7524844792438843 0.700495737583395 0.01953125 0.026041666666666668
0 0.6984938689152457 0.6926710114488097 0.01953125 0.026041666666666668
0 0.6585877656288609 0.6676318878181369 0.01953125 0.026041666666666668
0 0.6175079534222879 0.7036256280372292 0.01953125 0.026041666666666668
0 0.583470394736842 0.7255348612140681 0.01953125 0.026041666666666668
0 0.5928600660983444 0.6926710114488097 0.01953125 0.026041666666666668
0 0.5564750895725228 0.7161451898525657 0.01953125 0.026041666666666668
0 0.5365220379293302 0.7036256280372292 0.01953125 0.026041666666666668
0 0.5247849487274523 0.7474440943909069 0.01953125 0.026041666666666668
0 0.45084128675562124 0.7114503541718143 0.01953125 0.026041666666666668
0 0.46492579379787485 0.6785865044065562 0.01953125 0.026041666666666668
0 0.49074739004200624 0.7036256280372292 0.01953125 0.026041666666666668
0 0.5212638219668889 0.675456613952722 0.01953125 0.026041666666666668
0 0.5822966858166543 0.6676318878181369 0.01953125 0.026041666666666668
0 0.5975549017790955 0.6457226546412981 0.01953125 0.026041666666666668
0 0.6139868266617247 0.648852545095132 0.01953125 0.026041666666666668
0 0.5999023196194712 0.6206835310106251 0.01953125 0.026041666666666668
0 0.6210290801828513 0.6206835310106251 0.01953125 0.026041666666666668
0 0.6421558407462316 0.6144237501029569 0.01953125 0.026041666666666668
0 0.6714985637509265 0.6253783666913763 0.01953125 0.026041666666666668
0 0.6926253243143068 0.6144237501029569 0.01953125 0.026041666666666668
0 0.7031887045959969 0.6394628737336298 0.01953125 0.026041666666666668
0 0.6902779064739312 0.6425927641874638 0.01953125 0.026041666666666668
0 0.0030713337039782154 0.6645019973643026 0.01953125 0.026041666666666668
0 0.01656898628613786 0.6629370521373855 0.01953125 0.026041666666666668
0 0.04532485483073881 0.6511999629355076 0.01953125 0.026041666666666668
0 0.031827202248579156 0.6558947986162588 0.01953125 0.026041666666666668
0 0.0635173430936496 0.6496350177085906 0.01953125 0.026041666666666668
0 0.018329549666419545 0.6973658471295608 0.01953125 0.026041666666666668
0 0.033000911168766946 0.6809339222469316 0.01953125 0.026041666666666668
0 0.08523095811712379 0.6332030928259614 0.01953125 0.026041666666666668
0 0.06293048863355567 0.6159886953298738 0.01953125 0.026041666666666668
0 0.05060654497158386 0.5987742978337862 0.01953125 0.026041666666666668
0 0.026545512107734107 0.5878196812453668 0.01953125 0.026041666666666668
0 0.013634713985668356 0.6128588048760396 0.01953125 0.026041666666666668
0 0.0030713337039782154 0.6316381475990444 0.01953125 0.026041666666666668
0 0.0018976247837904255 0.5878196812453668 0.01953125 0.026041666666666668
0 0.025371803187546286 0.5651279754550694 0.01953125 0.026041666666666668
0 0.013047859525574461 0.55417335886665 0.01953125 0.026041666666666668
0 0.01539527736595004 0.5353940161436453 0.01953125 0.026041666666666668
0 0.00365818816407211 0.5252218721686844 0.01953125 0.026041666666666668
0 0.01187415060538667 0.5189620912610161 0.01953125 0.026041666666666668
0 0.022437530887076812 0.5127023103533479 0.01953125 0.026041666666666668
0 0.0030713337039782154 0.5001827485380115 0.01953125 0.026041666666666668
0 0.01891640412651344 0.4970528580841774 0.01953125 0.026041666666666668
0 0.01774269520632565 0.5017476937649286 0.01953125 0.026041666666666668
0 0.014808422905856145 0.5072250020591382 0.01953125 0.026041666666666668
0 0.00952673276501109 0.4962703854707189 0.01953125 0.026041666666666668
0 0.0464985637509266 0.4634065357054606 0.01953125 0.026041666666666668
0 0.03886945576970593 0.47749104274771415 0.01953125 0.026041666666666668
0 0.032414056708673054 0.4907930771765092 0.01953125 0.026041666666666668
0 0.024198094267358496 0.4915755497899677 0.01953125 0.026041666666666668
0 0.023024385347170707 0.4814034058150068 0.01953125 0.026041666666666668
0 0.01422156844576225 0.4814034058150068 0.01953125 0.026041666666666668
0 0.03534832900914256 0.50096522115147 0.01953125 0.026041666666666668
0 0.030066638868297475 0.5033126389918456 0.01953125 0.026041666666666668
0 0.0065924604645415845 0.4907930771765092 0.01953125 0.026041666666666668
0 0.0030713337039782154 0.486098241495758 0.01953125 0.026041666666666668
0 0.032414056708673054 0.514267255580265 0.01953125 0.026041666666666668
0 0.03886945576970593 0.5103548925129723 0.01953125 0.026041666666666668
0 0.04708541821102049 0.49001060456305057 0.01953125 0.026041666666666668
0 0.04825912713120828 0.5025301663783871 0.01953125 0.026041666666666668
0 0.0459117092908327 0.517397146034099 0.01953125 0.026041666666666668
0 0.05060654497158386 0.5103548925129723 0.01953125 0.026041666666666668
0 0.052367108351865546 0.4798384605880897 0.01953125 0.026041666666666668
0 0.11809480788238202 0.6715442508854294 0.01953125 0.026041666666666668
0 0.14743753088707684 0.6879761757680586 0.01953125 0.026041666666666668
0 0.05823565295280453 0.7192750803063995 0.01953125 0.026041666666666668
0 0.17501969051149002 0.6824988674738487 0.01953125 0.026041666666666668
0 0.18206194403261675 0.7083204637179802 0.01953125 0.026041666666666668
0 0.18264879849271065 0.6441577094143809 0.01953125 0.026041666666666668
0 0.1673905825302693 0.6410278189605468 0.01953125 0.026041666666666668
0 0.13335302384482328 0.6253783666913761 0.01953125 0.026041666666666668
0 0.10987884544106744 0.6371154558932541 0.01953125 0.026041666666666668
0 0.0799492679762787 0.592514516926118 0.01953125 0.026041666666666668
0 0.08757837595749937 0.5799949551107815 0.01953125 0.026041666666666668
0 0.07232015999505803 0.5666929206819864 0.01953125 0.026041666666666668
0 0.05647508957252284 0.5745176468165718 0.01953125 0.026041666666666668
0 0.03593518346923646 0.5745176468165718 0.01953125 0.026041666666666668
0 0.039456310229799826 0.5604331397743182 0.01953125 0.026041666666666668
0 0.04767227267111439 0.5596506671608598 0.01953125 0.026041666666666668
0 0.06527790647393131 0.5486960505724403 0.01953125 0.026041666666666668
0 0.053540817272053336 0.5486960505724403 0.01953125 0.026041666666666668
0 0.04767227267111439 0.5346115435301867 0.01953125 0.026041666666666668
0 0.05530138065233505 0.5322641256898112 0.01953125 0.026041666666666668
0 0.03828260130961204 0.5244393995552259 0.01953125 0.026041666666666668
0 0.06821217877440076 0.5322641256898112 0.01953125 0.026041666666666668
0 0.06879903323449467 0.5197445638744747 0.01953125 0.026041666666666668
0 0.06469105201383739 0.5213095091013918 0.01953125 0.026041666666666668
0 0.05940936187299232 0.5111373651264309 0.01953125 0.026041666666666668
0 0.06058307079318011 0.4907930771765092 0.01953125 0.026041666666666668
0 0.06879903323449467 0.47827351536117263 0.01953125 0.026041666666666668
0 0.06410419755374351 0.4837508236553824 0.01953125 0.026041666666666668
0 0.07173330553496414 0.4907930771765092 0.01953125 0.026041666666666668
0 0.07173330553496414 0.4853157688822994 0.01953125 0.026041666666666668
0 0.0799492679762787 0.4954879128572603 0.01953125 0.026041666666666668
0 0.07349386891524586 0.50096522115147 0.01953125 0.026041666666666668
0 0.08523095811712379 0.4978353306976359 0.01953125 0.026041666666666668
0 0.084057249196936 0.47279620706696296 0.01953125 0.026041666666666668
0 0.08464410365702989 0.5064425294456797 0.01953125 0.026041666666666668
0 0.07701499567580923 0.5181796186475577 0.01953125 0.026041666666666668
0 0.08640466703731157 0.5322641256898112 0.01953125 0.026041666666666668
0 0.09051264825796884 0.5166146734206406 0.01953125 0.026041666666666668
0 0.0787755590560909 0.529134235235977 0.01953125 0.026041666666666668
0 0.07760185013590312 0.5486960505724403 0.01953125 0.026041666666666668
0 0.07936241351618481 0.5580857219339427 0.01953125 0.026041666666666668
0 0.09579433839881389 0.5455661601186063 0.01953125 0.026041666666666668
0 0.10459715530022239 0.5502609957993574 0.01953125 0.026041666666666668
0 0.10518400976031628 0.5400888518243966 0.01953125 0.026041666666666668
0 0.10459715530022239 0.5306991804628941 0.01953125 0.026041666666666668
0 0.09990231961947123 0.5236569269417674 0.01953125 0.026041666666666668
0 0.10870513652087964 0.5119198377398894 0.01953125 0.026041666666666668
0 0.11926851680256982 0.5119198377398894 0.01953125 0.026041666666666668
0 0.11926851680256982 0.5377414339840209 0.01953125 0.026041666666666668
0 0.11339997220163081 0.55417335886665 0.01953125 0.026041666666666668
0 0.10987884544106744 0.5580857219339427 0.01953125 0.026041666666666668
0 0.11046569990116133 0.5760825920434888 0.01953125 0.026041666666666668
0 0.1216159346429454 0.5674753932954449 0.01953125 0.026041666666666668
0 0.13628729614529284 0.5666929206819864 0.01953125 0.026041666666666668
0 0.13628729614529284 0.5792124824973229 0.01953125 0.026041666666666668
0 0.1204422257227576 0.5878196812453668 0.01953125 0.026041666666666668
0 0.12455020694341487 0.6034691335145373 0.01953125 0.026041666666666668
0 0.14509011304670125 0.6042516061279959 0.01953125 0.026041666666666668
0 0.152132366567828 0.5784300098838644 0.01953125 0.026041666666666668
0 0.16563001914998765 0.608946441808747 0.01953125 0.026041666666666668
0 0.1891041975537435 0.6175536405567909 0.01953125 0.026041666666666668
0 0.1896910520138374 0.5901670990857424 0.01953125 0.026041666666666668
0 0.17384598159130224 0.5760825920434888 0.01953125 0.026041666666666668
0 0.16504316468989375 0.5729527015896547 0.01953125 0.026041666666666668
0 0.152132366567828 0.5440012148916892 0.01953125 0.026041666666666668
0 0.1503718031875463 0.5580857219339427 0.01953125 0.026041666666666668
0 0.14391640412651346 0.5377414339840209 0.01953125 0.026041666666666668
0 0.16210889238942428 0.5486960505724403 0.01953125 0.026041666666666668
0 0.17149856375092665 0.5518259410262744 0.01953125 0.026041666666666668
0 0.18382250741289843 0.5565207767070256 0.01953125 0.026041666666666668
0 0.19438588769458862 0.5596506671608598 0.01953125 0.026041666666666668
0 0.1885173430936496 0.5494785231858988 0.01953125 0.026041666666666668
0 0.19438588769458862 0.5385239065974794 0.01953125 0.026041666666666668
0 0.18558307079318012 0.5713877563627376 0.01953125 0.026041666666666668
0 0.20260185013590315 0.5784300098838644 0.01953125 0.026041666666666668
0 0.21257837595749943 0.6073814965818299 0.01953125 0.026041666666666668
0 0.19849386891524587 0.6144237501029567 0.01953125 0.026041666666666668
0 0.22959715530022243 0.6097289144222056 0.01953125 0.026041666666666668
0 0.21844692055843837 0.5831248455646155 0.01953125 0.026041666666666668
0 0.2137520848776872 0.5635630302281524 0.01953125 0.026041666666666668
0 0.2243154651593773 0.5557383040935671 0.01953125 0.026041666666666668
0 0.21199152149740552 0.5432187422782306 0.01953125 0.026041666666666668
0 0.22959715530022243 0.5400888518243966 0.01953125 0.026041666666666668
0 0.23605255436125527 0.5659104480685279 0.01953125 0.026041666666666668
0 0.24016053558191255 0.5432187422782306 0.01953125 0.026041666666666668
0 0.2337051365208797 0.5330465983032697 0.01953125 0.026041666666666668
0 0.2266628829997529 0.5267868173956015 0.01953125 0.026041666666666668
0 0.23605255436125527 0.5197445638744747 0.01953125 0.026041666666666668
0 0.21727321163825059 0.5197445638744747 0.01953125 0.026041666666666668
0 0.20905724919693605 0.5228744543283089 0.01953125 0.026041666666666668
0 0.19908072337533977 0.5267868173956015 0.01953125 0.026041666666666668
0 0.1885173430936496 0.529134235235977 0.01953125 0.026041666666666668
0 0.24661593464294546 0.6152062227164152 0.01953125 0.026041666666666668
0 0.260113587225105 0.5987742978337862 0.01953125 0.026041666666666668
0 0.2513107703236966 0.5760825920434888 0.01953125 0.026041666666666668
0 0.23898682666172474 0.6371154558932541 0.01953125 0.026041666666666668
0 0.21433893933778111 0.6480700724816736 0.01953125 0.026041666666666668
0 0.33288354027674827 0.7505739848447409 0.01953125 0.026041666666666668
0 0.37455020694341495 0.7270998064409849 0.01953125 0.026041666666666668
0 0.3980243853471708 0.7278822790544436 0.01953125 0.026041666666666668
0 0.44966757783543376 0.7380544230294044 0.01953125 0.026041666666666668
0 0.3974375308870769 0.6864112305411415 0.01953125 0.026041666666666668
0 0.34872861069928346 0.6989307923564779 0.01953125 0.026041666666666668
0 0.3246675778354337 0.7028431554237705 0.01953125 0.026041666666666668
0 0.29649856375092665 0.7028431554237705 0.01953125 0.026041666666666668
0 0.2894563102297999 0.6660669425912197 0.01953125 0.026041666666666668
0 0.3011933994316778 0.6480700724816736 0.01953125 0.026041666666666668
0 0.2783060754880158 0.6175536405567909 0.01953125 0.026041666666666668
0 0.2859351834692365 0.6019041882876203 0.01953125 0.026041666666666668
0 0.29649856375092665 0.6152062227164152 0.01953125 0.026041666666666668
0 0.3011933994316778 0.6011217156741617 0.01953125 0.026041666666666668
0 0.3123436341734619 0.6285082571452103 0.01953125 0.026041666666666668
0 0.3293624135161849 0.6065990239683715 0.01953125 0.026041666666666668
0 0.35166288299975296 0.6285082571452103 0.01953125 0.026041666666666668
0 0.3475549017790957 0.6519824355489662 0.01953125 0.026041666666666668
0 0.3851135872251051 0.6371154558932541 0.01953125 0.026041666666666668
0 0.37455020694341495 0.6699793056585123 0.01953125 0.026041666666666668
0 0.3991980942673586 0.6511999629355076 0.01953125 0.026041666666666668
0 0.4121088923894244 0.6645019973643026 0.01953125 0.026041666666666668
0 0.4203248548307389 0.6394628737336298 0.01953125 0.026041666666666668
0 0.4115220379293305 0.6261608393048347 0.01953125 0.026041666666666668
0 0.4391041975537435 0.6285082571452103 0.01953125 0.026041666666666668
0 0.470794338398814 0.6347680380528785 0.01953125 0.026041666666666668
0 0.45964410365703 0.6558947986162588 0.01953125 0.026041666666666668
0 0.4590572491969361 0.5979918252203277 0.01953125 0.026041666666666668
0 0.4437990332344948 0.5987742978337862 0.01953125 0.026041666666666668
0 0.42678025389177177 0.5956444073799521 0.01953125 0.026041666666666668
0 0.41563001914998776 0.5987742978337862 0.01953125 0.026041666666666668
0 0.40330607548801584 0.5995567704472448 0.01953125 0.026041666666666668
0 0.4115220379293305 0.5776475372704059 0.01953125 0.026041666666666668
0 0.38570044168519896 0.6073814965818299 0.01953125 0.026041666666666668
0 0.3663342445021004 0.6128588048760396 0.01953125 0.026041666666666668
0 0.3751370614035089 0.5987742978337862 0.01953125 0.026041666666666668
0 0.3452074839387201 0.5823423729511571 0.01953125 0.026041666666666668
0 0.3375783759574994 0.5627805576146938 0.01953125 0.026041666666666668
0 0.3704422257227577 0.5776475372704059 0.01953125 0.026041666666666668
0 0.3845267327650112 0.5612156123877767 0.01953125 0.026041666666666668
0 0.3980243853471708 0.5760825920434888 0.01953125 0.026041666666666668
0 0.4097614745490488 0.5666929206819864 0.01953125 0.026041666666666668
0 0.4056534933283914 0.5494785231858988 0.01953125 0.026041666666666668
0 0.4279539628119595 0.5682578659089035 0.01953125 0.026041666666666668
0 0.4361699252532741 0.5666929206819864 0.01953125 0.026041666666666668
0 0.4473201599950582 0.5706052837492791 0.01953125 0.026041666666666668
0 0.45436241351618495 0.5760825920434888 0.01953125 0.026041666666666668
0 0.470794338398814 0.5706052837492791 0.01953125 0.026041666666666668
0 0.45964410365703 0.5659104480685279 0.01953125 0.026041666666666668
0 0.493681662342476 0.5760825920434888 0.01953125 0.026041666666666668
0 0.48194457314059813 0.5666929206819864 0.01953125 0.026041666666666668
0 0.4860525543612554 0.5518259410262744 0.01953125 0.026041666666666668
0 0.4972027891030394 0.55417335886665 0.01953125 0.026041666666666668
0 0.4590572491969361 0.5510434684128159 0.01953125 0.026041666666666668
0 0.4437990332344948 0.5494785231858988 0.01953125 0.026041666666666668
0 0.43030138065233514 0.5440012148916892 0.01953125 0.026041666666666668
0 0.4203248548307389 0.5338290709167283 0.01953125 0.026041666666666668
0 0.408587765628861 0.5322641256898112 0.01953125 0.026041666666666668
0 0.3974375308870769 0.5275692900090599 0.01953125 0.026041666666666668
0 0.3939164041265135 0.5346115435301867 0.01953125 0.026041666666666668
0 0.38863471398566846 0.5377414339840209 0.01953125 0.026041666666666668
0 0.38217931492463564 0.5267868173956015 0.01953125 0.026041666666666668
0 0.3733764980232272 0.5306991804628941 0.01953125 0.026041666666666668
0 0.36926851680256995 0.5518259410262744 0.01953125 0.026041666666666668
0 0.3675079534222881 0.5377414339840209 0.01953125 0.026041666666666668
0 0.368094807882382 0.5213095091013918 0.01953125 0.026041666666666668
0 0.3587051365208797 0.5330465983032697 0.01953125 0.026041666666666668
0 0.3493154651593774 0.5432187422782306 0.01953125 0.026041666666666668
0 0.35048917407956515 0.5604331397743182 0.01953125 0.026041666666666668
0 0.30999621633308627 0.5745176468165718 0.01953125 0.026041666666666668
0 0.29943283605139615 0.5635630302281524 0.01953125 0.026041666666666668
0 0.3094093618729924 0.5549558314801085 0.01953125 0.026041666666666668
0 0.3211464510748703 0.55417335886665 0.01953125 0.026041666666666668
0 0.33053612243637265 0.5416537970513136 0.01953125 0.026041666666666668
0 0.3088225074128985 0.5432187422782306 0.01953125 0.026041666666666668
0 0.3082356529528046 0.5275692900090599 0.01953125 0.026041666666666668
0 0.3158647609340252 0.5385239065974794 0.01953125 0.026041666666666668
0 0.3199727421546825 0.5213095091013918 0.01953125 0.026041666666666668
0 0.3428600660983445 0.5322641256898112 0.01953125 0.026041666666666668
0 0.3358178125772177 0.5220919817148503 0.01953125 0.026041666666666668
0 0.3293624135161849 0.5220919817148503 0.01953125 0.026041666666666668
0 0.3463811928589079 0.5166146734206406 0.01953125 0.026041666666666668
0 0.3540103008401285 0.514267255580265 0.01953125 0.026041666666666668
0 0.3598788454410675 0.5127023103533479 0.01953125 0.026041666666666668
0 0.3510760285396591 0.5322641256898112 0.01953125 0.026041666666666668
0 0.27126382196688914 0.5760825920434888 0.01953125 0.026041666666666668
0 0.2788929299481097 0.5776475372704059 0.01953125 0.026041666666666668
0 0.2571793149246356 0.5635630302281524 0.01953125 0.026041666666666668
0 0.2630478595255745 0.5455661601186063 0.01953125 0.026041666666666668
0 0.2524844792438844 0.5455661601186063 0.01953125 0.026041666666666668
0 0.2747849487274525 0.5471311053455232 0.01953125 0.026041666666666668
0 0.2859351834692365 0.5510434684128159 0.01953125 0.026041666666666668
0 0.29180372807017546 0.5596506671608598 0.01953125 0.026041666666666668
0 0.29649856375092665 0.5393063792109379 0.01953125 0.026041666666666668
0 0.29943283605139615 0.5299167078494356 0.01953125 0.026041666666666668
0 0.2859351834692365 0.5338290709167283 0.01953125 0.026041666666666668
0 0.27595865764764027 0.529134235235977 0.01953125 0.026041666666666668
0 0.2624610050654806 0.5322641256898112 0.01953125 0.026041666666666668
0 0.25013706140350883 0.529134235235977 0.01953125 0.026041666666666668
0 0.2448553712626637 0.5267868173956015 0.01953125 0.026041666666666668
0 0.25600560600444777 0.5213095091013918 0.01953125 0.026041666666666668
0 0.2648084229058562 0.517397146034099 0.01953125 0.026041666666666668
0 0.2818272022485792 0.5127023103533479 0.01953125 0.026041666666666668
0 0.2747849487274525 0.517397146034099 0.01953125 0.026041666666666668
0 0.28652203792933045 0.5048775842187626 0.01953125 0.026041666666666668
0 0.29649856375092665 0.5127023103533479 0.01953125 0.026041666666666668
0 0.29649856375092665 0.5001827485380115 0.01953125 0.026041666666666668
0 0.12455020694341487 0.5510434684128159 0.01953125 0.026041666666666668
0 0.12689762478379046 0.5134847829668064 0.01953125 0.026041666666666668
0 0.13393987830491724 0.5213095091013918 0.01953125 0.026041666666666668
0 0.13922156844576228 0.5220919817148503 0.01953125 0.026041666666666668
0 0.14509011304670125 0.5236569269417674 0.01953125 0.026041666666666668
0 0.1497849487274524 0.5220919817148503 0.01953125 0.026041666666666668
0 0.16210889238942428 0.5236569269417674 0.01953125 0.026041666666666668
0 0.17325912713120833 0.5252218721686844 0.01953125 0.026041666666666668
0 0.1785408172720534 0.5181796186475577 0.01953125 0.026041666666666668
0 0.17443283605139612 0.5103548925129723 0.01953125 0.026041666666666668
0 0.16504316468989375 0.5119198377398894 0.01953125 0.026041666666666668
0 0.15447978440820365 0.5064425294456797 0.01953125 0.026041666666666668
0 0.14743753088707684 0.5072250020591382 0.01953125 0.026041666666666668
0 0.13570044168519896 0.5056600568322213 0.01953125 0.026041666666666668
0 0.12865818816407212 0.5048775842187626 0.01953125 0.026041666666666668
0 0.09931546515937732 0.4837508236553824 0.01953125 0.026041666666666668
0 0.09520748393872 0.4884456593361335 0.01953125 0.026041666666666668
0 0.09168635717815662 0.47592609752079706 0.01953125 0.026041666666666668
0 0.0940337750185322 0.4720137344535045 0.01953125 0.026041666666666668
0 0.10048917407956512 0.4720137344535045 0.01953125 0.026041666666666668
0 0.2357591271312083 0.5944706984597642 0.01953125 0.026041666666666668
0 0.18206194403261675 0.5072250020591382 0.01953125 0.026041666666666668
0 0.169444573140598 0.49314049501688473 0.01953125 0.026041666666666668
0 0.15741405670867312 0.4919667860966969 0.01953125 0.026041666666666668
0 0.14714410365702993 0.4970528580841774 0.01953125 0.026041666666666668
0 0.13892814121571537 0.4997915122312822 0.01953125 0.026041666666666668
0 0.1327661693847294 0.4997915122312822 0.01953125 0.026041666666666668
0 0.1415689862861379 0.4958791491639896 0.01953125 0.026041666666666668
0 0.14655724919693602 0.4919667860966969 0.01953125 0.026041666666666668
0 0.14978494872745243 0.48727195041594573 0.01953125 0.026041666666666668
0 0.14068870459599706 0.4888368956428628 0.01953125 0.026041666666666668
0 0.1271910520138374 0.4978353306976359 0.01953125 0.026041666666666668
0 0.12425677971336793 0.5033126389918456 0.01953125 0.026041666666666668
0 0.11457368112181864 0.5052688205254919 0.01953125 0.026041666666666668
0 0.10430372807017545 0.5005739848447407 0.01953125 0.026041666666666668
0 0.095500911168767 0.5060512931389505 0.01953125 0.026041666666666668
0 0.08963236656782801 0.50096522115147 0.01953125 0.026041666666666668
0 0.06263706140350879 0.5005739848447407 0.01953125 0.026041666666666668
0 0.0796558407462318 0.5052688205254919 0.01953125 0.026041666666666668
0 0.02595865764764023 0.4915755497899677 0.01953125 0.026041666666666668
0 0.027719221027921914 0.4927492587101554 0.01953125 0.026041666666666668
0 0.05911593464294541 0.4763173338275264 0.01953125 0.026041666666666668
0 0.08640466703731159 0.4008087266287783 0.01953125 0.026041666666666668
0 0.06938588769458859 0.3980700724816735 0.01953125 0.026041666666666668
0 0.035054901779095635 0.40354738077588315 0.01953125 0.026041666666666668
0 0.021263821966889057 0.4047210896960709 0.01953125 0.026041666666666668
0 0.1227896435631332 0.39415770941438083 0.01953125 0.026041666666666668
0 0.12601734309364965 0.4778822790544434 0.01953125 0.026041666666666668
0 0.11809480788238201 0.46849260769294104 0.01953125 0.026041666666666668
0 0.11134598159130218 0.47240497076023374 0.01953125 0.026041666666666668
0 0.1142802538917717 0.4763173338275264 0.01953125 0.026041666666666668
0 0.10489058253026934 0.48218587842846533 0.01953125 0.026041666666666668
0 0.10723800037064492 0.480229696894819 0.01953125 0.026041666666666668
0 0.09755490177909562 0.49314049501688473 0.01953125 0.026041666666666668
0 0.09286006609834446 0.4915755497899677 0.01953125 0.026041666666666668
0 0.11105255436125525 0.4833595873486531 0.01953125 0.026041666666666668
0 0.10753142760069187 0.48727195041594573 0.01953125 0.026041666666666668
0 0.11222626328144306 0.4900106045630506 0.01953125 0.026041666666666668
0 0.12014879849271064 0.4845332962688409 0.01953125 0.026041666666666668
0 0.13159246046454165 0.4673188987727533 0.01953125 0.026041666666666668
0 0.15712062947862615 0.4649714809323777 0.01953125 0.026041666666666668
0 0.15213236656782803 0.47240497076023374 0.01953125 0.026041666666666668
0 0.1494915214974055 0.4778822790544434 0.01953125 0.026041666666666668
0 0.17413940882134915 0.4954879128572603 0.01953125 0.026041666666666668
0 0.17208541821102052 0.5033126389918456 0.01953125 0.026041666666666668
0 0.17707368112181865 0.5040951116053042 0.01953125 0.026041666666666668
0 0.18558307079318015 0.4947054402438018 0.01953125 0.026041666666666668
0 0.19379903323449468 0.4919667860966969 0.01953125 0.026041666666666668
0 0.20905724919693602 0.4900106045630506 0.01953125 0.026041666666666668
0 0.20759011304670127 0.5080074746725968 0.01953125 0.026041666666666668
0 0.20084128675562143 0.5134847829668064 0.01953125 0.026041666666666668
0 0.19409246046454165 0.5162234371139114 0.01953125 0.026041666666666668
0 0.15624034778848533 0.5326553619965405 0.01953125 0.026041666666666668
0 0.15154551210773412 0.5283517626225186 0.01953125 0.026041666666666668
0 0.12777790647393128 0.5393063792109379 0.01953125 0.026041666666666668
0 0.11339997220163085 0.5420450333580428 0.01953125 0.026041666666666668
0 0.1136933994316778 0.5189620912610161 0.01953125 0.026041666666666668
0 0.10547743699036324 0.5217007454081211 0.01953125 0.026041666666666668
0 0.09638119285890784 0.5314816530763526 0.01953125 0.026041666666666668
0 0.09315349332839142 0.5287429989292478 0.01953125 0.026041666666666668
0 0.21903377501853225 0.5271780537023307 0.01953125 0.026041666666666668
0 0.20025443229552753 0.480229696894819 0.01953125 0.026041666666666668
0 0.20553612243637265 0.4794472242813605 0.01953125 0.026041666666666668
0 0.19966757783543365 0.48648947780248725 0.01953125 0.026041666666666668
0 0.19174504262416606 0.48648947780248725 0.01953125 0.026041666666666668
0 0.18558307079318015 0.48062093320154825 0.01953125 0.026041666666666668
0 0.18030138065233509 0.48727195041594573 0.01953125 0.026041666666666668
0 0.1773671083518656 0.48101216950827747 0.01953125 0.026041666666666668
0 0.18000795342228812 0.47670857013425566 0.01953125 0.026041666666666668
0 0.1838225074128985 0.46927508030639964 0.01953125 0.026041666666666668
0 0.18793048863355574 0.4665364261592948 0.01953125 0.026041666666666668
0 0.18440936187299237 0.45597304587760457 0.01953125 0.026041666666666668
0 0.19291875154435384 0.4571467547977924 0.01953125 0.026041666666666668
0 0.19937415060538669 0.4598854089448972 0.01953125 0.026041666666666668
0 0.20436241351618487 0.4591029363314387 0.01953125 0.026041666666666668
0 0.2108178125772177 0.45284315542377046 0.01953125 0.026041666666666668
0 0.2119915214974055 0.4587117000247094 0.01953125 0.026041666666666668
0 0.22050091116876697 0.44853955604974854 0.01953125 0.026041666666666668
0 0.2199140567086731 0.45832046371798013 0.01953125 0.026041666666666668
0 0.2181534933283914 0.4540168643439582 0.01953125 0.026041666666666668
0 0.23165114591055103 0.4473658471295608 0.01953125 0.026041666666666668
0 0.23634598159130218 0.44775708343629006 0.01953125 0.026041666666666668
0 0.24221452619224115 0.44814831974301933 0.01953125 0.026041666666666668
0 0.24544222572275756 0.4473658471295608 0.01953125 0.026041666666666668
0 0.24632250741289846 0.45440810065068754 0.01953125 0.026041666666666668
0 0.24514879849271062 0.4587117000247094 0.01953125 0.026041666666666668
0 0.24808307079318015 0.4657539535458362 0.01953125 0.026041666666666668
0 0.2419210989621942 0.4747523886006093 0.01953125 0.026041666666666668
0 0.24280138065233503 0.4657539535458362 0.01953125 0.026041666666666668
0 0.24162767173214725 0.46184159047854356 0.01953125 0.026041666666666668
0 0.23487884544106746 0.459494172638168 0.01953125 0.026041666666666668
0 0.23341170929083271 0.46458024462564845 0.01953125 0.026041666666666668
0 0.23311828206078578 0.4696663166131289 0.01953125 0.026041666666666668
0 0.2351722726711144 0.4778822790544434 0.01953125 0.026041666666666668
0 0.2295971553002224 0.4763173338275264 0.01953125 0.026041666666666668
0 0.22666288299975293 0.471231261840046 0.01953125 0.026041666666666668
0 0.2278365919199407 0.4649714809323777 0.01953125 0.026041666666666668
0 0.22196804731900172 0.465362717239107 0.01953125 0.026041666666666668
0 0.21609950271806275 0.46418900831891924 0.01953125 0.026041666666666668
0 0.21228494872745243 0.46379777201218997 0.01953125 0.026041666666666668
0 0.2108178125772177 0.4665364261592948 0.01953125 0.026041666666666668
0 0.20788354027674824 0.47279620706696296 0.01953125 0.026041666666666668
0 0.20377555905609096 0.46927508030639964 0.01953125 0.026041666666666668
0 0.20172156844576228 0.4657539535458362 0.01953125 0.026041666666666668
0 0.20553612243637265 0.46379777201218997 0.01953125 0.026041666666666668
0 0.19732015999505806 0.4704487892265874 0.01953125 0.026041666666666668
0 0.20201499567580922 0.4735786796804215 0.01953125 0.026041666666666668
0 0.18910419755374352 0.4763173338275264 0.01953125 0.026041666666666668
0 0.1732591271312083 0.486098241495758 0.01953125 0.026041666666666668
0 0.16328260130961206 0.486098241495758 0.01953125 0.026041666666666668
0 0.1585877656288609 0.48570700518902865 0.01953125 0.026041666666666668
0 0.1568272022485792 0.48101216950827747 0.01953125 0.026041666666666668
0 0.13100560600444772 0.4900106045630506 0.01953125 0.026041666666666668
0 0.16592344638003462 0.5318728893830819 0.01953125 0.026041666666666668
0 0.22519574684951818 0.4790559879746312 0.01953125 0.026041666666666668
0 0.21844692055843834 0.48062093320154825 0.01953125 0.026041666666666668
0 0.22196804731900172 0.4763173338275264 0.01953125 0.026041666666666668
0 0.21932720224857918 0.47240497076023374 0.01953125 0.026041666666666668
0 0.22196804731900172 0.4720137344535045 0.01953125 0.026041666666666668
0 0.21111123980726465 0.47279620706696296 0.01953125 0.026041666666666668
0 0.21404551210773412 0.48179464212173606 0.01953125 0.026041666666666668
0 0.23546569990116134 0.48844565933613365 0.01953125 0.026041666666666668
0 0.2301840097603163 0.4888368956428628 0.01953125 0.026041666666666668
0 0.2246088923894243 0.4888368956428628 0.01953125 0.026041666666666668
0 0.24338823511242894 0.486098241495758 0.01953125 0.026041666666666668
0 0.23605255436125525 0.49822656700436524 0.01953125 0.026041666666666668
0 0.23928025389177168 0.49431420393707254 0.01953125 0.026041666666666668
0 0.2425079534222881 0.4954879128572603 0.01953125 0.026041666666666668
0 0.24837649802322712 0.4954879128572603 0.01953125 0.026041666666666668
0 0.2419210989621942 0.5005739848447407 0.01953125 0.026041666666666668
0 0.23751969051149 0.5080074746725968 0.01953125 0.026041666666666668
0 0.24690936187299237 0.5119198377398894 0.01953125 0.026041666666666668
0 0.22343518346923644 0.5146584918869942 0.01953125 0.026041666666666668
0 0.2102309581171238 0.5119198377398894 0.01953125 0.026041666666666668
0 0.07114645107487029 0.47279620706696296 0.01953125 0.026041666666666668
0 0.07232015999505809 0.47827351536117263 0.01953125 0.026041666666666668
0 0.07818870459599703 0.4790559879746312 0.01953125 0.026041666666666668
0 0.07701499567580924 0.48727195041594573 0.01953125 0.026041666666666668
0 0.26510185013590315 0.50096522115147 0.01953125 0.026041666666666668
0 0.2592333055349642 0.49900903961782367 0.01953125 0.026041666666666668
0 0.2627544322955276 0.5111373651264309 0.01953125 0.026041666666666668
0 0.271850676426983 0.4943142039370725 0.01953125 0.026041666666666668
0 0.26598213182604397 0.4888368956428628 0.01953125 0.026041666666666668
0 0.26070044168519896 0.4884456593361335 0.01953125 0.026041666666666668
0 0.2574727421546825 0.4790559879746312 0.01953125 0.026041666666666668
0 0.25277790647393134 0.4641890083189191 0.01953125 0.026041666666666668
0 0.2574727421546825 0.46223282678527283 0.01953125 0.026041666666666668
0 0.26128729614529284 0.4634065357054606 0.01953125 0.026041666666666668
0 0.26128729614529284 0.4712312618400458 0.01953125 0.026041666666666668
0 0.27009011304670133 0.475926097520797 0.01953125 0.026041666666666668
0 0.27566523041759333 0.4735786796804214 0.01953125 0.026041666666666668
0 0.271557249196936 0.4833595873486531 0.01953125 0.026041666666666668
0 0.277425793797875 0.4833595873486531 0.01953125 0.026041666666666668
0 0.27654551210773415 0.4939229676303432 0.01953125 0.026041666666666668
0 0.2841746200889548 0.4845332962688409 0.01953125 0.026041666666666668
0 0.28798917407956515 0.4884456593361335 0.01953125 0.026041666666666668
0 0.29473800037064496 0.4927492587101554 0.01953125 0.026041666666666668
0 0.29385771868050414 0.487663186722675 0.01953125 0.026041666666666668
0 0.2988459815913022 0.487663186722675 0.01953125 0.026041666666666668
0 0.30412767173214733 0.48727195041594573 0.01953125 0.026041666666666668
0 0.30354081727205345 0.5064425294456797 0.01953125 0.026041666666666668
0 0.3094093618729924 0.5166146734206406 0.01953125 0.026041666666666668
0 0.3097027891030393 0.49900903961782367 0.01953125 0.026041666666666668
0 0.30530138065233514 0.4974440943909066 0.01953125 0.026041666666666668
0 0.3111699252532741 0.4884456593361335 0.01953125 0.026041666666666668
0 0.3143976247837905 0.4974440943909066 0.01953125 0.026041666666666668
0 0.3223201599950581 0.49900903961782367 0.01953125 0.026041666666666668
0 0.3270149956758092 0.5091811835927845 0.01953125 0.026041666666666668
0 0.3337638219668891 0.5017476937649286 0.01953125 0.026041666666666668
0 0.3302426952063257 0.5037038752985749 0.01953125 0.026041666666666668
0 0.3410995027180627 0.5001827485380115 0.01953125 0.026041666666666668
0 0.3493154651593774 0.5001827485380115 0.01953125 0.026041666666666668
0 0.3560642914504571 0.5037038752985749 0.01953125 0.026041666666666668
0 0.36310654497158384 0.49900903961782367 0.01953125 0.026041666666666668
0 0.3713225074128985 0.5056600568322213 0.01953125 0.026041666666666668
0 0.3786581881640721 0.5052688205254918 0.01953125 0.026041666666666668
0 0.3654539628119595 0.5056600568322213 0.01953125 0.026041666666666668
0 0.37748447924388434 0.5166146734206406 0.01953125 0.026041666666666668
0 0.38716757783543365 0.5166146734206406 0.01953125 0.026041666666666668
0 0.3862872961452928 0.5052688205254918 0.01953125 0.026041666666666668
0 0.3836464510748703 0.49979151223128215 0.01953125 0.026041666666666668
0 0.3865807233753398 0.49235802240342613 0.01953125 0.026041666666666668
0 0.3783647609340252 0.49548791285726024 0.01953125 0.026041666666666668
0 0.37543048863355577 0.49157554978996765 0.01953125 0.026041666666666668
0 0.37689762478379046 0.4884456593361335 0.01953125 0.026041666666666668
0 0.3736699252532741 0.48492453257557017 0.01953125 0.026041666666666668
0 0.3798318970842599 0.48179464212173606 0.01953125 0.026041666666666668
0 0.3818858876945886 0.48492453257557017 0.01953125 0.026041666666666668
0 0.38746100506548053 0.48218587842846533 0.01953125 0.026041666666666668
0 0.38393987830491716 0.4794472242813605 0.01953125 0.026041666666666668
0 0.37631077032369653 0.47670857013425555 0.01953125 0.026041666666666668
0 0.368094807882382 0.47670857013425555 0.01953125 0.026041666666666668
0 0.3719093618729924 0.4747523886006093 0.01953125 0.026041666666666668
0 0.3733764980232271 0.47084002553331666 0.01953125 0.026041666666666668
0 0.379538469854213 0.46692766246602396 0.01953125 0.026041666666666668
0 0.36339997220163084 0.487663186722675 0.01953125 0.026041666666666668
0 0.356651145910551 0.49157554978996765 0.01953125 0.026041666666666668
0 0.34902203792933034 0.4845332962688409 0.01953125 0.026041666666666668
0 0.34197978440820365 0.4814034058150068 0.01953125 0.026041666666666668
0 0.3366980942673586 0.4833595873486531 0.01953125 0.026041666666666668
0 0.3334703947368421 0.4888368956428628 0.01953125 0.026041666666666668
0 0.32584128675562146 0.48688071410921646 0.01953125 0.026041666666666668
0 0.3205595966147764 0.4829683510419238 0.01953125 0.026041666666666668
0 0.2932708642204102 0.48218587842846533 0.01953125 0.026041666666666668
0 0.30031311774153696 0.480229696894819 0.01953125 0.026041666666666668
0 0.3067685168025698 0.4794472242813605 0.01953125 0.026041666666666668
0 0.29591170929083277 0.4747523886006093 0.01953125 0.026041666666666668
0 0.2900431646898937 0.47670857013425555 0.01953125 0.026041666666666668
0 0.2856417562391896 0.47318744337369223 0.01953125 0.026041666666666668
0 0.28124034778848533 0.4739699159871508 0.01953125 0.026041666666666668
0 0.27771922102792196 0.46497148093237767 0.01953125 0.026041666666666668
0 0.2724375308870769 0.459494172638168 0.01953125 0.026041666666666668
0 0.27009011304670133 0.45832046371798013 0.01953125 0.026041666666666668
0 0.26510185013590315 0.45753799110452165 0.01953125 0.026041666666666668
0 0.2518976247837905 0.44501842928918517 0.01953125 0.026041666666666668
0 0.25893987830491727 0.4430622477555388 0.01953125 0.026041666666666668
0 0.2639281412157154 0.44110606622189247 0.01953125 0.026041666666666668
0 0.26979668581665434 0.4430622477555388 0.01953125 0.026041666666666668
0 0.2744915214974055 0.4442359566757266 0.01953125 0.026041666666666668
0 0.27947978440820365 0.4430622477555388 0.01953125 0.026041666666666668
0 0.28945631022979984 0.44227977514208033 0.01953125 0.026041666666666668
0 0.305888235112429 0.446192138209373 0.01953125 0.026041666666666668
0 0.32906898628613795 0.44071482991516325 0.01953125 0.026041666666666668
0 0.3798318970842599 0.42702155917963897 0.01953125 0.026041666666666668
0 0.3801253243143069 0.4356287579276828 0.01953125 0.026041666666666668
0 0.3766041975537435 0.4348462853142243 0.01953125 0.026041666666666668
0 0.3824727421546825 0.4348462853142243 0.01953125 0.026041666666666668
0 0.2853483290091426 0.45675551849106316 0.01953125 0.026041666666666668
0 0.27771922102792196 0.4579292274112509 0.01953125 0.026041666666666668
0 0.2821206294786262 0.4551905732641461 0.01953125 0.026041666666666668
0 0.28886945576970596 0.459494172638168 0.01953125 0.026041666666666668
0 0.28916288299975296 0.4630152993987313 0.01953125 0.026041666666666668
0 0.2841746200889548 0.46497148093237767 0.01953125 0.026041666666666668
0 0.29268400976031633 0.4634065357054606 0.01953125 0.026041666666666668
0 0.29209715530022246 0.45675551849106316 0.01953125 0.026041666666666668
0 0.2979656999011614 0.46105911786508497 0.01953125 0.026041666666666668
0 0.30178025389177177 0.46888384399967026 0.01953125 0.026041666666666668
0 0.3029539628119596 0.45753799110452165 0.01953125 0.026041666666666668
0 0.305888235112429 0.45597304587760457 0.01953125 0.026041666666666668
0 0.3076487984927107 0.4540168643439582 0.01953125 0.026041666666666668
0 0.3097027891030393 0.4641890083189191 0.01953125 0.026041666666666668
0 0.305594807882382 0.46223282678527283 0.01953125 0.026041666666666668
0 0.30706194403261683 0.459494172638168 0.01953125 0.026041666666666668
0 0.3123436341734619 0.45832046371798013 0.01953125 0.026041666666666668
0 0.31351734309364965 0.45440810065068754 0.01953125 0.026041666666666668
0 0.3176253243143069 0.4677101350794825 0.01953125 0.026041666666666668
0 0.317038469854213 0.4571467547977924 0.01953125 0.026041666666666668
0 0.3226135872251051 0.4602766452516265 0.01953125 0.026041666666666668
0 0.32730842290585627 0.46145035417181424 0.01953125 0.026041666666666668
0 0.3199727421546825 0.46066788155835575 0.01953125 0.026041666666666668
0 0.3217333055349642 0.4512782101968533 0.01953125 0.026041666666666668
0 0.31146335248332097 0.44893079235647776 0.01953125 0.026041666666666668
0 0.29943283605139615 0.4512782101968533 0.01953125 0.026041666666666668
0 0.328188704595997 0.4512782101968533 0.01953125 0.026041666666666668
0 0.3314164041265135 0.44853955604974854 0.01953125 0.026041666666666668
0 0.3349375308870769 0.45832046371798013 0.01953125 0.026041666666666668
0 0.3525431646898937 0.46497148093237767 0.01953125 0.026041666666666668
0 0.3446206294786262 0.46223282678527283 0.01953125 0.026041666666666668
0 0.33933893933778103 0.459494172638168 0.01953125 0.026041666666666668
0 0.3431534933283914 0.4540168643439582 0.01953125 0.026041666666666668
0 0.3460877656288609 0.45675551849106316 0.01953125 0.026041666666666668
0 0.3493154651593774 0.46223282678527283 0.01953125 0.026041666666666668
0 0.334350676426983 0.4696663166131288 0.01953125 0.026041666666666668
0 0.3240807233753398 0.46653642615929475 0.01953125 0.026041666666666668
0 0.3199727421546825 0.4653627172391069 0.01953125 0.026041666666666668
0 0.3305361224363726 0.4653627172391069 0.01953125 0.026041666666666668
0 0.35489058253026934 0.47866475166790196 0.01953125 0.026041666666666668
0 0.3581182820607858 0.46888384399967026 0.01953125 0.026041666666666668
0 0.36310654497158384 0.47084002553331666 0.01953125 0.026041666666666668
0 0.3830595966147764 0.4587117000247094 0.01953125 0.026041666666666668
0 0.3736699252532741 0.459494172638168 0.01953125 0.026041666666666668
0 0.3692685168025698 0.46223282678527283 0.01953125 0.026041666666666668
0 0.36457368112181865 0.46145035417181424 0.01953125 0.026041666666666668
0 0.3557708642204102 0.45675551849106316 0.01953125 0.026041666666666668
0 0.3255478595255746 0.47475238860060925 0.01953125 0.026041666666666668
0 0.3366980942673586 0.47612171567416156 0.01953125 0.026041666666666668
0 0.3306828360513961 0.4757304793674324 0.01953125 0.026041666666666668
0 0.32158659191994077 0.47475238860060925 0.01953125 0.026041666666666668
0 0.34080607548801584 0.4661451898525654 0.01953125 0.026041666666666668
0 0.3380185168025699 0.4655583353924715 0.01953125 0.026041666666666668
0 0.3394856529528046 0.4549949551107814 0.01953125 0.026041666666666668
0 0.32496100506548065 0.4536256280372289 0.01953125 0.026041666666666668
0 0.30955607548801584 0.44873517420311315 0.01953125 0.026041666666666668
0 0.27962649802322714 0.47983846058808965 0.01953125 0.026041666666666668
0 0.2513107703236966 0.49685723993081266 0.01953125 0.026041666666666668
0 0.3500490332344947 0.4774910427477141 0.01953125 0.026041666666666668
0 0.3456476247837905 0.4720137344535044 0.01953125 0.026041666666666668
0 0.3400725074128985 0.4483439378963838 0.01953125 0.026041666666666668
0 0.3645736811218187 0.44932202866320714 0.01953125 0.026041666666666668
0 0.37425677971336796 0.45284315542377046 0.01953125 0.026041666666666668
0 0.38012532431430696 0.44814831974301933 0.01953125 0.026041666666666668
0 0.38980842290585627 0.4571467547977924 0.01953125 0.026041666666666668
0 0.39362297689646664 0.4571467547977924 0.01953125 0.026041666666666668
0 0.3827661693847295 0.46731889877275323 0.01953125 0.026041666666666668
0 0.38188588769458864 0.4735786796804215 0.01953125 0.026041666666666668
0 0.3942098313565605 0.4747523886006093 0.01953125 0.026041666666666668
0 0.38746100506548065 0.47436115229388004 0.01953125 0.026041666666666668
0 0.39861123980726465 0.48179464212173606 0.01953125 0.026041666666666668
0 0.39215584074623183 0.48101216950827747 0.01953125 0.026041666666666668
0 0.39509011304670133 0.49001060456305057 0.01953125 0.026041666666666668
0 0.4015455121077342 0.4892281319495921 0.01953125 0.026041666666666668
0 0.4053600660983445 0.5037038752985749 0.01953125 0.026041666666666668
0 0.3962638219668891 0.5044863479120334 0.01953125 0.026041666666666668
0 0.39509011304670133 0.5193533275677454 0.01953125 0.026041666666666668
0 0.41504316468989383 0.5228744543283087 0.01953125 0.026041666666666668
0 0.4132826013096122 0.5119198377398894 0.01953125 0.026041666666666668
0 0.4226722726711145 0.5189620912610161 0.01953125 0.026041666666666668
0 0.4297145261922412 0.5283517626225186 0.01953125 0.026041666666666668
0 0.4361699252532741 0.529134235235977 0.01953125 0.026041666666666668
0 0.4220854182110206 0.5522171773330036 0.01953125 0.026041666666666668
0 0.41592344638003464 0.5549558314801085 0.01953125 0.026041666666666668
0 0.4631652304175934 0.5385239065974794 0.01953125 0.026041666666666668
0 0.471087765628861 0.5299167078494356 0.01953125 0.026041666666666668
0 0.45465584074623183 0.5338290709167283 0.01953125 0.026041666666666668
0 0.4502544322955277 0.5201358001812039 0.01953125 0.026041666666666668
0 0.4584703947368422 0.5193533275677454 0.01953125 0.026041666666666668
0 0.4572966858166544 0.5091811835927845 0.01953125 0.026041666666666668
0 0.46903377501853233 0.5123110740466187 0.01953125 0.026041666666666668
0 0.46257837595749945 0.5025301663783871 0.01953125 0.026041666666666668
0 0.44996100506548065 0.5064425294456797 0.01953125 0.026041666666666668
0 0.4332356529528046 0.5107461288197016 0.01953125 0.026041666666666668
0 0.4217919909809736 0.5052688205254919 0.01953125 0.026041666666666668
0 0.43000795342228826 0.5001827485380115 0.01953125 0.026041666666666668
0 0.43793048863355577 0.5017476937649286 0.01953125 0.026041666666666668
0 0.44321217877440083 0.5021389300716578 0.01953125 0.026041666666666668
0 0.42824739004200657 0.5091811835927845 0.01953125 0.026041666666666668
0 0.4214985637509267 0.4990090396178237 0.01953125 0.026041666666666668
0 0.41122861069928346 0.4947054402438018 0.01953125 0.026041666666666668
0 0.40418635717815676 0.49314049501688473 0.01953125 0.026041666666666668
0 0.42384598159130227 0.49001060456305057 0.01953125 0.026041666666666668
0 0.431181662342476 0.4892281319495921 0.01953125 0.026041666666666668
0 0.4358764980232272 0.4919667860966969 0.01953125 0.026041666666666668
0 0.4452661693847295 0.48727195041594573 0.01953125 0.026041666666666668
0 0.44027790647393134 0.48101216950827747 0.01953125 0.026041666666666668
0 0.4355830707931802 0.48101216950827747 0.01953125 0.026041666666666668
0 0.43030138065233514 0.4790559879746312 0.01953125 0.026041666666666668
0 0.42678025389177177 0.48179464212173606 0.01953125 0.026041666666666668
0 0.42237884544106746 0.48179464212173606 0.01953125 0.026041666666666668
0 0.42560654497158396 0.4763173338275264 0.01953125 0.026041666666666668
0 0.41768400976031633 0.47827351536117263 0.01953125 0.026041666666666668
0 0.4077074839387201 0.47670857013425566 0.01953125 0.026041666666666668
0 0.40682720224857927 0.4829683510419238 0.01953125 0.026041666666666668
0 0.40007837595749945 0.47279620706696296 0.01953125 0.026041666666666668
0 0.40741405670867314 0.4716224981467752 0.01953125 0.026041666666666668
0 0.40389292994810977 0.46731889877275323 0.01953125 0.026041666666666668
0 0.39861123980726465 0.46575395354583615 0.01953125 0.026041666666666668
0 0.38863471398566846 0.4661451898525655 0.01953125 0.026041666666666668
0 0.3719093618729924 0.4661451898525655 0.01953125 0.026041666666666668
0 0.3689750895725229 0.452060682810312 0.01953125 0.026041666666666668
0 0.37924504262416614 0.4579292274112509 0.01953125 0.026041666666666668
0 0.3783647609340252 0.46105911786508497 0.01953125 0.026041666666666668
0 0.3601722726711145 0.46262406309200205 0.01953125 0.026041666666666668
0 0.3607591271312084 0.45284315542377046 0.01953125 0.026041666666666668
0 0.3566511459105511 0.4497132649699364 0.01953125 0.026041666666666668
0 0.351369455769706 0.4579292274112509 0.01953125 0.026041666666666668
0 0.3493154651593774 0.45440810065068754 0.01953125 0.026041666666666668
0 0.4581769675067952 0.4947054402438018 0.01953125 0.026041666666666668
0 0.45142814121571545 0.4919667860966969 0.01953125 0.026041666666666668
0 0.44966757783543376 0.48257711473519455 0.01953125 0.026041666666666668
0 0.4467333055349642 0.4763173338275264 0.01953125 0.026041666666666668
0 0.46433893933778114 0.4853157688822994 0.01953125 0.026041666666666668
0 0.46404551210773415 0.4770998064409849 0.01953125 0.026041666666666668
0 0.45935067642698296 0.4720137344535045 0.01953125 0.026041666666666668
0 0.45289527736595014 0.47670857013425566 0.01953125 0.026041666666666668
0 0.44790701445515196 0.46927508030639964 0.01953125 0.026041666666666668
0 0.44115818816407226 0.4700575529198581 0.01953125 0.026041666666666668
0 0.44027790647393134 0.4637977720121898 0.01953125 0.026041666666666668
0 0.4329422257227577 0.46653642615929475 0.01953125 0.026041666666666668
0 0.4279539628119595 0.46849260769294104 0.01953125 0.026041666666666668
0 0.41298917407956515 0.47084002553331666 0.01953125 0.026041666666666668
0 0.4106417562391896 0.46731889877275323 0.01953125 0.026041666666666668
0 0.41416288299975296 0.4661451898525655 0.01953125 0.026041666666666668
0 0.40653377501853233 0.46653642615929475 0.01953125 0.026041666666666668
0 0.4077074839387201 0.46184159047854356 0.01953125 0.026041666666666668
0 0.3989046670373117 0.4602766452516265 0.01953125 0.026041666666666668
0 0.4050666388682976 0.4571467547977924 0.01953125 0.026041666666666668
0 0.42560654497158396 0.4630152993987313 0.01953125 0.026041666666666668
0 0.430888235112429 0.4598854089448972 0.01953125 0.026041666666666668
0 0.4188577186805041 0.4579292274112509 0.01953125 0.026041666666666668
0 0.4209117092908328 0.46731889877275323 0.01953125 0.026041666666666668
0 0.41768400976031633 0.46653642615929475 0.01953125 0.026041666666666668
0 0.39010185013590326 0.4313251585536609 0.01953125 0.026041666666666668
0 0.40359950271806283 0.4368024668478707 0.01953125 0.026041666666666668
0 0.40037180318754634 0.4368024668478707 0.01953125 0.026041666666666668
0 0.39685067642698296 0.4301514496334731 0.01953125 0.026041666666666668
0 0.3956769675067952 0.4356287579276828 0.01953125 0.026041666666666668
0 0.39039527736595014 0.4422797751420804 0.01953125 0.026041666666666668
0 0.4006652304175934 0.45088697389012417 0.01953125 0.026041666666666668
0 0.39831781257721777 0.4501045012766656 0.01953125 0.026041666666666668
0 0.4071206294786262 0.44814831974301933 0.01953125 0.026041666666666668
0 0.4091746200889549 0.44814831974301933 0.01953125 0.026041666666666668
0 0.40565349332839146 0.43836741207478774 0.01953125 0.026041666666666668
0 0.40682720224857927 0.43171639486039015 0.01953125 0.026041666666666668
0 0.4103483290091427 0.43171639486039015 0.01953125 0.026041666666666668
0 0.41533659191994077 0.4438447203689974 0.01953125 0.026041666666666668
0 0.41563001914998776 0.43289010378057796 0.01953125 0.026041666666666668
0 0.41474973745984683 0.4289777407132853 0.01953125 0.026041666666666668
0 0.40946804731900177 0.42663032287290975 0.01953125 0.026041666666666668
0 0.40653377501853233 0.4207617782719708 0.01953125 0.026041666666666668
0 0.431181662342476 0.4176318878181367 0.01953125 0.026041666666666668
0 0.43793048863355577 0.41880559673832446 0.01953125 0.026041666666666668
0 0.4437990332344947 0.4164581788979489 0.01953125 0.026041666666666668
0 0.44820044168519896 0.41684941520467816 0.01953125 0.026041666666666668
0 0.45113471398566846 0.4164581788979489 0.01953125 0.026041666666666668
0 0.45612297689646664 0.41880559673832446 0.01953125 0.026041666666666668
0 0.45935067642698296 0.4176318878181367 0.01953125 0.026041666666666668
0 0.4614046670373117 0.41919683304505373 0.01953125 0.026041666666666668
0 0.4244328360513962 0.45440810065068754 0.01953125 0.026041666666666668
0 0.42560654497158396 0.4579292274112509 0.01953125 0.026041666666666668
0 0.42912767173214733 0.45284315542377046 0.01953125 0.026041666666666668
0 0.4314750895725229 0.45284315542377046 0.01953125 0.026041666666666668
0 0.44027790647393134 0.45245191911704125 0.01953125 0.026041666666666668
0 0.4347027891030394 0.453625628037229 0.01953125 0.026041666666666668
0 0.38467344638003464 0.47025317107322273 0.01953125 0.026041666666666668
0 0.3923025543612553 0.4675145169261179 0.01953125 0.026041666666666668
0 0.3812990332344947 0.4757304793674324 0.01953125 0.026041666666666668
0 0.4085877656288609 0.4401279754550694 0.01953125 0.026041666666666668
0 0.4002250895725229 0.44130168437525713 0.01953125 0.026041666666666668
0 0.4030126482579689 0.4432578659089035 0.01953125 0.026041666666666668
0 0.4118154651593774 0.4432578659089035 0.01953125 0.026041666666666668
0 0.41812415060538677 0.44071482991516325 0.01953125 0.026041666666666668
0 0.41797743699036327 0.4186099785849598 0.01953125 0.026041666666666668
0 0.422232131826044 0.4166537970513135 0.01953125 0.026041666666666668
0 0.4235525543612553 0.42506537764599267 0.01953125 0.026041666666666668
0 0.4561229768964666 0.4681013713862117 0.01953125 0.026041666666666668
0 0.453482131826044 0.46203720863190817 0.01953125 0.026041666666666668
0 0.44981429145045715 0.4602766452516265 0.01953125 0.026041666666666668
0 0.4533354182110205 0.45812484556461547 0.01953125 0.026041666666666668
0 0.4512814276006919 0.4547993369574168 0.01953125 0.026041666666666668
0 0.44805372807017546 0.453625628037229 0.01953125 0.026041666666666668
0 0.45568283605139615 0.45030011943003023 0.01953125 0.026041666666666668
0 0.45670983135656046 0.4547993369574168 0.01953125 0.026041666666666668
0 0.4575901130467013 0.46164597232517895 0.01953125 0.026041666666666668
0 0.462138235112429 0.45675551849106316 0.01953125 0.026041666666666668
0 0.4627250895725229 0.4661451898525654 0.01953125 0.026041666666666668
0 0.47548917407956515 0.4747523886006093 0.01953125 0.026041666666666668
0 0.4703541975537435 0.46888384399967026 0.01953125 0.026041666666666668
0 0.4732884698542131 0.46575395354583615 0.01953125 0.026041666666666668
0 0.46918048863355577 0.4634065357054606 0.01953125 0.026041666666666668
0 0.46419222572275765 0.46164597232517895 0.01953125 0.026041666666666668
0 0.46536593464294546 0.45303877357713507 0.01953125 0.026041666666666668
0 0.4765161693847295 0.46184159047854356 0.01953125 0.026041666666666668
0 0.4721147609340252 0.45636428218433384 0.01953125 0.026041666666666668
0 0.4518682820607858 0.4459965200560083 0.01953125 0.026041666666666668
0 0.44893400976031633 0.44482281113582056 0.01953125 0.026041666666666668
0 0.4474668736100816 0.44149730252862174 0.01953125 0.026041666666666668
0 0.4446793149246355 0.4432578659089035 0.01953125 0.026041666666666668
0 0.4374903477884853 0.44853955604974854 0.01953125 0.026041666666666668
0 0.4297145261922412 0.4481483197430192 0.01953125 0.026041666666666668
0 0.42164527736595014 0.4481483197430192 0.01953125 0.026041666666666668
0 0.44908072337533983 0.4962703854707189 0.01953125 0.026041666666666668
0 0.45494926797627877 0.48218587842846533 0.01953125 0.026041666666666668
0 0.4831182820607858 0.49353173132361405 0.01953125 0.026041666666666668
0 0.4702074839387201 0.49353173132361405 0.01953125 0.026041666666666668
0 0.4663929299481097 0.4954879128572603 0.01953125 0.026041666666666668
0 0.47842344638003464 0.4962703854707189 0.01953125 0.026041666666666668
0 0.4760760285396591 0.48648947780248725 0.01953125 0.026041666666666668
0 0.4725549017790957 0.4880544230294042 0.01953125 0.026041666666666668
0 0.4834117092908328 0.47749104274771415 0.01953125 0.026041666666666668
0 0.4795971553002224 0.4751436249073386 0.01953125 0.026041666666666668
0 0.4804774369903633 0.46888384399967026 0.01953125 0.026041666666666668
0 0.4837051365208797 0.47084002553331666 0.01953125 0.026041666666666668
0 0.4919210989621942 0.47240497076023374 0.01953125 0.026041666666666668
0 0.4860525543612553 0.4661451898525655 0.01953125 0.026041666666666668
0 0.4813577186805041 0.46262406309200205 0.01953125 0.026041666666666668
0 0.4804774369903633 0.45636428218433384 0.01953125 0.026041666666666668
0 0.493094807882382 0.48727195041594573 0.01953125 0.026041666666666668
0 0.48634598159130227 0.4997915122312822 0.01953125 0.026041666666666668
0 0.49280138065233514 0.4919667860966969 0.01953125 0.026041666666666668
0 0.4966159346429455 0.499400275924553 0.01953125 0.026041666666666668
0 0.4857591271312084 0.5154409645004527 0.01953125 0.026041666666666668
0 0.47519574684951826 0.514267255580265 0.01953125 0.026041666666666668
0 0.47842344638003464 0.5279605263157893 0.01953125 0.026041666666666668
0 0.4889868266617247 0.529134235235977 0.01953125 0.026041666666666668
0 0.4951487984927107 0.5377414339840209 0.01953125 0.026041666666666668
0 0.5039516153941191 0.5306991804628941 0.01953125 0.026041666666666668
0 0.4983764980232272 0.5209182727946625 0.01953125 0.026041666666666668
0 0.49808307079318015 0.5087899472860553 0.01953125 0.026041666666666668
0 0.5051253243143069 0.5060512931389505 0.01953125 0.026041666666666668
0 0.5130478595255745 0.5263955810888722 0.01953125 0.026041666666666668
0 0.52214410365703 0.5342203072234575 0.01953125 0.026041666666666668
0 0.5077661693847295 0.5647367391483401 0.01953125 0.026041666666666668
0 0.5224375308870769 0.5612156123877767 0.01953125 0.026041666666666668
0 0.5327074839387201 0.5318728893830819 0.01953125 0.026041666666666668
0 0.5371088923894244 0.517397146034099 0.01953125 0.026041666666666668
0 0.521850676426983 0.5154409645004527 0.01953125 0.026041666666666668
0 0.5118741506053868 0.5103548925129723 0.01953125 0.026041666666666668
0 0.5236112398072647 0.5037038752985749 0.01953125 0.026041666666666668
0 0.5294797844082036 0.5076162383658674 0.01953125 0.026041666666666668
0 0.5353483290091425 0.5072250020591382 0.01953125 0.026041666666666668
0 0.5306534933283914 0.4970528580841774 0.01953125 0.026041666666666668
0 0.5203835402767483 0.4947054402438018 0.01953125 0.026041666666666668
0 0.5168624135161849 0.4947054402438018 0.01953125 0.026041666666666668
0 0.5101135872251051 0.49666162177744816 0.01953125 0.026041666666666668
0 0.5039516153941191 0.4970528580841774 0.01953125 0.026041666666666668
0 0.5051253243143069 0.4888368956428628 0.01953125 0.026041666666666668
0 0.4969093618729924 0.4888368956428628 0.01953125 0.026041666666666668
0 0.49778964356313327 0.48257711473519455 0.01953125 0.026041666666666668
0 0.5004304886335558 0.47749104274771415 0.01953125 0.026041666666666668
0 0.493094807882382 0.48179464212173606 0.01953125 0.026041666666666668
0 0.48722626328144303 0.48257711473519455 0.01953125 0.026041666666666668
0 0.5013107703236966 0.47084002553331666 0.01953125 0.026041666666666668
0 0.5074727421546825 0.48101216950827747 0.01953125 0.026041666666666668
0 0.5092333055349642 0.4720137344535044 0.01953125 0.026041666666666668
0 0.5051253243143069 0.4735786796804215 0.01953125 0.026041666666666668
0 0.5054187515443539 0.465362717239107 0.01953125 0.026041666666666668
0 0.4969093618729924 0.47084002553331666 0.01953125 0.026041666666666668
0 0.4954422257227577 0.47436115229388004 0.01953125 0.026041666666666668
0 0.5127544322955275 0.46888384399967026 0.01953125 0.026041666666666668
0 0.5136347139856684 0.46184159047854356 0.01953125 0.026041666666666668
0 0.5200901130467013 0.4770998064409849 0.01953125 0.026041666666666668
0 0.521850676426983 0.4716224981467752 0.01953125 0.026041666666666668
0 0.5262520848776873 0.46731889877275323 0.01953125 0.026041666666666668
0 0.5341746200889548 0.4798384605880897 0.01953125 0.026041666666666668
0 0.5294797844082036 0.48179464212173606 0.01953125 0.026041666666666668
0 0.5353483290091425 0.4880544230294042 0.01953125 0.026041666666666668
0 0.5376957468495183 0.4751436249073386 0.01953125 0.026041666666666668
0 0.5359351834692364 0.46653642615929475 0.01953125 0.026041666666666668
0 0.5318272022485792 0.4641890083189191 0.01953125 0.026041666666666668
0 0.5247849487274524 0.45832046371798013 0.01953125 0.026041666666666668
0 0.5209703947368421 0.45597304587760457 0.01953125 0.026041666666666668
0 0.5268389393377811 0.45284315542377046 0.01953125 0.026041666666666668
0 0.5277192210279219 0.4504957375833949 0.01953125 0.026041666666666668
0 0.5306534933283914 0.4516694465035827 0.01953125 0.026041666666666668
0 0.5335877656288609 0.4497132649699364 0.01953125 0.026041666666666668
0 0.5356417562391895 0.4555818095708753 0.01953125 0.026041666666666668
0 0.5365220379293305 0.44775708343629006 0.01953125 0.026041666666666668
0 0.4907473900420064 0.4641890083189191 0.01953125 0.026041666666666668
0 0.48869339943167783 0.47279620706696296 0.01953125 0.026041666666666668
0 0.48810654497158396 0.4681013713862117 0.01953125 0.026041666666666668
0 0.49778964356313327 0.46262406309200205 0.01953125 0.026041666666666668
0 0.49426851680256995 0.4637977720121898 0.01953125 0.026041666666666668
0 0.4954422257227577 0.4598854089448972 0.01953125 0.026041666666666668
0 0.48986710835186564 0.4587117000247094 0.01953125 0.026041666666666668
0 0.48722626328144303 0.45597304587760457 0.01953125 0.026041666666666668
0 0.4839985637509267 0.4598854089448972 0.01953125 0.026041666666666668
0 0.48487884544106746 0.45284315542377046 0.01953125 0.026041666666666668
0 0.482238000370645 0.4497132649699364 0.01953125 0.026041666666666668
0 0.4860525543612553 0.4489307923564778 0.01953125 0.026041666666666668
0 0.4901605355819125 0.44814831974301933 0.01953125 0.026041666666666668
0 0.48869339943167783 0.45245191911704125 0.01953125 0.026041666666666668
0 0.49162767173214733 0.45323439173049973 0.01953125 0.026041666666666668
0 0.493388235112429 0.4516694465035827 0.01953125 0.026041666666666668
0 0.4969093618729924 0.45284315542377046 0.01953125 0.026041666666666668
0 0.5021910520138374 0.4598854089448972 0.01953125 0.026041666666666668
0 0.5039516153941191 0.4516694465035827 0.01953125 0.026041666666666668
0 0.470794338398814 0.4352375216209536 0.01953125 0.026041666666666668
0 0.45172156844576233 0.4368024668478707 0.01953125 0.026041666666666668
0 0.447907014455152 0.4379761757680584 0.01953125 0.026041666666666668
0 0.4393976247837906 0.43914988468824623 0.01953125 0.026041666666666668
0 0.44027790647393134 0.43641123054114134 0.01953125 0.026041666666666668
0 0.4361699252532741 0.4368024668478707 0.01953125 0.026041666666666668
0 0.4332356529528046 0.43249886747384875 0.01953125 0.026041666666666668
0 0.43528964356313327 0.43093392224693167 0.01953125 0.026041666666666668
0 0.43294222572275765 0.4258478502594512 0.01953125 0.026041666666666668
0 0.42912767173214733 0.42428290503253413 0.01953125 0.026041666666666668
0 0.4276605355819126 0.42428290503253413 0.01953125 0.026041666666666668
0 0.4408647609340252 0.4274127954863683 0.01953125 0.026041666666666668
0 0.45113471398566846 0.42467414133926346 0.01953125 0.026041666666666668
0 0.44291875154435395 0.425456613952722 0.01953125 0.026041666666666668
0 0.46433893933778114 0.4211530145787001 0.01953125 0.026041666666666668
0 0.46903377501853233 0.4211530145787001 0.01953125 0.026041666666666668
0 0.46609950271806283 0.42702155917963897 0.01953125 0.026041666666666668
0 0.4743154651593774 0.4199793056585123 0.01953125 0.026041666666666668
0 0.47695631022979995 0.41841436043159524 0.01953125 0.026041666666666668
0 0.4813577186805041 0.41489323367103187 0.01953125 0.026041666666666668
0 0.47754316468989383 0.41450199736430254 0.01953125 0.026041666666666668
0 0.4907473900420064 0.42467414133926346 0.01953125 0.026041666666666668
0 0.4851722726711145 0.41880559673832446 0.01953125 0.026041666666666668
0 0.48839997220163084 0.4160669425912196 0.01953125 0.026041666666666668
0 0.49456194403261683 0.41450199736430254 0.01953125 0.026041666666666668
0 0.4919210989621942 0.4156757062844904 0.01953125 0.026041666666666668
0 0.49925677971336796 0.41489323367103187 0.01953125 0.026041666666666668
0 0.49426851680256995 0.4238916687258049 0.01953125 0.026041666666666668
0 0.4810642914504572 0.4379761757680584 0.01953125 0.026041666666666668
0 0.47813001914998776 0.4340638127007657 0.01953125 0.026041666666666668
0 0.47490231961947127 0.4352375216209536 0.01953125 0.026041666666666668
0 0.47666288299975296 0.43836741207478774 0.01953125 0.026041666666666668
0 0.4760760285396591 0.441888538835351 0.01953125 0.026041666666666668
0 0.46727321163825064 0.4489307923564778 0.01953125 0.026041666666666668
0 0.49955020694341495 0.43249886747384875 0.01953125 0.026041666666666668
0 0.49280138065233514 0.4340638127007657 0.01953125 0.026041666666666668
0 0.4907473900420064 0.43093392224693167 0.01953125 0.026041666666666668
0 0.4282473900420065 0.4342594308541303 0.01953125 0.026041666666666668
0 0.42457954966641964 0.440323593608434 0.01953125 0.026041666666666668
0 0.4465865919199407 0.44756146528292534 0.01953125 0.026041666666666668
0 0.4263401130467013 0.4452140474425497 0.01953125 0.026041666666666668
0 0.4088811928589079 0.4544081006506875 0.01953125 0.026041666666666668
0 0.42369926797627877 0.46888384399967026 0.01953125 0.026041666666666668
0 0.4207649956758093 0.473774297833786 0.01953125 0.026041666666666668
0 0.45128142760069195 0.428586504406556 0.01953125 0.026041666666666668
0 0.4476135872251051 0.42115301457869997 0.01953125 0.026041666666666668
0 0.4316218031875464 0.43543313977431813 0.01953125 0.026041666666666668
0 0.42061828206078583 0.4362156123877767 0.01953125 0.026041666666666668
0 0.4793037280701755 0.45030011943003023 0.01953125 0.026041666666666668
0 0.476662882999753 0.45303877357713507 0.01953125 0.026041666666666668
0 0.47284832900914264 0.4602766452516264 0.01953125 0.026041666666666668
0 0.4619915214974056 0.4293689770200146 0.01953125 0.026041666666666668
0 0.5209703947368421 0.449322028663207 0.01953125 0.026041666666666668
0 0.544738000370645 0.4565599003376984 0.01953125 0.026041666666666668
0 0.5410701599950581 0.4569511366444277 0.01953125 0.026041666666666668
0 0.5410701599950581 0.46692766246602396 0.01953125 0.026041666666666668
0 0.5379891740795653 0.4702531710732227 0.01953125 0.026041666666666668
0 0.5494328360513963 0.47142687999341043 0.01953125 0.026041666666666668
0 0.5473788454410676 0.4778822790544433 0.01953125 0.026041666666666668
0 0.5426840097603164 0.4823814965818299 0.01953125 0.026041666666666668
0 0.5382826013096121 0.4800340787414543 0.01953125 0.026041666666666668
0 0.5464985637509268 0.4890325137962274 0.01953125 0.026041666666666668
0 0.5420971553002225 0.4952922947038956 0.01953125 0.026041666666666668
0 0.550313117741537 0.4862938596491226 0.01953125 0.026041666666666668
0 0.55339410365703 0.48453329626884084 0.01953125 0.026041666666666668
0 0.555888235112429 0.476512951980891 0.01953125 0.026041666666666668
0 0.5542743853471709 0.46790575323284705 0.01953125 0.026041666666666668
0 0.5523671083518658 0.4624284449386374 0.01953125 0.026041666666666668
0 0.5569152304175934 0.4610591178650849 0.01953125 0.026041666666666668
0 0.5594093618729924 0.45558180957087524 0.01953125 0.026041666666666668
0 0.550313117741537 0.45460371880405215 0.01953125 0.026041666666666668
0 0.5445912867556215 0.4520606828103119 0.01953125 0.026041666666666668
0 0.5416570144551521 0.45010450127666557 0.01953125 0.026041666666666668
0 0.5445912867556215 0.4487351742031131 0.01953125 0.026041666666666668
0 0.5426840097603164 0.4454096655959144 0.01953125 0.026041666666666668
0 0.5406300191499878 0.44599652005600826 0.01953125 0.026041666666666668
0 0.5319739158636028 0.4452140474425497 0.01953125 0.026041666666666668
0 0.5288929299481099 0.44658337451610214 0.01953125 0.026041666666666668
0 0.5262520848776873 0.4446271929824559 0.01953125 0.026041666666666668
0 0.513488000370645 0.4252609957993572 0.01953125 0.026041666666666668
0 0.5148084229058563 0.4197836875051475 0.01953125 0.026041666666666668
0 0.5133412867556215 0.4162625607445842 0.01953125 0.026041666666666668
0 0.5195032585866075 0.41743626966477193 0.01953125 0.026041666666666668
0 0.5199433994316779 0.4143063792109378 0.01953125 0.026041666666666668
0 0.5083530238448234 0.4143063792109378 0.01953125 0.026041666666666668
0 0.5155419909809736 0.41450199736430243 0.01953125 0.026041666666666668
0 0.5033647609340253 0.4188055967383244 0.01953125 0.026041666666666668
0 0.4947086576476403 0.42076177827197075 0.01953125 0.026041666666666668
0 0.46037767173214733 0.4860982414957578 0.01953125 0.026041666666666668
0 0.45979081727205345 0.42682594102627425 0.01953125 0.026041666666666668
0 0.4994034933283915 0.43914988468824606 0.01953125 0.026041666666666668
0 0.5018976247837905 0.4358243760810474 0.01953125 0.026041666666666668
0 0.5409234463800346 0.41332828844411473 0.01953125 0.026041666666666668
0 0.5394563102298 0.4166537970513134 0.01953125 0.026041666666666668
0 0.5346147609340253 0.4156757062844903 0.01953125 0.026041666666666668
0 0.5318272022485793 0.4146976155176671 0.01953125 0.026041666666666668
0 0.5303600660983446 0.41645817889794884 0.01953125 0.026041666666666668
0 0.5281593618729924 0.4180231241248659 0.01953125 0.026041666666666668
0 0.5250783759574995 0.419001214891689 0.01953125 0.026041666666666668
0 0.5164222726711145 0.457342372951157 0.01953125 0.026041666666666668
0 0.5161288454410676 0.4729918252203275 0.01953125 0.026041666666666668
0 0.5400431646898939 0.46066788155835564 0.01953125 0.026041666666666668
0 0.5467919909809738 0.4364112305411412 0.01953125 0.026041666666666668
0 0.5504598313565605 0.4409104480685278 0.01953125 0.026041666666666668
0 0.5557415214974056 0.43778055761469375 0.01953125 0.026041666666666668
0 0.558969221027922 0.43484628531422415 0.01953125 0.026041666666666668
0 0.5507532585866075 0.43034706778683773 0.01953125 0.026041666666666668
0 0.5541276717321474 0.42760841363973284 0.01953125 0.026041666666666668
0 0.5431241506053869 0.4254566139527219 0.01953125 0.026041666666666668
0 0.547818986286138 0.4172406515114073 0.01953125 0.026041666666666668
0 0.544738000370645 0.41860997858495974 0.01953125 0.026041666666666668
0 0.5130478595255746 0.44893079235647776 0.01953125 0.026041666666666668
0 0.5115807233753399 0.4454096655959144 0.01953125 0.026041666666666668
0 0.5227309581171239 0.4348462853142243 0.01953125 0.026041666666666668
0 0.5608764980232271 0.46262406309200205 0.01953125 0.026041666666666668
0 0.5664516153941193 0.4555818095708753 0.01953125 0.026041666666666668
0 0.5708530238448234 0.45988540894489716 0.01953125 0.026041666666666668
0 0.5670384698542131 0.4637977720121898 0.01953125 0.026041666666666668
0 0.5652779064739315 0.468492607692941 0.01953125 0.026041666666666668
0 0.5652779064739315 0.475926097520797 0.01953125 0.026041666666666668
0 0.5687990332344949 0.4727962070669629 0.01953125 0.026041666666666668
0 0.5717333055349643 0.4712312618400458 0.01953125 0.026041666666666668
0 0.5737872961452929 0.46731889877275323 0.01953125 0.026041666666666668
0 0.5776018501359033 0.46575395354583615 0.01953125 0.026041666666666668
0 0.5778952773659503 0.4575379911045216 0.01953125 0.026041666666666668
0 0.5770149956758094 0.4528431554237704 0.01953125 0.026041666666666668
0 0.5825901130467014 0.4583204637179801 0.01953125 0.026041666666666668
0 0.5720267327650111 0.45401686434395816 0.01953125 0.026041666666666668
0 0.5723201599950581 0.4821858784284652 0.01953125 0.026041666666666668
0 0.5667450426241661 0.4845332962688409 0.01953125 0.026041666666666668
0 0.5690924604645418 0.4837508236553824 0.01953125 0.026041666666666668
0 0.5599962163330864 0.4841420599621116 0.01953125 0.026041666666666668
0 0.5605830707931803 0.4892281319495921 0.01953125 0.026041666666666668
0 0.5679187515443539 0.49666162177744805 0.01953125 0.026041666666666668
0 0.5597027891030394 0.5037038752985749 0.01953125 0.026041666666666668
0 0.5582356529528048 0.5146584918869942 0.01953125 0.026041666666666668
0 0.5535408172720535 0.5256131084754136 0.01953125 0.026041666666666668
0 0.5409234463800348 0.5334378346099989 0.01953125 0.026041666666666668
0 0.5409234463800348 0.5127023103533478 0.01953125 0.026041666666666668
0 0.5423905825302694 0.5463486327320647 0.01953125 0.026041666666666668
0 0.5441511459105511 0.5549558314801084 0.01953125 0.026041666666666668
0 0.5409234463800348 0.5623893213079644 0.01953125 0.026041666666666668
0 0.5532473900420065 0.5561295404002963 0.01953125 0.026041666666666668
0 0.5617567797133681 0.5604331397743182 0.01953125 0.026041666666666668
0 0.5638107703236966 0.5252218721686843 0.01953125 0.026041666666666668
0 0.5488459815913023 0.5416537970513134 0.01953125 0.026041666666666668
0 0.572613587225105 0.5322641256898111 0.01953125 0.026041666666666668
0 0.5814164041265136 0.5526084136397329 0.01953125 0.026041666666666668
0 0.5858178125772178 0.5326553619965403 0.01953125 0.026041666666666668
0 0.5875783759574995 0.5236569269417674 0.01953125 0.026041666666666668
0 0.5781887045959971 0.5166146734206406 0.01953125 0.026041666666666668
0 0.5705595966147765 0.5103548925129723 0.01953125 0.026041666666666668
0 0.5802426952063259 0.5021389300716578 0.01953125 0.026041666666666668
0 0.573493868915246 0.49509667655053097 0.01953125 0.026041666666666668
0 0.578775559056091 0.4841420599621116 0.01953125 0.026041666666666668
0 0.589925793797875 0.4884456593361335 0.01953125 0.026041666666666668
0 0.58464410365703 0.49470544024380175 0.01953125 0.026041666666666668
0 0.596087765628861 0.5044863479120333 0.01953125 0.026041666666666668
0 0.5887520848776873 0.4978353306976358 0.01953125 0.026041666666666668
0 0.5852309581171239 0.5119198377398894 0.01953125 0.026041666666666668
0 0.589925793797875 0.5201358001812039 0.01953125 0.026041666666666668
0 0.5949140567086733 0.5181796186475577 0.01953125 0.026041666666666668
0 0.6028365919199409 0.5119198377398894 0.01953125 0.026041666666666668
0 0.6092919909809738 0.515832200807182 0.01953125 0.026041666666666668
0 0.6078248548307389 0.5303079441561648 0.01953125 0.026041666666666668
0 0.618388235112429 0.5299167078494355 0.01953125 0.026041666666666668
0 0.6063577186805043 0.5526084136397329 0.01953125 0.026041666666666668
0 0.5949140567086733 0.561606848694506 0.01953125 0.026041666666666668
0 0.5905126482579689 0.4735786796804214 0.01953125 0.026041666666666668
0 0.5825901130467014 0.47475238860060925 0.01953125 0.026041666666666668
0 0.5855243853471709 0.4645802446256484 0.01953125 0.026041666666666668
0 0.5949140567086733 0.4802296968948189 0.01953125 0.026041666666666668
0 0.601662882999753 0.4837508236553824 0.01953125 0.026041666666666668
0 0.6037168736100816 0.49079307717650905 0.01953125 0.026041666666666668
0 0.6113459815913023 0.49040184086977984 0.01953125 0.026041666666666668
0 0.6081182820607859 0.4810121695082774 0.01953125 0.026041666666666668
0 0.6157473900420065 0.5072250020591381 0.01953125 0.026041666666666668
0 0.6048905825302694 0.50096522115147 0.01953125 0.026041666666666668
0 0.6223495027180628 0.5076162383658674 0.01953125 0.026041666666666668
0 0.6292450426241661 0.5244393995552258 0.01953125 0.026041666666666668
0 0.6381945731405981 0.5103548925129723 0.01953125 0.026041666666666668
0 0.6280713337039784 0.5050732023721273 0.01953125 0.026041666666666668
0 0.6220560754880159 0.500378366691376 0.01953125 0.026041666666666668
0 0.6145736811218188 0.491379931636603 0.01953125 0.026041666666666668
0 0.6145736811218188 0.48590262334239326 0.01953125 0.026041666666666668
0 0.6154539628119595 0.47436115229388 0.01953125 0.026041666666666668
0 0.621175793797875 0.48375082365538224 0.01953125 0.026041666666666668
0 0.6260173430936496 0.4794472242813604 0.01953125 0.026041666666666668
0 0.6292450426241661 0.48590262334239326 0.01953125 0.026041666666666668
0 0.6323260285396591 0.4812077876616421 0.01953125 0.026041666666666668
0 0.6368741506053868 0.4823814965818299 0.01953125 0.026041666666666668
0 0.6323260285396591 0.493531731323614 0.01953125 0.026041666666666668
0 0.6406887045959971 0.49998713038464676 0.01953125 0.026041666666666668
0 0.6535995027180628 0.5215051272547563 0.01953125 0.026041666666666668
0 0.6544797844082038 0.5109417469730663 0.01953125 0.026041666666666668
0 0.6628424604645416 0.5093768017461492 0.01953125 0.026041666666666668
0 0.6609351834692366 0.4972484762375419 0.01953125 0.026041666666666668
0 0.6537462163330864 0.49255364055679074 0.01953125 0.026041666666666668
0 0.6459703947368421 0.493531731323614 0.01953125 0.026041666666666668
0 0.6455302538917718 0.4862938596491226 0.01953125 0.026041666666666668
0 0.6513987984927107 0.4823814965818299 0.01953125 0.026041666666666668
0 0.64376969051149 0.47807789720780797 0.01953125 0.026041666666666668
0 0.6490513806523351 0.4745567704472446 0.01953125 0.026041666666666668
0 0.6500783759574995 0.468492607692941 0.01953125 0.026041666666666668
0 0.6562403477884854 0.4794472242813604 0.01953125 0.026041666666666668
0 0.6618154651593774 0.47181811630013976 0.01953125 0.026041666666666668
0 0.6569739158636028 0.46712328061938857 0.01953125 0.026041666666666668
0 0.664749737459847 0.46575395354583615 0.01953125 0.026041666666666668
0 0.6618154651593774 0.45773360925788625 0.01953125 0.026041666666666668
0 0.6580009111687671 0.4563642821843337 0.01953125 0.026041666666666668
0 0.6578541975537436 0.4520606828103119 0.01953125 0.026041666666666668
0 0.6556534933283915 0.4571467547977923 0.01953125 0.026041666666666668
0 0.6534527891030394 0.4614503541718142 0.01953125 0.026041666666666668
0 0.6537462163330864 0.46458024462564834 0.01953125 0.026041666666666668
0 0.6489046670373116 0.462624063092002 0.01953125 0.026041666666666668
0 0.6411288454410676 0.4639933901655544 0.01953125 0.026041666666666668
0 0.6418624135161849 0.46947069845976414 0.01953125 0.026041666666666668
0 0.6381945731405981 0.46888384399967026 0.01953125 0.026041666666666668
0 0.6310056060044478 0.47181811630013976 0.01953125 0.026041666666666668
0 0.6283647609340254 0.47220935260686897 0.01953125 0.026041666666666668
0 0.6222027891030394 0.47044878922658734 0.01953125 0.026041666666666668
0 0.6188283759574995 0.4686882258463056 0.01953125 0.026041666666666668
0 0.6053307233753399 0.46575395354583615 0.01953125 0.026041666666666668
0 0.6019563102297999 0.46751451692611784 0.01953125 0.026041666666666668
0 0.6029833055349643 0.4763173338275262 0.01953125 0.026041666666666668
0 0.5946206294786262 0.47005755291985807 0.01953125 0.026041666666666668
0 0.5820032585866074 0.46575395354583615 0.01953125 0.026041666666666668
0 0.6056241506053868 0.4532343917304997 0.01953125 0.026041666666666668
0 0.592419925253274 0.42956459517337914 0.01953125 0.026041666666666668
0 0.5636640567086733 0.4483439378963838 0.01953125 0.026041666666666668
0 0.5736405825302694 0.4497132649699363 0.01953125 0.026041666666666668
0 0.5668917562391895 0.4461921382093729 0.01953125 0.026041666666666668
0 0.5780419909809738 0.44795270158965456 0.01953125 0.026041666666666668
0 0.5709997374598469 0.4442359566757266 0.01953125 0.026041666666666668
0 0.6089985637509266 0.46145035417181424 0.01953125 0.026041666666666668
0 0.6148671083518656 0.4641890083189191 0.01953125 0.026041666666666668
0 0.618388235112429 0.46262406309200205 0.01953125 0.026041666666666668
0 0.6219093618729925 0.46262406309200205 0.01953125 0.026041666666666668
0 0.630125324314307 0.4598854089448972 0.01953125 0.026041666666666668
0 0.6257239158636028 0.46105911786508497 0.01953125 0.026041666666666668
0 0.6178013806523351 0.4547993369574168 0.01953125 0.026041666666666668
0 0.61251969051149 0.4559730458776045 0.01953125 0.026041666666666668
0 0.6104656999011615 0.45010450127666557 0.01953125 0.026041666666666668
0 0.6025431646898939 0.4461921382093729 0.01953125 0.026041666666666668
0 0.5969680473190018 0.4434534840622681 0.01953125 0.026041666666666668
0 0.5805361224363728 0.4434534840622681 0.01953125 0.026041666666666668
0 0.5896323665678281 0.4438447203689973 0.01953125 0.026041666666666668
0 0.5808295496664198 0.4516694465035826 0.01953125 0.026041666666666668
0 0.5664516153941193 0.43601999423441207 0.01953125 0.026041666666666668
0 0.5629304886335559 0.4321076311671195 0.01953125 0.026041666666666668
0 0.561463352483321 0.42467414133926334 0.01953125 0.026041666666666668
0 0.5409234463800346 0.4297602133267439 0.01953125 0.026041666666666668
0 0.545031427600692 0.4321076311671195 0.01953125 0.026041666666666668
0 0.5265455121077341 0.43758493946132915 0.01953125 0.026041666666666668
0 0.528306075488016 0.43289010378057796 0.01953125 0.026041666666666668
0 0.5262520848776873 0.4293689770200146 0.01953125 0.026041666666666668
0 0.5224375308870769 0.42467414133926334 0.01953125 0.026041666666666668
0 0.5274257937978751 0.42271795980561705 0.01953125 0.026041666666666668
0 0.5297732116382506 0.4223267234988877 0.01953125 0.026041666666666668
0 0.4966159346429455 0.4242829050325341 0.01953125 0.026041666666666668
0 0.4948553712626638 0.4297602133267439 0.01953125 0.026041666666666668
0 0.49866992525327414 0.42858650440655605 0.01953125 0.026041666666666668
0 0.5054187515443539 0.4313251585536609 0.01953125 0.026041666666666668
0 0.50483189708426 0.42506537764599267 0.01953125 0.026041666666666668
0 0.5077661693847295 0.4231091961123463 0.01953125 0.026041666666666668
0 0.5065924604645418 0.4188055967383244 0.01953125 0.026041666666666668
0 0.49426851680256995 0.44736584712956073 0.01953125 0.026041666666666668
0 0.505125324314307 0.4434534840622681 0.01953125 0.026041666666666668
0 0.5482591271312084 0.4598854089448972 0.01953125 0.026041666666666668
0 0.5456182820607859 0.4634065357054606 0.01953125 0.026041666666666668
0 0.6222027891030394 0.45010450127666557 0.01953125 0.026041666666666668
0 0.6148671083518656 0.44658337451610214 0.01953125 0.026041666666666668
0 0.6095854182110206 0.4430622477555388 0.01953125 0.026041666666666668
0 0.6057708642204104 0.4438447203689973 0.01953125 0.026041666666666668
0 0.6051840097603164 0.44736584712956073 0.01953125 0.026041666666666668
0 0.6131065449715839 0.4446271929824559 0.01953125 0.026041666666666668
0 0.6195619440326168 0.44227977514208033 0.01953125 0.026041666666666668
0 0.6219093618729925 0.4446271929824559 0.01953125 0.026041666666666668
0 0.6260173430936498 0.44736584712956073 0.01953125 0.026041666666666668
0 0.6318858876945888 0.45010450127666557 0.01953125 0.026041666666666668
0 0.6321793149246356 0.4555818095708753 0.01953125 0.026041666666666668
0 0.6380478595255746 0.4555818095708753 0.01953125 0.026041666666666668
0 0.6421558407462318 0.4559730458776045 0.01953125 0.026041666666666668
0 0.6468506764269831 0.4583204637179801 0.01953125 0.026041666666666668
0 0.6348201599950581 0.4681013713862117 0.01953125 0.026041666666666668
0 0.635113587225105 0.47514362490733847 0.01953125 0.026041666666666668
0 0.6480243853471709 0.48062093320154814 0.01953125 0.026041666666666668
0 0.6600549017790958 0.4853157688822993 0.01953125 0.026041666666666668
0 0.664749737459847 0.47983846058808965 0.01953125 0.026041666666666668
0 0.6735525543612554 0.47475238860060925 0.01953125 0.026041666666666668
0 0.6723788454410676 0.48375082365538224 0.01953125 0.026041666666666668
0 0.6659234463800348 0.4892281319495921 0.01953125 0.026041666666666668
0 0.6682708642204104 0.50096522115147 0.01953125 0.026041666666666668
0 0.67501969051149 0.4927492587101554 0.01953125 0.026041666666666668
0 0.6820619440326168 0.5044863479120333 0.01953125 0.026041666666666668
0 0.6756065449715839 0.5072250020591381 0.01953125 0.026041666666666668
0 0.6714985637509266 0.5373501976772915 0.01953125 0.026041666666666668
0 0.6673905825302694 0.5236569269417674 0.01953125 0.026041666666666668
0 0.6882239158636028 0.5350027798369159 0.01953125 0.026041666666666668
0 0.67501969051149 0.5256131084754136 0.01953125 0.026041666666666668
0 0.6855830707931803 0.5236569269417674 0.01953125 0.026041666666666668
0 0.6767802538917718 0.5655192117617985 0.01953125 0.026041666666666668
0 0.6882239158636028 0.5670841569887156 0.01953125 0.026041666666666668
0 0.6920384698542131 0.5850810270982618 0.01953125 0.026041666666666668
0 0.70964410365703 0.5784300098838643 0.01953125 0.026041666666666668
0 0.7049492679762788 0.5651279754550693 0.01953125 0.026041666666666668
0 0.6946793149246356 0.5443924511984183 0.01953125 0.026041666666666668
0 0.7043624135161849 0.5346115435301867 0.01953125 0.026041666666666668
0 0.7213811928589079 0.5299167078494355 0.01953125 0.026041666666666668
0 0.715219221027922 0.5471311053455231 0.01953125 0.026041666666666668
0 0.7169797844082038 0.5623893213079644 0.01953125 0.026041666666666668
0 0.664162882999753 0.5831248455646155 0.01953125 0.026041666666666668
0 0.6541863571781568 0.5858634997117204 0.01953125 0.026041666666666668
0 0.6292450426241661 0.583907318178074 0.01953125 0.026041666666666668
0 0.6104656999011615 0.583907318178074 0.01953125 0.026041666666666668
0 0.5878718031875465 0.5776475372704059 0.01953125 0.026041666666666668
0 0.5770149956758094 0.5784300098838643 0.01953125 0.026041666666666668
0 0.5529539628119596 0.582342372951157 0.01953125 0.026041666666666668
0 0.6001957468495183 0.5529996499464621 0.01953125 0.026041666666666668
0 0.6219093618729925 0.5490872868791695 0.01953125 0.026041666666666668
0 0.6289516153941193 0.5373501976772915 0.01953125 0.026041666666666668
0 0.6230830707931803 0.5717789926694669 0.01953125 0.026041666666666668
0 0.6318858876945888 0.5635630302281522 0.01953125 0.026041666666666668
0 0.641568986286138 0.5400888518243964 0.01953125 0.026041666666666668
0 0.652425793797875 0.5416537970513134 0.01953125 0.026041666666666668
0 0.7116980942673586 0.5279605263157892 0.01953125 0.026041666666666668
0 0.7146323665678281 0.5127023103533479 0.01953125 0.026041666666666668
0 0.6999610050654806 0.5119198377398894 0.01953125 0.026041666666666668
0 0.6885173430936498 0.5044863479120333 0.01953125 0.026041666666666668
0 0.6993741506053868 0.49627038547071883 0.01953125 0.026041666666666668
0 0.7108178125772178 0.49900903961782367 0.01953125 0.026041666666666668
0 0.7246088923894244 0.502530166378387 0.01953125 0.026041666666666668
0 0.7219680473190018 0.48648947780248725 0.01953125 0.026041666666666668
0 0.727249737459847 0.4802296968948189 0.01953125 0.026041666666666668
0 0.7155126482579689 0.47905598797463117 0.01953125 0.026041666666666668
0 0.70964410365703 0.47240497076023363 0.01953125 0.026041666666666668
0 0.7093506764269831 0.48257711473519455 0.01953125 0.026041666666666668
0 0.7049492679762788 0.4770998064409848 0.01953125 0.026041666666666668
0 0.6993741506053868 0.4770998064409848 0.01953125 0.026041666666666668
0 0.6990807233753399 0.48648947780248725 0.01953125 0.026041666666666668
0 0.6814750895725229 0.4919667860966969 0.01953125 0.026041666666666668
0 0.6858764980232271 0.4911843134832384 0.01953125 0.026041666666666668
0 0.6852896435631333 0.48062093320154814 0.01953125 0.026041666666666668
0 0.6797145261922413 0.4810121695082774 0.01953125 0.026041666666666668
0 0.6785408172720534 0.47436115229388 0.01953125 0.026041666666666668
0 0.6797145261922413 0.46888384399967026 0.01953125 0.026041666666666668
0 0.6832356529528048 0.47005755291985807 0.01953125 0.026041666666666668
0 0.6888107703236966 0.47240497076023363 0.01953125 0.026041666666666668
0 0.6888107703236966 0.47905598797463117 0.01953125 0.026041666666666668
0 0.6940924604645416 0.46888384399967026 0.01953125 0.026041666666666668
0 0.7017215684457624 0.46888384399967026 0.01953125 0.026041666666666668
0 0.703482131826044 0.46262406309200205 0.01953125 0.026041666666666668
0 0.7070032585866075 0.4696663166131288 0.01953125 0.026041666666666668
0 0.7160995027180628 0.4681013713862117 0.01953125 0.026041666666666668
0 0.7140455121077343 0.4681013713862117 0.01953125 0.026041666666666668
0 0.7249023196194713 0.4681013713862117 0.01953125 0.026041666666666668
0 0.7231417562391895 0.47240497076023363 0.01953125 0.026041666666666668
0 0.7028952773659501 0.4528431554237704 0.01953125 0.026041666666666668
0 0.6961464510748704 0.4528431554237704 0.01953125 0.026041666666666668
0 0.6929187515443539 0.44736584712956073 0.01953125 0.026041666666666668
0 0.697613587225105 0.44501842928918517 0.01953125 0.026041666666666668
0 0.698200441685199 0.43680246684787055 0.01953125 0.026041666666666668
0 0.6961464510748704 0.43289010378057796 0.01953125 0.026041666666666668
0 0.6932121787744009 0.43328134008730723 0.01953125 0.026041666666666668
0 0.6917450426241661 0.4352375216209536 0.01953125 0.026041666666666668
0 0.6935056060044478 0.44110606622189247 0.01953125 0.026041666666666668
0 0.6940924604645416 0.4446271929824559 0.01953125 0.026041666666666668
0 0.6893976247837905 0.4434534840622681 0.01953125 0.026041666666666668
0 0.6861699252532741 0.4446271929824559 0.01953125 0.026041666666666668
0 0.6820619440326168 0.4446271929824559 0.01953125 0.026041666666666668
0 0.680888235112429 0.44658337451610214 0.01953125 0.026041666666666668
0 0.6794210989621944 0.4512782101968533 0.01953125 0.026041666666666668
0 0.6876370614035089 0.4547993369574168 0.01953125 0.026041666666666668
0 0.6908647609340254 0.4555818095708753 0.01953125 0.026041666666666668
0 0.6893976247837905 0.45010450127666557 0.01953125 0.026041666666666668
0 0.6861699252532741 0.4520606828103119 0.01953125 0.026041666666666668
0 0.6841159346429455 0.4555818095708753 0.01953125 0.026041666666666668
0 0.6800079534222883 0.46184159047854356 0.01953125 0.026041666666666668
0 0.6891041975537436 0.4637977720121898 0.01953125 0.026041666666666668
0 0.6858764980232271 0.46262406309200205 0.01953125 0.026041666666666668
0 0.6841159346429455 0.46105911786508497 0.01953125 0.026041666666666668
0 0.670031427600692 0.4681013713862117 0.01953125 0.026041666666666668
0 0.6691511459105511 0.46184159047854356 0.01953125 0.026041666666666668
0 0.6709117092908328 0.4520606828103119 0.01953125 0.026041666666666668
0 0.6735525543612554 0.4528431554237704 0.01953125 0.026041666666666668
0 0.6673905825302694 0.4520606828103119 0.01953125 0.026041666666666668
0 0.6644563102297999 0.4516694465035826 0.01953125 0.026041666666666668
0 0.663869455769706 0.44580090190264365 0.01953125 0.026041666666666668
0 0.6603483290091426 0.4485395560497485 0.01953125 0.026041666666666668
0 0.6606417562391895 0.4446271929824559 0.01953125 0.026041666666666668
0 0.6624023196194714 0.44110606622189247 0.01953125 0.026041666666666668
0 0.6541863571781568 0.4446271929824559 0.01953125 0.026041666666666668
0 0.6500783759574995 0.44071482991516325 0.01953125 0.026041666666666668
0 0.6456769675067953 0.4430622477555388 0.01953125 0.026041666666666668
0 0.6456769675067953 0.449322028663207 0.01953125 0.026041666666666668
0 0.6468506764269831 0.44736584712956073 0.01953125 0.026041666666666668
0 0.6468506764269831 0.4430622477555388 0.01953125 0.026041666666666668
0 0.6424492679762788 0.45010450127666557 0.01953125 0.026041666666666668
0 0.6401018501359033 0.44580090190264365 0.01953125 0.026041666666666668
0 0.640982131826044 0.441888538835351 0.01953125 0.026041666666666668
0 0.6362872961452929 0.44501842928918517 0.01953125 0.026041666666666668
0 0.6312990332344948 0.4430622477555388 0.01953125 0.026041666666666668
0 0.5893389393377811 0.456755518491063 0.01953125 0.026041666666666668
0 0.5928600660983445 0.4516694465035826 0.01953125 0.026041666666666668
0 0.5908060754880159 0.4653627172391069 0.01953125 0.026041666666666668
0 0.5916863571781568 0.4598854089448972 0.01953125 0.026041666666666668
0 0.5943272022485793 0.4634065357054606 0.01953125 0.026041666666666668
0 0.5963811928589079 0.4661451898525654 0.01953125 0.026041666666666668
0 0.5740807233753399 0.43641123054114134 0.01953125 0.026041666666666668
0 0.5767215684457624 0.4352375216209536 0.01953125 0.026041666666666668
0 0.5699727421546826 0.42506537764599267 0.01953125 0.026041666666666668
0 0.573200441685199 0.42506537764599267 0.01953125 0.026041666666666668
0 0.6339398783049173 0.5267868173956014 0.01953125 0.026041666666666668
0 0.6644563102297999 0.43601999423441207 0.01953125 0.026041666666666668
0 0.6615220379293305 0.43601999423441207 0.01953125 0.026041666666666668
0 0.6574140567086733 0.43601999423441207 0.01953125 0.026041666666666668
0 0.6538929299481099 0.4293689770200146 0.01953125 0.026041666666666668
0 0.6500783759574995 0.42584785025945115 0.01953125 0.026041666666666668
0 0.6427426952063259 0.4356287579276828 0.01953125 0.026041666666666668
0 0.641275559056091 0.4391498846882462 0.01953125 0.026041666666666668
0 0.6398084229058563 0.4348462853142243 0.01953125 0.026041666666666668
0 0.6304187515443539 0.42271795980561705 0.01953125 0.026041666666666668
0 0.6230830707931803 0.42506537764599267 0.01953125 0.026041666666666668
0 0.6166276717321473 0.43249886747384875 0.01953125 0.026041666666666668
0 0.5588225074128985 0.44580090190264365 0.01953125 0.026041666666666668
0 0.6580009111687671 0.4461921382093729 0.01953125 0.026041666666666668
0 0.6580009111687671 0.44110606622189247 0.01953125 0.026041666666666668
0 0.6342333055349643 0.4121545795239269 0.01953125 0.026041666666666668
0 0.6292450426241661 0.4101983979902806 0.01953125 0.026041666666666668
0 0.6242567797133681 0.41293705213738546 0.01953125 0.026041666666666668
0 0.6219093618729925 0.41293705213738546 0.01953125 0.026041666666666668
0 0.618681662342476 0.4121545795239269 0.01953125 0.026041666666666668
0 0.6101722726711145 0.4141107610575732 0.01953125 0.026041666666666668
0 0.6048905825302694 0.4145019973643025 0.01953125 0.026041666666666668
0 0.6007826013096121 0.4145019973643025 0.01953125 0.026041666666666668
0 0.596087765628861 0.4203705419652415 0.01953125 0.026041666666666668
0 0.5893389393377811 0.4141107610575732 0.01953125 0.026041666666666668
0 0.6629891740795653 0.4090246890700928 0.01953125 0.026041666666666668
0 0.6609351834692366 0.4090246890700928 0.01953125 0.026041666666666668
0 0.6571206294786262 0.4090246890700928 0.01953125 0.026041666666666668
0 0.658881192858908 0.4090246890700928 0.01953125 0.026041666666666668
0 0.6553600660983445 0.4090246890700928 0.01953125 0.026041666666666668
0 0.6427426952063259 0.4121545795239269 0.01953125 0.026041666666666668
0 0.6401018501359033 0.41489323367103176 0.01953125 0.026041666666666668
0 0.6377544322955276 0.41293705213738546 0.01953125 0.026041666666666668
0 0.6849962163330864 0.440323593608434 0.01953125 0.026041666666666668
0 0.6814750895725229 0.4321076311671195 0.01953125 0.026041666666666668
0 0.6709117092908328 0.42506537764599267 0.01953125 0.026041666666666668
0 0.6668037280701755 0.42271795980561705 0.01953125 0.026041666666666668
0 0.6656300191499878 0.41841436043159513 0.01953125 0.026041666666666668
0 0.6626957468495183 0.4191968330450537 0.01953125 0.026041666666666668
0 0.6624023196194714 0.4219354871921585 0.01953125 0.026041666666666668
0 0.6603483290091426 0.42506537764599267 0.01953125 0.026041666666666668
0 0.6574140567086733 0.4281952680998267 0.01953125 0.026041666666666668
0 0.6571206294786262 0.4313251585536609 0.01953125 0.026041666666666668
0 0.6609351834692366 0.4281952680998267 0.01953125 0.026041666666666668
0 0.6629891740795653 0.42584785025945115 0.01953125 0.026041666666666668
0 0.675313117741537 0.43289010378057796 0.01953125 0.026041666666666668
0 0.6747262632814431 0.4223267234988877 0.01953125 0.026041666666666668
0 0.703482131826044 0.441888538835351 0.01953125 0.026041666666666668
0 0.6999610050654806 0.44227977514208033 0.01953125 0.026041666666666668
0 0.7072966858166544 0.4391498846882462 0.01953125 0.026041666666666668
0 0.7017215684457624 0.44736584712956073 0.01953125 0.026041666666666668
0 0.7087638219668893 0.4555818095708753 0.01953125 0.026041666666666668
0 0.6691511459105511 0.44501842928918517 0.01953125 0.026041666666666668
0 0.6726722726711145 0.4446271929824559 0.01953125 0.026041666666666668
0 0.6741394088213493 0.441888538835351 0.01953125 0.026041666666666668
0 0.6650431646898939 0.4391498846882462 0.01953125 0.026041666666666668
0 0.6679774369903633 0.4352375216209536 0.01953125 0.026041666666666668
0 0.6709117092908328 0.4348462853142243 0.01953125 0.026041666666666668
0 0.6706182820607859 0.43093392224693167 0.01953125 0.026041666666666668
0 0.663869455769706 0.43328134008730723 0.01953125 0.026041666666666668
0 0.6421558407462318 0.42584785025945115 0.01953125 0.026041666666666668
0 0.6427426952063259 0.4223267234988877 0.01953125 0.026041666666666668
0 0.6371675778354338 0.42663032287290964 0.01953125 0.026041666666666668
0 0.6333530238448234 0.42702155917963897 0.01953125 0.026041666666666668
0 0.6330595966147765 0.42115301457869997 0.01953125 0.026041666666666668
0 0.6280713337039784 0.4203705419652415 0.01953125 0.026041666666666668
0 0.5822966858166544 0.400417490322049 0.01953125 0.026041666666666668
0 0.5685056060044478 0.45049573758339484 0.01953125 0.026041666666666668
0 0.5793624135161848 0.41606694259121957 0.01953125 0.026041666666666668
0 0.575694573140598 0.413719524750844 0.01953125 0.026041666666666668
0 0.5702661693847295 0.4143063792109378 0.01953125 0.026041666666666668
0 0.5560349487274524 0.4145019973643025 0.01953125 0.026041666666666668
0 0.5605830707931801 0.4145019973643025 0.01953125 0.026041666666666668
0 0.615600676426983 0.4141107610575732 0.01953125 0.026041666666666668
0 0.5887520848776873 0.40139558108887213 0.01953125 0.026041666666666668
0 0.5856710989621942 0.4017868173956014 0.01953125 0.026041666666666668
0 0.5937403477884853 0.40119996293550747 0.01953125 0.026041666666666668
0 0.6059175778354337 0.4010043447821429 0.01953125 0.026041666666666668
0 0.5977016153941191 0.4008087266287783 0.01953125 0.026041666666666668
0 0.5875783759574995 0.4100027798369159 0.01953125 0.026041666666666668
0 0.5915396435631332 0.4072641256898111 0.01953125 0.026041666666666668
0 0.5844973900420064 0.4100027798369159 0.01953125 0.026041666666666668
0 0.5820032585866074 0.4123501976772915 0.01953125 0.026041666666666668
0 0.587138235112429 0.4158713244378549 0.01953125 0.026041666666666668
0 0.6254304886335558 0.43973673914834005 0.01953125 0.026041666666666668
0 0.6723788454410675 0.406286034922988 0.01953125 0.026041666666666668
0 0.6662168736100816 0.4101983979902806 0.01953125 0.026041666666666668
0 0.6753131177415369 0.4101983979902806 0.01953125 0.026041666666666668
0 0.6814750895725229 0.4105896342970099 0.01953125 0.026041666666666668
0 0.687050206943415 0.4101983979902806 0.01953125 0.026041666666666668
0 0.6876370614035089 0.40706850753644647 0.01953125 0.026041666666666668
0 0.6914516153941191 0.4098071616835513 0.01953125 0.026041666666666668
0 0.69233189708426 0.4058947986162587 0.01953125 0.026041666666666668
0 0.6970267327650111 0.4090246890700928 0.01953125 0.026041666666666668
0 0.7008412867556214 0.4098071616835513 0.01953125 0.026041666666666668
0 0.7026018501359033 0.4098071616835513 0.01953125 0.026041666666666668
0 0.7040689862861379 0.4098071616835513 0.01953125 0.026041666666666668
0 0.6961464510748703 0.41841436043159524 0.01953125 0.026041666666666668
0 0.686169925253274 0.42858650440655605 0.01953125 0.026041666666666668
0 0.6855830707931801 0.4195880693517829 0.01953125 0.026041666666666668
0 0.6048905825302694 0.4250653776459927 0.01953125 0.026041666666666668
0 0.6019563102297999 0.4293689770200146 0.01953125 0.026041666666666668
0 0.6107591271312084 0.4238916687258049 0.01953125 0.026041666666666668
0 0.5567685168025699 0.44110606622189247 0.01953125 0.026041666666666668
0 0.697613587225105 0.391419055267276 0.01953125 0.026041666666666668
0 0.7072966858166544 0.3898541100403588 0.01953125 0.026041666666666668
0 0.8252544322955276 0.6762390865661806 0.01953125 0.026041666666666668
0 0.8839398783049174 0.6308556749855859 0.01953125 0.026041666666666668
0 0.8939164041265136 0.5995567704472448 0.01953125 0.026041666666666668
0 0.8810056060044479 0.5901670990857424 0.01953125 0.026041666666666668
0 0.8416863571781569 0.6230309488510005 0.01953125 0.026041666666666668
0 0.8563577186805043 0.6120763322625812 0.01953125 0.026041666666666668
0 0.8645736811218188 0.5831248455646156 0.01953125 0.026041666666666668
0 0.873963352483321 0.5768650646569474 0.01953125 0.026041666666666668
0 0.8493154651593775 0.5737351742031133 0.01953125 0.026041666666666668
0 0.8287755590560911 0.5760825920434888 0.01953125 0.026041666666666668
0 0.8182121787744009 0.5760825920434888 0.01953125 0.026041666666666668
0 0.8240807233753399 0.5995567704472448 0.01953125 0.026041666666666668
0 0.8305361224363728 0.5878196812453668 0.01953125 0.026041666666666668
0 0.7988459815913024 0.620683531010625 0.01953125 0.026041666666666668
0 0.7935642914504571 0.6449401820278394 0.01953125 0.026041666666666668
0 0.7653952773659503 0.6465051272547565 0.01953125 0.026041666666666668
0 0.7730243853471709 0.6347680380528785 0.01953125 0.026041666666666668
0 0.7536581881640724 0.6230309488510005 0.01953125 0.026041666666666668
0 0.7554187515443539 0.5956444073799521 0.01953125 0.026041666666666668
0 0.7401605355819126 0.5909495716992009 0.01953125 0.026041666666666668
0 0.7178600660983446 0.6019041882876203 0.01953125 0.026041666666666668
0 0.7254891740795651 0.5956444073799521 0.01953125 0.026041666666666668
0 0.7295971553002225 0.5799949551107815 0.01953125 0.026041666666666668
0 0.7301840097603163 0.5580857219339427 0.01953125 0.026041666666666668
0 0.7430948078823821 0.5666929206819865 0.01953125 0.026041666666666668
0 0.6720854182110206 0.5956444073799521 0.01953125 0.026041666666666668
0 0.7859351834692365 0.5573032493204841 0.01953125 0.026041666666666668
0 0.7712638219668893 0.5651279754550694 0.01953125 0.026041666666666668
0 0.7700901130467014 0.6026866609010788 0.01953125 0.026041666666666668
0 0.7853483290091426 0.6050340787414544 0.01953125 0.026041666666666668
0 0.801193399431678 0.552608413639733 0.01953125 0.026041666666666668
0 0.8105830707931803 0.5651279754550694 0.01953125 0.026041666666666668
0 0.840512648257969 0.540871324437855 0.01953125 0.026041666666666668
0 0.8393389393377813 0.5275692900090599 0.01953125 0.026041666666666668
0 0.8264281412157154 0.5322641256898112 0.01953125 0.026041666666666668
0 0.8129304886335559 0.5267868173956015 0.01953125 0.026041666666666668
0 0.8164516153941193 0.5158322008071822 0.01953125 0.026041666666666668
0 0.8064750895725229 0.5048775842187626 0.01953125 0.026041666666666668
0 0.8053013806523351 0.5244393995552259 0.01953125 0.026041666666666668
0 0.795324854830739 0.5267868173956015 0.01953125 0.026041666666666668
0 0.8053013806523351 0.537741433984021 0.01953125 0.026041666666666668
0 0.7882826013096121 0.5299167078494356 0.01953125 0.026041666666666668
0 0.7788929299481099 0.5299167078494356 0.01953125 0.026041666666666668
0 0.7753718031875465 0.5432187422782306 0.01953125 0.026041666666666668
0 0.7677426952063259 0.5353940161436453 0.01953125 0.026041666666666668
0 0.7577661693847295 0.5518259410262744 0.01953125 0.026041666666666668
0 0.7483764980232271 0.5385239065974795 0.01953125 0.026041666666666668
0 0.7360525543612554 0.5486960505724403 0.01953125 0.026041666666666668
0 0.7360525543612554 0.537741433984021 0.01953125 0.026041666666666668
0 0.7360525543612554 0.5267868173956015 0.01953125 0.026041666666666668
0 0.7419210989621944 0.5134847829668066 0.01953125 0.026041666666666668
0 0.7548318970842601 0.5025301663783871 0.01953125 0.026041666666666668
0 0.7560056060044479 0.5213095091013918 0.01953125 0.026041666666666668
0 0.7477896435631333 0.5213095091013918 0.01953125 0.026041666666666668
0 0.7636347139856684 0.5166146734206406 0.01953125 0.026041666666666668
0 0.7741980942673586 0.5111373651264309 0.01953125 0.026041666666666668
0 0.7736112398072648 0.5220919817148503 0.01953125 0.026041666666666668
0 0.7812403477884854 0.5158322008071822 0.01953125 0.026041666666666668
0 0.7783060754880159 0.5033126389918456 0.01953125 0.026041666666666668
0 0.795324854830739 0.5025301663783871 0.01953125 0.026041666666666668
0 0.788869455769706 0.5103548925129725 0.01953125 0.026041666666666668
0 0.8657473900420065 0.5573032493204841 0.01953125 0.026041666666666668
0 0.8528365919199409 0.55417335886665 0.01953125 0.026041666666666668
0 0.8909821318260441 0.5846897907915327 0.01953125 0.026041666666666668
0 0.8939164041265136 0.5330465983032698 0.01953125 0.026041666666666668
0 0.8798318970842601 0.5142672555802651 0.01953125 0.026041666666666668
0 0.8710290801828516 0.5080074746725968 0.01953125 0.026041666666666668
0 0.915043164689894 0.540871324437855 0.01953125 0.026041666666666668
0 0.9226722726711146 0.5432187422782306 0.01953125 0.026041666666666668
0 0.9303013806523353 0.5361764887571039 0.01953125 0.026041666666666668
0 0.9385173430936498 0.5267868173956015 0.01953125 0.026041666666666668
0 0.9490807233753399 0.5306991804628941 0.01953125 0.026041666666666668
0 0.9391041975537436 0.5604331397743183 0.01953125 0.026041666666666668
0 0.9584703947368423 0.5627805576146939 0.01953125 0.026041666666666668
0 0.948493868915246 0.55417335886665 0.01953125 0.026041666666666668
0 0.9578835402767484 0.5353940161436453 0.01953125 0.026041666666666668
0 0.9572966858166545 0.5831248455646156 0.01953125 0.026041666666666668
0 0.8968506764269831 0.5033126389918456 0.01953125 0.026041666666666668
0 0.9209117092908329 0.5025301663783871 0.01953125 0.026041666666666668
0 0.9138694557697061 0.5228744543283089 0.01953125 0.026041666666666668
0 0.9344093618729925 0.5134847829668066 0.01953125 0.026041666666666668
0 0.9267802538917719 0.5189620912610162 0.01953125 0.026041666666666668
0 0.9402779064739314 0.5173971460340991 0.01953125 0.026041666666666668
0 0.9502544322955278 0.5166146734206406 0.01953125 0.026041666666666668
0 0.9449727421546826 0.5228744543283089 0.01953125 0.026041666666666668
0 0.5441511459105511 0.6292907297586688 0.01953125 0.026041666666666668
0 0.5335877656288609 0.620683531010625 0.01953125 0.026041666666666668
0 0.5206769675067952 0.6152062227164153 0.01953125 0.026041666666666668
0 0.5077661693847295 0.6183361131702495 0.01953125 0.026041666666666668
0 0.4977896435631332 0.6347680380528785 0.01953125 0.026041666666666668
0 0.5036581881640723 0.5901670990857424 0.01953125 0.026041666666666668
0 0.5646910520138374 0.6065990239683715 0.01953125 0.026041666666666668
0 0.5758412867556215 0.6175536405567909 0.01953125 0.026041666666666668
0 0.6462638219668893 0.5596506671608598 0.01953125 0.026041666666666668
0 0.4807708642204102 0.6175536405567909 0.01953125 0.026041666666666668
0 0.9373436341734618 0.7177101350794827 0.01953125 0.026041666666666668
0 0.9966159346429455 0.5839073181780742 0.01953125 0.026041666666666668
0 0.97020748393872 0.5674753932954449 0.01953125 0.026041666666666668
0 0.9889868266617249 0.5619980850012353 0.01953125 0.026041666666666668
0 0.9866394088213493 0.5416537970513136 0.01953125 0.026041666666666668
0 0.9813577186805043 0.5322641256898112 0.01953125 0.026041666666666668
0 0.9743154651593774 0.5213095091013918 0.01953125 0.026041666666666668
0 0.9925079534222883 0.5213095091013918 0.01953125 0.026041666666666668
0 0.9960290801828515 0.5361764887571039 0.01953125 0.026041666666666668
0 0.9972027891030394 0.5580857219339427 0.01953125 0.026041666666666668
0 0.9666863571781567 0.5103548925129723 0.01953125 0.026041666666666668
0 0.959057249196936 0.5048775842187626 0.01953125 0.026041666666666668
0 0.9502544322955276 0.50096522115147 0.01953125 0.026041666666666668
0 0.9408647609340252 0.4947054402438018 0.01953125 0.026041666666666668
0 0.9326487984927107 0.49235802240342624 0.01953125 0.026041666666666668
0 0.930888235112429 0.4814034058150069 0.01953125 0.026041666666666668
0 0.9226722726711145 0.4790559879746313 0.01953125 0.026041666666666668
0 0.9156300191499878 0.48844565933613365 0.01953125 0.026041666666666668
0 0.9044797844082036 0.49235802240342624 0.01953125 0.026041666666666668
0 0.896263821966889 0.4868807141092166 0.01953125 0.026041666666666668
0 0.8886347139856684 0.48375082365538247 0.01953125 0.026041666666666668
0 0.8786581881640723 0.4790559879746313 0.01953125 0.026041666666666668
0 0.8651605355819126 0.4954879128572603 0.01953125 0.026041666666666668
0 0.856357718680504 0.4900106045630506 0.01953125 0.026041666666666668
0 0.8633999722016308 0.4868807141092166 0.01953125 0.026041666666666668
0 0.8534234463800346 0.47827351536117274 0.01953125 0.026041666666666668
0 0.8499023196194713 0.48844565933613365 0.01953125 0.026041666666666668
0 0.8440337750185323 0.4798384605880898 0.01953125 0.026041666666666668
0 0.8410995027180628 0.4939229676303433 0.01953125 0.026041666666666668
0 0.851076028539659 0.5033126389918456 0.01953125 0.026041666666666668
0 0.839338939337781 0.5103548925129723 0.01953125 0.026041666666666668
0 0.7988459815913022 0.47827351536117274 0.01953125 0.026041666666666668
0 0.8217333055349642 0.46810137138621183 0.01953125 0.026041666666666668
0 0.8164516153941191 0.4704487892265874 0.01953125 0.026041666666666668
0 0.8416863571781568 0.46810137138621183 0.01953125 0.026041666666666668
0 0.8346441036570299 0.46810137138621183 0.01953125 0.026041666666666668
0 0.8287755590560909 0.4649714809323777 0.01953125 0.026041666666666668
0 0.8487286106992834 0.4673188987727533 0.01953125 0.026041666666666668
0 0.8557708642204102 0.4720137344535045 0.01953125 0.026041666666666668
0 0.8639868266617249 0.4774910427477142 0.01953125 0.026041666666666668
0 0.8880478595255745 0.4947054402438018 0.01953125 0.026041666666666668
0 0.8727896435631333 0.4907930771765092 0.01953125 0.026041666666666668
0 0.8710290801828516 0.4704487892265874 0.01953125 0.026041666666666668
0 0.8633999722016308 0.4673188987727533 0.01953125 0.026041666666666668
0 0.856357718680504 0.459494172638168 0.01953125 0.026041666666666668
0 0.851076028539659 0.45636428218433384 0.01953125 0.026041666666666668
0 0.8581182820607858 0.45088697389012417 0.01953125 0.026041666666666668
0 0.8633999722016308 0.459494172638168 0.01953125 0.026041666666666668
0 0.8722027891030394 0.459494172638168 0.01953125 0.026041666666666668
0 0.8733764980232271 0.4649714809323777 0.01953125 0.026041666666666668
0 0.8780713337039783 0.4649714809323777 0.01953125 0.026041666666666668
0 0.8810056060044478 0.4720137344535045 0.01953125 0.026041666666666668
0 0.8874610050654806 0.47279620706696296 0.01953125 0.026041666666666668
0 0.8939164041265135 0.47592609752079723 0.01953125 0.026041666666666668
0 0.9819445731405981 0.5001827485380115 0.01953125 0.026041666666666668
0 0.9749023196194713 0.5048775842187626 0.01953125 0.026041666666666668
0 0.970794338398814 0.4939229676303433 0.01953125 0.026041666666666668
0 0.9842919909809736 0.49235802240342624 0.01953125 0.026041666666666668
0 0.9966159346429455 0.5056600568322213 0.01953125 0.026041666666666668
0 0.9954422257227576 0.5173971460340991 0.01953125 0.026041666666666668
0 0.9848788454410675 0.5119198377398894 0.01953125 0.026041666666666668
0 0.9795971553002224 0.4790559879746313 0.01953125 0.026041666666666668
0 0.970794338398814 0.4790559879746313 0.01953125 0.026041666666666668
0 0.9725549017790956 0.4704487892265874 0.01953125 0.026041666666666668
0 0.9655126482579689 0.46810137138621183 0.01953125 0.026041666666666668
0 0.9608178125772178 0.4673188987727533 0.01953125 0.026041666666666668
0 0.9614046670373116 0.47592609752079723 0.01953125 0.026041666666666668
0 0.9584703947368421 0.4868807141092166 0.01953125 0.026041666666666668
0 0.9531887045959971 0.4814034058150069 0.01953125 0.026041666666666668
0 0.947907014455152 0.47592609752079723 0.01953125 0.026041666666666668
0 0.9555361224363726 0.4704487892265874 0.01953125 0.026041666666666668
0 0.9396910520138374 0.4814034058150069 0.01953125 0.026041666666666668
0 0.9367567797133679 0.47436115229388004 0.01953125 0.026041666666666668
0 0.9279539628119595 0.4735786796804215 0.01953125 0.026041666666666668
0 0.9426253243143069 0.4704487892265874 0.01953125 0.026041666666666668
0 0.9391041975537435 0.46262406309200216 0.01953125 0.026041666666666668
0 0.9455595966147765 0.4657539535458362 0.01953125 0.026041666666666668
0 0.9426253243143069 0.459494172638168 0.01953125 0.026041666666666668
0 0.936169925253274 0.4540168643439582 0.01953125 0.026041666666666668
0 0.9449727421546826 0.4540168643439582 0.01953125 0.026041666666666668
0 0.948493868915246 0.46184159047854356 0.01953125 0.026041666666666668
0 0.9531887045959971 0.459494172638168 0.01953125 0.026041666666666668
0 0.9496675778354338 0.44853955604974854 0.01953125 0.026041666666666668
0 0.9531887045959971 0.44775708343629006 0.01953125 0.026041666666666668
0 0.9443858876945886 0.4454096655959145 0.01953125 0.026041666666666668
0 0.9367567797133679 0.44932202866320714 0.01953125 0.026041666666666668
0 0.9320619440326168 0.44932202866320714 0.01953125 0.026041666666666668
0 0.9214985637509266 0.4547993369574168 0.01953125 0.026041666666666668
0 0.9033060754880158 0.47827351536117274 0.01953125 0.026041666666666668
0 0.9009586576476403 0.48296835104192387 0.01953125 0.026041666666666668
0 0.9150431646898938 0.4720137344535045 0.01953125 0.026041666666666668
0 0.9056534933283914 0.47279620706696296 0.01953125 0.026041666666666668
0 0.8997849487274524 0.4704487892265874 0.01953125 0.026041666666666668
0 0.8956769675067952 0.46262406309200216 0.01953125 0.026041666666666668
0 0.8927426952063257 0.4657539535458362 0.01953125 0.026041666666666668
0 0.8874610050654806 0.46262406309200216 0.01953125 0.026041666666666668
0 0.8921558407462318 0.4602766452516265 0.01953125 0.026041666666666668
0 0.8968506764269829 0.4540168643439582 0.01953125 0.026041666666666668
0 0.8915689862861379 0.45088697389012417 0.01953125 0.026041666666666668
0 0.9033060754880158 0.45088697389012417 0.01953125 0.026041666666666668
0 0.8974375308870769 0.44853955604974854 0.01953125 0.026041666666666668
0 0.9074140567086731 0.4516694465035827 0.01953125 0.026041666666666668
0 0.9156300191499878 0.4540168643439582 0.01953125 0.026041666666666668
0 0.9972027891030394 0.49235802240342624 0.01953125 0.026041666666666668
0 0.9925079534222883 0.48375082365538247 0.01953125 0.026041666666666668
0 0.9854656999011615 0.4798384605880898 0.01953125 0.026041666666666668
0 0.9784234463800346 0.4704487892265874 0.01953125 0.026041666666666668
0 0.9754891740795651 0.4649714809323777 0.01953125 0.026041666666666668
0 0.9801840097603163 0.459494172638168 0.01953125 0.026041666666666668
0 0.9772497374598468 0.4540168643439582 0.01953125 0.026041666666666668
0 0.9713811928589079 0.46184159047854356 0.01953125 0.026041666666666668
0 0.9813577186805043 0.4673188987727533 0.01953125 0.026041666666666668
0 0.9854656999011615 0.4649714809323777 0.01953125 0.026041666666666668
0 0.9889868266617249 0.4720137344535045 0.01953125 0.026041666666666668
0 0.9942685168025699 0.4774910427477142 0.01953125 0.026041666666666668
0 0.998963352483321 0.46888384399967037 0.01953125 0.026041666666666668
0 0.9913342445021004 0.4649714809323777 0.01953125 0.026041666666666668
0 0.9872262632814431 0.4587117000247094 0.01953125 0.026041666666666668
0 0.9925079534222883 0.45636428218433384 0.01953125 0.026041666666666668
0 0.9966159346429455 0.459494172638168 0.01953125 0.026041666666666668
0 0.9842919909809736 0.44932202866320714 0.01953125 0.026041666666666668
0 0.9813577186805043 0.45323439173049973 0.01953125 0.026041666666666668
0 0.9690337750185323 0.4454096655959145 0.01953125 0.026041666666666668
0 0.9655126482579689 0.4540168643439582 0.01953125 0.026041666666666668
0 0.9584703947368421 0.44853955604974854 0.01953125 0.026041666666666668
0 0.9602309581171239 0.45636428218433384 0.01953125 0.026041666666666668
0 0.8604656999011615 0.5346115435301868 0.01953125 0.026041666666666668
0 0.7589398783049173 0.4939229676303433 0.01953125 0.026041666666666668
0 0.7472027891030394 0.4954879128572603 0.01953125 0.026041666666666668
0 0.7407473900420064 0.4939229676303433 0.01953125 0.026041666666666668
0 0.7360525543612553 0.4853157688822995 0.01953125 0.026041666666666668
0 0.7295971553002224 0.48844565933613365 0.01953125 0.026041666666666668
0 0.7301840097603163 0.5119198377398894 0.01953125 0.026041666666666668
0 0.7460290801828514 0.5103548925129723 0.01953125 0.026041666666666668
0 0.7677426952063257 0.5056600568322213 0.01953125 0.026041666666666668
0 0.7624610050654806 0.4798384605880898 0.01953125 0.026041666666666668
0 0.7548318970842599 0.4814034058150069 0.01953125 0.026041666666666668
0 0.7442685168025698 0.4774910427477142 0.01953125 0.026041666666666668
0 0.7395736811218186 0.4735786796804215 0.01953125 0.026041666666666668
0 0.7342919909809735 0.4735786796804215 0.01953125 0.026041666666666668
0 0.7313577186805041 0.4704487892265874 0.01953125 0.026041666666666668
0 0.7460290801828514 0.4649714809323777 0.01953125 0.026041666666666668
0 0.7507239158636028 0.4720137344535045 0.01953125 0.026041666666666668
0 0.771263821966889 0.48296835104192387 0.01953125 0.026041666666666668
0 0.7671558407462318 0.4814034058150069 0.01953125 0.026041666666666668
0 0.777132366567828 0.4798384605880898 0.01953125 0.026041666666666668
0 0.8217333055349642 0.459494172638168 0.01953125 0.026041666666666668
0 0.8158647609340252 0.4516694465035827 0.01953125 0.026041666666666668
0 0.8076487984927107 0.4516694465035827 0.01953125 0.026041666666666668
0 0.8023671083518655 0.45323439173049973 0.01953125 0.026041666666666668
0 0.8029539628119595 0.4540168643439582 0.01953125 0.026041666666666668
0 0.7959117092908328 0.4540168643439582 0.01953125 0.026041666666666668
0 0.7835877656288609 0.45323439173049973 0.01953125 0.026041666666666668
0 0.788282601309612 0.4540168643439582 0.01953125 0.026041666666666668
0 0.7624610050654806 0.4571467547977924 0.01953125 0.026041666666666668
0 0.7513107703236965 0.4540168643439582 0.01953125 0.026041666666666668
0 0.7560056060044477 0.4516694465035827 0.01953125 0.026041666666666668
0 0.771850676426983 0.4547993369574168 0.01953125 0.026041666666666668
0 0.7653952773659501 0.4516694465035827 0.01953125 0.026041666666666668
0 0.9537755590560909 0.45362562803722906 0.01953125 0.026041666666666668
0 0.9655126482579688 0.43875864838151696 0.01953125 0.026041666666666668
0 0.9746088923894243 0.4379761757680585 0.01953125 0.026041666666666668
0 0.9790103008401285 0.4371937031546 0.01953125 0.026041666666666668
0 0.981064291450457 0.4418885388353511 0.01953125 0.026041666666666668
0 0.9842919909809735 0.4364112305411414 0.01953125 0.026041666666666668
0 0.9942685168025698 0.4473658471295609 0.01953125 0.026041666666666668
0 0.9989633524833209 0.446192138209373 0.01953125 0.026041666666666668
0 0.9663929299481097 0.4962703854707189 0.01953125 0.026041666666666668
0 0.9605243853471708 0.49822656700436524 0.01953125 0.026041666666666668
0 0.9484938689152458 0.4864894778024873 0.01953125 0.026041666666666668
0 0.8666276717321472 0.4657539535458362 0.01953125 0.026041666666666668
0 0.8739633524833209 0.448930792356478 0.01953125 0.026041666666666668
0 0.8704422257227575 0.4426710114488097 0.01953125 0.026041666666666668
0 0.8730830707931801 0.4407148299151633 0.01953125 0.026041666666666668
0 0.8666276717321472 0.4418885388353511 0.01953125 0.026041666666666668
0 0.8666276717321472 0.43523752162095364 0.01953125 0.026041666666666668
0 0.8642802538917717 0.43445504900749515 0.01953125 0.026041666666666668
0 0.8601722726711143 0.43523752162095364 0.01953125 0.026041666666666668
0 0.8531300191499877 0.4438447203689974 0.01953125 0.026041666666666668
0 0.8484351834692364 0.4438447203689974 0.01953125 0.026041666666666668
0 0.8493154651593772 0.4473658471295609 0.01953125 0.026041666666666668
0 0.8443272022485792 0.446192138209373 0.01953125 0.026041666666666668
0 0.839338939337781 0.4508869738901242 0.01953125 0.026041666666666668
0 0.8349375308870769 0.4571467547977925 0.01953125 0.026041666666666668
0 0.8302426952063257 0.4591029363314388 0.01953125 0.026041666666666668
0 0.8387520848776872 0.4575379911045217 0.01953125 0.026041666666666668
0 0.8475549017790955 0.45832046371798024 0.01953125 0.026041666666666668
0 0.8443272022485792 0.45362562803722906 0.01953125 0.026041666666666668
0 0.8490220379293303 0.46262406309200216 0.01953125 0.026041666666666668
0 0.8857004416851988 0.4524519191170413 0.01953125 0.026041666666666668
0 0.9062403477884853 0.4454096655959145 0.01953125 0.026041666666666668
0 0.9056534933283914 0.4399323573017048 0.01953125 0.026041666666666668
0 0.9038929299481097 0.43367257639403656 0.01953125 0.026041666666666668
0 0.8997849487274524 0.43523752162095364 0.01953125 0.026041666666666668
0 0.8983178125772177 0.43875864838151696 0.01953125 0.026041666666666668
0 0.8947966858166543 0.4407148299151633 0.01953125 0.026041666666666668
0 0.8936229768964665 0.44462719298245595 0.01953125 0.026041666666666668
0 0.8986112398072647 0.4426710114488097 0.01953125 0.026041666666666668
0 0.9097614745490487 0.43914988468824623 0.01953125 0.026041666666666668
0 0.9165103008401285 0.4399323573017048 0.01953125 0.026041666666666668
0 0.9200314276006919 0.4356287579276829 0.01953125 0.026041666666666668
0 0.9156300191499877 0.4438447203689974 0.01953125 0.026041666666666668
0 0.919444573140598 0.4473658471295609 0.01953125 0.026041666666666668
0 0.9214985637509265 0.4438447203689974 0.01953125 0.026041666666666668
0 0.9267802538917718 0.4411060662218926 0.01953125 0.026041666666666668
0 0.9323553712626637 0.4426710114488097 0.01953125 0.026041666666666668
0 0.9370502069434148 0.4407148299151633 0.01953125 0.026041666666666668
0 0.9396910520138374 0.4371937031546 0.01953125 0.026041666666666668
0 0.9352896435631332 0.4356287579276829 0.01953125 0.026041666666666668
0 0.9314750895725229 0.4360199942344121 0.01953125 0.026041666666666668
0 0.9250196905114899 0.4360199942344121 0.01953125 0.026041666666666668
0 0.9288342445021003 0.4317163948603902 0.01953125 0.026041666666666668
0 0.9226722726711143 0.47123126184004605 0.01953125 0.026041666666666668
0 0.9258999722016308 0.49666162177744816 0.01953125 0.026041666666666668
0 0.9258999722016308 0.491966786096697 0.01953125 0.026041666666666668
0 0.9209117092908327 0.48883689564286287 0.01953125 0.026041666666666668
0 0.9303013806523351 0.5080074746725969 0.01953125 0.026041666666666668
0 0.9487872961452927 0.43836741207478774 0.01953125 0.026041666666666668
0 0.9614046670373115 0.4324988674738488 0.01953125 0.026041666666666668
0 0.9681534933283914 0.43875864838151696 0.01953125 0.026041666666666668
0 0.9705009111687669 0.4364112305411414 0.01953125 0.026041666666666668
0 0.987226263281443 0.4399323573017048 0.01953125 0.026041666666666668
0 0.9766628829997529 0.448930792356478 0.01953125 0.026041666666666668
0 0.9881065449715838 0.4473658471295609 0.01953125 0.026041666666666668
0 0.8842333055349642 0.39298400049419313 0.01953125 0.026041666666666668
0 0.8810056060044477 0.3867242195865248 0.01953125 0.026041666666666668
0 0.8463811928589078 0.4364112305411414 0.01953125 0.026041666666666668
0 0.8390455121077341 0.4407148299151633 0.01953125 0.026041666666666668
0 0.8302426952063257 0.4379761757680585 0.01953125 0.026041666666666668
0 0.8132239158636027 0.4195880693517831 0.01953125 0.026041666666666668
0 0.8138107703236965 0.4027649081624247 0.01953125 0.026041666666666668
0 0.8161581881640722 0.40393861708261247 0.01953125 0.026041666666666668
0 0.8240807233753398 0.4066772712297173 0.01953125 0.026041666666666668
0 0.8557708642204102 0.42702155917963913 0.01953125 0.026041666666666668
0 0.8452074839387199 0.4274127954863684 0.01953125 0.026041666666666668
0 0.8434469205584383 0.4235004324190757 0.01953125 0.026041666666666668
0 0.8440337750185322 0.41802312412486603 0.01953125 0.026041666666666668
0 0.8968506764269829 0.5181796186475577 0.01953125 0.026041666666666668
0 0.9437990332344947 0.47631733382752645 0.01953125 0.026041666666666668
0 0.8739633524833209 0.42702155917963913 0.01953125 0.026041666666666668
0 0.8698553712626637 0.4317163948603902 0.01953125 0.026041666666666668
0 0.8633999722016308 0.4281952680998269 0.01953125 0.026041666666666668
0 0.8601722726711143 0.43015144963347324 0.01953125 0.026041666666666668
0 0.8501957468495182 0.4379761757680585 0.01953125 0.026041666666666668
0 0.8452074839387199 0.4399323573017048 0.01953125 0.026041666666666668
0 0.8422732116382505 0.4399323573017048 0.01953125 0.026041666666666668
0 0.9217919909809735 0.38085567498558587 0.01953125 0.026041666666666668
0 0.9253131177415369 0.38085567498558587 0.01953125 0.026041666666666668
0 0.9311816623424759 0.37655207561156395 0.01953125 0.026041666666666668
0 0.9364633524833209 0.3753783666913762 0.01953125 0.026041666666666668
0 0.9320619440326167 0.3828118565192322 0.01953125 0.026041666666666668
0 0.953482131826044 0.369118585783708 0.01953125 0.026041666666666668
0 0.9493741506053867 0.3710747673173543 0.01953125 0.026041666666666668
0 0.9578835402767482 0.3710747673173543 0.01953125 0.026041666666666668
0 0.952308422905856 0.37576960299810547 0.01953125 0.026041666666666668
0 0.9432121787744008 0.38085567498558587 0.01953125 0.026041666666666668
0 0.9367567797133679 0.38085567498558587 0.01953125 0.026041666666666668
0 0.9402779064739313 0.37968196606539806 0.01953125 0.026041666666666668
0 0.9437990332344947 0.37655207561156395 0.01953125 0.026041666666666668
0 0.9464398783049172 0.37576960299810547 0.01953125 0.026041666666666668
0 0.947026732765011 0.3726397125442713 0.01953125 0.026041666666666668
0 0.9564164041265135 0.37576960299810547 0.01953125 0.026041666666666668
0 0.9546558407462318 0.37303094885100063 0.01953125 0.026041666666666668
0 0.9402779064739313 0.41919683304505373 0.01953125 0.026041666666666668
0 0.9303013806523351 0.414893233671032 0.01953125 0.026041666666666668
0 0.9270736811218186 0.40980716168355147 0.01953125 0.026041666666666668
0 0.8936229768964665 0.3910278189605468 0.01953125 0.026041666666666668
0 0.8633999722016308 0.3675536405567909 0.01953125 0.026041666666666668
0 0.8601722726711143 0.3718572399308128 0.01953125 0.026041666666666668
0 0.8581182820607858 0.369118585783708 0.01953125 0.026041666666666668
0 0.7562990332344947 0.38476803805287846 0.01953125 0.026041666666666668
0 0.8029539628119594 0.40550356230952955 0.01953125 0.026041666666666668
0 0.8369915214974054 0.4434534840622682 0.01953125 0.026041666666666668
0 0.8261347139856683 0.45636428218433395 0.01953125 0.026041666666666668
0 0.901838939337781 0.4657539535458362 0.01953125 0.026041666666666668
0 0.4696206294786262 0.5886021538588253 0.01953125 0.026041666666666668
0 0.38922156844576233 0.5854722634049913 0.01953125 0.026041666666666668
0 0.09696804731900174 0.5995567704472448 0.01953125 0.026041666666666668
0 0.12278964356313318 0.5799949551107815 0.01953125 0.026041666666666668
0 0.5423905825302693 0.5921232806193887 0.01953125 0.026041666666666668
0 0.5306534933283914 0.5960356436866813 0.01953125 0.026041666666666668
0 0.4901605355819125 0.5889933901655546 0.01953125 0.026041666666666668
0 0.9537755590560909 0.4274127954863683 0.01953125 0.026041666666666668
0 0.8264281412157153 0.41645817889794884 0.01953125 0.026041666666666668
0 0.6359938689152458 0.5201358001812039 0.01953125 0.026041666666666668
0 0.6260173430936495 0.4927492587101554 0.01953125 0.026041666666666668
0 0.7871088923894242 0.4622328267852727 0.01953125 0.026041666666666668
0 0.6249903477884853 0.5580857219339426 0.01953125 0.026041666666666668
0 0.6597614745490487 0.4763173338275262 0.01953125 0.026041666666666668
0 0.6692978595255744 0.47220935260686897 0.01953125 0.026041666666666668
0 0.5784821318260439 0.47103564368668116 0.01953125 0.026041666666666668
0 0.5764281412157152 0.4772954245943494 0.01953125 0.026041666666666668
0 0.5214105355819124 0.4618415904785434 0.01953125 0.026041666666666668
0 0.5233178125772175 0.453038773577135 0.01953125 0.026041666666666668
0 0.5426840097603162 0.4594941726381678 0.01953125 0.026041666666666668
0 0.5423905825302693 0.47494800675397375 0.01953125 0.026041666666666668
0 0.56058307079318 0.46829698953957627 0.01953125 0.026041666666666668
0 0.4044797844082035 0.5130935466600771 0.01953125 0.026041666666666668
0 0.40286593464294534 0.5172015278807344 0.01953125 0.026041666666666668
0 0.4118154651593772 0.5158322008071818 0.01953125 0.026041666666666668
0 0.43279551210773404 0.47377429783378594 0.01953125 0.026041666666666668
0 0.4432121787744007 0.47436115229387993 0.01953125 0.026041666666666668
0 0.41416288299975285 0.4471702289761959 0.01953125 0.026041666666666668
0 0.4190044322955275 0.4634065357054604 0.01953125 0.026041666666666668
0 0.41812415060538666 0.47123126184004577 0.01953125 0.026041666666666668
0 0.45392227267111435 0.45499495511078125 0.01953125 0.026041666666666668
0 0.4465865919199406 0.4581248455646154 0.01953125 0.026041666666666668
0 0.4433588923894242 0.4497132649699362 0.01953125 0.026041666666666668
0 0.4420384698542129 0.43328134008730707 0.01953125 0.026041666666666668
0 0.4570032585866073 0.44540966559591433 0.01953125 0.026041666666666668
0 0.042684009760316284 0.4915755497899676 0.01953125 0.026041666666666668
0 0.037695746849518166 0.4872719504159457 0.01953125 0.026041666666666668
0 0.03476147454904868 0.4900106045630505 0.01953125 0.026041666666666668
0 0.05647508957252285 0.4868807141092164 0.01953125 0.026041666666666668
0 0.06645161539411909 0.4950966765505309 0.01953125 0.026041666666666668
0 0.05676851680256979 0.49666162177744805 0.01953125 0.026041666666666668
0 0.052073681121818635 0.5224832180215794 0.01953125 0.026041666666666668
0 0.04737884544106745 0.5224832180215794 0.01953125 0.026041666666666668
0 0.03945631022979986 0.5029214026851162 0.01953125 0.026041666666666668
0 0.014514995675809246 0.4923580224034261 0.01953125 0.026041666666666668
0 0.026545512107734124 0.5150497281937234 0.01953125 0.026041666666666668
0 0.04297743699036324 0.5432187422782305 0.01953125 0.026041666666666668
0 0.035054901779095635 0.5502609957993573 0.01953125 0.026041666666666668
0 0.019209831356560424 0.5185708549542868 0.01953125 0.026041666666666668
0 0.03945631022979986 0.5866459723251788 0.01953125 0.026041666666666668
0 0.0597027891030393 0.5213095091013916 0.01953125 0.026041666666666668
0 0.0858178125772177 0.5213095091013916 0.01953125 0.026041666666666668
0 0.10283659191994071 0.48844565933613343 0.01953125 0.026041666666666668
0 0.09872861069928342 0.4774910427477141 0.01953125 0.026041666666666668
0 0.12132250741289843 0.4778822790544433 0.01953125 0.026041666666666668
0 0.12455020694341488 0.4853157688822993 0.01953125 0.026041666666666668
0 0.1289516153941191 0.4814034058150067 0.01953125 0.026041666666666668
0 0.13511358722510503 0.4868807141092164 0.01953125 0.026041666666666668
0 0.13980842290585618 0.4692750803063994 0.01953125 0.026041666666666668
0 0.13129903323449468 0.4763173338275262 0.01953125 0.026041666666666668
0 0.1362872961452928 0.49392296763034316 0.01953125 0.026041666666666668
0 0.12308307079318015 0.4923580224034261 0.01953125 0.026041666666666668
0 0.11780138065233506 0.4954879128572602 0.01953125 0.026041666666666668
0 0.13159246046454162 0.5103548925129723 0.01953125 0.026041666666666668
0 0.1779539628119595 0.4943142039370724 0.01953125 0.026041666666666668
0 0.20113471398566837 0.49627038547071867 0.01953125 0.026041666666666668
0 0.20847039473684212 0.4982265670043651 0.01953125 0.026041666666666668
0 0.21228494872745243 0.5001827485380114 0.01953125 0.026041666666666668
0 0.22431546515937728 0.5060512931389504 0.01953125 0.026041666666666668
0 0.21551264825796887 0.5091811835927845 0.01953125 0.026041666666666668
0 0.2413342445021003 0.5123110740466186 0.01953125 0.026041666666666668
0 0.21052438534717074 0.48062093320154814 0.01953125 0.026041666666666668
0 0.2152192210279219 0.4704487892265872 0.01953125 0.026041666666666668
0 0.22901030084012852 0.45988540894489716 0.01953125 0.026041666666666668
0 0.23869339943167778 0.46066788155835564 0.01953125 0.026041666666666668
0 0.23839997220163084 0.47475238860060925 0.01953125 0.026041666666666668
0 0.17707368112181865 0.46888384399967015 0.01953125 0.026041666666666668
0 0.17179199098097356 0.46888384399967015 0.01953125 0.026041666666666668
0 0.169444573140598 0.475926097520797 0.01953125 0.026041666666666668
0 0.16504316468989375 0.4763173338275262 0.01953125 0.026041666666666668
0 0.16005490177909565 0.47475238860060925 0.01953125 0.026041666666666668
0 0.16152203792933037 0.4661451898525653 0.01953125 0.026041666666666668
0 0.158000911168767 0.47318744337369206 0.01953125 0.026041666666666668
0 0.14743753088707687 0.46966631661312874 0.01953125 0.026041666666666668
0 0.14244926797627872 0.4814034058150067 0.01953125 0.026041666666666668
0 0.17003142760069187 0.48062093320154814 0.01953125 0.026041666666666668
0 0.1838225074128985 0.4872719504159457 0.01953125 0.026041666666666668
0 0.18939762478379046 0.49118431348323827 0.01953125 0.026041666666666668
0 0.053247390042006425 0.4954879128572602 0.01953125 0.026041666666666668
0 0.04297743699036324 0.4814034058150067 0.01953125 0.026041666666666668
0 0.3622262632814431 0.47983846058808965 0.01953125 0.026041666666666668
0 0.3815924604645416 0.4892281319495921 0.01953125 0.026041666666666668
0 0.33024269520632565 0.4841420599621116 0.01953125 0.026041666666666668
0 0.3296558407462318 0.4579292274112509 0.01953125 0.026041666666666668
0 0.3334703947368421 0.45245191911704125 0.01953125 0.026041666666666668
0 0.20612297689646647 0.5635630302281524 0.01953125 0.026041666666666668
0 0.3510760285396589 0.44893079235647776 0.01953125 0.026041666666666668
0 0.3722027891030393 0.44893079235647776 0.01953125 0.026041666666666668
0 0.3898084229058561 0.42271795980561705 0.01953125 0.026041666666666668
0 0.3845267327650111 0.45088697389012417 0.01953125 0.026041666666666668
0 0.3862872961452928 0.4579292274112509 0.01953125 0.026041666666666668
0 0.2665689862861379 0.46497148093237767 0.01953125 0.026041666666666668
0 0.4176840097603163 0.5068337657524089 0.01953125 0.026041666666666668
0 0.34843518346923646 0.4665364261592946 0.01953125 0.026041666666666668
0 0.36838823511242896 0.470057552919858 0.01953125 0.026041666666666668
0 0.3930361224363726 0.4622328267852727 0.01953125 0.026041666666666668
0 0.39743753088707684 0.45479933695741664 0.01953125 0.026041666666666668
0 0.4018389393377811 0.4544081006506875 0.01953125 0.026041666666666668
0 0.38892814121571534 0.4465833745161021 0.01953125 0.026041666666666668
0 0.3836464510748703 0.4461921382093728 0.01953125 0.026041666666666668
0 0.45964410365702996 0.4473658471295607 0.01953125 0.026041666666666668
0 0.46521922102792196 0.46966631661312874 0.01953125 0.026041666666666668
0 0.4517215684457623 0.4673188987727532 0.01953125 0.026041666666666668
0 0.4907473900420064 0.504095111605304 0.01953125 0.026041666666666668
0 0.5142215684457623 0.5573032493204839 0.01953125 0.026041666666666668
0 0.5514868266617248 0.49783533069763575 0.01953125 0.026041666666666668
0 0.5256652304175933 0.4872719504159457 0.01953125 0.026041666666666668
0 0.49837649802322703 0.443453484062268 0.01953125 0.026041666666666668
0 0.4886933994316778 0.43641123054114117 0.01953125 0.026041666666666668
0 0.48751969051149 0.43171639486039 0.01953125 0.026041666666666668
0 0.6216159346429454 0.5217007454081212 0.01953125 0.026041666666666668
0 0.6506652304175933 0.44853955604974877 0.01953125 0.026041666666666668
0 0.6312990332344947 0.46653642615929486 0.01953125 0.026041666666666668
0 0.7058295496664196 0.4133282884441149 0.01953125 0.026041666666666668
0 0.7395736811218188 0.5013564574581993 0.01953125 0.026041666666666668
0 0.8713225074128985 0.4817946421217362 0.01953125 0.026041666666666668
0 0.8727896435631333 0.4767085701342557 0.01953125 0.026041666666666668
0 0.8320032585866074 0.4191968330450538 0.01953125 0.026041666666666668
0 0.8261347139856684 0.42076177827197087 0.01953125 0.026041666666666668
0 0.8193858876945885 0.42428290503253424 0.01953125 0.026041666666666668
0 0.8164516153941191 0.42076177827197087 0.01953125 0.026041666666666668
0 0.806181662342476 0.4254566139527221 0.01953125 0.026041666666666668
0 0.7994328360513961 0.4137195247508441 0.01953125 0.026041666666666668
0 0.7967919909809735 0.42037054196524165 0.01953125 0.026041666666666668
0 0.8484351834692365 0.4235004324190757 0.01953125 0.026041666666666668
0 0.8507826013096121 0.4254566139527221 0.01953125 0.026041666666666668
0 0.8522497374598468 0.4270215591796392 0.01953125 0.026041666666666668
0 0.8152779064739313 0.459494172638168 0.01953125 0.026041666666666668
0 0.8173318970842599 0.4547993369574168 0.01953125 0.026041666666666668
0 0.7574727421546825 0.4864894778024873 0.01953125 0.026041666666666668
0 0.9432121787744008 0.48922813194959214 0.01953125 0.026041666666666668
0 0.8540103008401285 0.43367257639403656 0.01953125 0.026041666666666668
0 0.850489174079565 0.43210763116711953 0.01953125 0.026041666666666668
0 0.856651145910551 0.43249886747384875 0.01953125 0.026041666666666668
0 0.8692685168025698 0.39063658265381745 0.01953125 0.026041666666666668
0 0.8739633524833209 0.3910278189605467 0.01953125 0.026041666666666668
0 0.839338939337781 0.40863345276336366 0.01953125 0.026041666666666668
0 0.8305361224363725 0.4293689770200146 0.01953125 0.026041666666666668
0 0.8642802538917717 0.45440810065068754 0.01953125 0.026041666666666668
0 0.9731417562391894 0.4113721069104685 0.01953125 0.026041666666666668
0 0.04356429145045687 0.9884456593361337 0.01953125 0.026041666666666668
0 0.5851918674743352 0.4361018041872531 0.01953125 0.026041666666666668
0 0.5864566229549423 0.4314643674250271 0.01953125 0.026041666666666668
0 0.5832947342534245 0.4234542493811823 0.01953125 0.026041666666666668
0 0.5788680900712997 0.4268269306628012 0.01953125 0.026041666666666668
0 0.5795004678116032 0.4217679087403728 0.01953125 0.026041666666666668
0 0.5997365555013165 0.419659982939361 0.01953125 0.026041666666666668
0 0.599104177761013 0.42598376034239643 0.01953125 0.026041666666666668
0 0.6035308219431378 0.4217679087403728 0.01953125 0.026041666666666668
0 0.6285097426851277 0.4289348564638129 0.01953125 0.026041666666666668
0 0.6481134526345376 0.4167088868179445 0.01953125 0.026041666666666668
0 0.6471648860240822 0.41080669457511143 0.01953125 0.026041666666666668
0 0.6506429635957517 0.4103851094149091 0.01953125 0.026041666666666668
0 0.6522239079465106 0.4129146203761233 0.01953125 0.026041666666666668
0 0.6553857966480282 0.41628730165774214 0.01953125 0.026041666666666668
0 0.6607610074406084 0.4154441313373374 0.01953125 0.026041666666666668
0 0.6566505521286353 0.42092473841996814 0.01953125 0.026041666666666668
0 0.6538048522972694 0.4234542493811823 0.01953125 0.026041666666666668
0 0.6500105858554481 0.41923839777915867 0.01953125 0.026041666666666668
0 0.6455839416733233 0.4221894939005752 0.01953125 0.026041666666666668
0 0.610170788216325 0.4023749913710643 0.01953125 0.026041666666666668
0 0.6022660664625308 0.40574767265268313 0.01953125 0.026041666666666668
0 0.5776033345906926 0.40574767265268313 0.01953125 0.026041666666666668
0 0.5747576347593267 0.40574767265268313 0.01953125 0.026041666666666668
0 0.5621100799532559 0.409120353934302 0.01953125 0.026041666666666668
0 0.5636910243040147 0.40996352425470667 0.01953125 0.026041666666666668
0 0.5668529130055324 0.4146009610169326 0.01953125 0.026041666666666668
0 0.5497787140173368 0.4129146203761233 0.01953125 0.026041666666666668
0 0.6174431322298157 0.39562962880782643 0.01953125 0.026041666666666668
0 0.6218697764119405 0.39647279912823113 0.01953125 0.026041666666666668
0 0.6243992873731546 0.39520804364762413 0.01953125 0.026041666666666668
0 0.6278773649448242 0.39647279912823113 0.01953125 0.026041666666666668
0 0.6304068759060383 0.3973159694486359 0.01953125 0.026041666666666668
0 0.6335687646075561 0.39562962880782643 0.01953125 0.026041666666666668
0 0.6364144644389219 0.39520804364762413 0.01953125 0.026041666666666668
0 0.6364144644389219 0.3922569475262076 0.01953125 0.026041666666666668
0 0.6389439754001361 0.39647279912823113 0.01953125 0.026041666666666668
0 0.6411572974911985 0.3947864584874217 0.01953125 0.026041666666666668
0 0.6421058641016539 0.39815913976904066 0.01953125 0.026041666666666668
0 0.644635375062868 0.3973159694486359 0.01953125 0.026041666666666668
0 0.648745830374841 0.393943288167017 0.01953125 0.026041666666666668
0 0.6496943969852964 0.3973159694486359 0.01953125 0.026041666666666668
0 0.6522239079465106 0.39436487332721937 0.01953125 0.026041666666666668
0 0.6522239079465106 0.39773755460883825 0.01953125 0.026041666666666668
0 0.6541210411674211 0.39689438428843354 0.01953125 0.026041666666666668
0 0.6569667409987872 0.39436487332721937 0.01953125 0.026041666666666668
0 0.6575991187390907 0.3994238952496478 0.01953125 0.026041666666666668
0 0.6629743295316708 0.39310011784661225 0.01953125 0.026041666666666668
0 0.6601286297003048 0.39689438428843354 0.01953125 0.026041666666666668
0 0.6658200293630366 0.39520804364762413 0.01953125 0.026041666666666668
0 0.6692981069347061 0.39436487332721937 0.01953125 0.026041666666666668
0 0.6721438067660721 0.3960512139680288 0.01953125 0.026041666666666668
0 0.6743571288571345 0.39310011784661225 0.01953125 0.026041666666666668
0 0.6781513952989557 0.39520804364762413 0.01953125 0.026041666666666668
0 0.6095384104760214 0.40827718361389725 0.01953125 0.026041666666666668
0 0.6070088995148073 0.40743401329349255 0.01953125 0.026041666666666668
0 0.597839422280406 0.40996352425470667 0.01953125 0.026041666666666668
0 0.5934127780982811 0.41080669457511143 0.01953125 0.026041666666666668
0 0.5924642114878259 0.4171304719781468 0.01953125 0.026041666666666668
0 0.5956261001893436 0.415022546177135 0.01953125 0.026041666666666668
0 0.5855080563444869 0.419659982939361 0.01953125 0.026041666666666668
0 0.5899347005266117 0.42092473841996814 0.01953125 0.026041666666666668
0 0.5725443126682643 0.41923839777915867 0.01953125 0.026041666666666668
0 0.5684338573562913 0.41881681261895626 0.01953125 0.026041666666666668
0 0.5652719686547737 0.41797364229855155 0.01953125 0.026041666666666668
0 0.5573672469009793 0.4217679087403728 0.01953125 0.026041666666666668
0 0.553572980459158 0.419659982939361 0.01953125 0.026041666666666668
0 0.5513596583680956 0.4221894939005752 0.01953125 0.026041666666666668
0 0.5500949028874886 0.4251405900219917 0.01953125 0.026041666666666668
0 0.5662205352652289 0.42724851582300355 0.01953125 0.026041666666666668
0 0.5655881575249254 0.42387583454138467 0.01953125 0.026041666666666668
0 0.5706471794473538 0.4314643674250271 0.01953125 0.026041666666666668
0 0.5753900124996303 0.4310427822648248 0.01953125 0.026041666666666668
0 0.5829785453832728 0.4314643674250271 0.01953125 0.026041666666666668
0 0.5851918674743352 0.42767010098320596 0.01953125 0.026041666666666668
0 0.5877213784355493 0.42851327130361067 0.01953125 0.026041666666666668
0 0.5981556111505577 0.4323075377454318 0.01953125 0.026041666666666668
0 0.6006851221117719 0.43525863386684843 0.01953125 0.026041666666666668
0 0.6032146330729862 0.43694497450765785 0.01953125 0.026041666666666668
0 0.6066927106446556 0.4314643674250271 0.01953125 0.026041666666666668
0 0.6092222216058697 0.43694497450765785 0.01953125 0.026041666666666668
0 0.6139650546581463 0.43652338934745544 0.01953125 0.026041666666666668
0 0.6168107544895122 0.4255621751821941 0.01953125 0.026041666666666668
0 0.6218697764119405 0.4213463235801705 0.01953125 0.026041666666666668
0 0.6247154762433065 0.41881681261895626 0.01953125 0.026041666666666668
0 0.6177593210999676 0.4213463235801705 0.01953125 0.026041666666666668
0 0.6136488657879946 0.4027965765312665 0.01953125 0.026041666666666668
0 0.6177593210999676 0.4011102358904572 0.01953125 0.026041666666666668
0 0.6202888320611817 0.4053260874924807 0.01953125 0.026041666666666668
0 0.621237398671637 0.4002670655700524 0.01953125 0.026041666666666668
0 0.62534785398361 0.40490450233227837 0.01953125 0.026041666666666668
0 0.6294583092955831 0.40363974685167126 0.01953125 0.026041666666666668
0 0.6316716313866454 0.40659084297308784 0.01953125 0.026041666666666668
0 0.6367306533090739 0.4027965765312665 0.01953125 0.026041666666666668
0 0.6379954087896809 0.4078555984536949 0.01953125 0.026041666666666668
0 0.6455839416733233 0.404482917172076 0.01953125 0.026041666666666668
0 0.6430544307121091 0.40743401329349255 0.01953125 0.026041666666666668
0 0.6459001305434752 0.40869876877409966 0.01953125 0.026041666666666668
0 0.6455839416733233 0.4167088868179445 0.01953125 0.026041666666666668
0 0.6424220529718057 0.4183952274587539 0.01953125 0.026041666666666668
0 0.6379954087896809 0.419659982939361 0.01953125 0.026041666666666668
0 0.6443191861927162 0.42977802678421767 0.01953125 0.026041666666666668
0 0.6500105858554481 0.43652338934745544 0.01953125 0.026041666666666668
0 0.6538048522972694 0.43694497450765785 0.01953125 0.026041666666666668
0 0.6471648860240822 0.42851327130361067 0.01953125 0.026041666666666668
0 0.6354658978284667 0.43441546354644367 0.01953125 0.026041666666666668
0 0.6313554425164938 0.4327291229056342 0.01953125 0.026041666666666668
0 0.6300906870358867 0.43778814482806255 0.01953125 0.026041666666666668
0 0.6727761845063757 0.41923839777915867 0.01953125 0.026041666666666668
0 0.6692981069347061 0.4167088868179445 0.01953125 0.026041666666666668
0 0.6674009737137956 0.40153182105065954 0.01953125 0.026041666666666668
0 0.6664524071033402 0.39815913976904066 0.01953125 0.026041666666666668
0 0.6601286297003048 0.40363974685167126 0.01953125 0.026041666666666668
0 0.6544372300375729 0.4023749913710643 0.01953125 0.026041666666666668
0 0.6414734863613504 0.40153182105065954 0.01953125 0.026041666666666668
0 0.681945661740777 0.393943288167017 0.01953125 0.026041666666666668
0 0.6857399281825983 0.3922569475262076 0.01953125 0.026041666666666668
0 0.6895341946244194 0.3918353623660052 0.01953125 0.026041666666666668
0 0.6933284610662407 0.3926785326864099 0.01953125 0.026041666666666668
0 0.6911151389751784 0.398580724929243 0.01953125 0.026041666666666668
0 0.6813132840004734 0.4006886507302548 0.01953125 0.026041666666666668
0 0.6765704509481969 0.4027965765312665 0.01953125 0.026041666666666668
0 0.6730923733765275 0.4019534062108619 0.01953125 0.026041666666666668
0 0.6806809062601699 0.4167088868179445 0.01953125 0.026041666666666668
0 0.6806809062601699 0.4234542493811823 0.01953125 0.026041666666666668
0 0.687320872533357 0.42387583454138467 0.01953125 0.026041666666666668
0 0.6892180057542677 0.4280916861434083 0.01953125 0.026041666666666668
0 0.6952255942871514 0.42767010098320596 0.01953125 0.026041666666666668
0 0.6926960833259371 0.42092473841996814 0.01953125 0.026041666666666668
0 0.691747516715482 0.41586571649753973 0.01953125 0.026041666666666668
0 0.6993360495991244 0.4251405900219917 0.01953125 0.026041666666666668
0 0.7006008050797315 0.4306211971046224 0.01953125 0.026041666666666668
0 0.7031303160409456 0.42598376034239643 0.01953125 0.026041666666666668
0 0.7066083936126152 0.42387583454138467 0.01953125 0.026041666666666668
0 0.7021817494304903 0.4154441313373374 0.01953125 0.026041666666666668
0 0.6990198607289726 0.4023749913710643 0.01953125 0.026041666666666668
0 0.6980712941185173 0.39689438428843354 0.01953125 0.026041666666666668
0 0.7024979383006422 0.4027965765312665 0.01953125 0.026041666666666668
0 0.7075569602230704 0.4032181616914689 0.01953125 0.026041666666666668
0 0.7104026600544364 0.4002670655700524 0.01953125 0.026041666666666668
0 0.7081893379633739 0.39562962880782643 0.01953125 0.026041666666666668
0 0.7208368927694448 0.38930585140479096 0.01953125 0.026041666666666668
0 0.7236825926008107 0.388041095924184 0.01953125 0.026041666666666668
0 0.7217854593799 0.39141377720580284 0.01953125 0.026041666666666668
0 0.4574515639330199 0.4369449745076579 0.01953125 0.026041666666666668
0 0.46061345263453757 0.43736655966786026 0.01953125 0.026041666666666668
0 0.4631429635957517 0.43863131514846737 0.01953125 0.026041666666666668
0 0.4663048522972694 0.43399387838624137 0.01953125 0.026041666666666668
0 0.4707314964793943 0.42893485646381313 0.01953125 0.026041666666666668
0 0.47294481857045667 0.42514059002199184 0.01953125 0.026041666666666668
0 0.47484195179136723 0.42809168614340837 0.01953125 0.026041666666666668
0 0.47832002936303675 0.427670100983206 0.01953125 0.026041666666666668
0 0.4789524071033403 0.42429741970158713 0.01953125 0.026041666666666668
0 0.48179810693470626 0.42809168614340837 0.01953125 0.026041666666666668
0 0.45903250828377873 0.4306211971046225 0.01953125 0.026041666666666668
0 0.4561868084524128 0.4297780267842177 0.01953125 0.026041666666666668
0 0.7387542620780451 0.4070124281332901 0.01953125 0.026041666666666668
0 0.7409675841691075 0.4061692578128853 0.01953125 0.026041666666666668
0 0.7434970951303217 0.40532608749248067 0.01953125 0.026041666666666668
0 0.7476075504422947 0.4044829171720759 0.01953125 0.026041666666666668
0 0.7488723059229018 0.4036397468516712 0.01953125 0.026041666666666668
0 0.7529827612348747 0.4036397468516712 0.01953125 0.026041666666666668
0 0.755512272196089 0.40406133201187355 0.01953125 0.026041666666666668
0 0.7327466735451614 0.3876195107639815 0.01953125 0.026041666666666668
0 0.7324304846750097 0.39225694752620743 0.01953125 0.026041666666666668
0 0.729268595973492 0.3909921920456004 0.01953125 0.026041666666666668
0 0.7030249197508951 0.390570606885398 0.01953125 0.026041666666666668
0 0.7027087308807433 0.395208043647624 0.01953125 0.026041666666666668
0 0.7008115976598326 0.3994238952496476 0.01953125 0.026041666666666668
0 0.6925906870358866 0.40237499137106414 0.01953125 0.026041666666666668
0 0.689112609464217 0.40237499137106414 0.01953125 0.026041666666666668
0 0.6868992873731546 0.4032181616914689 0.01953125 0.026041666666666668
0 0.6831050209313334 0.4044829171720759 0.01953125 0.026041666666666668
0 0.6799431322298157 0.40532608749248067 0.01953125 0.026041666666666668
0 0.7355923733765273 0.38972743656499326 0.01953125 0.026041666666666668
0 0.7387542620780451 0.3909921920456004 0.01953125 0.026041666666666668
0 0.7412837730392592 0.3914137772058028 0.01953125 0.026041666666666668
0 0.7438132840004734 0.3926785326864098 0.01953125 0.026041666666666668
0 0.744445661740777 0.38804109592418384 0.01953125 0.026041666666666668
0 0.7428647173900181 0.3855115849629697 0.01953125 0.026041666666666668
0 0.7387542620780451 0.3855115849629697 0.01953125 0.026041666666666668
0 0.7460266060915358 0.3871979256037792 0.01953125 0.026041666666666668
0 0.7472913615721428 0.3918353623660051 0.01953125 0.026041666666666668
0 0.7491884947930535 0.390570606885398 0.01953125 0.026041666666666668
0 0.749820872533357 0.3855115849629697 0.01953125 0.026041666666666668
0 0.7520341946244194 0.38972743656499326 0.01953125 0.026041666666666668
0 0.7529827612348747 0.3850899998027673 0.01953125 0.026041666666666668
0 0.7393866398183486 0.3960512139680288 0.01953125 0.026041666666666668
0 0.7422323396497146 0.3964727991282311 0.01953125 0.026041666666666668
0 0.7466589838318393 0.39815913976904055 0.01953125 0.026041666666666668
0 0.7482399281825982 0.395208043647624 0.01953125 0.026041666666666668
0 0.7507694391438124 0.3943648733272193 0.01953125 0.026041666666666668
0 0.752666572364723 0.39478645848742167 0.01953125 0.026041666666666668
0 0.7551960833259371 0.3931001178466122 0.01953125 0.026041666666666668
0 0.7558284610662407 0.39014902172519567 0.01953125 0.026041666666666668
0 0.7570932165468477 0.3859331701231721 0.01953125 0.026041666666666668
0 0.7589903497677584 0.3943648733272193 0.01953125 0.026041666666666668
0 0.7605712941185173 0.38846268108438625 0.01953125 0.026041666666666668
0 0.7624684273394278 0.3931001178466122 0.01953125 0.026041666666666668
0 0.764997938300642 0.38846268108438625 0.01953125 0.026041666666666668
0 0.7659465049110974 0.38466841464256496 0.01953125 0.026041666666666668
0 0.7672112603917045 0.39014902172519567 0.01953125 0.026041666666666668
0 0.7653141271707938 0.39478645848742167 0.01953125 0.026041666666666668
0 0.7627846162095796 0.4015318210506594 0.01953125 0.026041666666666668
0 0.7570932165468477 0.3994238952496476 0.01953125 0.026041666666666668
0 0.7542475167154818 0.3994238952496476 0.01953125 0.026041666666666668
0 0.7529827612348747 0.3998454804098499 0.01953125 0.026041666666666668
0 0.7469751727019911 0.401110235890457 0.01953125 0.026041666666666668
0 0.7422323396497146 0.401110235890457 0.01953125 0.026041666666666668
0 0.7368571288571344 0.4015318210506594 0.01953125 0.026041666666666668
0 0.7340114290257685 0.40026706557005226 0.01953125 0.026041666666666668
0 0.7343276178959204 0.39562962880782643 0.01953125 0.026041666666666668
0 0.7612036718588209 0.39731596944863584 0.01953125 0.026041666666666668
0 0.7631008050797313 0.39731596944863584 0.01953125 0.026041666666666668
0 0.7681598270021597 0.3964727991282311 0.01953125 0.026041666666666668
0 0.7700569602230704 0.3939432881670169 0.01953125 0.026041666666666668
0 0.7710055268335257 0.3914137772058028 0.01953125 0.026041666666666668
0 0.7713217157036775 0.38466841464256496 0.01953125 0.026041666666666668
0 0.7700569602230704 0.38635475528337443 0.01953125 0.026041666666666668
0 0.7706893379633739 0.38846268108438625 0.01953125 0.026041666666666668
0 0.7817559484186859 0.38846268108438625 0.01953125 0.026041666666666668
0 0.7861825926008107 0.3871979256037792 0.01953125 0.026041666666666668
0 0.788395914691873 0.3859331701231721 0.01953125 0.026041666666666668
0 0.7896606701724801 0.3859331701231721 0.01953125 0.026041666666666668
0 0.7928225588739979 0.3859331701231721 0.01953125 0.026041666666666668
0 0.7969330141859708 0.3834036591619579 0.01953125 0.026041666666666668
0 0.7991463362770332 0.38298207400175555 0.01953125 0.026041666666666668
0 0.7994625251471851 0.37960939272013666 0.01953125 0.026041666666666668
0 0.7969330141859708 0.380030977880339 0.01953125 0.026041666666666668
0 0.8057863025502204 0.38045256304054137 0.01953125 0.026041666666666668
0 0.8086320023815864 0.38045256304054137 0.01953125 0.026041666666666668
0 0.812110079953256 0.380030977880339 0.01953125 0.026041666666666668
0 0.816220535265229 0.380030977880339 0.01953125 0.026041666666666668
0 0.8200148017070502 0.380030977880339 0.01953125 0.026041666666666668
0 0.8231766904085678 0.380030977880339 0.01953125 0.026041666666666668
0 0.8279195234608444 0.380030977880339 0.01953125 0.026041666666666668
0 0.8326623565131209 0.37918780755993425 0.01953125 0.026041666666666668
0 0.8361404340847904 0.37834463723952955 0.01953125 0.026041666666666668
0 0.8393023227863081 0.37581512627831537 0.01953125 0.026041666666666668
0 0.7855502148605071 0.4044829171720759 0.01953125 0.026041666666666668
0 0.7893444813023285 0.4015318210506594 0.01953125 0.026041666666666668
0 0.7896606701724801 0.405747672652683 0.01953125 0.026041666666666668
0 0.7896606701724801 0.40869876877409955 0.01953125 0.026041666666666668
0 0.7915578033933908 0.4108066945751114 0.01953125 0.026041666666666668
0 0.7944035032247566 0.4049045023322783 0.01953125 0.026041666666666668
0 0.7953520698352121 0.4070124281332901 0.01953125 0.026041666666666668
0 0.7991463362770332 0.4019534062108618 0.01953125 0.026041666666666668
0 0.7944035032247566 0.4015318210506594 0.01953125 0.026041666666666668
0 0.7934549366143014 0.39731596944863584 0.01953125 0.026041666666666668
0 0.7902930479127837 0.395208043647624 0.01953125 0.026041666666666668
0 0.7985139585367298 0.3994238952496476 0.01953125 0.026041666666666668
0 0.8038891693293099 0.39900231008944526 0.01953125 0.026041666666666668
0 0.8054701136800687 0.3964727991282311 0.01953125 0.026041666666666668
0 0.8089481912517382 0.3964727991282311 0.01953125 0.026041666666666668
0 0.8073672469009794 0.4027965765312665 0.01953125 0.026041666666666668
0 0.8070510580308276 0.40996352425470667 0.01953125 0.026041666666666668
0 0.8051539248099169 0.41460096101693256 0.01953125 0.026041666666666668
0 0.8048377359397652 0.41965998293936096 0.01953125 0.026041666666666668
0 0.8073672469009794 0.41965998293936096 0.01953125 0.026041666666666668
0 0.80926438012189 0.41755205713834914 0.01953125 0.026041666666666668
0 0.8114777022129525 0.4137577906965278 0.01953125 0.026041666666666668
0 0.8136910243040147 0.41122827973531373 0.01953125 0.026041666666666668
0 0.8181176684861396 0.40996352425470667 0.01953125 0.026041666666666668
0 0.8288680900712998 0.4015318210506594 0.01953125 0.026041666666666668
0 0.8234928792787197 0.4032181616914689 0.01953125 0.026041666666666668
0 0.8187500462264431 0.40406133201187355 0.01953125 0.026041666666666668
0 0.8288680900712998 0.4036397468516712 0.01953125 0.026041666666666668
0 0.8313976010325139 0.4061692578128853 0.01953125 0.026041666666666668
0 0.8355080563444869 0.4061692578128853 0.01953125 0.026041666666666668
0 0.8377213784355494 0.39689438428843343 0.01953125 0.026041666666666668
0 0.8424642114878259 0.3977375546088382 0.01953125 0.026041666666666668
0 0.8446775335788882 0.3977375546088382 0.01953125 0.026041666666666668
0 0.8481556111505577 0.3964727991282311 0.01953125 0.026041666666666668
0 0.8522660664625308 0.3960512139680288 0.01953125 0.026041666666666668
0 0.8566927106446556 0.3943648733272193 0.01953125 0.026041666666666668
0 0.8585898438655662 0.390570606885398 0.01953125 0.026041666666666668
0 0.8356134526345375 0.4255621751821941 0.01953125 0.026041666666666668
0 0.8387753413360551 0.4167088868179445 0.01953125 0.026041666666666668
0 0.8352972637643857 0.413757790696528 0.01953125 0.026041666666666668
0 0.8318191861927161 0.4116498648955162 0.01953125 0.026041666666666668
0 0.8267601642702878 0.4116498648955162 0.01953125 0.026041666666666668
0 0.8207525757374042 0.41207145005571855 0.01953125 0.026041666666666668
0 0.8175906870358866 0.39815913976904066 0.01953125 0.026041666666666668
0 0.8112669096328511 0.39520804364762413 0.01953125 0.026041666666666668
0 0.8115830985030028 0.3918353623660052 0.01953125 0.026041666666666668
0 0.8134802317239135 0.3867763404435769 0.01953125 0.026041666666666668
0 0.8081050209313334 0.3842468294823627 0.01953125 0.026041666666666668
0 0.803045999008905 0.3850899998027675 0.01953125 0.026041666666666668
0 0.7983031659566285 0.38719792560377925 0.01953125 0.026041666666666668
0 0.7922955774237449 0.38930585140479096 0.01953125 0.026041666666666668
0 0.7888174998520753 0.3905706068853981 0.01953125 0.026041666666666668
0 0.7951412772551107 0.3905706068853981 0.01953125 0.026041666666666668
0 0.8008326769178427 0.3909921920456005 0.01953125 0.026041666666666668
0 0.8046269433596639 0.3901490217251957 0.01953125 0.026041666666666668
0 0.8081050209313334 0.38761951076398166 0.01953125 0.026041666666666668
0 0.8201201979971007 0.3901490217251957 0.01953125 0.026041666666666668
0 0.8226497089583148 0.3901490217251957 0.01953125 0.026041666666666668
0 0.8118992873731546 0.39815913976904066 0.01953125 0.026041666666666668
0 0.8081050209313334 0.39984548040985013 0.01953125 0.026041666666666668
0 0.8213849534777077 0.39815913976904066 0.01953125 0.026041666666666668
0 0.825179219919529 0.39689438428843354 0.01953125 0.026041666666666668
0 0.829289675231502 0.39267853268640995 0.01953125 0.026041666666666668
0 0.8315029973225645 0.3901490217251957 0.01953125 0.026041666666666668
0 0.8346648860240822 0.3931001178466123 0.01953125 0.026041666666666668
0 0.8378267747255997 0.3867763404435769 0.01953125 0.026041666666666668
0 0.8406724745569658 0.38972743656499337 0.01953125 0.026041666666666668
0 0.8432019855181799 0.388041095924184 0.01953125 0.026041666666666668
0 0.8450991187390906 0.3737072004773037 0.01953125 0.026041666666666668
0 0.8511067072719742 0.3749719559579108 0.01953125 0.026041666666666668
0 0.8533200293630365 0.37623671143851783 0.01953125 0.026041666666666668
0 0.8561657291944026 0.3745503707977084 0.01953125 0.026041666666666668
0 0.8507905184018224 0.3905706068853981 0.01953125 0.026041666666666668
0 0.8549009737137955 0.38972743656499337 0.01953125 0.026041666666666668
0 0.8729237393124464 0.3973159694486359 0.01953125 0.026041666666666668
0 0.8760856280139641 0.3973159694486359 0.01953125 0.026041666666666668
0 0.8767180057542676 0.3922569475262076 0.01953125 0.026041666666666668
0 0.8798798944557854 0.3922569475262076 0.01953125 0.026041666666666668
0 0.8798798944557854 0.39436487332721937 0.01953125 0.026041666666666668
0 0.8877846162095796 0.38888426624458877 0.01953125 0.026041666666666668
0 0.8890493716901867 0.3909921920456005 0.01953125 0.026041666666666668
0 0.9225653919262744 0.4268269306628012 0.01953125 0.026041666666666668
0 0.9244625251471851 0.4213463235801705 0.01953125 0.026041666666666668
0 0.9213006364456673 0.4200815680995634 0.01953125 0.026041666666666668
0 0.918771125484453 0.4217679087403729 0.01953125 0.026041666666666668
0 0.9292053581994616 0.4230326642209799 0.01953125 0.026041666666666668
0 0.9326834357711311 0.4205031532597658 0.01953125 0.026041666666666668
0 0.9333158135114347 0.4251405900219917 0.01953125 0.026041666666666668
0 0.935529135602497 0.4213463235801705 0.01953125 0.026041666666666668
0 0.9320510580308276 0.4099635242547068 0.01953125 0.026041666666666668
0 0.9295215470696133 0.40701242813329025 0.01953125 0.026041666666666668
0 0.9269920361083992 0.4027965765312666 0.01953125 0.026041666666666668
0 0.9329996246412828 0.4040613320118736 0.01953125 0.026041666666666668
0 0.9352129467323453 0.40363974685167126 0.01953125 0.026041666666666668
0 0.9339481912517382 0.39815913976904066 0.01953125 0.026041666666666668
0 0.931418680290524 0.39900231008944537 0.01953125 0.026041666666666668
0 0.9295215470696133 0.3956296288078265 0.01953125 0.026041666666666668
0 0.9326834357711311 0.39267853268640995 0.01953125 0.026041666666666668
0 0.9070721372888377 0.38256048884155325 0.01953125 0.026041666666666668
0 0.9023293042365611 0.38593317012317224 0.01953125 0.026041666666666668
0 0.895373149093222 0.3850899998027675 0.01953125 0.026041666666666668
