0 0.04172738513919341 0.9962149295142996 0.01953125 0.03241491085899514
0 0.06313149472823451 0.9952676444481007 0.01953125 0.03241491085899514
0 0.07797167737663632 0.9839002236537132 0.01953125 0.03241491085899514
0 0.0732627732670473 0.9595076331990905 0.01953125 0.03241491085899514
0 0.06056300157754958 0.9426933232740591 0.01953125 0.03241491085899514
0 0.04900478239946738 0.9569025992670434 0.01953125 0.03241491085899514
0 0.026601814362937702 0.9488506762043523 0.01953125 0.03241491085899514
0 0.015614371440563277 0.9232739794169808 0.01953125 0.03241491085899514
0 0.0022011294314308533 0.9448247146730068 0.01953125 0.03241491085899514
0 0.06741231664604272 0.9111960948229442 0.01953125 0.03241491085899514
0 0.03088263628074592 0.868331445577442 0.01953125 0.03241491085899514
0 0.059421449066134044 0.8626477351802483 0.01953125 0.03241491085899514
0 0.05856528468257242 0.8768570111732324 0.01953125 0.03241491085899514
0 0.04886208833554044 0.8422811062569711 0.01953125 0.03241491085899514
0 0.06441574130357697 0.8434652125897197 0.01953125 0.03241491085899514
0 0.007623503860654599 0.8491489229869134 0.01953125 0.03241491085899514
0 0.03273765911179615 0.8380183234590758 0.01953125 0.03241491085899514
0 0.16786893765060892 0.883724827903175 0.01953125 0.03241491085899514
0 0.15745227098394227 0.8725942283753372 0.01953125 0.03241491085899514
0 0.1789990746369103 0.8671473392446932 0.01953125 0.03241491085899514
0 0.1908426819428464 0.922326694350782 0.01953125 0.03241491085899514
0 0.20097396048165914 0.9377200766765147 0.01953125 0.03241491085899514
0 0.19769199701133952 0.8505698505862118 0.01953125 0.03241491085899514
0 0.17757213399764088 0.8188358008685471 0.01953125 0.03241491085899514
0 0.14746368650905645 0.8465438890548662 0.01953125 0.03241491085899514
0 0.16472966824421623 0.8190726221350969 0.01953125 0.03241491085899514
0 0.1105059239519788 0.7994164570114687 0.01953125 0.03241491085899514
0 0.09480957692001532 0.8257036175984894 0.01953125 0.03241491085899514
0 0.06741231664604272 0.8105470565393064 0.01953125 0.03241491085899514
0 0.058422590618645465 0.8051001674086624 0.01953125 0.03241491085899514
0 0.05043172303873679 0.8114943416055053 0.01953125 0.03241491085899514
0 0.025460261851522184 0.8155203031368509 0.01953125 0.03241491085899514
0 0.011333549522755058 0.808178843873809 0.01953125 0.03241491085899514
0 0.02146482806156784 0.7894699638163798 0.01953125 0.03241491085899514
0 0.05399907463691031 0.7920749977484269 0.01953125 0.03241491085899514
0 0.0785424536323441 0.7821285045533379 0.01953125 0.03241491085899514
0 0.0823951933583715 0.8157571244034005 0.01953125 0.03241491085899514
0 0.12020912029901075 0.7880490362170814 0.01953125 0.03241491085899514
0 0.13176733947709296 0.8043897036090133 0.01953125 0.03241491085899514
0 0.13804587828987835 0.7868649298843328 0.01953125 0.03241491085899514
0 0.17172167737663635 0.7977587081456206 0.01953125 0.03241491085899514
0 0.18085409746796052 0.7977587081456206 0.01953125 0.03241491085899514
0 0.19597966824421623 0.8202567284678456 0.01953125 0.03241491085899514
0 0.20197281892914773 0.8039160610759138 0.01953125 0.03241491085899514
0 0.20910752212549477 0.8602795225147509 0.01953125 0.03241491085899514
0 0.09423880066430756 0.7968114230794217 0.01953125 0.03241491085899514
0 0.16101962258211577 0.7880490362170814 0.01953125 0.03241491085899514
0 0.17800021618942172 0.7837862534191862 0.01953125 0.03241491085899514
0 0.033308435367503914 0.7844967172188354 0.01953125 0.03241491085899514
0 0.02189291025334866 0.8474911741210652 0.01953125 0.03241491085899514
0 0.010620079203120355 0.737532170167011 0.01953125 0.03241491085899514
0 0.024889485595814425 0.7377689914335607 0.01953125 0.03241491085899514
0 0.040728526691704826 0.7342166724353147 0.01953125 0.03241491085899514
0 0.04786322988805186 0.7429790592976548 0.01953125 0.03241491085899514
0 0.060991083769330406 0.7185864688430321 0.01953125 0.03241491085899514
0 0.04971825271910209 0.7152709711113358 0.01953125 0.03241491085899514
0 0.03644770477389661 0.7190601113761315 0.01953125 0.03241491085899514
0 0.02959838970540345 0.7027194439841997 0.01953125 0.03241491085899514
0 0.02189291025334866 0.7095872607141421 0.01953125 0.03241491085899514
0 0.00676733947709296 0.7188232901095818 0.01953125 0.03241491085899514
0 0.0014876591117961504 0.6383040594826714 0.01953125 0.03241491085899514
0 0.007766197924581542 0.6162796816935461 0.01953125 0.03241491085899514
0 0.022178298381202548 0.5743623175142427 0.01953125 0.03241491085899514
0 0.011904325778462817 0.5876243084410279 0.01953125 0.03241491085899514
0 0.011761631714535882 0.5767305301797401 0.01953125 0.03241491085899514
0 0.003913458198554147 0.5814669555107347 0.01953125 0.03241491085899514
0 0.05100249929444456 0.5743623175142427 0.01953125 0.03241491085899514
0 0.04286893765060893 0.5745991387807925 0.01953125 0.03241491085899514
0 0.04172738513919341 0.5814669555107347 0.01953125 0.03241491085899514
0 0.04572281892914774 0.5639421817860544 0.01953125 0.03241491085899514
0 0.036162316646042726 0.5916502699723735 0.01953125 0.03241491085899514
0 0.02988377783325734 0.5852560957755306 0.01953125 0.03241491085899514
0 0.05214405180586008 0.5535220460578658 0.01953125 0.03241491085899514
0 0.060848389705403454 0.5487856207268712 0.01953125 0.03241491085899514
0 0.045865512993074696 0.5468910505944733 0.01953125 0.03241491085899514
0 0.014900901120928574 0.5404968763976304 0.01953125 0.03241491085899514
0 0.0041988463264080265 0.5700995347163476 0.01953125 0.03241491085899514
0 0.026031038107229943 0.566073573185002 0.01953125 0.03241491085899514
0 0.06598537600677332 0.5577848288557612 0.01953125 0.03241491085899514
0 0.07939861801590574 0.549022441993421 0.01953125 0.03241491085899514
0 0.06512921162321167 0.6004126568347137 0.01953125 0.03241491085899514
0 0.060705695641476515 0.6011231206343628 0.01953125 0.03241491085899514
0 0.06883925728531214 0.6058595459653576 0.01953125 0.03241491085899514
0 0.07497510203417058 0.6042017970995095 0.01953125 0.03241491085899514
0 0.06655615226248107 0.6269366386882842 0.01953125 0.03241491085899514
0 0.09138491938576876 0.6148587540942477 0.01953125 0.03241491085899514
0 0.08510638057298336 0.6058595459653576 0.01953125 0.03241491085899514
0 0.09067144906613404 0.5767305301797401 0.01953125 0.03241491085899514
0 0.10608240797024363 0.5769673514462899 0.01953125 0.03241491085899514
0 0.10950706550449021 0.6065700097650069 0.01953125 0.03241491085899514
0 0.10351391481955872 0.6250420685558862 0.01953125 0.03241491085899514
0 0.1164990746369103 0.6089382224305042 0.01953125 0.03241491085899514
0 0.1273438234953578 0.6139114690280486 0.01953125 0.03241491085899514
0 0.11778332121225278 0.6622230074041948 0.01953125 0.03241491085899514
0 0.11221825271910209 0.6859051340591684 0.01953125 0.03241491085899514
0 0.08082555865517514 0.7084031543813935 0.01953125 0.03241491085899514
0 0.08924450842686465 0.7443999868969532 0.01953125 0.03241491085899514
0 0.10379930294741259 0.7344534937018643 0.01953125 0.03241491085899514
0 0.11350249929444454 0.7316116385032675 0.01953125 0.03241491085899514
0 0.11193286459124822 0.7152709711113358 0.01953125 0.03241491085899514
0 0.1259168828560884 0.69348341458876 0.01953125 0.03241491085899514
0 0.13305158605243544 0.7131395797123882 0.01953125 0.03241491085899514
0 0.13718971390631668 0.749136412227948 0.01953125 0.03241491085899514
0 0.14903332121225277 0.7425054167645555 0.01953125 0.03241491085899514
0 0.15231528468257238 0.722138787841278 0.01953125 0.03241491085899514
0 0.16915318422595138 0.7204810389754299 0.01953125 0.03241491085899514
0 0.17543172303873675 0.7110081883134405 0.01953125 0.03241491085899514
0 0.1814248737236683 0.7200073964423305 0.01953125 0.03241491085899514
0 0.18156756778759522 0.6930097720556606 0.01953125 0.03241491085899514
0 0.17414747646339432 0.6683803603344881 0.01953125 0.03241491085899514
0 0.15673880066430756 0.6994039462525034 0.01953125 0.03241491085899514
0 0.13890204267343997 0.6875628829250167 0.01953125 0.03241491085899514
0 0.14332555865517516 0.629778493886881 0.01953125 0.03241491085899514
0 0.1573095769200153 0.6195951794252423 0.01953125 0.03241491085899514
0 0.12691574130357697 0.6605652585383466 0.01953125 0.03241491085899514
0 0.12448994221681899 0.6347517404844254 0.01953125 0.03241491085899514
0 0.13576277326704733 0.5980444441692163 0.01953125 0.03241491085899514
0 0.14503788742229842 0.6053859034322581 0.01953125 0.03241491085899514
0 0.15202989655471852 0.6013599419009126 0.01953125 0.03241491085899514
0 0.1434682527191021 0.5909398061727242 0.01953125 0.03241491085899514
0 0.13319428011636233 0.5968603378364677 0.01953125 0.03241491085899514
0 0.1020869741802893 0.5575480075892114 0.01953125 0.03241491085899514
0 0.11464405180586007 0.5438123741293267 0.01953125 0.03241491085899514
0 0.13105386915745826 0.5516274759254681 0.01953125 0.03241491085899514
0 0.13405044449992398 0.559679398988159 0.01953125 0.03241491085899514
0 0.1451805814862254 0.5587321139219601 0.01953125 0.03241491085899514
0 0.13547738513919338 0.5748359600473422 0.01953125 0.03241491085899514
0 0.15031756778759522 0.5809933129776353 0.01953125 0.03241491085899514
0 0.15702418879216143 0.5658367519184522 0.01953125 0.03241491085899514
0 0.14974679153188747 0.5573111863226617 0.01953125 0.03241491085899514
0 0.17043743080129384 0.5700995347163476 0.01953125 0.03241491085899514
0 0.16701277326704733 0.5968603378364677 0.01953125 0.03241491085899514
0 0.17543172303873675 0.7538728375589429 0.01953125 0.03241491085899514
0 0.21039176870083723 0.7008248738518018 0.01953125 0.03241491085899514
0 0.21324564997937606 0.6598547947386976 0.01953125 0.03241491085899514
0 0.17015204267343997 0.5494960845265203 0.01953125 0.03241491085899514
0 0.18556300157754957 0.5516274759254681 0.01953125 0.03241491085899514
0 0.1884168828560884 0.5447596591955257 0.01953125 0.03241491085899514
0 0.19355386915745829 0.5402600551310807 0.01953125 0.03241491085899514
0 0.19968971390631668 0.5416809827303791 0.01953125 0.03241491085899514
0 0.20511208833554043 0.5525747609916669 0.01953125 0.03241491085899514
0 0.2071098052305176 0.5682049645839495 0.01953125 0.03241491085899514
0 0.19369656322138518 0.5734150324480438 0.01953125 0.03241491085899514
0 0.18542030751362265 0.5743623175142427 0.01953125 0.03241491085899514
0 0.21281756778759522 0.5840719894427818 0.01953125 0.03241491085899514
0 0.21010638057298334 0.602780869500211 0.01953125 0.03241491085899514
0 0.19540889198850847 0.6025440482336614 0.01953125 0.03241491085899514
0 0.18927304723965002 0.6034913332998603 0.01953125 0.03241491085899514
0 0.039872362308143186 0.650381944076708 0.01953125 0.03241491085899514
0 0.06969542166887378 0.6624598286707446 0.01953125 0.03241491085899514
0 0.08967259061864546 0.6551183694077027 0.01953125 0.03241491085899514
0 0.15602533034467284 0.5388391275317823 0.01953125 0.03241491085899514
0 0.1344785266917048 0.5397864125979812 0.01953125 0.03241491085899514
0 0.02745797874649935 0.49218533802148423 0.01953125 0.03241491085899514
0 0.022320992445129483 0.49455355068698154 0.01953125 0.03241491085899514
0 0.02560295591544912 0.5092364692130652 0.01953125 0.03241491085899514
0 0.024889485595814425 0.5291294556032431 0.01953125 0.03241491085899514
0 0.01975249929444456 0.5303135619359918 0.01953125 0.03241491085899514
0 0.018610946783029027 0.5196566049412537 0.01953125 0.03241491085899514
0 0.012047019842389761 0.5191829624081542 0.01953125 0.03241491085899514
0 0.001630353175723094 0.49052758915563605 0.01953125 0.03241491085899514
0 0.001630353175723094 0.4981058696852277 0.01953125 0.03241491085899514
0 0.05885067281042629 0.5179988560754055 0.01953125 0.03241491085899514
0 0.062132636280745925 0.5054473289482695 0.01953125 0.03241491085899514
0 0.06413035317572309 0.48958030408943715 0.01953125 0.03241491085899514
0 0.0845356043172756 0.5239193877391488 0.01953125 0.03241491085899514
0 0.059421449066134044 0.5333922384011384 0.01953125 0.03241491085899514
0 0.06855386915745826 0.5312608470021907 0.01953125 0.03241491085899514
0 0.1283426819428464 0.5303135619359918 0.01953125 0.03241491085899514
0 0.15745227098394227 0.5151570008768087 0.01953125 0.03241491085899514
0 0.16943857235380527 0.526524421671196 0.01953125 0.03241491085899514
0 0.18028332121225277 0.5286558130701436 0.01953125 0.03241491085899514
0 0.18756071847252673 0.5232089239394996 0.01953125 0.03241491085899514
0 0.1757171111665907 0.5175252135423061 0.01953125 0.03241491085899514
0 0.13176733947709296 0.5087628266799658 0.01953125 0.03241491085899514
0 0.10693857235380527 0.4926589805545837 0.01953125 0.03241491085899514
0 0.110077841760198 0.4815283810267461 0.01953125 0.03241491085899514
0 0.09966117509353133 0.4874489126904895 0.01953125 0.03241491085899514
0 0.11179017052732125 0.46826639009996085 0.01953125 0.03241491085899514
0 0.09951848102960435 0.5007109036172748 0.01953125 0.03241491085899514
0 0.10979245363234409 0.5116046818785626 0.01953125 0.03241491085899514
0 0.10251505637207013 0.5234457452060494 0.01953125 0.03241491085899514
0 0.12534610660038065 0.4760814918961022 0.01953125 0.03241491085899514
0 0.13376505637207015 0.47418692176370436 0.01953125 0.03241491085899514
0 0.13647624358668198 0.4604512883038196 0.01953125 0.03241491085899514
0 0.1421840061437596 0.46329314350241646 0.01953125 0.03241491085899514
0 0.14560866367800618 0.4571357905721233 0.01953125 0.03241491085899514
0 0.14246939427161354 0.4495575100425318 0.01953125 0.03241491085899514
0 0.13362236230814314 0.4346377702498983 0.01953125 0.03241491085899514
0 0.12077989655471853 0.440321480647092 0.01953125 0.03241491085899514
0 0.11464405180586007 0.4455315485111862 0.01953125 0.03241491085899514
0 0.10765204267343999 0.45689896930557355 0.01953125 0.03241491085899514
0 0.10693857235380527 0.44268969331258934 0.01953125 0.03241491085899514
0 0.11592829838120255 0.4294277023858041 0.01953125 0.03241491085899514
0 0.10708126641773222 0.4265858471872073 0.01953125 0.03241491085899514
0 0.09937578696567742 0.42634902592065754 0.01953125 0.03241491085899514
0 0.11278902897480984 0.4147447838597205 0.01953125 0.03241491085899514
0 0.1020869741802893 0.40716650333012894 0.01953125 0.03241491085899514
0 0.10094542166887378 0.4126133924607729 0.01953125 0.03241491085899514
0 0.09866231664604275 0.4038510055984326 0.01953125 0.03241491085899514
0 0.19812007920312036 0.5232089239394996 0.01953125 0.03241491085899514
0 0.015328983312709397 0.4038510055984326 0.01953125 0.03241491085899514
0 0.022891768700837242 0.3946149762029929 0.01953125 0.03241491085899514
0 0.02959838970540345 0.4036141843318829 0.01953125 0.03241491085899514
0 0.00334268194284638 0.47537102809645293 0.01953125 0.03241491085899514
0 0.0244614034040336 0.4817652022932959 0.01953125 0.03241491085899514
0 0.06912464541316601 0.4121397499276734 0.01953125 0.03241491085899514
0 0.05756642623508382 0.49218533802148423 0.01953125 0.03241491085899514
0 0.04971825271910209 0.5170515710092065 0.01953125 0.03241491085899514
0 0.05271482806156784 0.5376550211990336 0.01953125 0.03241491085899514
0 0.13633354952275506 0.4121397499276734 0.01953125 0.03241491085899514
0 0.12391916596111122 0.4102451797952755 0.01953125 0.03241491085899514
0 0.14304017052732126 0.414271141326621 0.01953125 0.03241491085899514
0 0.16301733947709293 0.4509784376418301 0.01953125 0.03241491085899514
0 0.18456414313006098 0.45405711410697663 0.01953125 0.03241491085899514
0 0.18713263628074595 0.46992413896580904 0.01953125 0.03241491085899514
0 0.19112807007070026 0.46329314350241646 0.01953125 0.03241491085899514
0 0.20211551299307468 0.44103194444674126 0.01953125 0.03241491085899514
0 0.1986908554588281 0.4291908811192544 0.01953125 0.03241491085899514
0 0.20639633491088288 0.4303749874520031 0.01953125 0.03241491085899514
0 0.18656186002503813 0.43676916164884594 0.01953125 0.03241491085899514
0 0.19469542166887377 0.418770745391066 0.01953125 0.03241491085899514
0 0.19983240797024365 0.4007723291332861 0.01953125 0.03241491085899514
0 0.18784610660038065 0.4047982906646316 0.01953125 0.03241491085899514
0 0.17985523902047193 0.40266689926568394 0.01953125 0.03241491085899514
0 0.21324564997937606 0.4123765711942231 0.01953125 0.03241491085899514
0 0.09623651755928474 0.5184724986085049 0.01953125 0.03241491085899514
0 0.12677304723965005 0.42634902592065754 0.01953125 0.03241491085899514
0 0.1417559239519788 0.4261122046541079 0.01953125 0.03241491085899514
0 0.1488906271483258 0.42634902592065754 0.01953125 0.03241491085899514
0 0.048291312079832685 0.3993514015339877 0.01953125 0.03241491085899514
0 0.16943857235380527 0.5097101117461648 0.01953125 0.03241491085899514
0 0.15431300157754954 0.4981058696852277 0.01953125 0.03241491085899514
0 0.15088834404330304 0.48508070002499215 0.01953125 0.03241491085899514
0 0.13633354952275506 0.4990531547514266 0.01953125 0.03241491085899514
0 0.13747510203417054 0.5082891841468663 0.01953125 0.03241491085899514
0 0.12891345819855413 0.49526401448663077 0.01953125 0.03241491085899514
0 0.11764062714832585 0.5764937089131903 0.01953125 0.03241491085899514
0 0.12391916596111122 0.586677023374829 0.01953125 0.03241491085899514
0 0.18784610660038065 0.5700995347163474 0.01953125 0.03241491085899514
0 0.20839405180586004 0.5494960845265203 0.01953125 0.03241491085899514
0 0.2146725906186455 0.5530484035247665 0.01953125 0.03241491085899514
0 0.2189534125364537 0.5402600551310807 0.01953125 0.03241491085899514
0 0.2071098052305176 0.5146833583437092 0.01953125 0.03241491085899514
0 0.21424450842686465 0.5063946140144684 0.01953125 0.03241491085899514
0 0.16929587828987835 0.4507416163752804 0.01953125 0.03241491085899514
0 0.1712935951848555 0.44197922951294016 0.01953125 0.03241491085899514
0 0.20810866367800618 0.4178234603248671 0.01953125 0.03241491085899514
0 0.22123651755928472 0.4751342068299032 0.01953125 0.03241491085899514
0 0.22023765911179613 0.4914748742218351 0.01953125 0.03241491085899514
0 0.22309154039033494 0.4926589805545837 0.01953125 0.03241491085899514
0 0.2203803531757231 0.49952679728452604 0.01953125 0.03241491085899514
0 0.22166459975106556 0.6008862993678132 0.01953125 0.03241491085899514
0 0.22294884632640802 0.5627580754533057 0.01953125 0.03241491085899514
0 0.02617373217115688 0.3813529852762077 0.01953125 0.03241491085899514
0 0.021179439933713965 0.3780374875445114 0.01953125 0.03241491085899514
0 0.032452270983942266 0.3766165599452129 0.01953125 0.03241491085899514
0 0.043154325778462815 0.3818266278093072 0.01953125 0.03241491085899514
0 0.04615090112092857 0.36643324548357425 0.01953125 0.03241491085899514
0 0.05100249929444456 0.3605127138198309 0.01953125 0.03241491085899514
0 0.05927875500220711 0.3555394672222864 0.01953125 0.03241491085899514
0 0.0525721339976409 0.3500925780916425 0.01953125 0.03241491085899514
0 0.07697281892914774 0.3529344332902394 0.01953125 0.03241491085899514
0 0.06313149472823451 0.38656305314030187 0.01953125 0.03241491085899514
0 0.06612807007070025 0.3633545690184277 0.01953125 0.03241491085899514
0 0.07240660888348566 0.3337519106997107 0.01953125 0.03241491085899514
0 0.05028902897480985 0.3171744220412292 0.01953125 0.03241491085899514
0 0.004769622582115786 0.34914529302544356 0.01953125 0.03241491085899514
0 0.004769622582115786 0.3396724423634541 0.01953125 0.03241491085899514
0 0.020180581486225382 0.341567012495852 0.01953125 0.03241491085899514
0 0.02902761344969569 0.33659376589830753 0.01953125 0.03241491085899514
0 0.01418743080129387 0.3813529852762077 0.01953125 0.03241491085899514
0 0.008479668244216245 0.36903827941562145 0.01953125 0.03241491085899514
0 0.0027719056871386206 0.3766165599452129 0.01953125 0.03241491085899514
0 0.0213221339976409 0.3500925780916425 0.01953125 0.03241491085899514
0 0.01447281892914775 0.3214372048391244 0.01953125 0.03241491085899514
0 0.044723960481659164 0.2897031551214598 0.01953125 0.03241491085899514
0 0.09438149472823451 0.39082583593819714 0.01953125 0.03241491085899514
0 0.11250364084695597 0.3782743088110611 0.01953125 0.03241491085899514
0 0.1290561522624811 0.40314054179878345 0.01953125 0.03241491085899514
0 0.1309111750935313 0.3870366956734014 0.01953125 0.03241491085899514
0 0.12605957692001532 0.39414133366989346 0.01953125 0.03241491085899514
0 0.1234910837693304 0.39840411646778867 0.01953125 0.03241491085899514
0 0.13576277326704733 0.3441720464278991 0.01953125 0.03241491085899514
0 0.11963834404330301 0.355065824689187 0.01953125 0.03241491085899514
0 0.1189248737236683 0.36809099434942244 0.01953125 0.03241491085899514
0 0.09452418879216144 0.34440886769444884 0.01953125 0.03241491085899514
0 0.09323994221681899 0.34511933149409807 0.01953125 0.03241491085899514
0 0.11278902897480984 0.38822080200615 0.01953125 0.03241491085899514
0 0.18827418879216143 0.33469919576590973 0.01953125 0.03241491085899514
0 0.18285181436293768 0.3500925780916425 0.01953125 0.03241491085899514
0 0.2025435951848555 0.28212487459186825 0.01953125 0.03241491085899514
0 0.20083126641773222 0.2915977252538577 0.01953125 0.03241491085899514
0 0.20896482806156785 0.355065824689187 0.01953125 0.03241491085899514
0 0.20682441710266372 0.3441720464278991 0.01953125 0.03241491085899514
0 0.18756071847252673 0.36951192194872085 0.01953125 0.03241491085899514
0 0.17700135774193315 0.3706960282814695 0.01953125 0.03241491085899514
0 0.22252076413462718 0.40598239699738026 0.01953125 0.03241491085899514
0 0.21752647189718427 0.4069296820635792 0.01953125 0.03241491085899514
0 0.21938149472823454 0.38395801920825473 0.01953125 0.03241491085899514
0 0.22252076413462718 0.37116967081456903 0.01953125 0.03241491085899514
0 0.19655044449992404 0.33564648083210863 0.01953125 0.03241491085899514
0 0.20482670020768656 0.3235685962380721 0.01953125 0.03241491085899514
0 0.220665741303577 0.3304364129680144 0.01953125 0.03241491085899514
0 0.22166459975106556 0.34275111882860065 0.01953125 0.03241491085899514
0 0.19911893765060892 0.32712091523631814 0.01953125 0.03241491085899514
0 0.20097396048165914 0.3185953496405276 0.01953125 0.03241491085899514
0 0.18927304723965002 0.28117758952566924 0.01953125 0.03241491085899514
0 0.17585980523051759 0.28117758952566924 0.01953125 0.03241491085899514
0 0.19655044449992404 0.25678499907104646 0.01953125 0.03241491085899514
0 0.18756071847252673 0.256311356537947 0.01953125 0.03241491085899514
0 0.194124645413166 0.25133810994040257 0.01953125 0.03241491085899514
0 0.2025435951848555 0.25346950133935015 0.01953125 0.03241491085899514
0 0.22137921162321164 0.247312148409057 0.01953125 0.03241491085899514
0 0.22080843536750389 0.26223188820169036 0.01953125 0.03241491085899514
0 0.18756071847252673 0.30367560984789416 0.01953125 0.03241491085899514
0 0.20668172303873678 0.24091797421221406 0.01953125 0.03241491085899514
0 0.19655044449992404 0.2421020805449628 0.01953125 0.03241491085899514
0 0.21039176870083723 0.2421020805449628 0.01953125 0.03241491085899514
0 0.11735523902047194 0.3534080758233388 0.01953125 0.03241491085899514
0 0.19226962258211577 0.3330414469000615 0.01953125 0.03241491085899514
0 0.18984382349535783 0.3538817183564383 0.01953125 0.03241491085899514
0 0.1986908554588281 0.35767085862123404 0.01953125 0.03241491085899514
0 0.20568286459124818 0.37259059841386744 0.01953125 0.03241491085899514
0 0.2113906271483258 0.34275111882860065 0.01953125 0.03241491085899514
0 0.21995227098394227 0.31101706911093596 0.01953125 0.03241491085899514
0 0.21852533034467286 0.31006978404473706 0.01953125 0.03241491085899514
0 0.21581414313006098 0.2942027591859047 0.01953125 0.03241491085899514
0 0.20496939427161354 0.3953254400026421 0.01953125 0.03241491085899514
0 0.056995649979376055 0.3022546822485958 0.01953125 0.03241491085899514
0 0.060705695641476515 0.2937291166528053 0.01953125 0.03241491085899514
0 0.04401049016202446 0.3129116392433339 0.01953125 0.03241491085899514
0 0.06641345819855414 0.2892295125883603 0.01953125 0.03241491085899514
0 0.07097966824421625 0.3181217071074281 0.01953125 0.03241491085899514
0 0.07040889198850848 0.33659376589830753 0.01953125 0.03241491085899514
0 0.33560580979672766 0.7367922444506833 0.01953125 0.03241491085899514
0 0.34445284176019797 0.7230566109907985 0.01953125 0.03241491085899514
0 0.3584368600250382 0.7292139639210917 0.01953125 0.03241491085899514
0 0.3689962207556318 0.7211620408584007 0.01953125 0.03241491085899514
0 0.35729530751362265 0.6884807060745372 0.01953125 0.03241491085899514
0 0.34873366367800623 0.7007954119351234 0.01953125 0.03241491085899514
0 0.33617658605243544 0.6932171314055318 0.01953125 0.03241491085899514
0 0.3279003303446729 0.6974799142034269 0.01953125 0.03241491085899514
0 0.32361950842686465 0.7007954119351234 0.01953125 0.03241491085899514
0 0.31962407463691034 0.7249511811231966 0.01953125 0.03241491085899514
0 0.28109667737663635 0.7306348915203902 0.01953125 0.03241491085899514
0 0.28537749929444456 0.7017426970013223 0.01953125 0.03241491085899514
0 0.26340261344969573 0.7277930363217933 0.01953125 0.03241491085899514
0 0.25712407463691034 0.7344240317851859 0.01953125 0.03241491085899514
0 0.2842359467830291 0.6851652083428408 0.01953125 0.03241491085899514
0 0.31363092395197883 0.689427991140736 0.01953125 0.03241491085899514
0 0.31306014769627105 0.6747450726146524 0.01953125 0.03241491085899514
0 0.3124893714405633 0.6415900952976893 0.01953125 0.03241491085899514
0 0.33417886915745826 0.6690613622174588 0.01953125 0.03241491085899514
0 0.3475921111665907 0.6700086472836577 0.01953125 0.03241491085899514
0 0.37327704267344 0.6520102310258777 0.01953125 0.03241491085899514
0 0.3578660837693304 0.6155397559772184 0.01953125 0.03241491085899514
0 0.3855487321711569 0.6231180365068099 0.01953125 0.03241491085899514
0 0.40780900614375964 0.5724382854651664 0.01953125 0.03241491085899514
0 0.40837978239946743 0.5880684890574489 0.01953125 0.03241491085899514
0 0.4160852618515222 0.5932785569215432 0.01953125 0.03241491085899514
0 0.4135167687008373 0.6126979007786214 0.01953125 0.03241491085899514
0 0.42293457692001535 0.5804902085278574 0.01953125 0.03241491085899514
0 0.43320854952275506 0.5923312718553442 0.01953125 0.03241491085899514
0 0.43748937144056327 0.6065405478483283 0.01953125 0.03241491085899514
0 0.44433868650905645 0.6108033306462236 0.01953125 0.03241491085899514
0 0.4529003303446729 0.6406428102314903 0.01953125 0.03241491085899514
0 0.445480239020472 0.6486947332941814 0.01953125 0.03241491085899514
0 0.4283569513492391 0.6425373803638883 0.01953125 0.03241491085899514
0 0.4252176819428464 0.6562730138237729 0.01953125 0.03241491085899514
0 0.41722681436293774 0.6529575160920766 0.01953125 0.03241491085899514
0 0.42321996504786924 0.679481497945647 0.01953125 0.03241491085899514
0 0.42921311573280074 0.6775869278132493 0.01953125 0.03241491085899514
0 0.43920170020768656 0.6681140771512598 0.01953125 0.03241491085899514
0 0.4360624308012939 0.7235302535238981 0.01953125 0.03241491085899514
0 0.39268343536750394 0.7273193937886939 0.01953125 0.03241491085899514
0 0.40295740797024365 0.7320558191196886 0.01953125 0.03241491085899514
0 0.38526334404330304 0.699374484335825 0.01953125 0.03241491085899514
0 0.40381357235380533 0.6742714300815529 0.01953125 0.03241491085899514
0 0.39810580979672766 0.6714295748829562 0.01953125 0.03241491085899514
0 0.35501220249079163 0.6614830816878672 0.01953125 0.03241491085899514
0 0.2639733897054035 0.6534311586251762 0.01953125 0.03241491085899514
0 0.28138206550449024 0.6510629459596788 0.01953125 0.03241491085899514
0 0.2856628874222985 0.6614830816878672 0.01953125 0.03241491085899514
0 0.44919028468257244 0.5838057062595536 0.01953125 0.03241491085899514
0 0.44605101527617974 0.5733855705313653 0.01953125 0.03241491085899514
0 0.44633640340403363 0.5658072900017737 0.01953125 0.03241491085899514
0 0.45518343536750394 0.5544398692073863 0.01953125 0.03241491085899514
0 0.46374507920312036 0.5563344393397843 0.01953125 0.03241491085899514
0 0.47230672303873683 0.5563344393397843 0.01953125 0.03241491085899514
0 0.4329231613949012 0.571017357865868 0.01953125 0.03241491085899514
0 0.42550307007070026 0.5478088737439938 0.01953125 0.03241491085899514
0 0.43235238513919344 0.5454406610784964 0.01953125 0.03241491085899514
0 0.43748937144056327 0.5497034438763917 0.01953125 0.03241491085899514
0 0.4420555814862254 0.5463879461446954 0.01953125 0.03241491085899514
0 0.45404188285608843 0.5373887380158054 0.01953125 0.03241491085899514
0 0.42635923445426194 0.5227058194897217 0.01953125 0.03241491085899514
0 0.42179302440859984 0.518916679224926 0.01953125 0.03241491085899514
0 0.4420555814862254 0.526968602287617 0.01953125 0.03241491085899514
0 0.4480487321711569 0.5250740321552191 0.01953125 0.03241491085899514
0 0.45061722532184184 0.5118120412284339 0.01953125 0.03241491085899514
0 0.4420555814862254 0.5160748240263292 0.01953125 0.03241491085899514
0 0.43549165454558614 0.5122856837615333 0.01953125 0.03241491085899514
0 0.45974964541316604 0.508970186029837 0.01953125 0.03241491085899514
0 0.46203275043599706 0.5203376068242244 0.01953125 0.03241491085899514
0 0.4588934810296044 0.4933399824375544 0.01953125 0.03241491085899514
0 0.4626035266917049 0.49618183763615137 0.01953125 0.03241491085899514
0 0.4571811522624811 0.5250740321552191 0.01953125 0.03241491085899514
0 0.47230672303873683 0.5193903217580255 0.01953125 0.03241491085899514
0 0.46945284176019797 0.5340732402841092 0.01953125 0.03241491085899514
0 0.4817245312579149 0.508022900963638 0.01953125 0.03241491085899514
0 0.491142339477093 0.5193903217580255 0.01953125 0.03241491085899514
0 0.4845784125364537 0.550177086409491 0.01953125 0.03241491085899514
0 0.48486380066430756 0.5392833081482032 0.01953125 0.03241491085899514
0 0.48086836687435325 0.5331259552179102 0.01953125 0.03241491085899514
0 0.49314005637207015 0.5345468828172086 0.01953125 0.03241491085899514
0 0.49256928011636236 0.5544398692073863 0.01953125 0.03241491085899514
0 0.49627932577846284 0.5577553669390827 0.01953125 0.03241491085899514
0 0.49913320705700165 0.55112437147569 0.01953125 0.03241491085899514
0 0.47344827555015234 0.5634390773362764 0.01953125 0.03241491085899514
0 0.4785852618515222 0.5572817244059832 0.01953125 0.03241491085899514
0 0.5034140289748099 0.5430724484129992 0.01953125 0.03241491085899514
0 0.5225350335410199 0.5648600049355748 0.01953125 0.03241491085899514
0 0.5116902846825724 0.5563344393397843 0.01953125 0.03241491085899514
0 0.5068386865090565 0.5639127198693759 0.01953125 0.03241491085899514
0 0.49627932577846284 0.56912278773347 0.01953125 0.03241491085899514
0 0.47230672303873683 0.5819111361271558 0.01953125 0.03241491085899514
0 0.46916745363234413 0.5946994845208415 0.01953125 0.03241491085899514
0 0.48486380066430756 0.5999095523849358 0.01953125 0.03241491085899514
0 0.5379459924451295 0.5767010682630616 0.01953125 0.03241491085899514
0 0.5419414262350838 0.5681755026672711 0.01953125 0.03241491085899514
0 0.5467930244085998 0.571017357865868 0.01953125 0.03241491085899514
0 0.5439391431300611 0.5572817244059832 0.01953125 0.03241491085899514
0 0.5525007869656774 0.5563344393397843 0.01953125 0.03241491085899514
0 0.5376606043172756 0.6070141903814279 0.01953125 0.03241491085899514
0 0.5527861750935313 0.6150661134441188 0.01953125 0.03241491085899514
0 0.5419414262350838 0.6501156608934798 0.01953125 0.03241491085899514
0 0.5188249878789194 0.6306963170364014 0.01953125 0.03241491085899514
0 0.5065532983812026 0.6477474482279825 0.01953125 0.03241491085899514
0 0.5008455358241249 0.6316436021026003 0.01953125 0.03241491085899514
0 0.4740190518058601 0.6709559323498565 0.01953125 0.03241491085899514
0 0.48429302440859984 0.6700086472836577 0.01953125 0.03241491085899514
0 0.4928546682442163 0.6676404346181604 0.01953125 0.03241491085899514
0 0.46716973673736695 0.733476746718987 0.01953125 0.03241491085899514
0 0.4740190518058601 0.7457914525795732 0.01953125 0.03241491085899514
0 0.48971539883782356 0.7254248236562958 0.01953125 0.03241491085899514
0 0.42921311573280074 0.7197411132591023 0.01953125 0.03241491085899514
0 0.4600350335410199 0.6709559323498565 0.01953125 0.03241491085899514
0 0.47458982806156785 0.6520102310258777 0.01953125 0.03241491085899514
0 0.45974964541316604 0.6084351179807262 0.01953125 0.03241491085899514
0 0.47230672303873683 0.6155397559772184 0.01953125 0.03241491085899514
0 0.47145055865517516 0.5468615886777948 0.01953125 0.03241491085899514
0 0.49913320705700165 0.5388096656151038 0.01953125 0.03241491085899514
0 0.5299551248652208 0.4976027652354497 0.01953125 0.03241491085899514
0 0.5373752161894217 0.48481441684176396 0.01953125 0.03241491085899514
0 0.548790741303577 0.4980764077685492 0.01953125 0.03241491085899514
0 0.5547838919885085 0.49286633990445494 0.01953125 0.03241491085899514
0 0.5516446225821159 0.4781834213783714 0.01953125 0.03241491085899514
0 0.5393729330843989 0.46302686031918827 0.01953125 0.03241491085899514
0 0.5299551248652208 0.45923772005439245 0.01953125 0.03241491085899514
0 0.5251035266917049 0.47392063858047606 0.01953125 0.03241491085899514
0 0.5256743029474126 0.48055163404386875 0.01953125 0.03241491085899514
0 0.5273866317145359 0.48623534444106237 0.01953125 0.03241491085899514
0 0.515114942216819 0.457816792455094 0.01953125 0.03241491085899514
0 0.5111195084268647 0.4715524259149788 0.01953125 0.03241491085899514
0 0.5131172253218418 0.49097176977205714 0.01953125 0.03241491085899514
0 0.5196811522624811 0.5032864756326433 0.01953125 0.03241491085899514
0 0.5259596910752665 0.5141802538939312 0.01953125 0.03241491085899514
0 0.5333797823994674 0.5151275389601302 0.01953125 0.03241491085899514
0 0.5313820655044903 0.5317050276186118 0.01953125 0.03241491085899514
0 0.5419414262350838 0.5255476746883186 0.01953125 0.03241491085899514
0 0.5787564947282346 0.49191905483825604 0.01953125 0.03241491085899514
0 0.20832270477389664 0.6136451858448204 0.01953125 0.03241491085899514
0 0.5761880015775496 0.6974799142034269 0.01953125 0.03241491085899514
0 0.5639163120798327 0.6955853440710292 0.01953125 0.03241491085899514
0 0.5553546682442162 0.6865861359421391 0.01953125 0.03241491085899514
0 0.5379459924451295 0.7017426970013223 0.01953125 0.03241491085899514
0 0.5322382298880519 0.7292139639210917 0.01953125 0.03241491085899514
0 0.5271012435866821 0.7434232399140759 0.01953125 0.03241491085899514
0 0.5479345769200155 0.7434232399140759 0.01953125 0.03241491085899514
0 0.548505353175723 0.6761660002139509 0.01953125 0.03241491085899514
0 0.5288135723538053 0.6766396427470502 0.01953125 0.03241491085899514
0 0.5205373166460427 0.6946380590048302 0.01953125 0.03241491085899514
0 0.5176834353675039 0.6809024255449455 0.01953125 0.03241491085899514
0 0.5202519285181889 0.6690613622174588 0.01953125 0.03241491085899514
0 0.512831837193988 0.6756923576808513 0.01953125 0.03241491085899514
0 0.5002747595684172 0.7131101177957095 0.01953125 0.03241491085899514
0 0.49171311573280074 0.6979535567365266 0.01953125 0.03241491085899514
0 0.5288135723538053 0.6254862491723073 0.01953125 0.03241491085899514
0 0.5490761294314309 0.6340118147680978 0.01953125 0.03241491085899514
0 0.5627747595684172 0.628328104370904 0.01953125 0.03241491085899514
0 0.5701948508926181 0.628328104370904 0.01953125 0.03241491085899514
0 0.5739048965547185 0.6325908871687994 0.01953125 0.03241491085899514
0 0.5833227047738966 0.6520102310258777 0.01953125 0.03241491085899514
0 0.5727633440433031 0.657220298889972 0.01953125 0.03241491085899514
0 0.565628640846956 0.6619567242209666 0.01953125 0.03241491085899514
0 0.5995898280615679 0.6444319504962861 0.01953125 0.03241491085899514
0 0.5830373166460427 0.6145924709110195 0.01953125 0.03241491085899514
0 0.5907427960980975 0.6018041225173336 0.01953125 0.03241491085899514
0 0.5111195084268647 0.5904367017229463 0.01953125 0.03241491085899514
0 0.5231058097967277 0.6008568374511347 0.01953125 0.03241491085899514
0 0.5525007869656774 0.5880684890574489 0.01953125 0.03241491085899514
0 0.560491654545586 0.5743328555975643 0.01953125 0.03241491085899514
0 0.5759026134496957 0.5724382854651664 0.01953125 0.03241491085899514
0 0.5693386865090564 0.5819111361271558 0.01953125 0.03241491085899514
0 0.5667701933583716 0.5482825162770932 0.01953125 0.03241491085899514
0 0.5593501020341706 0.5435460909460985 0.01953125 0.03241491085899514
0 0.5008455358241249 0.6103296881131242 0.01953125 0.03241491085899514
0 0.49399622075563177 0.6018041225173336 0.01953125 0.03241491085899514
0 0.5273866317145359 0.5639127198693759 0.01953125 0.03241491085899514
0 0.5316674536323441 0.5577553669390827 0.01953125 0.03241491085899514
0 0.5219642572853121 0.5411778782806012 0.01953125 0.03241491085899514
0 0.5099779559154491 0.526968602287617 0.01953125 0.03241491085899514
0 0.5028432527191021 0.5321786701517112 0.01953125 0.03241491085899514
0 0.5096925677875952 0.5454406610784964 0.01953125 0.03241491085899514
0 0.5462222481528921 0.5203376068242244 0.01953125 0.03241491085899514
0 0.5539277276049469 0.5288631724200149 0.01953125 0.03241491085899514
0 0.5639163120798327 0.5321786701517112 0.01953125 0.03241491085899514
0 0.5690532983812026 0.5160748240263292 0.01953125 0.03241491085899514
0 0.5733341202990108 0.5056546882981406 0.01953125 0.03241491085899514
0 0.5704802390204718 0.482919846709366 0.01953125 0.03241491085899514
0 0.565628640846956 0.47486792364667507 0.01953125 0.03241491085899514
0 0.6207085495227551 0.6136451858448204 0.01953125 0.03241491085899514
0 0.6415418828560884 0.6614830816878672 0.01953125 0.03241491085899514
0 0.5764733897054035 0.6861124934090398 0.01953125 0.03241491085899514
0 0.6700806956414767 0.6690613622174588 0.01953125 0.03241491085899514
0 0.6595213349108829 0.6846915658097413 0.01953125 0.03241491085899514
0 0.6894870883355404 0.6486947332941814 0.01953125 0.03241491085899514
0 0.690343252719102 0.6198025387751136 0.01953125 0.03241491085899514
0 0.6780715632213853 0.6103296881131242 0.01953125 0.03241491085899514
0 0.6643729330843989 0.6349590998342968 0.01953125 0.03241491085899514
0 0.6720784125364537 0.628328104370904 0.01953125 0.03241491085899514
0 0.654669736737367 0.6273808193047051 0.01953125 0.03241491085899514
0 0.6489619741802893 0.6212234663744121 0.01953125 0.03241491085899514
0 0.6372610609382803 0.6321172446356998 0.01953125 0.03241491085899514
0 0.6404003303446729 0.6093824030469251 0.01953125 0.03241491085899514
0 0.6452519285181889 0.6060669053152289 0.01953125 0.03241491085899514
0 0.6606628874222984 0.604172335182831 0.01953125 0.03241491085899514
0 0.6660852618515223 0.6018041225173336 0.01953125 0.03241491085899514
0 0.6703660837693304 0.571017357865868 0.01953125 0.03241491085899514
0 0.673505353175723 0.5440197334791981 0.01953125 0.03241491085899514
0 0.6132884581985542 0.6027514075835325 0.01953125 0.03241491085899514
0 0.6312679102533488 0.5999095523849358 0.01953125 0.03241491085899514
0 0.6235624308012939 0.5984886247856374 0.01953125 0.03241491085899514
0 0.6207085495227551 0.5913839867891453 0.01953125 0.03241491085899514
0 0.6309825221254948 0.5880684890574489 0.01953125 0.03241491085899514
0 0.6669414262350838 0.5890157741236479 0.01953125 0.03241491085899514
0 0.644966540390335 0.5913839867891453 0.01953125 0.03241491085899514
0 0.6050122024907916 0.5440197334791981 0.01953125 0.03241491085899514
0 0.594167453632344 0.5302841000193133 0.01953125 0.03241491085899514
0 0.6098638006643076 0.5260213172214181 0.01953125 0.03241491085899514
0 0.6124322938149926 0.5302841000193133 0.01953125 0.03241491085899514
0 0.6181400563720701 0.5392833081482032 0.01953125 0.03241491085899514
0 0.6432542116232117 0.5331259552179102 0.01953125 0.03241491085899514
0 0.6626606043172756 0.5459143036115959 0.01953125 0.03241491085899514
0 0.5056971339976409 0.4976027652354497 0.01953125 0.03241491085899514
0 0.5022724764633943 0.46634235805088453 0.01953125 0.03241491085899514
0 0.49199850386065463 0.45971136258749196 0.01953125 0.03241491085899514
0 0.4828660837693304 0.4649214304515861 0.01953125 0.03241491085899514
0 0.4811537550022071 0.4573431499219946 0.01953125 0.03241491085899514
0 0.4683112892487825 0.457816792455094 0.01953125 0.03241491085899514
0 0.47744370934010666 0.47486792364667507 0.01953125 0.03241491085899514
0 0.462318138563851 0.4781834213783714 0.01953125 0.03241491085899514
0 0.44462407463691034 0.4990236928347481 0.01953125 0.03241491085899514
0 0.42949850386065463 0.4933399824375544 0.01953125 0.03241491085899514
0 0.45261494221681897 0.49097176977205714 0.01953125 0.03241491085899514
0 0.4802975906186455 0.48623534444106237 0.01953125 0.03241491085899514
0 0.5005601476962711 0.40097968848315735 0.01953125 0.03241491085899514
0 0.5139733897054035 0.4014533310162568 0.01953125 0.03241491085899514
0 0.5253889148195587 0.39482233555286417 0.01953125 0.03241491085899514
0 0.5447953075136227 0.3905595527549689 0.01953125 0.03241491085899514
0 0.47744370934010666 0.40192697354935625 0.01953125 0.03241491085899514
0 0.49256928011636236 0.39955876088385894 0.01953125 0.03241491085899514
0 0.4877176819428464 0.38866498262257104 0.01953125 0.03241491085899514
0 0.47715832121225277 0.3905595527549689 0.01953125 0.03241491085899514
0 0.47059439427161354 0.38866498262257104 0.01953125 0.03241491085899514
0 0.4626035266917049 0.3891386251556705 0.01953125 0.03241491085899514
0 0.49000078696567745 0.3825076296922779 0.01953125 0.03241491085899514
0 0.5028432527191021 0.38298127222537737 0.01953125 0.03241491085899514
0 0.5171126591117962 0.37871848942748215 0.01953125 0.03241491085899514
0 0.5330943942716135 0.3720874939640895 0.01953125 0.03241491085899514
0 0.5388021568286911 0.3659301410337964 0.01953125 0.03241491085899514
0 0.5467930244085998 0.3654564985006969 0.01953125 0.03241491085899514
0 0.5276720198423898 0.36735106863309475 0.01953125 0.03241491085899514
0 0.5567816088834857 0.3777712043612832 0.01953125 0.03241491085899514
0 0.5624893714405632 0.38866498262257104 0.01953125 0.03241491085899514
0 0.5642017002076866 0.406663398880351 0.01953125 0.03241491085899514
0 0.5467930244085998 0.4033479011486547 0.01953125 0.03241491085899514
0 0.5670555814862254 0.38487584235777533 0.01953125 0.03241491085899514
0 0.5779003303446729 0.39482233555286417 0.01953125 0.03241491085899514
0 0.5881743029474126 0.38724405502327264 0.01953125 0.03241491085899514
0 0.5927405129930747 0.39387505048666527 0.01953125 0.03241491085899514
0 0.5102633440433031 0.3597727881035032 0.01953125 0.03241491085899514
0 0.5162564947282345 0.3417743718457233 0.01953125 0.03241491085899514
0 0.5193957641346273 0.3531417926401106 0.01953125 0.03241491085899514
0 0.507980239020472 0.3479317247760164 0.01953125 0.03241491085899514
0 0.49599393765060895 0.34840536730911587 0.01953125 0.03241491085899514
0 0.49342544449992404 0.34414258451122065 0.01953125 0.03241491085899514
0 0.48629074130357697 0.34603715464361856 0.01953125 0.03241491085899514
0 0.47715832121225277 0.36735106863309475 0.01953125 0.03241491085899514
0 0.47202133491088294 0.36356192836829904 0.01953125 0.03241491085899514
0 0.491142339477093 0.3659301410337964 0.01953125 0.03241491085899514
0 0.49827704267344 0.36971928129859216 0.01953125 0.03241491085899514
0 0.503128640846956 0.3678247111661943 0.01953125 0.03241491085899514
0 0.48657612943143086 0.37871848942748215 0.01953125 0.03241491085899514
0 0.548505353175723 0.35266815010701114 0.01953125 0.03241491085899514
0 0.5385167687008373 0.35408907770630954 0.01953125 0.03241491085899514
0 0.5602062664177322 0.3507735799746132 0.01953125 0.03241491085899514
0 0.5707656271483259 0.3550363627725085 0.01953125 0.03241491085899514
0 0.5741902846825724 0.3398798017133254 0.01953125 0.03241491085899514
0 0.6084368600250383 0.3668774260999953 0.01953125 0.03241491085899514
0 0.5995898280615679 0.36072007316970217 0.01953125 0.03241491085899514
0 0.6135738463264081 0.38961226768877 0.01953125 0.03241491085899514
0 0.6312679102533488 0.5084965434967376 0.01953125 0.03241491085899514
0 0.6295555814862254 0.49523455256995236 0.01953125 0.03241491085899514
0 0.45004644906613406 0.35740457543800586 0.01953125 0.03241491085899514
0 0.4548980472396501 0.36971928129859216 0.01953125 0.03241491085899514
0 0.46146197418028934 0.36072007316970217 0.01953125 0.03241491085899514
0 0.46574279609809754 0.3678247111661943 0.01953125 0.03241491085899514
0 0.48086836687435325 0.34887900984221537 0.01953125 0.03241491085899514
0 0.6712222481528921 0.4824462041762666 0.01953125 0.03241491085899514
0 0.6834939376506088 0.4890771996396592 0.01953125 0.03241491085899514
0 0.6703660837693304 0.5127593262946328 0.01953125 0.03241491085899514
0 0.6595213349108829 0.5103911136291355 0.01953125 0.03241491085899514
0 0.40752361801590575 0.440765661263513 0.01953125 0.03241491085899514
0 0.41437293308439893 0.43792380606491615 0.01953125 0.03241491085899514
0 0.42236380066430756 0.4398183761973141 0.01953125 0.03241491085899514
0 0.4192245312579149 0.4308191680684241 0.01953125 0.03241491085899514
0 0.41808297874649936 0.4104525391451468 0.01953125 0.03241491085899514
0 0.40780900614375964 0.4256091002043299 0.01953125 0.03241491085899514
0 0.4058112892487825 0.4014533310162568 0.01953125 0.03241491085899514
0 0.4160852618515222 0.38061305955988006 0.01953125 0.03241491085899514
0 0.42464690568713864 0.3763502767619848 0.01953125 0.03241491085899514
0 0.4329231613949012 0.3929277654204663 0.01953125 0.03241491085899514
0 0.44890489655471855 0.37871848942748215 0.01953125 0.03241491085899514
0 0.4377747595684172 0.37871848942748215 0.01953125 0.03241491085899514
0 0.43577704267344003 0.37966577449368105 0.01953125 0.03241491085899514
0 0.4360624308012939 0.36072007316970217 0.01953125 0.03241491085899514
0 0.43263777326704733 0.3630882858351996 0.01953125 0.03241491085899514
0 0.44405329838120255 0.36498285596759744 0.01953125 0.03241491085899514
0 0.44747795591544914 0.34035344424642483 0.01953125 0.03241491085899514
0 0.45375649472823454 0.34130072931262384 0.01953125 0.03241491085899514
0 0.45946425728531215 0.3398798017133254 0.01953125 0.03241491085899514
0 0.45832270477389664 0.34887900984221537 0.01953125 0.03241491085899514
0 0.4677405129930747 0.3398798017133254 0.01953125 0.03241491085899514
0 0.46545740797024365 0.34603715464361856 0.01953125 0.03241491085899514
0 0.47202133491088294 0.34414258451122065 0.01953125 0.03241491085899514
0 0.47829987372366833 0.3332488062499328 0.01953125 0.03241491085899514
0 0.4834368600250382 0.337511589047828 0.01953125 0.03241491085899514
0 0.4888592344542619 0.3332488062499328 0.01953125 0.03241491085899514
0 0.49371083262777793 0.3308805935844354 0.01953125 0.03241491085899514
0 0.5005601476962711 0.32235502798864496 0.01953125 0.03241491085899514
0 0.507980239020472 0.32472324065414226 0.01953125 0.03241491085899514
0 0.5148295540889651 0.329459665985137 0.01953125 0.03241491085899514
0 0.5191103760067733 0.32282867052174435 0.01953125 0.03241491085899514
0 0.5268158554588281 0.32282867052174435 0.01953125 0.03241491085899514
0 0.5470784125364537 0.3180922451907497 0.01953125 0.03241491085899514
0 0.5456514718971842 0.3327751637168333 0.01953125 0.03241491085899514
0 0.553642339477093 0.3308805935844354 0.01953125 0.03241491085899514
0 0.5533569513492391 0.33940615918022593 0.01953125 0.03241491085899514
0 0.5599208782898785 0.3313542361175349 0.01953125 0.03241491085899514
0 0.5316674536323441 0.33940615918022593 0.01953125 0.03241491085899514
0 0.5225350335410199 0.3469844397098175 0.01953125 0.03241491085899514
0 0.47715832121225277 0.3180922451907497 0.01953125 0.03241491085899514
0 0.45461265911179616 0.3313542361175349 0.01953125 0.03241491085899514
0 0.45860809290175053 0.3270914533196396 0.01953125 0.03241491085899514
0 0.45061722532184184 0.3313542361175349 0.01953125 0.03241491085899514
0 0.44947567281042633 0.32519688318724177 0.01953125 0.03241491085899514
0 0.45404188285608843 0.31430310492595387 0.01953125 0.03241491085899514
0 0.44633640340403363 0.31430310492595387 0.01953125 0.03241491085899514
0 0.46973822988805186 0.329459665985137 0.01953125 0.03241491085899514
0 0.4414848052305177 0.34887900984221537 0.01953125 0.03241491085899514
0 0.43406471390631673 0.35029993744151383 0.01953125 0.03241491085899514
0 0.42464690568713864 0.34130072931262384 0.01953125 0.03241491085899514
0 0.43149622075563177 0.337511589047828 0.01953125 0.03241491085899514
0 0.42122224815289205 0.3583518605042048 0.01953125 0.03241491085899514
0 0.4252176819428464 0.3512472225077127 0.01953125 0.03241491085899514
0 0.4269300107099697 0.3682983536992937 0.01953125 0.03241491085899514
0 0.4303546682442163 0.37540299169578584 0.01953125 0.03241491085899514
0 0.40210124358668203 0.3630882858351996 0.01953125 0.03241491085899514
0 0.40809439427161354 0.37114020889789057 0.01953125 0.03241491085899514
0 0.41151905180586007 0.3597727881035032 0.01953125 0.03241491085899514
0 0.40095969107526647 0.37398206409648743 0.01953125 0.03241491085899514
0 0.39154188285608843 0.3701929238316916 0.01953125 0.03241491085899514
0 0.38754644906613406 0.3701929238316916 0.01953125 0.03241491085899514
0 0.3906857184725268 0.34840536730911587 0.01953125 0.03241491085899514
0 0.39696425728531215 0.3507735799746132 0.01953125 0.03241491085899514
0 0.38497795591544914 0.35029993744151383 0.01953125 0.03241491085899514
0 0.40153046733097425 0.3256705257203412 0.01953125 0.03241491085899514
0 0.40695284176019797 0.34035344424642483 0.01953125 0.03241491085899514
0 0.40495512486522084 0.33798523158092747 0.01953125 0.03241491085899514
0 0.40780900614375964 0.33561701891543017 0.01953125 0.03241491085899514
0 0.4129459924451295 0.32898602345203753 0.01953125 0.03241491085899514
0 0.42321996504786924 0.32235502798864496 0.01953125 0.03241491085899514
0 0.4303546682442163 0.3270914533196396 0.01953125 0.03241491085899514
0 0.43663320705700165 0.32282867052174435 0.01953125 0.03241491085899514
0 0.4220784125364537 0.3332488062499328 0.01953125 0.03241491085899514
0 0.41380215682869115 0.31430310492595387 0.01953125 0.03241491085899514
0 0.4192245312579149 0.3147767474590533 0.01953125 0.03241491085899514
0 0.42550307007070026 0.31240853479355596 0.01953125 0.03241491085899514
0 0.4397724764633944 0.3152503899921528 0.01953125 0.03241491085899514
0 0.45860809290175053 0.3147767474590533 0.01953125 0.03241491085899514
0 0.5099779559154491 0.3678247111661943 0.01953125 0.03241491085899514
0 0.3975350335410199 0.43934473366421456 0.01953125 0.03241491085899514
0 0.38697567281042633 0.4398183761973141 0.01953125 0.03241491085899514
0 0.38412179153188747 0.4293982404691257 0.01953125 0.03241491085899514
0 0.3946811522624811 0.4194517472740368 0.01953125 0.03241491085899514
0 0.38240946276476423 0.4014533310162568 0.01953125 0.03241491085899514
0 0.38954416596111124 0.3862967699570736 0.01953125 0.03241491085899514
0 0.39011494221681897 0.4080843264796494 0.01953125 0.03241491085899514
0 0.38326562714832585 0.329459665985137 0.01953125 0.03241491085899514
0 0.37898480523051764 0.3285123809189381 0.01953125 0.03241491085899514
0 0.38269485089261807 0.3242495981210428 0.01953125 0.03241491085899514
0 0.37984096961407926 0.34414258451122065 0.01953125 0.03241491085899514
0 0.37613092395197883 0.3337224487830322 0.01953125 0.03241491085899514
0 0.37242087828987835 0.34130072931262384 0.01953125 0.03241491085899514
0 0.37441859518485554 0.32472324065414226 0.01953125 0.03241491085899514
0 0.37898480523051764 0.3735084215633879 0.01953125 0.03241491085899514
0 0.37070854952275506 0.3654564985006969 0.01953125 0.03241491085899514
0 0.37127932577846284 0.35456272023940905 0.01953125 0.03241491085899514
0 0.37327704267344 0.3782448468943827 0.01953125 0.03241491085899514
0 0.37242087828987835 0.4251354576712305 0.01953125 0.03241491085899514
0 0.366142339477093 0.4355555933994188 0.01953125 0.03241491085899514
0 0.36300307007070026 0.42703002780362825 0.01953125 0.03241491085899514
0 0.35615375500220714 0.4246618151381309 0.01953125 0.03241491085899514
0 0.35358526185152217 0.4322400956677225 0.01953125 0.03241491085899514
0 0.35158754495654504 0.4402920187304135 0.01953125 0.03241491085899514
0 0.35244370934010666 0.44787029926000504 0.01953125 0.03241491085899514
0 0.36071996504786924 0.41092618167824624 0.01953125 0.03241491085899514
0 0.3501606043172757 0.40997889661204734 0.01953125 0.03241491085899514
0 0.3567245312579149 0.40097968848315735 0.01953125 0.03241491085899514
0 0.36300307007070026 0.3929277654204663 0.01953125 0.03241491085899514
0 0.34559439427161354 0.4151889644761415 0.01953125 0.03241491085899514
0 0.6087222481528921 0.5838057062595536 0.01953125 0.03241491085899514
0 0.36071996504786924 0.4203990323402357 0.01953125 0.03241491085899514
0 0.35872224815289205 0.3744557066295869 0.01953125 0.03241491085899514
0 0.35387064997937606 0.3512472225077127 0.01953125 0.03241491085899514
0 0.3461651705273213 0.3611937157028016 0.01953125 0.03241491085899514
0 0.32904188285608843 0.37871848942748215 0.01953125 0.03241491085899514
0 0.33703275043599706 0.3720874939640895 0.01953125 0.03241491085899514
0 0.3273295540889652 0.41897810474093733 0.01953125 0.03241491085899514
0 0.33018343536750394 0.441712946329712 0.01953125 0.03241491085899514
0 0.3407427960980976 0.440765661263513 0.01953125 0.03241491085899514
0 0.3350350335410199 0.4312928106015236 0.01953125 0.03241491085899514
0 0.32247795591544914 0.42276724500573304 0.01953125 0.03241491085899514
0 0.32276334404330304 0.4038215436817542 0.01953125 0.03241491085899514
0 0.31163320705700165 0.41424167940994255 0.01953125 0.03241491085899514
0 0.320480239020472 0.44408115899520934 0.01953125 0.03241491085899514
0 0.31619941710266375 0.4402920187304135 0.01953125 0.03241491085899514
0 0.30906471390631673 0.45544857978959663 0.01953125 0.03241491085899514
0 0.30564005637207015 0.4682369281832825 0.01953125 0.03241491085899514
0 0.30050307007070026 0.4791307064445703 0.01953125 0.03241491085899514
0 0.2850921111665907 0.49097176977205714 0.01953125 0.03241491085899514
0 0.2942245312579149 0.4876562720403608 0.01953125 0.03241491085899514
0 0.2614048965547186 0.6022777650504332 0.01953125 0.03241491085899514
0 0.26169028468257244 0.5733855705313653 0.01953125 0.03241491085899514
0 0.26340261344969573 0.5497034438763917 0.01953125 0.03241491085899514
0 0.25940717965974136 0.535020525350308 0.01953125 0.03241491085899514
0 0.265114942216819 0.5231794620228213 0.01953125 0.03241491085899514
0 0.25826562714832585 0.5203376068242244 0.01953125 0.03241491085899514
0 0.26882498787891945 0.5061283308312403 0.01953125 0.03241491085899514
0 0.27339119792458155 0.5032864756326433 0.01953125 0.03241491085899514
0 0.27795740797024365 0.4824462041762666 0.01953125 0.03241491085899514
0 0.26625649472823454 0.49049812723895764 0.01953125 0.03241491085899514
0 0.25655329838120255 0.5013919055002455 0.01953125 0.03241491085899514
0 0.2517017002076866 0.5013919055002455 0.01953125 0.03241491085899514
0 0.25855101527617974 0.48528805937486347 0.01953125 0.03241491085899514
0 0.2865190518058601 0.45923772005439245 0.01953125 0.03241491085899514
0 0.29279759061864546 0.46634235805088453 0.01953125 0.03241491085899514
0 0.30050307007070026 0.4573431499219946 0.01953125 0.03241491085899514
0 0.29279759061864546 0.44408115899520934 0.01953125 0.03241491085899514
0 0.2930829787464994 0.4530803671240994 0.01953125 0.03241491085899514
0 0.28109667737663635 0.44502844406140823 0.01953125 0.03241491085899514
0 0.28024051299307473 0.4573431499219946 0.01953125 0.03241491085899514
0 0.28737521618942174 0.43413466580012033 0.01953125 0.03241491085899514
0 0.26882498787891945 0.44218658886281137 0.01953125 0.03241491085899514
0 0.25826562714832585 0.44455480152830884 0.01953125 0.03241491085899514
0 0.25312864084695597 0.4350819508663193 0.01953125 0.03241491085899514
0 0.27110809290175053 0.43318738073392143 0.01953125 0.03241491085899514
0 0.25227247646339435 0.42703002780362825 0.01953125 0.03241491085899514
0 0.2517017002076866 0.4151889644761415 0.01953125 0.03241491085899514
0 0.2654003303446729 0.3862967699570736 0.01953125 0.03241491085899514
0 0.257980239020472 0.4014533310162568 0.01953125 0.03241491085899514
0 0.2545555814862254 0.38203398715917847 0.01953125 0.03241491085899514
0 0.25398480523051764 0.36735106863309475 0.01953125 0.03241491085899514
0 0.2668272709839423 0.3630882858351996 0.01953125 0.03241491085899514
0 0.2790989604816592 0.36403557090139843 0.01953125 0.03241491085899514
0 0.28908754495654504 0.36498285596759744 0.01953125 0.03241491085899514
0 0.30621083262777793 0.37398206409648743 0.01953125 0.03241491085899514
0 0.3093501020341706 0.3967169056852621 0.01953125 0.03241491085899514
0 0.30992087828987835 0.3844021998246758 0.01953125 0.03241491085899514
0 0.3184825221254948 0.39103319528806846 0.01953125 0.03241491085899514
0 0.30307156322138523 0.39766419075146103 0.01953125 0.03241491085899514
0 0.29707841253645373 0.4128207518106442 0.01953125 0.03241491085899514
0 0.30335695134923907 0.42229360247263364 0.01953125 0.03241491085899514
0 0.29850535317572313 0.4293982404691257 0.01953125 0.03241491085899514
0 0.3050692801163624 0.44881758432620406 0.01953125 0.03241491085899514
0 0.308493937650609 0.44360751646210983 0.01953125 0.03241491085899514
0 0.37641631207983267 0.4033479011486547 0.01953125 0.03241491085899514
0 0.34302590112092857 0.37161385143099 0.01953125 0.03241491085899514
0 0.33275192851818886 0.38866498262257104 0.01953125 0.03241491085899514
0 0.3675692801163624 0.34035344424642483 0.01953125 0.03241491085899514
0 0.3695669970113396 0.3285123809189381 0.01953125 0.03241491085899514
0 0.366142339477093 0.3195131727900481 0.01953125 0.03241491085899514
0 0.34359667737663635 0.32140774292244595 0.01953125 0.03241491085899514
0 0.34844827555015234 0.3446162270443201 0.01953125 0.03241491085899514
0 0.26083412029901076 0.34272165691192225 0.01953125 0.03241491085899514
0 0.25312864084695597 0.3327751637168333 0.01953125 0.03241491085899514
0 0.2576948508926181 0.3266178107865402 0.01953125 0.03241491085899514
0 0.26882498787891945 0.32282867052174435 0.01953125 0.03241491085899514
0 0.2656857184725268 0.3327751637168333 0.01953125 0.03241491085899514
0 0.2696811522624811 0.34272165691192225 0.01953125 0.03241491085899514
0 0.27795740797024365 0.32472324065414226 0.01953125 0.03241491085899514
0 0.28109667737663635 0.34603715464361856 0.01953125 0.03241491085899514
0 0.29051448559581444 0.34603715464361856 0.01953125 0.03241491085899514
0 0.29850535317572313 0.33798523158092747 0.01953125 0.03241491085899514
0 0.30278617509353134 0.34414258451122065 0.01953125 0.03241491085899514
0 0.308493937650609 0.35551000530560795 0.01953125 0.03241491085899514
0 0.3002176819428464 0.3616673582359011 0.01953125 0.03241491085899514
0 0.3239048965547186 0.33703794651472857 0.01953125 0.03241491085899514
0 0.32105101527617974 0.3597727881035032 0.01953125 0.03241491085899514
0 0.31562864084695597 0.35029993744151383 0.01953125 0.03241491085899514
0 0.31191859518485554 0.34366894197812115 0.01953125 0.03241491085899514
0 0.31905329838120255 0.337511589047828 0.01953125 0.03241491085899514
0 0.3110624308012939 0.31667131759145123 0.01953125 0.03241491085899514
0 0.3053546682442163 0.32235502798864496 0.01953125 0.03241491085899514
0 0.32761494221681897 0.31288217732665546 0.01953125 0.03241491085899514
0 0.3273295540889652 0.3701929238316916 0.01953125 0.03241491085899514
0 0.34274051299307473 0.3398798017133254 0.01953125 0.03241491085899514
0 0.3336080929017505 0.3583518605042048 0.01953125 0.03241491085899514
0 0.33446425728531215 0.34035344424642483 0.01953125 0.03241491085899514
0 0.3336080929017505 0.3147767474590533 0.01953125 0.03241491085899514
0 0.35501220249079163 0.3270914533196396 0.01953125 0.03241491085899514
0 0.26911037600677334 0.6870597784752387 0.01953125 0.03241491085899514
0 0.32761494221681897 0.3341960913161317 0.01953125 0.03241491085899514
0 0.29450991938576876 0.320460457856247 0.01953125 0.03241491085899514
0 0.2859482755501523 0.3337224487830322 0.01953125 0.03241491085899514
0 0.543653755002207 0.4620795752529892 0.01953125 0.03241491085899514
0 0.6264163120798327 0.6169606835765168 0.01953125 0.03241491085899514
0 0.28138206550449024 0.3825076296922779 0.01953125 0.03241491085899514
0 0.2850921111665907 0.38677041249017324 0.01953125 0.03241491085899514
0 0.3504459924451295 0.35551000530560795 0.01953125 0.03241491085899514
0 0.41094827555015234 0.457816792455094 0.01953125 0.03241491085899514
0 0.47316288742229845 0.4649214304515861 0.01953125 0.03241491085899514
0 0.303642339477093 0.32898602345203753 0.01953125 0.03241491085899514
0 0.32276334404330304 0.3285123809189381 0.01953125 0.03241491085899514
0 0.33446425728531215 0.3266178107865402 0.01953125 0.03241491085899514
0 0.2614048965547186 0.338458874114027 0.01953125 0.03241491085899514
0 0.5447953075136227 0.34840536730911587 0.01953125 0.03241491085899514
0 0.5881743029474126 0.3313542361175349 0.01953125 0.03241491085899514
0 0.31734096961407926 0.3758766342288853 0.01953125 0.03241491085899514
0 0.3139163120798327 0.37398206409648743 0.01953125 0.03241491085899514
0 0.27767201984238976 0.39482233555286417 0.01953125 0.03241491085899514
0 0.26868229381499253 0.8971202419048547 0.01953125 0.03241491085899514
0 0.3074950792031203 0.8128118710131486 0.01953125 0.03241491085899514
0 0.3314676819428464 0.809022730748353 0.01953125 0.03241491085899514
0 0.28238092395197883 0.7891297443581751 0.01953125 0.03241491085899514
0 0.289230239020472 0.7768150384975887 0.01953125 0.03241491085899514
0 0.22986950842686463 0.809022730748353 0.01953125 0.03241491085899514
0 0.3364619741802894 0.8018291440352644 0.01953125 0.03241491085899514
0 0.3122039833127095 0.781462515111987 0.01953125 0.03241491085899514
0 0.3247610609382802 0.7648850264535055 0.01953125 0.03241491085899514
0 0.30763777326704733 0.757306745923914 0.01953125 0.03241491085899514
0 0.26939576413462724 0.7639377413873065 0.01953125 0.03241491085899514
0 0.27595969107526647 0.7473602527288251 0.01953125 0.03241491085899514
0 0.28794599244512953 0.7487811803281235 0.01953125 0.03241491085899514
0 0.23686151755928478 0.7700950943175997 0.01953125 0.03241491085899514
0 0.20404188285608846 0.7658323115197045 0.01953125 0.03241491085899514
0 0.22202133491088297 0.7468866101957256 0.01953125 0.03241491085899514
0 0.22002361801590578 0.7203626283421551 0.01953125 0.03241491085899514
0 0.24371083262777793 0.7279409088717468 0.01953125 0.03241491085899514
0 0.24827704267344003 0.7071006374153699 0.01953125 0.03241491085899514
0 0.25113092395197883 0.6815239406279984 0.01953125 0.03241491085899514
0 0.3669985038606547 0.7530439631260186 0.01953125 0.03241491085899514
0 0.3809825221254948 0.7535176056591182 0.01953125 0.03241491085899514
0 0.37156471390631673 0.7743578771154949 0.01953125 0.03241491085899514
0 0.3650007869656775 0.7700950943175997 0.01953125 0.03241491085899514
0 0.3584368600250382 0.7876198680422801 0.01953125 0.03241491085899514
0 0.34873366367800623 0.7866725829760812 0.01953125 0.03241491085899514
0 0.3675692801163624 0.8146174924289501 0.01953125 0.03241491085899514
0 0.37898480523051764 0.8060919268331597 0.01953125 0.03241491085899514
0 0.3946811522624811 0.7975663612373691 0.01953125 0.03241491085899514
0 0.4100921111665908 0.7899880807077775 0.01953125 0.03241491085899514
0 0.3958227047738967 0.7691478092514008 0.01953125 0.03241491085899514
0 0.40181585545882814 0.7615695287218093 0.01953125 0.03241491085899514
0 0.4260738463264081 0.7847780128436833 0.01953125 0.03241491085899514
0 0.394966540390335 0.8477724697459131 0.01953125 0.03241491085899514
0 0.42122224815289205 0.8804538045297767 0.01953125 0.03241491085899514
0 0.39753503354102 0.9339754107700171 0.01953125 0.03241491085899514
0 0.3507313805729834 0.9301862705052214 0.01953125 0.03241491085899514
0 0.423790741303577 0.9245025601080277 0.01953125 0.03241491085899514
0 0.3424551248652209 0.9093459990488446 0.01953125 0.03241491085899514
0 0.45860809290175053 0.8880320850593684 0.01953125 0.03241491085899514
0 0.46288891481955874 0.9690249582193781 0.01953125 0.03241491085899514
0 0.4925692801163624 0.8956103655889599 0.01953125 0.03241491085899514
0 0.5379459924451295 0.9401327637003104 0.01953125 0.03241491085899514
0 0.5530715632213853 0.9211870623763314 0.01953125 0.03241491085899514
0 0.5313820655044903 0.9164506370453367 0.01953125 0.03241491085899514
0 0.3033569513492391 0.7999345739028664 0.01953125 0.03241491085899514
0 0.29022909746796055 0.8131965648296517 0.01953125 0.03241491085899514
0 0.28851676870083737 0.7985136463035679 0.01953125 0.03241491085899514
0 0.43235238513919344 0.7629904563211076 0.01953125 0.03241491085899514
0 0.4394870883355405 0.757306745923914 0.01953125 0.03241491085899514
0 0.4811537550022072 0.7757788047147933 0.01953125 0.03241491085899514
0 0.5165418828560884 0.7899880807077775 0.01953125 0.03241491085899514
0 0.5259596910752665 0.7866725829760812 0.01953125 0.03241491085899514
0 0.5336651705273213 0.7776733748471912 0.01953125 0.03241491085899514
0 0.5345213349108829 0.8089337820317564 0.01953125 0.03241491085899514
0 0.5114048965547185 0.8188802752268454 0.01953125 0.03241491085899514
0 0.5096925677875953 0.851561610010709 0.01953125 0.03241491085899514
0 0.539087544956545 0.8487197548121121 0.01953125 0.03241491085899514
0 0.5456514718971843 0.8430360444149184 0.01953125 0.03241491085899514
0 0.536804439933714 0.8335631937529291 0.01953125 0.03241491085899514
0 0.5584939376506091 0.8539298226762063 0.01953125 0.03241491085899514
0 0.5870327504359971 0.8359314064184264 0.01953125 0.03241491085899514
0 0.5861765860524354 0.8984522207875566 0.01953125 0.03241491085899514
0 0.5930259011209286 0.9008204334530542 0.01953125 0.03241491085899514
0 0.5447953075136227 0.906977786383347 0.01953125 0.03241491085899514
0 0.5944528417601981 0.8496670398783112 0.01953125 0.03241491085899514
0 0.5781857184725268 0.8146174924289501 0.01953125 0.03241491085899514
0 0.5584939376506091 0.7942508635056728 0.01953125 0.03241491085899514
0 0.5348067230387369 0.7620431712549086 0.01953125 0.03241491085899514
0 0.49570854952275506 0.775305162181694 0.01953125 0.03241491085899514
0 0.4566103760067734 0.7710423793837986 0.01953125 0.03241491085899514
0 0.4426263577419332 0.8070392118993586 0.01953125 0.03241491085899514
0 0.42892772760494685 0.8283531258888348 0.01953125 0.03241491085899514
0 0.4186537550022072 0.8359314064184264 0.01953125 0.03241491085899514
0 0.42150763628074595 0.8634026733381956 0.01953125 0.03241491085899514
0 0.4409140289748099 0.8643499584043949 0.01953125 0.03241491085899514
0 0.4346354901620245 0.860560818139599 0.01953125 0.03241491085899514
0 0.4591788691574583 0.8454042570804158 0.01953125 0.03241491085899514
0 0.4680259011209286 0.8326159086867301 0.01953125 0.03241491085899514
0 0.4066674536323442 0.8335631937529291 0.01953125 0.03241491085899514
0 0.4026720198423897 0.6445798230462395 0.01953125 0.03241491085899514
0 0.5587793257784629 0.7071006374153699 0.01953125 0.03241491085899514
0 0.524818138563851 0.9496056143622996 0.01953125 0.03241491085899514
0 0.4092359467830291 0.7724633069830971 0.01953125 0.03241491085899514
0 0.4757313805729834 0.5792171534785123 0.01953125 0.03241491085899514
0 0.47202133491088294 0.8686127412022899 0.01953125 0.03241491085899514
0 0.47230672303873683 0.8487197548121121 0.01953125 0.03241491085899514
0 0.4825806956414766 0.8472988272128138 0.01953125 0.03241491085899514
0 0.5884596910752665 0.7809888725788875 0.01953125 0.03241491085899514
0 0.594167453632344 0.7487811803281235 0.01953125 0.03241491085899514
0 0.5647724764633945 0.6213713389243652 0.01953125 0.03241491085899514
0 0.4683112892487825 0.7942508635056728 0.01953125 0.03241491085899514
0 0.4757313805729834 0.799460931369767 0.01953125 0.03241491085899514
0 0.5370898280615679 0.8814010895959757 0.01953125 0.03241491085899514
0 0.4837222481528921 0.9477110442299019 0.01953125 0.03241491085899514
0 0.2865190518058601 0.8828220171952741 0.01953125 0.03241491085899514
0 0.2260167687008373 0.8837693022614731 0.01953125 0.03241491085899514
0 0.2551263577419332 0.8293004109550337 0.01953125 0.03241491085899514
0 0.1558112892487825 0.756359460857715 0.01953125 0.03241491085899514
0 0.21945284176019805 0.6597363841054227 0.01953125 0.03241491085899514
0 0.23457841253645376 0.6085829905306797 0.01953125 0.03241491085899514
0 0.24028617509353137 0.5811117236109102 0.01953125 0.03241491085899514
0 0.2305829787464994 0.5702179453496223 0.01953125 0.03241491085899514
0 0.21802590112092862 0.5740070856144182 0.01953125 0.03241491085899514
0 0.250845535824125 0.6043202077327844 0.01953125 0.03241491085899514
0 0.21574279609809757 0.645053465579339 0.01953125 0.03241491085899514
0 0.16123366367800623 0.7691478092514008 0.01953125 0.03241491085899514
0 0.3535852618515223 0.6767875152970037 0.01953125 0.03241491085899514
0 0.5071240746369103 0.5825326512102086 0.01953125 0.03241491085899514
0 0.6064391431300611 0.9406064062334096 0.01953125 0.03241491085899514
0 0.6032998737236683 0.9178715646446353 0.01953125 0.03241491085899514
0 0.616142339477093 0.8922948678572635 0.01953125 0.03241491085899514
0 0.6081514718971843 0.8818747321290752 0.01953125 0.03241491085899514
0 0.6224208782898785 0.8591398905403004 0.01953125 0.03241491085899514
0 0.644681152262481 0.9642885328883833 0.01953125 0.03241491085899514
0 0.7063249878789195 0.9832342342123622 0.01953125 0.03241491085899514
0 0.6994756728104263 0.9751823111496711 0.01953125 0.03241491085899514
0 0.736005353175723 0.9766032387489697 0.01953125 0.03241491085899514
0 0.7223067230387369 0.9879706595433572 0.01953125 0.03241491085899514
0 0.7117473623081433 0.9538683971601951 0.01953125 0.03241491085899514
0 0.7091788691574582 0.9363436234355145 0.01953125 0.03241491085899514
0 0.7825236180159058 0.9538683971601951 0.01953125 0.03241491085899514
0 0.6238478189291478 0.7786206599133901 0.01953125 0.03241491085899514
0 0.5953090061437597 0.7951981485718718 0.01953125 0.03241491085899514
0 0.6866332070570017 0.816512062561348 0.01953125 0.03241491085899514
0 0.7163135723538053 0.7577803884570133 0.01953125 0.03241491085899514
0 0.7642587778332575 0.799460931369767 0.01953125 0.03241491085899514
0 0.7805259011209286 0.7970927187042697 0.01953125 0.03241491085899514
0 0.7862336636780063 0.8103547096310549 0.01953125 0.03241491085899514
0 0.7731058097967278 0.8454042570804158 0.01953125 0.03241491085899514
0 0.796507636280746 0.8591398905403004 0.01953125 0.03241491085899514
0 0.7873752161894217 0.878559234397379 0.01953125 0.03241491085899514
0 0.8122039833127094 0.773410592049296 0.01953125 0.03241491085899514
0 0.8304688234953579 0.7539912481922176 0.01953125 0.03241491085899514
0 0.8347496454131661 0.7743578771154949 0.01953125 0.03241491085899514
0 0.8484482755501525 0.7833570852443849 0.01953125 0.03241491085899514
0 0.8173409696140792 0.8610344606726983 0.01953125 0.03241491085899514
0 0.8224779559154491 0.755412175791516 0.01953125 0.03241491085899514
0 0.8276149422168191 0.6677883071681137 0.01953125 0.03241491085899514
0 0.8401720198423898 0.6578418139730248 0.01953125 0.03241491085899514
0 0.7591217915318875 0.636054257450449 0.01953125 0.03241491085899514
0 0.7474208782898785 0.6261077642553601 0.01953125 0.03241491085899514
0 0.7374322938149926 0.6251604791891612 0.01953125 0.03241491085899514
0 0.7457085495227551 0.5792171534785123 0.01953125 0.03241491085899514
0 0.7257313805729835 0.5953209996038944 0.01953125 0.03241491085899514
0 0.7805259011209286 0.619950411325067 0.01953125 0.03241491085899514
0 0.7733911979245816 0.601004710001088 0.01953125 0.03241491085899514
0 0.7639733897054035 0.583953578809507 0.01953125 0.03241491085899514
0 0.7608341202990108 0.5815853661440097 0.01953125 0.03241491085899514
0 0.8107770426734401 0.609056633063779 0.01953125 0.03241491085899514
0 0.8290418828560884 0.6474216782448363 0.01953125 0.03241491085899514
0 0.8279003303446729 0.6365278999835485 0.01953125 0.03241491085899514
0 0.8381743029474126 0.6256341217222606 0.01953125 0.03241491085899514
0 0.8498752161894217 0.601951995067287 0.01953125 0.03241491085899514
0 0.8652861750935313 0.8591398905403004 0.01953125 0.03241491085899514
0 0.798505353175723 0.7909353657739765 0.01953125 0.03241491085899514
0 0.7571240746369103 0.8392469041501227 0.01953125 0.03241491085899514
0 0.6892017002076866 0.8752437366656827 0.01953125 0.03241491085899514
0 0.5784711066003807 0.8293004109550337 0.01953125 0.03241491085899514
0 0.8969642572853121 0.9533947546270956 0.01953125 0.03241491085899514
0 0.8784140289748099 0.9657094604876819 0.01953125 0.03241491085899514
0 0.870993937650609 0.911714211714342 0.01953125 0.03241491085899514
0 0.8127747595684172 0.48528805937486347 0.01953125 0.03241491085899514
0 0.849304439933714 0.4663423580508844 0.01953125 0.03241491085899514
0 0.8484482755501523 0.4568695073888951 0.01953125 0.03241491085899514
0 0.8595784125364537 0.44218658886281137 0.01953125 0.03241491085899514
0 0.8798409696140792 0.4601850051205914 0.01953125 0.03241491085899514
0 0.8872610609382803 0.4483439417931045 0.01953125 0.03241491085899514
0 0.9075236180159058 0.46397414538538717 0.01953125 0.03241491085899514
0 0.9129459924451295 0.44550208659450763 0.01953125 0.03241491085899514
0 0.9249322938149926 0.4511857969917014 0.01953125 0.03241491085899514
0 0.9446240746369102 0.45923772005439245 0.01953125 0.03241491085899514
0 0.9052405129930747 0.4028742586155552 0.01953125 0.03241491085899514
0 0.9032427960980977 0.3858231274239742 0.01953125 0.03241491085899514
0 0.8852633440433031 0.38440219982467577 0.01953125 0.03241491085899514
0 0.9092359467830291 0.3711402088978905 0.01953125 0.03241491085899514
0 0.9172268143629377 0.36735106863309475 0.01953125 0.03241491085899514
0 0.9226491887921614 0.3711402088978905 0.01953125 0.03241491085899514
0 0.8330373166460427 0.637327312499794 0.01953125 0.03241491085899514
0 0.7285852618515223 0.5482825162770932 0.01953125 0.03241491085899514
0 0.7374322938149926 0.5459143036115959 0.01953125 0.03241491085899514
0 0.7497039833127094 0.5255476746883185 0.01953125 0.03241491085899514
0 0.839315855458828 0.5416515208137007 0.01953125 0.03241491085899514
0 0.8470213349108829 0.5331259552179102 0.01953125 0.03241491085899514
0 0.844167453632344 0.5544398692073864 0.01953125 0.03241491085899514
0 0.856439143130061 0.5662809325348732 0.01953125 0.03241491085899514
0 0.8301834353675039 0.5743328555975642 0.01953125 0.03241491085899514
0 0.8313249878789194 0.5648600049355748 0.01953125 0.03241491085899514
0 0.8167701933583716 0.5989622673187368 0.01953125 0.03241491085899514
0 0.7836651705273212 0.46918421324948134 0.01953125 0.03241491085899514
0 0.7893729330843989 0.44502844406140823 0.01953125 0.03241491085899514
0 0.7788135723538053 0.4388710911311151 0.01953125 0.03241491085899514
0 0.8033569513492391 0.4483439417931045 0.01953125 0.03241491085899514
0 0.7910852618515223 0.42655638527052886 0.01953125 0.03241491085899514
0 0.8227633440433031 0.4360292359325183 0.01953125 0.03241491085899514
0 0.8142017002076866 0.4355555933994188 0.01953125 0.03241491085899514
0 0.8327519285181889 0.49997097790094697 0.01953125 0.03241491085899514
0 0.8470213349108829 0.43934473366421456 0.01953125 0.03241491085899514
0 0.8336080929017505 0.4355555933994188 0.01953125 0.03241491085899514
0 0.8473067230387369 0.4028742586155552 0.01953125 0.03241491085899514
0 0.8530144855958144 0.40903161154584833 0.01953125 0.03241491085899514
0 0.8615761294314309 0.42229360247263364 0.01953125 0.03241491085899514
0 0.8347496454131661 0.42324088753883254 0.01953125 0.03241491085899514
0 0.8450236180159058 0.42324088753883254 0.01953125 0.03241491085899514
0 0.8267587778332575 0.3711402088978905 0.01953125 0.03241491085899514
0 0.8190532983812026 0.399558760883859 0.01953125 0.03241491085899514
0 0.7882313805729835 0.39292776542046626 0.01953125 0.03241491085899514
0 0.8752747595684172 0.3038829691977655 0.01953125 0.03241491085899514
0 0.8789848052305176 0.27735898734419506 0.01953125 0.03241491085899514
0 0.9135167687008372 0.29867290133367125 0.01953125 0.03241491085899514
0 0.9143729330843989 0.2920419058702787 0.01953125 0.03241491085899514
0 0.9183683668743533 0.31998681532314754 0.01953125 0.03241491085899514
0 0.9055259011209286 0.32614416825344067 0.01953125 0.03241491085899514
0 0.91665603810723 0.2517822905568235 0.01953125 0.03241491085899514
0 0.9078090061437597 0.26314971135121085 0.01953125 0.03241491085899514
0 0.7405715632213853 0.43792380606491615 0.01953125 0.03241491085899514
0 0.7348638006643076 0.43839744859801566 0.01953125 0.03241491085899514
0 0.7322953075136227 0.44123930379661247 0.01953125 0.03241491085899514
0 0.7382884581985542 0.4360292359325183 0.01953125 0.03241491085899514
0 0.6626606043172757 0.5236531045559206 0.01953125 0.03241491085899514
0 0.6409711066003807 0.5246003896221196 0.01953125 0.03241491085899514
0 0.6680829787464995 0.5482825162770932 0.01953125 0.03241491085899514
0 0.6872039833127094 0.6036986926497314 0.01953125 0.03241491085899514
0 0.7348638006643076 0.6013304799842342 0.01953125 0.03241491085899514
0 0.7371469056871387 0.6349590998342967 0.01953125 0.03241491085899514
0 0.7465647139063167 0.6387482400990925 0.01953125 0.03241491085899514
0 0.731153755002207 0.38771769755637203 0.01953125 0.03241491085899514
0 0.7140304673309742 0.4199253898071362 0.01953125 0.03241491085899514
0 0.747991654545586 0.493813624970654 0.01953125 0.03241491085899514
0 0.5396583212122529 0.26835977921530507 0.01953125 0.03241491085899514
0 0.5216788691574583 0.2920419058702787 0.01953125 0.03241491085899514
0 0.519966540390335 0.2877791230723834 0.01953125 0.03241491085899514
0 0.5134026134496957 0.2981992588005718 0.01953125 0.03241491085899514
0 0.5114048965547185 0.2877791230723834 0.01953125 0.03241491085899514
0 0.5054117458697871 0.2825690552082892 0.01953125 0.03241491085899514
0 0.5019870883355405 0.28162177014209033 0.01953125 0.03241491085899514
0 0.5045555814862254 0.3005674714660692 0.01953125 0.03241491085899514
0 0.5573523851391934 0.30909303706185975 0.01953125 0.03241491085899514
0 0.5476491887921615 0.30672482439636234 0.01953125 0.03241491085899514
0 0.5356628874222985 0.3119348922604565 0.01953125 0.03241491085899514
0 0.5310966773766364 0.3100403221280586 0.01953125 0.03241491085899514
0 0.5279574079702437 0.3076721094625613 0.01953125 0.03241491085899514
0 0.5219642572853121 0.30483025426396443 0.01953125 0.03241491085899514
0 0.5761880015775496 0.38156034462607896 0.01953125 0.03241491085899514
0 0.6147153988378236 0.40334790114865465 0.01953125 0.03241491085899514
0 0.8378889148195587 0.36450921343449794 0.01953125 0.03241491085899514
0 0.8858341202990108 0.35598364783870745 0.01953125 0.03241491085899514
0 0.9217930244085999 0.5122856837615333 0.01953125 0.03241491085899514
0 0.9220784125364537 0.5946994845208415 0.01953125 0.03241491085899514
0 0.9414848052305176 0.5823847786602552 0.01953125 0.03241491085899514
0 0.9223638006643076 0.6231180365068099 0.01953125 0.03241491085899514
0 0.8581514718971842 0.6420637378307888 0.01953125 0.03241491085899514
0 0.5599208782898785 0.26646520908290716 0.01953125 0.03241491085899514
0 0.5345213349108829 0.4947609100368529 0.01953125 0.03241491085899514
0 0.5162564947282345 0.3891386251556705 0.01953125 0.03241491085899514
0 0.5687679102533487 0.3029356841315665 0.01953125 0.03241491085899514
0 0.5045555814862254 0.26646520908290716 0.01953125 0.03241491085899514
0 0.5119756728104263 0.2569923584209177 0.01953125 0.03241491085899514
0 0.5193957641346273 0.2588869285533156 0.01953125 0.03241491085899514
0 0.5154003303446729 0.26646520908290716 0.01953125 0.03241491085899514
0 0.5188249878789195 0.2712016344139019 0.01953125 0.03241491085899514
0 0.5062679102533487 0.27499077467869765 0.01953125 0.03241491085899514
0 0.5333797823994674 0.2650442814836087 0.01953125 0.03241491085899514
0 0.5299551248652208 0.26125514121881294 0.01953125 0.03241491085899514
0 0.7930829787464995 0.34840536730911587 0.01953125 0.03241491085899514
0 0.7146012435866821 0.4464493716607067 0.01953125 0.03241491085899514
0 0.6792131157328007 0.4535540096571988 0.01953125 0.03241491085899514
0 0.5425122024907916 0.5042337606988424 0.01953125 0.03241491085899514
0 0.7873752161894217 0.3517208650408122 0.01953125 0.03241491085899514
0 0.3581514718971843 0.3364164314316757 0.01953125 0.03241491085899514
0 0.3610053531757232 0.3288381509020841 0.01953125 0.03241491085899514
0 0.22516060431727566 0.32125987037249265 0.01953125 0.03241491085899514
0 0.23001220249079168 0.31510251744219947 0.01953125 0.03241491085899514
0 0.24542316139490125 0.32220715543869155 0.01953125 0.03241491085899514
0 0.24228389198850853 0.3264699382365868 0.01953125 0.03241491085899514
0 0.23286608376933046 0.3278908658358852 0.01953125 0.03241491085899514
0 0.23029759061864555 0.32031258530629364 0.01953125 0.03241491085899514
0 0.24314005637207017 0.2999459563830163 0.01953125 0.03241491085899514
0 0.2477062664177323 0.3046823817140111 0.01953125 0.03241491085899514
0 0.2588364034040337 0.30231416904851366 0.01953125 0.03241491085899514
0 0.2642587778332574 0.30705059437950843 0.01953125 0.03241491085899514
0 0.2525578645912483 0.31604980250839837 0.01953125 0.03241491085899514
0 0.2611195084268647 0.3184180151738958 0.01953125 0.03241491085899514
0 0.2582656271483259 0.3169970875745974 0.01953125 0.03241491085899514
0 0.2825236180159058 0.30847152197880684 0.01953125 0.03241491085899514
0 0.2813820655044903 0.2918940333203253 0.01953125 0.03241491085899514
0 0.2873752161894218 0.2928413183865242 0.01953125 0.03241491085899514
0 0.2976491887921615 0.288578535588629 0.01953125 0.03241491085899514
0 0.2930829787464994 0.33073272103448204 0.01953125 0.03241491085899514
0 0.2351491887921615 0.28668396545623115 0.01953125 0.03241491085899514
0 0.2462793257784629 0.2592126985364617 0.01953125 0.03241491085899514
0 0.24428160888348574 0.24737163520897493 0.01953125 0.03241491085899514
0 0.257980239020472 0.25494991573856646 0.01953125 0.03241491085899514
0 0.2599779559154492 0.26679097906605326 0.01953125 0.03241491085899514
0 0.2562679102533487 0.26537005146675485 0.01953125 0.03241491085899514
0 0.2662564947282346 0.25400263067236756 0.01953125 0.03241491085899514
0 0.2762450792031204 0.253528988139268 0.01953125 0.03241491085899514
0 0.2830943942716136 0.253528988139268 0.01953125 0.03241491085899514
0 0.2890875449565451 0.253528988139268 0.01953125 0.03241491085899514
0 0.2927975906186455 0.25684448587096437 0.01953125 0.03241491085899514
0 0.2665418828560885 0.2814738975921369 0.01953125 0.03241491085899514
0 0.2742473623081432 0.27626382972804275 0.01953125 0.03241491085899514
0 0.2779574079702437 0.2696328342646501 0.01953125 0.03241491085899514
0 0.26911037600677334 0.2710537618639485 0.01953125 0.03241491085899514
0 0.2568386865090565 0.2753165446618438 0.01953125 0.03241491085899514
0 0.2608341202990108 0.24595070760967647 0.01953125 0.03241491085899514
0 0.3298980472396501 0.2862103229231316 0.01953125 0.03241491085899514
0 0.3316103760067734 0.2933149609196237 0.01953125 0.03241491085899514
0 0.323048732171157 0.3008932414492153 0.01953125 0.03241491085899514
0 0.313345535824125 0.3056296667802101 0.01953125 0.03241491085899514
0 0.30364233947709307 0.2980513862506185 0.01953125 0.03241491085899514
0 0.3027861750935314 0.3008932414492153 0.01953125 0.03241491085899514
0 0.3564391431300611 0.30799787944570733 0.01953125 0.03241491085899514
0 0.3652861750935314 0.31178701971050315 0.01953125 0.03241491085899514
0 0.3769870883355405 0.3046823817140111 0.01953125 0.03241491085899514
0 0.3707085495227551 0.29094674825412636 0.01953125 0.03241491085899514
0 0.3672838919885085 0.2918940333203253 0.01953125 0.03241491085899514
0 0.3769870883355405 0.2980513862506185 0.01953125 0.03241491085899514
0 0.382980239020472 0.288578535588629 0.01953125 0.03241491085899514
0 0.3784140289748099 0.2814738975921369 0.01953125 0.03241491085899514
0 0.3832656271483259 0.27579018719494325 0.01953125 0.03241491085899514
0 0.37898480523051764 0.2686855491984511 0.01953125 0.03241491085899514
0 0.3838364034040337 0.26679097906605326 0.01953125 0.03241491085899514
0 0.3744185951848556 0.2691591917315507 0.01953125 0.03241491085899514
0 0.3795555814862255 0.25684448587096437 0.01953125 0.03241491085899514
0 0.3721354901620246 0.25684448587096437 0.01953125 0.03241491085899514
0 0.2322953075136227 0.391832607804314 0.01953125 0.03241491085899514
0 0.2354345769200154 0.38851711007261774 0.01953125 0.03241491085899514
0 0.24656471390631676 0.3956217480691097 0.01953125 0.03241491085899514
0 0.24256928011636245 0.4093573815289945 0.01953125 0.03241491085899514
0 0.2351491887921615 0.4306712955184707 0.01953125 0.03241491085899514
0 0.22715832121225282 0.4581425624382401 0.01953125 0.03241491085899514
0 0.2357199650478693 0.45387977964034487 0.01953125 0.03241491085899514
0 0.24713549016202455 0.4486697117762507 0.01953125 0.03241491085899514
0 0.24856243080129395 0.4221457299226802 0.01953125 0.03241491085899514
0 0.257980239020472 0.43540772084946544 0.01953125 0.03241491085899514
0 0.2434254444999241 0.3852016123409214 0.01953125 0.03241491085899514
0 0.23771768194284645 0.3733605490134346 0.01953125 0.03241491085899514
0 0.2337222481528921 0.3733605490134346 0.01953125 0.03241491085899514
0 0.2260167687008373 0.37762333181132984 0.01953125 0.03241491085899514
0 0.4175122024907917 0.45387977964034487 0.01953125 0.03241491085899514
0 0.4392017002076866 0.48656111442420846 0.01953125 0.03241491085899514
0 0.4317816088834857 0.4846665442918105 0.01953125 0.03241491085899514
0 0.4962793257784629 0.4789828338946168 0.01953125 0.03241491085899514
0 0.5290989604816592 0.4737727660305227 0.01953125 0.03241491085899514
0 0.23600535317572316 0.33736371649787467 0.01953125 0.03241491085899514
0 0.2311537550022072 0.3544148476894557 0.01953125 0.03241491085899514
0 0.22715832121225282 0.3492047798253615 0.01953125 0.03241491085899514
0 0.23258069564147657 0.34588928209366515 0.01953125 0.03241491085899514
0 0.2405715632213853 0.34588928209366515 0.01953125 0.03241491085899514
0 0.2245898280615679 0.35015206489156037 0.01953125 0.03241491085899514
0 0.28851676870083737 0.1910081737701377 0.01953125 0.03241491085899514
0 0.30164462258211583 0.18342989324054607 0.01953125 0.03241491085899514
0 0.4006743029474127 0.2582654134702627 0.01953125 0.03241491085899514
0 0.39610809290175053 0.27721111479424165 0.01953125 0.03241491085899514
0 0.3978204216688738 0.2847893953238333 0.01953125 0.03241491085899514
0 0.3875464490661341 0.29378860345272323 0.01953125 0.03241491085899514
0 0.3886880015775496 0.2672646215991527 0.01953125 0.03241491085899514
0 0.3895441659611113 0.3122606622436026 0.01953125 0.03241491085899514
0 0.3969642572853122 0.30184052651541426 0.01953125 0.03241491085899514
0 0.4026720198423898 0.30657695184640893 0.01953125 0.03241491085899514
0 0.4103774992944446 0.3008932414492153 0.01953125 0.03241491085899514
0 0.39753503354102 0.31510251744219947 0.01953125 0.03241491085899514
0 0.4163706499793761 0.29473588851892213 0.01953125 0.03241491085899514
0 0.4149437093401067 0.2720010469301475 0.01953125 0.03241491085899514
0 0.4120898280615679 0.270580119330849 0.01953125 0.03241491085899514
0 0.4163706499793761 0.263475481334357 0.01953125 0.03241491085899514
0 0.4260738463264081 0.2677382641322522 0.01953125 0.03241491085899514
0 0.4257884581985542 0.27768475732734116 0.01953125 0.03241491085899514
0 0.431210832627778 0.2601599836026607 0.01953125 0.03241491085899514
0 0.4329231613949013 0.2672646215991527 0.01953125 0.03241491085899514
0 0.4434825221254948 0.2748429021287443 0.01953125 0.03241491085899514
0 0.4320669970113396 0.2956831735851211 0.01953125 0.03241491085899514
0 0.44776334404330304 0.2814738975921369 0.01953125 0.03241491085899514
0 0.4511880015775496 0.2696328342646501 0.01953125 0.03241491085899514
0 0.4534711066003807 0.2592126985364617 0.01953125 0.03241491085899514
0 0.4506172253218419 0.2506871329406712 0.01953125 0.03241491085899514
0 0.4466217915318875 0.254476273205467 0.01953125 0.03241491085899514
0 0.4426263577419332 0.26205455373505854 0.01953125 0.03241491085899514
0 0.46517201984238987 0.2781583998604406 0.01953125 0.03241491085899514
0 0.46288891481955874 0.28668396545623115 0.01953125 0.03241491085899514
0 0.4680259011209286 0.27389561706254534 0.01953125 0.03241491085899514
0 0.448048732171157 0.30326145411471267 0.01953125 0.03241491085899514
0 0.4409140289748099 0.30326145411471267 0.01953125 0.03241491085899514
0 0.4466217915318875 0.29473588851892213 0.01953125 0.03241491085899514
0 0.44234096961407937 0.2980513862506185 0.01953125 0.03241491085899514
0 0.43577704267344003 0.28526303785693274 0.01953125 0.03241491085899514
0 0.4751606043172757 0.3027878115816132 0.01953125 0.03241491085899514
0 0.4745898280615679 0.2871576079893306 0.01953125 0.03241491085899514
0 0.4608911979245816 0.29663045865132004 0.01953125 0.03241491085899514
0 0.4757313805729834 0.27768475732734116 0.01953125 0.03241491085899514
0 0.4740190518058601 0.25779177093716327 0.01953125 0.03241491085899514
0 0.47972681436293774 0.25779177093716327 0.01953125 0.03241491085899514
0 0.4691674536323442 0.24831892027517383 0.01953125 0.03241491085899514
0 0.4257884581985542 0.24973984787447223 0.01953125 0.03241491085899514
0 0.1866332070570017 0.34588928209366515 0.01953125 0.03241491085899514
0 0.23429302440859986 0.495086680019999 0.01953125 0.03241491085899514
0 0.43406471390631673 0.19858645429972924 0.01953125 0.03241491085899514
0 0.4089505586551752 0.19621824163423182 0.01953125 0.03241491085899514
0 0.41950991938576887 0.19432367150183402 0.01953125 0.03241491085899514
0 0.4177975906186456 0.18769267603844142 0.01953125 0.03241491085899514
0 0.4086651705273213 0.18627174843914293 0.01953125 0.03241491085899514
0 0.3958227047738967 0.17916711044265088 0.01953125 0.03241491085899514
0 0.3852633440433031 0.1938500289687345 0.01953125 0.03241491085899514
0 0.3826948508926182 0.1749043276447556 0.01953125 0.03241491085899514
0 0.3353204216688738 0.202375594564525 0.01953125 0.03241491085899514
0 0.3267587778332574 0.19621824163423182 0.01953125 0.03241491085899514
0 0.3247610609382803 0.18153532310814827 0.01953125 0.03241491085899514
0 0.3361765860524355 0.18579810590604345 0.01953125 0.03241491085899514
0 0.3176263577419332 0.17727254031025294 0.01953125 0.03241491085899514
0 0.35957841253645373 0.17064154484686034 0.01953125 0.03241491085899514
0 0.4175122024907917 0.1583268389862741 0.01953125 0.03241491085899514
0 0.4628889148195588 0.202375594564525 0.01953125 0.03241491085899514
0 0.4665989604816592 0.19006088870393875 0.01953125 0.03241491085899514
0 0.45689576413462724 0.18769267603844142 0.01953125 0.03241491085899514
0 0.476872933084399 0.17821982537645192 0.01953125 0.03241491085899514
0 0.49057156322138523 0.18437717830674502 0.01953125 0.03241491085899514
0 0.4771583212122528 0.18674539097224238 0.01953125 0.03241491085899514
0 0.46774051299307473 0.17253611497925828 0.01953125 0.03241491085899514
0 0.4594642572853122 0.17158882991305932 0.01953125 0.03241491085899514
0 0.4469071796597414 0.1644841919165672 0.01953125 0.03241491085899514
0 0.4392017002076866 0.1644841919165672 0.01953125 0.03241491085899514
0 0.4337793257784629 0.16543147698276617 0.01953125 0.03241491085899514
0 0.4289277276049469 0.15643226885387618 0.01953125 0.03241491085899514
0 0.438345535824125 0.15643226885387618 0.01953125 0.03241491085899514
0 0.4469071796597414 0.15690591138697568 0.01953125 0.03241491085899514
0 0.4603204216688738 0.15690591138697568 0.01953125 0.03241491085899514
0 0.4680259011209286 0.15690591138697568 0.01953125 0.03241491085899514
0 0.48914462258211583 0.17300975751235775 0.01953125 0.03241491085899514
0 0.28851676870083737 0.20474380723002236 0.01953125 0.03241491085899514
0 0.3201948508926182 0.1995337393659282 0.01953125 0.03241491085899514
0 0.450331837193988 0.2094802325610171 0.01953125 0.03241491085899514
0 0.4540418828560885 0.21563758549131024 0.01953125 0.03241491085899514
0 0.4580373166460428 0.2199003682892055 0.01953125 0.03241491085899514
0 0.4674551248652209 0.2199003682892055 0.01953125 0.03241491085899514
0 0.4152290974679606 0.21184844522651441 0.01953125 0.03241491085899514
0 0.5285281842259515 0.19432367150183402 0.01953125 0.03241491085899514
0 0.5342359467830291 0.20142830949832607 0.01953125 0.03241491085899514
0 0.3042131157328008 0.24074063974558227 0.01953125 0.03241491085899514
0 0.3495898280615679 0.26489640893365535 0.01953125 0.03241491085899514
0 0.3464505586551752 0.2781583998604406 0.01953125 0.03241491085899514
0 0.3313249878789195 0.2748429021287443 0.01953125 0.03241491085899514
0 0.3387450792031204 0.2720010469301475 0.01953125 0.03241491085899514
0 0.3264733897054035 0.262528196268158 0.01953125 0.03241491085899514
0 0.3313249878789195 0.253528988139268 0.01953125 0.03241491085899514
0 0.3647153988378236 0.25779177093716327 0.01953125 0.03241491085899514
0 0.36186151755928486 0.2729483319963464 0.01953125 0.03241491085899514
0 0.36071996504786924 0.28573668039003214 0.01953125 0.03241491085899514
0 0.3664277276049469 0.27768475732734116 0.01953125 0.03241491085899514
0 0.3635738463264081 0.2677382641322522 0.01953125 0.03241491085899514
0 0.3692816088834857 0.2696328342646501 0.01953125 0.03241491085899514
0 0.3564391431300611 0.28052661252593797 0.01953125 0.03241491085899514
0 0.35415603810723 0.253528988139268 0.01953125 0.03241491085899514
0 0.3575806956414766 0.31604980250839837 0.01953125 0.03241491085899514
0 0.3293272709839423 0.35015206489156037 0.01953125 0.03241491085899514
0 0.32247795591544914 0.23505692934838862 0.01953125 0.03241491085899514
0 0.2962222481528921 0.2672646215991527 0.01953125 0.03241491085899514
0 0.284521334910883 0.2814738975921369 0.01953125 0.03241491085899514
0 0.3841217915318875 0.24500342254347754 0.01953125 0.03241491085899514
0 0.3918272709839423 0.24310885241107963 0.01953125 0.03241491085899514
0 0.4146583212122528 0.24737163520897493 0.01953125 0.03241491085899514
0 0.491142339477093 0.21421665789201183 0.01953125 0.03241491085899514
0 0.10329987372366832 0.39221730162081714 0.01953125 0.03241491085899514
0 0.2785281842259514 0.28375316154103797 0.01953125 0.03241491085899514
0 0.24256928011636236 0.49736594396889994 0.01953125 0.03241491085899514
0 0.23885923445426188 0.48836673584001017 0.01953125 0.03241491085899514
0 0.24285466824421628 0.48836673584001017 0.01953125 0.03241491085899514
0 0.23400763628074595 0.5030496543660936 0.01953125 0.03241491085899514
0 0.02653046733097425 0.3188027089903989 0.01953125 0.03241491085899514
0 0.22601676870083728 0.38511266362432506 0.01953125 0.03241491085899514
0 0.21545740797024365 0.3751661704292361 0.01953125 0.03241491085899514
0 0.28537749929444456 0.3751661704292361 0.01953125 0.03241491085899514
0 0.29793457692001535 0.37137703016444035 0.01953125 0.03241491085899514
0 0.29565147189718427 0.3633251071017493 0.01953125 0.03241491085899514
0 0.32561722532184184 0.3581150392376551 0.01953125 0.03241491085899514
0 0.38155329838120255 0.42110949613988496 0.01953125 0.03241491085899514
0 0.7738192801163625 0.6555625500241238 0.01953125 0.03241491085899514
0 0.7995042116232116 0.7465019163792225 0.01953125 0.03241491085899514
0 0.7955087778332574 0.7616584774384056 0.01953125 0.03241491085899514
0 0.7595498737236683 0.7379763507834319 0.01953125 0.03241491085899514
0 0.7515590061437597 0.7682894729017982 0.01953125 0.03241491085899514
0 0.459892339477093 0.7218725046580499 0.01953125 0.03241491085899514
0 0.4119471339976409 0.7019795182678721 0.01953125 0.03241491085899514
0 0.6887736180159058 0.7048213734664688 0.01953125 0.03241491085899514
0 0.8177690518058601 0.4518962607913507 0.01953125 0.03241491085899514
0 0.12427590112092858 0.7616584774384056 0.01953125 0.03241491085899514
0 0.09345398331270942 0.7597639073060076 0.01953125 0.03241491085899514
0 0.10486950842686467 0.7531329118426151 0.01953125 0.03241491085899514
0 0.07461836687435325 0.7569220521074108 0.01953125 0.03241491085899514
0 0.004983663678006205 0.7730258982327929 0.01953125 0.03241491085899514
0 0.012974531257914867 0.7730258982327929 0.01953125 0.03241491085899514
0 0.48443571847252676 0.7512383417102171 0.01953125 0.03241491085899514
0 0.4998466773766363 0.7597639073060076 0.01953125 0.03241491085899514
0 0.5523580929017505 0.20086571824863028 0.01953125 0.03241491085899514
0 0.5413706499793761 0.45308036712409927 0.01953125 0.03241491085899514
0 0.6344071796597415 0.5326523126848106 0.01953125 0.03241491085899514
0 0.7185966773766365 0.561070864670779 0.01953125 0.03241491085899514
0 0.41722681436293774 0.2811481276089907 0.01953125 0.03241491085899514
0 0.5670555814862254 0.28872640813858236 0.01953125 0.03241491085899514
0 0.7451377732670473 0.5279158873538159 0.01953125 0.03241491085899514
0 0.6118615175592848 0.5672282176010721 0.01953125 0.03241491085899514
0 0.6386880015775496 0.5653336474686743 0.01953125 0.03241491085899514
0 0.6395441659611113 0.5558607968066848 0.01953125 0.03241491085899514
0 0.6278432527191022 0.5705437153327685 0.01953125 0.03241491085899514
0 0.6615190518058601 0.5662809325348732 0.01953125 0.03241491085899514
0 0.5684825221254949 0.40050604595005784 0.01953125 0.03241491085899514
0 0.4588934810296044 0.40050604595005784 0.01953125 0.03241491085899514
0 0.5707656271483259 0.20394439471377682 0.01953125 0.03241491085899514
0 0.7488478189291478 0.5577553669390827 0.01953125 0.03241491085899514
0 0.5173980472396501 0.1973133992503842 0.01953125 0.03241491085899514
0 0.5162564947282346 0.1802622680588032 0.01953125 0.03241491085899514
0 0.31377361801590575 0.7341872105186361 0.01953125 0.03241491085899514
0 0.2977918828560884 0.7294507851876415 0.01953125 0.03241491085899514
0 0.07804302440859978 0.6915593825396836 0.01953125 0.03241491085899514
0 0.5291030944755192 0.17619631659243612 0.01953125 0.03241491085899514
0 0.5291030944755192 0.16541941116399095 0.01953125 0.03241491085899514
0 0.5311010964735211 0.15712948391134085 0.01953125 0.03241491085899514
0 0.5221100874825122 0.15464250573554583 0.01953125 0.03241491085899514
0 0.5121200774925022 0.15381351301028082 0.01953125 0.03241491085899514
0 0.5001320655044902 0.17205135296611107 0.01953125 0.03241491085899514
0 0.49613606150848616 0.16541941116399095 0.01953125 0.03241491085899514
0 0.48664555201797666 0.15547149846081085 0.01953125 0.03241491085899514
0 0.4791530445254692 0.15878746936187088 0.01953125 0.03241491085899514
0 0.5061260714984962 0.21101401105356657 0.01953125 0.03241491085899514
0 0.4981340635064882 0.2201329310314816 0.01953125 0.03241491085899514
0 0.5141180794905043 0.2159879674051566 0.01953125 0.03241491085899514
0 0.5261060914785162 0.21681696013042162 0.01953125 0.03241491085899514
0 0.4936385590109837 0.23754177826204684 0.01953125 0.03241491085899514
0 0.5670651324375571 0.1836572511198212 0.01953125 0.03241491085899514
0 0.5465856119580367 0.19028919292194127 0.01953125 0.03241491085899514
0 0.5390931044655292 0.18863120747141124 0.01953125 0.03241491085899514
0 0.5515806169530416 0.16790638933978602 0.01953125 0.03241491085899514
0 0.552080117452542 0.1612744475376659 0.01953125 0.03241491085899514
0 0.5465856119580367 0.15712948391134085 0.01953125 0.03241491085899514
0 0.5390931044655292 0.15547149846081085 0.01953125 0.03241491085899514
0 0.5715606369330616 0.020345684242614168 0.01953125 0.03241491085899514
0 0.585047150419575 0.03360956784685429 0.01953125 0.03241491085899514
0 0.5425896079620326 0.02614863331946919 0.01953125 0.03241491085899514
0 0.5325995979720227 0.03609654602264936 0.01953125 0.03241491085899514
0 0.5196125849850096 0.03692553874791435 0.01953125 0.03241491085899514
0 0.5236085889810137 0.0253196405942042 0.01953125 0.03241491085899514
0 0.5121200774925022 0.026977626044734183 0.01953125 0.03241491085899514
0 0.4981340635064882 0.027806618769999274 0.01953125 0.03241491085899514
0 0.4881440535164782 0.02614863331946919 0.01953125 0.03241491085899514
0 0.47315903853146324 0.02117467696787916 0.01953125 0.03241491085899514
0 0.4671650325374572 0.020345684242614168 0.01953125 0.03241491085899514
0 0.46516703053945524 0.03692553874791435 0.01953125 0.03241491085899514
0 0.4416905070629317 0.03195158239632432 0.01953125 0.03241491085899514
0 0.43669550206792673 0.03195158239632432 0.01953125 0.03241491085899514
0 0.43569650106892577 0.02614863331946919 0.01953125 0.03241491085899514
0 0.4416905070629317 0.022832662418409137 0.01953125 0.03241491085899514
0 0.4242079895804143 0.0253196405942042 0.01953125 0.03241491085899514
0 0.4132189785914033 0.027806618769999274 0.01953125 0.03241491085899514
0 0.40672547209789683 0.027806618769999274 0.01953125 0.03241491085899514
0 0.40023196560439034 0.022003669693144146 0.01953125 0.03241491085899514
0 0.39523696060938535 0.028635611495264262 0.01953125 0.03241491085899514
0 0.3877444531168778 0.037754531473179344 0.01953125 0.03241491085899514
0 0.3867454521178768 0.022003669693144146 0.01953125 0.03241491085899514
0 0.38374844912087386 0.030293596945794237 0.01953125 0.03241491085899514
0 0.3687634341358588 0.03195158239632432 0.01953125 0.03241491085899514
0 0.3732589386313634 0.022832662418409137 0.01953125 0.03241491085899514
0 0.35377841915084385 0.030293596945794237 0.01953125 0.03241491085899514
0 0.34528691065933537 0.02614863331946919 0.01953125 0.03241491085899514
0 0.33329889867132334 0.024490647868939213 0.01953125 0.03241491085899514
0 0.31631588168830643 0.03278057512158931 0.01953125 0.03241491085899514
0 0.29383835921078394 0.023661655143674225 0.01953125 0.03241491085899514
0 0.2878443532167779 0.027806618769999274 0.01953125 0.03241491085899514
0 0.27935284472526944 0.03609654602264936 0.01953125 0.03241491085899514
0 0.260871326243751 0.03195158239632432 0.01953125 0.03241491085899514
0 0.1337484491208738 0.03609654602264936 0.01953125 0.03241491085899514
0 0.10277941815184284 0.03443856057211929 0.01953125 0.03241491085899514
0 0.17570649107891573 0.03278057512158931 0.01953125 0.03241491085899514
0 0.18719500256742722 0.031122589671059225 0.01953125 0.03241491085899514
0 0.20917302454544917 0.03360956784685429 0.01953125 0.03241491085899514
0 0.2311510465234712 0.031122589671059225 0.01953125 0.03241491085899514
0 0.1197624351348598 0.32707299259066797 0.01953125 0.03241491085899514
0 0.12275943813186281 0.330388963491728 0.01953125 0.03241491085899514
0 0.1242579396303643 0.34116586892017314 0.01953125 0.03241491085899514
0 0.12925294462536926 0.35028478889808823 0.01953125 0.03241491085899514
0 0.1282539436263683 0.3577457234254734 0.01953125 0.03241491085899514
0 0.1357464511188758 0.32707299259066797 0.01953125 0.03241491085899514
0 0.13025194562437029 0.31629608716222285 0.01953125 0.03241491085899514
0 0.10477742014984481 0.31629608716222285 0.01953125 0.03241491085899514
0 0.1082739236463483 0.30883515263483774 0.01953125 0.03241491085899514
0 0.062319877692302385 0.3121511235358978 0.01953125 0.03241491085899514
0 0.0563258716982964 0.32458601441487295 0.01953125 0.03241491085899514
0 0.053328868701293386 0.3345339271180531 0.01953125 0.03241491085899514
0 0.047334862707287394 0.330388963491728 0.01953125 0.03241491085899514
0 0.045836361208785904 0.33536291984331806 0.01953125 0.03241491085899514
0 0.7453868107592354 0.9326990364113399 0.01953125 0.03241491085899514
0 0.7468853122577369 0.9617137817956153 0.01953125 0.03241491085899514
0 0.7623698277422524 0.9625427745208802 0.01953125 0.03241491085899514
0 0.7319002972727219 0.94596292001558 0.01953125 0.03241491085899514
0 0.7319002972727219 0.9136322037302447 0.01953125 0.03241491085899514
0 0.7124197777922024 0.8730115601922591 0.01953125 0.03241491085899514
0 0.7024297678021925 0.9128032110049796 0.01953125 0.03241491085899514
0 0.6879442533166781 0.9078292546533895 0.01953125 0.03241491085899514
0 0.6499822153546401 0.7519786223035678 0.01953125 0.03241491085899514
0 0.6424897078621327 0.7950862440173483 0.01953125 0.03241491085899514
0 0.673958239330664 0.7213058914687623 0.01953125 0.03241491085899514
0 0.67995224532467 0.7146739496666422 0.01953125 0.03241491085899514
0 0.680951246323671 0.6881461824581618 0.01953125 0.03241491085899514
0 0.6449872103596351 0.6997520806118721 0.01953125 0.03241491085899514
0 0.6554767208491455 0.7047260369634621 0.01953125 0.03241491085899514
0 0.6504817158541405 0.7130159642161122 0.01953125 0.03241491085899514
0 0.661970227342652 0.7121869714908472 0.01953125 0.03241491085899514
0 0.6724597378321625 0.7544656004793628 0.01953125 0.03241491085899514
0 0.6684637338361585 0.7809933676878431 0.01953125 0.03241491085899514
0 0.6529792183516431 0.7950862440173483 0.01953125 0.03241491085899514
0 0.6504817158541405 0.8224430039510936 0.01953125 0.03241491085899514
0 0.6729592383316629 0.8564317056869589 0.01953125 0.03241491085899514
0 0.732899298271723 0.8672086111154041 0.01953125 0.03241491085899514
0 0.732899298271723 0.8348778948300687 0.01953125 0.03241491085899514
0 0.6979342633066881 0.8091791203468535 0.01953125 0.03241491085899514
0 0.68994225531468 0.8000602003689383 0.01953125 0.03241491085899514
0 0.7788533442257689 0.7569525786551577 0.01953125 0.03241491085899514
0 0.7718603372327619 0.7329117896224724 0.01953125 0.03241491085899514
0 0.728903294275719 0.6127078444590459 0.01953125 0.03241491085899514
0 0.7154167807892055 0.5886670554263606 0.01953125 0.03241491085899514
0 0.6824497478221725 0.5894960481516256 0.01953125 0.03241491085899514
0 0.6764557418281665 0.5944700045032157 0.01953125 0.03241491085899514
0 0.6744577398301645 0.5621392882178803 0.01953125 0.03241491085899514
0 0.6844477498201744 0.5579943245915553 0.01953125 0.03241491085899514
0 0.6714607368331614 0.6500125170959714 0.01953125 0.03241491085899514
0 0.647984213356638 0.6483545316454413 0.01953125 0.03241491085899514
0 0.6324996978721226 0.6607894225244165 0.01953125 0.03241491085899514
0 0.6245076898801146 0.6524994952717664 0.01953125 0.03241491085899514
0 0.6215106868831116 0.5546783536904953 0.01953125 0.03241491085899514
0 0.63000219537462 0.5397564846357251 0.01953125 0.03241491085899514
0 0.835796401168826 0.9805499372881037 0.01953125 0.03241491085899514
0 0.7708613362337611 0.9838659081891638 0.01953125 0.03241491085899514
0 0.8657664311388559 0.9871818790902237 0.01953125 0.03241491085899514
0 0.8497824151548399 0.9755759809365138 0.01953125 0.03241491085899514
0 0.8767554421278669 0.9241784319700831 0.01953125 0.03241491085899514
0 0.850781416153841 0.6870865125442899 0.01953125 0.03241491085899514
0 0.8125696279420526 0.4265521196224692 0.01953125 0.03241491085899514
0 0.8200621354345601 0.4215781632708792 0.01953125 0.03241491085899514
0 0.7865956019680266 0.4157752141940241 0.01953125 0.03241491085899514
0 0.8520301674025921 0.37598356338130356 0.01953125 0.03241491085899514
0 0.8610211763936011 0.40085334513925397 0.01953125 0.03241491085899514
0 0.8775046928771174 0.41992017782034907 0.01953125 0.03241491085899514
0 0.9499322653046899 0.34282385437070323 0.01953125 0.03241491085899514
0 0.9794027947752194 0.3419948616454382 0.01953125 0.03241491085899514
0 0.9714107867832115 0.35442975252441333 0.01953125 0.03241491085899514
0 0.9654167807892053 0.3743255779307736 0.01953125 0.03241491085899514
0 0.966915282287707 0.3875894615350137 0.01953125 0.03241491085899514
0 0.9554267707991954 0.36935162157918355 0.01953125 0.03241491085899514
0 0.9918903072627319 0.3826155051834237 0.01953125 0.03241491085899514
0 0.9838982992707239 0.3038611962832477 0.01953125 0.03241491085899514
0 0.9858963012687258 0.2914263054042725 0.01953125 0.03241491085899514
0 0.9893928047652294 0.27484645089897236 0.01953125 0.03241491085899514
0 0.9644177797902044 0.2624115600199972 0.01953125 0.03241491085899514
0 0.9639182792907038 0.25660861094314213 0.01953125 0.03241491085899514
0 0.9544277698001944 0.2607535745694672 0.01953125 0.03241491085899514
0 0.9589232742956989 0.25660861094314213 0.01953125 0.03241491085899514
0 0.9574247727971975 0.249147676415757 0.01953125 0.03241491085899514
0 0.9524297678021925 0.2408577491631069 0.01953125 0.03241491085899514
0 0.9494327648051895 0.2292518510093968 0.01953125 0.03241491085899514
0 0.945936261308686 0.23505480008625185 0.01953125 0.03241491085899514
0 0.9439382593106839 0.22676487283360175 0.01953125 0.03241491085899514
0 0.9389432543156789 0.23173882918519179 0.01953125 0.03241491085899514
0 0.9389432543156789 0.22179091648201166 0.01953125 0.03241491085899514
0 0.9224597378321624 0.2184749455809516 0.01953125 0.03241491085899514
0 0.9144677298401546 0.2201329310314816 0.01953125 0.03241491085899514
0 0.913968229340654 0.21018501832830155 0.01953125 0.03241491085899514
0 0.9194627348351595 0.20604005470197648 0.01953125 0.03241491085899514
0 0.9109712263436509 0.19940811289985644 0.01953125 0.03241491085899514
0 0.917964233336658 0.1919471783724713 0.01953125 0.03241491085899514
0 0.914967230339655 0.23671278553678185 0.01953125 0.03241491085899514
0 0.922959238331663 0.24251573461363696 0.01953125 0.03241491085899514
0 0.923958239330664 0.2624115600199972 0.01953125 0.03241491085899514
0 0.9234587388311635 0.27567544362423735 0.01953125 0.03241491085899514
0 0.9094727248451495 0.2914263054042725 0.01953125 0.03241491085899514
0 0.9124697278421525 0.2806493999758274 0.01953125 0.03241491085899514
0 0.906975222347647 0.2814783927010924 0.01953125 0.03241491085899514
0 0.8864957018681265 0.2657275309210573 0.01953125 0.03241491085899514
0 0.8844976998701245 0.2707014872726473 0.01953125 0.03241491085899514
0 0.882999198371623 0.2881103345032125 0.01953125 0.03241491085899514
0 0.8800021953746199 0.2690435018221172 0.01953125 0.03241491085899514
0 0.9444377598101844 0.27650443634950234 0.01953125 0.03241491085899514
0 0.946935262307687 0.26655652364632226 0.01953125 0.03241491085899514
0 0.9414407568131814 0.25412163276734706 0.01953125 0.03241491085899514
0 0.940941256313681 0.2408577491631069 0.01953125 0.03241491085899514
0 0.946935262307687 0.250805661866287 0.01953125 0.03241491085899514
0 0.9404417558141804 0.2823073854263574 0.01953125 0.03241491085899514
0 0.9504317658041904 0.27816242180003237 0.01953125 0.03241491085899514
0 0.9529292683016929 0.2955712690305976 0.01953125 0.03241491085899514
0 0.9614207767932014 0.30883515263483774 0.01953125 0.03241491085899514
0 0.9574247727971975 0.2798204072505624 0.01953125 0.03241491085899514
0 0.9719102872827119 0.2582665963936721 0.01953125 0.03241491085899514
0 0.9828992982717228 0.26158256729473217 0.01953125 0.03241491085899514
0 0.9814007967732215 0.2574376036684071 0.01953125 0.03241491085899514
0 0.8155666309390557 0.022832662418409137 0.01953125 0.03241491085899514
0 0.7646175799900047 0.0037658297373138823 0.01953125 0.03241491085899514
0 0.8170651324375571 0.36935162157918355 0.01953125 0.03241491085899514
0 0.8330491484215731 0.28479436360215243 0.01953125 0.03241491085899514
0 0.8375446529170776 0.28479436360215243 0.01953125 0.03241491085899514
0 0.8195626349350595 0.2789914145252974 0.01953125 0.03241491085899514
0 0.8260561414285662 0.28479436360215243 0.01953125 0.03241491085899514
0 0.7940881094605341 0.25412163276734706 0.01953125 0.03241491085899514
0 0.7761060914785162 0.1844862438450862 0.01953125 0.03241491085899514
0 0.6752069905794152 0.20438206925144645 0.01953125 0.03241491085899514
0 0.5488333642057889 0.21432998195462655 0.01953125 0.03241491085899514
0 0.5438383592107839 0.19940811289985644 0.01953125 0.03241491085899514
0 0.53984235521478 0.20438206925144645 0.01953125 0.03241491085899514
0 0.5593228746952994 0.17619631659243612 0.01953125 0.03241491085899514
0 0.5538283692007938 0.18282825839455616 0.01953125 0.03241491085899514
0 0.5733088886813134 0.17619631659243612 0.01953125 0.03241491085899514
0 0.5723098876823124 0.1836572511198212 0.01953125 0.03241491085899514
0 0.5827993981718229 0.1844862438450862 0.01953125 0.03241491085899514
0 0.5872949026673274 0.17619631659243612 0.01953125 0.03241491085899514
0 0.9736585390309637 0.9241784319700829 0.01953125 0.03241491085899514
0 0.9946375600099847 0.9341263446732628 0.01953125 0.03241491085899514
0 0.835796401168826 0.8396211739930517 0.01953125 0.03241491085899514
0 0.25937282474524953 0.7981715377298011 0.01953125 0.03241491085899514
0 0.2523798177522425 0.7716437705213208 0.01953125 0.03241491085899514
0 0.2483838137562385 0.7567219014665507 0.01953125 0.03241491085899514
0 0.06356862894105367 0.7716437705213208 0.01953125 0.03241491085899514
0 0.04558661095903566 0.7782757123234408 0.01953125 0.03241491085899514
0 0.028603593976018693 0.7683277996202607 0.01953125 0.03241491085899514
