0 0.00999909749619653 0.820999944230662 0.03225806451612903 0.046511627906976744
0 0.08593834609731561 0.7345574703028276 0.03225806451612903 0.046511627906976744
0 0.06435561228436598 0.6308265015894261 0.03225806451612903 0.046511627906976744
0 0.02998311028596474 0.58702898146599 0.03225806451612903 0.046511627906976744
0 0.007601015961424356 0.5443840276615916 0.03225806451612903 0.046511627906976744
0 0.013196539542559458 0.5075019054523822 0.03225806451612903 0.046511627906976744
0 0.07714538046981766 0.49251854330489087 0.03225806451612903 0.046511627906976744
0 0.13310061628116857 0.5155698696856469 0.03225806451612903 0.046511627906976744
0 0.14429166344343872 0.46255181900990827 0.03225806451612903 0.046511627906976744
0 0.1634763157216162 0.46831465060509725 0.03225806451612903 0.046511627906976744
0 0.18825649158092872 0.38532987563437604 0.03225806451612903 0.046511627906976744
0 0.22742515664887436 0.4060760693770564 0.03225806451612903 0.046511627906976744
0 0.24421172739227967 0.4233645641626233 0.03225806451612903 0.046511627906976744
0 0.2737880663211365 0.4890608443477776 0.03225806451612903 0.046511627906976744
0 0.22342835409092074 0.46831465060509725 0.03225806451612903 0.046511627906976744
0 0.2953708001340861 0.5282480991950625 0.03225806451612903 0.046511627906976744
0 0.3057624867847657 0.5743507519565743 0.03225806451612903 0.046511627906976744
0 0.559959129470617 0.9581553361961594 0.03225806451612903 0.046511627906976744
0 0.08134202315566903 0.40405907831874033 0.03225806451612903 0.046511627906976744
0 0.10412379773600475 0.3475833286858885 0.03225806451612903 0.046511627906976744
0 0.12250908950259147 0.3487358950049262 0.03225806451612903 0.046511627906976744
0 0.138496299734406 0.3435493465692562 0.03225806451612903 0.046511627906976744
0 0.004203733787163826 0.11418864908073525 0.03225806451612903 0.046511627906976744
0 0.02218934529795518 0.13262971018533998 0.03225806451612903 0.046511627906976744
0 0.02538678734431811 0.16663041659695485 0.03225806451612903 0.046511627906976744
0 0.02778486887909028 0.1931394419348241 0.03225806451612903 0.046511627906976744
0 0.012996699414661831 0.20524138828472097 0.03225806451612903 0.046511627906976744
0 0.010598617879889636 0.23520811257970356 0.03225806451612903 0.046511627906976744
0 0.036178154250792925 0.24327607681296812 0.03225806451612903 0.046511627906976744
0 0.02538678734431811 0.26171713791757284 0.03225806451612903 0.046511627906976744
0 0.03737719501817902 0.27670050006506414 0.03225806451612903 0.046511627906976744
0 0.01019893762409427 0.2836158979792909 0.03225806451612903 0.046511627906976744
0 0.0022053325081870068 0.24961519156767598 0.03225806451612903 0.046511627906976744
0 0.012996699414661831 0.30609094120052793 0.03225806451612903 0.046511627906976744
0 0.03298071220443002 0.31646403807186807 0.03225806451612903 0.046511627906976744
0 0.024987107088522743 0.3423967802502183 0.03225806451612903 0.046511627906976744
0 0.008200536345117462 0.32280315282657585 0.03225806451612903 0.046511627906976744
0 0.07135001676078492 0.35276987712155844 0.03225806451612903 0.046511627906976744
0 0.044171759366700196 0.3435493465692562 0.03225806451612903 0.046511627906976744
0 0.05816056831953794 0.31588775491234916 0.03225806451612903 0.046511627906976744
0 0.06975129573760348 0.29802297696726326 0.03225806451612903 0.046511627906976744
0 0.05856024857533328 0.27151395162939407 0.03225806451612903 0.046511627906976744
0 0.07214937727237566 0.27266651794843183 0.03225806451612903 0.046511627906976744
0 0.05336440524999357 0.25825943896045944 0.03225806451612903 0.046511627906976744
0 0.06535481292385448 0.2357843957392225 0.03225806451612903 0.046511627906976744
0 0.047369201413063104 0.2190721841131745 0.03225806451612903 0.046511627906976744
0 0.05935960908692401 0.20351253880616424 0.03225806451612903 0.046511627906976744
0 0.04057463706454192 0.18046121242540838 0.03225806451612903 0.046511627906976744
0 0.060158969598514744 0.18161377874444617 0.03225806451612903 0.046511627906976744
0 0.060158969598514744 0.14012139125908565 0.03225806451612903 0.046511627906976744
0 0.0497672829478353 0.12398546279255653 0.03225806451612903 0.046511627906976744
0 0.050566643459426006 0.1470367891733124 0.03225806451612903 0.046511627906976744
0 0.07894394162089684 0.17930864610637057 0.03225806451612903 0.046511627906976744
0 0.09533083210850675 0.2501914747271949 0.03225806451612903 0.046511627906976744
0 0.07534681931873856 0.21964846727269335 0.03225806451612903 0.046511627906976744
0 0.08453946520203194 0.26171713791757284 0.03225806451612903 0.046511627906976744
0 0.08733722699259948 0.27670050006506414 0.03225806451612903 0.046511627906976744
0 0.09892795441066501 0.2813107653412153 0.03225806451612903 0.046511627906976744
0 0.11051868182873059 0.3147351885933113 0.03225806451612903 0.046511627906976744
0 0.0893356282715763 0.3083960738386034 0.03225806451612903 0.046511627906976744
0 0.1257065315489544 0.2818870485007342 0.03225806451612903 0.046511627906976744
0 0.1237081302699776 0.3026332422434145 0.03225806451612903 0.046511627906976744
0 0.14289278254815502 0.30493837488149006 0.03225806451612903 0.046511627906976744
0 0.1588799927799696 0.2657511200342051 0.03225806451612903 0.046511627906976744
0 0.13689757871122457 0.25653058948190277 0.03225806451612903 0.046511627906976744
0 0.1237081302699776 0.2501914747271949 0.03225806451612903 0.046511627906976744
0 0.10652187927077693 0.21619076831557996 0.03225806451612903 0.046511627906976744
0 0.10971932131713985 0.18680032718011624 0.03225806451612903 0.046511627906976744
0 0.09053466903896236 0.17239324819214386 0.03225806451612903 0.046511627906976744
0 0.0825410639230551 0.15452847024705804 0.03225806451612903 0.046511627906976744
0 0.09213339006214384 0.1441553733757179 0.03225806451612903 0.046511627906976744
0 0.09173370980634846 0.11822263119736752 0.03225806451612903 0.046511627906976744
0 0.08174170341146438 0.11822263119736752 0.03225806451612903 0.046511627906976744
0 0.10172571620123258 0.1090021006450652 0.03225806451612903 0.046511627906976744
0 0.1572812717567881 0.17124068187310604 0.03225806451612903 0.046511627906976744
0 0.14329246280395044 0.19717342405145638 0.03225806451612903 0.046511627906976744
0 0.13889597999020142 0.2190721841131745 0.03225806451612903 0.046511627906976744
0 0.1301030143627034 0.23520811257970356 0.03225806451612903 0.046511627906976744
0 0.16367615584951398 0.23636067889874135 0.03225806451612903 0.046511627906976744
0 0.16487519661690003 0.20581767144423985 0.03225806451612903 0.046511627906976744
0 0.1484883061292901 0.14818935549235018 0.03225806451612903 0.046511627906976744
0 0.13649789845542923 0.11188351644265966 0.03225806451612903 0.046511627906976744
0 0.15568255073360668 0.11995148067592426 0.03225806451612903 0.046511627906976744
0 0.16127807431474178 0.15107077128994464 0.03225806451612903 0.046511627906976744
0 0.14648990485031332 0.126866878590151 0.03225806451612903 0.046511627906976744
0 0.10172571620123258 0.13435855966389665 0.03225806451612903 0.046511627906976744
0 0.03298071220443002 0.12283289647351872 0.03225806451612903 0.046511627906976744
0 0.1552828704778113 0.29053129589351767 0.03225806451612903 0.046511627906976744
0 0.21923171140506953 0.3435493465692562 0.03225806451612903 0.046511627906976744
0 0.17686560429076092 0.32337943598609475 0.03225806451612903 0.046511627906976744
0 0.1596793532915603 0.322226869667057 0.03225806451612903 0.046511627906976744
0 0.11251708310770739 0.15510475340657692 0.03225806451612903 0.046511627906976744
0 0.11611420540986567 0.13608740914245332 0.03225806451612903 0.046511627906976744
0 0.09493115185271138 0.1574098860446525 0.03225806451612903 0.046511627906976744
0 0.1025250767128233 0.15510475340657692 0.03225806451612903 0.046511627906976744
0 0.18525888966246357 0.115917498559292 0.03225806451612903 0.046511627906976744
0 0.1872572909414404 0.13493484282341559 0.03225806451612903 0.046511627906976744
0 0.21003906552177612 0.14012139125908565 0.03225806451612903 0.046511627906976744
0 0.1936521750341662 0.1280194449091888 0.03225806451612903 0.046511627906976744
0 0.19245313426678012 0.1989022735300131 0.03225806451612903 0.046511627906976744
0 0.20204546040586885 0.18852917665867291 0.03225806451612903 0.046511627906976744
0 0.22043075217245559 0.17527466398973832 0.03225806451612903 0.046511627906976744
0 0.21763299038188805 0.20063112300856978 0.03225806451612903 0.046511627906976744
0 0.2248272349862046 0.21388563567750438 0.03225806451612903 0.046511627906976744
0 0.2248272349862046 0.22541129886788236 0.03225806451612903 0.046511627906976744
0 0.23601828214847476 0.2334792631011469 0.03225806451612903 0.046511627906976744
0 0.24321252675279129 0.2519203242057516 0.03225806451612903 0.046511627906976744
0 0.2388160439390423 0.27151395162939407 0.03225806451612903 0.046511627906976744
0 0.21843235089347873 0.24961519156767598 0.03225806451612903 0.046511627906976744
0 0.22123011268404627 0.277276783224583 0.03225806451612903 0.046511627906976744
0 0.2060422629638225 0.27266651794843183 0.03225806451612903 0.046511627906976744
0 0.19684961708052914 0.24039466101537363 0.03225806451612903 0.046511627906976744
0 0.20444354194064104 0.22080103359173117 0.03225806451612903 0.046511627906976744
0 0.21883203114927413 0.13896882494004786 0.03225806451612903 0.046511627906976744
0 0.2248272349862046 0.12456174595207539 0.03225806451612903 0.046511627906976744
0 0.21043874577757152 0.11822263119736752 0.03225806451612903 0.046511627906976744
0 0.2611981382635827 0.11879891435688646 0.03225806451612903 0.046511627906976744
0 0.2544035739150615 0.11015466696410299 0.03225806451612903 0.046511627906976744
0 0.242812846496996 0.11015466696410299 0.03225806451612903 0.046511627906976744
0 0.23162179933472574 0.10669696800698959 0.03225806451612903 0.046511627906976744
0 0.24001508470642846 0.1280194449091888 0.03225806451612903 0.046511627906976744
0 0.23282084010211182 0.14646050601379346 0.03225806451612903 0.046511627906976744
0 0.27278886568164823 0.1931394419348241 0.03225806451612903 0.046511627906976744
0 0.26599430133312707 0.21964846727269335 0.03225806451612903 0.046511627906976744
0 0.2807824707975556 0.2086990872418343 0.03225806451612903 0.046511627906976744
0 0.2791837497743741 0.23981837785585475 0.03225806451612903 0.046511627906976744
0 0.2691917433794899 0.25422545684382714 0.03225806451612903 0.046511627906976744
0 0.2508064516129032 0.2519203242057516 0.03225806451612903 0.046511627906976744
0 0.2504067713571078 0.23175041362259022 0.03225806451612903 0.046511627906976744
0 0.24321252675279129 0.2167670514750989 0.03225806451612903 0.046511627906976744
0 0.234019880869498 0.20293625564664536 0.03225806451612903 0.046511627906976744
0 0.25280485289188015 0.20293625564664536 0.03225806451612903 0.046511627906976744
0 0.24401188726438208 0.1954445745728997 0.03225806451612903 0.046511627906976744
0 0.2336202006137026 0.18449519454204064 0.03225806451612903 0.046511627906976744
0 0.247209329310745 0.17239324819214386 0.03225806451612903 0.046511627906976744
0 0.251605812124494 0.1504944881304258 0.03225806451612903 0.046511627906976744
0 0.2599990974961966 0.13896882494004786 0.03225806451612903 0.046511627906976744
0 0.2767856682396019 0.42480527206142055 0.03225806451612903 0.046511627906976744
0 0.3051629664010727 0.40233022884018366 0.03225806451612903 0.046511627906976744
0 0.2979687217967562 0.4265341215399772 0.03225806451612903 0.046511627906976744
0 0.34313259070163227 0.46917907534437564 0.03225806451612903 0.046511627906976744
0 0.33513898558572497 0.42365270574238284 0.03225806451612903 0.046511627906976744
0 0.34473131172481364 0.42250013942334497 0.03225806451612903 0.046511627906976744
0 0.31315657151697995 0.4253815552209395 0.03225806451612903 0.046511627906976744
0 0.31675369381913826 0.39022828249028685 0.03225806451612903 0.046511627906976744
0 0.3343396250741342 0.3931096982878812 0.03225806451612903 0.046511627906976744
0 0.34433163146901835 0.37005837190712537 0.03225806451612903 0.046511627906976744
0 0.331941543539362 0.3539224434405963 0.03225806451612903 0.046511627906976744
0 0.31195753074959387 0.3671769561095309 0.03225806451612903 0.046511627906976744
0 0.3063620071684588 0.33778651497406714 0.03225806451612903 0.046511627906976744
0 0.28997511668084885 0.3579564255572286 0.03225806451612903 0.046511627906976744
0 0.2783843892627833 0.35276987712155844 0.03225806451612903 0.046511627906976744
0 0.2584003764730152 0.3591089918762663 0.03225806451612903 0.046511627906976744
0 0.2524051726360847 0.3988725298830702 0.03225806451612903 0.046511627906976744
0 0.2807824707975556 0.3873468666926923 0.03225806451612903 0.046511627906976744
0 0.24041476496222375 0.3418204970906995 0.03225806451612903 0.046511627906976744
0 0.26759302235630855 0.3349050991764727 0.03225806451612903 0.046511627906976744
0 0.21883203114927413 0.31588775491234916 0.03225806451612903 0.046511627906976744
0 0.229623398055749 0.29975182644582 0.03225806451612903 0.046511627906976744
0 0.2520054923802893 0.29226014537207434 0.03225806451612903 0.046511627906976744
0 0.2663939815889224 0.31243005595523565 0.03225806451612903 0.046511627906976744
0 0.2779847090069879 0.3020569590838955 0.03225806451612903 0.046511627906976744
0 0.29756904154096087 0.27151395162939407 0.03225806451612903 0.046511627906976744
0 0.28917575616925817 0.31012492331716013 0.03225806451612903 0.046511627906976744
0 0.3071613676800495 0.31012492331716013 0.03225806451612903 0.046511627906976744
0 0.3255466594466362 0.30666722436004673 0.03225806451612903 0.046511627906976744
0 0.3335402645625435 0.28649731377688537 0.03225806451612903 0.046511627906976744
0 0.3255466594466362 0.272090234788913 0.03225806451612903 0.046511627906976744
0 0.31155785049379847 0.2755479337460264 0.03225806451612903 0.046511627906976744
0 0.3059623269126634 0.2288689978249957 0.03225806451612903 0.046511627906976744
0 0.29357223898300716 0.24154722733441142 0.03225806451612903 0.046511627906976744
0 0.31035880972641244 0.2156144851560611 0.03225806451612903 0.046511627906976744
0 0.29357223898300716 0.21619076831557996 0.03225806451612903 0.046511627906976744
0 0.3003668033315283 0.1908343092967485 0.03225806451612903 0.046511627906976744
0 0.2871773548902813 0.19256315877530525 0.03225806451612903 0.046511627906976744
0 0.4210702405817282 0.1908343092967485 0.03225806451612903 0.046511627906976744
0 0.4002868672803692 0.16259643448032257 0.03225806451612903 0.046511627906976744
0 0.31715337407493355 0.1078495343260274 0.03225806451612903 0.046511627906976744
0 0.2939719192388025 0.12110404699496206 0.03225806451612903 0.046511627906976744
0 0.2759863077280112 0.10496811852843294 0.03225806451612903 0.046511627906976744
0 0.2811821510533509 0.13205342702582107 0.03225806451612903 0.046511627906976744
0 0.31355625177277535 0.1908343092967485 0.03225806451612903 0.046511627906976744
0 0.3243476186792501 0.18968174297771076 0.03225806451612903 0.046511627906976744
0 0.331941543539362 0.15107077128994464 0.03225806451612903 0.046511627906976744
0 0.34433163146901835 0.14127395757812344 0.03225806451612903 0.046511627906976744
0 0.3059623269126634 0.14012139125908565 0.03225806451612903 0.046511627906976744
0 0.29517096000618864 0.14012139125908565 0.03225806451612903 0.046511627906976744
0 0.2767856682396019 0.13839254178052893 0.03225806451612903 0.046511627906976744
0 0.36391596400299114 0.18449519454204064 0.03225806451612903 0.046511627906976744
0 0.3515258760733349 0.17354581451118165 0.03225806451612903 0.046511627906976744
0 0.3807025347463964 0.16432528395887933 0.03225806451612903 0.046511627906976744
0 0.3663140455377633 0.14818935549235018 0.03225806451612903 0.046511627906976744
0 0.38589837807173616 0.1303245775472644 0.03225806451612903 0.046511627906976744
0 0.3982884660013924 0.12283289647351872 0.03225806451612903 0.046511627906976744
0 0.4190718393027513 0.11707006487832973 0.03225806451612903 0.046511627906976744
0 0.36791276656094474 0.10669696800698959 0.03225806451612903 0.046511627906976744
0 0.2739879064490343 0.4611111111111111 0.03225806451612903 0.046511627906976744
0 0.3547233181196977 0.3141589054337924 0.03225806451612903 0.046511627906976744
0 0.3383364276320879 0.3285659844217649 0.03225806451612903 0.046511627906976744
0 0.36391596400299114 0.3487358950049262 0.03225806451612903 0.046511627906976744
0 0.34872811428276734 0.2968704106482255 0.03225806451612903 0.046511627906976744
0 0.3531245970965163 0.28246333166025306 0.03225806451612903 0.046511627906976744
0 0.36871212707253553 0.29226014537207434 0.03225806451612903 0.046511627906976744
0 0.3846993373043501 0.3026332422434145 0.03225806451612903 0.046511627906976744
0 0.39149390165287123 0.3297185507408026 0.03225806451612903 0.046511627906976744
0 0.409879193419458 0.3458544792073318 0.03225806451612903 0.046511627906976744
0 0.3799031742348057 0.3671769561095309 0.03225806451612903 0.046511627906976744
0 0.39788878574559705 0.37812633614038993 0.03225806451612903 0.046511627906976744
0 0.36191756272401426 0.39022828249028685 0.03225806451612903 0.046511627906976744
0 0.387896779350713 0.4265341215399772 0.03225806451612903 0.046511627906976744
0 0.3962900647224156 0.4518905805588087 0.03225806451612903 0.046511627906976744
0 0.383500296536964 0.45822969531351654 0.03225806451612903 0.046511627906976744
0 0.370310848095717 0.4968406670012827 0.03225806451612903 0.046511627906976744
0 0.38270093602537325 0.5020272154369528 0.03225806451612903 0.046511627906976744
0 0.3926929424202573 0.5193157102225197 0.03225806451612903 0.046511627906976744
0 0.4230686418607049 0.5273836744557842 0.03225806451612903 0.046511627906976744
0 0.4422532941388824 0.5360279218485676 0.03225806451612903 0.046511627906976744
0 0.46903187127717183 0.4905015522465748 0.03225806451612903 0.046511627906976744
0 0.4430526546504732 0.49626438384176375 0.03225806451612903 0.046511627906976744
0 0.41667375776797916 0.47436562378004576 0.03225806451612903 0.046511627906976744
0 0.43226128774399836 0.45822969531351654 0.03225806451612903 0.046511627906976744
0 0.4230686418607049 0.43114438681612843 0.03225806451612903 0.046511627906976744
0 0.4238680023722957 0.3821603182570222 0.03225806451612903 0.046511627906976744
0 0.4466497769526314 0.38619430037365443 0.03225806451612903 0.046511627906976744
0 0.4298632062092262 0.3406679307716617 0.03225806451612903 0.046511627906976744
0 0.3291437817487945 0.22944528098451464 0.03225806451612903 0.046511627906976744
0 0.32234921740027334 0.23117413046307128 0.03225806451612903 0.046511627906976744
0 0.34153386967845073 0.22425873254884449 0.03225806451612903 0.046511627906976744
0 0.34433163146901835 0.1965971408919375 0.03225806451612903 0.046511627906976744
0 0.3339399448183389 0.19256315877530525 0.03225806451612903 0.046511627906976744
0 0.3335402645625435 0.1090021006450652 0.03225806451612903 0.046511627906976744
0 0.43905585209251946 0.1965971408919375 0.03225806451612903 0.046511627906976744
0 0.4306625667208169 0.17124068187310604 0.03225806451612903 0.046511627906976744
0 0.4474491374642222 0.17873236294685171 0.03225806451612903 0.046511627906976744
0 0.4534443413011526 0.1764272303087761 0.03225806451612903 0.046511627906976744
0 0.4470494572084268 0.13320599334485886 0.03225806451612903 0.046511627906976744
0 0.4534443413011526 0.115917498559292 0.03225806451612903 0.046511627906976744
0 0.4258664036512725 0.31185377279571685 0.03225806451612903 0.046511627906976744
0 0.4110782341868441 0.293988994850631 0.03225806451612903 0.046511627906976744
0 0.3958903844666202 0.2836158979792909 0.03225806451612903 0.046511627906976744
0 0.387896779350713 0.27151395162939407 0.03225806451612903 0.046511627906976744
0 0.39309262267605266 0.2455812094510437 0.03225806451612903 0.046511627906976744
0 0.37150988886310304 0.22425873254884449 0.03225806451612903 0.046511627906976744
0 0.35512299837549316 0.23751324521777917 0.03225806451612903 0.046511627906976744
0 0.3655146850261726 0.25653058948190277 0.03225806451612903 0.046511627906976744
0 0.35752107991026527 0.2640222705556484 0.03225806451612903 0.046511627906976744
0 0.33633802635311105 0.2657511200342051 0.03225806451612903 0.046511627906976744
0 0.32115017663288725 0.2634459873961295 0.03225806451612903 0.046511627906976744
0 0.4842197209973956 0.4305681036566095 0.03225806451612903 0.046511627906976744
0 0.4734283540909208 0.46168739427063005 0.03225806451612903 0.046511627906976744
0 0.4614379464170599 0.49511181752272604 0.03225806451612903 0.046511627906976744
0 0.45864018462649236 0.4490091647612143 0.03225806451612903 0.046511627906976744
0 0.4926130063690983 0.360837841354823 0.03225806451612903 0.046511627906976744
0 0.49221332611330293 0.38619430037365443 0.03225806451612903 0.046511627906976744
0 0.4706305923003533 0.3648718234714554 0.03225806451612903 0.046511627906976744
0 0.4470494572084268 0.34988846132396406 0.03225806451612903 0.046511627906976744
0 0.45824050437069697 0.3337525328574349 0.03225806451612903 0.046511627906976744
0 0.4810222789510328 0.31185377279571685 0.03225806451612903 0.046511627906976744
0 0.4614379464170599 0.28995501273399876 0.03225806451612903 0.046511627906976744
0 0.449447538743199 0.30493837488149006 0.03225806451612903 0.046511627906976744
0 0.44065457311570094 0.2795819158626586 0.03225806451612903 0.046511627906976744
0 0.4270654444186586 0.2634459873961295 0.03225806451612903 0.046511627906976744
0 0.41347631572161625 0.23924209469633584 0.03225806451612903 0.046511627906976744
0 0.4190718393027513 0.2300215641440335 0.03225806451612903 0.046511627906976744
0 0.3974891054898017 0.2110042198799099 0.03225806451612903 0.046511627906976744
0 0.3862980583275316 0.18910545981819185 0.03225806451612903 0.046511627906976744
0 0.40868015265207186 0.1280194449091888 0.03225806451612903 0.046511627906976744
0 0.46943155153296723 0.2519203242057516 0.03225806451612903 0.046511627906976744
0 0.48701748278796314 0.272090234788913 0.03225806451612903 0.046511627906976744
0 0.4438520151620639 0.24788634208911928 0.03225806451612903 0.046511627906976744
0 0.46263698718444596 0.23981837785585475 0.03225806451612903 0.046511627906976744
0 0.45504306232433406 0.22310616622980675 0.03225806451612903 0.046511627906976744
0 0.43505904953456587 0.22714014834643903 0.03225806451612903 0.046511627906976744
0 0.4338600087671798 0.115917498559292 0.03225806451612903 0.046511627906976744
0 0.4042836698383229 0.1441553733757179 0.03225806451612903 0.046511627906976744
0 0.36391596400299114 0.12629059543063212 0.03225806451612903 0.046511627906976744
0 0.353923957608107 0.11879891435688646 0.03225806451612903 0.046511627906976744
0 0.323148577911864 0.13205342702582107 0.03225806451612903 0.046511627906976744
0 0.256002294938243 0.16547785027791703 0.03225806451612903 0.046511627906976744
0 0.33553866584152037 0.1764272303087761 0.03225806451612903 0.046511627906976744
0 0.301166163843119 0.15913873552320917 0.03225806451612903 0.046511627906976744
0 0.31515497279595683 0.1562573197256147 0.03225806451612903 0.046511627906976744
0 0.46343634769603675 0.1280194449091888 0.03225806451612903 0.046511627906976744
0 0.4710302725561486 0.1303245775472644 0.03225806451612903 0.046511627906976744
0 0.4782245171604651 0.16835926607551158 0.03225806451612903 0.046511627906976744
0 0.46943155153296723 0.18449519454204064 0.03225806451612903 0.046511627906976744
0 0.48142195920682807 0.18737661033963518 0.03225806451612903 0.046511627906976744
0 0.4610382661612645 0.20063112300856978 0.03225806451612903 0.046511627906976744
0 0.49381204713648436 0.24327607681296812 0.03225806451612903 0.046511627906976744
0 0.4966098089270519 0.22771643150595788 0.03225806451612903 0.046511627906976744
0 0.48901588406693997 0.14473165653523679 0.03225806451612903 0.046511627906976744
0 0.4798232381836466 0.1504944881304258 0.03225806451612903 0.046511627906976744
0 0.39509102395502954 0.18507147770155957 0.03225806451612903 0.046511627906976744
0 0.4066817513730951 0.17873236294685171 0.03225806451612903 0.046511627906976744
0 0.5173931822284108 0.25235253657539075 0.03225806451612903 0.046511627906976744
0 0.520390784146876 0.1552488241964567 0.03225806451612903 0.046511627906976744
0 0.5091997369846059 0.10799360511590717 0.03225806451612903 0.046511627906976744
0 0.43286080812769134 0.08868811927202414 0.03225806451612903 0.046511627906976744
0 0.5343795930997137 0.09301024296841587 0.03225806451612903 0.046511627906976744
0 0.5010062917408009 0.09992564088264264 0.03225806451612903 0.046511627906976744
0 0.5054027745545498 0.14545201048463546 0.03225806451612903 0.046511627906976744
0 0.49141396560171213 0.17253731898202357 0.03225806451612903 0.046511627906976744
0 0.4966098089270518 0.2722343055787927 0.03225806451612903 0.046511627906976744
0 0.7450672779638129 0.9041283683405923 0.03225806451612903 0.046511627906976744
0 0.8142648375819856 0.9702431563198497 0.03225806451612903 0.046511627906976744
0 0.8067614877438706 0.9137450647739389 0.03225806451612903 0.046511627906976744
0 0.7396481919696186 0.9984922020928051 0.03225806451612903 0.046511627906976744
0 0.87762645843718 0.975652548063607 0.03225806451612903 0.046511627906976744
0 0.8613692004545973 0.9311753270593796 0.03225806451612903 0.046511627906976744
0 0.916393765934108 0.9510097634531567 0.03225806451612903 0.046511627906976744
0 0.9034713301017988 0.9053304553947606 0.03225806451612903 0.046511627906976744
0 0.944739754211432 0.906532542448929 0.03225806451612903 0.046511627906976744
0 0.9960126447718853 0.8686668002426271 0.03225806451612903 0.046511627906976744
0 0.978087975714166 0.833806275671746 0.03225806451612903 0.046511627906976744
0 0.956828484506173 0.8013499252092016 0.03225806451612903 0.046511627906976744
0 0.947240870824137 0.7634841830028997 0.03225806451612903 0.046511627906976744
0 0.9760037118702448 0.7184059184715877 0.03225806451612903 0.046511627906976744
0 0.9643318343442879 0.7003746126590632 0.03225806451612903 0.046511627906976744
0 0.92556452684736 0.6468817387485731 0.03225806451612903 0.046511627906976744
0 0.9180611770092448 0.6120212141776921 0.03225806451612903 0.046511627906976744
0 0.9893430004713386 0.5981972130547565 0.03225806451612903 0.046511627906976744
0 0.9209791463907341 0.573554428444306 0.03225806451612903 0.046511627906976744
0 0.8726242252117701 0.5801659072422317 0.03225806451612903 0.046511627906976744
0 0.8096794571253598 0.5837721684047367 0.03225806451612903 0.046511627906976744
0 0.812597426506849 0.6024045177443457 0.03225806451612903 0.046511627906976744
0 0.8209344818825324 0.6318556505714693 0.03225806451612903 0.046511627906976744
0 0.8451119424720145 0.6625088704527613 0.03225806451612903 0.046511627906976744
0 0.8647040226048706 0.6931620903340532 0.03225806451612903 0.046511627906976744
0 0.8859635138128635 0.654094261073583 0.03225806451612903 0.046511627906976744
0 0.9105578271711297 0.7298257454861868 0.03225806451612903 0.046511627906976744
0 0.9013870662578779 0.707587134984073 0.03225806451612903 0.046511627906976744
0 0.9030544773330147 0.8055572298987906 0.03225806451612903 0.046511627906976744
0 0.8968016858012521 0.7670904441654046 0.03225806451612903 0.046511627906976744
0 0.9197285880843816 0.8350083627259144 0.03225806451612903 0.046511627906976744
0 0.8826286916625902 0.8806876707843103 0.03225806451612903 0.046511627906976744
0 0.870539961367849 0.825992709819652 0.03225806451612903 0.046511627906976744
0 0.8451119424720145 0.8506354944301023 0.03225806451612903 0.046511627906976744
0 0.8134311320444173 0.8650605390801221 0.03225806451612903 0.046511627906976744
0 0.7108853509235107 0.8253916662925678 0.03225806451612903 0.046511627906976744
0 0.7475683945765179 0.8115676651696322 0.03225806451612903 0.046511627906976744
0 0.7971738740618345 0.8283968839279886 0.03225806451612903 0.046511627906976744
0 0.7896705242237194 0.7875259240862659 0.03225806451612903 0.046511627906976744
0 0.7950896102179137 0.7298257454861868 0.03225806451612903 0.046511627906976744
0 0.8159322486571223 0.707587134984073 0.03225806451612903 0.046511627906976744
0 0.7784154994665469 0.6528921740194148 0.03225806451612903 0.046511627906976744
0 0.7646593580966691 0.6432754775860683 0.03225806451612903 0.046511627906976744
0 0.778832352235331 0.6072128659610189 0.03225806451612903 0.046511627906976744
0 0.7321448421315035 0.6793380892111177 0.03225806451612903 0.046511627906976744
0 0.7667436219405899 0.7033798302944839 0.03225806451612903 0.046511627906976744
0 0.7279763144436617 0.6534932175464989 0.03225806451612903 0.046511627906976744
0 0.7012977372414747 0.6973693950236423 0.03225806451612903 0.046511627906976744
0 0.7263089033685252 0.7280226149049344 0.03225806451612903 0.046511627906976744
0 0.706716823235669 0.7755050535445829 0.03225806451612903 0.046511627906976744
0 0.6708674851202301 0.8265937533467361 0.03225806451612903 0.046511627906976744
0 0.6742023072705033 0.7694946182737412 0.03225806451612903 0.046511627906976744
0 0.6333507359296544 0.7893290546675183 0.03225806451612903 0.046511627906976744
0 0.6312664720857336 0.7526653995153848 0.03225806451612903 0.046511627906976744
0 0.6646146935884675 0.7081881785111572 0.03225806451612903 0.046511627906976744
0 0.6329338831608703 0.6973693950236423 0.03225806451612903 0.046511627906976744
0 0.601253072733273 0.7256184407965978 0.03225806451612903 0.046511627906976744
0 0.5587340903172874 0.6901568726986325 0.03225806451612903 0.046511627906976744
0 0.5249690160457693 0.6577005222360881 0.03225806451612903 0.046511627906976744
0 0.5032926720689923 0.630653563517301 0.03225806451612903 0.046511627906976744
0 0.48786911962397794 0.5777617331338951 0.03225806451612903 0.046511627906976744
0 0.507461199756834 0.5753575590255585 0.03225806451612903 0.046511627906976744
0 0.5395588629532154 0.6132233012318603 0.03225806451612903 0.046511627906976744
0 0.5695722623056759 0.6024045177443457 0.03225806451612903 0.046511627906976744
0 0.5591509430860715 0.5813679942964001 0.03225806451612903 0.046511627906976744
0 0.5950002812015105 0.5837721684047367 0.03225806451612903 0.046511627906976744
0 0.608339569802604 0.615627475340197 0.03225806451612903 0.046511627906976744
0 0.5829115509067695 0.63486086820689 0.03225806451612903 0.046511627906976744
0 0.6316833248545177 0.6528921740194148 0.03225806451612903 0.046511627906976744
0 0.6354349997735753 0.5963940824735039 0.03225806451612903 0.046511627906976744
0 0.6262642388603235 0.630653563517301 0.03225806451612903 0.046511627906976744
0 0.6546102271376473 0.6114201706506079 0.03225806451612903 0.046511627906976744
0 0.6775371294207768 0.5675439931734645 0.03225806451612903 0.046511627906976744
0 0.6912932707906545 0.6072128659610189 0.03225806451612903 0.046511627906976744
0 0.6383529691550646 0.5759586025526426 0.03225806451612903 0.046511627906976744
0 0.7179718479928416 0.5855752989859891 0.03225806451612903 0.046511627906976744
0 0.6967123567848488 0.6444775646402366 0.03225806451612903 0.046511627906976744
0 0.6654483991260357 0.6637109575069295 0.03225806451612903 0.046511627906976744
0 0.6821225098774027 0.6937631338611374 0.03225806451612903 0.046511627906976744
0 0.7767480883914101 0.5633366884838754 0.03225806451612903 0.046511627906976744
0 0.7529874805707122 0.5987982565818406 0.03225806451612903 0.046511627906976744
0 0.8209344818825324 0.6637109575069295 0.03225806451612903 0.046511627906976744
0 0.990176706008907 0.6426744340589841 0.03225806451612903 0.046511627906976744
0 0.9851744727834968 0.9786577656990278 0.03225806451612903 0.046511627906976744
0 0.9393206682172377 0.9966890715115525 0.03225806451612903 0.046511627906976744
0 0.44180688867332674 0.5664101206533146 0.03225806451612903 0.046511627906976744
0 0.46515064372524045 0.590451861736681 0.03225806451612903 0.046511627906976744
0 0.4751551101760607 0.5543892501116315 0.03225806451612903 0.046511627906976744
0 0.5035010984533843 0.5123162032157406 0.03225806451612903 0.046511627906976744
0 0.5101707427539313 0.4522118505073249 0.03225806451612903 0.046511627906976744
0 0.49433033754013256 0.4858702880240377 0.03225806451612903 0.046511627906976744
0 0.5251774424301615 0.4726473304281862 0.03225806451612903 0.046511627906976744
0 0.41429460593357137 0.15770052223608805 0.03225806451612903 0.046511627906976744
0 0.39261826195679433 0.15289217401941482 0.03225806451612903 0.046511627906976744
0 0.4234653668468231 0.1336587811527218 0.03225806451612903 0.046511627906976744
0 0.3367599909397151 0.12885043293604861 0.03225806451612903 0.046511627906976744
0 0.269229842396679 0.14447756464023664 0.03225806451612903 0.046511627906976744
0 0.28173542546020425 0.14928591285690984 0.03225806451612903 0.046511627906976744
0 0.21253786584203152 0.16250887045276127 0.03225806451612903 0.046511627906976744
0 0.19919857724093787 0.16611513161526625 0.03225806451612903 0.046511627906976744
0 0.13000101762276517 0.15770052223608805 0.03225806451612903 0.046511627906976744
0 0.3917845564192259 0.14087130347773166 0.03225806451612903 0.046511627906976744
0 0.5418515531815283 0.14928591285690984 0.03225806451612903 0.046511627906976744
0 0.5360156144185497 0.14447756464023664 0.03225806451612903 0.046511627906976744
0 0.5185077981296145 0.1336587811527218 0.03225806451612903 0.046511627906976744
0 0.5551908417826219 0.14567965169440486 0.03225806451612903 0.046511627906976744
0 0.5393504365688234 0.13005251999021683 0.03225806451612903 0.046511627906976744
0 0.557691958395327 0.19616730796947407 0.03225806451612903 0.046511627906976744
0 0.538516731031255 0.19616730796947407 0.03225806451612903 0.046511627906976744
0 0.5293459701180031 0.19616730796947407 0.03225806451612903 0.046511627906976744
0 0.5218426202798881 0.18655061153612762 0.03225806451612903 0.046511627906976744
0 0.5118381538290678 0.1781360021569494 0.03225806451612903 0.046511627906976744
0 0.5035010984533843 0.18294435037362264 0.03225806451612903 0.046511627906976744
0 0.5060022150660894 0.16130678339859303 0.03225806451612903 0.046511627906976744
0 0.5285122645804349 0.17212556688610783 0.03225806451612903 0.046511627906976744
0 0.5418515531815283 0.17452974099444446 0.03225806451612903 0.046511627906976744
0 0.5568582528577585 0.16611513161526625 0.03225806451612903 0.046511627906976744
0 0.5151729759793412 0.2346340937028601 0.03225806451612903 0.046511627906976744
0 0.47932363786390236 0.21780487494450368 0.03225806451612903 0.046511627906976744
0 0.492662926464996 0.19736939502364242 0.03225806451612903 0.046511627906976744
0 0.5118381538290678 0.21419861378199884 0.03225806451612903 0.046511627906976744
0 0.5035010984533843 0.20458191734865228 0.03225806451612903 0.046511627906976744
0 0.5085033316787946 0.2887280111404343 0.03225806451612903 0.046511627906976744
0 0.514339270441773 0.28391966292376103 0.03225806451612903 0.046511627906976744
0 0.5118381538290678 0.2670904441654046 0.03225806451612903 0.046511627906976744
0 0.427633894534665 0.16250887045276127 0.03225806451612903 0.046511627906976744
0 0.41429460593357137 0.22501739726951364 0.03225806451612903 0.046511627906976744
0 0.09748650165759967 0.18294435037362264 0.03225806451612903 0.046511627906976744
0 0.5126718593666362 0.4125429777197705 0.03225806451612903 0.046511627906976744
0 0.5226763258174564 0.3885012366364043 0.03225806451612903 0.046511627906976744
0 0.5068359206036577 0.364459495553038 0.03225806451612903 0.046511627906976744
0 0.514339270441773 0.34642818974051326 0.03225806451612903 0.046511627906976744
0 0.49599774861526935 0.3211843616029787 0.03225806451612903 0.046511627906976744
0 0.5393504365688234 0.2622820959487313 0.03225806451612903 0.046511627906976744
0 0.5301796756555714 0.27911131470708767 0.03225806451612903 0.046511627906976744
0 0.5501886085572117 0.22501739726951364 0.03225806451612903 0.046511627906976744
0 0.5643616026958738 0.20818817851115726 0.03225806451612903 0.046511627906976744
0 0.5843705355975141 0.17452974099444446 0.03225806451612903 0.046511627906976744
0 0.5935412965107658 0.1781360021569494 0.03225806451612903 0.046511627906976744
0 0.5827031245223773 0.15890260929025643 0.03225806451612903 0.046511627906976744
0 0.5635278971583054 0.15529634812775145 0.03225806451612903 0.046511627906976744
0 0.5760334802218305 0.1336587811527218 0.03225806451612903 0.046511627906976744
0 0.5626941916207369 0.12885043293604861 0.03225806451612903 0.046511627906976744
0 0.598543529736176 0.15289217401941482 0.03225806451612903 0.046511627906976744
0 0.6077142906494278 0.14447756464023664 0.03225806451612903 0.046511627906976744
0 0.6093817017245645 0.13245669409855346 0.03225806451612903 0.046511627906976744
0 0.5910401798980608 0.13606295526105844 0.03225806451612903 0.046511627906976744
0 0.6102154072621329 0.16611513161526625 0.03225806451612903 0.046511627906976744
0 0.620219873712953 0.15409426107358307 0.03225806451612903 0.046511627906976744
0 0.632725456776478 0.14447756464023664 0.03225806451612903 0.046511627906976744
0 0.6277232235510681 0.13846712936939504 0.03225806451612903 0.046511627906976744
0 0.64689845091514 0.15770052223608805 0.03225806451612903 0.046511627906976744
0 0.639395101077025 0.16972139277777124 0.03225806451612903 0.046511627906976744
0 0.6268895180134998 0.17092347983193948 0.03225806451612903 0.046511627906976744
0 0.6343928678516149 0.18414643742779102 0.03225806451612903 0.046511627906976744
0 0.6252221069383631 0.20818817851115726 0.03225806451612903 0.046511627906976744
0 0.6135502294124063 0.19135895975280084 0.03225806451612903 0.046511627906976744
0 0.6010446463488811 0.19616730796947407 0.03225806451612903 0.046511627906976744
0 0.6168850515626796 0.22621948432368189 0.03225806451612903 0.046511627906976744
0 0.6052131740367228 0.22020904905284042 0.03225806451612903 0.046511627906976744
0 0.5910401798980608 0.22982574548618687 0.03225806451612903 0.046511627906976744
0 0.5785345968345358 0.23102783254035522 0.03225806451612903 0.046511627906976744
0 0.5827031245223773 0.20939026556532547 0.03225806451612903 0.046511627906976744
0 0.5685301303837154 0.27069670532790946 0.03225806451612903 0.046511627906976744
0 0.5768671857593989 0.27069670532790946 0.03225806451612903 0.046511627906976744
0 0.5568582528577585 0.27911131470708767 0.03225806451612903 0.046511627906976744
0 0.5510223140947801 0.3211843616029787 0.03225806451612903 0.046511627906976744
0 0.54101784764396 0.3151739263321371 0.03225806451612903 0.046511627906976744
0 0.54101784764396 0.2959405334654441 0.03225806451612903 0.046511627906976744
0 0.5235100313550247 0.3043551428446223 0.03225806451612903 0.046511627906976744
0 0.514339270441773 0.3211843616029787 0.03225806451612903 0.046511627906976744
0 0.5343482033434134 0.34642818974051326 0.03225806451612903 0.046511627906976744
0 0.552689725169917 0.35243862501135487 0.03225806451612903 0.046511627906976744
0 0.5276785590428665 0.36325740849886967 0.03225806451612903 0.046511627906976744
0 0.5701975414588523 0.3596511473363647 0.03225806451612903 0.046511627906976744
0 0.5768671857593989 0.33080105803632526 0.03225806451612903 0.046511627906976744
0 0.5968761186610393 0.3512365379571865 0.03225806451612903 0.046511627906976744
0 0.5668627193085788 0.3127697522238005 0.03225806451612903 0.046511627906976744
0 0.5835368300599457 0.3067593169529589 0.03225806451612903 0.046511627906976744
0 0.6035457629615861 0.3043551428446223 0.03225806451612903 0.046511627906976744
0 0.5943750020483342 0.3211843616029787 0.03225806451612903 0.046511627906976744
0 0.6135502294124063 0.3211843616029787 0.03225806451612903 0.046511627906976744
0 0.6127165238748379 0.364459495553038 0.03225806451612903 0.046511627906976744
0 0.6068805851118595 0.3764803660947211 0.03225806451612903 0.046511627906976744
0 0.6210535792505214 0.3800866272572261 0.03225806451612903 0.046511627906976744
0 0.6060468795742909 0.4269680223697903 0.03225806451612903 0.046511627906976744
0 0.5968761186610393 0.40292628128642405 0.03225806451612903 0.046511627906976744
0 0.5868716522102191 0.3872991495822359 0.03225806451612903 0.046511627906976744
0 0.5852042411350824 0.3704699308238795 0.03225806451612903 0.046511627906976744
0 0.5810357134472407 0.35724697322802806 0.03225806451612903 0.046511627906976744
0 0.5635278971583054 0.3957137589614141 0.03225806451612903 0.046511627906976744
0 0.5501886085572117 0.3800866272572261 0.03225806451612903 0.046511627906976744
0 0.5626941916207369 0.464232721049008 0.03225806451612903 0.046511627906976744
0 0.5451863753318018 0.43538263174896846 0.03225806451612903 0.046511627906976744
0 0.5660290137710104 0.42215967415311706 0.03225806451612903 0.046511627906976744
0 0.5326807922682765 0.4149471518281071 0.03225806451612903 0.046511627906976744
0 0.5802020079096724 0.4077346295030973 0.03225806451612903 0.046511627906976744
0 0.5927075909731976 0.45581811166982983 0.03225806451612903 0.046511627906976744
0 0.5902064743604925 0.487072375078206 0.03225806451612903 0.046511627906976744
0 0.5768671857593989 0.43177637058646356 0.03225806451612903 0.046511627906976744
0 0.5751997746842623 0.4954869844573842 0.03225806451612903 0.046511627906976744
0 0.5860379466726509 0.5171245514324138 0.03225806451612903 0.046511627906976744
0 0.6018783518864493 0.5579955112741365 0.03225806451612903 0.046511627906976744
0 0.632725456776478 0.529145421974097 0.03225806451612903 0.046511627906976744
0 0.6335591623140465 0.5039015938365624 0.03225806451612903 0.046511627906976744
0 0.6302243401637732 0.4774556786448595 0.03225806451612903 0.046511627906976744
0 0.6110491127997011 0.4774556786448595 0.03225806451612903 0.046511627906976744
0 0.6235546958632262 0.4365847188031368 0.03225806451612903 0.046511627906976744
0 0.6477321564527085 0.4017241942322557 0.03225806451612903 0.046511627906976744
0 0.64689845091514 0.4281701094239586 0.03225806451612903 0.046511627906976744
0 0.6702422059670538 0.4786577656990278 0.03225806451612903 0.046511627906976744
0 0.6727433225797588 0.4906786362407109 0.03225806451612903 0.046511627906976744
0 0.6602377395162337 0.4522118505073249 0.03225806451612903 0.046511627906976744
0 0.6669073838167805 0.3776824531488895 0.03225806451612903 0.046511627906976744
0 0.64189621768973 0.3860970625280677 0.03225806451612903 0.046511627906976744
0 0.6435636287648666 0.364459495553038 0.03225806451612903 0.046511627906976744
0 0.6402288066145934 0.3404177544696717 0.03225806451612903 0.046511627906976744
0 0.615217640487543 0.3488323638488499 0.03225806451612903 0.046511627906976744
0 0.6310580457013416 0.33560940625299845 0.03225806451612903 0.046511627906976744
0 0.526844853505298 0.5375600313532751 0.03225806451612903 0.046511627906976744
0 0.5435189642566651 0.5135182902699089 0.03225806451612903 0.046511627906976744
0 0.5568582528577585 0.5579955112741365 0.03225806451612903 0.046511627906976744
0 0.47932363786390236 0.5123162032157406 0.03225806451612903 0.046511627906976744
0 0.6068805851118595 0.24665496424454325 0.03225806451612903 0.046511627906976744
0 0.5368493199561184 0.22982574548618687 0.03225806451612903 0.046511627906976744
0 0.5326807922682765 0.15890260929025643 0.03225806451612903 0.046511627906976744
0 0.6544018007532552 0.13245669409855346 0.03225806451612903 0.046511627906976744
0 0.639395101077025 0.12404208471937525 0.03225806451612903 0.046511627906976744
0 0.64689845091514 0.19977356913197905 0.03225806451612903 0.046511627906976744
0 0.8726242252117701 0.5667106424168569 0.03225806451612903 0.046511627906976744
0 0.8701231085990648 0.5402647272251541 0.03225806451612903 0.046511627906976744
0 0.812597426506849 0.5396636836980699 0.03225806451612903 0.046511627906976744
0 0.815098543119554 0.5697158600522777 0.03225806451612903 0.046511627906976744
0 0.7279763144436617 0.5384615966439016 0.03225806451612903 0.046511627906976744
0 0.6954617984784963 0.5270417696293026 0.03225806451612903 0.046511627906976744
0 0.7388144864320503 0.49999481091051556 0.03225806451612903 0.046511627906976744
0 0.7221403756806833 0.47835724393548595 0.03225806451612903 0.046511627906976744
0 0.7104684981547265 0.4525123722708671 0.03225806451612903 0.046511627906976744
0 0.6937943874033596 0.45070924168961457 0.03225806451612903 0.046511627906976744
0 0.6708674851202301 0.4224601959166593 0.03225806451612903 0.046511627906976744
0 0.6933775346345754 0.38639758429160986 0.03225806451612903 0.046511627906976744
0 0.6704506323514459 0.4032268030499663 0.03225806451612903 0.046511627906976744
0 0.7129696147674316 0.42005602180832263 0.03225806451612903 0.046511627906976744
0 0.7004640317039064 0.41284349948331267 0.03225806451612903 0.046511627906976744
0 0.7200561118367625 0.39240801956245147 0.03225806451612903 0.046511627906976744
0 0.7304774310563669 0.42426332649791176 0.03225806451612903 0.046511627906976744
0 0.7396481919696186 0.43508210998542657 0.03225806451612903 0.046511627906976744
0 0.7321448421315035 0.4549165463792037 0.03225806451612903 0.046511627906976744
0 0.7563223027209857 0.4410925452562682 0.03225806451612903 0.046511627906976744
0 0.7604908304088273 0.42005602180832263 0.03225806451612903 0.046511627906976744
0 0.7871694076110145 0.43989045820209977 0.03225806451612903 0.046511627906976744
0 0.8059277822063022 0.4591238510687928 0.03225806451612903 0.046511627906976744
0 0.7955064629866979 0.4489061111083622 0.03225806451612903 0.046511627906976744
0 0.7721627079347841 0.47475098277298095 0.03225806451612903 0.046511627906976744
0 0.7971738740618345 0.49638854974801055 0.03225806451612903 0.046511627906976744
0 0.7825840271543886 0.5120156814521988 0.03225806451612903 0.046511627906976744
0 0.7638256525591007 0.5396636836980699 0.03225806451612903 0.046511627906976744
0 0.8663714336800074 0.4549165463792037 0.03225806451612903 0.046511627906976744
0 0.8622029059921656 0.49999481091051556 0.03225806451612903 0.046511627906976744
0 0.8763759001308273 0.5042021156001046 0.03225806451612903 0.046511627906976744
0 0.8797107222811009 0.48316559215215915 0.03225806451612903 0.046511627906976744
0 0.9034713301017988 0.4951864626938423 0.03225806451612903 0.046511627906976744
0 0.937653257142101 0.4873728968417482 0.03225806451612903 0.046511627906976744
0 0.9193117353155975 0.5330522049001443 0.03225806451612903 0.046511627906976744
0 0.9038881828705829 0.5570939459835105 0.03225806451612903 0.046511627906976744
0 0.9439060486738636 0.5234355084667976 0.03225806451612903 0.046511627906976744
0 0.9664160981882091 0.49398437563967396 0.03225806451612903 0.046511627906976744
0 0.9580790428125254 0.4759530698271492 0.03225806451612903 0.046511627906976744
0 0.9789216812517342 0.45611863343337206 0.03225806451612903 0.046511627906976744
0 0.9926778226216117 0.47234680866464435 0.03225806451612903 0.046511627906976744
0 0.9355689932981801 0.4633311557583819 0.03225806451612903 0.046511627906976744
0 0.9468240180553529 0.43928941467501564 0.03225806451612903 0.046511627906976744
0 0.9364026988357484 0.43027376176875337 0.03225806451612903 0.046511627906976744
0 0.9455734597490002 0.4086361947937236 0.03225806451612903 0.046511627906976744
0 0.9238971157722233 0.40743410773955535 0.03225806451612903 0.046511627906976744
0 0.8917994525758419 0.39721636777912467 0.03225806451612903 0.046511627906976744
0 0.8738747835181225 0.42847063118750084 0.03225806451612903 0.046511627906976744
0 0.8538658506164821 0.43027376176875337 0.03225806451612903 0.046511627906976744
0 0.8421939730905252 0.45371445932503546 0.03225806451612903 0.046511627906976744
0 0.8175996597322589 0.44049150172918405 0.03225806451612903 0.046511627906976744
0 0.7996749906745397 0.42005602180832263 0.03225806451612903 0.046511627906976744
0 0.8167659541946909 0.383392366656189 0.03225806451612903 0.046511627906976744
0 0.7942559046803453 0.38880175839994646 0.03225806451612903 0.046511627906976744
0 0.7896705242237194 0.41043932537497607 0.03225806451612903 0.046511627906976744
0 0.7817503216168201 0.3707704525874217 0.03225806451612903 0.046511627906976744
0 0.8034266655935971 0.3653610608436644 0.03225806451612903 0.046511627906976744
0 0.7721627079347841 0.3599516690999069 0.03225806451612903 0.046511627906976744
0 0.7463178362701655 0.3767808878582633 0.03225806451612903 0.046511627906976744
0 0.7521537750331438 0.39240801956245147 0.03225806451612903 0.046511627906976744
0 0.7208898173743308 0.3713714961145059 0.03225806451612903 0.046511627906976744
0 0.692126976328223 0.3437234938686346 0.03225806451612903 0.046511627906976744
0 0.6729517489641509 0.35273914677489704 0.03225806451612903 0.046511627906976744
0 0.658778754825489 0.3298994927456991 0.03225806451612903 0.046511627906976744
0 0.649191141143453 0.3160754916227634 0.03225806451612903 0.046511627906976744
0 0.6379361163862803 0.302852534026912 0.03225806451612903 0.046511627906976744
0 0.6187608890222083 0.3088629692977536 0.03225806451612903 0.046511627906976744
0 0.6245968277851868 0.27640661883520906 0.03225806451612903 0.046511627906976744
0 0.6287653554730285 0.2637847047664418 0.03225806451612903 0.046511627906976744
0 0.6571113437503523 0.2541680083330953 0.03225806451612903 0.046511627906976744
0 0.67586971834564 0.3088629692977536 0.03225806451612903 0.046511627906976744
0 0.6950449457097121 0.32328801394777334 0.03225806451612903 0.046511627906976744
0 0.7108853509235107 0.3088629692977536 0.03225806451612903 0.046511627906976744
0 0.7050494121605322 0.29503896817481795 0.03225806451612903 0.046511627906976744
0 0.7204729646055467 0.2932358375935655 0.03225806451612903 0.046511627906976744
0 0.7354796642817769 0.30225149049982786 0.03225806451612903 0.046511627906976744
0 0.7459009835013812 0.31427236104151096 0.03225806451612903 0.046511627906976744
0 0.7571560082585539 0.31908070925818427 0.03225806451612903 0.046511627906976744
0 0.7383976336632662 0.3335057539082039 0.03225806451612903 0.046511627906976744
0 0.7454841307325971 0.35454227735614957 0.03225806451612903 0.046511627906976744
0 0.7771649411601943 0.3298994927456991 0.03225806451612903 0.046511627906976744
0 0.7905042297612879 0.30225149049982786 0.03225806451612903 0.046511627906976744
0 0.8034266655935971 0.3407182762332139 0.03225806451612903 0.046511627906976744
0 0.8555332616916189 0.32509114452902577 0.03225806451612903 0.046511627906976744
0 0.8301052427957842 0.35273914677489704 0.03225806451612903 0.046511627906976744
0 0.8388591509402519 0.3737756702228426 0.03225806451612903 0.046511627906976744
0 0.7905042297612879 0.33170262332695155 0.03225806451612903 0.046511627906976744
0 0.8838792499689426 0.35273914677489704 0.03225806451612903 0.046511627906976744
0 0.8730410779805542 0.33170262332695155 0.03225806451612903 0.046511627906976744
0 0.8947174219573312 0.3335057539082039 0.03225806451612903 0.046511627906976744
0 0.8622029059921656 0.34853184208530796 0.03225806451612903 0.046511627906976744
0 0.8647040226048706 0.3767808878582633 0.03225806451612903 0.046511627906976744
0 0.865537728142439 0.4032268030499663 0.03225806451612903 0.046511627906976744
0 0.9097241216335613 0.34853184208530796 0.03225806451612903 0.046511627906976744
0 0.8984690968763887 0.3587495820457386 0.03225806451612903 0.046511627906976744
0 0.9339015822230434 0.36956836553325345 0.03225806451612903 0.046511627906976744
0 0.9397375209860218 0.3437234938686346 0.03225806451612903 0.046511627906976744
0 0.9639149815755038 0.3292984492186149 0.03225806451612903 0.046511627906976744
0 0.9739194480263241 0.34853184208530796 0.03225806451612903 0.046511627906976744
0 0.9801722395580866 0.39060488898119894 0.03225806451612903 0.046511627906976744
0 0.9855913255522809 0.4044288901041345 0.03225806451612903 0.046511627906976744
0 0.9893430004713386 0.32148488336652087 0.03225806451612903 0.046511627906976744
0 0.9835070617083602 0.3070598387165011 0.03225806451612903 0.046511627906976744
0 0.9685003620321297 0.3076608822435852 0.03225806451612903 0.046511627906976744
0 0.9543273678934681 0.30585775166233276 0.03225806451612903 0.046511627906976744
0 0.9288993489976333 0.2908316634852288 0.03225806451612903 0.046511627906976744
0 0.906389299483288 0.31908070925818427 0.03225806451612903 0.046511627906976744
0 0.9005533607203096 0.2974431422831546 0.03225806451612903 0.046511627906976744
0 0.9001365079515254 0.2782097494164615 0.03225806451612903 0.046511627906976744
0 0.887214072119216 0.2920337505393972 0.03225806451612903 0.046511627906976744
0 0.880127575049885 0.3016504469727437 0.03225806451612903 0.046511627906976744
0 0.8742916362869066 0.2709972270914517 0.03225806451612903 0.046511627906976744
0 0.8538658506164821 0.2890285329039764 0.03225806451612903 0.046511627906976744
0 0.8401097092466043 0.29383688112064965 0.03225806451612903 0.046511627906976744
0 0.8421939730905252 0.31908070925818427 0.03225806451612903 0.046511627906976744
0 0.8284378317206476 0.3395161891790456 0.03225806451612903 0.046511627906976744
0 0.8188502180386116 0.3040546210810803 0.03225806451612903 0.046511627906976744
0 0.8213513346513166 0.2709972270914517 0.03225806451612903 0.046511627906976744
0 0.6321001776233018 0.20969078732886767 0.03225806451612903 0.046511627906976744
0 0.6604461659006257 0.15259165225587276 0.03225806451612903 0.046511627906976744
0 0.6625304297445466 0.1670166969058925 0.03225806451612903 0.046511627906976744
0 0.6704506323514459 0.19105843798925878 0.03225806451612903 0.046511627906976744
0 0.6558607854439998 0.2036803520580261 0.03225806451612903 0.046511627906976744
0 0.6604461659006257 0.23253044135806566 0.03225806451612903 0.046511627906976744
0 0.6437720551492587 0.22892418019556068 0.03225806451612903 0.046511627906976744
0 0.7542380388770648 0.1616073051621351 0.03225806451612903 0.046511627906976744
0 0.7513200694955755 0.1754313062850707 0.03225806451612903 0.046511627906976744
0 0.7575728610273381 0.18144174155591228 0.03225806451612903 0.046511627906976744
0 0.7329785476690718 0.1604052181079668 0.03225806451612903 0.046511627906976744
0 0.72380778675582 0.15078852167462028 0.03225806451612903 0.046511627906976744
0 0.7321448421315035 0.13996973818710548 0.03225806451612903 0.046511627906976744
0 0.7050494121605322 0.1363634770246005 0.03225806451612903 0.046511627906976744
0 0.7058831176981006 0.14898539109336778 0.03225806451612903 0.046511627906976744
0 0.7033820010853955 0.19646782973301619 0.03225806451612903 0.046511627906976744
0 0.6987966206287697 0.18144174155591228 0.03225806451612903 0.046511627906976744
0 0.7096347926171582 0.17603234981215488 0.03225806451612903 0.046511627906976744
0 0.6821225098774027 0.19706887326010036 0.03225806451612903 0.046511627906976744
0 0.6733686017329351 0.23072731077681316 0.03225806451612903 0.046511627906976744
0 0.6837899209525394 0.21089287438303597 0.03225806451612903 0.046511627906976744
0 0.7012977372414747 0.22652000608722409 0.03225806451612903 0.046511627906976744
0 0.7050494121605322 0.20247826500385777 0.03225806451612903 0.046511627906976744
0 0.7171381424552733 0.21810539670804588 0.03225806451612903 0.046511627906976744
0 0.7321448421315035 0.2175043531809617 0.03225806451612903 0.046511627906976744
0 0.7254751978309567 0.2006751344226053 0.03225806451612903 0.046511627906976744
0 0.7404818975071871 0.22351478845180328 0.03225806451612903 0.046511627906976744
0 0.7371470753569136 0.20668556969344687 0.03225806451612903 0.046511627906976744
0 0.7233909339870359 0.1838459156642489 0.03225806451612903 0.046511627906976744
0 0.7342291059754243 0.1796386109746598 0.03225806451612903 0.046511627906976744
0 0.7525706278019281 0.2030793085309419 0.03225806451612903 0.046511627906976744
0 0.7600739776400431 0.2030793085309419 0.03225806451612903 0.046511627906976744
0 0.7784154994665469 0.1982709603142687 0.03225806451612903 0.046511627906976744
0 0.7855019965358777 0.21209496143720427 0.03225806451612903 0.046511627906976744
0 0.7746638245474892 0.22050957081638248 0.03225806451612903 0.046511627906976744
0 0.7617413887151798 0.22231270139763498 0.03225806451612903 0.046511627906976744
0 0.7421493085823238 0.24455131189974877 0.03225806451612903 0.046511627906976744
0 0.7271426089060934 0.23493461546640226 0.03225806451612903 0.046511627906976744
0 0.7175549952240574 0.2565721824414319 0.03225806451612903 0.046511627906976744
0 0.7371470753569136 0.2625826177122735 0.03225806451612903 0.046511627906976744
0 0.7288100199812302 0.2806139235247982 0.03225806451612903 0.046511627906976744
0 0.7083842343108057 0.24875861658933787 0.03225806451612903 0.046511627906976744
0 0.6862910375652445 0.21570122259970925 0.03225806451612903 0.046511627906976744
0 0.6692000740450934 0.28301809763313485 0.03225806451612903 0.046511627906976744
0 0.6737854545017192 0.2703961835643675 0.03225806451612903 0.046511627906976744
0 0.6521091105249422 0.28542227174147144 0.03225806451612903 0.046511627906976744
0 0.6837899209525394 0.25597113891434775 0.03225806451612903 0.046511627906976744
0 0.7592402721024748 0.29503896817481795 0.03225806451612903 0.046511627906976744
0 0.7663267691718058 0.2709972270914517 0.03225806451612903 0.046511627906976744
0 0.7571560082585539 0.2427481813184963 0.03225806451612903 0.046511627906976744
0 0.7671604747093741 0.24875861658933787 0.03225806451612903 0.046511627906976744
0 0.7871694076110145 0.2734014011997883 0.03225806451612903 0.046511627906976744
0 0.8017592545184604 0.2511627906976745 0.03225806451612903 0.046511627906976744
0 0.812597426506849 0.22171165787055078 0.03225806451612903 0.046511627906976744
0 0.7830008799231727 0.23072731077681316 0.03225806451612903 0.046511627906976744
0 0.7800829105416835 0.1375655640787688 0.03225806451612903 0.046511627906976744
0 0.8155153958883382 0.13936869466002128 0.03225806451612903 0.046511627906976744
0 0.8050940766687339 0.1375655640787688 0.03225806451612903 0.046511627906976744
0 0.8000918434433236 0.2078876567476152 0.03225806451612903 0.046511627906976744
0 0.8059277822063022 0.18264382861008058 0.03225806451612903 0.046511627906976744
0 0.8021761072872446 0.1742292192309024 0.03225806451612903 0.046511627906976744
0 0.8221850401888849 0.18625008977258556 0.03225806451612903 0.046511627906976744
0 0.8255198623391585 0.1700219145413133 0.03225806451612903 0.046511627906976744
0 0.8788770167435326 0.18444695919133308 0.03225806451612903 0.046511627906976744
0 0.868038844755144 0.17723443686632318 0.03225806451612903 0.046511627906976744
0 0.8605354949170289 0.1700219145413133 0.03225806451612903 0.046511627906976744
0 0.8530321450789137 0.18023965450174398 0.03225806451612903 0.046511627906976744
0 0.8463625007783669 0.18985635093509048 0.03225806451612903 0.046511627906976744
0 0.8342737704836259 0.2132970484913726 0.03225806451612903 0.046511627906976744
0 0.8301052427957842 0.199473047368437 0.03225806451612903 0.046511627906976744
0 0.865537728142439 0.21089287438303597 0.03225806451612903 0.046511627906976744
0 0.8863803665816476 0.22471687550597158 0.03225806451612903 0.046511627906976744
0 0.8809612805874534 0.21630226612679337 0.03225806451612903 0.046511627906976744
0 0.8555332616916189 0.2373387895747389 0.03225806451612903 0.046511627906976744
0 0.8392760037090361 0.24455131189974877 0.03225806451612903 0.046511627906976744
0 0.8430276786280938 0.2709972270914517 0.03225806451612903 0.046511627906976744
0 0.9764205646390292 0.20247826500385777 0.03225806451612903 0.046511627906976744
0 0.9743363007951082 0.2319293978309815 0.03225806451612903 0.046511627906976744
0 0.9797553867893025 0.2806139235247982 0.03225806451612903 0.046511627906976744
0 0.9005533607203096 0.1604052181079668 0.03225806451612903 0.046511627906976744
0 0.9030544773330147 0.17843652392049147 0.03225806451612903 0.046511627906976744
0 0.9414049320611586 0.14658121698503118 0.03225806451612903 0.046511627906976744
0 0.9522431040495469 0.1501874781475361 0.03225806451612903 0.046511627906976744
0 0.9305667600727701 0.1628093922163034 0.03225806451612903 0.046511627906976744
0 0.9439060486738636 0.18144174155591228 0.03225806451612903 0.046511627906976744
0 0.9505756929744104 0.22772209314139238 0.03225806451612903 0.046511627906976744
0 0.92056229362195 0.2469554860080854 0.03225806451612903 0.046511627906976744
0 0.9080567105584247 0.23613670252057056 0.03225806451612903 0.046511627906976744
0 0.9176443242404607 0.2132970484913726 0.03225806451612903 0.046511627906976744
0 0.971418331413619 0.4296727182416691 0.03225806451612903 0.046511627906976744
0 0.9509925457431945 0.18865426388092219 0.03225806451612903 0.046511627906976744
0 0.8926331581134103 0.2048824391121944 0.03225806451612903 0.046511627906976744
0 0.8730410779805542 0.14357599934961038 0.03225806451612903 0.046511627906976744
0 0.850947881234993 0.14357599934961038 0.03225806451612903 0.046511627906976744
0 0.9955957920031012 0.21810539670804588 0.03225806451612903 0.046511627906976744
0 0.9922609698528276 0.2036803520580261 0.03225806451612903 0.046511627906976744
0 0.9793385340205184 0.17603234981215488 0.03225806451612903 0.046511627906976744
0 0.9634981288067197 0.1604052181079668 0.03225806451612903 0.046511627906976744
0 0.9589127483500939 0.17302713217673407 0.03225806451612903 0.046511627906976744
0 0.993094675390396 0.17302713217673407 0.03225806451612903 0.046511627906976744
0 0.9943452336967485 0.14417704287669458 0.03225806451612903 0.046511627906976744
0 0.9601633066564464 0.2746034882539566 0.03225806451612903 0.046511627906976744
0 0.9889261477025543 0.2535669648060111 0.03225806451612903 0.046511627906976744
0 0.9964294975406695 0.367765234952001 0.03225806451612903 0.046511627906976744
0 0.9230634102346548 0.3172775786769318 0.03225806451612903 0.046511627906976744
0 0.9484914291304897 0.3040546210810803 0.03225806451612903 0.046511627906976744
0 0.937653257142101 0.3172775786769318 0.03225806451612903 0.046511627906976744
0 0.8909657470382736 0.24034400721015967 0.03225806451612903 0.046511627906976744
0 0.9055555939457195 0.44830506758127797 0.03225806451612903 0.046511627906976744
0 0.8880477776567842 0.45972489459587706 0.03225806451612903 0.046511627906976744
0 0.5924991645888054 0.2553700953872636 0.03225806451612903 0.046511627906976744
0 0.5920823118200212 0.27520453178104076 0.03225806451612903 0.046511627906976744
0 0.7054662649293164 0.3323036668540357 0.03225806451612903 0.046511627906976744
0 0.7154707313801366 0.3407182762332139 0.03225806451612903 0.046511627906976744
0 0.7667436219405899 0.13936869466002128 0.03225806451612903 0.046511627906976744
0 0.913475796552619 0.145980173457947 0.03225806451612903 0.046511627906976744
0 0.932651023916691 0.2679920094560309 0.03225806451612903 0.046511627906976744
0 0.9422386375987268 0.20127617794968947 0.03225806451612903 0.046511627906976744
0 0.9489082818992738 0.2090897438017835 0.03225806451612903 0.046511627906976744
0 0.9126420910150506 0.19105843798925878 0.03225806451612903 0.046511627906976744
0 0.9038881828705829 0.1940636556246796 0.03225806451612903 0.046511627906976744
0 0.9955957920031012 0.15860208752671429 0.03225806451612903 0.046511627906976744
0 0.7471515418077338 0.4759530698271492 0.03225806451612903 0.046511627906976744
0 0.6662821046636042 0.5330522049001443 0.03225806451612903 0.046511627906976744
0 0.7538211861082805 0.4086361947937236 0.03225806451612903 0.046511627906976744
0 0.7971738740618345 0.2818160105789665 0.03225806451612903 0.046511627906976744
0 0.82468615680159 0.24034400721015967 0.03225806451612903 0.046511627906976744
0 0.7738301190099209 0.18264382861008058 0.03225806451612903 0.046511627906976744
0 0.7029651483166114 0.2746034882539566 0.03225806451612903 0.046511627906976744
0 0.7471515418077338 0.5691148165251936 0.03225806451612903 0.046511627906976744
0 0.904305035639367 0.37283999766520687 0.03225806451612903 0.046511627906976744
0 0.9484914291304897 0.36743060592144944 0.03225806451612903 0.046511627906976744
0 0.03527198607843767 0.05679320679320688 0.03225806451612903 0.046511627906976744
0 0.062245013051464626 0.07119740724391886 0.03225806451612903 0.046511627906976744
0 0.06923802004447162 0.07551866737913257 0.03225806451612903 0.046511627906976744
0 0.040266991073442636 0.07839950746927499 0.03225806451612903 0.046511627906976744
0 0.03826898907544068 0.07695908742420371 0.03225806451612903 0.046511627906976744
0 0.027279978086429655 0.0553527867481356 0.03225806451612903 0.046511627906976744
0 0.013293964100415678 0.015021025486141806 0.03225806451612903 0.046511627906976744
0 0.01429296509941668 0.07263782728899014 0.03225806451612903 0.046511627906976744
0 0.01429296509941668 0.09856538810027182 0.03225806451612903 0.046511627906976744
0 0.023283974090425694 0.11152916850591266 0.03225806451612903 0.046511627906976744
0 0.04426299506944664 0.10864832841577036 0.03225806451612903 0.046511627906976744
0 0.03427298507943667 0.03518690611713877 0.03225806451612903 0.046511627906976744
0 0.06024701105346262 0.03518690611713877 0.03225806451612903 0.046511627906976744
0 0.07123602204247365 0.06543572706363415 0.03225806451612903 0.046511627906976744
0 0.10420305500950656 0.10576748832562795 0.03225806451612903 0.046511627906976744
0 0.0992080500145016 0.040948586297423484 0.03225806451612903 0.046511627906976744
0 0.09121604202249359 0.03518690611713877 0.03225806451612903 0.046511627906976744
0 0.09321404402049559 0.09136328787491584 0.03225806451612903 0.046511627906976744
0 0.09221504302149458 0.0956845480101294 0.03225806451612903 0.046511627906976744
0 0.13816908897554053 0.0884824477847734 0.03225806451612903 0.046511627906976744
0 0.12917807998453157 0.06831656715377644 0.03225806451612903 0.046511627906976744
0 0.11219506300151458 0.09136328787491584 0.03225806451612903 0.046511627906976744
0 0.12418307498952655 0.11585042864112637 0.03225806451612903 0.046511627906976744
0 0.13517208597853755 0.06831656715377644 0.03225806451612903 0.046511627906976744
0 0.11619106699751858 0.05247194665799318 0.03225806451612903 0.046511627906976744
0 0.09521204601849759 0.06543572706363415 0.03225806451612903 0.046511627906976744
0 0.12418307498952655 0.08704202773970227 0.03225806451612903 0.046511627906976744
0 0.12817907898553055 0.040948586297423484 0.03225806451612903 0.046511627906976744
0 0.13017708098353256 0.03086564598192507 0.03225806451612903 0.046511627906976744
0 0.14016709097354252 0.05823362683827803 0.03225806451612903 0.046511627906976744
0 0.14716009796654955 0.08560160769463099 0.03225806451612903 0.046511627906976744
0 0.15914810995456152 0.07839950746927499 0.03225806451612903 0.046511627906976744
0 0.14915809996455154 0.036627326162209914 0.03225806451612903 0.046511627906976744
0 0.14216509297154456 0.025103965801640222 0.03225806451612903 0.046511627906976744
0 0.12817907898553055 0.007818925260785812 0.03225806451612903 0.046511627906976744
0 0.12318407399052554 0.010699765350928236 0.03225806451612903 0.046511627906976744
0 0.11019706100351256 0.016461445531213082 0.03225806451612903 0.046511627906976744
0 0.08422303502948661 0.015021025486141806 0.03225806451612903 0.046511627906976744
0 0.07822902903548061 0.010699765350928236 0.03225806451612903 0.046511627906976744
0 0.053254004060455655 0.015021025486141806 0.03225806451612903 0.046511627906976744
0 0.0962110470174986 0.0265443858467115 0.03225806451612903 0.046511627906976744
0 0.11219506300151458 0.020782705666426652 0.03225806451612903 0.046511627906976744
0 0.0972100480164996 0.006378505215714535 0.03225806451612903 0.046511627906976744
0 0.08422303502948661 0.04238900634249476 0.03225806451612903 0.046511627906976744
0 0.0722350230414746 0.040948586297423484 0.03225806451612903 0.046511627906976744
0 0.06724001804646963 0.03518690611713877 0.03225806451612903 0.046511627906976744
0 0.19011714092359247 0.06111446692842045 0.03225806451612903 0.046511627906976744
0 0.19211514292159448 0.06111446692842045 0.03225806451612903 0.046511627906976744
0 0.21209516290161443 0.07263782728899014 0.03225806451612903 0.046511627906976744
0 0.20809915890561043 0.08704202773970227 0.03225806451612903 0.046511627906976744
0 0.19711014791659945 0.08272076760448856 0.03225806451612903 0.046511627906976744
0 0.18412313492958646 0.05823362683827803 0.03225806451612903 0.046511627906976744
0 0.17812912893558044 0.03086564598192507 0.03225806451612903 0.046511627906976744
0 0.17313412394057548 0.03086564598192507 0.03225806451612903 0.046511627906976744
0 0.18811913892559048 0.0884824477847734 0.03225806451612903 0.046511627906976744
0 0.19011714092359247 0.10576748832562795 0.03225806451612903 0.046511627906976744
0 0.2061011569076085 0.10576748832562795 0.03225806451612903 0.046511627906976744
0 0.20310415391060546 0.045269846432637185 0.03225806451612903 0.046511627906976744
0 0.19311414392059542 0.03086564598192507 0.03225806451612903 0.046511627906976744
0 0.19611114691759848 0.040948586297423484 0.03225806451612903 0.046511627906976744
0 0.2100971609036124 0.06111446692842045 0.03225806451612903 0.046511627906976744
0 0.21209516290161443 0.06111446692842045 0.03225806451612903 0.046511627906976744
0 0.22108617189262347 0.03518690611713877 0.03225806451612903 0.046511627906976744
0 0.2140931648996164 0.015021025486141806 0.03225806451612903 0.046511627906976744
0 0.23307418388063542 0.04238900634249476 0.03225806451612903 0.046511627906976744
0 0.2350721858786374 0.04671026647770833 0.03225806451612903 0.046511627906976744
0 0.23007718088363247 0.07551866737913257 0.03225806451612903 0.046511627906976744
0 0.22608117688762844 0.08560160769463099 0.03225806451612903 0.046511627906976744
0 0.22408317488962645 0.08560160769463099 0.03225806451612903 0.046511627906976744
0 0.22208517289162444 0.06543572706363415 0.03225806451612903 0.046511627906976744
0 0.22108617189262347 0.05247194665799318 0.03225806451612903 0.046511627906976744
0 0.2061011569076085 0.027984805891782646 0.03225806451612903 0.046511627906976744
0 0.24506219586864744 0.0265443858467115 0.03225806451612903 0.046511627906976744
0 0.24606119686764838 0.027984805891782646 0.03225806451612903 0.046511627906976744
0 0.2500572008636524 0.06111446692842045 0.03225806451612903 0.046511627906976744
0 0.2440631948696464 0.08128034755941742 0.03225806451612903 0.046511627906976744
0 0.24206519287164438 0.07839950746927499 0.03225806451612903 0.046511627906976744
0 0.24006719087364237 0.06687614710870529 0.03225806451612903 0.046511627906976744
0 0.23707018787663942 0.05823362683827803 0.03225806451612903 0.046511627906976744
0 0.28002723083368236 0.0553527867481356 0.03225806451612903 0.046511627906976744
0 0.30700025780670936 0.05247194665799318 0.03225806451612903 0.046511627906976744
0 0.2970102478166993 0.06255488697349172 0.03225806451612903 0.046511627906976744
0 0.28801923882569036 0.07119740724391886 0.03225806451612903 0.046511627906976744
0 0.29601124681769836 0.08128034755941742 0.03225806451612903 0.046511627906976744
0 0.28801923882569036 0.07695908742420371 0.03225806451612903 0.046511627906976744
0 0.25904820985466137 0.06831656715377644 0.03225806451612903 0.046511627906976744
0 0.27203522284167436 0.09856538810027182 0.03225806451612903 0.046511627906976744
0 0.3040032548097063 0.11585042864112637 0.03225806451612903 0.046511627906976744
0 0.3050022558087073 0.11296958855098393 0.03225806451612903 0.046511627906976744
0 0.29201524282169444 0.0956845480101294 0.03225806451612903 0.046511627906976744
0 0.27503222583867737 0.08128034755941742 0.03225806451612903 0.046511627906976744
0 0.2630442138506654 0.06543572706363415 0.03225806451612903 0.046511627906976744
0 0.2600472108536624 0.03518690611713877 0.03225806451612903 0.046511627906976744
0 0.2630442138506654 0.022223125711497798 0.03225806451612903 0.046511627906976744
0 0.27603122683767833 0.020782705666426652 0.03225806451612903 0.046511627906976744
0 0.3000072508137024 0.04238900634249476 0.03225806451612903 0.046511627906976744
0 0.2620452128516644 0.016461445531213082 0.03225806451612903 0.046511627906976744
0 0.24106619187264341 0.025103965801640222 0.03225806451612903 0.046511627906976744
0 0.24905819986465144 0.045269846432637185 0.03225806451612903 0.046511627906976744
0 0.2620452128516644 0.045269846432637185 0.03225806451612903 0.046511627906976744
0 0.2790282298346814 0.045269846432637185 0.03225806451612903 0.046511627906976744
0 0.29301424382069535 0.015021025486141806 0.03225806451612903 0.046511627906976744
0 0.30200525281170437 0.015021025486141806 0.03225806451612903 0.046511627906976744
0 0.30700025780670936 0.025103965801640222 0.03225806451612903 0.046511627906976744
0 0.28801923882569036 0.032306066026996344 0.03225806451612903 0.046511627906976744
0 0.2810262318326834 0.027984805891782646 0.03225806451612903 0.046511627906976744
0 0.26903821984467136 0.027984805891782646 0.03225806451612903 0.046511627906976744
0 0.3239832747897263 0.03518690611713877 0.03225806451612903 0.046511627906976744
0 0.32897827978473126 0.03806774620728119 0.03225806451612903 0.046511627906976744
0 0.32997728078373234 0.06543572706363415 0.03225806451612903 0.046511627906976744
0 0.31499226579871736 0.08128034755941742 0.03225806451612903 0.046511627906976744
0 0.3099972608037123 0.09712496805520068 0.03225806451612903 0.046511627906976744
0 0.31599126679771833 0.06543572706363415 0.03225806451612903 0.046511627906976744
0 0.30200525281170437 0.06687614710870529 0.03225806451612903 0.046511627906976744
0 0.3239832747897263 0.09712496805520068 0.03225806451612903 0.046511627906976744
0 0.3339732847797364 0.08560160769463099 0.03225806451612903 0.046511627906976744
0 0.33796928877574034 0.07695908742420371 0.03225806451612903 0.046511627906976744
0 0.34795929876575027 0.06111446692842045 0.03225806451612903 0.046511627906976744
0 0.3529543037607553 0.08560160769463099 0.03225806451612903 0.046511627906976744
0 0.35695030775675923 0.09712496805520068 0.03225806451612903 0.046511627906976744
0 0.36294431375076525 0.09136328787491584 0.03225806451612903 0.046511627906976744
0 0.3739333247397763 0.08560160769463099 0.03225806451612903 0.046511627906976744
0 0.38392333472978624 0.08272076760448856 0.03225806451612903 0.046511627906976744
0 0.38791933872579026 0.07119740724391886 0.03225806451612903 0.046511627906976744
0 0.38192533273178425 0.06687614710870529 0.03225806451612903 0.046511627906976744
0 0.3699373207437722 0.05247194665799318 0.03225806451612903 0.046511627906976744
0 0.35894830975476133 0.045269846432637185 0.03225806451612903 0.046511627906976744
0 0.3529543037607553 0.05103152661292203 0.03225806451612903 0.046511627906976744
0 0.33597128677773824 0.012140185395999382 0.03225806451612903 0.046511627906976744
0 0.33796928877574034 0.007818925260785812 0.03225806451612903 0.046511627906976744
0 0.3789283297347813 0.025103965801640222 0.03225806451612903 0.046511627906976744
0 0.3939133447197963 0.025103965801640222 0.03225806451612903 0.046511627906976744
0 0.4128943637008153 0.03518690611713877 0.03225806451612903 0.046511627906976744
0 0.41489236569881727 0.045269846432637185 0.03225806451612903 0.046511627906976744
0 0.4059013567078082 0.07551866737913257 0.03225806451612903 0.046511627906976744
0 0.4039033547098062 0.0956845480101294 0.03225806451612903 0.046511627906976744
0 0.3999073507138022 0.0956845480101294 0.03225806451612903 0.046511627906976744
0 0.4019053527118042 0.10720790837069909 0.03225806451612903 0.046511627906976744
0 0.3909163417227932 0.10288664823548553 0.03225806451612903 0.046511627906976744
0 0.3659413167477683 0.06831656715377644 0.03225806451612903 0.046511627906976744
0 0.35695030775675923 0.06831656715377644 0.03225806451612903 0.046511627906976744
0 0.3639433147497663 0.07839950746927499 0.03225806451612903 0.046511627906976744
0 0.34196529277174426 0.015021025486141806 0.03225806451612903 0.046511627906976744
0 0.3499573007637523 0.015021025486141806 0.03225806451612903 0.046511627906976744
0 0.36793931874577024 0.025103965801640222 0.03225806451612903 0.046511627906976744
0 0.3749323257387773 0.045269846432637185 0.03225806451612903 0.046511627906976744
0 0.35495230575875725 0.045269846432637185 0.03225806451612903 0.046511627906976744
0 0.36494231574876723 0.03518690611713877 0.03225806451612903 0.046511627906976744
0 0.3939133447197963 0.045269846432637185 0.03225806451612903 0.046511627906976744
0 0.4258813766878282 0.07119740724391886 0.03225806451612903 0.046511627906976744
0 0.4328743836808352 0.07263782728899014 0.03225806451612903 0.046511627906976744
0 0.41089636170281324 0.06255488697349172 0.03225806451612903 0.046511627906976744
0 0.4049023557088072 0.06255488697349172 0.03225806451612903 0.046511627906976744
0 0.4198873706938222 0.0553527867481356 0.03225806451612903 0.046511627906976744
0 0.4328743836808352 0.03518690611713877 0.03225806451612903 0.046511627906976744
0 0.42388337468982623 0.025103965801640222 0.03225806451612903 0.046511627906976744
0 0.4348723856788372 0.04815068652277961 0.03225806451612903 0.046511627906976744
0 0.44885839966485114 0.07263782728899014 0.03225806451612903 0.046511627906976744
0 0.41489236569881727 0.032306066026996344 0.03225806451612903 0.046511627906976744
0 0.3999073507138022 0.015021025486141806 0.03225806451612903 0.046511627906976744
0 0.4178893686958202 0.015021025486141806 0.03225806451612903 0.046511627906976744
0 0.46284441365086515 0.010699765350928236 0.03225806451612903 0.046511627906976744
0 0.47583142663787814 0.010699765350928236 0.03225806451612903 0.046511627906976744
0 0.4648424156488672 0.016461445531213082 0.03225806451612903 0.046511627906976744
0 0.4448623956688472 0.016461445531213082 0.03225806451612903 0.046511627906976744
0 0.4658414166478681 0.045269846432637185 0.03225806451612903 0.046511627906976744
0 0.46783941864587014 0.05103152661292203 0.03225806451612903 0.046511627906976744
0 0.4588484096548612 0.05679320679320688 0.03225806451612903 0.046511627906976744
0 0.4468603976668492 0.036627326162209914 0.03225806451612903 0.046511627906976744
0 0.4518554026618542 0.03518690611713877 0.03225806451612903 0.046511627906976744
0 0.47383342463987616 0.036627326162209914 0.03225806451612903 0.046511627906976744
0 0.47982743063388217 0.045269846432637185 0.03225806451612903 0.046511627906976744
0 0.4808264316328831 0.07839950746927499 0.03225806451612903 0.046511627906976744
0 0.46284441365086515 0.08128034755941742 0.03225806451612903 0.046511627906976744
0 0.47982743063388217 0.10576748832562795 0.03225806451612903 0.046511627906976744
0 0.47982743063388217 0.10576748832562795 0.03225806451612903 0.046511627906976744
0 0.46284441365086515 0.10144622819041425 0.03225806451612903 0.046511627906976744
0 0.44885839966485114 0.09856538810027182 0.03225806451612903 0.046511627906976744
0 0.4578494086558602 0.10288664823548553 0.03225806451612903 0.046511627906976744
0 0.46084641165286316 0.0956845480101294 0.03225806451612903 0.046511627906976744
0 0.44985740066385216 0.09136328787491584 0.03225806451612903 0.046511627906976744
0 0.47982743063388217 0.09712496805520068 0.03225806451612903 0.046511627906976744
0 0.48382343462988614 0.09712496805520068 0.03225806451612903 0.046511627906976744
0 0.4178893686958202 0.10576748832562795 0.03225806451612903 0.046511627906976744
0 0.4258813766878282 0.10864832841577036 0.03225806451612903 0.046511627906976744
0 0.5018054526119041 0.05103152661292203 0.03225806451612903 0.046511627906976744
0 0.5207864715929231 0.04815068652277961 0.03225806451612903 0.046511627906976744
0 0.539767490573942 0.09136328787491584 0.03225806451612903 0.046511627906976744
0 0.5077994586059101 0.07551866737913257 0.03225806451612903 0.046511627906976744
0 0.48881843962489113 0.0553527867481356 0.03225806451612903 0.046511627906976744
0 0.4978094486159001 0.07695908742420371 0.03225806451612903 0.046511627906976744
0 0.510796461602913 0.07695908742420371 0.03225806451612903 0.046511627906976744
0 0.4848224356288871 0.10288664823548553 0.03225806451612903 0.046511627906976744
0 0.4908164416228931 0.12161210882141121 0.03225806451612903 0.046511627906976744
0 0.503803454609906 0.12161210882141121 0.03225806451612903 0.046511627906976744
0 0.532774483580935 0.1172908486861975 0.03225806451612903 0.046511627906976744
0 0.552754503560955 0.11296958855098393 0.03225806451612903 0.046511627906976744
0 0.561745512551964 0.08560160769463099 0.03225806451612903 0.046511627906976744
0 0.5357714865779379 0.05823362683827803 0.03225806451612903 0.046511627906976744
0 0.5147924655989171 0.07839950746927499 0.03225806451612903 0.046511627906976744
0 0.5257814765879282 0.11152916850591266 0.03225806451612903 0.046511627906976744
0 0.541765492571944 0.1172908486861975 0.03225806451612903 0.046511627906976744
0 0.5427644935709451 0.08128034755941742 0.03225806451612903 0.046511627906976744
0 0.5307764815829331 0.07263782728899014 0.03225806451612903 0.046511627906976744
0 0.52777947858593 0.09712496805520068 0.03225806451612903 0.046511627906976744
0 0.5237834745899261 0.032306066026996344 0.03225806451612903 0.046511627906976744
0 0.504802455608907 0.0265443858467115 0.03225806451612903 0.046511627906976744
0 0.532774483580935 0.05679320679320688 0.03225806451612903 0.046511627906976744
0 0.52777947858593 0.03086564598192507 0.03225806451612903 0.046511627906976744
0 0.5187884695949211 0.020782705666426652 0.03225806451612903 0.046511627906976744
0 0.5127944636009151 0.0553527867481356 0.03225806451612903 0.046511627906976744
0 0.5087984596049111 0.010699765350928236 0.03225806451612903 0.046511627906976744
0 0.48781943862589017 0.03518690611713877 0.03225806451612903 0.046511627906976744
0 0.5237834745899261 0.010699765350928236 0.03225806451612903 0.046511627906976744
0 0.5077994586059101 0.007818925260785812 0.03225806451612903 0.046511627906976744
0 0.5097974606039121 0.04238900634249476 0.03225806451612903 0.046511627906976744
0 0.546760497566949 0.045269846432637185 0.03225806451612903 0.046511627906976744
0 0.5787285295349811 0.05823362683827803 0.03225806451612903 0.046511627906976744
0 0.552754503560955 0.020782705666426652 0.03225806451612903 0.046511627906976744
0 0.5437634945699461 0.032306066026996344 0.03225806451612903 0.046511627906976744
0 0.5777295285359799 0.06255488697349172 0.03225806451612903 0.046511627906976744
0 0.58771953852599 0.06543572706363415 0.03225806451612903 0.046511627906976744
0 0.5707365215429732 0.06543572706363415 0.03225806451612903 0.046511627906976744
0 0.561745512551964 0.07263782728899014 0.03225806451612903 0.046511627906976744
0 0.5557515065579581 0.06543572706363415 0.03225806451612903 0.046511627906976744
0 0.558748509554961 0.045269846432637185 0.03225806451612903 0.046511627906976744
0 0.579727530533982 0.03086564598192507 0.03225806451612903 0.046511627906976744
0 0.5977095485160001 0.03806774620728119 0.03225806451612903 0.046511627906976744
0 0.616690567497019 0.06687614710870529 0.03225806451612903 0.046511627906976744
0 0.6366705874770389 0.06543572706363415 0.03225806451612903 0.046511627906976744
0 0.6276795784860301 0.08704202773970227 0.03225806451612903 0.046511627906976744
0 0.6126945635010151 0.09712496805520068 0.03225806451612903 0.046511627906976744
0 0.6196875704940219 0.13169504913690963 0.03225806451612903 0.046511627906976744
0 0.6556516064580579 0.12305252886648235 0.03225806451612903 0.046511627906976744
0 0.6566506074570589 0.08272076760448856 0.03225806451612903 0.046511627906976744
0 0.668638619445071 0.07119740724391886 0.03225806451612903 0.046511627906976744
0 0.669637620444072 0.0553527867481356 0.03225806451612903 0.046511627906976744
0 0.664642615449067 0.05103152661292203 0.03225806451612903 0.046511627906976744
0 0.6416655924720439 0.03086564598192507 0.03225806451612903 0.046511627906976744
0 0.6516556024620539 0.0265443858467115 0.03225806451612903 0.046511627906976744
0 0.671635622442074 0.025103965801640222 0.03225806451612903 0.046511627906976744
0 0.6776296284360799 0.022223125711497798 0.03225806451612903 0.046511627906976744
0 0.671635622442074 0.0265443858467115 0.03225806451612903 0.046511627906976744
0 0.640666591473043 0.04238900634249476 0.03225806451612903 0.046511627906976744
0 0.6286785794850309 0.05679320679320688 0.03225806451612903 0.046511627906976744
0 0.665641616448068 0.08560160769463099 0.03225806451612903 0.046511627906976744
0 0.7265806773871288 0.08560160769463099 0.03225806451612903 0.046511627906976744
0 0.7665407173471689 0.0553527867481356 0.03225806451612903 0.046511627906976744
0 0.7505567013631528 0.04671026647770833 0.03225806451612903 0.046511627906976744
0 0.7255816763881279 0.0553527867481356 0.03225806451612903 0.046511627906976744
0 0.7046026554091069 0.07839950746927499 0.03225806451612903 0.046511627906976744
0 0.6966106474170988 0.0956845480101294 0.03225806451612903 0.046511627906976744
0 0.7775297283361798 0.09280370791998711 0.03225806451612903 0.046511627906976744
0 0.8234837742902258 0.09136328787491584 0.03225806451612903 0.046511627906976744
0 0.8194877702942218 0.07695908742420371 0.03225806451612903 0.046511627906976744
0 0.7825247333311849 0.08560160769463099 0.03225806451612903 0.046511627906976744
0 0.7335736843801358 0.10288664823548553 0.03225806451612903 0.046511627906976744
0 0.6906166414230929 0.1172908486861975 0.03225806451612903 0.046511627906976744
0 0.650656601463053 0.11585042864112637 0.03225806451612903 0.046511627906976744
0 0.6246825754890268 0.10576748832562795 0.03225806451612903 0.046511627906976744
0 0.5997075505140019 0.10288664823548553 0.03225806451612903 0.046511627906976744
0 0.5717355225419739 0.0956845480101294 0.03225806451612903 0.046511627906976744
0 0.5707365215429732 0.08272076760448856 0.03225806451612903 0.046511627906976744
0 0.633673584480036 0.10144622819041425 0.03225806451612903 0.046511627906976744
0 0.6916156424220938 0.10864832841577036 0.03225806451612903 0.046511627906976744
0 0.6476595984660499 0.10720790837069909 0.03225806451612903 0.046511627906976744
0 0.591715542521994 0.10288664823548553 0.03225806451612903 0.046511627906976744
0 0.593713544519996 0.07839950746927499 0.03225806451612903 0.046511627906976744
0 0.596710547516999 0.06543572706363415 0.03225806451612903 0.046511627906976744
0 0.5957115465179981 0.036627326162209914 0.03225806451612903 0.046511627906976744
0 0.580726531532983 0.025103965801640222 0.03225806451612903 0.046511627906976744
0 0.61768956849602 0.007818925260785812 0.03225806451612903 0.046511627906976744
0 0.6276795784860301 0.015021025486141806 0.03225806451612903 0.046511627906976744
0 0.6096975605040119 0.015021025486141806 0.03225806451612903 0.046511627906976744
0 0.584722535528987 0.020782705666426652 0.03225806451612903 0.046511627906976744
0 0.56773951854597 0.040948586297423484 0.03225806451612903 0.046511627906976744
0 0.593713544519996 0.05103152661292203 0.03225806451612903 0.046511627906976744
0 0.610696561503013 0.04815068652277961 0.03225806451612903 0.046511627906976744
0 0.616690567497019 0.045269846432637185 0.03225806451612903 0.046511627906976744
0 0.631675582482034 0.027984805891782646 0.03225806451612903 0.046511627906976744
0 0.6516556024620539 0.015021025486141806 0.03225806451612903 0.046511627906976744
0 0.676630627437079 0.016461445531213082 0.03225806451612903 0.046511627906976744
0 0.6976096484160998 0.022223125711497798 0.03225806451612903 0.046511627906976744
0 0.710596661403113 0.027984805891782646 0.03225806451612903 0.046511627906976744
0 0.6936136444200959 0.03518690611713877 0.03225806451612903 0.046511627906976744
0 0.679627630434082 0.045269846432637185 0.03225806451612903 0.046511627906976744
0 0.6826246334310849 0.05103152661292203 0.03225806451612903 0.046511627906976744
0 0.6956116464180979 0.0553527867481356 0.03225806451612903 0.046511627906976744
0 0.7125946634011149 0.07551866737913257 0.03225806451612903 0.046511627906976744
0 0.7465606973671489 0.09856538810027182 0.03225806451612903 0.046511627906976744
0 0.7855217363281879 0.10144622819041425 0.03225806451612903 0.046511627906976744
0 0.8035037543102058 0.10864832841577036 0.03225806451612903 0.046511627906976744
0 0.7565507073571588 0.1331354691819809 0.03225806451612903 0.046511627906976744
0 0.7016056524121039 0.04671026647770833 0.03225806451612903 0.046511627906976744
0 0.721585672392124 0.14177798945240816 0.03225806451612903 0.046511627906976744
0 0.7155916663981178 0.11296958855098393 0.03225806451612903 0.046511627906976744
0 0.706600657407109 0.11585042864112637 0.03225806451612903 0.046511627906976744
0 0.6886186394250908 0.1331354691819809 0.03225806451612903 0.046511627906976744
0 0.706600657407109 0.13601630927212333 0.03225806451612903 0.046511627906976744
0 0.7365706873771389 0.12737378900169605 0.03225806451612903 0.046511627906976744
0 0.7695377203441718 0.12593336895662477 0.03225806451612903 0.046511627906976744
0 0.7995077503142017 0.12593336895662477 0.03225806451612903 0.046511627906976744
0 0.7725347233411748 0.11873126873126878 0.03225806451612903 0.046511627906976744
0 0.7615457123521638 0.11152916850591266 0.03225806451612903 0.046511627906976744
0 0.7495577003641518 0.0956845480101294 0.03225806451612903 0.046511627906976744
0 0.7455616963681477 0.08560160769463099 0.03225806451612903 0.046511627906976744
0 0.7565507073571588 0.0553527867481356 0.03225806451612903 0.046511627906976744
0 0.7475596983661499 0.03518690611713877 0.03225806451612903 0.046511627906976744
0 0.7275796783861298 0.03086564598192507 0.03225806451612903 0.046511627906976744
0 0.7305766813831328 0.0265443858467115 0.03225806451612903 0.046511627906976744
0 0.7865207373271887 0.020782705666426652 0.03225806451612903 0.046511627906976744
0 0.8005067513132027 0.020782705666426652 0.03225806451612903 0.046511627906976744
0 0.8504568012632526 0.06255488697349172 0.03225806451612903 0.046511627906976744
0 0.8784288292352807 0.06111446692842045 0.03225806451612903 0.046511627906976744
0 0.8914158422222938 0.05103152661292203 0.03225806451612903 0.046511627906976744
0 0.8494578002642518 0.04671026647770833 0.03225806451612903 0.046511627906976744
0 0.8354717862782377 0.0553527867481356 0.03225806451612903 0.046511627906976744
0 0.9034038542103056 0.11152916850591266 0.03225806451612903 0.046511627906976744
0 0.9593479101543615 0.09712496805520068 0.03225806451612903 0.046511627906976744
0 0.9313758821823336 0.07695908742420371 0.03225806451612903 0.046511627906976744
0 0.8514558022622537 0.10144622819041425 0.03225806451612903 0.046511627906976744
0 0.8934138442202957 0.13169504913690963 0.03225806451612903 0.046511627906976744
0 0.9493579001643516 0.11296958855098393 0.03225806451612903 0.046511627906976744
0 0.9083988592053106 0.08272076760448856 0.03225806451612903 0.046511627906976744
0 0.8814258322322837 0.08704202773970227 0.03225806451612903 0.046511627906976744
0 0.9633439141503655 0.10144622819041425 0.03225806451612903 0.046511627906976744
0 0.9323748831813347 0.05103152661292203 0.03225806451612903 0.046511627906976744
0 0.8814258322322837 0.0553527867481356 0.03225806451612903 0.046511627906976744
0 0.9323748831813347 0.09712496805520068 0.03225806451612903 0.046511627906976744
0 0.9363708871773387 0.05103152661292203 0.03225806451612903 0.046511627906976744
0 0.8674398182462697 0.0265443858467115 0.03225806451612903 0.046511627906976744
0 0.9433638941703456 0.10144622819041425 0.03225806451612903 0.046511627906976744
0 0.9073998582063096 0.036627326162209914 0.03225806451612903 0.046511627906976744
0 0.8194877702942218 0.03086564598192507 0.03225806451612903 0.046511627906976744
0 0.8794278302342817 0.09136328787491584 0.03225806451612903 0.046511627906976744
0 0.8984088492153007 0.0553527867481356 0.03225806451612903 0.046511627906976744
0 0.8314757822822336 0.017901865576284228 0.03225806451612903 0.046511627906976744
0 0.8394677902742417 0.06543572706363415 0.03225806451612903 0.046511627906976744
0 0.8414657922722437 0.05823362683827803 0.03225806451612903 0.046511627906976744
0 0.8134937643002156 0.05247194665799318 0.03225806451612903 0.046511627906976744
0 0.9303768811833326 0.040948586297423484 0.03225806451612903 0.046511627906976744
0 0.9453618961683475 0.032306066026996344 0.03225806451612903 0.046511627906976744
0 0.9603469111533626 0.06543572706363415 0.03225806451612903 0.046511627906976744
0 0.9613459121523635 0.09280370791998711 0.03225806451612903 0.046511627906976744
0 0.9833239341303855 0.0956845480101294 0.03225806451612903 0.046511627906976744
0 0.9563509071573585 0.03518690611713877 0.03225806451612903 0.046511627906976744
0 0.9703369211433727 0.020782705666426652 0.03225806451612903 0.046511627906976744
0 0.9763309271373786 0.020782705666426652 0.03225806451612903 0.046511627906976744
0 0.9873199381263895 0.05247194665799318 0.03225806451612903 0.046511627906976744
0 0.9923149431213946 0.08272076760448856 0.03225806451612903 0.046511627906976744
0 0.9933139441203954 0.10144622819041425 0.03225806451612903 0.046511627906976744
0 0.9793279301343816 0.10864832841577036 0.03225806451612903 0.046511627906976744
0 0.9863209371273884 0.08704202773970227 0.03225806451612903 0.046511627906976744
0 0.9793279301343816 0.045269846432637185 0.03225806451612903 0.046511627906976744
0 0.9693379201443716 0.07551866737913257 0.03225806451612903 0.046511627906976744
0 0.9793279301343816 0.11585042864112637 0.03225806451612903 0.046511627906976744
0 0.9913159421223936 0.12161210882141121 0.03225806451612903 0.046511627906976744
0 0.9863209371273884 0.03518690611713877 0.03225806451612903 0.046511627906976744
0 0.9713359221423735 0.015021025486141806 0.03225806451612903 0.046511627906976744
0 0.9643429151493665 0.05103152661292203 0.03225806451612903 0.046511627906976744
0 0.9593479101543615 0.07695908742420371 0.03225806451612903 0.046511627906976744
0 0.9543529051593567 0.11152916850591266 0.03225806451612903 0.046511627906976744
0 0.9453618961683475 0.12305252886648235 0.03225806451612903 0.046511627906976744
0 0.9213858721923237 0.10576748832562795 0.03225806451612903 0.046511627906976744
0 0.9113958622023136 0.11152916850591266 0.03225806451612903 0.046511627906976744
0 0.9713359221423735 0.13601630927212333 0.03225806451612903 0.046511627906976744
0 0.9823249331313845 0.13745672931719446 0.03225806451612903 0.046511627906976744
0 0.9393678901743416 0.13601630927212333 0.03225806451612903 0.046511627906976744
0 0.9233838741903256 0.13601630927212333 0.03225806451612903 0.046511627906976744
0 0.9073998582063096 0.13601630927212333 0.03225806451612903 0.046511627906976744
0 0.8654418162482677 0.12881420904676721 0.03225806451612903 0.046511627906976744
0 0.8304767812832328 0.12881420904676721 0.03225806451612903 0.046511627906976744
0 0.8174897682962197 0.13169504913690963 0.03225806451612903 0.046511627906976744
0 0.8025047533112047 0.14609924958762174 0.03225806451612903 0.046511627906976744
0 0.7805267313331827 0.15618218990312016 0.03225806451612903 0.046511627906976744
0 0.7775297283361798 0.161943870083405 0.03225806451612903 0.046511627906976744
0 0.8025047533112047 0.15762260994819144 0.03225806451612903 0.046511627906976744
0 0.8104967613032128 0.12305252886648235 0.03225806451612903 0.046511627906976744
0 0.8254817762882276 0.11152916850591266 0.03225806451612903 0.046511627906976744
0 0.8504568012632526 0.08272076760448856 0.03225806451612903 0.046511627906976744
0 0.8484587992652507 0.06831656715377644 0.03225806451612903 0.046511627906976744
0 0.8364707872772387 0.08704202773970227 0.03225806451612903 0.046511627906976744
0 0.8254817762882276 0.07551866737913257 0.03225806451612903 0.046511627906976744
0 0.8114957623022138 0.06255488697349172 0.03225806451612903 0.046511627906976744
0 0.7815257323321838 0.0553527867481356 0.03225806451612903 0.046511627906976744
0 0.7755317263381777 0.07119740724391886 0.03225806451612903 0.046511627906976744
0 0.8074997583062098 0.07119740724391886 0.03225806451612903 0.046511627906976744
0 0.8045027553092068 0.05103152661292203 0.03225806451612903 0.046511627906976744
0 0.7915157423221938 0.036627326162209914 0.03225806451612903 0.046511627906976744
0 0.7595477103541619 0.025103965801640222 0.03225806451612903 0.046511627906976744
0 0.7305766813831328 0.010699765350928236 0.03225806451612903 0.046511627906976744
0 0.7036036544101057 0.0006168250354296878 0.03225806451612903 0.046511627906976744
0 0.675631626438078 0.007818925260785812 0.03225806451612903 0.046511627906976744
0 0.634672585479037 0.0020572450805009658 0.03225806451612903 0.046511627906976744
0 0.5827245335309852 0.004938085170643389 0.03225806451612903 0.046511627906976744
0 0.5687385195449711 0.004938085170643389 0.03225806451612903 0.046511627906976744
0 0.5627445135509651 0.007818925260785812 0.03225806451612903 0.046511627906976744
0 0.6436635944700458 0.015021025486141806 0.03225806451612903 0.046511627906976744
0 0.6966106474170988 0.010699765350928236 0.03225806451612903 0.046511627906976744
0 0.7385686893751408 0.012140185395999382 0.03225806451612903 0.046511627906976744
0 0.7875197383261897 0.015021025486141806 0.03225806451612903 0.046511627906976744
0 0.8234837742902258 0.015021025486141806 0.03225806451612903 0.046511627906976744
0 0.8564508072572588 0.015021025486141806 0.03225806451612903 0.046511627906976744
0 0.8804268312332826 0.025103965801640222 0.03225806451612903 0.046511627906976744
0 0.8944128452192968 0.040948586297423484 0.03225806451612903 0.046511627906976744
0 0.8704368212432727 0.040948586297423484 0.03225806451612903 0.046511627906976744
0 0.8424647932712448 0.036627326162209914 0.03225806451612903 0.046511627906976744
0 0.8344727852792367 0.03086564598192507 0.03225806451612903 0.046511627906976744
0 0.8714358222422737 0.025103965801640222 0.03225806451612903 0.046511627906976744
0 0.8864208372272887 0.022223125711497798 0.03225806451612903 0.046511627906976744
0 0.8964108472172986 0.017901865576284228 0.03225806451612903 0.046511627906976744
0 0.8844228352292866 0.015021025486141806 0.03225806451612903 0.046511627906976744
0 0.8534538042602557 0.020782705666426652 0.03225806451612903 0.046511627906976744
0 0.8314757822822336 0.025103965801640222 0.03225806451612903 0.046511627906976744
0 0.8954118462182976 0.03086564598192507 0.03225806451612903 0.046511627906976744
0 0.9073998582063096 0.03086564598192507 0.03225806451612903 0.046511627906976744
0 0.8804268312332826 0.05247194665799318 0.03225806451612903 0.046511627906976744
0 0.8594478102542616 0.0956845480101294 0.03225806451612903 0.046511627906976744
0 0.8734338242402756 0.10576748832562795 0.03225806451612903 0.046511627906976744
0 0.8624448132512647 0.08128034755941742 0.03225806451612903 0.046511627906976744
0 0.8664408172472686 0.11296958855098393 0.03225806451612903 0.046511627906976744
0 0.7505567013631528 0.07695908742420371 0.03225806451612903 0.046511627906976744
0 0.7235836743901258 0.06687614710870529 0.03225806451612903 0.046511627906976744
0 0.699607650414102 0.06255488697349172 0.03225806451612903 0.046511627906976744
0 0.6736336244400758 0.06543572706363415 0.03225806451612903 0.046511627906976744
0 0.6566506074570589 0.06831656715377644 0.03225806451612903 0.046511627906976744
0 0.6466605974670491 0.07119740724391886 0.03225806451612903 0.046511627906976744
0 0.640666591473043 0.07839950746927499 0.03225806451612903 0.046511627906976744
0 0.6776296284360799 0.09856538810027182 0.03225806451612903 0.046511627906976744
0 0.7595477103541619 0.06687614710870529 0.03225806451612903 0.046511627906976744
0 0.7365706873771389 0.08128034755941742 0.03225806451612903 0.046511627906976744
0 0.7355716863781379 0.06831656715377644 0.03225806451612903 0.046511627906976744
0 0.7425646933711448 0.06255488697349172 0.03225806451612903 0.046511627906976744
0 0.7145926653991169 0.020782705666426652 0.03225806451612903 0.046511627906976744
0 0.7425646933711448 0.040948586297423484 0.03225806451612903 0.046511627906976744
0 0.7675397183461697 0.017901865576284228 0.03225806451612903 0.046511627906976744
0 0.4718354226418741 0.06111446692842045 0.03225806451612903 0.046511627906976744
0 0.4808264316328831 0.07119740724391886 0.03225806451612903 0.046511627906976744
0 0.48182543263188415 0.15762260994819144 0.03225806451612903 0.046511627906976744
0 0.44985740066385216 0.1518609297679066 0.03225806451612903 0.046511627906976744
0 0.44186539267184416 0.1518609297679066 0.03225806451612903 0.046511627906976744
0 0.4598474106538622 0.14609924958762174 0.03225806451612903 0.046511627906976744
0 0.4658414166478681 0.14609924958762174 0.03225806451612903 0.046511627906976744
0 0.49181544262189414 0.015021025486141806 0.03225806451612903 0.046511627906976744
0 0.504802455608907 0.027984805891782646 0.03225806451612903 0.046511627906976744
0 0.5737335245399761 0.036627326162209914 0.03225806451612903 0.046511627906976744
0 0.35495230575875725 0.010699765350928236 0.03225806451612903 0.046511627906976744
0 0.3449622957687473 0.012140185395999382 0.03225806451612903 0.046511627906976744
0 0.33497228577873733 0.012140185395999382 0.03225806451612903 0.046511627906976744
0 0.31599126679771833 0.012140185395999382 0.03225806451612903 0.046511627906976744
0 0.30300425381070534 0.012140185395999382 0.03225806451612903 0.046511627906976744
0 0.2520552028616544 0.010699765350928236 0.03225806451612903 0.046511627906976744
0 0.19311414392059542 0.010699765350928236 0.03225806451612903 0.046511627906976744
0 0.19311414392059542 0.010699765350928236 0.03225806451612903 0.046511627906976744
0 0.1711361219425735 0.012140185395999382 0.03225806451612903 0.046511627906976744
0 0.3369702877767393 0.04743047650024397 0.03225806451612903 0.046511627906976744
0 0.34296429377074533 0.040228376274887845 0.03225806451612903 0.046511627906976744
0 0.3489582997647514 0.03158585600446057 0.03225806451612903 0.046511627906976744
0 0.32098627179272327 0.05607299677067124 0.03225806451612903 0.046511627906976744
0 0.3119952628017143 0.04454963641010155 0.03225806451612903 0.046511627906976744
0 0.24606119686764838 0.00421787514810775 0.03225806451612903 0.046511627906976744
0 0.2350721858786374 0.007098715238250174 0.03225806451612903 0.046511627906976744
0 0.23407318487963646 0.01718165555374859 0.03225806451612903 0.046511627906976744
0 0.22608117688762844 0.02582417582417586 0.03225806451612903 0.046511627906976744
0 0.22608117688762844 0.007098715238250174 0.03225806451612903 0.046511627906976744
0 0.21808916889562044 0.007098715238250174 0.03225806451612903 0.046511627906976744
0 0.20809915890561043 0.005658295193178896 0.03225806451612903 0.046511627906976744
0 0.20710015790660946 0.014300815463606167 0.03225806451612903 0.046511627906976744
0 0.19411314491959647 0.020062495643891013 0.03225806451612903 0.046511627906976744
0 0.13617108697753852 0.009979555328392465 0.03225806451612903 0.046511627906976744
0 0.14216509297154456 0.009979555328392465 0.03225806451612903 0.046511627906976744
0 0.042264993071444636 0.005658295193178896 0.03225806451612903 0.046511627906976744
0 0.03427298507943667 0.00853913528332132 0.03225806451612903 0.046511627906976744
0 0.023283974090425694 0.01718165555374859 0.03225806451612903 0.046511627906976744
0 0.01429296509941668 0.03014543595938943 0.03225806451612903 0.046511627906976744
0 0.005301956108407711 0.011419975373463743 0.03225806451612903 0.046511627906976744
0 0.005301956108407711 0.03446669609460313 0.03225806451612903 0.046511627906976744
0 0.025281976088427652 0.07623887740166807 0.03225806451612903 0.046511627906976744
0 0.05125600206245365 0.05751341681574239 0.03225806451612903 0.046511627906976744
0 0.054253005059456655 0.07479845735659693 0.03225806451612903 0.046511627906976744
0 0.04825899906545065 0.0791197174918105 0.03225806451612903 0.046511627906976744
0 0.052255003061454655 0.10072601816787861 0.03225806451612903 0.046511627906976744
0 0.06024701105346262 0.08776223776223777 0.03225806451612903 0.046511627906976744
0 0.04725999806644964 0.08776223776223777 0.03225806451612903 0.046511627906976744
0 0.032274983081434665 0.0906430778523802 0.03225806451612903 0.046511627906976744
0 0.020286971093422687 0.08920265780730892 0.03225806451612903 0.046511627906976744
0 0.004302955109406709 0.07623887740166807 0.03225806451612903 0.046511627906976744
0 0.005301956108407711 0.050311316590386394 0.03225806451612903 0.046511627906976744
0 0.062245013051464626 0.01574123550867731 0.03225806451612903 0.046511627906976744
0 0.07023702104347264 0.02150291568896216 0.03225806451612903 0.046511627906976744
0 0.0752320260384776 0.027264595869247007 0.03225806451612903 0.046511627906976744
0 0.0772300280364796 0.07479845735659693 0.03225806451612903 0.046511627906976744
0 0.0722350230414746 0.09496433798759377 0.03225806451612903 0.046511627906976744
0 0.07123602204247365 0.11080895848337716 0.03225806451612903 0.046511627906976744
0 0.07123602204247365 0.12521315893408913 0.03225806451612903 0.046511627906976744
0 0.07822902903548061 0.05751341681574239 0.03225806451612903 0.046511627906976744
0 0.08522203602848762 0.05751341681574239 0.03225806451612903 0.046511627906976744
0 0.09421304501949658 0.2188404618637177 0.03225806451612903 0.046511627906976744
0 0.8404667912732428 0.7287491578189252 0.03225806451612903 0.046511627906976744
0 0.8264807772872288 0.8007701600724857 0.03225806451612903 0.046511627906976744
0 0.7775297283361798 0.8756720024161884 0.03225806451612903 0.046511627906976744
0 0.5647425155489671 0.6567281555653649 0.03225806451612903 0.046511627906976744
0 0.4808264316328831 0.5328520316892409 0.03225806451612903 0.046511627906976744
0 0.8454617962682478 0.5775050530864485 0.03225806451612903 0.046511627906976744
0 0.8234837742902258 0.5285307715540274 0.03225806451612903 0.046511627906976744
0 0.8354717862782377 0.49107985038217594 0.03225806451612903 0.046511627906976744
0 0.9773299281363796 0.49540111051738955 0.03225806451612903 0.046511627906976744
0 0.9223848731913246 0.028705015914318285 0.03225806451612903 0.046511627906976744
0 0.9333738841803355 0.02150291568896216 0.03225806451612903 0.046511627906976744
0 0.9473598981663497 0.01718165555374859 0.03225806451612903 0.046511627906976744
0 0.9393678901743416 0.009979555328392465 0.03225806451612903 0.046511627906976744
0 0.9213858721923237 0.011419975373463743 0.03225806451612903 0.046511627906976744
0 0.9093978602043117 0.011419975373463743 0.03225806451612903 0.046511627906976744
0 0.9083988592053106 0.053192156680528686 0.03225806451612903 0.046511627906976744
0 0.8984088492153007 0.0719176172664545 0.03225806451612903 0.046511627906976744
0 0.8924148432212946 0.11080895848337716 0.03225806451612903 0.046511627906976744
0 0.8804268312332826 0.12953441906930271 0.03225806451612903 0.046511627906976744
0 0.8854218362282876 0.14681945961015724 0.03225806451612903 0.046511627906976744
0 0.9193878701943216 0.16554492019608294 0.03225806451612903 0.046511627906976744
0 0.9693379201443716 0.03446669609460313 0.03225806451612903 0.046511627906976744
0 0.9613459121523635 0.02150291568896216 0.03225806451612903 0.046511627906976744
0 0.9583489091553606 0.014300815463606167 0.03225806451612903 0.046511627906976744
0 0.8704368212432727 0.009979555328392465 0.03225806451612903 0.046511627906976744
0 0.8454617962682478 0.007098715238250174 0.03225806451612903 0.046511627906976744
0 0.8124947633012148 0.00853913528332132 0.03225806451612903 0.046511627906976744
0 0.8084987593052109 0.024383755779104583 0.03225806451612903 0.046511627906976744
0 0.7705367213431729 0.007098715238250174 0.03225806451612903 0.046511627906976744
0 0.7715357223421736 0.035907116139674275 0.03225806451612903 0.046511627906976744
0 0.7495577003641518 0.00853913528332132 0.03225806451612903 0.046511627906976744
0 0.7595477103541619 0.00853913528332132 0.03225806451612903 0.046511627906976744
0 0.650656601463053 0.00421787514810775 0.03225806451612903 0.046511627906976744
0 0.4388683896748412 0.011419975373463743 0.03225806451612903 0.046511627906976744
0 0.4348723856788372 0.022943335734033437 0.03225806451612903 0.046511627906976744
0 0.36793931874577024 0.009979555328392465 0.03225806451612903 0.046511627906976744
0 0.3769303277367793 0.011419975373463743 0.03225806451612903 0.046511627906976744
0 0.3859213367277882 0.011419975373463743 0.03225806451612903 0.046511627906976744
0 0.5427644935709451 0.01574123550867731 0.03225806451612903 0.046511627906976744
0 0.533773484579936 0.014300815463606167 0.03225806451612903 0.046511627906976744
0 0.3639433147497663 0.5522977022977025 0.03225806451612903 0.046511627906976744
