0 0.021895188145188198 0.9613587853587855 0.01953125 0.05405405405405406
0 0.008908175158175121 0.9530643770643773 0.01953125 0.05405405405405406
0 0.030886197136197117 0.930945954945955 0.01953125 0.05405405405405406
0 0.047869214119214125 0.9364755604755607 0.01953125 0.05405405405405406
0 0.06385323010323012 0.9613587853587855 0.01953125 0.05405405405405406
0 0.08283424908424905 0.9392403632403635 0.01953125 0.05405405405405406
0 0.05586122211122212 0.8618258858258859 0.01953125 0.05405405405405406
0 0.06884823509823511 0.8784147024147027 0.01953125 0.05405405405405406
0 0.032884199134199106 0.8867091107091107 0.01953125 0.05405405405405406
0 0.02089618714618714 0.8535314775314775 0.01953125 0.05405405405405406
0 0.01390318015318016 0.7678225918225917 0.01953125 0.05405405405405406
0 0.02489219114219111 0.7401745641745642 0.01953125 0.05405405405405406
0 0.023893190143190142 0.7097617337617338 0.01953125 0.05405405405405406
0 0.012904179154179143 0.6821137061137061 0.01953125 0.05405405405405406
0 0.023893190143190142 0.6572304812304813 0.01953125 0.05405405405405406
0 0.04886821511821509 0.6682896922896923 0.01953125 0.05405405405405406
0 0.008908175158175121 0.6406416646416647 0.01953125 0.05405405405405406
0 0.011905178155178126 0.6019344259344261 0.01953125 0.05405405405405406
0 0.0069101731601731355 0.5908752148752148 0.01953125 0.05405405405405406
0 0.025891192141192128 0.6102288342288343 0.01953125 0.05405405405405406
0 0.030886197136197117 0.5825808065808067 0.01953125 0.05405405405405406
0 0.01889818514818515 0.5715215955215956 0.01953125 0.05405405405405406
0 0.021895188145188153 0.5411087651087652 0.01953125 0.05405405405405406
0 0.016900183150183115 0.49410711810711816 0.01953125 0.05405405405405406
0 0.03488220113220114 0.5024015264015264 0.01953125 0.05405405405405406
0 0.046870213120213104 0.5272847512847514 0.01953125 0.05405405405405406
0 0.035881202131202106 0.5411087651087652 0.01953125 0.05405405405405406
0 0.011905178155178126 0.5494031734031734 0.01953125 0.05405405405405406
0 0.07783924408924407 0.9115923355923355 0.01953125 0.05405405405405406
0 0.08782925407925404 0.9032979272979275 0.01953125 0.05405405405405406
0 0.07484224109224107 0.8590610830610832 0.01953125 0.05405405405405406
0 0.08083624708624707 0.8369426609426611 0.01953125 0.05405405405405406
0 0.09382326007326006 0.823118647118647 0.01953125 0.05405405405405406
0 0.09582126207126204 0.872885096885097 0.01953125 0.05405405405405406
0 0.10281426906426908 0.9171219411219412 0.01953125 0.05405405405405406
0 0.09981726606726607 0.9530643770643773 0.01953125 0.05405405405405406
0 0.11080627705627706 0.9751827991827994 0.01953125 0.05405405405405406
0 0.12479229104229102 0.9724179964179965 0.01953125 0.05405405405405406
0 0.13178529803529804 0.9226515466515469 0.01953125 0.05405405405405406
0 0.140776307026307 0.9447699687699689 0.01953125 0.05405405405405406
0 0.14477231102231103 0.9558291798291798 0.01953125 0.05405405405405406
0 0.11180527805527803 0.8784147024147027 0.01953125 0.05405405405405406
0 0.09482226107226108 0.7954706194706194 0.01953125 0.05405405405405406
0 0.08283424908424905 0.7678225918225917 0.01953125 0.05405405405405406
0 0.07584124209124209 0.7844114084114084 0.01953125 0.05405405405405406
0 0.04487221112221112 0.7954706194706194 0.01953125 0.05405405405405406
0 0.04487221112221112 0.765057789057789 0.01953125 0.05405405405405406
0 0.050866217116217124 0.7374097614097614 0.01953125 0.05405405405405406
0 0.06085622710622711 0.6793489033489034 0.01953125 0.05405405405405406
0 0.12004703629703624 0.8119183159183161 0.01953125 0.05405405405405406
0 0.11205502830502824 0.7994767034767035 0.01953125 0.05405405405405406
0 0.09756951381951377 0.7732110772110774 0.01953125 0.05405405405405406
0 0.08807900432900428 0.6957965997965999 0.01953125 0.05405405405405406
0 0.08158549783549779 0.6722957762957764 0.01953125 0.05405405405405406
0 0.08008699633699629 0.6183821223821226 0.01953125 0.05405405405405406
0 0.06959748584748579 0.6405005445005446 0.01953125 0.05405405405405406
0 0.06460248085248078 0.5990285030285032 0.01953125 0.05405405405405406
0 0.061105977355977295 0.5644684684684685 0.01953125 0.05405405405405406
0 0.053113969363969296 0.5824396864396866 0.01953125 0.05405405405405406
0 0.045121961371961304 0.5547916587916589 0.01953125 0.05405405405405406
0 0.057109973359973296 0.5229964269964271 0.01953125 0.05405405405405406
0 0.0626044788544788 0.5064076104076104 0.01953125 0.05405405405405406
0 0.053613469863469806 0.48567158967158985 0.01953125 0.05405405405405406
0 0.0461209623709623 0.49673080073080084 0.01953125 0.05405405405405406
0 0.04012695637695631 0.48152438552438565 0.01953125 0.05405405405405406
0 0.048118964368964304 0.47461237861237887 0.01953125 0.05405405405405406
0 0.0396274558774558 0.4663179703179704 0.01953125 0.05405405405405406
0 0.04861846486846479 0.446964350964351 0.01953125 0.05405405405405406
0 0.0396274558774558 0.43590513990514 0.01953125 0.05405405405405406
0 0.027139943389943327 0.45111155511155515 0.01953125 0.05405405405405406
0 0.027139943389943327 0.4704651744651746 0.01953125 0.05405405405405406
0 0.01714993339993332 0.4801419841419842 0.01953125 0.05405405405405406
0 0.02813894438894432 0.42069872469872477 0.01953125 0.05405405405405406
0 0.034132950382950306 0.4234635274635276 0.01953125 0.05405405405405406
0 0.013153929403929326 0.40825711225711236 0.01953125 0.05405405405405406
0 0.01714993339993332 0.39581549981549996 0.01953125 0.05405405405405406
0 0.019647435897435818 0.36816747216747236 0.01953125 0.05405405405405406
0 0.01864843489843482 0.3515786555786557 0.01953125 0.05405405405405406
0 0.015651431901431822 0.32807783207783203 0.01953125 0.05405405405405406
0 0.007659423909423827 0.3322250362250363 0.01953125 0.05405405405405406
0 0.00915792540792533 0.30872421272421285 0.01953125 0.05405405405405406
0 0.013153929403929326 0.3031946071946072 0.01953125 0.05405405405405406
0 0.011655427905427824 0.2796937836937837 0.01953125 0.05405405405405406
0 0.011655427905427824 0.287988191988192 0.01953125 0.05405405405405406
0 0.01864843489843482 0.2907529947529948 0.01953125 0.05405405405405406
0 0.01665043290043281 0.2783113823113824 0.01953125 0.05405405405405406
0 0.02114593739593732 0.31701862101862105 0.01953125 0.05405405405405406
0 0.028638444888444806 0.30457700857700865 0.01953125 0.05405405405405406
0 0.027639443889443813 0.3308426348426349 0.01953125 0.05405405405405406
0 0.02664044289044282 0.3446666486666487 0.01953125 0.05405405405405406
0 0.030636446886446816 0.36125546525546526 0.01953125 0.05405405405405406
0 0.030636446886446816 0.37922668322668335 0.01953125 0.05405405405405406
0 0.0366304528804528 0.3971979011979014 0.01953125 0.05405405405405406
0 0.03862845487845481 0.37369707769707766 0.01953125 0.05405405405405406
0 0.0396274558774558 0.3501962541962543 0.01953125 0.05405405405405406
0 0.03613095238095232 0.33775464175464187 0.01953125 0.05405405405405406
0 0.041125957375957305 0.3322250362250363 0.01953125 0.05405405405405406
0 0.0366304528804528 0.31563621963621963 0.01953125 0.05405405405405406
0 0.0521149683649683 0.3654026694026695 0.01953125 0.05405405405405406
0 0.0461209623709623 0.3750794790794791 0.01953125 0.05405405405405406
0 0.04662046287046281 0.3971979011979014 0.01953125 0.05405405405405406
0 0.04662046287046281 0.42484592884592903 0.01953125 0.05405405405405406
0 0.060106976356976295 0.3889034929034929 0.01953125 0.05405405405405406
0 0.0626044788544788 0.4524939564939566 0.01953125 0.05405405405405406
0 0.060606476856476785 0.46217076617076625 0.01953125 0.05405405405405406
0 0.06859848484848478 0.46217076617076625 0.01953125 0.05405405405405406
0 0.07259448884448877 0.5257612297612299 0.01953125 0.05405405405405406
0 0.06759948384948379 0.5464972504972505 0.01953125 0.05405405405405406
0 0.08058649683649677 0.5423500463500466 0.01953125 0.05405405405405406
0 0.08008699633699629 0.5741452781452784 0.01953125 0.05405405405405406
0 0.08408300033300029 0.5948812988812989 0.01953125 0.05405405405405406
0 0.08857850482850477 0.630823734823735 0.01953125 0.05405405405405406
0 0.09057650682650675 0.6612365652365655 0.01953125 0.05405405405405406
0 0.09856851481851474 0.6709133749133751 0.01953125 0.05405405405405406
0 0.11655053280053276 0.6833549873549875 0.01953125 0.05405405405405406
0 0.10905802530802527 0.6612365652365655 0.01953125 0.05405405405405406
0 0.11455253080253074 0.6225293265293266 0.01953125 0.05405405405405406
0 0.10456252081252075 0.6460301500301502 0.01953125 0.05405405405405406
0 0.10256451881451877 0.7206798246798247 0.01953125 0.05405405405405406
0 0.10656052281052274 0.7497102537102539 0.01953125 0.05405405405405406
0 0.12853854478854473 0.7676814716814719 0.01953125 0.05405405405405406
0 0.11804903429903424 0.7400334440334443 0.01953125 0.05405405405405406
0 0.13453255078255075 0.7455630495630498 0.01953125 0.05405405405405406
0 0.14302405927405926 0.6736781776781778 0.01953125 0.05405405405405406
0 0.12853854478854473 0.6584717624717626 0.01953125 0.05405405405405406
0 0.12753954378954377 0.6169997209997212 0.01953125 0.05405405405405406
0 0.11954753579753577 0.5741452781452784 0.01953125 0.05405405405405406
0 0.10606102231102228 0.5561740601740603 0.01953125 0.05405405405405406
0 0.10206501831501825 0.534055638055638 0.01953125 0.05405405405405406
0 0.09207500832500827 0.5299084339084341 0.01953125 0.05405405405405406
0 0.08658050283050278 0.5064076104076104 0.01953125 0.05405405405405406
0 0.07659049284049278 0.46355316755316756 0.01953125 0.05405405405405406
0 0.07708999333999328 0.446964350964351 0.01953125 0.05405405405405406
0 0.07409299034299027 0.43728754128754144 0.01953125 0.05405405405405406
0 0.07209498834498829 0.4220811260811262 0.01953125 0.05405405405405406
0 0.07559149184149179 0.38613869013869023 0.01953125 0.05405405405405406
0 0.06959748584748579 0.3875210915210915 0.01953125 0.05405405405405406
0 0.0670999833499833 0.35849066249066247 0.01953125 0.05405405405405406
0 0.056610472860472785 0.34190184590184597 0.01953125 0.05405405405405406
0 0.0506164668664668 0.3446666486666487 0.01953125 0.05405405405405406
0 0.0506164668664668 0.3308426348426349 0.01953125 0.05405405405405406
0 0.06310397935397931 0.32807783207783203 0.01953125 0.05405405405405406
0 0.05960747585747579 0.32116582516582526 0.01953125 0.05405405405405406
0 0.057609473859473806 0.30457700857700865 0.01953125 0.05405405405405406
0 0.0506164668664668 0.299047403047403 0.01953125 0.05405405405405406
0 0.045621461871461814 0.31148901548901553 0.01953125 0.05405405405405406
0 0.06310397935397931 0.3018122058122058 0.01953125 0.05405405405405406
0 0.06959748584748579 0.31563621963621963 0.01953125 0.05405405405405406
0 0.07559149184149179 0.35987306387306384 0.01953125 0.05405405405405406
0 0.08408300033300029 0.3640202680202681 0.01953125 0.05405405405405406
0 0.08508200133200128 0.34604905004905007 0.01953125 0.05405405405405406
0 0.08308399933399929 0.3349898389898391 0.01953125 0.05405405405405406
0 0.08608100233100227 0.32393062793062805 0.01953125 0.05405405405405406
0 0.08458250083250077 0.3101066141066141 0.01953125 0.05405405405405406
0 0.0925745088245088 0.31978342378342384 0.01953125 0.05405405405405406
0 0.0925745088245088 0.3391370431370432 0.01953125 0.05405405405405406
0 0.09457251082251077 0.3529610569610571 0.01953125 0.05405405405405406
0 0.09157550782550777 0.36678507078507094 0.01953125 0.05405405405405406
0 0.08658050283050278 0.40272750672750673 0.01953125 0.05405405405405406
0 0.08008699633699629 0.40825711225711236 0.01953125 0.05405405405405406
0 0.10805902430902427 0.464935568935569 0.01953125 0.05405405405405406
0 0.10855852480852478 0.5188492228492229 0.01953125 0.05405405405405406
0 0.10606102231102228 0.5064076104076104 0.01953125 0.05405405405405406
0 0.11105602730602727 0.4994956034956037 0.01953125 0.05405405405405406
0 0.11854853479853475 0.5133196173196175 0.01953125 0.05405405405405406
0 0.11505203130203125 0.5312908352908352 0.01953125 0.05405405405405406
0 0.12404304029304025 0.532673236673237 0.01953125 0.05405405405405406
0 0.12753954378954377 0.5036428076428076 0.01953125 0.05405405405405406
0 0.13453255078255075 0.5409676449676452 0.01953125 0.05405405405405406
0 0.13153554778554774 0.5630860670860673 0.01953125 0.05405405405405406
0 0.14102605727605727 0.5741452781452784 0.01953125 0.05405405405405406
0 0.14652056277056272 0.6017933057933059 0.01953125 0.05405405405405406
0 0.12903804528804524 0.6391181431181435 0.01953125 0.05405405405405406
0 0.13653055278055273 0.6252941292941293 0.01953125 0.05405405405405406
0 0.13653055278055273 0.6405005445005446 0.01953125 0.05405405405405406
0 0.14102605727605727 0.6626189666189666 0.01953125 0.05405405405405406
0 0.14152555777555773 0.6515597555597559 0.01953125 0.05405405405405406
0 0.15201506826506822 0.6377357417357418 0.01953125 0.05405405405405406
0 0.15401307026307023 0.6640013680013683 0.01953125 0.05405405405405406
0 0.14502206127206124 0.6971790011790016 0.01953125 0.05405405405405406
0 0.15601107226107222 0.6957965997965999 0.01953125 0.05405405405405406
0 0.1605065767565767 0.7303566343566344 0.01953125 0.05405405405405406
0 0.16200507825507823 0.7676814716814719 0.01953125 0.05405405405405406
0 0.15051656676656672 0.7427982467982469 0.01953125 0.05405405405405406
0 0.14052655677655676 0.7275918315918319 0.01953125 0.05405405405405406
0 0.13902805527805523 0.7165326205326207 0.01953125 0.05405405405405406
0 0.14152555777555773 0.8119183159183161 0.01953125 0.05405405405405406
0 0.13253454878454876 0.8063887103887105 0.01953125 0.05405405405405406
0 0.13103604728604723 0.8810383850383853 0.01953125 0.05405405405405406
0 0.14302405927405926 0.8672143712143715 0.01953125 0.05405405405405406
0 0.15051656676656672 0.8423311463311464 0.01953125 0.05405405405405406
0 0.15651057276057273 0.8091535131535132 0.01953125 0.05405405405405406
0 0.1739930902430902 0.8146831186831187 0.01953125 0.05405405405405406
0 0.1759910922410922 0.8354191394191397 0.01953125 0.05405405405405406
0 0.1605065767565767 0.8437135477135481 0.01953125 0.05405405405405406
0 0.1684985847485847 0.8768911808911811 0.01953125 0.05405405405405406
0 0.1660010822510822 0.8990096030096033 0.01953125 0.05405405405405406
0 0.16650058275058272 0.9460112500112501 0.01953125 0.05405405405405406
0 0.18098609723609724 0.962600066600067 0.01953125 0.05405405405405406
0 0.1929741092241092 0.9778064818064823 0.01953125 0.05405405405405406
0 0.20845862470862467 0.9584528624528625 0.01953125 0.05405405405405406
0 0.19746961371961366 0.9418640458640462 0.01953125 0.05405405405405406
0 0.1899771062271062 0.9142160182160186 0.01953125 0.05405405405405406
0 0.19846861471861468 0.869979173979174 0.01953125 0.05405405405405406
0 0.18548160173160172 0.8575375615375617 0.01953125 0.05405405405405406
0 0.20246461871461868 0.847860751860752 0.01953125 0.05405405405405406
0 0.19846861471861468 0.8215951255951258 0.01953125 0.05405405405405406
0 0.19996711621711616 0.7745934785934787 0.01953125 0.05405405405405406
0 0.1794875957375957 0.7662990702990703 0.01953125 0.05405405405405406
0 0.1684985847485847 0.7275918315918319 0.01953125 0.05405405405405406
0 0.1769900932400932 0.6999438039438041 0.01953125 0.05405405405405406
0 0.1704965867465867 0.6778253818253818 0.01953125 0.05405405405405406
0 0.1789880952380952 0.6626189666189666 0.01953125 0.05405405405405406
0 0.1904766067266067 0.6999438039438041 0.01953125 0.05405405405405406
0 0.18048659673659673 0.731739035739036 0.01953125 0.05405405405405406
0 0.20246461871461868 0.7206798246798247 0.01953125 0.05405405405405406
0 0.2149521312021312 0.7773582813582816 0.01953125 0.05405405405405406
0 0.22993714618714617 0.8215951255951258 0.01953125 0.05405405405405406
0 0.24042665667665666 0.7787406827406829 0.01953125 0.05405405405405406
0 0.23992715617715615 0.6183821223821226 0.01953125 0.05405405405405406
0 0.22793914418914418 0.5741452781452784 0.01953125 0.05405405405405406
0 0.2124546287046287 0.6736781776781778 0.01953125 0.05405405405405406
0 0.21395313020313017 0.6474125514125514 0.01953125 0.05405405405405406
0 0.20646062271062268 0.6543245583245584 0.01953125 0.05405405405405406
0 0.1909761072261072 0.6626189666189666 0.01953125 0.05405405405405406
0 0.18847860472860473 0.6377357417357418 0.01953125 0.05405405405405406
0 0.1839831002331002 0.6073229113229114 0.01953125 0.05405405405405406
0 0.16999708624708623 0.6280589320589322 0.01953125 0.05405405405405406
0 0.1625045787545787 0.6294413334413336 0.01953125 0.05405405405405406
0 0.1630040792540792 0.6004109044109045 0.01953125 0.05405405405405406
0 0.15451257076257072 0.5630860670860673 0.01953125 0.05405405405405406
0 0.1575095737595737 0.5382028422028423 0.01953125 0.05405405405405406
0 0.15950757575757574 0.5147020187020189 0.01953125 0.05405405405405406
0 0.13952755577755574 0.49396599796599805 0.01953125 0.05405405405405406
0 0.11455253080253074 0.4455819495819496 0.01953125 0.05405405405405406
0 0.13253454878454876 0.4096395136395138 0.01953125 0.05405405405405406
0 0.13852855477855472 0.4110219150219152 0.01953125 0.05405405405405406
0 0.14901806526806524 0.40687471087471094 0.01953125 0.05405405405405406
0 0.15401307026307023 0.40687471087471094 0.01953125 0.05405405405405406
0 0.1550120712620712 0.44972915372915384 0.01953125 0.05405405405405406
0 0.15651057276057273 0.47184757584757603 0.01953125 0.05405405405405406
0 0.16450258075258073 0.44005234405234417 0.01953125 0.05405405405405406
0 0.16700008325008323 0.39028589428589433 0.01953125 0.05405405405405406
0 0.1605065767565767 0.4234635274635276 0.01953125 0.05405405405405406
0 0.17798909423909423 0.4414347454347456 0.01953125 0.05405405405405406
0 0.17848859473859469 0.4594059634059636 0.01953125 0.05405405405405406
0 0.14202505827505824 0.3833738873738874 0.01953125 0.05405405405405406
0 0.14751956376956374 0.39028589428589433 0.01953125 0.05405405405405406
0 0.15251456876456873 0.36678507078507094 0.01953125 0.05405405405405406
0 0.14502206127206124 0.37369707769707766 0.01953125 0.05405405405405406
0 0.13253454878454876 0.370932274932275 0.01953125 0.05405405405405406
0 0.13553155178155177 0.3446666486666487 0.01953125 0.05405405405405406
0 0.12704004329004326 0.34190184590184597 0.01953125 0.05405405405405406
0 0.12054653679653674 0.35849066249066247 0.01953125 0.05405405405405406
0 0.11255452880452875 0.34604905004905007 0.01953125 0.05405405405405406
0 0.10506202131202126 0.3654026694026695 0.01953125 0.05405405405405406
0 0.12204503829503827 0.39581549981549996 0.01953125 0.05405405405405406
0 0.10656052281052274 0.3875210915210915 0.01953125 0.05405405405405406
0 0.11605103230103225 0.31840102240102247 0.01953125 0.05405405405405406
0 0.11854853479853475 0.299047403047403 0.01953125 0.05405405405405406
0 0.10706002331002325 0.2866057906057906 0.01953125 0.05405405405405406
0 0.08957750582750577 0.299047403047403 0.01953125 0.05405405405405406
0 0.13403305028305024 0.31701862101862105 0.01953125 0.05405405405405406
0 0.14502206127206124 0.32531302931302936 0.01953125 0.05405405405405406
0 0.15850857475857472 0.3515786555786557 0.01953125 0.05405405405405406
0 0.15850857475857472 0.33360743760743766 0.01953125 0.05405405405405406
0 0.16450258075258073 0.32531302931302936 0.01953125 0.05405405405405406
0 0.1660010822510822 0.3515786555786557 0.01953125 0.05405405405405406
0 0.1739930902430902 0.34743145143145143 0.01953125 0.05405405405405406
0 0.17748959373959372 0.36678507078507094 0.01953125 0.05405405405405406
0 0.18348359973359973 0.3778442818442819 0.01953125 0.05405405405405406
0 0.1819850982350982 0.3930506970506972 0.01953125 0.05405405405405406
0 0.1919751082251082 0.39166829566829575 0.01953125 0.05405405405405406
0 0.1969701132201132 0.37369707769707766 0.01953125 0.05405405405405406
0 0.18648060273060268 0.34743145143145143 0.01953125 0.05405405405405406
0 0.1844826007326007 0.33360743760743766 0.01953125 0.05405405405405406
0 0.17549159174159173 0.31148901548901553 0.01953125 0.05405405405405406
0 0.2678991841491841 0.6888845928845931 0.01953125 0.05405405405405406
0 0.2504166666666666 0.7179150219150221 0.01953125 0.05405405405405406
0 0.2614056776556776 0.6557069597069598 0.01953125 0.05405405405405406
0 0.26889818514818514 0.6612365652365655 0.01953125 0.05405405405405406
0 0.2664006826506826 0.6114701154701155 0.01953125 0.05405405405405406
0 0.2539131701631702 0.5782924822924825 0.01953125 0.05405405405405406
0 0.26839868464868466 0.5617036657036657 0.01953125 0.05405405405405406
0 0.2773896936396936 0.5921164961164962 0.01953125 0.05405405405405406
0 0.2773896936396936 0.6225293265293266 0.01953125 0.05405405405405406
0 0.2823846986346986 0.6557069597069598 0.01953125 0.05405405405405406
0 0.28837870462870463 0.6902669942669946 0.01953125 0.05405405405405406
0 0.2943727106227107 0.6902669942669946 0.01953125 0.05405405405405406
0 0.2943727106227107 0.6612365652365655 0.01953125 0.05405405405405406
0 0.2973697136197137 0.6363533403533407 0.01953125 0.05405405405405406
0 0.30686022311022315 0.5879692919692922 0.01953125 0.05405405405405406
0 0.30835872460872465 0.6252941292941293 0.01953125 0.05405405405405406
0 0.30735972360972363 0.7013262053262055 0.01953125 0.05405405405405406
0 0.3148522311022311 0.7192974232974235 0.01953125 0.05405405405405406
0 0.3158512321012321 0.7427982467982469 0.01953125 0.05405405405405406
0 0.32384324009324006 0.7607694647694649 0.01953125 0.05405405405405406
0 0.3323347485847486 0.7580046620046621 0.01953125 0.05405405405405406
0 0.30835872460872465 0.7939470979470982 0.01953125 0.05405405405405406
0 0.2993677156177157 0.7911822951822954 0.01953125 0.05405405405405406
0 0.2853817016317016 0.7842702882702884 0.01953125 0.05405405405405406
0 0.2888782051282051 0.8243599283599283 0.01953125 0.05405405405405406
0 0.2758911921411921 0.8174479214479216 0.01953125 0.05405405405405406
0 0.27139568764568767 0.894862398862399 0.01953125 0.05405405405405406
0 0.25291416916416914 0.8976272016272017 0.01953125 0.05405405405405406
0 0.24142565767565768 0.8768911808911811 0.01953125 0.05405405405405406
0 0.24342365967365967 0.8174479214479216 0.01953125 0.05405405405405406
0 0.25191516816516824 0.9321872361872365 0.01953125 0.05405405405405406
0 0.24692016317016316 0.9584528624528625 0.01953125 0.05405405405405406
0 0.2504166666666666 0.9833360873360877 0.01953125 0.05405405405405406
0 0.26540168165168165 0.984718488718489 0.01953125 0.05405405405405406
0 0.2773896936396936 0.9653648693648695 0.01953125 0.05405405405405406
0 0.2669001831501831 0.9377168417168419 0.01953125 0.05405405405405406
0 0.28138569763569765 0.9183632223632225 0.01953125 0.05405405405405406
0 0.2988682151182151 0.9363344403344406 0.01953125 0.05405405405405406
0 0.3113557276057276 0.9321872361872365 0.01953125 0.05405405405405406
0 0.3123547286047286 0.8755087795087796 0.01953125 0.05405405405405406
0 0.30835872460872465 0.829889533889534 0.01953125 0.05405405405405406
0 0.28338369963369964 0.8838031878031881 0.01953125 0.05405405405405406
0 0.28837870462870463 0.9418640458640462 0.01953125 0.05405405405405406
0 0.30785922410922406 0.9778064818064823 0.01953125 0.05405405405405406
0 0.3383287545787546 0.9653648693648695 0.01953125 0.05405405405405406
0 0.3258412420912421 0.9598352638352642 0.01953125 0.05405405405405406
0 0.3433237595737596 0.9335696375696377 0.01953125 0.05405405405405406
0 0.3283387445887446 0.9183632223632225 0.01953125 0.05405405405405406
0 0.3373297535797536 0.8685967725967729 0.01953125 0.05405405405405406
0 0.3223447385947386 0.8561551601551605 0.01953125 0.05405405405405406
0 0.33533175158175155 0.7939470979470982 0.01953125 0.05405405405405406
0 0.36180527805527807 0.7690638730638731 0.01953125 0.05405405405405406
0 0.3318352480852481 0.7358862398862398 0.01953125 0.05405405405405406
0 0.3243427405927406 0.7179150219150221 0.01953125 0.05405405405405406
0 0.32034673659673657 0.6971790011790016 0.01953125 0.05405405405405406
0 0.3088582251082251 0.6570893610893612 0.01953125 0.05405405405405406
0 0.31035672660672664 0.6833549873549875 0.01953125 0.05405405405405406
0 0.32034673659673657 0.6432653472653475 0.01953125 0.05405405405405406
0 0.3223447385947386 0.6156173196173198 0.01953125 0.05405405405405406
0 0.33033674658674655 0.6335885375885378 0.01953125 0.05405405405405406
0 0.3323347485847486 0.6557069597069598 0.01953125 0.05405405405405406
0 0.32933774558774553 0.6778253818253818 0.01953125 0.05405405405405406
0 0.3318352480852481 0.6183821223821226 0.01953125 0.05405405405405406
0 0.34032675657675654 0.630823734823735 0.01953125 0.05405405405405406
0 0.3373297535797536 0.5990285030285032 0.01953125 0.05405405405405406
0 0.3243427405927406 0.5810572850572852 0.01953125 0.05405405405405406
0 0.2559111721611722 0.5229964269964271 0.01953125 0.05405405405405406
0 0.21445263070263068 0.5299084339084341 0.01953125 0.05405405405405406
0 0.20096611721611718 0.4898187938187941 0.01953125 0.05405405405405406
0 0.20646062271062268 0.4677003717003718 0.01953125 0.05405405405405406
0 0.21395313020313017 0.49396599796599805 0.01953125 0.05405405405405406
0 0.2309361471861472 0.47599477999477996 0.01953125 0.05405405405405406
0 0.2364306526806527 0.48567158967158985 0.01953125 0.05405405405405406
0 0.2204466366966367 0.47322997722997723 0.01953125 0.05405405405405406
0 0.2154516317016317 0.417933921933922 0.01953125 0.05405405405405406
0 0.20546162171162166 0.44005234405234417 0.01953125 0.05405405405405406
0 0.1939731102231102 0.44972915372915384 0.01953125 0.05405405405405406
0 0.1794875957375957 0.49673080073080084 0.01953125 0.05405405405405406
0 0.16949758574758572 0.5271436311436313 0.01953125 0.05405405405405406
0 0.16949758574758572 0.5064076104076104 0.01953125 0.05405405405405406
0 0.18098609723609724 0.5699980739980741 0.01953125 0.05405405405405406
0 0.25441267066267065 0.45664116064116084 0.01953125 0.05405405405405406
0 0.2599071761571761 0.48428918828918843 0.01953125 0.05405405405405406
0 0.2559111721611722 0.42484592884592903 0.01953125 0.05405405405405406
0 0.24242465867465865 0.4289931329931331 0.01953125 0.05405405405405406
0 0.23293414918414918 0.4234635274635276 0.01953125 0.05405405405405406
0 0.2364306526806527 0.39858030258030264 0.01953125 0.05405405405405406
0 0.2364306526806527 0.3847562887562888 0.01953125 0.05405405405405406
0 0.24292415917415916 0.3875210915210915 0.01953125 0.05405405405405406
0 0.24941766566766566 0.37369707769707766 0.01953125 0.05405405405405406
0 0.2534136696636696 0.3875210915210915 0.01953125 0.05405405405405406
0 0.2204466366966367 0.3723146763146763 0.01953125 0.05405405405405406
0 0.21595113220113216 0.34604905004905007 0.01953125 0.05405405405405406
0 0.2074596237096237 0.3557258597258598 0.01953125 0.05405405405405406
0 0.19996711621711616 0.3391370431370432 0.01953125 0.05405405405405406
0 0.2124546287046287 0.3004298044298044 0.01953125 0.05405405405405406
0 0.1894776057276057 0.31840102240102247 0.01953125 0.05405405405405406
0 0.1979691142191142 0.29213539613539624 0.01953125 0.05405405405405406
0 0.1819850982350982 0.29628260028260034 0.01953125 0.05405405405405406
0 0.1655015817515817 0.287988191988192 0.01953125 0.05405405405405406
0 0.15701007326007324 0.30595940995941007 0.01953125 0.05405405405405406
0 0.1655015817515817 0.2672521712521713 0.01953125 0.05405405405405406
0 0.1555115717615717 0.2603401643401644 0.01953125 0.05405405405405406
0 0.14552156177156175 0.25066335466335465 0.01953125 0.05405405405405406
0 0.04662046287046281 0.2729228969228967 0.01953125 0.05405405405405406
0 0.03363344988344982 0.24251006651006618 0.01953125 0.05405405405405406
0 0.053613469863469806 0.24665727065727042 0.01953125 0.05405405405405406
0 0.061105977355977295 0.27154049554049525 0.01953125 0.05405405405405406
0 0.0626044788544788 0.28398210798210777 0.01953125 0.05405405405405406
0 0.07109598734598731 0.26601089001088973 0.01953125 0.05405405405405406
0 0.06809898434898429 0.24803967203967184 0.01953125 0.05405405405405406
0 0.07858849483849478 0.24251006651006618 0.01953125 0.05405405405405406
0 0.08508200133200128 0.26186368586368564 0.01953125 0.05405405405405406
0 0.07609099234099229 0.2950413190413189 0.01953125 0.05405405405405406
0 0.07659049284049278 0.33651336051336034 0.01953125 0.05405405405405406
0 0.007659423909423827 0.2438924678924676 0.01953125 0.05405405405405406
0 0.02064643689643681 0.2038028278028276 0.01953125 0.05405405405405406
0 0.025141941391941317 0.1955084195084193 0.01953125 0.05405405405405406
0 0.027639443889443813 0.1816844056844053 0.01953125 0.05405405405405406
0 0.03563145188145181 0.17477239877239856 0.01953125 0.05405405405405406
0 0.0396274558774558 0.17615480015479998 0.01953125 0.05405405405405406
0 0.057109973359973296 0.2010380250380248 0.01953125 0.05405405405405406
0 0.0546124708624708 0.2190092430092428 0.01953125 0.05405405405405406
0 0.04861846486846479 0.20242042642042618 0.01953125 0.05405405405405406
0 0.0461209623709623 0.2231564471564469 0.01953125 0.05405405405405406
0 0.060106976356976295 0.18859641259641238 0.01953125 0.05405405405405406
0 0.053113969363969296 0.17891960291960265 0.01953125 0.05405405405405406
0 0.07159548784548778 0.20656763056763028 0.01953125 0.05405405405405406
0 0.06959748584748579 0.17891960291960265 0.01953125 0.05405405405405406
0 0.07758949383949379 0.2010380250380248 0.01953125 0.05405405405405406
0 0.08608100233100227 0.21486203886203858 0.01953125 0.05405405405405406
0 0.08708000333000329 0.1955084195084193 0.01953125 0.05405405405405406
0 0.004162920412920338 0.17615480015479998 0.01953125 0.05405405405405406
0 0.00566142191142184 0.16233078633078615 0.01953125 0.05405405405405406
0 0.01115592740592734 0.15680118080118052 0.01953125 0.05405405405405406
0 0.00915792540792533 0.1291531531531529 0.01953125 0.05405405405405406
0 0.006160922410922325 0.14574196974196954 0.01953125 0.05405405405405406
0 0.00366341991341983 0.13468275868275842 0.01953125 0.05405405405405406
0 0.0026644189144188367 0.1208587448587446 0.01953125 0.05405405405405406
0 0.01665043290043281 0.11947634347634317 0.01953125 0.05405405405405406
0 0.014152930402930319 0.11118193518193488 0.01953125 0.05405405405405406
0 0.02464244089244081 0.10150512550512528 0.01953125 0.05405405405405406
0 0.02664044289044282 0.11532913932913909 0.01953125 0.05405405405405406
0 0.02264443889443882 0.1402123642123639 0.01953125 0.05405405405405406
0 0.023643439893439817 0.15127157527157503 0.01953125 0.05405405405405406
0 0.02264443889443882 0.16094838494838473 0.01953125 0.05405405405405406
0 0.03613095238095232 0.12500594900594866 0.01953125 0.05405405405405406
0 0.034632450882450816 0.10150512550512528 0.01953125 0.05405405405405406
0 0.0461209623709623 0.06832749232749202 0.01953125 0.05405405405405406
0 0.0546124708624708 0.09182831582831556 0.01953125 0.05405405405405406
0 0.04312395937395932 0.14574196974196954 0.01953125 0.05405405405405406
0 0.04861846486846479 0.13468275868275842 0.01953125 0.05405405405405406
0 0.0421249583749583 0.1277707517707515 0.01953125 0.05405405405405406
0 0.052614468864468786 0.1498891738891736 0.01953125 0.05405405405405406
0 0.053113969363969296 0.16233078633078615 0.01953125 0.05405405405405406
0 0.0670999833499833 0.15956598356598334 0.01953125 0.05405405405405406
0 0.060106976356976295 0.17477239877239856 0.01953125 0.05405405405405406
0 0.0616054778554778 0.1498891738891736 0.01953125 0.05405405405405406
0 0.06859848484848478 0.1305355545355543 0.01953125 0.05405405405405406
0 0.08058649683649677 0.1305355545355543 0.01953125 0.05405405405405406
0 0.08658050283050278 0.11256433656433627 0.01953125 0.05405405405405406
0 0.08658050283050278 0.09597551997551965 0.01953125 0.05405405405405406
0 0.08058649683649677 0.09182831582831556 0.01953125 0.05405405405405406
0 0.09557151182151179 0.10150512550512528 0.01953125 0.05405405405405406
0 0.09856851481851474 0.08215150615150583 0.01953125 0.05405405405405406
0 0.09557151182151179 0.1208587448587446 0.01953125 0.05405405405405406
0 0.09806901431901428 0.133300357300357 0.01953125 0.05405405405405406
0 0.09007700632700628 0.13468275868275842 0.01953125 0.05405405405405406
0 0.08807900432900428 0.1678603918603915 0.01953125 0.05405405405405406
0 0.07908799533799529 0.1678603918603915 0.01953125 0.05405405405405406
0 0.07359348984348978 0.14435956835956812 0.01953125 0.05405405405405406
0 0.09657051282051275 0.16233078633078615 0.01953125 0.05405405405405406
0 0.10206501831501825 0.1678603918603915 0.01953125 0.05405405405405406
0 0.10855852480852478 0.1678603918603915 0.01953125 0.05405405405405406
0 0.11655053280053276 0.1664779904779901 0.01953125 0.05405405405405406
0 0.12304403929403923 0.1554187794187791 0.01953125 0.05405405405405406
0 0.11655053280053276 0.13606516006515978 0.01953125 0.05405405405405406
0 0.11255452880452875 0.15127157527157503 0.01953125 0.05405405405405406
0 0.10706002331002325 0.1498891738891736 0.01953125 0.05405405405405406
0 0.10306401931401928 0.1429771669771667 0.01953125 0.05405405405405406
0 0.10456252081252075 0.1305355545355543 0.01953125 0.05405405405405406
0 0.11055652680652676 0.1208587448587446 0.01953125 0.05405405405405406
0 0.11255452880452875 0.1291531531531529 0.01953125 0.05405405405405406
0 0.12154553779553776 0.12500594900594866 0.01953125 0.05405405405405406
0 0.11854853479853475 0.10979953379953346 0.01953125 0.05405405405405406
0 0.11005702630702625 0.10426992826992797 0.01953125 0.05405405405405406
0 0.11355352980352976 0.09735792135792105 0.01953125 0.05405405405405406
0 0.12004703629703624 0.09597551997551965 0.01953125 0.05405405405405406
0 0.12903804528804524 0.1291531531531529 0.01953125 0.05405405405405406
0 0.12853854478854473 0.1415947655947653 0.01953125 0.05405405405405406
0 0.13003704628704627 0.15818358218358194 0.01953125 0.05405405405405406
0 0.13303404928404927 0.16509558909558886 0.01953125 0.05405405405405406
0 0.12354353979353974 0.17891960291960265 0.01953125 0.05405405405405406
0 0.13053654678654672 0.17753720153720123 0.01953125 0.05405405405405406
0 0.11355352980352976 0.18721401121401096 0.01953125 0.05405405405405406
0 0.09756951381951377 0.18997881397881378 0.01953125 0.05405405405405406
0 0.11205502830502824 0.2038028278028276 0.01953125 0.05405405405405406
0 0.28837870462870463 0.5328143568143568 0.01953125 0.05405405405405406
0 0.2993677156177157 0.5217551457551455 0.01953125 0.05405405405405406
0 0.3038632201132201 0.5590799830799827 0.01953125 0.05405405405405406
0 0.31884823509823507 0.5438735678735678 0.01953125 0.05405405405405406
0 0.3223447385947386 0.5065487305487303 0.01953125 0.05405405405405406
0 0.30835872460872465 0.49134231534231504 0.01953125 0.05405405405405406
0 0.3023647186147186 0.47198869598869586 0.01953125 0.05405405405405406
0 0.29637071262071263 0.4982543222543221 0.01953125 0.05405405405405406
0 0.2858812021312021 0.49272471672471646 0.01953125 0.05405405405405406
0 0.2773896936396936 0.5217551457551455 0.01953125 0.05405405405405406
0 0.2788881951381951 0.5507855747855748 0.01953125 0.05405405405405406
0 0.2858812021312021 0.4429582669582666 0.01953125 0.05405405405405406
0 0.26490218115218117 0.44710547110547105 0.01953125 0.05405405405405406
0 0.2678991841491841 0.41945744345744324 0.01953125 0.05405405405405406
0 0.27389319014319014 0.4346638586638584 0.01953125 0.05405405405405406
0 0.27938769563769567 0.41945744345744324 0.01953125 0.05405405405405406
0 0.2988682151182151 0.4429582669582666 0.01953125 0.05405405405405406
0 0.3123547286047286 0.4429582669582666 0.01953125 0.05405405405405406
0 0.31185522810522814 0.42775185175185154 0.01953125 0.05405405405405406
0 0.3088582251082251 0.41116303516303504 0.01953125 0.05405405405405406
0 0.3163507326007326 0.3835150075150073 0.01953125 0.05405405405405406
0 0.3208462370962371 0.3876622116622115 0.01953125 0.05405405405405406
0 0.3223447385947386 0.41669264069264056 0.01953125 0.05405405405405406
0 0.32184523809523813 0.44434066834066827 0.01953125 0.05405405405405406
0 0.3373297535797536 0.4540174780174778 0.01953125 0.05405405405405406
0 0.3343327505827505 0.4816655056655055 0.01953125 0.05405405405405406
0 0.3288382450882452 0.4954895194895193 0.01953125 0.05405405405405406
0 0.34032675657675654 0.4941071181071179 0.01953125 0.05405405405405406
0 0.3343327505827505 0.512078336078336 0.01953125 0.05405405405405406
0 0.34282425907425906 0.5203727443727444 0.01953125 0.05405405405405406
0 0.3423247585747586 0.5494031734031731 0.01953125 0.05405405405405406
0 0.3333337495837496 0.5383439623439622 0.01953125 0.05405405405405406
0 0.3283387445887446 0.5286671526671526 0.01953125 0.05405405405405406
0 0.32983724608724607 0.5576975816975817 0.01953125 0.05405405405405406
0 0.3458212620712621 0.581198405198405 0.01953125 0.05405405405405406
0 0.3538132700632701 0.5328143568143568 0.01953125 0.05405405405405406
0 0.3628042790542791 0.530049554049554 0.01953125 0.05405405405405406
0 0.36729978354978354 0.5590799830799827 0.01953125 0.05405405405405406
0 0.3643027805527806 0.5977872217872215 0.01953125 0.05405405405405406
0 0.3608062770562771 0.6074640314640313 0.01953125 0.05405405405405406
0 0.3493177655677656 0.6060816300816301 0.01953125 0.05405405405405406
0 0.3503167665667665 0.5936400176400176 0.01953125 0.05405405405405406
0 0.3583087745587746 0.5936400176400176 0.01953125 0.05405405405405406
0 0.3553117715617716 0.5784336024336024 0.01953125 0.05405405405405406
0 0.37229478854478854 0.5203727443727444 0.01953125 0.05405405405405406
0 0.37629079254079256 0.5424911664911664 0.01953125 0.05405405405405406
0 0.3837833000333 0.5383439623439622 0.01953125 0.05405405405405406
0 0.3862808025308026 0.5024015264015264 0.01953125 0.05405405405405406
0 0.38028679653679665 0.5162255402255399 0.01953125 0.05405405405405406
0 0.3742927905427906 0.47751830151830155 0.01953125 0.05405405405405406
0 0.36729978354978354 0.46645909045909023 0.01953125 0.05405405405405406
0 0.36230477855477855 0.48028310428310406 0.01953125 0.05405405405405406
0 0.36180527805527807 0.4830479070479069 0.01953125 0.05405405405405406
0 0.35231476856476857 0.47890070290070264 0.01953125 0.05405405405405406
0 0.351815268065268 0.4982543222543221 0.01953125 0.05405405405405406
0 0.34981726606726615 0.46092948492948466 0.01953125 0.05405405405405406
0 0.3593077755577756 0.45539987939987925 0.01953125 0.05405405405405406
0 0.351815268065268 0.4332814572814571 0.01953125 0.05405405405405406
0 0.3378292540792542 0.35724938124938105 0.01953125 0.05405405405405406
0 0.3443227605727606 0.339278163278163 0.01953125 0.05405405405405406
0 0.35231476856476857 0.3544845784845782 0.01953125 0.05405405405405406
0 0.35631077256077254 0.33651336051336034 0.01953125 0.05405405405405406
0 0.3653017815517816 0.3531021771021768 0.01953125 0.05405405405405406
0 0.37379329004329004 0.36139658539658515 0.01953125 0.05405405405405406
0 0.37529179154179165 0.339278163278163 0.01953125 0.05405405405405406
0 0.3677992840492841 0.29918852318852296 0.01953125 0.05405405405405406
0 0.12304403929403923 0.2190092430092428 0.01953125 0.05405405405405406
0 0.12354353979353974 0.2010380250380248 0.01953125 0.05405405405405406
0 0.13003704628704627 0.19827322227322194 0.01953125 0.05405405405405406
0 0.13053654678654672 0.2217740457740455 0.01953125 0.05405405405405406
0 0.12104603729603725 0.24665727065727042 0.01953125 0.05405405405405406
0 0.11055652680652676 0.23006845406845378 0.01953125 0.05405405405405406
0 0.11255452880452875 0.2646284886284883 0.01953125 0.05405405405405406
0 0.12554154179154173 0.2770701010701008 0.01953125 0.05405405405405406
0 0.11804903429903424 0.27568769968769946 0.01953125 0.05405405405405406
0 0.14052655677655676 0.22453884853884828 0.01953125 0.05405405405405406
0 0.13802905427905426 0.2010380250380248 0.01953125 0.05405405405405406
0 0.13952755577755574 0.17615480015479998 0.01953125 0.05405405405405406
0 0.14502206127206124 0.17891960291960265 0.01953125 0.05405405405405406
0 0.14202505827505824 0.1554187794187791 0.01953125 0.05405405405405406
0 0.13952755577755574 0.14574196974196954 0.01953125 0.05405405405405406
0 0.13952755577755574 0.12362354762354728 0.01953125 0.05405405405405406
0 0.13653055278055273 0.11532913932913909 0.01953125 0.05405405405405406
0 0.13053654678654672 0.11532913932913909 0.01953125 0.05405405405405406
0 0.12803904428904422 0.09597551997551965 0.01953125 0.05405405405405406
0 0.13503205128205126 0.06279788679788653 0.01953125 0.05405405405405406
0 0.15201506826506822 0.09597551997551965 0.01953125 0.05405405405405406
0 0.15051656676656672 0.12224114624114586 0.01953125 0.05405405405405406
0 0.14702006327006323 0.13744756144756107 0.01953125 0.05405405405405406
0 0.15351356976356972 0.133300357300357 0.01953125 0.05405405405405406
0 0.1550120712620712 0.1402123642123639 0.01953125 0.05405405405405406
0 0.15051656676656672 0.16233078633078615 0.01953125 0.05405405405405406
0 0.1605065767565767 0.14574196974196954 0.01953125 0.05405405405405406
0 0.1759910922410922 0.1291531531531529 0.01953125 0.05405405405405406
0 0.17449259074259071 0.11671154071154048 0.01953125 0.05405405405405406
0 0.1625045787545787 0.11671154071154048 0.01953125 0.05405405405405406
0 0.15701007326007324 0.10841713241713205 0.01953125 0.05405405405405406
0 0.17499209124209122 0.09597551997551965 0.01953125 0.05405405405405406
0 0.18847860472860473 0.12362354762354728 0.01953125 0.05405405405405406
0 0.1824845987345987 0.1291531531531529 0.01953125 0.05405405405405406
0 0.1819850982350982 0.11256433656433627 0.01953125 0.05405405405405406
0 0.1844826007326007 0.1554187794187791 0.01953125 0.05405405405405406
0 0.1904766067266067 0.15127157527157503 0.01953125 0.05405405405405406
0 0.18298409923409922 0.1402123642123639 0.01953125 0.05405405405405406
0 0.1819850982350982 0.16509558909558886 0.01953125 0.05405405405405406
0 0.17798909423909423 0.17338999738999714 0.01953125 0.05405405405405406
0 0.17249458874458873 0.18444920844920815 0.01953125 0.05405405405405406
0 0.17249458874458873 0.14850677250677222 0.01953125 0.05405405405405406
0 0.16949758574758572 0.1955084195084193 0.01953125 0.05405405405405406
0 0.18648060273060268 0.19274361674361645 0.01953125 0.05405405405405406
0 0.1889781052281052 0.2010380250380248 0.01953125 0.05405405405405406
0 0.1814855977355977 0.2093324333324332 0.01953125 0.05405405405405406
0 0.1899771062271062 0.2190092430092428 0.01953125 0.05405405405405406
0 0.17499209124209122 0.234215658215658 0.01953125 0.05405405405405406
0 0.18548160173160172 0.23974526374526353 0.01953125 0.05405405405405406
0 0.1909761072261072 0.2438924678924676 0.01953125 0.05405405405405406
0 0.1929741092241092 0.25356927756927733 0.01953125 0.05405405405405406
0 0.1909761072261072 0.26324608724608706 0.01953125 0.05405405405405406
0 0.1874796037296037 0.27845250245250225 0.01953125 0.05405405405405406
0 0.19447261072261068 0.27568769968769946 0.01953125 0.05405405405405406
0 0.2014656177156177 0.25909888309888285 0.01953125 0.05405405405405406
0 0.21145562770562767 0.26186368586368564 0.01953125 0.05405405405405406
0 0.20646062271062268 0.2701580941580941 0.01953125 0.05405405405405406
0 0.2284386446886447 0.2494220734220731 0.01953125 0.05405405405405406
0 0.23543165168165167 0.2369804609804607 0.01953125 0.05405405405405406
0 0.22244463869463868 0.1816844056844053 0.01953125 0.05405405405405406
0 0.22144563769563766 0.16924279324279293 0.01953125 0.05405405405405406
0 0.2204466366966367 0.16094838494838473 0.01953125 0.05405405405405406
0 0.21095612720612716 0.16233078633078615 0.01953125 0.05405405405405406
0 0.2074596237096237 0.1554187794187791 0.01953125 0.05405405405405406
0 0.20396312021312019 0.1554187794187791 0.01953125 0.05405405405405406
0 0.20646062271062268 0.17477239877239856 0.01953125 0.05405405405405406
0 0.20296411921411917 0.17200759600759574 0.01953125 0.05405405405405406
0 0.19996711621711616 0.18583160983160954 0.01953125 0.05405405405405406
0 0.19746961371961366 0.1678603918603915 0.01953125 0.05405405405405406
0 0.1924746087246087 0.17062519462519435 0.01953125 0.05405405405405406
0 0.1964706127206127 0.1415947655947653 0.01953125 0.05405405405405406
0 0.1979691142191142 0.13191795591795571 0.01953125 0.05405405405405406
0 0.2044626207126207 0.13744756144756107 0.01953125 0.05405405405405406
0 0.21195512820512818 0.12638835038835008 0.01953125 0.05405405405405406
0 0.2149521312021312 0.11671154071154048 0.01953125 0.05405405405405406
0 0.22244463869463868 0.11671154071154048 0.01953125 0.05405405405405406
0 0.2309361471861472 0.13606516006515978 0.01953125 0.05405405405405406
0 0.23543165168165167 0.1540363780363777 0.01953125 0.05405405405405406
0 0.24692016317016316 0.18721401121401096 0.01953125 0.05405405405405406
0 0.24192515817515817 0.2010380250380248 0.01953125 0.05405405405405406
0 0.24692016317016316 0.234215658215658 0.01953125 0.05405405405405406
0 0.25441267066267065 0.2231564471564469 0.01953125 0.05405405405405406
0 0.2539131701631702 0.20518522918522886 0.01953125 0.05405405405405406
0 0.25740967365967365 0.16233078633078615 0.01953125 0.05405405405405406
0 0.24941766566766566 0.14574196974196954 0.01953125 0.05405405405405406
0 0.24991716616716617 0.1208587448587446 0.01953125 0.05405405405405406
0 0.1964706127206127 0.2093324333324332 0.01953125 0.05405405405405406
0 0.21645063270063267 0.19274361674361645 0.01953125 0.05405405405405406
0 0.21645063270063267 0.24251006651006618 0.01953125 0.05405405405405406
0 0.21645063270063267 0.26048128448128427 0.01953125 0.05405405405405406
0 0.21695013320013318 0.281217305217305 0.01953125 0.05405405405405406
0 0.2364306526806527 0.28398210798210777 0.01953125 0.05405405405405406
0 0.23792915417915417 0.3005709245709244 0.01953125 0.05405405405405406
0 0.23842865467865468 0.3226893466893465 0.01953125 0.05405405405405406
0 0.24292415917415916 0.3171597411597409 0.01953125 0.05405405405405406
0 0.24442266067266066 0.33374855774855755 0.01953125 0.05405405405405406
0 0.26040667665667666 0.31163013563013525 0.01953125 0.05405405405405406
0 0.25641067266067263 0.34480776880776864 0.01953125 0.05405405405405406
0 0.2614056776556776 0.3475725715725713 0.01953125 0.05405405405405406
0 0.25641067266067263 0.36830859230859203 0.01953125 0.05405405405405406
0 0.26440268065268063 0.38213260613260586 0.01953125 0.05405405405405406
0 0.2693976856476856 0.3752205992205989 0.01953125 0.05405405405405406
0 0.2693976856476856 0.3558669798669796 0.01953125 0.05405405405405406
0 0.2669001831501831 0.34204296604296586 0.01953125 0.05405405405405406
0 0.26590118215118214 0.29918852318852296 0.01953125 0.05405405405405406
0 0.25241466866466866 0.2853645093645092 0.01953125 0.05405405405405406
0 0.27239468864468863 0.2729228969228967 0.01953125 0.05405405405405406
0 0.26739968364968364 0.26186368586368564 0.01953125 0.05405405405405406
0 0.2614056776556776 0.24803967203967184 0.01953125 0.05405405405405406
0 0.27039668664668665 0.2231564471564469 0.01953125 0.05405405405405406
0 0.26839868464868466 0.2369804609804607 0.01953125 0.05405405405405406
0 0.27189518814518815 0.23974526374526353 0.01953125 0.05405405405405406
0 0.2748921911421911 0.22453884853884828 0.01953125 0.05405405405405406
0 0.2798871961371961 0.28951171351171323 0.01953125 0.05405405405405406
0 0.2778891941391941 0.3296013536013533 0.01953125 0.05405405405405406
0 0.27838869463869464 0.31577733977733946 0.01953125 0.05405405405405406
0 0.28488220113220114 0.31163013563013525 0.01953125 0.05405405405405406
0 0.2868802031302031 0.2950413190413189 0.01953125 0.05405405405405406
0 0.2933737096237096 0.3088653328653326 0.01953125 0.05405405405405406
0 0.2958712121212121 0.34895497295497274 0.01953125 0.05405405405405406
0 0.2998672161172161 0.3268365508365506 0.01953125 0.05405405405405406
0 0.2918752081252081 0.33236615636615613 0.01953125 0.05405405405405406
0 0.2858812021312021 0.3475725715725713 0.01953125 0.05405405405405406
0 0.29137570762570764 0.34480776880776864 0.01953125 0.05405405405405406
0 0.2878792041292041 0.3793678033678032 0.01953125 0.05405405405405406
0 0.2823846986346986 0.36969099369099345 0.01953125 0.05405405405405406
0 0.27938769563769567 0.3835150075150073 0.01953125 0.05405405405405406
0 0.2828841991341991 0.3973390213390211 0.01953125 0.05405405405405406
0 0.30086621711621714 0.35171977571977553 0.01953125 0.05405405405405406
0 0.3143527306027306 0.339278163278163 0.01953125 0.05405405405405406
0 0.3113557276057276 0.3171597411597409 0.01953125 0.05405405405405406
0 0.30436272061272057 0.2950413190413189 0.01953125 0.05405405405405406
0 0.30436272061272057 0.310247734247734 0.01953125 0.05405405405405406
0 0.32034673659673657 0.3005709245709244 0.01953125 0.05405405405405406
0 0.32184523809523813 0.3171597411597409 0.01953125 0.05405405405405406
0 0.31535173160173163 0.30333572733572706 0.01953125 0.05405405405405406
0 0.30835872460872465 0.2687756927756924 0.01953125 0.05405405405405406
0 0.3088582251082251 0.24251006651006618 0.01953125 0.05405405405405406
0 0.29287420912420914 0.2010380250380248 0.01953125 0.05405405405405406
0 0.2903767066267066 0.21762684162684137 0.01953125 0.05405405405405406
0 0.23493215118215116 0.18444920844920815 0.01953125 0.05405405405405406
0 0.25790917415917414 0.14712437112437093 0.01953125 0.05405405405405406
0 0.2664006826506826 0.1291531531531529 0.01953125 0.05405405405405406
0 0.2743926906426906 0.14435956835956812 0.01953125 0.05405405405405406
0 0.28188519813519813 0.14712437112437093 0.01953125 0.05405405405405406
0 0.27039668664668665 0.16233078633078615 0.01953125 0.05405405405405406
0 0.27539169164169164 0.17062519462519435 0.01953125 0.05405405405405406
0 0.27089618714618713 0.18997881397881378 0.01953125 0.05405405405405406
0 0.26340367965367967 0.1678603918603915 0.01953125 0.05405405405405406
0 0.26440268065268063 0.1913612153612152 0.01953125 0.05405405405405406
0 0.28338369963369964 0.17062519462519435 0.01953125 0.05405405405405406
0 0.2888782051282051 0.17615480015479998 0.01953125 0.05405405405405406
0 0.29137570762570764 0.1498891738891736 0.01953125 0.05405405405405406
0 0.2968702131202131 0.15127157527157503 0.01953125 0.05405405405405406
0 0.2973697136197137 0.1415947655947653 0.01953125 0.05405405405405406
0 0.30336371961371966 0.15956598356598334 0.01953125 0.05405405405405406
0 0.30436272061272057 0.1402123642123639 0.01953125 0.05405405405405406
0 0.30835872460872465 0.17753720153720123 0.01953125 0.05405405405405406
0 0.3023647186147186 0.18997881397881378 0.01953125 0.05405405405405406
0 0.30835872460872465 0.21209723609723588 0.01953125 0.05405405405405406
0 0.3123547286047286 0.20656763056763028 0.01953125 0.05405405405405406
0 0.30636072261072267 0.2010380250380248 0.01953125 0.05405405405405406
0 0.30086621711621714 0.20795003195003153 0.01953125 0.05405405405405406
0 0.30586122211122213 0.2259212499212496 0.01953125 0.05405405405405406
0 0.31335372960372954 0.2217740457740455 0.01953125 0.05405405405405406
0 0.2983687146187146 0.23974526374526353 0.01953125 0.05405405405405406
0 0.2968702131202131 0.21209723609723588 0.01953125 0.05405405405405406
0 0.29637071262071263 0.18030200430200405 0.01953125 0.05405405405405406
0 0.27938769563769567 0.19274361674361645 0.01953125 0.05405405405405406
0 0.3273397435897436 0.2134796374796372 0.01953125 0.05405405405405406
0 0.31884823509823507 0.19827322227322194 0.01953125 0.05405405405405406
0 0.32783924408924414 0.18444920844920815 0.01953125 0.05405405405405406
0 0.3323347485847486 0.18444920844920815 0.01953125 0.05405405405405406
0 0.3208462370962371 0.1678603918603915 0.01953125 0.05405405405405406
0 0.3163507326007326 0.1816844056844053 0.01953125 0.05405405405405406
0 0.31185522810522814 0.16924279324279293 0.01953125 0.05405405405405406
0 0.3148522311022311 0.1664779904779901 0.01953125 0.05405405405405406
0 0.31035672660672664 0.1540363780363777 0.01953125 0.05405405405405406
0 0.31035672660672664 0.13468275868275842 0.01953125 0.05405405405405406
0 0.3148522311022311 0.14435956835956812 0.01953125 0.05405405405405406
0 0.31834873459873453 0.12224114624114586 0.01953125 0.05405405405405406
0 0.3243427405927406 0.15818358218358194 0.01953125 0.05405405405405406
0 0.32783924408924414 0.14712437112437093 0.01953125 0.05405405405405406
0 0.3333337495837496 0.15127157527157503 0.01953125 0.05405405405405406
0 0.3388282550782551 0.14435956835956812 0.01953125 0.05405405405405406
0 0.3358312520812521 0.1429771669771667 0.01953125 0.05405405405405406
0 0.3333337495837496 0.12500594900594866 0.01953125 0.05405405405405406
0 0.3288382450882452 0.1180939420939419 0.01953125 0.05405405405405406
0 0.1894776057276057 0.10150512550512528 0.01953125 0.05405405405405406
0 0.19547161172161168 0.10979953379953346 0.01953125 0.05405405405405406
0 0.1979691142191142 0.09735792135792105 0.01953125 0.05405405405405406
0 0.20246461871461868 0.09459311859311824 0.01953125 0.05405405405405406
0 0.20845862470862467 0.10150512550512528 0.01953125 0.05405405405405406
0 0.21445263070263068 0.09735792135792105 0.01953125 0.05405405405405406
0 0.2154516317016317 0.08215150615150583 0.01953125 0.05405405405405406
0 0.2069601232101232 0.08353390753390724 0.01953125 0.05405405405405406
0 0.1969701132201132 0.07800430200430161 0.01953125 0.05405405405405406
0 0.19746961371961366 0.06832749232749202 0.01953125 0.05405405405405406
0 0.2074596237096237 0.07247469647469625 0.01953125 0.05405405405405406
0 0.21844863469863465 0.06556268956268921 0.01953125 0.05405405405405406
0 0.22244463869463868 0.07800430200430161 0.01953125 0.05405405405405406
0 0.22494214119214118 0.09597551997551965 0.01953125 0.05405405405405406
0 0.22444264069264067 0.10703473103473077 0.01953125 0.05405405405405406
0 0.2504166666666666 0.09321071721071685 0.01953125 0.05405405405405406
0 0.24042665667665666 0.10979953379953346 0.01953125 0.05405405405405406
0 0.27639069264069266 0.08076910476910443 0.01953125 0.05405405405405406
0 0.2908762071262071 0.08768111168111146 0.01953125 0.05405405405405406
0 0.2958712121212121 0.11532913932913909 0.01953125 0.05405405405405406
0 0.30536172161172165 0.09182831582831556 0.01953125 0.05405405405405406
0 0.3173497335997336 0.09459311859311824 0.01953125 0.05405405405405406
0 0.32034673659673657 0.09459311859311824 0.01953125 0.05405405405405406
0 0.3268402430902431 0.09597551997551965 0.01953125 0.05405405405405406
0 0.33683025308025316 0.09321071721071685 0.01953125 0.05405405405405406
0 0.34532176157176153 0.10288752688752668 0.01953125 0.05405405405405406
0 0.3503167665667665 0.1277707517707515 0.01953125 0.05405405405405406
0 0.3493177655677656 0.12224114624114586 0.01953125 0.05405405405405406
0 0.3433237595737596 0.1180939420939419 0.01953125 0.05405405405405406
0 0.34482226107226116 0.13606516006515978 0.01953125 0.05405405405405406
0 0.3423247585747586 0.1498891738891736 0.01953125 0.05405405405405406
0 0.34881826506826513 0.15680118080118052 0.01953125 0.05405405405405406
0 0.35231476856476857 0.1498891738891736 0.01953125 0.05405405405405406
0 0.3568102730602731 0.1498891738891736 0.01953125 0.05405405405405406
0 0.3643027805527806 0.1402123642123639 0.01953125 0.05405405405405406
0 0.36230477855477855 0.1291531531531529 0.01953125 0.05405405405405406
0 0.3593077755577756 0.09735792135792105 0.01953125 0.05405405405405406
0 0.372794289044289 0.09874032274032248 0.01953125 0.05405405405405406
0 0.3742927905427906 0.12362354762354728 0.01953125 0.05405405405405406
0 0.37229478854478854 0.14435956835956812 0.01953125 0.05405405405405406
0 0.3702967865467866 0.1291531531531529 0.01953125 0.05405405405405406
0 0.36979728604728607 0.16233078633078615 0.01953125 0.05405405405405406
0 0.3548122710622711 0.17200759600759574 0.01953125 0.05405405405405406
0 0.3503167665667665 0.17891960291960265 0.01953125 0.05405405405405406
0 0.33932775557775563 0.1816844056844053 0.01953125 0.05405405405405406
0 0.33633075258075257 0.19689082089082055 0.01953125 0.05405405405405406
0 0.3333337495837496 0.2217740457740455 0.01953125 0.05405405405405406
0 0.34032675657675654 0.21209723609723588 0.01953125 0.05405405405405406
0 0.3408262570762571 0.2231564471564469 0.01953125 0.05405405405405406
0 0.3338332500832501 0.23974526374526353 0.01953125 0.05405405405405406
0 0.33683025308025316 0.2494220734220731 0.01953125 0.05405405405405406
0 0.3243427405927406 0.23283325683325662 0.01953125 0.05405405405405406
0 0.3508162670662671 0.23006845406845378 0.01953125 0.05405405405405406
0 0.3553117715617716 0.2369804609804607 0.01953125 0.05405405405405406
0 0.3643027805527806 0.21486203886203858 0.01953125 0.05405405405405406
0 0.3643027805527806 0.20656763056763028 0.01953125 0.05405405405405406
0 0.36680028305028306 0.1955084195084193 0.01953125 0.05405405405405406
0 0.37479229104229106 0.19412601812601787 0.01953125 0.05405405405405406
0 0.37229478854478854 0.2190092430092428 0.01953125 0.05405405405405406
0 0.3822847985347985 0.19412601812601787 0.01953125 0.05405405405405406
0 0.37828879453879455 0.21209723609723588 0.01953125 0.05405405405405406
0 0.377789294039294 0.17615480015479998 0.01953125 0.05405405405405406
0 0.3872798035298036 0.15680118080118052 0.01953125 0.05405405405405406
0 0.3807862970362971 0.15127157527157503 0.01953125 0.05405405405405406
0 0.3862808025308026 0.1291531531531529 0.01953125 0.05405405405405406
0 0.3942728105228105 0.14850677250677222 0.01953125 0.05405405405405406
0 0.3922748085248086 0.1388299628299625 0.01953125 0.05405405405405406
0 0.39826881451881446 0.1540363780363777 0.01953125 0.05405405405405406
0 0.40076631701631704 0.14574196974196954 0.01953125 0.05405405405405406
0 0.4062608225108226 0.15818358218358194 0.01953125 0.05405405405405406
0 0.398768315018315 0.17891960291960265 0.01953125 0.05405405405405406
0 0.404762321012321 0.1678603918603915 0.01953125 0.05405405405405406
0 0.40326381951381957 0.17753720153720123 0.01953125 0.05405405405405406
0 0.41225482850482853 0.17753720153720123 0.01953125 0.05405405405405406
0 0.41225482850482853 0.16233078633078615 0.01953125 0.05405405405405406
0 0.419747335997336 0.16509558909558886 0.01953125 0.05405405405405406
0 0.41125582750582756 0.1402123642123639 0.01953125 0.05405405405405406
0 0.3892778055278056 0.3226893466893465 0.01953125 0.05405405405405406
0 0.37629079254079256 0.29089411489411465 0.01953125 0.05405405405405406
0 0.34981726606726615 0.29918852318852296 0.01953125 0.05405405405405406
0 0.3443227605727606 0.310247734247734 0.01953125 0.05405405405405406
0 0.355811272061272 0.29642372042372034 0.01953125 0.05405405405405406
0 0.3553117715617716 0.27430529830529804 0.01953125 0.05405405405405406
0 0.3533137695637696 0.25633408033408017 0.01953125 0.05405405405405406
0 0.404762321012321 0.28674691074691044 0.01953125 0.05405405405405406
0 0.4012658175158176 0.30333572733572706 0.01953125 0.05405405405405406
0 0.3962708125208126 0.3130125370125369 0.01953125 0.05405405405405406
0 0.4092578255078255 0.31577733977733946 0.01953125 0.05405405405405406
0 0.4142528305028305 0.2950413190413189 0.01953125 0.05405405405405406
0 0.425741341991342 0.281217305217305 0.01953125 0.05405405405405406
0 0.42174533799533803 0.3061005301005299 0.01953125 0.05405405405405406
0 0.42024683649683653 0.2190092430092428 0.01953125 0.05405405405405406
0 0.42524184149184147 0.1955084195084193 0.01953125 0.05405405405405406
0 0.4292378454878455 0.18997881397881378 0.01953125 0.05405405405405406
0 0.4332338494838496 0.17891960291960265 0.01953125 0.05405405405405406
0 0.44222485847485854 0.17338999738999714 0.01953125 0.05405405405405406
0 0.4402268564768565 0.16371318771318744 0.01953125 0.05405405405405406
0 0.4392278554778555 0.20242042642042618 0.01953125 0.05405405405405406
0 0.4362308524808524 0.24112766512766493 0.01953125 0.05405405405405406
0 0.43073634698634694 0.25356927756927733 0.01953125 0.05405405405405406
0 0.43822885447885446 0.2950413190413189 0.01953125 0.05405405405405406
0 0.43373334998335 0.32821895221895203 0.01953125 0.05405405405405406
0 0.44272435897435897 0.32130694530694515 0.01953125 0.05405405405405406
0 0.44272435897435897 0.3005709245709244 0.01953125 0.05405405405405406
0 0.44971736596736606 0.2825997065997064 0.01953125 0.05405405405405406
0 0.45421287046287057 0.24803967203967184 0.01953125 0.05405405405405406
0 0.4572098734598734 0.3005709245709244 0.01953125 0.05405405405405406
0 0.4582088744588744 0.33374855774855755 0.01953125 0.05405405405405406
0 0.4681988844488844 0.3240717480717478 0.01953125 0.05405405405405406
0 0.4622048784548785 0.3088653328653326 0.01953125 0.05405405405405406
0 0.46670038295038296 0.2494220734220731 0.01953125 0.05405405405405406
0 0.4841829004329005 0.20656763056763028 0.01953125 0.05405405405405406
0 0.478688394938395 0.2010380250380248 0.01953125 0.05405405405405406
0 0.48068639693639703 0.339278163278163 0.01953125 0.05405405405405406
0 0.48817890442890455 0.37798540198540176 0.01953125 0.05405405405405406
0 0.48618090243090256 0.3627789867789865 0.01953125 0.05405405405405406
0 0.4572098734598734 0.42498704898704887 0.01953125 0.05405405405405406
0 0.4472198634698634 0.4083982323982322 0.01953125 0.05405405405405406
0 0.44771936396936407 0.4305166545166544 0.01953125 0.05405405405405406
0 0.43972735597735607 0.44710547110547105 0.01953125 0.05405405405405406
0 0.4362308524808524 0.42498704898704887 0.01953125 0.05405405405405406
0 0.43822885447885446 0.40701583101583083 0.01953125 0.05405405405405406
0 0.419747335997336 0.404251028251028 0.01953125 0.05405405405405406
0 0.41375333000333014 0.41669264069264056 0.01953125 0.05405405405405406
0 0.4077593240093241 0.4263694503694501 0.01953125 0.05405405405405406
0 0.3977693140193141 0.4540174780174778 0.01953125 0.05405405405405406
0 0.410756327006327 0.4512526752526751 0.01953125 0.05405405405405406
0 0.42424284049284056 0.43604626004625985 0.01953125 0.05405405405405406
0 0.42524184149184147 0.4457230697230694 0.01953125 0.05405405405405406
0 0.432734348984349 0.4636942876942875 0.01953125 0.05405405405405406
0 0.4302368464868465 0.4844303084303083 0.01953125 0.05405405405405406
0 0.419747335997336 0.4623118863118863 0.01953125 0.05405405405405406
0 0.388778305028305 0.43604626004625985 0.01953125 0.05405405405405406
0 0.37629079254079256 0.4332814572814571 0.01953125 0.05405405405405406
0 0.38478230103230104 0.45816468216468187 0.01953125 0.05405405405405406
0 0.3912758075258076 0.46784149184149165 0.01953125 0.05405405405405406
0 0.39826881451881446 0.4761359001358999 0.01953125 0.05405405405405406
0 0.39826881451881446 0.43742866142866127 0.01953125 0.05405405405405406
0 0.39477231102231103 0.5189903429903426 0.01953125 0.05405405405405406
0 0.4022648185148186 0.5148431388431387 0.01953125 0.05405405405405406
0 0.40376332001332 0.4996367236367235 0.01953125 0.05405405405405406
0 0.4092578255078255 0.48995991395991395 0.01953125 0.05405405405405406
0 0.41525183150183154 0.5231375471375469 0.01953125 0.05405405405405406
0 0.4262408424908425 0.5355791595791596 0.01953125 0.05405405405405406
0 0.42524184149184147 0.5162255402255399 0.01953125 0.05405405405405406
0 0.43822885447885446 0.5051663291663292 0.01953125 0.05405405405405406
0 0.44172535797535795 0.5203727443727444 0.01953125 0.05405405405405406
0 0.4407263569763571 0.5369615609615608 0.01953125 0.05405405405405406
0 0.45421287046287057 0.5259023499023497 0.01953125 0.05405405405405406
0 0.46020687645687647 0.5106959346959346 0.01953125 0.05405405405405406
0 0.47069638694638705 0.4996367236367235 0.01953125 0.05405405405405406
0 0.4617053779553781 0.4830479070479069 0.01953125 0.05405405405405406
0 0.46919788544788543 0.4747534987534987 0.01953125 0.05405405405405406
0 0.46420288045288055 0.4512526752526751 0.01953125 0.05405405405405406
0 0.39527181152181157 0.5494031734031731 0.01953125 0.05405405405405406
0 0.4142528305028305 0.56599198999199 0.01953125 0.05405405405405406
0 0.41275432900432907 0.5494031734031731 0.01953125 0.05405405405405406
0 0.4262408424908425 0.5839632079632079 0.01953125 0.05405405405405406
0 0.43123584748584753 0.56599198999199 0.01953125 0.05405405405405406
0 0.45920787545787545 0.56599198999199 0.01953125 0.05405405405405406
0 0.37154553779553773 0.9515408555408557 0.01953125 0.05405405405405406
0 0.3570600233100233 0.9308048348048349 0.01953125 0.05405405405405406
0 0.35805902430902425 0.8810383850383853 0.01953125 0.05405405405405406
0 0.36605103230103225 0.8450959490959492 0.01953125 0.05405405405405406
0 0.35356351981351974 0.8354191394191397 0.01953125 0.05405405405405406
0 0.34856851481851475 0.8561551601551605 0.01953125 0.05405405405405406
0 0.37454254079254073 0.8768911808911811 0.01953125 0.05405405405405406
0 0.3770400432900432 0.8990096030096033 0.01953125 0.05405405405405406
0 0.4030140692640692 0.9377168417168419 0.01953125 0.05405405405405406
0 0.38553155178155174 0.9639824679824682 0.01953125 0.05405405405405406
0 0.4464706127206127 0.9598352638352642 0.01953125 0.05405405405405406
0 0.4269900932400932 0.95568805968806 0.01953125 0.05405405405405406
0 0.41700008325008325 0.9225104265104267 0.01953125 0.05405405405405406
0 0.42748959373959367 0.9100688140688142 0.01953125 0.05405405405405406
0 0.4379791042291042 0.9211280251280253 0.01953125 0.05405405405405406
0 0.45096611721611723 0.9142160182160186 0.01953125 0.05405405405405406
0 0.43698010323010317 0.8879503919503922 0.01953125 0.05405405405405406
0 0.4439731102231102 0.8741263781263785 0.01953125 0.05405405405405406
0 0.43148559773559764 0.8672143712143715 0.01953125 0.05405405405405406
0 0.4155015817515817 0.8672143712143715 0.01953125 0.05405405405405406
0 0.4055115717615717 0.8851855891855893 0.01953125 0.05405405405405406
0 0.40001706626706623 0.8561551601551605 0.01953125 0.05405405405405406
0 0.4070100732600732 0.8395663435663435 0.01953125 0.05405405405405406
0 0.38253454878454873 0.847860751860752 0.01953125 0.05405405405405406
0 0.38553155178155174 0.7828878868878872 0.01953125 0.05405405405405406
0 0.3850320512820512 0.7400334440334443 0.01953125 0.05405405405405406
0 0.37454254079254073 0.7123854163854169 0.01953125 0.05405405405405406
0 0.35556152181152173 0.7137678177678178 0.01953125 0.05405405405405406
0 0.34657051282051277 0.7040910080910083 0.01953125 0.05405405405405406
0 0.3620550283050282 0.6916493956493959 0.01953125 0.05405405405405406
0 0.3795375457875457 0.6653837693837694 0.01953125 0.05405405405405406
0 0.3900270562770562 0.6930317970317971 0.01953125 0.05405405405405406
0 0.4035135697635697 0.6640013680013683 0.01953125 0.05405405405405406
0 0.4020150682650682 0.6957965997965999 0.01953125 0.05405405405405406
0 0.39851856476856473 0.7179150219150221 0.01953125 0.05405405405405406
0 0.4030140692640692 0.7497102537102539 0.01953125 0.05405405405405406
0 0.4165005827505827 0.7649166689166691 0.01953125 0.05405405405405406
0 0.40950757575757574 0.7925646965646967 0.01953125 0.05405405405405406
0 0.42299408924408916 0.7303566343566344 0.01953125 0.05405405405405406
0 0.41799908424908416 0.6709133749133751 0.01953125 0.05405405405405406
0 0.43598110223110215 0.6432653472653475 0.01953125 0.05405405405405406
0 0.43997710622710623 0.6543245583245584 0.01953125 0.05405405405405406
0 0.43997710622710623 0.6819725859725863 0.01953125 0.05405405405405406
0 0.4464706127206127 0.7151502191502194 0.01953125 0.05405405405405406
0 0.46994713619713613 0.7137678177678178 0.01953125 0.05405405405405406
0 0.4764406426906427 0.6709133749133751 0.01953125 0.05405405405405406
0 0.4734436396936396 0.8008591048591052 0.01953125 0.05405405405405406
0 0.46944763569763576 0.8423311463311464 0.01953125 0.05405405405405406
0 0.4529641192141192 0.8409487449487453 0.01953125 0.05405405405405406
0 0.46095612720612716 0.8672143712143715 0.01953125 0.05405405405405406
0 0.4549621212121212 0.8838031878031881 0.01953125 0.05405405405405406
0 0.4624546287046286 0.9142160182160186 0.01953125 0.05405405405405406
0 0.47544164169164166 0.9238928278928281 0.01953125 0.05405405405405406
0 0.4714456376956376 0.9791888831888833 0.01953125 0.05405405405405406
0 0.48693015318015304 0.944628848628849 0.01953125 0.05405405405405406
0 0.49642066267066265 0.9501584541584543 0.01953125 0.05405405405405406
0 0.5039131701631702 0.9100688140688142 0.01953125 0.05405405405405406
0 0.5054116716616716 0.8713615753615757 0.01953125 0.05405405405405406
0 0.4789381451881451 0.8851855891855893 0.01953125 0.05405405405405406
0 0.4914256576756577 0.869979173979174 0.01953125 0.05405405405405406
0 0.48043664668664676 0.847860751860752 0.01953125 0.05405405405405406
0 0.4914256576756577 0.8326543366543369 0.01953125 0.05405405405405406
0 0.5004166666666667 0.8326543366543369 0.01953125 0.05405405405405406
0 0.5233936896436897 0.8174479214479216 0.01953125 0.05405405405405406
0 0.5368802031302031 0.829889533889534 0.01953125 0.05405405405405406
0 0.5233936896436897 0.8920975960975963 0.01953125 0.05405405405405406
0 0.530886197136197 0.9252752292752295 0.01953125 0.05405405405405406
0 0.5433737096237097 0.9031568071568072 0.01953125 0.05405405405405406
0 0.5178991841491842 0.9598352638352642 0.01953125 0.05405405405405406
0 0.530886197136197 0.9861008901008902 0.01953125 0.05405405405405406
0 0.5498672161172162 0.9612176652176654 0.01953125 0.05405405405405406
0 0.564852231102231 0.9418640458640462 0.01953125 0.05405405405405406
0 0.5653517316017317 0.9142160182160186 0.01953125 0.05405405405405406
0 0.5613557276057276 0.8893327933327938 0.01953125 0.05405405405405406
0 0.5658512321012321 0.8713615753615757 0.01953125 0.05405405405405406
0 0.5523647186147186 0.8520079560079563 0.01953125 0.05405405405405406
0 0.5798372460872462 0.7455630495630498 0.01953125 0.05405405405405406
0 0.5343827006327007 0.6902669942669946 0.01953125 0.05405405405405406
0 0.5173996836496836 0.6847373887373889 0.01953125 0.05405405405405406
0 0.49542166167166163 0.6778253818253818 0.01953125 0.05405405405405406
0 0.48593115218115224 0.6722957762957764 0.01953125 0.05405405405405406
0 0.4664506327006327 0.6073229113229114 0.01953125 0.05405405405405406
0 0.46345362970362963 0.6474125514125514 0.01953125 0.05405405405405406
0 0.5054116716616716 0.6017933057933059 0.01953125 0.05405405405405406
0 0.5039131701631702 0.6197645237645237 0.01953125 0.05405405405405406
0 0.4909261571761571 0.6225293265293266 0.01953125 0.05405405405405406
0 0.5154016816516815 0.6446477486477489 0.01953125 0.05405405405405406
0 0.5154016816516815 0.572762876762877 0.01953125 0.05405405405405406
0 0.5074096736596736 0.5492620532620532 0.01953125 0.05405405405405406
0 0.5019151681651681 0.5672332712332714 0.01953125 0.05405405405405406
0 0.49642066267066265 0.5561740601740603 0.01953125 0.05405405405405406
0 0.49542166167166163 0.5271436311436313 0.01953125 0.05405405405405406
0 0.49741966366966367 0.48152438552438565 0.01953125 0.05405405405405406
0 0.4714456376956376 0.5271436311436313 0.01953125 0.05405405405405406
0 0.46894813519813516 0.5561740601740603 0.01953125 0.05405405405405406
0 0.4704466366966368 0.5699980739980741 0.01953125 0.05405405405405406
0 0.48043664668664676 0.5312908352908352 0.01953125 0.05405405405405406
0 0.5114056776556777 0.5091724131724132 0.01953125 0.05405405405405406
0 0.5064106726606726 0.47322997722997723 0.01953125 0.05405405405405406
0 0.5029141691641692 0.43728754128754144 0.01953125 0.05405405405405406
0 0.5029141691641692 0.4013451053451055 0.01953125 0.05405405405405406
0 0.47544164169164166 0.4524939564939566 0.01953125 0.05405405405405406
0 0.5238931901431901 0.45664116064116084 0.01953125 0.05405405405405406
0 0.5114056776556777 0.4594059634059636 0.01953125 0.05405405405405406
0 0.5134036796536795 0.4345227385227386 0.01953125 0.05405405405405406
0 0.5213956876456877 0.4870539910539913 0.01953125 0.05405405405405406
0 0.5263906926406926 0.4801419841419842 0.01953125 0.05405405405405406
0 0.5169001831501832 0.5229964269964271 0.01953125 0.05405405405405406
0 0.5169001831501832 0.5395852435852437 0.01953125 0.05405405405405406
0 0.5248921911421911 0.5368204408204409 0.01953125 0.05405405405405406
0 0.5333836996336997 0.5354380394380395 0.01953125 0.05405405405405406
0 0.5383787046287046 0.5202316242316243 0.01953125 0.05405405405405406
0 0.5393777056277056 0.49673080073080084 0.01953125 0.05405405405405406
0 0.5458712121212121 0.5022604062604065 0.01953125 0.05405405405405406
0 0.540876207126207 0.47322997722997723 0.01953125 0.05405405405405406
0 0.5333836996336997 0.4552587592587594 0.01953125 0.05405405405405406
0 0.5313856976356977 0.4414347454347456 0.01953125 0.05405405405405406
0 0.5243926906426906 0.4331403371403372 0.01953125 0.05405405405405406
0 0.5458712121212121 0.4303755343755345 0.01953125 0.05405405405405406
0 0.540876207126207 0.4455819495819496 0.01953125 0.05405405405405406
0 0.5503667166167167 0.45111155511155515 0.01953125 0.05405405405405406
0 0.5483687146187146 0.45664116064116084 0.01953125 0.05405405405405406
0 0.5653517316017317 0.6888845928845931 0.01953125 0.05405405405405406
0 0.5503667166167167 0.6446477486477489 0.01953125 0.05405405405405406
0 0.5393777056277056 0.6197645237645237 0.01953125 0.05405405405405406
0 0.5468702131202131 0.6169997209997212 0.01953125 0.05405405405405406
0 0.5568602231102231 0.6225293265293266 0.01953125 0.05405405405405406
0 0.5653517316017317 0.6100877140877141 0.01953125 0.05405405405405406
0 0.5653517316017317 0.6446477486477489 0.01953125 0.05405405405405406
0 0.5723447385947386 0.6280589320589322 0.01953125 0.05405405405405406
0 0.5473697136197135 0.5672332712332714 0.01953125 0.05405405405405406
0 0.5453717116217115 0.5451148491148493 0.01953125 0.05405405405405406
0 0.5523647186147186 0.534055638055638 0.01953125 0.05405405405405406
0 0.554862221112221 0.532673236673237 0.01953125 0.05405405405405406
0 0.5563607226107226 0.5105548145548147 0.01953125 0.05405405405405406
0 0.5653517316017317 0.5354380394380395 0.01953125 0.05405405405405406
0 0.5653517316017317 0.5699980739980741 0.01953125 0.05405405405405406
0 0.5558612221112221 0.5782924822924825 0.01953125 0.05405405405405406
0 0.5653517316017317 0.590734094734095 0.01953125 0.05405405405405406
0 0.5753417415917417 0.590734094734095 0.01953125 0.05405405405405406
0 0.5873297535797537 0.6985614025614026 0.01953125 0.05405405405405406
0 0.599817266067266 0.6902669942669946 0.01953125 0.05405405405405406
0 0.6033137695637696 0.7759758799758801 0.01953125 0.05405405405405406
0 0.5918252580752581 0.836801540801541 0.01953125 0.05405405405405406
0 0.5738432400932401 0.8603023643023645 0.01953125 0.05405405405405406
0 0.5833337495837496 0.9045392085392089 0.01953125 0.05405405405405406
0 0.5818352480852481 0.934952038952039 0.01953125 0.05405405405405406
0 0.5858312520812521 0.9598352638352642 0.01953125 0.05405405405405406
0 0.599817266067266 0.9653648693648695 0.01953125 0.05405405405405406
0 0.5983187645687646 0.9390992430992434 0.01953125 0.05405405405405406
0 0.5958212620712621 0.9211280251280253 0.01953125 0.05405405405405406
0 0.5928242590742592 0.9045392085392089 0.01953125 0.05405405405405406
0 0.5943227605727606 0.8727439767439769 0.01953125 0.05405405405405406
0 0.5988182650682651 0.8616847656847658 0.01953125 0.05405405405405406
0 0.6128042790542791 0.8658319698319701 0.01953125 0.05405405405405406
0 0.6182987845487846 0.8893327933327938 0.01953125 0.05405405405405406
0 0.615801282051282 0.9059216099216101 0.01953125 0.05405405405405406
0 0.6182987845487846 0.9695120735120738 0.01953125 0.05405405405405406
0 0.6362808025308025 0.9529232569232572 0.01953125 0.05405405405405406
0 0.6432738095238095 0.9722768762768766 0.01953125 0.05405405405405406
0 0.627789294039294 0.9197456237456239 0.01953125 0.05405405405405406
0 0.627789294039294 0.8990096030096033 0.01953125 0.05405405405405406
0 0.628788295038295 0.886567990567991 0.01953125 0.05405405405405406
0 0.6322847985347985 0.8741263781263785 0.01953125 0.05405405405405406
0 0.648768315018315 0.8658319698319701 0.01953125 0.05405405405405406
0 0.6482688145188146 0.9003920043920044 0.01953125 0.05405405405405406
0 0.649767316017316 0.9211280251280253 0.01953125 0.05405405405405406
0 0.6437733100233101 0.9377168417168419 0.01953125 0.05405405405405406
0 0.6492678155178155 0.829889533889534 0.01953125 0.05405405405405406
0 0.6412758075258075 0.8437135477135481 0.01953125 0.05405405405405406
0 0.6227942890442891 0.7027086067086068 0.01953125 0.05405405405405406
0 0.6113057775557775 0.6640013680013683 0.01953125 0.05405405405405406
0 0.6212957875457875 0.6598541638541641 0.01953125 0.05405405405405406
0 0.6013157675657675 0.6501773541773541 0.01953125 0.05405405405405406
0 0.6053117715617716 0.6266765306765307 0.01953125 0.05405405405405406
0 0.606810273060273 0.6017933057933059 0.01953125 0.05405405405405406
0 0.6003167665667665 0.6004109044109045 0.01953125 0.05405405405405406
0 0.5973197635697637 0.5852044892044893 0.01953125 0.05405405405405406
0 0.599817266067266 0.5699980739980741 0.01953125 0.05405405405405406
0 0.6038132700632701 0.5547916587916589 0.01953125 0.05405405405405406
0 0.6088082750582751 0.5547916587916589 0.01953125 0.05405405405405406
0 0.5853317515817517 0.5478796518796522 0.01953125 0.05405405405405406
0 0.5718452380952382 0.5133196173196175 0.01953125 0.05405405405405406
0 0.5768402430902431 0.4898187938187941 0.01953125 0.05405405405405406
0 0.5608562271062272 0.4898187938187941 0.01953125 0.05405405405405406
0 0.5688482350982351 0.4787595827595828 0.01953125 0.05405405405405406
0 0.5693477355977355 0.45664116064116084 0.01953125 0.05405405405405406
0 0.5693477355977355 0.4234635274635276 0.01953125 0.05405405405405406
0 0.5623547286047286 0.3764618804618805 0.01953125 0.05405405405405406
0 0.5523647186147186 0.3405194445194446 0.01953125 0.05405405405405406
0 0.5348822011322011 0.3349898389898391 0.01953125 0.05405405405405406
0 0.5169001831501832 0.30595940995941007 0.01953125 0.05405405405405406
0 0.5119051781551781 0.38613869013869023 0.01953125 0.05405405405405406
0 0.5134036796536795 0.370932274932275 0.01953125 0.05405405405405406
0 0.5109061771561771 0.3515786555786557 0.01953125 0.05405405405405406
0 0.5004166666666667 0.15389525789525785 0.01953125 0.05405405405405406
0 0.5433737096237097 0.23407453807453818 0.01953125 0.05405405405405406
0 0.5498672161172162 0.26863457263457274 0.01953125 0.05405405405405406
0 0.5573597236097235 0.28107618507618515 0.01953125 0.05405405405405406
0 0.5633537296037296 0.2755465795465796 0.01953125 0.05405405405405406
0 0.5608562271062272 0.3031946071946072 0.01953125 0.05405405405405406
0 0.5638532301032301 0.32393062793062805 0.01953125 0.05405405405405406
0 0.5743427405927406 0.3308426348426349 0.01953125 0.05405405405405406
0 0.5803367465867465 0.32116582516582526 0.01953125 0.05405405405405406
0 0.5783387445887445 0.3031946071946072 0.01953125 0.05405405405405406
0 0.5763407425907426 0.2893705933705934 0.01953125 0.05405405405405406
0 0.5798372460872462 0.2727817767817768 0.01953125 0.05405405405405406
0 0.5758412420912421 0.27139937539937536 0.01953125 0.05405405405405406
0 0.5833337495837496 0.2796937836937837 0.01953125 0.05405405405405406
0 0.5878292540792541 0.299047403047403 0.01953125 0.05405405405405406
0 0.5933237595737596 0.3031946071946072 0.01953125 0.05405405405405406
0 0.5963207625707626 0.32393062793062805 0.01953125 0.05405405405405406
0 0.586830253080253 0.3405194445194446 0.01953125 0.05405405405405406
0 0.5923247585747585 0.3889034929034929 0.01953125 0.05405405405405406
0 0.5793377455877455 0.4110219150219152 0.01953125 0.05405405405405406
0 0.604812271062271 0.3875210915210915 0.01953125 0.05405405405405406
0 0.6063107725607726 0.4704651744651746 0.01953125 0.05405405405405406
0 0.596820263070263 0.49396599796599805 0.01953125 0.05405405405405406
0 0.5823347485847485 0.5188492228492229 0.01953125 0.05405405405405406
0 0.5893277555777555 0.5119372159372161 0.01953125 0.05405405405405406
0 0.5843327505827506 0.49673080073080084 0.01953125 0.05405405405405406
0 0.6028142690642692 0.532673236673237 0.01953125 0.05405405405405406
0 0.605811272061272 0.5119372159372161 0.01953125 0.05405405405405406
0 0.6138032800532801 0.5174668214668218 0.01953125 0.05405405405405406
0 0.6172997835497837 0.5022604062604065 0.01953125 0.05405405405405406
0 0.6182987845487846 0.4801419841419842 0.01953125 0.05405405405405406
0 0.6237932900432901 0.453876357876358 0.01953125 0.05405405405405406
0 0.6372798035298036 0.46217076617076625 0.01953125 0.05405405405405406
0 0.6252917915417916 0.5064076104076104 0.01953125 0.05405405405405406
0 0.6302867965367966 0.5188492228492229 0.01953125 0.05405405405405406
0 0.6342828005328005 0.5271436311436313 0.01953125 0.05405405405405406
0 0.6352818015318016 0.5451148491148493 0.01953125 0.05405405405405406
0 0.6252917915417916 0.5603212643212645 0.01953125 0.05405405405405406
0 0.6163007825507826 0.5782924822924825 0.01953125 0.05405405405405406
0 0.6262907925407926 0.5810572850572852 0.01953125 0.05405405405405406
0 0.6272897935397936 0.6156173196173198 0.01953125 0.05405405405405406
0 0.6192977855477857 0.6211469251469254 0.01953125 0.05405405405405406
0 0.6252917915417916 0.6349709389709389 0.01953125 0.05405405405405406
0 0.631785298035298 0.6557069597069598 0.01953125 0.05405405405405406
0 0.641775308025308 0.6335885375885378 0.01953125 0.05405405405405406
0 0.636780303030303 0.7013262053262055 0.01953125 0.05405405405405406
0 0.6437733100233101 0.6667661707661711 0.01953125 0.05405405405405406
0 0.6532638195138195 0.6778253818253818 0.01953125 0.05405405405405406
0 0.6522648185148184 0.6557069597069598 0.01953125 0.05405405405405406
0 0.6502668165168166 0.6446477486477489 0.01953125 0.05405405405405406
0 0.6532638195138195 0.6211469251469254 0.01953125 0.05405405405405406
0 0.6557613220113221 0.6045581085581085 0.01953125 0.05405405405405406
0 0.6502668165168166 0.5852044892044893 0.01953125 0.05405405405405406
0 0.641775308025308 0.5630860670860673 0.01953125 0.05405405405405406
0 0.648768315018315 0.5506444546444547 0.01953125 0.05405405405405406
0 0.6447723110223111 0.5368204408204409 0.01953125 0.05405405405405406
0 0.650766317016317 0.5174668214668218 0.01953125 0.05405405405405406
0 0.6547623210123211 0.4552587592587594 0.01953125 0.05405405405405406
0 0.6552618215118216 0.39028589428589433 0.01953125 0.05405405405405406
0 0.6407763070263071 0.3778442818442819 0.01953125 0.05405405405405406
0 0.6327842990342991 0.39443309843309854 0.01953125 0.05405405405405406
0 0.6272897935397936 0.31978342378342384 0.01953125 0.05405405405405406
0 0.629787296037296 0.3031946071946072 0.01953125 0.05405405405405406
0 0.6312857975357975 0.2949001989001989 0.01953125 0.05405405405405406
0 0.6312857975357975 0.2796937836937837 0.01953125 0.05405405405405406
0 0.6237932900432901 0.2852233892233892 0.01953125 0.05405405405405406
0 0.615801282051282 0.299047403047403 0.01953125 0.05405405405405406
0 0.6113057775557775 0.30595940995941007 0.01953125 0.05405405405405406
0 0.6078092740592741 0.31563621963621963 0.01953125 0.05405405405405406
0 0.6043127705627706 0.3004298044298044 0.01953125 0.05405405405405406
0 0.6352818015318016 0.31563621963621963 0.01953125 0.05405405405405406
0 0.6422748085248084 0.31563621963621963 0.01953125 0.05405405405405406
0 0.6492678155178155 0.3142538182538182 0.01953125 0.05405405405405406
0 0.6477693140193139 0.29628260028260034 0.01953125 0.05405405405405406
0 0.6457713120213121 0.2824585864585865 0.01953125 0.05405405405405406
0 0.651765318015318 0.2907529947529948 0.01953125 0.05405405405405406
0 0.658758325008325 0.31287141687141695 0.01953125 0.05405405405405406
0 0.6592578255078255 0.2949001989001989 0.01953125 0.05405405405405406
0 0.3970200632700633 0.09874032274032248 0.01953125 0.05405405405405406
0 0.3920250582750583 0.10426992826992808 0.01953125 0.05405405405405406
0 0.3865305527805528 0.11394673794673768 0.01953125 0.05405405405405406
0 0.3820350482850483 0.09597551997551965 0.01953125 0.05405405405405406
0 0.3880290542790543 0.09597551997551965 0.01953125 0.05405405405405406
0 0.3840330502830503 0.07385709785709765 0.01953125 0.05405405405405406
0 0.3935235597735598 0.08076910476910443 0.01953125 0.05405405405405406
0 0.3890280552780553 0.06970989370989343 0.01953125 0.05405405405405406
0 0.40850857475857477 0.09182831582831556 0.01953125 0.05405405405405406
0 0.4010160672660673 0.07938670338670302 0.01953125 0.05405405405405406
0 0.41450258075258084 0.08491630891630865 0.01953125 0.05405405405405406
0 0.41899808524808535 0.12638835038835008 0.01953125 0.05405405405405406
0 0.4224945887445888 0.10703473103473077 0.01953125 0.05405405405405406
0 0.4229940892440893 0.1208587448587446 0.01953125 0.05405405405405406
0 0.4209960872460873 0.14712437112437082 0.01953125 0.05405405405405406
0 0.43248459873459877 0.13191795591795571 0.01953125 0.05405405405405406
0 0.44197510822510827 0.1374475614475612 0.01953125 0.05405405405405406
0 0.45246461871461874 0.1388299628299625 0.01953125 0.05405405405405406
0 0.4544626207126208 0.17200759600759574 0.01953125 0.05405405405405406
0 0.45845862470862475 0.16509558909558886 0.01953125 0.05405405405405406
0 0.45895812520812523 0.15127157527157517 0.01953125 0.05405405405405406
0 0.45845862470862475 0.13606516006515978 0.01953125 0.05405405405405406
0 0.44746961371961375 0.11671154071154048 0.01953125 0.05405405405405406
0 0.43048659673659684 0.10012272412272387 0.01953125 0.05405405405405406
0 0.4334835997335998 0.09735792135792105 0.01953125 0.05405405405405406
0 0.44147560772560784 0.09321071721071696 0.01953125 0.05405405405405406
0 0.4444726107226107 0.08353390753390724 0.01953125 0.05405405405405406
0 0.45146561771561783 0.10288752688752668 0.01953125 0.05405405405405406
0 0.4579591242091242 0.10012272412272387 0.01953125 0.05405405405405406
0 0.45496212121212126 0.08076910476910443 0.01953125 0.05405405405405406
0 0.46445263070263076 0.11256433656433627 0.01953125 0.05405405405405406
0 0.47244463869463876 0.11394673794673768 0.01953125 0.05405405405405406
0 0.47244463869463876 0.14850677250677222 0.01953125 0.05405405405405406
0 0.4729441391941392 0.1830668070668069 0.01953125 0.05405405405405406
0 0.4679491341991343 0.18444920844920815 0.01953125 0.05405405405405406
0 0.47194513819513817 0.2093324333324331 0.01953125 0.05405405405405406
0 0.4529641192141192 0.2190092430092428 0.01953125 0.05405405405405406
0 0.4464706127206127 0.2314508554508552 0.01953125 0.05405405405405406
0 0.43648060273060274 0.22730365130365113 0.01953125 0.05405405405405406
0 0.4279890942390943 0.2314508554508552 0.01953125 0.05405405405405406
0 0.42449259074259077 0.24251006651006635 0.01953125 0.05405405405405406
0 0.4005165667665668 0.23974526374526353 0.01953125 0.05405405405405406
0 0.4095075757575758 0.23698046098046086 0.01953125 0.05405405405405406
0 0.4065105727605728 0.2231564471564469 0.01953125 0.05405405405405406
0 0.4090080752580753 0.2093324333324331 0.01953125 0.05405405405405406
0 0.3985185647685648 0.19412601812601799 0.01953125 0.05405405405405406
0 0.35256451881451883 0.20518522918522897 0.01953125 0.05405405405405406
0 0.4959211621711622 0.13191795591795571 0.01953125 0.05405405405405406
0 0.48693015318015326 0.1208587448587446 0.01953125 0.05405405405405406
0 0.5004166666666667 0.11256433656433627 0.01953125 0.05405405405405406
0 0.5173996836496837 0.1208587448587446 0.01953125 0.05405405405405406
0 0.5268901931401931 0.13191795591795571 0.01953125 0.05405405405405406
0 0.5358812021312022 0.1429771669771667 0.01953125 0.05405405405405406
0 0.5423747086247087 0.1415947655947653 0.01953125 0.05405405405405406
0 0.5388782051282052 0.19274361674361634 0.01953125 0.05405405405405406
0 0.5438732101232103 0.21486203886203858 0.01953125 0.05405405405405406
0 0.5483687146187147 0.2038028278028276 0.01953125 0.05405405405405406
0 0.5543627206127206 0.19827322227322208 0.01953125 0.05405405405405406
0 0.5568602231102231 0.21762684162684137 0.01953125 0.05405405405405406
0 0.5523647186147186 0.24251006651006635 0.01953125 0.05405405405405406
0 0.5508662171162172 0.2314508554508552 0.01953125 0.05405405405405406
0 0.5603567266067265 0.2438924678924676 0.01953125 0.05405405405405406
0 0.5688482350982351 0.2521868761868759 0.01953125 0.05405405405405406
0 0.5653517316017317 0.22039164439164421 0.01953125 0.05405405405405406
0 0.5698472360972362 0.23836286236286225 0.01953125 0.05405405405405406
0 0.5743427405927406 0.24803967203967184 0.01953125 0.05405405405405406
0 0.5798372460872462 0.21486203886203858 0.01953125 0.05405405405405406
0 0.5823347485847485 0.2259212499212497 0.01953125 0.05405405405405406
0 0.5863307525807526 0.21624444024444 0.01953125 0.05405405405405406
0 0.5953217615717616 0.21486203886203858 0.01953125 0.05405405405405406
0 0.5903267565767567 0.18583160983160954 0.01953125 0.05405405405405406
0 0.5838332500832502 0.17891960291960265 0.01953125 0.05405405405405406
0 0.5798372460872462 0.19136121536121506 0.01953125 0.05405405405405406
0 0.5748422410922412 0.18444920844920815 0.01953125 0.05405405405405406
0 0.5703467365967367 0.18859641259641238 0.01953125 0.05405405405405406
0 0.5668502331002331 0.17477239877239856 0.01953125 0.05405405405405406
0 0.5608562271062272 0.18030200430200405 0.01953125 0.05405405405405406
0 0.5523647186147186 0.14574196974196954 0.01953125 0.05405405405405406
0 0.5423747086247087 0.11671154071154048 0.01953125 0.05405405405405406
0 0.5348822011322011 0.11671154071154048 0.01953125 0.05405405405405406
0 0.5263906926406927 0.11256433656433627 0.01953125 0.05405405405405406
0 0.5528642191142192 0.11947634347634317 0.01953125 0.05405405405405406
0 0.5643527306027306 0.11671154071154048 0.01953125 0.05405405405405406
0 0.5698472360972362 0.12638835038835008 0.01953125 0.05405405405405406
0 0.5803367465867467 0.10426992826992808 0.01953125 0.05405405405405406
0 0.5693477355977358 0.09182831582831556 0.01953125 0.05405405405405406
0 0.5753417415917417 0.08768111168111146 0.01953125 0.05405405405405406
0 0.5593577256077258 0.09321071721071696 0.01953125 0.05405405405405406
0 0.5523647186147186 0.08768111168111146 0.01953125 0.05405405405405406
0 0.5468702131202131 0.09321071721071696 0.01953125 0.05405405405405406
0 0.5433737096237097 0.08215150615150583 0.01953125 0.05405405405405406
0 0.5388782051282052 0.07109229509229484 0.01953125 0.05405405405405406
0 0.5368802031302031 0.08353390753390724 0.01953125 0.05405405405405406
0 0.5333836996336997 0.09874032274032248 0.01953125 0.05405405405405406
0 0.5243926906426908 0.09735792135792105 0.01953125 0.05405405405405406
0 0.5303866966366967 0.06556268956268921 0.01953125 0.05405405405405406
0 0.5159011821511822 0.07800430200430175 0.01953125 0.05405405405405406
0 0.5084086746586747 0.07523949923949894 0.01953125 0.05405405405405406
0 0.5074096736596737 0.05726828126828103 0.01953125 0.05405405405405406
0 0.5024146686646688 0.061415485415485124 0.01953125 0.05405405405405406
0 0.5004166666666667 0.07385709785709765 0.01953125 0.05405405405405406
0 0.4829341491841492 0.10150512550512528 0.01953125 0.05405405405405406
0 0.49242465867465873 0.07662190062190033 0.01953125 0.05405405405405406
0 0.49192515817515825 0.06556268956268921 0.01953125 0.05405405405405406
0 0.4784386446886447 0.07662190062190033 0.01953125 0.05405405405405406
0 0.48443265068265073 0.061415485415485124 0.01953125 0.05405405405405406
0 0.47094613719613726 0.07109229509229484 0.01953125 0.05405405405405406
0 0.5848322510822512 0.23698046098046086 0.01953125 0.05405405405405406
0 0.5943227605727606 0.24803967203967184 0.01953125 0.05405405405405406
0 0.5943227605727606 0.2314508554508552 0.01953125 0.05405405405405406
0 0.599817266067266 0.234215658215658 0.01953125 0.05405405405405406
0 0.6003167665667667 0.24665727065727042 0.01953125 0.05405405405405406
0 0.6063107725607726 0.2314508554508552 0.01953125 0.05405405405405406
0 0.6063107725607726 0.22039164439164421 0.01953125 0.05405405405405406
0 0.6028142690642692 0.1968908208908207 0.01953125 0.05405405405405406
0 0.6078092740592742 0.2038028278028276 0.01953125 0.05405405405405406
0 0.6128042790542791 0.16509558909558886 0.01953125 0.05405405405405406
0 0.6053117715617716 0.15403637803637785 0.01953125 0.05405405405405406
0 0.5963207625707626 0.15127157527157517 0.01953125 0.05405405405405406
0 0.5933237595737596 0.1305355545355543 0.01953125 0.05405405405405406
0 0.6123047785547787 0.1374475614475612 0.01953125 0.05405405405405406
0 0.5953217615717616 0.11394673794673768 0.01953125 0.05405405405405406
0 0.5923247585747585 0.08768111168111146 0.01953125 0.05405405405405406
0 0.5893277555777557 0.09597551997551965 0.01953125 0.05405405405405406
0 0.599817266067266 0.08906351306351287 0.01953125 0.05405405405405406
0 0.6023147685647687 0.09044591444591416 0.01953125 0.05405405405405406
0 0.6083087745587746 0.09874032274032248 0.01953125 0.05405405405405406
0 0.6163007825507826 0.10288752688752668 0.01953125 0.05405405405405406
0 0.6267902930402932 0.10426992826992808 0.01953125 0.05405405405405406
0 0.6387783050283052 0.09735792135792105 0.01953125 0.05405405405405406
0 0.6212957875457876 0.09321071721071696 0.01953125 0.05405405405405406
0 0.6257912920412921 0.1830668070668069 0.01953125 0.05405405405405406
0 0.6202967865467867 0.18859641259641238 0.01953125 0.05405405405405406
0 0.6222947885447887 0.1968908208908207 0.01953125 0.05405405405405406
0 0.619797286047286 0.21071483471483435 0.01953125 0.05405405405405406
0 0.6187982850482853 0.2286860526860524 0.01953125 0.05405405405405406
0 0.6143027805527805 0.24112766512766493 0.01953125 0.05405405405405406
0 0.6163007825507826 0.2535692775692772 0.01953125 0.05405405405405406
0 0.6227942890442891 0.2535692775692772 0.01953125 0.05405405405405406
0 0.6202967865467867 0.23836286236286225 0.01953125 0.05405405405405406
0 0.6392778055278056 0.2577164817164814 0.01953125 0.05405405405405406
0 0.6357813020313021 0.2190092430092428 0.01953125 0.05405405405405406
0 0.6392778055278056 0.2010380250380248 0.01953125 0.05405405405405406
0 0.6337833000333001 0.18721401121401096 0.01953125 0.05405405405405406
0 0.6357813020313021 0.16094838494838473 0.01953125 0.05405405405405406
0 0.6467703130203132 0.16233078633078601 0.01953125 0.05405405405405406
0 0.6432738095238096 0.1415947655947653 0.01953125 0.05405405405405406
0 0.621795288045288 0.16371318771318744 0.01953125 0.05405405405405406
0 0.6287882950382953 0.15680118080118052 0.01953125 0.05405405405405406
0 0.6527643190143191 0.16371318771318744 0.01953125 0.05405405405405406
0 0.6462708125208125 0.18168440568440547 0.01953125 0.05405405405405406
0 0.6522648185148187 0.18721401121401096 0.01953125 0.05405405405405406
0 0.6542628205128206 0.20242042642042618 0.01953125 0.05405405405405406
0 0.6547623210123211 0.21486203886203858 0.01953125 0.05405405405405406
0 0.6547623210123211 0.2259212499212497 0.01953125 0.05405405405405406
0 0.6557613220113222 0.24665727065727042 0.01953125 0.05405405405405406
0 0.6457713120213121 0.24527486927486902 0.01953125 0.05405405405405406
0 0.6652518315018315 0.23698046098046086 0.01953125 0.05405405405405406
0 0.6622548285048285 0.24251006651006635 0.01953125 0.05405405405405406
0 0.6602568265068267 0.22039164439164421 0.01953125 0.05405405405405406
0 0.6582588245088247 0.1955084195084193 0.01953125 0.05405405405405406
0 0.6587583250083251 0.17891960291960265 0.01953125 0.05405405405405406
0 0.6582588245088247 0.15127157527157517 0.01953125 0.05405405405405406
0 0.6612558275058277 0.15403637803637785 0.01953125 0.05405405405405406
0 0.6637533300033301 0.16509558909558886 0.01953125 0.05405405405405406
0 0.6682488344988347 0.1415947655947653 0.01953125 0.05405405405405406
0 0.6737433399933401 0.1402123642123639 0.01953125 0.05405405405405406
0 0.6752418414918415 0.17062519462519435 0.01953125 0.05405405405405406
0 0.6842328504828505 0.16924279324279293 0.01953125 0.05405405405405406
0 0.6742428404928406 0.18859641259641238 0.01953125 0.05405405405405406
0 0.6692478354978356 0.19274361674361634 0.01953125 0.05405405405405406
0 0.6652518315018315 0.19827322227322208 0.01953125 0.05405405405405406
0 0.6637533300033301 0.1830668070668069 0.01953125 0.05405405405405406
0 0.6722448384948385 0.29089411489411465 0.01953125 0.05405405405405406
0 0.6692478354978356 0.27430529830529804 0.01953125 0.05405405405405406
0 0.669747335997336 0.2535692775692772 0.01953125 0.05405405405405406
0 0.682734348984349 0.2978061218061216 0.01953125 0.05405405405405406
0 0.6812358474858476 0.270158094158094 0.01953125 0.05405405405405406
0 0.6882288544788546 0.2535692775692772 0.01953125 0.05405405405405406
0 0.6947223609723611 0.26601089001088973 0.01953125 0.05405405405405406
0 0.6962208624708626 0.2729228969228967 0.01953125 0.05405405405405406
0 0.7012158674658676 0.28674691074691055 0.01953125 0.05405405405405406
0 0.6962208624708626 0.3130125370125368 0.01953125 0.05405405405405406
0 0.7087083749583751 0.29918852318852296 0.01953125 0.05405405405405406
0 0.7162008824508825 0.28812931212931187 0.01953125 0.05405405405405406
0 0.7221948884448885 0.270158094158094 0.01953125 0.05405405405405406
0 0.7181988844488846 0.2535692775692772 0.01953125 0.05405405405405406
0 0.7012158674658676 0.23836286236286225 0.01953125 0.05405405405405406
0 0.6932238594738597 0.1830668070668069 0.01953125 0.05405405405405406
0 0.6902268564768567 0.16509558909558886 0.01953125 0.05405405405405406
0 0.7002168664668666 0.17891960291960265 0.01953125 0.05405405405405406
0 0.702714368964369 0.16509558909558886 0.01953125 0.05405405405405406
0 0.7042128704628705 0.15127157527157517 0.01953125 0.05405405405405406
0 0.7062108724608726 0.1374475614475612 0.01953125 0.05405405405405406
0 0.710706376956377 0.15680118080118052 0.01953125 0.05405405405405406
0 0.7122048784548786 0.1374475614475612 0.01953125 0.05405405405405406
0 0.6917253579753581 0.14712437112437082 0.01953125 0.05405405405405406
0 0.6877293539793542 0.14712437112437082 0.01953125 0.05405405405405406
0 0.6837333499833501 0.14712437112437082 0.01953125 0.05405405405405406
0 0.6822348484848487 0.10979953379953346 0.01953125 0.05405405405405406
0 0.6862308524808526 0.11118193518193488 0.01953125 0.05405405405405406
0 0.6882288544788546 0.09735792135792105 0.01953125 0.05405405405405406
0 0.672744338994339 0.10703473103473077 0.01953125 0.05405405405405406
0 0.667749333999334 0.10426992826992808 0.01953125 0.05405405405405406
0 0.651765318015318 0.09321071721071696 0.01953125 0.05405405405405406
0 0.6992178654678656 0.10703473103473077 0.01953125 0.05405405405405406
0 0.709707375957376 0.11947634347634317 0.01953125 0.05405405405405406
0 0.7112058774558776 0.10426992826992808 0.01953125 0.05405405405405406
0 0.7057113719613721 0.09321071721071696 0.01953125 0.05405405405405406
0 0.7052118714618715 0.08353390753390724 0.01953125 0.05405405405405406
0 0.699717365967366 0.08906351306351287 0.01953125 0.05405405405405406
0 0.6947223609723611 0.09459311859311824 0.01953125 0.05405405405405406
0 0.6932238594738597 0.09874032274032248 0.01953125 0.05405405405405406
0 0.669747335997336 0.393191817191817 0.01953125 0.05405405405405406
0 0.6642528305028306 0.3793678033678032 0.01953125 0.05405405405405406
0 0.6802368464868467 0.3793678033678032 0.01953125 0.05405405405405406
0 0.6837333499833501 0.4125454365454363 0.01953125 0.05405405405405406
0 0.6742428404928406 0.4263694503694503 0.01953125 0.05405405405405406
0 0.6717453379953381 0.45816468216468187 0.01953125 0.05405405405405406
0 0.6667503330003332 0.5024015264015264 0.01953125 0.05405405405405406
0 0.6742428404928406 0.5010191250191246 0.01953125 0.05405405405405406
0 0.6867303529803531 0.48028310428310406 0.01953125 0.05405405405405406
0 0.6857313519813522 0.4996367236367235 0.01953125 0.05405405405405406
0 0.6962208624708626 0.4858127098127097 0.01953125 0.05405405405405406
0 0.6977193639693642 0.4526350766350764 0.01953125 0.05405405405405406
0 0.6862308524808526 0.43742866142866127 0.01953125 0.05405405405405406
0 0.7042128704628705 0.41945744345744335 0.01953125 0.05405405405405406
0 0.7002168664668666 0.3848974088974087 0.01953125 0.05405405405405406
0 0.702714368964369 0.35171977571977553 0.01953125 0.05405405405405406
0 0.712704378954379 0.36139658539658515 0.01953125 0.05405405405405406
0 0.721695387945388 0.36554378954378935 0.01953125 0.05405405405405406
0 0.721695387945388 0.39872142272142247 0.01953125 0.05405405405405406
0 0.7162008824508825 0.44434066834066827 0.01953125 0.05405405405405406
0 0.7231938894438896 0.4885775125775123 0.01953125 0.05405405405405406
0 0.6937233599733601 0.5328143568143568 0.01953125 0.05405405405405406
0 0.6917253579753581 0.5480207720207719 0.01953125 0.05405405405405406
0 0.6684985847485847 0.9612176652176654 0.01953125 0.05405405405405406
0 0.6625045787545787 0.9501584541584543 0.01953125 0.05405405405405406
0 0.6699970862470863 0.9169808209808213 0.01953125 0.05405405405405406
0 0.6635035797535798 0.886567990567991 0.01953125 0.05405405405405406
0 0.6590080752580753 0.8561551601551605 0.01953125 0.05405405405405406
0 0.6744925907425907 0.8437135477135481 0.01953125 0.05405405405405406
0 0.6814855977355977 0.818830322830323 0.01953125 0.05405405405405406
0 0.6849821012321012 0.709620613620614 0.01953125 0.05405405405405406
0 0.6704965867465866 0.6792077832077834 0.01953125 0.05405405405405406
0 0.6764905927405928 0.6460301500301502 0.01953125 0.05405405405405406
0 0.6684985847485847 0.6446477486477489 0.01953125 0.05405405405405406
0 0.6645025807525807 0.6183821223821226 0.01953125 0.05405405405405406
0 0.6684985847485847 0.5962637002637003 0.01953125 0.05405405405405406
0 0.6714955877455877 0.5838220878220879 0.01953125 0.05405405405405406
0 0.6814855977355977 0.5561740601740603 0.01953125 0.05405405405405406
0 0.6764905927405928 0.5451148491148493 0.01953125 0.05405405405405406
0 0.7099571262071261 0.5741452781452784 0.01953125 0.05405405405405406
0 0.7119551282051282 0.6294413334413336 0.01953125 0.05405405405405406
0 0.7184486346986347 0.6294413334413336 0.01953125 0.05405405405405406
0 0.7054616217116217 0.6626189666189666 0.01953125 0.05405405405405406
0 0.7009661172161172 0.6861197901197903 0.01953125 0.05405405405405406
0 0.7314356476856477 0.6847373887373889 0.01953125 0.05405405405405406
0 0.7289381451881453 0.6405005445005446 0.01953125 0.05405405405405406
0 0.7429241591741592 0.6142349182349184 0.01953125 0.05405405405405406
0 0.7574096736596736 0.6474125514125514 0.01953125 0.05405405405405406
0 0.7464206626706626 0.8008591048591052 0.01953125 0.05405405405405406
0 0.7314356476856477 0.8105359145359149 0.01953125 0.05405405405405406
0 0.7014656177156178 0.8547727587727588 0.01953125 0.05405405405405406
0 0.6894776057276057 0.8990096030096033 0.01953125 0.05405405405405406
0 0.6799870962370962 0.8907151947151949 0.01953125 0.05405405405405406
0 0.6824845987345987 0.9764240804240805 0.01953125 0.05405405405405406
0 0.6769900932400932 0.9377168417168419 0.01953125 0.05405405405405406
0 0.6964706127206127 0.9570704610704613 0.01953125 0.05405405405405406
0 0.6944726107226107 0.9321872361872365 0.01953125 0.05405405405405406
0 0.7064606227106227 0.9100688140688142 0.01953125 0.05405405405405406
0 0.7184486346986347 0.9321872361872365 0.01953125 0.05405405405405406
0 0.7074596237096238 0.9390992430992434 0.01953125 0.05405405405405406
0 0.7214456376956377 0.894862398862399 0.01953125 0.05405405405405406
0 0.7289381451881453 0.869979173979174 0.01953125 0.05405405405405406
0 0.7154516317016317 0.8768911808911811 0.01953125 0.05405405405405406
0 0.7294376456876457 0.9183632223632225 0.01953125 0.05405405405405406
0 0.7319351481851482 0.962600066600067 0.01953125 0.05405405405405406
0 0.7434236596736596 0.9377168417168419 0.01953125 0.05405405405405406
0 0.7514156676656677 0.9211280251280253 0.01953125 0.05405405405405406
0 0.7609061771561773 0.9045392085392089 0.01953125 0.05405405405405406
0 0.7614056776556777 0.9294224334224337 0.01953125 0.05405405405405406
0 0.7763906926406927 0.9266576306576308 0.01953125 0.05405405405405406
0 0.7713956876456877 0.8810383850383853 0.01953125 0.05405405405405406
0 0.7793876956376956 0.8824207864207868 0.01953125 0.05405405405405406
0 0.7783886946386946 0.8354191394191397 0.01953125 0.05405405405405406
0 0.7659011821511822 0.847860751860752 0.01953125 0.05405405405405406
0 0.7559111721611722 0.8229775269775272 0.01953125 0.05405405405405406
0 0.7444226606726607 0.8768911808911811 0.01953125 0.05405405405405406
0 0.7344326506826506 0.8395663435663435 0.01953125 0.05405405405405406
0 0.7624046786546788 0.6944141984141987 0.01953125 0.05405405405405406
0 0.7783886946386946 0.6501773541773541 0.01953125 0.05405405405405406
0 0.7908762071262071 0.6736781776781778 0.01953125 0.05405405405405406
0 0.8043627206127207 0.6902669942669946 0.01953125 0.05405405405405406
0 0.8003667166167167 0.6557069597069598 0.01953125 0.05405405405405406
0 0.7893777056277056 0.6252941292941293 0.01953125 0.05405405405405406
0 0.7863807026307027 0.6377357417357418 0.01953125 0.05405405405405406
0 0.7758911921411922 0.6004109044109045 0.01953125 0.05405405405405406
0 0.7703966866466867 0.6073229113229114 0.01953125 0.05405405405405406
0 0.7624046786546788 0.5782924822924825 0.01953125 0.05405405405405406
0 0.7644026806526807 0.5603212643212645 0.01953125 0.05405405405405406
0 0.7649021811521812 0.5451148491148493 0.01953125 0.05405405405405406
0 0.7604066766566767 0.51608442008442 0.01953125 0.05405405405405406
0 0.7544126706626707 0.5382028422028423 0.01953125 0.05405405405405406
0 0.7469201631701633 0.5077900117900118 0.01953125 0.05405405405405406
0 0.7424246586746587 0.5382028422028423 0.01953125 0.05405405405405406
0 0.7384286546786547 0.5672332712332714 0.01953125 0.05405405405405406
0 0.7274396436896438 0.534055638055638 0.01953125 0.05405405405405406
0 0.7384286546786547 0.5064076104076104 0.01953125 0.05405405405405406
0 0.7314356476856477 0.4953483993483994 0.01953125 0.05405405405405406
0 0.7254416416916417 0.43175793575793575 0.01953125 0.05405405405405406
0 0.7389281551781552 0.44419954819954843 0.01953125 0.05405405405405406
0 0.7384286546786547 0.417933921933922 0.01953125 0.05405405405405406
0 0.7384286546786547 0.39028589428589433 0.01953125 0.05405405405405406
0 0.7274396436896438 0.3778442818442819 0.01953125 0.05405405405405406
0 0.7349321511821513 0.30734181134181143 0.01953125 0.05405405405405406
0 0.7284386446886447 0.2796937836937837 0.01953125 0.05405405405405406
0 0.7389281551781552 0.36125546525546526 0.01953125 0.05405405405405406
0 0.7459211621711622 0.3640202680202681 0.01953125 0.05405405405405406
0 0.7454216616716617 0.38060908460908477 0.01953125 0.05405405405405406
0 0.7524146686646688 0.4151691191691193 0.01953125 0.05405405405405406
0 0.7654016816516817 0.40825711225711236 0.01953125 0.05405405405405406
0 0.7634036796536797 0.48428918828918843 0.01953125 0.05405405405405406
0 0.7733936896436897 0.4912011952011952 0.01953125 0.05405405405405406
0 0.7524146686646688 0.4953483993483994 0.01953125 0.05405405405405406
0 0.7718951881451881 0.5216140256140257 0.01953125 0.05405405405405406
0 0.7853817016317016 0.5174668214668218 0.01953125 0.05405405405405406
0 0.7858812021312022 0.49673080073080084 0.01953125 0.05405405405405406
0 0.7873797036297037 0.47599477999477996 0.01953125 0.05405405405405406
0 0.7988682151182152 0.43728754128754144 0.01953125 0.05405405405405406
0 0.7743926906426907 0.4414347454347456 0.01953125 0.05405405405405406
0 0.7793876956376956 0.42069872469872477 0.01953125 0.05405405405405406
0 0.7808861971361971 0.4054923094923096 0.01953125 0.05405405405405406
0 0.7823846986346987 0.37369707769707766 0.01953125 0.05405405405405406
0 0.7823846986346987 0.3405194445194446 0.01953125 0.05405405405405406
0 0.7713956876456877 0.32946023346023345 0.01953125 0.05405405405405406
0 0.7703966866466867 0.3723146763146763 0.01953125 0.05405405405405406
0 0.7609061771561773 0.37369707769707766 0.01953125 0.05405405405405406
0 0.7539131701631702 0.29628260028260034 0.01953125 0.05405405405405406
0 0.7624046786546788 0.3004298044298044 0.01953125 0.05405405405405406
0 0.7803866966366967 0.31148901548901553 0.01953125 0.05405405405405406
0 0.7803866966366967 0.2852233892233892 0.01953125 0.05405405405405406
0 0.7549121711621712 0.32946023346023345 0.01953125 0.05405405405405406
0 0.7424246586746587 0.2852233892233892 0.01953125 0.05405405405405406
0 0.7344326506826506 0.2783113823113824 0.01953125 0.05405405405405406
0 0.7409261571761572 0.25895776295776296 0.01953125 0.05405405405405406
0 0.7419251581751581 0.22439772839772845 0.01953125 0.05405405405405406
0 0.7324346486846487 0.22854493254493252 0.01953125 0.05405405405405406
0 0.7279391441891442 0.18845529245529252 0.01953125 0.05405405405405406
0 0.7219451381951382 0.18016088416088422 0.01953125 0.05405405405405406
0 0.7264406426906427 0.13592403992403995 0.01953125 0.05405405405405406
0 0.7379291541791542 0.1691016731016731 0.01953125 0.05405405405405406
0 0.8063607226107227 0.48843639243639236 0.01953125 0.05405405405405406
0 0.7958712121212121 0.464935568935569 0.01953125 0.05405405405405406
0 0.7838832001332001 0.44005234405234417 0.01953125 0.05405405405405406
0 0.7933737096237097 0.42484592884592903 0.01953125 0.05405405405405406
0 0.7968702131202131 0.417933921933922 0.01953125 0.05405405405405406
0 0.8053617216117217 0.39858030258030264 0.01953125 0.05405405405405406
0 0.8133537296037296 0.4013451053451055 0.01953125 0.05405405405405406
0 0.7903767066267067 0.39581549981549996 0.01953125 0.05405405405405406
0 0.7888782051282052 0.35849066249066247 0.01953125 0.05405405405405406
0 0.7933737096237097 0.30457700857700865 0.01953125 0.05405405405405406
0 0.8133537296037296 0.29628260028260034 0.01953125 0.05405405405405406
0 0.7963707126207127 0.3515786555786557 0.01953125 0.05405405405405406
0 0.8003667166167167 0.370932274932275 0.01953125 0.05405405405405406
0 0.8038632201132201 0.3432842472842473 0.01953125 0.05405405405405406
0 0.8133537296037296 0.36816747216747236 0.01953125 0.05405405405405406
0 0.8193477355977355 0.3833738873738874 0.01953125 0.05405405405405406
0 0.8278392440892441 0.3971979011979014 0.01953125 0.05405405405405406
0 0.8288382450882451 0.3847562887562888 0.01953125 0.05405405405405406
0 0.8338332500832503 0.39581549981549996 0.01953125 0.05405405405405406
0 0.834832251082251 0.37369707769707766 0.01953125 0.05405405405405406
0 0.8303367465867466 0.36678507078507094 0.01953125 0.05405405405405406
0 0.8343327505827506 0.3543434583434584 0.01953125 0.05405405405405406
0 0.8228442390942392 0.3391370431370432 0.01953125 0.05405405405405406
0 0.8438232600732603 0.32531302931302936 0.01953125 0.05405405405405406
0 0.8323347485847487 0.2907529947529948 0.01953125 0.05405405405405406
0 0.8243427405927406 0.2949001989001989 0.01953125 0.05405405405405406
0 0.8038632201132201 0.27139937539937536 0.01953125 0.05405405405405406
0 0.8063607226107227 0.29213539613539624 0.01953125 0.05405405405405406
0 0.814852231102231 0.47184757584757603 0.01953125 0.05405405405405406
0 0.8233437395937396 0.4773771813771814 0.01953125 0.05405405405405406
0 0.8338332500832503 0.4289931329931331 0.01953125 0.05405405405405406
0 0.8448222610722612 0.4234635274635276 0.01953125 0.05405405405405406
0 0.8423247585747585 0.39166829566829575 0.01953125 0.05405405405405406
0 0.8538132700632701 0.39996270396270406 0.01953125 0.05405405405405406
0 0.8563107725607726 0.42069872469872477 0.01953125 0.05405405405405406
0 0.8702967865467867 0.4289931329931331 0.01953125 0.05405405405405406
0 0.8658012820512822 0.40687471087471094 0.01953125 0.05405405405405406
0 0.8593077755577757 0.3764618804618805 0.01953125 0.05405405405405406
0 0.8563107725607726 0.3405194445194446 0.01953125 0.05405405405405406
0 0.8782887945387946 0.36125546525546526 0.01953125 0.05405405405405406
0 0.8722947885447885 0.38060908460908477 0.01953125 0.05405405405405406
0 0.8752917915417916 0.4096395136395138 0.01953125 0.05405405405405406
0 0.8802867965367966 0.4054923094923096 0.01953125 0.05405405405405406
0 0.8697972860472861 0.453876357876358 0.01953125 0.05405405405405406
0 0.8653017815517816 0.4524939564939566 0.01953125 0.05405405405405406
0 0.8508162670662671 0.458023562023562 0.01953125 0.05405405405405406
0 0.8393277555777557 0.46217076617076625 0.01953125 0.05405405405405406
0 0.8413257575757576 0.49811320211320226 0.01953125 0.05405405405405406
0 0.8338332500832503 0.48428918828918843 0.01953125 0.05405405405405406
0 0.8083587246087246 0.5133196173196175 0.01953125 0.05405405405405406
0 0.8003667166167167 0.5312908352908352 0.01953125 0.05405405405405406
0 0.7928742091242091 0.5534092574092575 0.01953125 0.05405405405405406
0 0.7848822011322011 0.5644684684684685 0.01953125 0.05405405405405406
0 0.7953717116217117 0.5216140256140257 0.01953125 0.05405405405405406
0 0.8043627206127207 0.5672332712332714 0.01953125 0.05405405405405406
0 0.7953717116217117 0.6004109044109045 0.01953125 0.05405405405405406
0 0.8123547286047287 0.5520268560268561 0.01953125 0.05405405405405406
0 0.8183487345987346 0.534055638055638 0.01953125 0.05405405405405406
0 0.8303367465867466 0.5506444546444547 0.01953125 0.05405405405405406
0 0.8343327505827506 0.5782924822924825 0.01953125 0.05405405405405406
0 0.8168502331002331 0.5893516933516934 0.01953125 0.05405405405405406
0 0.8138532301032301 0.6183821223821226 0.01953125 0.05405405405405406
0 0.8243427405927406 0.6280589320589322 0.01953125 0.05405405405405406
0 0.8353317515817517 0.6197645237645237 0.01953125 0.05405405405405406
0 0.8203467365967366 0.6667661707661711 0.01953125 0.05405405405405406
0 0.8268402430902431 0.6750605790605793 0.01953125 0.05405405405405406
0 0.8458212620712621 0.6501773541773541 0.01953125 0.05405405405405406
0 0.8523147685647685 0.6432653472653475 0.01953125 0.05405405405405406
0 0.8563107725607726 0.6557069597069598 0.01953125 0.05405405405405406
0 0.8548122710622712 0.6252941292941293 0.01953125 0.05405405405405406
0 0.8543127705627706 0.5948812988812989 0.01953125 0.05405405405405406
0 0.8543127705627706 0.5741452781452784 0.01953125 0.05405405405405406
0 0.846820263070263 0.5478796518796522 0.01953125 0.05405405405405406
0 0.8533137695637696 0.5174668214668218 0.01953125 0.05405405405405406
0 0.8498172660672662 0.5243788283788284 0.01953125 0.05405405405405406
0 0.8408262570762571 0.51608442008442 0.01953125 0.05405405405405406
0 0.8463207625707626 0.5064076104076104 0.01953125 0.05405405405405406
0 0.8588082750582751 0.49258359658359663 0.01953125 0.05405405405405406
0 0.8618052780552782 0.5174668214668218 0.01953125 0.05405405405405406
0 0.8603067765567767 0.5299084339084341 0.01953125 0.05405405405405406
0 0.8692977855477857 0.4994956034956037 0.01953125 0.05405405405405406
0 0.8782887945387946 0.5091724131724132 0.01953125 0.05405405405405406
0 0.8677992840492841 0.5547916587916589 0.01953125 0.05405405405405406
0 0.8802867965367966 0.5478796518796522 0.01953125 0.05405405405405406
0 0.8732937895437896 0.5865868905868907 0.01953125 0.05405405405405406
0 0.8737932900432901 0.6059405099405102 0.01953125 0.05405405405405406
0 0.871795288045288 0.6501773541773541 0.01953125 0.05405405405405406
0 0.8857813020313021 0.6570893610893612 0.01953125 0.05405405405405406
0 0.9027643190143191 0.6377357417357418 0.01953125 0.05405405405405406
0 0.8882788045288046 0.6142349182349184 0.01953125 0.05405405405405406
0 0.8862808025308025 0.572762876762877 0.01953125 0.05405405405405406
0 0.909757326007326 0.5782924822924825 0.01953125 0.05405405405405406
0 0.9012658175158177 0.5630860670860673 0.01953125 0.05405405405405406
0 0.8977693140193141 0.5229964269964271 0.01953125 0.05405405405405406
0 0.9092578255078256 0.5409676449676452 0.01953125 0.05405405405405406
0 0.911755328005328 0.5547916587916589 0.01953125 0.05405405405405406
0 0.9047623210123211 0.5133196173196175 0.01953125 0.05405405405405406
0 0.8982688145188146 0.4898187938187941 0.01953125 0.05405405405405406
0 0.8942728105228105 0.4773771813771814 0.01953125 0.05405405405405406
0 0.8892778055278057 0.4704651744651746 0.01953125 0.05405405405405406
0 0.888778305028305 0.45664116064116084 0.01953125 0.05405405405405406
0 0.8857813020313021 0.43175793575793575 0.01953125 0.05405405405405406
0 0.8957713120213121 0.4455819495819496 0.01953125 0.05405405405405406
0 0.898768315018315 0.41240431640431663 0.01953125 0.05405405405405406
0 0.9057613220113221 0.39581549981549996 0.01953125 0.05405405405405406
0 0.8962708125208125 0.38613869013869023 0.01953125 0.05405405405405406
0 0.8942728105228105 0.3750794790794791 0.01953125 0.05405405405405406
0 0.8882788045288046 0.37369707769707766 0.01953125 0.05405405405405406
0 0.887779304029304 0.4013451053451055 0.01953125 0.05405405405405406
0 0.909757326007326 0.3515786555786557 0.01953125 0.05405405405405406
0 0.901765318015318 0.3571082611082612 0.01953125 0.05405405405405406
0 0.900766317016317 0.3446666486666487 0.01953125 0.05405405405405406
0 0.9062608225108225 0.32393062793062805 0.01953125 0.05405405405405406
0 0.9002668165168166 0.30734181134181143 0.01953125 0.05405405405405406
0 0.8852818015318016 0.3031946071946072 0.01953125 0.05405405405405406
0 0.8797872960372961 0.32531302931302936 0.01953125 0.05405405405405406
0 0.8697972860472861 0.33637224037224045 0.01953125 0.05405405405405406
0 0.8677992840492841 0.29628260028260034 0.01953125 0.05405405405405406
0 0.8842828005328005 0.2893705933705934 0.01953125 0.05405405405405406
0 0.8842828005328005 0.2727817767817768 0.01953125 0.05405405405405406
0 0.8742927905427905 0.276928980928981 0.01953125 0.05405405405405406
0 0.8727942890442891 0.24098654498654493 0.01953125 0.05405405405405406
0 0.866800283050283 0.2534281574281575 0.01953125 0.05405405405405406
0 0.8553117715617716 0.28384098784098793 0.01953125 0.05405405405405406
0 0.8403267565767566 0.2755465795465796 0.01953125 0.05405405405405406
0 0.8378292540792541 0.2492809532809534 0.01953125 0.05405405405405406
0 0.8423247585747585 0.23822174222174225 0.01953125 0.05405405405405406
0 0.8358312520812521 0.22992733392733394 0.01953125 0.05405405405405406
0 0.7933737096237097 0.9722768762768766 0.01953125 0.05405405405405406
0 0.8108562271062272 0.9736592776592777 0.01953125 0.05405405405405406
0 0.7998672161172162 0.9114512154512158 0.01953125 0.05405405405405406
0 0.7888782051282052 0.8824207864207868 0.01953125 0.05405405405405406
0 0.7928742091242091 0.8616847656847658 0.01953125 0.05405405405405406
0 0.8063607226107227 0.7649166689166691 0.01953125 0.05405405405405406
0 0.8283387445887447 0.7358862398862398 0.01953125 0.05405405405405406
0 0.8388282550782551 0.7054734094734096 0.01953125 0.05405405405405406
0 0.8243427405927406 0.8464783504783506 0.01953125 0.05405405405405406
0 0.8213457375957376 0.8644495684495687 0.01953125 0.05405405405405406
0 0.8103567266067266 0.886567990567991 0.01953125 0.05405405405405406
0 0.8178492340992342 0.901774405774406 0.01953125 0.05405405405405406
0 0.8283387445887447 0.9155984195984197 0.01953125 0.05405405405405406
0 0.8283387445887447 0.8838031878031881 0.01953125 0.05405405405405406
0 0.8443227605727606 0.9460112500112501 0.01953125 0.05405405405405406
0 0.8278392440892441 0.95568805968806 0.01953125 0.05405405405405406
0 0.8138532301032301 0.9390992430992434 0.01953125 0.05405405405405406
0 0.8323347485847487 0.9736592776592777 0.01953125 0.05405405405405406
0 0.8283387445887447 0.9861008901008902 0.01953125 0.05405405405405406
0 0.868798285048285 0.9543056583056585 0.01953125 0.05405405405405406
0 0.8697972860472861 0.9100688140688142 0.01953125 0.05405405405405406
0 0.8463207625707626 0.928040032040032 0.01953125 0.05405405405405406
0 0.8523147685647685 0.8934799974799977 0.01953125 0.05405405405405406
0 0.8453217615717616 0.8105359145359149 0.01953125 0.05405405405405406
0 0.8543127705627706 0.7704462744462748 0.01953125 0.05405405405405406
0 0.8623047785547785 0.8091535131535132 0.01953125 0.05405405405405406
0 0.8663007825507826 0.8271247311247312 0.01953125 0.05405405405405406
0 0.8812857975357977 0.8464783504783506 0.01953125 0.05405405405405406
0 0.8852818015318016 0.8533903573903576 0.01953125 0.05405405405405406
0 0.8727942890442891 0.7331214371214373 0.01953125 0.05405405405405406
0 0.8922748085248087 0.7248270288270291 0.01953125 0.05405405405405406
0 0.9127543290043291 0.7027086067086068 0.01953125 0.05405405405405406
0 0.9077593240093241 0.6778253818253818 0.01953125 0.05405405405405406
0 0.9182488344988345 0.6598541638541641 0.01953125 0.05405405405405406
0 0.9267403429903431 0.6944141984141987 0.01953125 0.05405405405405406
0 0.9252418414918415 0.652942156942157 0.01953125 0.05405405405405406
0 0.9302368464868466 0.648794952794953 0.01953125 0.05405405405405406
0 0.9202468364968366 0.6225293265293266 0.01953125 0.05405405405405406
0 0.9182488344988345 0.5879692919692922 0.01953125 0.05405405405405406
0 0.9277393439893441 0.5879692919692922 0.01953125 0.05405405405405406
0 0.9247423409923411 0.5672332712332714 0.01953125 0.05405405405405406
0 0.9192478354978356 0.543732447732448 0.01953125 0.05405405405405406
0 0.9252418414918415 0.5382028422028423 0.01953125 0.05405405405405406
0 0.9192478354978356 0.5285260325260327 0.01953125 0.05405405405405406
0 0.931735347985348 0.5382028422028423 0.01953125 0.05405405405405406
0 0.9322348484848486 0.5630860670860673 0.01953125 0.05405405405405406
0 0.9407263569763571 0.5506444546444547 0.01953125 0.05405405405405406
0 0.9342328504828507 0.5893516933516934 0.01953125 0.05405405405405406
0 0.9402268564768566 0.6156173196173198 0.01953125 0.05405405405405406
0 0.9462208624708625 0.6557069597069598 0.01953125 0.05405405405405406
0 0.952714368964369 0.6612365652365655 0.01953125 0.05405405405405406
0 0.9572098734598734 0.6252941292941293 0.01953125 0.05405405405405406
0 0.9582088744588745 0.5948812988812989 0.01953125 0.05405405405405406
0 0.9482188644688645 0.6031757071757073 0.01953125 0.05405405405405406
0 0.975691391941392 0.6557069597069598 0.01953125 0.05405405405405406
0 0.9652018814518816 0.6557069597069598 0.01953125 0.05405405405405406
0 0.9532138694638695 0.7040910080910083 0.01953125 0.05405405405405406
0 0.9412258574758575 0.6902669942669946 0.01953125 0.05405405405405406
0 0.9257413419913421 0.7759758799758801 0.01953125 0.05405405405405406
0 0.9617053779553781 0.7192974232974235 0.01953125 0.05405405405405406
0 0.9721948884448885 0.6944141984141987 0.01953125 0.05405405405405406
0 0.9821848984348985 0.7027086067086068 0.01953125 0.05405405405405406
0 0.9911759074259074 0.7234446274446275 0.01953125 0.05405405405405406
0 0.9781888944388945 0.9155984195984197 0.01953125 0.05405405405405406
0 0.9552118714618716 0.9432464472464474 0.01953125 0.05405405405405406
0 0.952714368964369 0.9031568071568072 0.01953125 0.05405405405405406
0 0.931735347985348 0.9031568071568072 0.01953125 0.05405405405405406
0 0.9142528305028305 0.9155984195984197 0.01953125 0.05405405405405406
0 0.90376332001332 0.879655983655984 0.01953125 0.05405405405405406
0 0.8892778055278057 0.8768911808911811 0.01953125 0.05405405405405406
0 0.9042628205128205 0.8381839421839425 0.01953125 0.05405405405405406
0 0.8882788045288046 0.901774405774406 0.01953125 0.05405405405405406
0 0.888778305028305 0.944628848628849 0.01953125 0.05405405405405406
0 0.9002668165168166 0.9252752292752295 0.01953125 0.05405405405405406
0 0.9027643190143191 0.9543056583056585 0.01953125 0.05405405405405406
0 0.8902768065268066 0.9916304956304958 0.01953125 0.05405405405405406
0 0.9182488344988345 0.9487760527760529 0.01953125 0.05405405405405406
0 0.9422248584748586 0.9570704610704613 0.01953125 0.05405405405405406
0 0.9612058774558775 0.9861008901008902 0.01953125 0.05405405405405406
0 0.9751918914418916 0.8977683217683214 0.01953125 0.05405405405405406
0 0.975691391941392 0.7609105849105848 0.01953125 0.05405405405405406
0 0.95371336996337 0.7747345987345986 0.01953125 0.05405405405405406
0 0.9836833999333999 0.628200052200052 0.01953125 0.05405405405405406
0 0.970696386946387 0.6199056439056436 0.01953125 0.05405405405405406
0 0.9721948884448885 0.5977872217872215 0.01953125 0.05405405405405406
0 0.9796873959373961 0.599169623169623 0.01953125 0.05405405405405406
0 0.985681401931402 0.5936400176400176 0.01953125 0.05405405405405406
0 0.990676406926407 0.5494031734031731 0.01953125 0.05405405405405406
0 0.9721948884448885 0.5590799830799827 0.01953125 0.05405405405405406
0 0.9612058774558775 0.5632271872271872 0.01953125 0.05405405405405406
0 0.9462208624708625 0.5729039969039967 0.01953125 0.05405405405405406
0 0.9507163669663671 0.552167976167976 0.01953125 0.05405405405405406
0 0.9572098734598734 0.5272847512847512 0.01953125 0.05405405405405406
0 0.9482188644688645 0.5259023499023497 0.01953125 0.05405405405405406
0 0.9272398434898436 0.5217551457551455 0.01953125 0.05405405405405406
0 0.9172498334998336 0.4871951111951111 0.01953125 0.05405405405405406
0 0.9167503330003332 0.4636942876942875 0.01953125 0.05405405405405406
0 0.9102568265068266 0.44434066834066827 0.01953125 0.05405405405405406
0 0.909757326007326 0.42913425313425296 0.01953125 0.05405405405405406
0 0.9152518315018315 0.4166926406926404 0.01953125 0.05405405405405406
0 0.9157513320013321 0.3918094158094156 0.01953125 0.05405405405405406
0 0.920746336996337 0.38213260613260586 0.01953125 0.05405405405405406
0 0.9292378454878455 0.3793678033678032 0.01953125 0.05405405405405406
0 0.9362308524808525 0.38904461304461274 0.01953125 0.05405405405405406
0 0.9372298534798535 0.40148622548622515 0.01953125 0.05405405405405406
0 0.9367303529803531 0.4097806337806336 0.01953125 0.05405405405405406
0 0.9292378454878455 0.42775185175185154 0.01953125 0.05405405405405406
0 0.9312358474858475 0.45954708354708323 0.01953125 0.05405405405405406
0 0.9272398434898436 0.4097806337806336 0.01953125 0.05405405405405406
0 0.9532138694638695 0.440193464193464 0.01953125 0.05405405405405406
0 0.9532138694638695 0.42360464760464744 0.01953125 0.05405405405405406
0 0.9507163669663671 0.4001038241038239 0.01953125 0.05405405405405406
0 0.942724358974359 0.38627981027980995 0.01953125 0.05405405405405406
0 0.9402268564768566 0.3627789867789865 0.01953125 0.05405405405405406
0 0.952714368964369 0.37245579645579613 0.01953125 0.05405405405405406
0 0.9582088744588745 0.38213260613260586 0.01953125 0.05405405405405406
0 0.9592078754578754 0.40286862686862657 0.01953125 0.05405405405405406
0 0.9592078754578754 0.4125454365454363 0.01953125 0.05405405405405406
0 0.9617053779553781 0.42913425313425296 0.01953125 0.05405405405405406
0 0.9612058774558775 0.4540174780174778 0.01953125 0.05405405405405406
0 0.9701968864468865 0.46092948492948466 0.01953125 0.05405405405405406
0 0.9632038794538795 0.47198869598869586 0.01953125 0.05405405405405406
0 0.962704378954379 0.4941071181071179 0.01953125 0.05405405405405406
0 0.9562108724608727 0.5024015264015264 0.01953125 0.05405405405405406
0 0.9691978854478854 0.5024015264015264 0.01953125 0.05405405405405406
0 0.968698384948385 0.5162255402255399 0.01953125 0.05405405405405406
0 0.9771898934398936 0.5024015264015264 0.01953125 0.05405405405405406
0 0.9841829004329006 0.4996367236367235 0.01953125 0.05405405405405406
0 0.9761908924408926 0.4816655056655055 0.01953125 0.05405405405405406
0 0.977689393939394 0.46645909045909023 0.01953125 0.05405405405405406
0 0.9851819014319015 0.46645909045909023 0.01953125 0.05405405405405406
0 0.9781888944388945 0.4498702738702737 0.01953125 0.05405405405405406
0 0.988678404928405 0.45539987939987925 0.01953125 0.05405405405405406
0 0.9632038794538795 0.3544845784845782 0.01953125 0.05405405405405406
0 0.9681988844488845 0.339278163278163 0.01953125 0.05405405405405406
0 0.9716953879453881 0.3309837549837547 0.01953125 0.05405405405405406
0 0.9681988844488845 0.36830859230859203 0.01953125 0.05405405405405406
0 0.9731938894438895 0.3835150075150073 0.01953125 0.05405405405405406
0 0.9731938894438895 0.3973390213390211 0.01953125 0.05405405405405406
0 0.968698384948385 0.41116303516303504 0.01953125 0.05405405405405406
0 0.9811858974358975 0.41116303516303504 0.01953125 0.05405405405405406
0 0.9761908924408926 0.4305166545166542 0.01953125 0.05405405405405406
0 0.987679403929404 0.4305166545166542 0.01953125 0.05405405405405406
0 0.9971699134199136 0.44848787248787225 0.01953125 0.05405405405405406
0 0.998668414918415 0.47198869598869586 0.01953125 0.05405405405405406
0 0.9961709124209126 0.4885775125775123 0.01953125 0.05405405405405406
0 0.9966704129204129 0.5065487305487303 0.01953125 0.05405405405405406
0 0.9981689144189145 0.37798540198540176 0.01953125 0.05405405405405406
0 0.987679403929404 0.34480776880776853 0.01953125 0.05405405405405406
0 0.980686396936397 0.3461901701901699 0.01953125 0.05405405405405406
0 0.985681401931402 0.32130694530694515 0.01953125 0.05405405405405406
0 0.9866804029304029 0.30333572733572706 0.01953125 0.05405405405405406
0 0.9791878954378954 0.29089411489411465 0.01953125 0.05405405405405406
0 0.9841829004329006 0.25633408033408 0.01953125 0.05405405405405406
0 0.9941729104229106 0.2729228969228967 0.01953125 0.05405405405405406
0 0.9901769064269065 0.24527486927486902 0.01953125 0.05405405405405406
0 0.9966704129204129 0.2508044748044745 0.01953125 0.05405405405405406
0 0.9921749084249085 0.22453884853884817 0.01953125 0.05405405405405406
0 0.9911759074259074 0.19689082089082055 0.01953125 0.05405405405405406
0 0.9796873959373961 0.11947634347634317 0.01953125 0.05405405405405406
0 0.9871799034299036 0.1291531531531529 0.01953125 0.05405405405405406
0 0.984682400932401 0.10426992826992797 0.01953125 0.05405405405405406
0 0.9607063769563771 0.3116301356301354 0.01953125 0.05405405405405406
0 0.9662008824508826 0.32130694530694515 0.01953125 0.05405405405405406
0 0.945721361971362 0.3074829314829313 0.01953125 0.05405405405405406
0 0.9502168664668665 0.29642372042372017 0.01953125 0.05405405405405406
0 0.9342328504828507 0.28812931212931187 0.01953125 0.05405405405405406
0 0.9367303529803531 0.30195332595332564 0.01953125 0.05405405405405406
0 0.9302368464868466 0.310247734247734 0.01953125 0.05405405405405406
0 0.9247423409923411 0.339278163278163 0.01953125 0.05405405405405406
0 0.9152518315018315 0.3116301356301354 0.01953125 0.05405405405405406
0 0.9182488344988345 0.28951171351171323 0.01953125 0.05405405405405406
0 0.9182488344988345 0.26739329139329115 0.01953125 0.05405405405405406
0 0.9147523310023311 0.24527486927486902 0.01953125 0.05405405405405406
0 0.9022648185148187 0.2770701010701008 0.01953125 0.05405405405405406
0 0.8927743090243091 0.26186368586368564 0.01953125 0.05405405405405406
0 0.8882788045288046 0.2535692775692772 0.01953125 0.05405405405405406
0 0.8832837995337995 0.238362862362862 0.01953125 0.05405405405405406
0 0.7748921911421912 0.22868605268605213 0.01953125 0.05405405405405406
0 0.7599071761571761 0.2259212499212496 0.01953125 0.05405405405405406
0 0.7549121711621712 0.2535692775692772 0.01953125 0.05405405405405406
0 0.7614056776556777 0.24803967203967184 0.01953125 0.05405405405405406
0 0.7539131701631702 0.2770701010701006 0.01953125 0.05405405405405406
0 0.7469201631701633 0.20380282780282732 0.01953125 0.05405405405405406
0 0.7349321511821513 0.1291531531531528 0.01953125 0.05405405405405406
0 0.7254416416916417 0.10565232965232925 0.01953125 0.05405405405405406
0 0.7983687146187146 0.25771648171648115 0.01953125 0.05405405405405406
0 0.8083587246087246 0.227303651303651 0.01953125 0.05405405405405406
0 0.7918752081252082 0.20380282780282732 0.01953125 0.05405405405405406
0 0.7873797036297037 0.19689082089082055 0.01953125 0.05405405405405406
0 0.7833836996336997 0.1816844056844053 0.01953125 0.05405405405405406
0 0.8108562271062272 0.1637131877131873 0.01953125 0.05405405405405406
0 0.8083587246087246 0.18997881397881364 0.01953125 0.05405405405405406
0 0.8008662171162172 0.18306680706680672 0.01953125 0.05405405405405406
0 0.7963707126207127 0.17477239877239845 0.01953125 0.05405405405405406
0 0.7604066766566767 0.08076910476910443 0.01953125 0.05405405405405406
0 0.7544126706626707 0.0766219006219002 0.01953125 0.05405405405405406
0 0.7404266566766567 0.12224114624114586 0.01953125 0.05405405405405406
0 0.7359311521811522 0.10426992826992783 0.01953125 0.05405405405405406
0 0.7863807026307027 0.1595659835659831 0.01953125 0.05405405405405406
0 0.7803866966366967 0.14850677250677208 0.01953125 0.05405405405405406
0 0.7718951881451881 0.1429771669771667 0.01953125 0.05405405405405406
0 0.8363307525807526 0.16509558909558872 0.01953125 0.05405405405405406
0 0.8233437395937396 0.12638835038835008 0.01953125 0.05405405405405406
0 0.802864219114219 0.14850677250677208 0.01953125 0.05405405405405406
0 0.8043627206127207 0.16233078633078588 0.01953125 0.05405405405405406
0 0.7958712121212121 0.15265397665397631 0.01953125 0.05405405405405406
0 0.7883787046287046 0.14021236421236377 0.01953125 0.05405405405405406
0 0.7973697136197138 0.12638835038835008 0.01953125 0.05405405405405406
0 0.7848822011322011 0.12638835038835008 0.01953125 0.05405405405405406
0 0.7848822011322011 0.10841713241713205 0.01953125 0.05405405405405406
0 0.7773896936396936 0.10841713241713205 0.01953125 0.05405405405405406
0 0.7788881951381952 0.09874032274032234 0.01953125 0.05405405405405406
0 0.824842241092241 0.16509558909558872 0.01953125 0.05405405405405406
0 0.8133537296037296 0.13744756144756107 0.01953125 0.05405405405405406
0 0.931735347985348 0.260481284481284 0.01953125 0.05405405405405406
0 0.9277393439893441 0.24251006651006618 0.01953125 0.05405405405405406
0 0.9462208624708625 0.267393291393291 0.01953125 0.05405405405405406
0 0.955711371961372 0.26601089001088957 0.01953125 0.05405405405405406
0 0.9442228604728606 0.238362862362862 0.01953125 0.05405405405405406
0 0.9392278554778555 0.23698046098046058 0.01953125 0.05405405405405406
0 0.9332338494838496 0.23559805959805916 0.01953125 0.05405405405405406
0 0.8762907925407926 0.20518522918522897 0.01953125 0.05405405405405406
0 0.8697972860472861 0.20242042642042593 0.01953125 0.05405405405405406
0 0.8633037795537796 0.21900924300924268 0.01953125 0.05405405405405406
0 0.8573097735597737 0.21209723609723577 0.01953125 0.05405405405405406
0 0.855811272061272 0.23698046098046058 0.01953125 0.05405405405405406
0 0.8503167665667666 0.238362862362862 0.01953125 0.05405405405405406
0 0.6924746087246086 0.08353390753390712 0.01953125 0.05405405405405406
0 0.7384286546786547 0.0862987102987098 0.01953125 0.05405405405405406
0 0.7294376456876457 0.09321071721071685 0.01953125 0.05405405405405406
0 0.8228442390942392 0.14159476559476505 0.01953125 0.05405405405405406
0 0.8273397435897437 0.14159476559476505 0.01953125 0.05405405405405406
0 0.8378292540792541 0.1457419697419694 0.01953125 0.05405405405405406
0 0.8438232600732603 0.13744756144756107 0.01953125 0.05405405405405406
0 0.8378292540792541 0.13191795591795558 0.01953125 0.05405405405405406
0 0.8318352480852482 0.12362354762354728 0.01953125 0.05405405405405406
0 0.8478192640692641 0.12500594900594866 0.01953125 0.05405405405405406
0 0.8508162670662671 0.14988917388917347 0.01953125 0.05405405405405406
0 0.8453217615717616 0.19965562365562325 0.01953125 0.05405405405405406
0 0.8523147685647685 0.1816844056844053 0.01953125 0.05405405405405406
0 0.888778305028305 0.22039164439164394 0.01953125 0.05405405405405406
0 0.8972698135198136 0.20933243333243295 0.01953125 0.05405405405405406
0 0.8922748085248087 0.20380282780282732 0.01953125 0.05405405405405406
0 0.8927743090243091 0.1816844056844053 0.01953125 0.05405405405405406
0 0.8962708125208125 0.16509558909558872 0.01953125 0.05405405405405406
0 0.8842828005328005 0.15680118080118038 0.01953125 0.05405405405405406
0 0.878788295038295 0.1678603918603915 0.01953125 0.05405405405405406
0 0.8757912920412921 0.1816844056844053 0.01953125 0.05405405405405406
0 0.8663007825507826 0.17477239877239845 0.01953125 0.05405405405405406
0 0.8608062770562771 0.16094838494838473 0.01953125 0.05405405405405406
0 0.8648022810522812 0.16094838494838473 0.01953125 0.05405405405405406
0 0.8692977855477857 0.1512715752715749 0.01953125 0.05405405405405406
0 0.8648022810522812 0.1429771669771667 0.01953125 0.05405405405405406
0 0.9332338494838496 0.1678603918603915 0.01953125 0.05405405405405406
0 0.9322348484848486 0.12085874485874445 0.01953125 0.05405405405405406
0 0.9467203629703631 0.13606516006515967 0.01953125 0.05405405405405406
0 0.9542128704628706 0.20380282780282732 0.01953125 0.05405405405405406
0 0.9392278554778555 0.1761548001547998 0.01953125 0.05405405405405406
0 0.910756327006327 0.18030200430200394 0.01953125 0.05405405405405406
0 0.9157513320013321 0.1678603918603915 0.01953125 0.05405405405405406
0 0.910756327006327 0.13744756144756107 0.01953125 0.05405405405405406
0 0.9027643190143191 0.1512715752715749 0.01953125 0.05405405405405406
0 0.8982688145188146 0.14712437112437068 0.01953125 0.05405405405405406
0 0.8892778055278057 0.13606516006515967 0.01953125 0.05405405405405406
0 0.8807862970362971 0.13191795591795558 0.01953125 0.05405405405405406
0 0.8777892940392941 0.11256433656433613 0.01953125 0.05405405405405406
0 0.8942728105228105 0.09459311859311824 0.01953125 0.05405405405405406
0 0.8303367465867466 0.10703473103473064 0.01953125 0.05405405405405406
0 0.834832251082251 0.11256433656433613 0.01953125 0.05405405405405406
0 0.8243427405927406 0.10426992826992783 0.01953125 0.05405405405405406
0 0.8203467365967366 0.11118193518193488 0.01953125 0.05405405405405406
0 0.8183487345987346 0.10979953379953346 0.01953125 0.05405405405405406
0 0.8128542291042292 0.10979953379953346 0.01953125 0.05405405405405406
0 0.8103567266067266 0.11256433656433613 0.01953125 0.05405405405405406
0 0.8098572261072262 0.06556268956268921 0.01953125 0.05405405405405406
0 0.802864219114219 0.11256433656433613 0.01953125 0.05405405405405406
0 0.7673996836496836 0.0697098937098933 0.01953125 0.05405405405405406
0 0.7723946886446887 0.05865068265068217 0.01953125 0.05405405405405406
0 0.7713956876456877 0.04897387297387258 0.01953125 0.05405405405405406
0 0.7688981851481852 0.05450347850347808 0.01953125 0.05405405405405406
0 0.7624046786546788 0.05035627435627399 0.01953125 0.05405405405405406
0 0.7464206626706626 0.06279788679788639 0.01953125 0.05405405405405406
0 0.7444226606726607 0.06556268956268921 0.01953125 0.05405405405405406
0 0.6779890942390943 0.09182831582831542 0.01953125 0.05405405405405406
0 0.6704965867465866 0.08906351306351261 0.01953125 0.05405405405405406
0 0.6655015817515818 0.08353390753390712 0.01953125 0.05405405405405406
0 0.6595075757575758 0.08768111168111122 0.01953125 0.05405405405405406
0 0.6565105727605728 0.08215150615150583 0.01953125 0.05405405405405406
0 0.6480190642690643 0.07109229509229471 0.01953125 0.05405405405405406
0 0.6430240592740593 0.07385709785709739 0.01953125 0.05405405405405406
0 0.6405265567765568 0.07938670338670302 0.01953125 0.05405405405405406
0 0.6355315517815519 0.0752394992394988 0.01953125 0.05405405405405406
0 0.6300370462870464 0.08768111168111122 0.01953125 0.05405405405405406
0 0.6210460372960372 0.08076910476910443 0.01953125 0.05405405405405406
0 0.6295375457875457 0.0641802881802878 0.01953125 0.05405405405405406
0 0.8403267565767566 0.09459311859311824 0.01953125 0.05405405405405406
0 0.8323347485847487 0.05035627435627399 0.01953125 0.05405405405405406
0 0.8263407425907426 0.05035627435627399 0.01953125 0.05405405405405406
0 0.8188482350982351 0.03929706329706286 0.01953125 0.05405405405405406
0 0.8223447385947387 0.0766219006219002 0.01953125 0.05405405405405406
0 0.8238432400932401 0.08215150615150583 0.01953125 0.05405405405405406
0 0.952714368964369 0.17477239877239845 0.01953125 0.05405405405405406
0 0.9781888944388945 0.24251006651006618 0.01953125 0.05405405405405406
0 0.9562108724608727 0.22868605268605213 0.01953125 0.05405405405405406
0 0.9532138694638695 0.2259212499212496 0.01953125 0.05405405405405406
0 0.9467203629703631 0.2065676305676301 0.01953125 0.05405405405405406
0 0.9182488344988345 0.2259212499212496 0.01953125 0.05405405405405406
0 0.92374333999334 0.1595659835659831 0.01953125 0.05405405405405406
0 0.9167503330003332 0.15265397665397631 0.01953125 0.05405405405405406
0 0.8603067765567767 0.09321071721071685 0.01953125 0.05405405405405406
0 0.8523147685647685 0.11118193518193488 0.01953125 0.05405405405405406
0 0.8483187645687646 0.09597551997551965 0.01953125 0.05405405405405406
0 0.8473197635697637 0.10703473103473064 0.01953125 0.05405405405405406
0 0.8712957875457877 0.1291531531531528 0.01953125 0.05405405405405406
0 0.8583087745587746 0.13606516006515967 0.01953125 0.05405405405405406
0 0.6842328504828508 0.07523949923949906 0.01953125 0.05405405405405406
0 0.6742428404928408 0.07523949923949906 0.01953125 0.05405405405405406
0 0.6692478354978357 0.06832749232749216 0.01953125 0.05405405405405406
0 0.6607563270063271 0.07109229509229484 0.01953125 0.05405405405405406
0 0.6987183649683653 0.06970989370989356 0.01953125 0.05405405405405406
0 0.6897273559773562 0.06832749232749216 0.01953125 0.05405405405405406
0 0.6947223609723612 0.07800430200430188 0.01953125 0.05405405405405406
0 0.7102068764568766 0.07385709785709765 0.01953125 0.05405405405405406
0 0.7186983849483852 0.03791466191466172 0.01953125 0.05405405405405406
0 0.7042128704628707 0.06141548541548525 0.01953125 0.05405405405405406
0 0.7077093739593743 0.053121077121076936 0.01953125 0.05405405405405406
0 0.7286883949383952 0.043444267444267215 0.01953125 0.05405405405405406
0 0.7321848984348986 0.03791466191466172 0.01953125 0.05405405405405406
0 0.7361809024309027 0.015796239796239592 0.01953125 0.05405405405405406
0 0.7441729104229107 0.017178641178641 0.01953125 0.05405405405405406
0 0.7481689144189146 0.015796239796239592 0.01953125 0.05405405405405406
0 0.7481689144189146 0.04482666882666862 0.01953125 0.05405405405405406
0 0.7516654179154182 0.04482666882666862 0.01953125 0.05405405405405406
0 0.7581589244089247 0.03238505638505622 0.01953125 0.05405405405405406
0 0.7356814019314022 0.048973872973872845 0.01953125 0.05405405405405406
0 0.7301868964368967 0.06279788679788666 0.01953125 0.05405405405405406
0 0.7316853979353982 0.08215150615150596 0.01953125 0.05405405405405406
0 0.7366804029304032 0.06832749232749216 0.01953125 0.05405405405405406
0 0.7676494338994342 0.010266634266633963 0.01953125 0.05405405405405406
0 0.7676494338994342 0.031002655002654814 0.01953125 0.05405405405405406
0 0.7956214618714622 0.06418028818028806 0.01953125 0.05405405405405406
0 0.7801369463869468 0.06418028818028806 0.01953125 0.05405405405405406
0 0.7801369463869468 0.08215150615150596 0.01953125 0.05405405405405406
0 0.7721449383949387 0.08215150615150596 0.01953125 0.05405405405405406
0 0.7731439393939397 0.09874032274032259 0.01953125 0.05405405405405406
0 0.7741429403929407 0.1180939420939419 0.01953125 0.05405405405405406
0 0.8423247585747585 0.07938670338670314 0.01953125 0.05405405405405406
0 0.8463207625707626 0.06279788679788653 0.01953125 0.05405405405405406
0 0.8413257575757576 0.05588587988587962 0.01953125 0.05405405405405406
0 0.8443227605727606 0.05035627435627399 0.01953125 0.05405405405405406
0 0.8543127705627706 0.061415485415485124 0.01953125 0.05405405405405406
0 0.8583087745587746 0.06970989370989343 0.01953125 0.05405405405405406
0 0.8543127705627706 0.07800430200430175 0.01953125 0.05405405405405406
0 0.8603067765567767 0.07938670338670314 0.01953125 0.05405405405405406
0 0.8658012820512822 0.08768111168111146 0.01953125 0.05405405405405406
0 0.868798285048285 0.051738675738675396 0.01953125 0.05405405405405406
0 0.8628042790542791 0.04482666882666862 0.01953125 0.05405405405405406
0 0.8742927905427905 0.043444267444267215 0.01953125 0.05405405405405406
0 0.8857813020313021 0.06279788679788653 0.01953125 0.05405405405405406
0 0.95371336996337 0.14574196974196954 0.01953125 0.05405405405405406
0 0.9572098734598734 0.1415947655947653 0.01953125 0.05405405405405406
0 0.9981689144189145 0.04897387297387272 0.01953125 0.05405405405405406
0 0.9716953879453881 0.05450347850347821 0.01953125 0.05405405405405406
0 0.1362808025308026 0.02962658962658958 0.01953125 0.05405405405405406
0 0.1422748085248086 0.031008991008990988 0.01953125 0.05405405405405406
0 0.14726981351981358 0.0448330048330048 0.01953125 0.05405405405405406
0 0.15226481851481855 0.043450603450603455 0.01953125 0.05405405405405406
0 0.15626082251082257 0.021332181332181333 0.01953125 0.05405405405405406
0 0.16924783549783556 0.013037773037773018 0.01953125 0.05405405405405406
0 0.16475233100233108 0.037920997920997894 0.01953125 0.05405405405405406
0 0.16175532800532808 0.058657018657018604 0.01953125 0.05405405405405406
0 0.15676032301032308 0.07109863109863108 0.01953125 0.05405405405405406
0 0.15326381951381957 0.06418662418662417 0.01953125 0.05405405405405406
0 0.14327380952380958 0.06556902556902551 0.01953125 0.05405405405405406
0 0.18073634698634702 0.07939303939303939 0.01953125 0.05405405405405406
0 0.2411759074259075 0.06695142695142693 0.01953125 0.05405405405405406
0 0.23318389943389953 0.08492264492264495 0.01953125 0.05405405405405406
0 0.24367340992341 0.08215784215784214 0.01953125 0.05405405405405406
0 0.2451719114219115 0.06695142695142693 0.01953125 0.05405405405405406
0 0.2451719114219115 0.05589221589221593 0.01953125 0.05405405405405406
0 0.2561609224109225 0.051745011745011706 0.01953125 0.05405405405405406
0 0.25815892440892446 0.03377379377379381 0.01953125 0.05405405405405406
0 0.25016691641691646 0.018567378567378584 0.01953125 0.05405405405405406
0 0.26515193140193144 0.0462154062154062 0.01953125 0.05405405405405406
0 0.264652430902431 0.05312741312741311 0.01953125 0.05405405405405406
0 0.265651431901432 0.08492264492264495 0.01953125 0.05405405405405406
0 0.25516192141192146 0.10151146151146151 0.01953125 0.05405405405405406
0 0.27064643689643697 0.06556902556902551 0.01953125 0.05405405405405406
0 0.27713994338994347 0.06556902556902551 0.01953125 0.05405405405405406
0 0.28213494838494846 0.06418662418662417 0.01953125 0.05405405405405406
0 0.2781389443889445 0.047597807597807615 0.01953125 0.05405405405405406
0 0.26964743589743595 0.032391392391392396 0.01953125 0.05405405405405406
0 0.27464244089244094 0.03377379377379381 0.01953125 0.05405405405405406
0 0.2781389443889445 0.025479385479385486 0.01953125 0.05405405405405406
0 0.28413295038295044 0.037920997920997894 0.01953125 0.05405405405405406
0 0.28762945387945393 0.05312741312741311 0.01953125 0.05405405405405406
0 0.29012695637695646 0.06003942003942002 0.01953125 0.05405405405405406
0 0.29562146187146193 0.06280422280422283 0.01953125 0.05405405405405406
0 0.29512196137196145 0.047597807597807615 0.01953125 0.05405405405405406
0 0.29512196137196145 0.025479385479385486 0.01953125 0.05405405405405406
0 0.30011696636696644 0.03653859653859648 0.01953125 0.05405405405405406
0 0.3006164668664669 0.008890568890568863 0.01953125 0.05405405405405406
0 0.3056114718614719 0.01718497718497718 0.01953125 0.05405405405405406
0 0.31210497835497847 0.013037773037773018 0.01953125 0.05405405405405406
0 0.30411297036297047 0.0462154062154062 0.01953125 0.05405405405405406
0 0.3011159673659674 0.06142182142182142 0.01953125 0.05405405405405406
0 0.30611097236097246 0.06418662418662417 0.01953125 0.05405405405405406
0 0.31210497835497847 0.07386343386343383 0.01953125 0.05405405405405406
0 0.3166004828504829 0.06971622971622973 0.01953125 0.05405405405405406
0 0.31460248085248094 0.05450981450981452 0.01953125 0.05405405405405406
0 0.30960747585747594 0.051745011745011706 0.01953125 0.05405405405405406
0 0.31460248085248094 0.03653859653859648 0.01953125 0.05405405405405406
0 0.31959748584748593 0.043450603450603455 0.01953125 0.05405405405405406
0 0.3200969863469864 0.021332181332181333 0.01953125 0.05405405405405406
0 0.3235934898434899 0.032391392391392396 0.01953125 0.05405405405405406
0 0.32758949383949393 0.026861786861786894 0.01953125 0.05405405405405406
0 0.32559149184149194 0.018567378567378584 0.01953125 0.05405405405405406
0 0.31959748584748593 0.008890568890568863 0.01953125 0.05405405405405406
0 0.33108599733599736 0.013037773037773018 0.01953125 0.05405405405405406
0 0.3365805028305029 0.01027297027297027 0.01953125 0.05405405405405406
0 0.3345825008325009 0.03515619515619514 0.01953125 0.05405405405405406
0 0.3295874958374959 0.0462154062154062 0.01953125 0.05405405405405406
0 0.3240929903429904 0.06280422280422283 0.01953125 0.05405405405405406
0 0.3230939893439894 0.07524583524583524 0.01953125 0.05405405405405406
0 0.3285884948384949 0.07801063801063805 0.01953125 0.05405405405405406
0 0.33108599733599736 0.06003942003942002 0.01953125 0.05405405405405406
0 0.3360810023310024 0.06280422280422283 0.01953125 0.05405405405405406
0 0.3400770063270064 0.04206820206820205 0.01953125 0.05405405405405406
0 0.3400770063270064 0.02962658962658958 0.01953125 0.05405405405405406
0 0.34956751581751594 0.032391392391392396 0.01953125 0.05405405405405406
0 0.34756951381951395 0.0462154062154062 0.01953125 0.05405405405405406
0 0.3565605228105229 0.031008991008990988 0.01953125 0.05405405405405406
0 0.3560610223110224 0.019949779949779926 0.01953125 0.05405405405405406
0 0.35306401931401943 0.006125766125766113 0.01953125 0.05405405405405406
0 0.36255452880452893 0.011655371655371678 0.01953125 0.05405405405405406
0 0.3620550283050284 0.02409698409698408 0.01953125 0.05405405405405406
0 0.3595575258075258 0.037920997920997894 0.01953125 0.05405405405405406
0 0.36005702630702635 0.058657018657018604 0.01953125 0.05405405405405406
0 0.3615555278055279 0.07524583524583524 0.01953125 0.05405405405405406
0 0.3490680153180154 0.08354024354024354 0.01953125 0.05405405405405406
0 0.3360810023310024 0.07801063801063805 0.01953125 0.05405405405405406
0 0.34956751581751594 0.06418662418662417 0.01953125 0.05405405405405406
0 0.3510660173160174 0.05589221589221593 0.01953125 0.05405405405405406
0 0.36754953379953387 0.0448330048330048 0.01953125 0.05405405405405406
0 0.36754953379953387 0.02824418824418824 0.01953125 0.05405405405405406
0 0.3735435397935399 0.021332181332181333 0.01953125 0.05405405405405406
0 0.3800370462870463 0.014420174420174426 0.01953125 0.05405405405405406
0 0.38103604728604734 0.02962658962658958 0.01953125 0.05405405405405406
0 0.37554154179154187 0.037920997920997894 0.01953125 0.05405405405405406
0 0.37753954378954385 0.05312741312741311 0.01953125 0.05405405405405406
0 0.37454254079254085 0.06695142695142693 0.01953125 0.05405405405405406
0 0.3780390442890444 0.07524583524583524 0.01953125 0.05405405405405406
0 0.38253454878454884 0.051745011745011706 0.01953125 0.05405405405405406
0 0.38603105228105233 0.0462154062154062 0.01953125 0.05405405405405406
0 0.38902805527805534 0.032391392391392396 0.01953125 0.05405405405405406
0 0.3920250582750584 0.0462154062154062 0.01953125 0.05405405405405406
0 0.39452256077256087 0.02962658962658958 0.01953125 0.05405405405405406
0 0.3895275557775559 0.01027297027297027 0.01953125 0.05405405405405406
0 0.3865305527805528 0.02271458271458267 0.01953125 0.05405405405405406
0 0.3920250582750584 0.05727461727461727 0.01953125 0.05405405405405406
0 0.40101606726606737 0.058657018657018604 0.01953125 0.05405405405405406
0 0.4015155677655678 0.037920997920997894 0.01953125 0.05405405405405406
0 0.41050657675657687 0.03515619515619514 0.01953125 0.05405405405405406
0 0.4085085747585748 0.05450981450981452 0.01953125 0.05405405405405406
0 0.4085085747585748 0.06833382833382834 0.01953125 0.05405405405405406
0 0.41450258075258084 0.06556902556902551 0.01953125 0.05405405405405406
0 0.41450258075258084 0.048980208980209015 0.01953125 0.05405405405405406
0 0.41899808524808535 0.05036261036261036 0.01953125 0.05405405405405406
0 0.42049658674658685 0.06556902556902551 0.01953125 0.05405405405405406
0 0.4219950882450883 0.07386343386343383 0.01953125 0.05405405405405406
0 0.4249920912420913 0.05312741312741311 0.01953125 0.05405405405405406
0 0.43198509823509834 0.05312741312741311 0.01953125 0.05405405405405406
0 0.40900807525807537 0.007508167508167455 0.01953125 0.05405405405405406
0 0.41600108225108234 0.007508167508167455 0.01953125 0.05405405405405406
0 0.4419751082251083 0.018567378567378584 0.01953125 0.05405405405405406
0 0.44996711621711627 0.01718497718497718 0.01953125 0.05405405405405406
0 0.4554616217116218 0.01718497718497718 0.01953125 0.05405405405405406
0 0.4564606227106228 0.01027297027297027 0.01953125 0.05405405405405406
0 0.4629541292041293 0.011655371655371678 0.01953125 0.05405405405405406
0 0.46894813519813533 0.013037773037773018 0.01953125 0.05405405405405406
0 0.46445263070263076 0.04068580068580071 0.01953125 0.05405405405405406
0 0.45396312021312024 0.06003942003942002 0.01953125 0.05405405405405406
0 0.4399771062271063 0.07248103248103249 0.01953125 0.05405405405405406
0 0.4354816017316017 0.08354024354024354 0.01953125 0.05405405405405406
0 0.43048659673659684 0.07939303939303939 0.01953125 0.05405405405405406
0 0.4229940892440893 0.09183465183465186 0.01953125 0.05405405405405406
0 0.4619551282051283 0.06003942003942002 0.01953125 0.05405405405405406
0 0.46445263070263076 0.06418662418662417 0.01953125 0.05405405405405406
0 0.4719451381951383 0.05589221589221593 0.01953125 0.05405405405405406
0 0.4734436396936398 0.0448330048330048 0.01953125 0.05405405405405406
0 0.4789381451881453 0.05450981450981452 0.01953125 0.05405405405405406
0 0.48593115218115224 0.047597807597807615 0.01953125 0.05405405405405406
0 0.48093614718614713 0.04206820206820205 0.01953125 0.05405405405405406
0 0.47544164169164177 0.02962658962658958 0.01953125 0.05405405405405406
0 0.4814356476856477 0.01718497718497718 0.01953125 0.05405405405405406
0 0.4879291541791543 0.02824418824418824 0.01953125 0.05405405405405406
0 0.4914256576756577 0.0393033993033993 0.01953125 0.05405405405405406
0 0.49192515817515814 0.02271458271458267 0.01953125 0.05405405405405406
0 0.49941766566766566 0.03377379377379381 0.01953125 0.05405405405405406
0 0.5014156676656677 0.0448330048330048 0.01953125 0.05405405405405406
0 0.5059111721611722 0.03515619515619514 0.01953125 0.05405405405405406
0 0.5024146686646688 0.019949779949779926 0.01953125 0.05405405405405406
0 0.4959211621711622 0.01027297027297027 0.01953125 0.05405405405405406
0 0.5099071761571763 0.014420174420174426 0.01953125 0.05405405405405406
0 0.5149021811521811 0.02271458271458267 0.01953125 0.05405405405405406
0 0.5139031801531802 0.04068580068580071 0.01953125 0.05405405405405406
0 0.5208961871461872 0.03515619515619514 0.01953125 0.05405405405405406
0 0.5253916916416917 0.025479385479385486 0.01953125 0.05405405405405406
0 0.5253916916416917 0.007508167508167455 0.01953125 0.05405405405405406
0 0.5288881951381952 0.01027297027297027 0.01953125 0.05405405405405406
0 0.5318851981351983 0.019949779949779926 0.01953125 0.05405405405405406
0 0.5378792041292042 0.013037773037773018 0.01953125 0.05405405405405406
0 0.532884199134199 0.032391392391392396 0.01953125 0.05405405405405406
0 0.5283886946386946 0.0448330048330048 0.01953125 0.05405405405405406
0 0.5193976856476856 0.01718497718497718 0.01953125 0.05405405405405406
0 0.5358812021312022 0.047597807597807615 0.01953125 0.05405405405405406
0 0.5368802031302031 0.032391392391392396 0.01953125 0.05405405405405406
0 0.5463707126207126 0.05727461727461727 0.01953125 0.05405405405405406
0 0.5413757076257075 0.051745011745011706 0.01953125 0.05405405405405406
0 0.5418752081252081 0.031008991008990988 0.01953125 0.05405405405405406
0 0.5483687146187146 0.04068580068580071 0.01953125 0.05405405405405406
0 0.5453717116217115 0.014420174420174426 0.01953125 0.05405405405405406
0 0.5538632201132201 0.018567378567378584 0.01953125 0.05405405405405406
0 0.5573597236097235 0.02409698409698408 0.01953125 0.05405405405405406
0 0.5563607226107226 0.058657018657018604 0.01953125 0.05405405405405406
0 0.5523647186147186 0.06280422280422283 0.01953125 0.05405405405405406
0 0.5643527306027305 0.06418662418662417 0.01953125 0.05405405405405406
0 0.5743427405927405 0.06833382833382834 0.01953125 0.05405405405405406
0 0.572844239094239 0.051745011745011706 0.01953125 0.05405405405405406
0 0.5753417415917415 0.03515619515619514 0.01953125 0.05405405405405406
0 0.5708462370962369 0.03377379377379381 0.01953125 0.05405405405405406
0 0.5738432400932401 0.02271458271458267 0.01953125 0.05405405405405406
0 0.566850233100233 0.013037773037773018 0.01953125 0.05405405405405406
0 0.5613557276057275 0.02824418824418824 0.01953125 0.05405405405405406
0 0.5833337495837495 0.02962658962658958 0.01953125 0.05405405405405406
0 0.5833337495837495 0.0448330048330048 0.01953125 0.05405405405405406
0 0.5783387445887445 0.05589221589221593 0.01953125 0.05405405405405406
0 0.5843327505827505 0.05727461727461727 0.01953125 0.05405405405405406
0 0.587829254079254 0.0462154062154062 0.01953125 0.05405405405405406
0 0.5883287545787544 0.03377379377379381 0.01953125 0.05405405405405406
0 0.579837246087246 0.014420174420174426 0.01953125 0.05405405405405406
0 0.5733437395937395 0.008890568890568863 0.01953125 0.05405405405405406
0 0.5883287545787544 0.013037773037773018 0.01953125 0.05405405405405406
0 0.597819264069264 0.011655371655371678 0.01953125 0.05405405405405406
0 0.5983187645687644 0.02824418824418824 0.01953125 0.05405405405405406
0 0.6078092740592741 0.032391392391392396 0.01953125 0.05405405405405406
0 0.604812271062271 0.02409698409698408 0.01953125 0.05405405405405406
0 0.6023147685647685 0.05036261036261036 0.01953125 0.05405405405405406
0 0.5903267565767565 0.07109863109863108 0.01953125 0.05405405405405406
0 0.584832251082251 0.07248103248103249 0.01953125 0.05405405405405406
0 0.5808362470862469 0.07248103248103249 0.01953125 0.05405405405405406
0 0.598818265068265 0.06833382833382834 0.01953125 0.05405405405405406
0 0.60381327006327 0.07939303939303939 0.01953125 0.05405405405405406
0 0.6093077755577755 0.06833382833382834 0.01953125 0.05405405405405406
0 0.614802281052281 0.06833382833382834 0.01953125 0.05405405405405406
0 0.620796287046287 0.05450981450981452 0.01953125 0.05405405405405406
0 0.6222947885447885 0.031008991008990988 0.01953125 0.05405405405405406
0 0.628788295038295 0.026861786861786894 0.01953125 0.05405405405405406
0 0.6123047785547785 0.021332181332181333 0.01953125 0.05405405405405406
0 0.626790293040293 0.051745011745011706 0.01953125 0.05405405405405406
0 0.6377793040293039 0.04206820206820205 0.01953125 0.05405405405405406
0 0.6432738095238095 0.048980208980209015 0.01953125 0.05405405405405406
0 0.6447723110223109 0.03377379377379381 0.01953125 0.05405405405405406
0 0.6477693140193139 0.05450981450981452 0.01953125 0.05405405405405406
0 0.6542628205128205 0.0448330048330048 0.01953125 0.05405405405405406
0 0.6592578255078254 0.048980208980209015 0.01953125 0.05405405405405406
0 0.6612558275058275 0.0393033993033993 0.01953125 0.05405405405405406
0 0.6642528305028305 0.031008991008990988 0.01953125 0.05405405405405406
0 0.6572598235098235 0.01580257580257577 0.01953125 0.05405405405405406
0 0.6642528305028305 0.01580257580257577 0.01953125 0.05405405405405406
0 0.6672498334998335 0.05312741312741311 0.01953125 0.05405405405405406
0 0.6727443389943389 0.0393033993033993 0.01953125 0.05405405405405406
0 0.6797373459873459 0.02962658962658958 0.01953125 0.05405405405405406
0 0.6712458374958374 0.018567378567378584 0.01953125 0.05405405405405406
0 0.6847323509823509 0.021332181332181333 0.01953125 0.05405405405405406
0 0.6877293539793539 0.01718497718497718 0.01953125 0.05405405405405406
0 0.6867303529803529 0.043450603450603455 0.01953125 0.05405405405405406
0 0.678738344988345 0.0448330048330048 0.01953125 0.05405405405405406
0 0.6762408424908425 0.06142182142182142 0.01953125 0.05405405405405406
0 0.6722448384948384 0.058657018657018604 0.01953125 0.05405405405405406
0 0.6922248584748584 0.0393033993033993 0.01953125 0.05405405405405406
0 0.6982188644688644 0.03515619515619514 0.01953125 0.05405405405405406
0 0.7037133699633699 0.043450603450603455 0.01953125 0.05405405405405406
0 0.7092078754578753 0.03377379377379381 0.01953125 0.05405405405405406
0 0.7186983849483849 0.02271458271458267 0.01953125 0.05405405405405406
0 0.7047123709623709 0.01027297027297027 0.01953125 0.05405405405405406
0 0.8046124708624708 0.048980208980209015 0.01953125 0.05405405405405406
0 0.8210959873459873 0.058657018657018604 0.01953125 0.05405405405405406
