0 0.014353691804198782 0.8767409312640753 0.01953125 0.06116207951070336
0 0.01996021575934659 0.8240704676854389 0.01953125 0.06116207951070336
0 0.010276219836818555 0.7985332732230699 0.01953125 0.06116207951070336
0 0.017921479775656474 0.7905528999535794 0.01953125 0.06116207951070336
0 0.004669695881670748 0.7729960787607006 0.01953125 0.06116207951070336
0 0.015373059796043847 0.7506510336061277 0.01953125 0.06116207951070336
0 0.006708431865360862 0.688404122104103 0.01953125 0.06116207951070336
0 0.032192631661487274 0.7283059884515546 0.01953125 0.06116207951070336
0 0.021489267747114165 0.7251138391437586 0.01953125 0.06116207951070336
0 0.029134527685952108 0.710749167258676 0.01953125 0.06116207951070336
0 0.02964421168187462 0.6772315995268166 0.01953125 0.06116207951070336
0 0.03983789160032519 0.685211972796307 0.01953125 0.06116207951070336
0 0.045444415555472996 0.7075570179508799 0.01953125 0.06116207951070336
0 0.04646378354731806 0.7394785110288413 0.01953125 0.06116207951070336
0 0.05359935949023344 0.7394785110288413 0.01953125 0.06116207951070336
0 0.04238631157993783 0.7618235561834142 0.01953125 0.06116207951070336
0 0.041876627584015315 0.7985332732230699 0.01953125 0.06116207951070336
0 0.02964421168187462 0.7953411239152736 0.01953125 0.06116207951070336
0 0.02811515969410704 0.7841686013379872 0.01953125 0.06116207951070336
0 0.02505705571857188 0.7538431829139238 0.01953125 0.06116207951070336
0 0.032192631661487274 0.8176861690698467 0.01953125 0.06116207951070336
0 0.03627010362886749 0.8368390649166234 0.01953125 0.06116207951070336
0 0.030663579673719688 0.8543958861095022 0.01953125 0.06116207951070336
0 0.04952188752285322 0.8671644833406869 0.01953125 0.06116207951070336
0 0.0510509395106208 0.8336469156088275 0.01953125 0.06116207951070336
0 0.047483151539163125 0.8240704676854389 0.01953125 0.06116207951070336
0 0.046973467543240575 0.8033214971847641 0.01953125 0.06116207951070336
0 0.057676831457613674 0.7729960787607006 0.01953125 0.06116207951070336
0 0.049012203526930705 0.7729960787607006 0.01953125 0.06116207951070336
0 0.06888987936790929 0.7538431829139238 0.01953125 0.06116207951070336
0 0.05971556744130377 0.7235177644898605 0.01953125 0.06116207951070336
0 0.0617543034249939 0.6724433755651223 0.01953125 0.06116207951070336
0 0.048502519531008155 0.6788276741807145 0.01953125 0.06116207951070336
0 0.040347575596247694 0.6516944050644474 0.01953125 0.06116207951070336
0 0.0566574634657686 0.6341375838715687 0.01953125 0.06116207951070336
0 0.07092861535159942 0.5782749709851362 0.01953125 0.06116207951070336
0 0.07194798334344445 0.551141701868869 0.01953125 0.06116207951070336
0 0.06990924735975435 0.5160280594831115 0.01953125 0.06116207951070336
0 0.0857094512333527 0.5639102991000536 0.01953125 0.06116207951070336
0 0.08519976723743018 0.5303927313681941 0.01953125 0.06116207951070336
0 0.09437407916403572 0.5367770299837864 0.01953125 0.06116207951070336
0 0.06379303940868399 0.6373297331793647 0.01953125 0.06116207951070336
0 0.07041893135567687 0.6277532852559763 0.01953125 0.06116207951070336
0 0.07041893135567687 0.6086003894091996 0.01953125 0.06116207951070336
0 0.06328335541276146 0.6101964640630977 0.01953125 0.06116207951070336
0 0.07908355928635982 0.6293493599098745 0.01953125 0.06116207951070336
0 0.08469008324150767 0.5974278668319131 0.01953125 0.06116207951070336
0 0.09488376315995822 0.6293493599098745 0.01953125 0.06116207951070336
0 0.07092861535159942 0.9341996188044058 0.01953125 0.06116207951070336
0 0.06990924735975435 0.9038742003803424 0.01953125 0.06116207951070336
0 0.06990924735975435 0.8591841100711964 0.01953125 0.06116207951070336
0 0.06277367141683897 0.9006820510725463 0.01953125 0.06116207951070336
0 0.08672881922519778 0.8847213045335657 0.01953125 0.06116207951070336
0 0.07908355928635982 0.8783370059179733 0.01953125 0.06116207951070336
0 0.08519976723743018 0.8464155128400119 0.01953125 0.06116207951070336
0 0.08010292727820488 0.7985332732230699 0.01953125 0.06116207951070336
0 0.0678705113760642 0.8033214971847641 0.01953125 0.06116207951070336
0 0.08214166326189504 0.7729960787607006 0.01953125 0.06116207951070336
0 0.07959324328228239 0.7283059884515546 0.01953125 0.06116207951070336
0 0.090806291192578 0.7219216898359624 0.01953125 0.06116207951070336
0 0.09029660719665548 0.6995766446813895 0.01953125 0.06116207951070336
0 0.08825787121296536 0.6708473009112242 0.01953125 0.06116207951070336
0 0.07143829934752192 0.6788276741807145 0.01953125 0.06116207951070336
0 0.09743218313957087 0.5878514189085247 0.01953125 0.06116207951070336
0 0.10609681107025383 0.5591220751383594 0.01953125 0.06116207951070336
0 0.11934859496423958 0.5495456272149711 0.01953125 0.06116207951070336
0 0.11832922697239451 0.5671024484078497 0.01953125 0.06116207951070336
0 0.11527112299685935 0.5303927313681941 0.01953125 0.06116207951070336
0 0.11017428303763406 0.6197729119864861 0.01953125 0.06116207951070336
0 0.11578080699278187 0.618176837332588 0.01953125 0.06116207951070336
0 0.12291638293569725 0.6070043147553014 0.01953125 0.06116207951070336
0 0.12393575092754232 0.6197729119864861 0.01953125 0.06116207951070336
0 0.12393575092754232 0.6437140317949571 0.01953125 0.06116207951070336
0 0.12393575092754232 0.6596747783339377 0.01953125 0.06116207951070336
0 0.11119365102947913 0.6612708529878358 0.01953125 0.06116207951070336
0 0.10049028711510603 0.6628669276417338 0.01953125 0.06116207951070336
0 0.10864523104986648 0.7075570179508799 0.01953125 0.06116207951070336
0 0.10150965510695109 0.731498137759351 0.01953125 0.06116207951070336
0 0.0984515511314159 0.7538431829139238 0.01953125 0.06116207951070336
0 0.09743218313957087 0.7953411239152736 0.01953125 0.06116207951070336
0 0.09743218313957087 0.8176861690698467 0.01953125 0.06116207951070336
0 0.09794186713549338 0.8543958861095022 0.01953125 0.06116207951070336
0 0.10558712707433132 0.8432233635322158 0.01953125 0.06116207951070336
0 0.10201933910287361 0.8990859764186482 0.01953125 0.06116207951070336
0 0.0964128151477258 0.9326035441505076 0.01953125 0.06116207951070336
0 0.09029660719665548 0.9294113948427115 0.01953125 0.06116207951070336
0 0.11221301902132416 0.9469682160355903 0.01953125 0.06116207951070336
0 0.117819542976472 0.918238872265425 0.01953125 0.06116207951070336
0 0.11730985898054945 0.8767409312640753 0.01953125 0.06116207951070336
0 0.12903259088676758 0.9549485893050808 0.01953125 0.06116207951070336
0 0.1269938549030775 0.9230270962271192 0.01953125 0.06116207951070336
0 0.13361974685007036 0.8767409312640753 0.01953125 0.06116207951070336
0 0.12801322289492256 0.8543958861095022 0.01953125 0.06116207951070336
0 0.12954227488269013 0.8097057958003563 0.01953125 0.06116207951070336
0 0.12852290689084503 0.7729960787607006 0.01953125 0.06116207951070336
0 0.10507744307840877 0.7985332732230699 0.01953125 0.06116207951070336
0 0.117819542976472 0.7809764520301911 0.01953125 0.06116207951070336
0 0.12393575092754232 0.734690287067147 0.01953125 0.06116207951070336
0 0.11934859496423958 0.7171334658742683 0.01953125 0.06116207951070336
0 0.1310713268704577 0.710749167258676 0.01953125 0.06116207951070336
0 0.14483279476036598 0.6500983304105494 0.01953125 0.06116207951070336
0 0.13871658680929566 0.6197729119864861 0.01953125 0.06116207951070336
0 0.1351487988378379 0.5894474935624228 0.01953125 0.06116207951070336
0 0.14228437478075331 0.594235717524117 0.01953125 0.06116207951070336
0 0.1382069028133731 0.5782749709851362 0.01953125 0.06116207951070336
0 0.1315810108663802 0.5559299258305633 0.01953125 0.06116207951070336
0 0.1305616428745352 0.5192202087909077 0.01953125 0.06116207951070336
0 0.14126500678890827 0.5112398355214174 0.01953125 0.06116207951070336
0 0.14432311076444346 0.5479495525610729 0.01953125 0.06116207951070336
0 0.15196837070328137 0.5367770299837864 0.01953125 0.06116207951070336
0 0.1626717346176544 0.5495456272149711 0.01953125 0.06116207951070336
0 0.15757489465842914 0.5878514189085247 0.01953125 0.06116207951070336
0 0.15706521066250664 0.5671024484078497 0.01953125 0.06116207951070336
0 0.15859426265027424 0.6213689866403841 0.01953125 0.06116207951070336
0 0.15094900271143633 0.6931923460657972 0.01953125 0.06116207951070336
0 0.1591039466461967 0.685211972796307 0.01953125 0.06116207951070336
0 0.16572983859318957 0.685211972796307 0.01953125 0.06116207951070336
0 0.17184604654425997 0.6660590769495301 0.01953125 0.06116207951070336
0 0.1601233146380418 0.7123452419125741 0.01953125 0.06116207951070336
0 0.1494199507236687 0.7235177644898605 0.01953125 0.06116207951070336
0 0.14432311076444346 0.7330942124132489 0.01953125 0.06116207951070336
0 0.15196837070328137 0.7538431829139238 0.01953125 0.06116207951070336
0 0.14534247875628845 0.7761882280684969 0.01953125 0.06116207951070336
0 0.14126500678890827 0.8097057958003563 0.01953125 0.06116207951070336
0 0.1529877386951264 0.825666542339337 0.01953125 0.06116207951070336
0 0.15196837070328137 0.8512037368017061 0.01953125 0.06116207951070336
0 0.15349742269104893 0.9102584989959346 0.01953125 0.06116207951070336
0 0.15808457865435172 0.9357956934583037 0.01953125 0.06116207951070336
0 0.16420078660542203 0.8767409312640753 0.01953125 0.06116207951070336
0 0.1774525704994078 0.8799330805718714 0.01953125 0.06116207951070336
0 0.1708266785524149 0.8176861690698467 0.01953125 0.06116207951070336
0 0.17184604654425997 0.7889568252996814 0.01953125 0.06116207951070336
0 0.17949130648309786 0.7729960787607006 0.01953125 0.06116207951070336
0 0.17541383451571768 0.7283059884515546 0.01953125 0.06116207951070336
0 0.181530042466788 0.6947884207196953 0.01953125 0.06116207951070336
0 0.18968498640154843 0.6596747783339377 0.01953125 0.06116207951070336
0 0.18356877845047812 0.6772315995268166 0.01953125 0.06116207951070336
0 0.1738847825279501 0.6101964640630977 0.01953125 0.06116207951070336
0 0.1738847825279501 0.5846592696007286 0.01953125 0.06116207951070336
0 0.1738847825279501 0.5702945977156458 0.01953125 0.06116207951070336
0 0.18051067447494296 0.5415652539454806 0.01953125 0.06116207951070336
0 0.1738847825279501 0.5256045074064999 0.01953125 0.06116207951070336
0 0.19070435439339348 0.5256045074064999 0.01953125 0.06116207951070336
0 0.19733024634038634 0.5479495525610729 0.01953125 0.06116207951070336
0 0.19580119435261875 0.5287966567142961 0.01953125 0.06116207951070336
0 0.1978399303363089 0.5176241341370096 0.01953125 0.06116207951070336
0 0.20854329425068197 0.5192202087909077 0.01953125 0.06116207951070336
0 0.2065045582669919 0.5607181497922574 0.01953125 0.06116207951070336
0 0.19733024634038634 0.5830631949468305 0.01953125 0.06116207951070336
0 0.18356877845047812 0.5862553442546266 0.01953125 0.06116207951070336
0 0.18662688242601327 0.6261572106020783 0.01953125 0.06116207951070336
0 0.2029367702955342 0.6070043147553014 0.01953125 0.06116207951070336
0 0.1978399303363089 0.6453101064488552 0.01953125 0.06116207951070336
0 0.20599487427106936 0.6500983304105494 0.01953125 0.06116207951070336
0 0.21058203023437208 0.6277532852559763 0.01953125 0.06116207951070336
0 0.2141498182058298 0.6006200161397092 0.01953125 0.06116207951070336
0 0.20905297824660452 0.6788276741807145 0.01953125 0.06116207951070336
0 0.2065045582669919 0.7059609432969819 0.01953125 0.06116207951070336
0 0.2065045582669919 0.7458628096444335 0.01953125 0.06116207951070336
0 0.1978399303363089 0.7873607506457835 0.01953125 0.06116207951070336
0 0.19478182636077374 0.8320508409549293 0.01953125 0.06116207951070336
0 0.19580119435261875 0.8512037368017061 0.01953125 0.06116207951070336
0 0.18764625041785832 0.9214310215732212 0.01953125 0.06116207951070336
0 0.18254941045863302 0.9661211118823672 0.01953125 0.06116207951070336
0 0.19682056234446388 0.961332887920673 0.01953125 0.06116207951070336
0 0.1988592983281539 0.9357956934583037 0.01953125 0.06116207951070336
0 0.1764332025075627 0.9326035441505076 0.01953125 0.06116207951070336
0 0.2330081260549633 0.9214310215732212 0.01953125 0.06116207951070336
0 0.2416727539856463 0.9341996188044058 0.01953125 0.06116207951070336
0 0.22995002207942813 0.8847213045335657 0.01953125 0.06116207951070336
0 0.21211108222213967 0.8559919607634003 0.01953125 0.06116207951070336
0 0.23657591402642103 0.8288586916471331 0.01953125 0.06116207951070336
0 0.22740160209981547 0.7905528999535794 0.01953125 0.06116207951070336
0 0.21516918619767483 0.7777843027223948 0.01953125 0.06116207951070336
0 0.21618855418951985 0.7426706603366373 0.01953125 0.06116207951070336
0 0.22281444613651272 0.7538431829139238 0.01953125 0.06116207951070336
0 0.2141498182058298 0.7283059884515546 0.01953125 0.06116207951070336
0 0.219246658165055 0.685211972796307 0.01953125 0.06116207951070336
0 0.23147907406719573 0.7011727193352876 0.01953125 0.06116207951070336
0 0.22689191810389298 0.667655151603428 0.01953125 0.06116207951070336
0 0.21822729017321 0.6612708529878358 0.01953125 0.06116207951070336
0 0.22128539414874515 0.6277532852559763 0.01953125 0.06116207951070336
0 0.23045970607535068 0.5814671202929325 0.01953125 0.06116207951070336
0 0.22383381412835782 0.5814671202929325 0.01953125 0.06116207951070336
0 0.21465950220175228 0.5607181497922574 0.01953125 0.06116207951070336
0 0.22230476214059025 0.5543338511766652 0.01953125 0.06116207951070336
0 0.2518664339040968 0.5702945977156458 0.01953125 0.06116207951070336
0 0.23861465001011115 0.5766788963312381 0.01953125 0.06116207951070336
0 0.23759528201826605 0.5415652539454806 0.01953125 0.06116207951070336
0 0.22791128609573802 0.5367770299837864 0.01953125 0.06116207951070336
0 0.22230476214059025 0.5287966567142961 0.01953125 0.06116207951070336
0 0.21567887019359738 0.5144319848292135 0.01953125 0.06116207951070336
0 0.22332413013243527 0.5112398355214174 0.01953125 0.06116207951070336
0 0.24727927794079407 0.5447574032532768 0.01953125 0.06116207951070336
0 0.2355565460345759 0.5176241341370096 0.01953125 0.06116207951070336
0 0.2533954858918644 0.5256045074064999 0.01953125 0.06116207951070336
0 0.2559439058714771 0.5160280594831115 0.01953125 0.06116207951070336
0 0.26358916581031494 0.5192202087909077 0.01953125 0.06116207951070336
0 0.27429252972468804 0.5383731046376846 0.01953125 0.06116207951070336
0 0.2676666377776952 0.5112398355214174 0.01953125 0.06116207951070336
0 0.27531189771653314 0.5096437608675193 0.01953125 0.06116207951070336
0 0.2605310618347798 0.5814671202929325 0.01953125 0.06116207951070336
0 0.2691956897654628 0.573486747023442 0.01953125 0.06116207951070336
0 0.2860152616309062 0.5750828216773402 0.01953125 0.06116207951070336
0 0.26002137783885726 0.6373297331793647 0.01953125 0.06116207951070336
0 0.2569632738633221 0.6325415092176705 0.01953125 0.06116207951070336
0 0.24778896193671662 0.6277532852559763 0.01953125 0.06116207951070336
0 0.23504686203865344 0.6325415092176705 0.01953125 0.06116207951070336
0 0.24422117396525891 0.6708473009112242 0.01953125 0.06116207951070336
0 0.25033738191632926 0.7043648686430837 0.01953125 0.06116207951070336
0 0.25033738191632926 0.731498137759351 0.01953125 0.06116207951070336
0 0.2391243340060336 0.7586314068756181 0.01953125 0.06116207951070336
0 0.2243434981242803 0.7283059884515546 0.01953125 0.06116207951070336
0 0.26104074583070236 0.7506510336061277 0.01953125 0.06116207951070336
0 0.2528858018959419 0.7618235561834142 0.01953125 0.06116207951070336
0 0.25492453787963204 0.8097057958003563 0.01953125 0.06116207951070336
0 0.2620601138225474 0.8065136464925602 0.01953125 0.06116207951070336
0 0.24524054195710393 0.8911056031491579 0.01953125 0.06116207951070336
0 0.24727927794079407 0.8464155128400119 0.01953125 0.06116207951070336
0 0.2574729578592446 0.8320508409549293 0.01953125 0.06116207951070336
0 0.26970537376138526 0.8735487819562792 0.01953125 0.06116207951070336
0 0.26970537376138526 0.9102584989959346 0.01953125 0.06116207951070336
0 0.272253793740998 0.9677171865362653 0.01953125 0.06116207951070336
0 0.2763312657083782 0.8895095284952597 0.01953125 0.06116207951070336
0 0.27989905367983586 0.8432233635322158 0.01953125 0.06116207951070336
0 0.2748022137206106 0.7953411239152736 0.01953125 0.06116207951070336
0 0.27021505775730786 0.7506510336061277 0.01953125 0.06116207951070336
0 0.2605310618347798 0.688404122104103 0.01953125 0.06116207951070336
0 0.27378284572876554 0.6564826290261416 0.01953125 0.06116207951070336
0 0.28142810566760346 0.6149846880247919 0.01953125 0.06116207951070336
0 0.2661375857899276 0.6165807626786899 0.01953125 0.06116207951070336
0 0.28142810566760346 0.6836158981424088 0.01953125 0.06116207951070336
0 0.28142810566760346 0.6995766446813895 0.01953125 0.06116207951070336
0 0.2829571576553711 0.7394785110288413 0.01953125 0.06116207951070336
0 0.29417020556566664 0.7251138391437586 0.01953125 0.06116207951070336
0 0.2992670455248919 0.734690287067147 0.01953125 0.06116207951070336
0 0.3033445174922721 0.7698039294529047 0.01953125 0.06116207951070336
0 0.28652494562682873 0.8208783183776429 0.01953125 0.06116207951070336
0 0.3048735694800397 0.8065136464925602 0.01953125 0.06116207951070336
0 0.2962089415493568 0.8895095284952597 0.01953125 0.06116207951070336
0 0.3135381974107227 0.9677171865362653 0.01953125 0.06116207951070336
0 0.33545460923539144 0.9804857837674499 0.01953125 0.06116207951070336
0 0.3237318773291733 0.9022781257264443 0.01953125 0.06116207951070336
0 0.32271250933732826 0.8512037368017061 0.01953125 0.06116207951070336
0 0.3114994614270326 0.8288586916471331 0.01953125 0.06116207951070336
0 0.31710598538218043 0.7889568252996814 0.01953125 0.06116207951070336
0 0.33545460923539144 0.8368390649166234 0.01953125 0.06116207951070336
0 0.3497257611212223 0.8575880354172983 0.01953125 0.06116207951070336
0 0.35533228507637005 0.8958938271108521 0.01953125 0.06116207951070336
0 0.36807438497443323 0.9150467229576289 0.01953125 0.06116207951070336
0 0.38285522085618656 0.9772936344596536 0.01953125 0.06116207951070336
0 0.38795206081541184 0.9134506483037309 0.01953125 0.06116207951070336
0 0.3818358528643415 0.8735487819562792 0.01953125 0.06116207951070336
0 0.3930489007746371 0.8543958861095022 0.01953125 0.06116207951070336
0 0.37368090892958106 0.8432233635322158 0.01953125 0.06116207951070336
0 0.36246786101928546 0.7921489746074775 0.01953125 0.06116207951070336
0 0.33596429323131394 0.7729960787607006 0.01953125 0.06116207951070336
0 0.33545460923539144 0.7458628096444335 0.01953125 0.06116207951070336
0 0.3466676571456871 0.710749167258676 0.01953125 0.06116207951070336
0 0.3594097570437503 0.6788276741807145 0.01953125 0.06116207951070336
0 0.3517644971049123 0.6453101064488552 0.01953125 0.06116207951070336
0 0.33698366122315904 0.6548865543722436 0.01953125 0.06116207951070336
0 0.32271250933732826 0.6995766446813895 0.01953125 0.06116207951070336
0 0.3262802973087859 0.6548865543722436 0.01953125 0.06116207951070336
0 0.3160866173903354 0.7235177644898605 0.01953125 0.06116207951070336
0 0.3094607254433425 0.6947884207196953 0.01953125 0.06116207951070336
0 0.3033445174922721 0.6596747783339377 0.01953125 0.06116207951070336
0 0.31098977743111017 0.6437140317949571 0.01953125 0.06116207951070336
0 0.30028641351673696 0.6293493599098745 0.01953125 0.06116207951070336
0 0.2870346296227513 0.594235717524117 0.01953125 0.06116207951070336
0 0.3007960975126595 0.5527377765227671 0.01953125 0.06116207951070336
0 0.2936605215697441 0.5479495525610729 0.01953125 0.06116207951070336
0 0.309970409439265 0.6006200161397092 0.01953125 0.06116207951070336
0 0.32271250933732826 0.618176837332588 0.01953125 0.06116207951070336
0 0.33596429323131394 0.6038121654475053 0.01953125 0.06116207951070336
0 0.4022232127012426 0.9517564399972844 0.01953125 0.06116207951070336
0 0.4175137325789185 0.8990859764186482 0.01953125 0.06116207951070336
0 0.4124168926196932 0.8623762593789925 0.01953125 0.06116207951070336
0 0.40018447671755253 0.7953411239152736 0.01953125 0.06116207951070336
0 0.39967479272163 0.7729960787607006 0.01953125 0.06116207951070336
0 0.39712637274201734 0.7474588842983316 0.01953125 0.06116207951070336
0 0.38795206081541184 0.7219216898359624 0.01953125 0.06116207951070336
0 0.3772486969010388 0.7474588842983316 0.01953125 0.06116207951070336
0 0.40833942065231293 0.8128979451081526 0.01953125 0.06116207951070336
0 0.43280425245659426 0.918238872265425 0.01953125 0.06116207951070336
0 0.4312752004688267 0.9581407386128769 0.01953125 0.06116207951070336
0 0.44554635235465745 0.9693132611901633 0.01953125 0.06116207951070336
0 0.46848213217117124 0.9677171865362653 0.01953125 0.06116207951070336
0 0.47103055215078393 0.9341996188044058 0.01953125 0.06116207951070336
0 0.46491434419971356 0.9134506483037309 0.01953125 0.06116207951070336
0 0.46695308018340365 0.8879134538413618 0.01953125 0.06116207951070336
0 0.48581138803253726 0.9150467229576289 0.01953125 0.06116207951070336
0 0.49039854399584 0.9517564399972844 0.01953125 0.06116207951070336
0 0.48734044002030485 0.8368390649166234 0.01953125 0.06116207951070336
0 0.46797244817524875 0.7953411239152736 0.01953125 0.06116207951070336
0 0.4593078202445658 0.801725422530866 0.01953125 0.06116207951070336
0 0.44554635235465745 0.8336469156088275 0.01953125 0.06116207951070336
0 0.4379010924158196 0.825666542339337 0.01953125 0.06116207951070336
0 0.445036668358735 0.801725422530866 0.01953125 0.06116207951070336
0 0.42821709649329154 0.7953411239152736 0.01953125 0.06116207951070336
0 0.41547499659522835 0.7682078547990064 0.01953125 0.06116207951070336
0 0.4103781566360031 0.7426706603366373 0.01953125 0.06116207951070336
0 0.400694160713475 0.6724433755651223 0.01953125 0.06116207951070336
0 0.38285522085618656 0.6900001967580011 0.01953125 0.06116207951070336
0 0.3782680648928838 0.6453101064488552 0.01953125 0.06116207951070336
0 0.38948111280317943 0.6038121654475053 0.01953125 0.06116207951070336
0 0.3731712249336585 0.5974278668319131 0.01953125 0.06116207951070336
0 0.3655259649948206 0.5894474935624228 0.01953125 0.06116207951070336
0 0.354312917084525 0.6101964640630977 0.01953125 0.06116207951070336
0 0.3497257611212223 0.5766788963312381 0.01953125 0.06116207951070336
0 0.34004176519869417 0.5367770299837864 0.01953125 0.06116207951070336
0 0.3604291250355953 0.5319888060220923 0.01953125 0.06116207951070336
0 0.3762293289091937 0.5431613285993787 0.01953125 0.06116207951070336
0 0.38540364083579925 0.5607181497922574 0.01953125 0.06116207951070336
0 0.4012038447093976 0.5639102991000536 0.01953125 0.06116207951070336
0 0.40681036866454534 0.6165807626786899 0.01953125 0.06116207951070336
0 0.4124168926196932 0.5862553442546266 0.01953125 0.06116207951070336
0 0.4251589925177564 0.5862553442546266 0.01953125 0.06116207951070336
0 0.4271977285014465 0.5623142244461555 0.01953125 0.06116207951070336
0 0.42261057253814377 0.5287966567142961 0.01953125 0.06116207951070336
0 0.43433330444436186 0.5878514189085247 0.01953125 0.06116207951070336
0 0.4424882483791223 0.5878514189085247 0.01953125 0.06116207951070336
0 0.4577787682567982 0.5814671202929325 0.01953125 0.06116207951070336
0 0.4440173003668899 0.618176837332588 0.01953125 0.06116207951070336
0 0.4379010924158196 0.6500983304105494 0.01953125 0.06116207951070336
0 0.43586235643212945 0.7011727193352876 0.01953125 0.06116207951070336
0 0.4175137325789185 0.6596747783339377 0.01953125 0.06116207951070336
0 0.4613465562282559 0.688404122104103 0.01953125 0.06116207951070336
0 0.4440173003668899 0.6963844953735935 0.01953125 0.06116207951070336
0 0.46338529221194596 0.6437140317949571 0.01953125 0.06116207951070336
0 0.4725596041385515 0.6261572106020783 0.01953125 0.06116207951070336
0 0.46848213217117124 0.6548865543722436 0.01953125 0.06116207951070336
0 0.4654240281956361 0.6660590769495301 0.01953125 0.06116207951070336
0 0.4674627641793262 0.7426706603366373 0.01953125 0.06116207951070336
0 0.4791854960855444 0.7538431829139238 0.01953125 0.06116207951070336
0 0.47867581208962184 0.7171334658742683 0.01953125 0.06116207951070336
0 0.47103055215078393 0.6963844953735935 0.01953125 0.06116207951070336
0 0.49447601596322016 0.7538431829139238 0.01953125 0.06116207951070336
0 0.4919275959836076 0.7171334658742683 0.01953125 0.06116207951070336
0 0.49549538395506526 0.6947884207196953 0.01953125 0.06116207951070336
0 0.48835980801214984 0.6628669276417338 0.01953125 0.06116207951070336
0 0.4853017040366147 0.618176837332588 0.01953125 0.06116207951070336
0 0.482753284057002 0.5830631949468305 0.01953125 0.06116207951070336
0 0.46695308018340365 0.594235717524117 0.01953125 0.06116207951070336
0 0.45421098028534046 0.5479495525610729 0.01953125 0.06116207951070336
0 0.49141791198768503 0.5894474935624228 0.01953125 0.06116207951070336
0 0.49447601596322016 0.5862553442546266 0.01953125 0.06116207951070336
0 0.4878501240162273 0.5479495525610729 0.01953125 0.06116207951070336
0 0.4949856999591427 0.5335848806759902 0.01953125 0.06116207951070336
0 0.47969518008146683 0.5367770299837864 0.01953125 0.06116207951070336
0 0.47103055215078393 0.5144319848292135 0.01953125 0.06116207951070336
0 0.46593371219155866 0.5256045074064999 0.01953125 0.06116207951070336
0 0.4440173003668899 0.5192202087909077 0.01953125 0.06116207951070336
0 0.309970409439265 0.5287966567142961 0.01953125 0.06116207951070336
0 0.3191447213658705 0.551141701868869 0.01953125 0.06116207951070336
0 0.5044148538837095 0.9549485893050808 0.01953125 0.06116207951070336
0 0.496259909948949 0.9661211118823672 0.01953125 0.06116207951070336
0 0.5059439058714771 0.84801158749391 0.01953125 0.06116207951070336
0 0.5191956897654628 0.7841686013379872 0.01953125 0.06116207951070336
0 0.5146085338021601 0.7171334658742683 0.01953125 0.06116207951070336
0 0.5033954858918644 0.688404122104103 0.01953125 0.06116207951070336
0 0.5130794818143926 0.6564826290261416 0.01953125 0.06116207951070336
0 0.5181763217736177 0.6389258078332628 0.01953125 0.06116207951070336
0 0.5278603176961458 0.6277532852559763 0.01953125 0.06116207951070336
0 0.5003373819163293 0.6277532852559763 0.01953125 0.06116207951070336
0 0.5028858018959419 0.6038121654475053 0.01953125 0.06116207951070336
0 0.5095116938429347 0.5926396428702188 0.01953125 0.06116207951070336
0 0.5197053737613854 0.5926396428702188 0.01953125 0.06116207951070336
0 0.5278603176961458 0.595831792178015 0.01953125 0.06116207951070336
0 0.5385636816105189 0.5750828216773402 0.01953125 0.06116207951070336
0 0.5441702055656668 0.5766788963312381 0.01953125 0.06116207951070336
0 0.5380539976145965 0.5447574032532768 0.01953125 0.06116207951070336
0 0.5059439058714771 0.5319888060220923 0.01953125 0.06116207951070336
0 0.522253793740998 0.5287966567142961 0.01953125 0.06116207951070336
0 0.530918421671681 0.7155373912203702 0.01953125 0.06116207951070336
0 0.5298990536798359 0.6772315995268166 0.01953125 0.06116207951070336
0 0.5191956897654628 0.6772315995268166 0.01953125 0.06116207951070336
0 0.5431508375738217 0.6277532852559763 0.01953125 0.06116207951070336
0 0.5365249456268287 0.8895095284952597 0.01953125 0.06116207951070336
0 0.5349958936390611 0.8097057958003563 0.01953125 0.06116207951070336
0 0.5283700016920684 0.7841686013379872 0.01953125 0.06116207951070336
0 0.5451895735575117 0.7921489746074775 0.01953125 0.06116207951070336
0 0.5579316734555749 0.7538431829139238 0.01953125 0.06116207951070336
0 0.5482476775330468 0.6995766446813895 0.01953125 0.06116207951070336
0 0.5558929374718847 0.6836158981424088 0.01953125 0.06116207951070336
0 0.5553832534759623 0.6437140317949571 0.01953125 0.06116207951070336
0 0.5426411535778992 0.6485022557566512 0.01953125 0.06116207951070336
0 0.5416217855860541 0.918238872265425 0.01953125 0.06116207951070336
0 0.5253118977165332 0.9836779330752458 0.01953125 0.06116207951070336
0 0.5166472697858502 0.9326035441505076 0.01953125 0.06116207951070336
0 0.5171569537817726 0.8288586916471331 0.01953125 0.06116207951070336
0 0.4407043543933935 0.8735487819562792 0.01953125 0.06116207951070336
0 0.5533445174922722 0.9820818584213479 0.01953125 0.06116207951070336
0 0.5620091454229552 0.940583917419998 0.01953125 0.06116207951070336
0 0.5752609293169408 0.9357956934583037 0.01953125 0.06116207951070336
0 0.5941192371660744 0.9102584989959346 0.01953125 0.06116207951070336
0 0.5874933452190816 0.8575880354172983 0.01953125 0.06116207951070336
0 0.5711834573495607 0.870356632648483 0.01953125 0.06116207951070336
0 0.5569123054637298 0.8767409312640753 0.01953125 0.06116207951070336
0 0.5691447213658705 0.8240704676854389 0.01953125 0.06116207951070336
0 0.5569123054637298 0.8128979451081526 0.01953125 0.06116207951070336
0 0.5691447213658705 0.7793803773762931 0.01953125 0.06116207951070336
0 0.5742415613250959 0.7394785110288413 0.01953125 0.06116207951070336
0 0.5818868212639338 0.731498137759351 0.01953125 0.06116207951070336
0 0.5844352412435465 0.7075570179508799 0.01953125 0.06116207951070336
0 0.5910611331905392 0.7283059884515546 0.01953125 0.06116207951070336
0 0.5915708171864618 0.6995766446813895 0.01953125 0.06116207951070336
0 0.5987063931293771 0.7059609432969819 0.01953125 0.06116207951070336
0 0.5930998691742293 0.7538431829139238 0.01953125 0.06116207951070336
0 0.586983661223159 0.8097057958003563 0.01953125 0.06116207951070336
0 0.5788287172883986 0.8208783183776429 0.01953125 0.06116207951070336
0 0.6068613370641377 0.8400312142244197 0.01953125 0.06116207951070336
0 0.6078807050559827 0.8671644833406869 0.01953125 0.06116207951070336
0 0.6236809089295812 0.9150467229576289 0.01953125 0.06116207951070336
0 0.606351653068215 0.9788897091135518 0.01953125 0.06116207951070336
0 0.6563006846686229 0.9661211118823672 0.01953125 0.06116207951070336
0 0.6644556286033834 0.9230270962271192 0.01953125 0.06116207951070336
0 0.6863720404280521 0.9262192455349154 0.01953125 0.06116207951070336
0 0.6828042524565944 0.9709093358440612 0.01953125 0.06116207951070336
0 0.7062497162690305 0.8958938271108521 0.01953125 0.06116207951070336
0 0.712365924220101 0.8958938271108521 0.01953125 0.06116207951070336
0 0.7347920200406922 0.918238872265425 0.01953125 0.06116207951070336
0 0.7444760159632202 0.9501603653433864 0.01953125 0.06116207951070336
0 0.7444760159632202 0.9341996188044058 0.01953125 0.06116207951070336
0 0.7551793798775934 0.9501603653433864 0.01953125 0.06116207951070336
0 0.723069288134474 0.9788897091135518 0.01953125 0.06116207951070336
0 0.7623149558205087 0.9214310215732212 0.01953125 0.06116207951070336
0 0.7669021117838115 0.9102584989959346 0.01953125 0.06116207951070336
0 0.7674117957797341 0.8847213045335657 0.01953125 0.06116207951070336
0 0.758747167849051 0.8623762593789925 0.01953125 0.06116207951070336
0 0.7434566479713752 0.8671644833406869 0.01953125 0.06116207951070336
0 0.7398888599999176 0.8512037368017061 0.01953125 0.06116207951070336
0 0.7296951800814668 0.800129347876968 0.01953125 0.06116207951070336
0 0.7281661280936994 0.8400312142244197 0.01953125 0.06116207951070336
0 0.7179724481752486 0.8208783183776429 0.01953125 0.06116207951070336
0 0.7016625603057279 0.8368390649166234 0.01953125 0.06116207951070336
0 0.6884107764117421 0.8432233635322158 0.01953125 0.06116207951070336
0 0.6884107764117421 0.8591841100711964 0.01953125 0.06116207951070336
0 0.6624168926196933 0.8879134538413618 0.01953125 0.06116207951070336
0 0.6481457407338624 0.8575880354172983 0.01953125 0.06116207951070336
0 0.6389714288072569 0.8400312142244197 0.01953125 0.06116207951070336
0 0.6297971168806514 0.8543958861095022 0.01953125 0.06116207951070336
0 0.6364230088276444 0.8113018704542543 0.01953125 0.06116207951070336
0 0.6272486969010388 0.7873607506457835 0.01953125 0.06116207951070336
0 0.6190937529662783 0.8128979451081526 0.01953125 0.06116207951070336
0 0.6190937529662783 0.7953411239152736 0.01953125 0.06116207951070336
0 0.6175647009785108 0.75703533222172 0.01953125 0.06116207951070336
0 0.6170550169825882 0.7330942124132489 0.01953125 0.06116207951070336
0 0.606351653068215 0.731498137759351 0.01953125 0.06116207951070336
0 0.6078807050559827 0.8097057958003563 0.01953125 0.06116207951070336
0 0.60533228507637 0.7985332732230699 0.01953125 0.06116207951070336
0 0.6038032330886025 0.7761882280684969 0.01953125 0.06116207951070336
0 0.5528348334963497 0.6006200161397092 0.01953125 0.06116207951070336
0 0.5533445174922722 0.5623142244461555 0.01953125 0.06116207951070336
0 0.5660866173903354 0.5623142244461555 0.01953125 0.06116207951070336
0 0.5742415613250959 0.5814671202929325 0.01953125 0.06116207951070336
0 0.5584413574514975 0.5431613285993787 0.01953125 0.06116207951070336
0 0.5472283095412019 0.5399691792915825 0.01953125 0.06116207951070336
0 0.5727125093373283 0.5383731046376846 0.01953125 0.06116207951070336
0 0.5834158732517013 0.5335848806759902 0.01953125 0.06116207951070336
0 0.5890223972068492 0.527200582060398 0.01953125 0.06116207951070336
0 0.5992160771252998 0.5287966567142961 0.01953125 0.06116207951070336
0 0.6089000730478278 0.5256045074064999 0.01953125 0.06116207951070336
0 0.593609553170152 0.5224123580987038 0.01953125 0.06116207951070336
0 0.6175647009785108 0.5591220751383594 0.01953125 0.06116207951070336
0 0.6094097570437502 0.5814671202929325 0.01953125 0.06116207951070336
0 0.5910611331905392 0.5814671202929325 0.01953125 0.06116207951070336
0 0.5895320812027717 0.6070043147553014 0.01953125 0.06116207951070336
0 0.6094097570437502 0.6149846880247919 0.01953125 0.06116207951070336
0 0.5701640893577156 0.6325415092176705 0.01953125 0.06116207951070336
0 0.5671059853821805 0.6708473009112242 0.01953125 0.06116207951070336
0 0.5635381974107229 0.7043648686430837 0.01953125 0.06116207951070336
0 0.5823965052598562 0.6628669276417338 0.01953125 0.06116207951070336
0 0.5930998691742293 0.6724433755651223 0.01953125 0.06116207951070336
0 0.5941192371660744 0.6548865543722436 0.01953125 0.06116207951070336
0 0.5818868212639338 0.640521882487161 0.01953125 0.06116207951070336
0 0.5885127132109266 0.6341375838715687 0.01953125 0.06116207951070336
0 0.6318358528643415 0.6820198234885108 0.01953125 0.06116207951070336
0 0.6323455368602641 0.7075570179508799 0.01953125 0.06116207951070336
0 0.6272486969010388 0.7171334658742683 0.01953125 0.06116207951070336
0 0.6415198487868695 0.7426706603366373 0.01953125 0.06116207951070336
0 0.6410101647909471 0.7123452419125741 0.01953125 0.06116207951070336
0 0.6405004807950245 0.6995766446813895 0.01953125 0.06116207951070336
0 0.6094097570437502 0.6772315995268166 0.01953125 0.06116207951070336
0 0.6068613370641377 0.6500983304105494 0.01953125 0.06116207951070336
0 0.6175647009785108 0.6373297331793647 0.01953125 0.06116207951070336
0 0.6333649048521092 0.6325415092176705 0.01953125 0.06116207951070336
0 0.6247002769214262 0.6149846880247919 0.01953125 0.06116207951070336
0 0.6364230088276444 0.5894474935624228 0.01953125 0.06116207951070336
0 0.6343842728439542 0.5639102991000536 0.01953125 0.06116207951070336
0 0.6267390129051162 0.5591220751383594 0.01953125 0.06116207951070336
0 0.6435585847705597 0.6149846880247919 0.01953125 0.06116207951070336
0 0.6491651087257075 0.5782749709851362 0.01953125 0.06116207951070336
0 0.6450876367583273 0.5814671202929325 0.01953125 0.06116207951070336
0 0.6445779527624048 0.667655151603428 0.01953125 0.06116207951070336
0 0.6491651087257075 0.6947884207196953 0.01953125 0.06116207951070336
0 0.6547716326808553 0.6947884207196953 0.01953125 0.06116207951070336
0 0.6557910006727004 0.7586314068756181 0.01953125 0.06116207951070336
0 0.6455973207542498 0.7841686013379872 0.01953125 0.06116207951070336
0 0.6557910006727004 0.801725422530866 0.01953125 0.06116207951070336
0 0.6654749965952285 0.7985332732230699 0.01953125 0.06116207951070336
0 0.6746493085218339 0.801725422530866 0.01953125 0.06116207951070336
0 0.676688044505524 0.7538431829139238 0.01953125 0.06116207951070336
0 0.6873914084198971 0.7426706603366373 0.01953125 0.06116207951070336
0 0.6980947723342702 0.7841686013379872 0.01953125 0.06116207951070336
0 0.703701296289418 0.801725422530866 0.01953125 0.06116207951070336
0 0.6991141403261153 0.7729960787607006 0.01953125 0.06116207951070336
0 0.7159337121915587 0.7442667349905355 0.01953125 0.06116207951070336
0 0.7281661280936994 0.7761882280684969 0.01953125 0.06116207951070336
0 0.7378501240162274 0.7698039294529047 0.01953125 0.06116207951070336
0 0.7454953839550653 0.7394785110288413 0.01953125 0.06116207951070336
0 0.7592568518449735 0.7426706603366373 0.01953125 0.06116207951070336
0 0.7449856999591427 0.6772315995268166 0.01953125 0.06116207951070336
0 0.7612955878286637 0.6740394502190205 0.01953125 0.06116207951070336
0 0.7709795837511917 0.688404122104103 0.01953125 0.06116207951070336
0 0.769450531763424 0.6963844953735935 0.01953125 0.06116207951070336
0 0.7674117957797341 0.6389258078332628 0.01953125 0.06116207951070336
0 0.7643536918041989 0.6101964640630977 0.01953125 0.06116207951070336
0 0.7526309598979807 0.6149846880247919 0.01953125 0.06116207951070336
0 0.7556890638735159 0.5862553442546266 0.01953125 0.06116207951070336
0 0.7653730597960439 0.5256045074064999 0.01953125 0.06116207951070336
0 0.7536503278898257 0.5367770299837864 0.01953125 0.06116207951070336
0 0.7363210720284598 0.5367770299837864 0.01953125 0.06116207951070336
0 0.7133852922119461 0.5750828216773402 0.01953125 0.06116207951070336
0 0.718991816167094 0.5096437608675193 0.01953125 0.06116207951070336
0 0.7087981362486432 0.5479495525610729 0.01953125 0.06116207951070336
0 0.6940173003668899 0.5607181497922574 0.01953125 0.06116207951070336
0 0.6649653125993059 0.7219216898359624 0.01953125 0.06116207951070336
0 0.6624168926196933 0.6740394502190205 0.01953125 0.06116207951070336
0 0.6710815205503762 0.6660590769495301 0.01953125 0.06116207951070336
0 0.6644556286033834 0.640521882487161 0.01953125 0.06116207951070336
0 0.6639459446074608 0.5926396428702188 0.01953125 0.06116207951070336
0 0.6710815205503762 0.5591220751383594 0.01953125 0.06116207951070336
0 0.6822945684606718 0.5479495525610729 0.01953125 0.06116207951070336
0 0.6741396245259114 0.5383731046376846 0.01953125 0.06116207951070336
0 0.6715912045462987 0.5208162834448058 0.01953125 0.06116207951070336
0 0.6802558324769817 0.5256045074064999 0.01953125 0.06116207951070336
0 0.6960560363505801 0.527200582060398 0.01953125 0.06116207951070336
0 0.6868817244239745 0.5256045074064999 0.01953125 0.06116207951070336
0 0.7052303482771856 0.6165807626786899 0.01953125 0.06116207951070336
0 0.7138949762078686 0.667655151603428 0.01953125 0.06116207951070336
0 0.6975850883383476 0.6947884207196953 0.01953125 0.06116207951070336
0 0.695036668358735 0.6548865543722436 0.01953125 0.06116207951070336
0 0.7016625603057279 0.6516944050644474 0.01953125 0.06116207951070336
0 0.7296951800814668 0.6229650612942821 0.01953125 0.06116207951070336
0 0.7276564440977767 0.5782749709851362 0.01953125 0.06116207951070336
0 0.7368307560243824 0.5655063737539516 0.01953125 0.06116207951070336
0 0.685352672436207 0.5926396428702188 0.01953125 0.06116207951070336
0 0.6884107764117421 0.6277532852559763 0.01953125 0.06116207951070336
0 0.6741396245259114 0.5878514189085247 0.01953125 0.06116207951070336
0 0.6552813166767778 0.5224123580987038 0.01953125 0.06116207951070336
0 0.6517135287053202 0.5591220751383594 0.01953125 0.06116207951070336
0 0.6517135287053202 0.5399691792915825 0.01953125 0.06116207951070336
0 0.6450876367583273 0.5192202087909077 0.01953125 0.06116207951070336
0 0.6328552208561866 0.5176241341370096 0.01953125 0.06116207951070336
0 0.6873914084198971 0.6772315995268166 0.01953125 0.06116207951070336
0 0.7261273921100092 0.6740394502190205 0.01953125 0.06116207951070336
0 0.7475341199387553 0.8144940197620506 0.01953125 0.06116207951070336
0 0.7531406438939032 0.8065136464925602 0.01953125 0.06116207951070336
0 0.7551793798775934 0.7777843027223948 0.01953125 0.06116207951070336
0 0.7612955878286637 0.7729960787607006 0.01953125 0.06116207951070336
0 0.34539344715588083 0.959736813266775 0.01953125 0.06116207951070336
0 0.6779622544953302 0.8895095284952597 0.01953125 0.06116207951070336
0 0.7707247417532305 0.9517564399972844 0.01953125 0.06116207951070336
0 0.783976525647216 0.9772936344596536 0.01953125 0.06116207951070336
0 0.7972283095412017 0.9677171865362653 0.01953125 0.06116207951070336
0 0.7798990536798359 0.9134506483037309 0.01953125 0.06116207951070336
0 0.7972283095412017 0.8591841100711964 0.01953125 0.06116207951070336
0 0.7885636816105189 0.8575880354172983 0.01953125 0.06116207951070336
0 0.773273161732843 0.8575880354172983 0.01953125 0.06116207951070336
0 0.7809184216716808 0.8113018704542543 0.01953125 0.06116207951070336
0 0.7748022137206105 0.7650157054912103 0.01953125 0.06116207951070336
0 0.7844862096431386 0.7761882280684969 0.01953125 0.06116207951070336
0 0.7880539976145963 0.7506510336061277 0.01953125 0.06116207951070336
0 0.8002864135167369 0.7650157054912103 0.01953125 0.06116207951070336
0 0.8130285134148002 0.7538431829139238 0.01953125 0.06116207951070336
0 0.8222028253414057 0.731498137759351 0.01953125 0.06116207951070336
0 0.8002864135167369 0.8113018704542543 0.01953125 0.06116207951070336
0 0.8191447213658705 0.8990859764186482 0.01953125 0.06116207951070336
0 0.8028348334963495 0.9022781257264443 0.01953125 0.06116207951070336
0 0.8252609293169408 0.9326035441505076 0.01953125 0.06116207951070336
0 0.8441192371660744 0.9230270962271192 0.01953125 0.06116207951070336
0 0.8517644971049123 0.9501603653433864 0.01953125 0.06116207951070336
0 0.8344352412435463 0.8655684086867886 0.01953125 0.06116207951070336
0 0.8191447213658705 0.8320508409549293 0.01953125 0.06116207951070336
0 0.8278093492965535 0.8240704676854389 0.01953125 0.06116207951070336
0 0.8374933452190815 0.7618235561834142 0.01953125 0.06116207951070336
0 0.8267899813047084 0.7953411239152736 0.01953125 0.06116207951070336
0 0.8522741811008347 0.7586314068756181 0.01953125 0.06116207951070336
0 0.8624678610192855 0.7394785110288413 0.01953125 0.06116207951070336
0 0.8583903890519051 0.8065136464925602 0.01953125 0.06116207951070336
0 0.8517644971049123 0.8432233635322158 0.01953125 0.06116207951070336
0 0.8604291250355953 0.8847213045335657 0.01953125 0.06116207951070336
0 0.8767390129051162 0.9341996188044058 0.01953125 0.06116207951070336
0 0.8828552208561865 0.868760557994585 0.01953125 0.06116207951070336
0 0.8874423768194892 0.8176861690698467 0.01953125 0.06116207951070336
0 0.898655424729785 0.8288586916471331 0.01953125 0.06116207951070336
0 0.9205718365544535 0.9070663496881387 0.01953125 0.06116207951070336
0 0.907320052660468 0.9230270962271192 0.01953125 0.06116207951070336
0 0.9149653125993057 0.9549485893050808 0.01953125 0.06116207951070336
0 0.8879520608154118 0.9326035441505076 0.01953125 0.06116207951070336
0 0.9465657203465025 0.959736813266775 0.01953125 0.06116207951070336
0 0.9297461484810591 0.9804857837674499 0.01953125 0.06116207951070336
0 0.9537012962894178 0.8958938271108521 0.01953125 0.06116207951070336
0 0.947075404342425 0.8767409312640753 0.01953125 0.06116207951070336
0 0.9791854960855444 0.918238872265425 0.01953125 0.06116207951070336
0 0.9756177081140868 0.8655684086867886 0.01953125 0.06116207951070336
0 0.9659337121915587 0.8432233635322158 0.01953125 0.06116207951070336
0 0.9613465562282559 0.8128979451081526 0.01953125 0.06116207951070336
0 0.9547206642812631 0.800129347876968 0.01953125 0.06116207951070336
0 0.974088656126319 0.801725422530866 0.01953125 0.06116207951070336
0 0.9226105725381437 0.8352429902627254 0.01953125 0.06116207951070336
0 0.9348429884402844 0.8288586916471331 0.01953125 0.06116207951070336
0 0.8950876367583274 0.7618235561834142 0.01953125 0.06116207951070336
0 0.8818358528643414 0.7682078547990064 0.01953125 0.06116207951070336
0 0.9103781566360031 0.7474588842983316 0.01953125 0.06116207951070336
0 0.9180234165748409 0.7729960787607006 0.01953125 0.06116207951070336
0 0.9322945684606717 0.7841686013379872 0.01953125 0.06116207951070336
0 0.9261783605096013 0.7586314068756181 0.01953125 0.06116207951070336
0 0.9333139364525168 0.7362863617210451 0.01953125 0.06116207951070336
0 0.9465657203465025 0.731498137759351 0.01953125 0.06116207951070336
0 0.9516625603057279 0.7682078547990064 0.01953125 0.06116207951070336
0 0.9537012962894178 0.7873607506457835 0.01953125 0.06116207951070336
0 0.9725596041385516 0.7330942124132489 0.01953125 0.06116207951070336
0 0.9898888599999174 0.7841686013379872 0.01953125 0.06116207951070336
0 0.9949856999591427 0.7586314068756181 0.01953125 0.06116207951070336
0 0.9949856999591427 0.8543958861095022 0.01953125 0.06116207951070336
0 0.9868307560243823 0.8208783183776429 0.01953125 0.06116207951070336
0 0.7987573615289694 0.7155373912203702 0.01953125 0.06116207951070336
0 0.783976525647216 0.7075570179508799 0.01953125 0.06116207951070336
0 0.7962089415493568 0.6612708529878358 0.01953125 0.06116207951070336
0 0.8028348334963495 0.6660590769495301 0.01953125 0.06116207951070336
0 0.7763312657083781 0.573486747023442 0.01953125 0.06116207951070336
0 0.781937789663526 0.5303927313681941 0.01953125 0.06116207951070336
0 0.7895830496023638 0.5447574032532768 0.01953125 0.06116207951070336
0 0.792641153577899 0.5750828216773402 0.01953125 0.06116207951070336
0 0.7865249456268287 0.6277532852559763 0.01953125 0.06116207951070336
0 0.7967186255452793 0.6149846880247919 0.01953125 0.06116207951070336
0 0.8109897774311101 0.618176837332588 0.01953125 0.06116207951070336
0 0.8109897774311101 0.6373297331793647 0.01953125 0.06116207951070336
0 0.8242415613250959 0.6373297331793647 0.01953125 0.06116207951070336
0 0.8344352412435463 0.6485022557566512 0.01953125 0.06116207951070336
0 0.8298480852802436 0.6628669276417338 0.01953125 0.06116207951070336
0 0.8497257611212222 0.6373297331793647 0.01953125 0.06116207951070336
0 0.8446289211619968 0.6149846880247919 0.01953125 0.06116207951070336
0 0.8548226010804475 0.667655151603428 0.01953125 0.06116207951070336
0 0.8568613370641377 0.688404122104103 0.01953125 0.06116207951070336
0 0.8492160771252997 0.7123452419125741 0.01953125 0.06116207951070336
0 0.8395320812027717 0.7075570179508799 0.01953125 0.06116207951070336
0 0.8303577692761662 0.7171334658742683 0.01953125 0.06116207951070336
0 0.8925392167787146 0.6628669276417338 0.01953125 0.06116207951070336
0 0.8905004807950244 0.710749167258676 0.01953125 0.06116207951070336
0 0.880306800876574 0.7283059884515546 0.01953125 0.06116207951070336
0 0.8685840689703558 0.6995766446813895 0.01953125 0.06116207951070336
0 0.8690937529662783 0.6564826290261416 0.01953125 0.06116207951070336
0 0.8609388090315178 0.6277532852559763 0.01953125 0.06116207951070336
0 0.872661540937736 0.594235717524117 0.01953125 0.06116207951070336
0 0.8670550169825881 0.573486747023442 0.01953125 0.06116207951070336
0 0.8599194410396729 0.594235717524117 0.01953125 0.06116207951070336
0 0.8527838650967574 0.5766788963312381 0.01953125 0.06116207951070336
0 0.8456482891538419 0.5655063737539516 0.01953125 0.06116207951070336
0 0.8374933452190815 0.5878514189085247 0.01953125 0.06116207951070336
0 0.8323965052598562 0.573486747023442 0.01953125 0.06116207951070336
0 0.8288287172883986 0.5415652539454806 0.01953125 0.06116207951070336
0 0.8114994614270326 0.573486747023442 0.01953125 0.06116207951070336
0 0.8053832534759623 0.5287966567142961 0.01953125 0.06116207951070336
0 0.809970409439265 0.5064516115597232 0.01953125 0.06116207951070336
0 0.8155769333944128 0.5080476862136212 0.01953125 0.06116207951070336
0 0.8171059853821805 0.527200582060398 0.01953125 0.06116207951070336
0 0.8966166887460948 0.6149846880247919 0.01953125 0.06116207951070336
0 0.8787777488888062 0.6149846880247919 0.01953125 0.06116207951070336
0 0.9083394206523129 0.6724433755651223 0.01953125 0.06116207951070336
0 0.9144556286033833 0.6995766446813895 0.01953125 0.06116207951070336
0 0.9302558324769816 0.6596747783339377 0.01953125 0.06116207951070336
0 0.915984680591151 0.6341375838715687 0.01953125 0.06116207951070336
0 0.9129265766156158 0.594235717524117 0.01953125 0.06116207951070336
0 0.8991651087257074 0.5814671202929325 0.01953125 0.06116207951070336
0 0.8859133248317217 0.5607181497922574 0.01953125 0.06116207951070336
0 0.8930489007746371 0.5559299258305633 0.01953125 0.06116207951070336
0 0.8757196449132711 0.5479495525610729 0.01953125 0.06116207951070336
0 0.8874423768194892 0.5431613285993787 0.01953125 0.06116207951070336
0 0.9042619486849328 0.5064516115597232 0.01953125 0.06116207951070336
0 0.9287267804892141 0.5702945977156458 0.01953125 0.06116207951070336
0 0.9394301444035872 0.5431613285993787 0.01953125 0.06116207951070336
0 0.927707412497369 0.5256045074064999 0.01953125 0.06116207951070336
0 0.9475850883383475 0.5878514189085247 0.01953125 0.06116207951070336
0 0.9480947723342701 0.6485022557566512 0.01953125 0.06116207951070336
0 0.9322945684606717 0.6101964640630977 0.01953125 0.06116207951070336
0 0.9684821321711712 0.6117925387169958 0.01953125 0.06116207951070336
0 0.9577787682567982 0.5087665659919461 0.01953125 0.06116207951070336
0 0.9526819282975729 0.5263233871848249 0.01953125 0.06116207951070336
0 0.9338236204484395 0.4784411475678828 0.01953125 0.06116207951070336
0 0.9210815205503762 0.49280581945296537 0.01953125 0.06116207951070336
0 0.9180234165748409 0.5055744166841499 0.01953125 0.06116207951070336
0 0.9164943645870735 0.5374959097621114 0.01953125 0.06116207951070336
0 0.8843842728439542 0.5151508646075385 0.01953125 0.06116207951070336
0 0.8731712249336584 0.5119587152997424 0.01953125 0.06116207951070336
0 0.8604291250355953 0.5406880590699075 0.01953125 0.06116207951070336
0 0.8502354451171448 0.5343037604543152 0.01953125 0.06116207951070336
0 0.8578807050559826 0.5119587152997424 0.01953125 0.06116207951070336
0 0.8451386051579195 0.5087665659919461 0.01953125 0.06116207951070336
0 0.8395320812027717 0.5422841337238056 0.01953125 0.06116207951070336
0 0.8313771372680111 0.49440189410686347 0.01953125 0.06116207951070336
0 0.8181253533740254 0.48642152083737317 0.01953125 0.06116207951070336
0 0.8237318773291732 0.4784411475678828 0.01953125 0.06116207951070336
0 0.809970409439265 0.49280581945296537 0.01953125 0.06116207951070336
0 0.801305781508582 0.48322937152957696 0.01953125 0.06116207951070336
0 0.8033445174922721 0.46248040102890203 0.01953125 0.06116207951070336
0 0.8033445174922721 0.49759404341465957 0.01953125 0.06116207951070336
0 0.7921314695819766 0.5007861927224557 0.01953125 0.06116207951070336
0 0.7921314695819766 0.5295155364926211 0.01953125 0.06116207951070336
0 0.8823455368602641 0.46248040102890203 0.01953125 0.06116207951070336
0 0.8823455368602641 0.48322937152957696 0.01953125 0.06116207951070336
0 0.8889714288072569 0.4784411475678828 0.01953125 0.06116207951070336
0 0.8971263727420172 0.4816332968756789 0.01953125 0.06116207951070336
0 0.8996747927216299 0.4529039531055137 0.01953125 0.06116207951070336
0 0.9149653125993057 0.4672686249905963 0.01953125 0.06116207951070336
0 0.9175137325789184 0.4401353558743291 0.01953125 0.06116207951070336
0 0.9261783605096013 0.45609610241330983 0.01953125 0.06116207951070336
0 0.9266880445055239 0.4417314305282272 0.01953125 0.06116207951070336
0 0.9307655164729043 0.42577068398924656 0.01953125 0.06116207951070336
0 0.9435076163709674 0.4337510572587368 0.01953125 0.06116207951070336
0 0.9353526724362069 0.45130787845161563 0.01953125 0.06116207951070336
0 0.9424882483791223 0.41140601210416383 0.01953125 0.06116207951070336
0 0.956759400264953 0.42896283329704255 0.01953125 0.06116207951070336
0 0.9511528763098053 0.41459816141196004 0.01953125 0.06116207951070336
0 0.965424028195636 0.4736529236061886 0.01953125 0.06116207951070336
0 0.991417911987685 0.4816332968756789 0.01953125 0.06116207951070336
0 0.9832629680529245 0.47524899826008665 0.01953125 0.06116207951070336
0 0.9720499201426289 0.49440189410686347 0.01953125 0.06116207951070336
0 0.982753284057002 0.5726095521478689 0.01953125 0.06116207951070336
0 0.9649143441997136 0.5758017014556651 0.01953125 0.06116207951070336
0 0.981733916065157 0.4369432065665329 0.01953125 0.06116207951070336
0 0.9664433961874812 0.3699080711028141 0.01953125 0.06116207951070336
0 0.9598175042404883 0.345966951294343 0.01953125 0.06116207951070336
0 0.9506431923138826 0.28691218910011446 0.01953125 0.06116207951070336
0 0.9531916122934954 0.26137499463774533 0.01953125 0.06116207951070336
0 0.9445269843628123 0.3603316231794256 0.01953125 0.06116207951070336
0 0.927707412497369 0.37310022041061014 0.01953125 0.06116207951070336
0 0.9236299405299887 0.393849190911285 0.01953125 0.06116207951070336
0 0.9119072086237705 0.40661778814246957 0.01953125 0.06116207951070336
0 0.9108878406319256 0.3826766683339986 0.01953125 0.06116207951070336
0 0.9001844767175525 0.37310022041061014 0.01953125 0.06116207951070336
0 0.8945779527624047 0.3699080711028141 0.01953125 0.06116207951070336
0 0.8731712249336584 0.4369432065665329 0.01953125 0.06116207951070336
0 0.8706228049540459 0.42257853468145035 0.01953125 0.06116207951070336
0 0.8665453329866656 0.41459816141196004 0.01953125 0.06116207951070336
0 0.8696034369622008 0.4672686249905963 0.01953125 0.06116207951070336
0 0.8665453329866656 0.45928825172110604 0.01953125 0.06116207951070336
0 0.8624678610192855 0.42257853468145035 0.01953125 0.06116207951070336
0 0.8558419690722926 0.40821386279636773 0.01953125 0.06116207951070336
0 0.8512548131089899 0.4337510572587368 0.01953125 0.06116207951070336
0 0.8685840689703558 0.49440189410686347 0.01953125 0.06116207951070336
0 0.9888694920080723 0.3699080711028141 0.01953125 0.06116207951070336
0 0.9933292269723945 0.34357283931349586 0.01953125 0.06116207951070336
0 0.9869581770233629 0.30925723425468743 0.01953125 0.06116207951070336
0 0.9765096551069511 0.3244199434667191 0.01953125 0.06116207951070336
0 0.9716676571456869 0.3100552715816365 0.01953125 0.06116207951070336
0 0.963003029215004 0.2661632185994396 0.01953125 0.06116207951070336
0 0.9082119996533323 0.3156415328702797 0.01953125 0.06116207951070336
0 0.9122894716207125 0.3347944287170566 0.01953125 0.06116207951070336
0 0.8460305521507838 0.38985900427653997 0.01953125 0.06116207951070336
0 0.8360917142302946 0.4090119001233168 0.01953125 0.06116207951070336
0 0.7749296347195912 0.3794845190262025 0.01953125 0.06116207951070336
0 0.7662650067889083 0.3826766683339986 0.01953125 0.06116207951070336
0 0.7884362606115383 0.4329530199317878 0.01953125 0.06116207951070336
0 0.7953169945564923 0.44731769181687037 0.01953125 0.06116207951070336
0 0.79684604654426 0.4273667586431445 0.01953125 0.06116207951070336
0 0.8078042524565944 0.42896283329704266 0.01953125 0.06116207951070336
0 0.799904150519795 0.40502171348857163 0.01953125 0.06116207951070336
0 0.8098429884402844 0.3994354521999283 0.01953125 0.06116207951070336
0 0.7937879425687248 0.3499571379290882 0.01953125 0.06116207951070336
0 0.7858878406319256 0.35713947387162953 0.01953125 0.06116207951070336
0 0.7851233146380417 0.3794845190262025 0.01953125 0.06116207951070336
0 0.7848684726400805 0.3962433028921322 0.01953125 0.06116207951070336
0 0.7917492065850347 0.40103152685382637 0.01953125 0.06116207951070336
0 0.7932782585728022 0.3826766683339986 0.01953125 0.06116207951070336
0 0.7550519588786127 0.3635237724872218 0.01953125 0.06116207951070336
0 0.7596391148419154 0.34676498862129207 0.01953125 0.06116207951070336
0 0.8455208681548614 0.32362190613977004 0.01953125 0.06116207951070336
0 0.8411885541895199 0.2980847116774009 0.01953125 0.06116207951070336
0 0.8401691861976748 0.3148434955433307 0.01953125 0.06116207951070336
0 0.8488338141283578 0.34038069000569976 0.01953125 0.06116207951070336
0 0.8488338141283578 0.3523512499099353 0.01953125 0.06116207951070336
0 0.8554597060753507 0.36033162317942563 0.01953125 0.06116207951070336
0 0.8473047621405901 0.3699080711028141 0.01953125 0.06116207951070336
0 0.8852762198368186 0.368311996448916 0.01953125 0.06116207951070336
0 0.8949602157593466 0.3483610632751901 0.01953125 0.06116207951070336
0 0.8880794818143923 0.3379865780248527 0.01953125 0.06116207951070336
0 0.8934311637715789 0.32362190613977004 0.01953125 0.06116207951070336
0 0.9303832534759623 0.3108533089085855 0.01953125 0.06116207951070336
0 0.9385381974107226 0.3044690102929933 0.01953125 0.06116207951070336
0 0.9125443136186738 0.28212396513842025 0.01953125 0.06116207951070336
0 0.9082119996533323 0.299680786331299 0.01953125 0.06116207951070336
0 0.9028603176961457 0.28451807711926735 0.01953125 0.06116207951070336
0 0.8947053737613853 0.2980847116774009 0.01953125 0.06116207951070336
0 0.8985280037308043 0.32601601812061715 0.01953125 0.06116207951070336
0 0.8748276979204068 0.29888274900434997 0.01953125 0.06116207951070336
0 0.8773761179000193 0.3076611596007894 0.01953125 0.06116207951070336
0 0.8592823360447696 0.32362190613977004 0.01953125 0.06116207951070336
0 0.8557145480733119 0.3100552715816365 0.01953125 0.06116207951070336
0 0.8643791760039949 0.3076611596007894 0.01953125 0.06116207951070336
0 0.7588745888480316 0.3132474208894326 0.01953125 0.06116207951070336
0 0.9368817244239745 0.5119587152997424 0.01953125 0.06116207951070336
0 0.5265861077063394 0.5055744166841499 0.01953125 0.06116207951070336
0 0.5118052718245861 0.47524899826008665 0.01953125 0.06116207951070336
0 0.5056890638735158 0.4896136701451693 0.01953125 0.06116207951070336
0 0.5067084318653609 0.5087665659919461 0.01953125 0.06116207951070336
0 0.5179214797756564 0.550264506993296 0.01953125 0.06116207951070336
0 0.5143536918041988 0.5215351632231306 0.01953125 0.06116207951070336
0 0.5235280037308043 0.47205684895229055 0.01953125 0.06116207951070336
0 0.5403475755962477 0.48642152083737317 0.01953125 0.06116207951070336
0 0.5301538956777971 0.49440189410686347 0.01953125 0.06116207951070336
0 0.5306635796737197 0.5438802083777036 0.01953125 0.06116207951070336
0 0.5423863115799378 0.5119587152997424 0.01953125 0.06116207951070336
0 0.5479928355350856 0.46567255033669824 0.01953125 0.06116207951070336
0 0.5668511433842192 0.4896136701451693 0.01953125 0.06116207951070336
0 0.5612446194290713 0.4784411475678828 0.01953125 0.06116207951070336
0 0.573477035331212 0.48322937152957696 0.01953125 0.06116207951070336
0 0.5612446194290713 0.4529039531055137 0.01953125 0.06116207951070336
0 0.5714382993475219 0.4273667586431445 0.01953125 0.06116207951070336
0 0.5729673513352894 0.460884326375004 0.01953125 0.06116207951070336
0 0.5867288192251977 0.45609610241330983 0.01953125 0.06116207951070336
0 0.5780641912945147 0.4449235798360233 0.01953125 0.06116207951070336
0 0.5816319792659724 0.5103626406458441 0.01953125 0.06116207951070336
0 0.5816319792659724 0.48322937152957696 0.01953125 0.06116207951070336
0 0.5867288192251977 0.49440189410686347 0.01953125 0.06116207951070336
0 0.5959031311518033 0.4784411475678828 0.01953125 0.06116207951070336
0 0.6009999711110285 0.49919011806855773 0.01953125 0.06116207951070336
0 0.6055871270743314 0.48642152083737317 0.01953125 0.06116207951070336
0 0.6168001749846269 0.5311116111465191 0.01953125 0.06116207951070336
0 0.6224066989397747 0.5103626406458441 0.01953125 0.06116207951070336
0 0.6224066989397747 0.4784411475678828 0.01953125 0.06116207951070336
0 0.6326003788582253 0.49440189410686347 0.01953125 0.06116207951070336
0 0.6392262708052181 0.47205684895229055 0.01953125 0.06116207951070336
0 0.6509490027114363 0.4975940434146597 0.01953125 0.06116207951070336
0 0.6514586867073588 0.46726862499059635 0.01953125 0.06116207951070336
0 0.6117033350254016 0.46726862499059635 0.01953125 0.06116207951070336
0 0.5959031311518033 0.460884326375004 0.01953125 0.06116207951070336
0 0.5918256591844231 0.4417314305282272 0.01953125 0.06116207951070336
0 0.5882578712129654 0.416194236065858 0.01953125 0.06116207951070336
0 0.6055871270743314 0.4273667586431445 0.01953125 0.06116207951070336
0 0.5969224991436484 0.40502171348857163 0.01953125 0.06116207951070336
0 0.5913159751885005 0.38746489229569286 0.01953125 0.06116207951070336
0 0.5851997672374302 0.38906096694959086 0.01953125 0.06116207951070336
0 0.5780641912945147 0.3858688176417947 0.01953125 0.06116207951070336
0 0.5744964033230571 0.40821386279636773 0.01953125 0.06116207951070336
0 0.5714382993475219 0.38906096694959086 0.01953125 0.06116207951070336
0 0.5576768314576137 0.42257853468145035 0.01953125 0.06116207951070336
0 0.5505412555146982 0.4209824600275523 0.01953125 0.06116207951070336
0 0.5408572595921702 0.44971180379771747 0.01953125 0.06116207951070336
0 0.5403475755962477 0.4305589079509407 0.01953125 0.06116207951070336
0 0.5362701036288675 0.4529039531055137 0.01953125 0.06116207951070336
0 0.527095791702262 0.4305589079509407 0.01953125 0.06116207951070336
0 0.5362701036288675 0.40502171348857163 0.01953125 0.06116207951070336
0 0.5311732636696421 0.41140601210416383 0.01953125 0.06116207951070336
0 0.5031406438939032 0.413002086758062 0.01953125 0.06116207951070336
0 0.501101907910213 0.3826766683339986 0.01953125 0.06116207951070336
0 0.5072181158612834 0.393849190911285 0.01953125 0.06116207951070336
0 0.5102762198368185 0.416194236065858 0.01953125 0.06116207951070336
0 0.5148633758001213 0.3794845190262025 0.01953125 0.06116207951070336
0 0.5204698997552691 0.4002334895268774 0.01953125 0.06116207951070336
0 0.5240376877267269 0.3826766683339986 0.01953125 0.06116207951070336
0 0.5367797876247901 0.36831199644891593 0.01953125 0.06116207951070336
0 0.517411795779734 0.3603316231794257 0.01953125 0.06116207951070336
0 0.5143536918041988 0.345966951294343 0.01953125 0.06116207951070336
0 0.5189408477675015 0.3427748019865468 0.01953125 0.06116207951070336
0 0.5209795837511917 0.32841013010146425 0.01953125 0.06116207951070336
0 0.5036503278898257 0.4417314305282272 0.01953125 0.06116207951070336
0 0.5592058834453812 0.36831199644891593 0.01953125 0.06116207951070336
0 0.562773671416839 0.3379865780248526 0.01953125 0.06116207951070336
0 0.5719479833434444 0.3603316231794257 0.01953125 0.06116207951070336
0 0.5739867193271345 0.3379865780248526 0.01953125 0.06116207951070336
0 0.5857094512333526 0.3395826526787507 0.01953125 0.06116207951070336
0 0.5780641912945147 0.3603316231794257 0.01953125 0.06116207951070336
0 0.5928450271762681 0.3427748019865468 0.01953125 0.06116207951070336
0 0.5882578712129654 0.322025831485872 0.01953125 0.06116207951070336
0 0.5867288192251977 0.30925723425468743 0.01953125 0.06116207951070336
0 0.5974321831395708 0.3140454582163816 0.01953125 0.06116207951070336
0 0.6050774430784087 0.33160227940926035 0.01953125 0.06116207951070336
0 0.5969224991436484 0.33160227940926035 0.01953125 0.06116207951070336
0 0.6040580750865637 0.38746489229569286 0.01953125 0.06116207951070336
0 0.5989612351273383 0.3746962950645083 0.01953125 0.06116207951070336
0 0.6111936510294791 0.3651198471411199 0.01953125 0.06116207951070336
0 0.6168001749846269 0.35554339921773137 0.01953125 0.06116207951070336
0 0.6071161790620989 0.3443708766404449 0.01953125 0.06116207951070336
0 0.6101742830376341 0.39863741487297927 0.01953125 0.06116207951070336
0 0.6173098589805495 0.4305589079509407 0.01953125 0.06116207951070336
0 0.6382069028133731 0.4385392812204311 0.01953125 0.06116207951070336
0 0.6356584828337605 0.413002086758062 0.01953125 0.06116207951070336
0 0.627503538899 0.3491591006021391 0.01953125 0.06116207951070336
0 0.5204698997552691 0.29170041306180866 0.01953125 0.06116207951070336
0 0.519450531763424 0.277335741176726 0.01953125 0.06116207951070336
0 0.5179214797756564 0.2645671439455414 0.01953125 0.06116207951070336
0 0.5163924277878889 0.24860639740656076 0.01953125 0.06116207951070336
0 0.700898034311844 0.48322937152957696 0.01953125 0.06116207951070336
0 0.6901946703974711 0.4975940434146597 0.01953125 0.06116207951070336
0 0.6794913064830977 0.47205684895229055 0.01953125 0.06116207951070336
0 0.6866268824260132 0.460884326375004 0.01953125 0.06116207951070336
0 0.6850978304382457 0.4353471319126349 0.01953125 0.06116207951070336
0 0.6794913064830977 0.4385392812204311 0.01953125 0.06116207951070336
0 0.6652201545972671 0.4193863853736542 0.01953125 0.06116207951070336
0 0.6606329986339644 0.4975940434146597 0.01953125 0.06116207951070336
0 0.6616523666258093 0.4576921770672079 0.01953125 0.06116207951070336
0 0.6433037427725984 0.44332750518212527 0.01953125 0.06116207951070336
0 0.6453424787562884 0.4305589079509407 0.01953125 0.06116207951070336
0 0.6575748946584291 0.40821386279636773 0.01953125 0.06116207951070336
0 0.6540071066869714 0.4417314305282272 0.01953125 0.06116207951070336
0 0.6509490027114363 0.40502171348857163 0.01953125 0.06116207951070336
0 0.645852162752211 0.3858688176417947 0.01953125 0.06116207951070336
0 0.6402456387970632 0.3715041457567121 0.01953125 0.06116207951070336
0 0.6361681668296829 0.3651198471411199 0.01953125 0.06116207951070336
0 0.7146595022017523 0.4273667586431445 0.01953125 0.06116207951070336
0 0.721285394148745 0.4002334895268774 0.01953125 0.06116207951070336
0 0.721285394148745 0.36831199644891593 0.01953125 0.06116207951070336
0 0.7141498182058298 0.36831199644891593 0.01953125 0.06116207951070336
0 0.7141498182058298 0.3826766683339986 0.01953125 0.06116207951070336
0 0.7126207662180623 0.38746489229569286 0.01953125 0.06116207951070336
0 0.7110917142302946 0.4002334895268774 0.01953125 0.06116207951070336
0 0.7059948742710693 0.40502171348857163 0.01953125 0.06116207951070336
0 0.7054851902751468 0.4640764756828002 0.01953125 0.06116207951070336
0 0.7054851902751468 0.4449235798360233 0.01953125 0.06116207951070336
0 0.6983496143322314 0.44332750518212527 0.01953125 0.06116207951070336
0 0.701917402303689 0.4209824600275523 0.01953125 0.06116207951070336
0 0.6968205623444638 0.40821386279636773 0.01953125 0.06116207951070336
0 0.728930654087583 0.4640764756828002 0.01953125 0.06116207951070336
0 0.7360662300304984 0.4784411475678828 0.01953125 0.06116207951070336
0 0.7248531821202029 0.4385392812204311 0.01953125 0.06116207951070336
0 0.7274016020998154 0.43215498260483876 0.01953125 0.06116207951070336
0 0.7437114899693363 0.44332750518212527 0.01953125 0.06116207951070336
0 0.7421824379815687 0.4305589079509407 0.01953125 0.06116207951070336
0 0.7432018059734138 0.4098099374502658 0.01953125 0.06116207951070336
0 0.7595116938429347 0.48642152083737317 0.01953125 0.06116207951070336
0 0.7503373819163293 0.48642152083737317 0.01953125 0.06116207951070336
0 0.7442211739652589 0.48642152083737317 0.01953125 0.06116207951070336
0 0.7493180139244842 0.4576921770672079 0.01953125 0.06116207951070336
0 0.7595116938429347 0.4098099374502658 0.01953125 0.06116207951070336
0 0.7513567499081744 0.416194236065858 0.01953125 0.06116207951070336
0 0.746259909948949 0.38746489229569286 0.01953125 0.06116207951070336
0 0.7707247417532305 0.4529039531055137 0.01953125 0.06116207951070336
0 0.7615504298266248 0.4529039531055137 0.01953125 0.06116207951070336
0 0.7712344257491529 0.3539473245638334 0.01953125 0.06116207951070336
0 0.7702150577573078 0.3331983540631584 0.01953125 0.06116207951070336
0 0.7676666377776953 0.2980847116774009 0.01953125 0.06116207951070336
0 0.7768409497043007 0.3252179807936681 0.01953125 0.06116207951070336
0 0.7814281056676035 0.3427748019865468 0.01953125 0.06116207951070336
0 0.7768409497043007 0.3443708766404449 0.01953125 0.06116207951070336
0 0.7834668416512935 0.3108533089085855 0.01953125 0.06116207951070336
0 0.7742925297246881 0.2932964877157067 0.01953125 0.06116207951070336
0 0.7753118977165332 0.3044690102929932 0.01953125 0.06116207951070336
0 0.7788796856879908 0.27095144256113374 0.01953125 0.06116207951070336
0 0.783976525647216 0.24860639740656076 0.01953125 0.06116207951070336
0 0.7370855980223435 0.3156415328702797 0.01953125 0.06116207951070336
0 0.7243434981242802 0.3204297568319739 0.01953125 0.06116207951070336
0 0.7432018059734138 0.3108533089085855 0.01953125 0.06116207951070336
0 0.7467695939448714 0.30925723425468743 0.01953125 0.06116207951070336
0 0.7518664339040968 0.2932964877157067 0.01953125 0.06116207951070336
0 0.7533954858918644 0.2645671439455414 0.01953125 0.06116207951070336
0 0.7472792779407941 0.26616321859943953 0.01953125 0.06116207951070336
0 0.7381049660141886 0.2837200397923183 0.01953125 0.06116207951070336
0 0.7330081260549632 0.2932964877157067 0.01953125 0.06116207951070336
0 0.7274016020998154 0.2980847116774009 0.01953125 0.06116207951070336
0 0.7187369741691325 0.2821239651384202 0.01953125 0.06116207951070336
0 0.7059948742710693 0.32841013010146425 0.01953125 0.06116207951070336
0 0.6993689823240765 0.30925723425468743 0.01953125 0.06116207951070336
0 0.7003883503159214 0.3379865780248526 0.01953125 0.06116207951070336
0 0.7003883503159214 0.35713947387162953 0.01953125 0.06116207951070336
0 0.6840784624464007 0.4098099374502658 0.01953125 0.06116207951070336
0 0.6856075144341682 0.3794845190262025 0.01953125 0.06116207951070336
0 0.6723557305401825 0.40821386279636773 0.01953125 0.06116207951070336
0 0.6708266785524148 0.38906096694959086 0.01953125 0.06116207951070336
0 0.6657298385931896 0.3826766683339986 0.01953125 0.06116207951070336
0 0.6631814186135769 0.36831199644891593 0.01953125 0.06116207951070336
0 0.6570652106625066 0.3826766683339986 0.01953125 0.06116207951070336
0 0.6596136306421193 0.3539473245638334 0.01953125 0.06116207951070336
0 0.6596136306421193 0.3427748019865468 0.01953125 0.06116207951070336
0 0.6519683707032814 0.3651198471411199 0.01953125 0.06116207951070336
0 0.5643027234046065 0.2885082637540125 0.01953125 0.06116207951070336
0 0.5602252514372262 0.27095144256113374 0.01953125 0.06116207951070336
0 0.5704189313556769 0.26616321859943953 0.01953125 0.06116207951070336
0 0.5719479833434444 0.24222209879096848 0.01953125 0.06116207951070336
0 0.9328042524565942 0.18476341125063797 0.01953125 0.06116207951070336
0 0.8242415613250959 0.3858688176417947 0.01953125 0.06116207951070336
0 0.8145575654025677 0.3108533089085855 0.01953125 0.06116207951070336
0 0.8222028253414057 0.3044690102929932 0.01953125 0.06116207951070336
0 0.8155769333944128 0.27095144256113374 0.01953125 0.06116207951070336
0 0.8211834573495606 0.27573966652282794 0.01953125 0.06116207951070336
0 0.819654405361793 0.2581828453299492 0.01953125 0.06116207951070336
0 0.8206737733536381 0.24222209879096848 0.01953125 0.06116207951070336
0 0.6611426826298868 0.2821239651384202 0.01953125 0.06116207951070336
0 0.5393282076044026 0.3363905033709546 0.01953125 0.06116207951070336
0 0.5500315715187758 0.38108059368010055 0.01953125 0.06116207951070336
0 0.5400927335982865 0.3012768609851971 0.01953125 0.06116207951070336
0 0.5444250475636279 0.31244938356248364 0.01953125 0.06116207951070336
0 0.5411121015901316 0.2996807863312991 0.01953125 0.06116207951070336
0 0.5349958936390612 0.2661632185994396 0.01953125 0.06116207951070336
0 0.5459540995513956 0.2709514425611338 0.01953125 0.06116207951070336
0 0.550286413516737 0.2821239651384203 0.01953125 0.06116207951070336
0 0.5520703075024659 0.3068631222738404 0.01953125 0.06116207951070336
0 0.5428959955758603 0.24940443473350982 0.01953125 0.06116207951070336
0 0.5398378916003251 0.23264565086758013 0.01953125 0.06116207951070336
0 0.5334668416512937 0.22067509096334462 0.01953125 0.06116207951070336
0 0.5316829476655647 0.24940443473350982 0.01953125 0.06116207951070336
0 0.5237828457287655 0.23424172552147818 0.01953125 0.06116207951070336
0 0.5237828457287655 0.21907901630944654 0.01953125 0.06116207951070336
0 0.5219989517430367 0.21109864303995618 0.01953125 0.06116207951070336
0 0.5197053737613854 0.19833004580877164 0.01953125 0.06116207951070336
0 0.5156279017940051 0.18955163521233226 0.01953125 0.06116207951070336
0 0.5115504298266249 0.1879555605584342 0.01953125 0.06116207951070336
0 0.4937114899693364 0.28052789048452215 0.01953125 0.06116207951070336
0 0.49727927794079413 0.21668490432859944 0.01953125 0.06116207951070336
0 0.49269212197749135 0.19354182184707744 0.01953125 0.06116207951070336
0 0.49982769792040677 0.18157126194284193 0.01953125 0.06116207951070336
0 0.5018664339040968 0.19354182184707744 0.01953125 0.06116207951070336
0 0.5072181158612834 0.23503976284842726 0.01953125 0.06116207951070336
0 0.5112955878286637 0.24860639740656085 0.01953125 0.06116207951070336
0 0.5133343238123538 0.25259658404130597 0.01953125 0.06116207951070336
0 0.5530896754943109 0.24381817344486661 0.01953125 0.06116207951070336
0 0.5479928355350856 0.23264565086758013 0.01953125 0.06116207951070336
0 0.5510509395106208 0.22227116561724267 0.01953125 0.06116207951070336
0 0.5609897774311101 0.2390299494831724 0.01953125 0.06116207951070336
0 0.5981967091334547 0.25738480800300023 0.01953125 0.06116207951070336
0 0.5836707152496626 0.27653770384977705 0.01953125 0.06116207951070336
0 0.5885127132109266 0.2517985467143569 0.01953125 0.06116207951070336
0 0.5778093492965535 0.2430201361179176 0.01953125 0.06116207951070336
0 0.584944925239469 0.2318476135406311 0.01953125 0.06116207951070336
0 0.5892772392048105 0.2230692029441917 0.01953125 0.06116207951070336
0 0.5892772392048105 0.21668490432859944 0.01953125 0.06116207951070336
0 0.5836707152496626 0.20551238175131298 0.01953125 0.06116207951070336
0 0.5867288192251977 0.20710845640521103 0.01953125 0.06116207951070336
0 0.5900417651986941 0.20072415778961872 0.01953125 0.06116207951070336
0 0.5635381974107228 0.19433985917402644 0.01953125 0.06116207951070336
0 0.5671059853821805 0.19833004580877164 0.01953125 0.06116207951070336
0 0.5678705113760643 0.18396537392368903 0.01953125 0.06116207951070336
0 0.5630285134148002 0.21828097898249751 0.01953125 0.06116207951070336
0 0.5332119996533323 0.18476341125063803 0.01953125 0.06116207951070336
0 0.5242925297246881 0.18556144857758708 0.01953125 0.06116207951070336
0 0.5421314695819766 0.20710845640521103 0.01953125 0.06116207951070336
0 0.5673608273801417 0.32042975683197394 0.01953125 0.06116207951070336
0 0.5643027234046065 0.3068631222738404 0.01953125 0.06116207951070336
0 0.569654405361793 0.3012768609851971 0.01953125 0.06116207951070336
0 0.568635037369948 0.2940945250426558 0.01953125 0.06116207951070336
0 0.6083903890519052 0.28611415177316546 0.01953125 0.06116207951070336
0 0.6022741811008349 0.27733574117672605 0.01953125 0.06116207951070336
0 0.5915708171864618 0.31643957019722874 0.01953125 0.06116207951070336
0 0.6127227030172467 0.297286674350452 0.01953125 0.06116207951070336
0 0.6173098589805495 0.3260160181206172 0.01953125 0.06116207951070336
0 0.6122130190213241 0.3196317195050249 0.01953125 0.06116207951070336
0 0.6193485949642396 0.2964886370235029 0.01953125 0.06116207951070336
0 0.6201131209581233 0.274941629195879 0.01953125 0.06116207951070336
0 0.6147614390009368 0.2613749946377454 0.01953125 0.06116207951070336
0 0.6111936510294791 0.25020247206045887 0.01953125 0.06116207951070336
0 0.6078807050559827 0.2637691066185925 0.01953125 0.06116207951070336
0 0.6045677590824863 0.2430201361179176 0.01953125 0.06116207951070336
0 0.6086452310498665 0.22945350155978397 0.01953125 0.06116207951070336
0 0.60533228507637 0.2246652775980898 0.01953125 0.06116207951070336
0 0.5966676571456871 0.23025153888673305 0.01953125 0.06116207951070336
0 0.5969224991436484 0.21668490432859944 0.01953125 0.06116207951070336
0 0.6015096551069511 0.21588686700165038 0.01953125 0.06116207951070336
0 0.6060968110702538 0.20152219511656774 0.01953125 0.06116207951070336
0 0.6124678610192854 0.19673397115487357 0.01953125 0.06116207951070336
0 0.6066064950661764 0.18955163521233226 0.01953125 0.06116207951070336
0 0.5987063931293771 0.18955163521233226 0.01953125 0.06116207951070336
0 0.5910611331905392 0.18157126194284193 0.01953125 0.06116207951070336
0 0.5844352412435464 0.18396537392368903 0.01953125 0.06116207951070336
0 0.5798480852802437 0.18476341125063803 0.01953125 0.06116207951070336
0 0.575260929316941 0.18556144857758708 0.01953125 0.06116207951070336
0 0.5551284114780011 0.17917714996199482 0.01953125 0.06116207951070336
0 0.5528348334963497 0.20551238175131298 0.01953125 0.06116207951070336
0 0.5464637835473181 0.18476341125063803 0.01953125 0.06116207951070336
0 0.5984515511314159 0.2964886370235029 0.01953125 0.06116207951070336
0 0.5951386051579195 0.27972985315757315 0.01953125 0.06116207951070336
0 0.6326003788582253 0.2924984503887577 0.01953125 0.06116207951070336
0 0.6318358528643415 0.27972985315757315 0.01953125 0.06116207951070336
0 0.6287777488888063 0.27174947988808285 0.01953125 0.06116207951070336
0 0.6239357509275423 0.2549906960221531 0.01953125 0.06116207951070336
0 0.6259744869112325 0.24701032275266274 0.01953125 0.06116207951070336
0 0.6168001749846269 0.2318476135406311 0.01953125 0.06116207951070336
0 0.6183292269723946 0.20232023244351682 0.01953125 0.06116207951070336
0 0.6213873309479296 0.21588686700165038 0.01953125 0.06116207951070336
0 0.6280132228949226 0.2278574269058859 0.01953125 0.06116207951070336
0 0.6252099609173486 0.20391630709741487 0.01953125 0.06116207951070336
0 0.628522906890845 0.19593593382792454 0.01953125 0.06116207951070336
0 0.6338745888480316 0.20710845640521103 0.01953125 0.06116207951070336
0 0.6443231107644435 0.19833004580877164 0.01953125 0.06116207951070336
0 0.6422843747807533 0.22386724027114077 0.01953125 0.06116207951070336
0 0.6379520608154118 0.22067509096334462 0.01953125 0.06116207951070336
0 0.6379520608154118 0.24381817344486661 0.01953125 0.06116207951070336
0 0.6455973207542497 0.2685573305802867 0.01953125 0.06116207951070336
0 0.6387165868092957 0.2781337785036751 0.01953125 0.06116207951070336
0 0.6343842728439542 0.2661632185994396 0.01953125 0.06116207951070336
0 0.6435585847705596 0.2940945250426558 0.01953125 0.06116207951070336
0 0.6524780546992038 0.3108533089085855 0.01953125 0.06116207951070336
0 0.6529877386951264 0.3292081674284133 0.01953125 0.06116207951070336
0 0.6430489007746372 0.33878461535180165 0.01953125 0.06116207951070336
0 0.6295422748826901 0.3244199434667191 0.01953125 0.06116207951070336
0 0.6239357509275423 0.3068631222738404 0.01953125 0.06116207951070336
0 0.6254648029153099 0.28850826375401256 0.01953125 0.06116207951070336
0 0.6636911026094995 0.3292081674284133 0.01953125 0.06116207951070336
0 0.6690427845666861 0.3292081674284133 0.01953125 0.06116207951070336
0 0.6636911026094995 0.3132474208894326 0.01953125 0.06116207951070336
0 0.6721008885422212 0.35713947387162953 0.01953125 0.06116207951070336
0 0.67388478252795 0.3627257351602728 0.01953125 0.06116207951070336
0 0.6845881464423231 0.32761209277451525 0.01953125 0.06116207951070336
0 0.6812752004688267 0.3036709729660442 0.01953125 0.06116207951070336
0 0.6690427845666861 0.3012768609851971 0.01953125 0.06116207951070336
0 0.6741396245259114 0.29569059969655387 0.01953125 0.06116207951070336
0 0.6657298385931896 0.2669612559263886 0.01953125 0.06116207951070336
0 0.6591039466461968 0.2549906960221531 0.01953125 0.06116207951070336
0 0.6565555266665841 0.24860639740656085 0.01953125 0.06116207951070336
0 0.6489102667277462 0.23743387482927433 0.01953125 0.06116207951070336
0 0.6692976265646473 0.24381817344486661 0.01953125 0.06116207951070336
0 0.6685331005707635 0.23344368819452915 0.01953125 0.06116207951070336
0 0.6743944665238726 0.23344368819452915 0.01953125 0.06116207951070336
0 0.672865414536105 0.21907901630944654 0.01953125 0.06116207951070336
0 0.6771977285014465 0.2095025683860581 0.01953125 0.06116207951070336
0 0.6792364644851365 0.23424172552147818 0.01953125 0.06116207951070336
0 0.6932527743730061 0.21588686700165038 0.01953125 0.06116207951070336
0 0.6919785643831998 0.19593593382792454 0.01953125 0.06116207951070336
0 0.6983496143322314 0.20710845640521103 0.01953125 0.06116207951070336
0 0.6884107764117421 0.21588686700165038 0.01953125 0.06116207951070336
0 0.6817848844647493 0.2549906960221531 0.01953125 0.06116207951070336
0 0.6850978304382457 0.24701032275266274 0.01953125 0.06116207951070336
0 0.6889204604076646 0.25977891998384733 0.01953125 0.06116207951070336
0 0.6904495123954322 0.24940443473350982 0.01953125 0.06116207951070336
0 0.6960560363505801 0.2669612559263886 0.01953125 0.06116207951070336
0 0.7014077183077665 0.24142406146401948 0.01953125 0.06116207951070336
0 0.7042109802853405 0.23503976284842726 0.01953125 0.06116207951070336
0 0.7082884522527207 0.24062602413707046 0.01953125 0.06116207951070336
0 0.7052303482771856 0.20551238175131298 0.01953125 0.06116207951070336
0 0.7049755062792243 0.1879555605584342 0.01953125 0.06116207951070336
0 0.7164433961874811 0.18556144857758708 0.01953125 0.06116207951070336
0 0.7195015001630163 0.2095025683860581 0.01953125 0.06116207951070336
0 0.71822729017321 0.2517985467143569 0.01953125 0.06116207951070336
0 0.7093078202445657 0.25259658404130597 0.01953125 0.06116207951070336
0 0.714404660203791 0.27174947988808285 0.01953125 0.06116207951070336
0 0.7052303482771856 0.274941629195879 0.01953125 0.06116207951070336
0 0.709562662242527 0.27254751721503184 0.01953125 0.06116207951070336
0 0.7332629680529245 0.3723021830836612 0.01953125 0.06116207951070336
0 0.7291854960855444 0.3523512499099353 0.01953125 0.06116207951070336
0 0.7386146500101111 0.345966951294343 0.01953125 0.06116207951070336
0 0.7393791760039948 0.3627257351602728 0.01953125 0.06116207951070336
0 0.7322436000610796 0.32362190613977004 0.01953125 0.06116207951070336
0 0.724088656126319 0.3483610632751902 0.01953125 0.06116207951070336
0 0.7164433961874811 0.345966951294343 0.01953125 0.06116207951070336
0 0.708543294250682 0.33718854069790366 0.01953125 0.06116207951070336
0 0.7202660261569002 0.34676498862129207 0.01953125 0.06116207951070336
0 0.7090529782466044 0.31803564485112684 0.01953125 0.06116207951070336
0 0.6917237223852384 0.32362190613977004 0.01953125 0.06116207951070336
0 0.6894301444035872 0.3052670476199423 0.01953125 0.06116207951070336
0 0.690194670397471 0.28611415177316546 0.01953125 0.06116207951070336
0 0.6782170964932915 0.31803564485112684 0.01953125 0.06116207951070336
0 0.6952915103566962 0.38347470566094766 0.01953125 0.06116207951070336
0 0.6965657203465025 0.3523512499099353 0.01953125 0.06116207951070336
0 0.7314790740671958 0.25738480800300023 0.01953125 0.06116207951070336
0 0.734537178042731 0.25738480800300023 0.01953125 0.06116207951070336
0 0.7312242320692345 0.274941629195879 0.01953125 0.06116207951070336
0 0.7243434981242802 0.2661632185994396 0.01953125 0.06116207951070336
0 0.7251080241181641 0.24062602413707046 0.01953125 0.06116207951070336
0 0.732753284057002 0.23025153888673305 0.01953125 0.06116207951070336
0 0.7353017040366147 0.22626135225198785 0.01953125 0.06116207951070336
0 0.7116013982262172 0.2278574269058859 0.01953125 0.06116207951070336
0 0.7047206642812631 0.22386724027114077 0.01953125 0.06116207951070336
0 0.7077787682567983 0.21748294165554846 0.01953125 0.06116207951070336
0 0.7113465562282559 0.2095025683860581 0.01953125 0.06116207951070336
0 0.712620766218062 0.1927437845201284 0.01953125 0.06116207951070336
0 0.6522232127012426 0.2095025683860581 0.01953125 0.06116207951070336
0 0.6463618467481336 0.18316733659673998 0.01953125 0.06116207951070336
0 0.645852162752211 0.21109864303995618 0.01953125 0.06116207951070336
0 0.6552813166767778 0.19433985917402644 0.01953125 0.06116207951070336
0 0.6374423768194892 0.18715752323148513 0.01953125 0.06116207951070336
0 0.6328552208561865 0.18715752323148513 0.01953125 0.06116207951070336
0 0.627503538899 0.18157126194284193 0.01953125 0.06116207951070336
0 0.6812752004688267 0.19034967253928128 0.01953125 0.06116207951070336
0 0.6723557305401825 0.18715752323148513 0.01953125 0.06116207951070336
0 0.6657298385931896 0.18396537392368903 0.01953125 0.06116207951070336
0 0.6631814186135769 0.18396537392368903 0.01953125 0.06116207951070336
0 0.6598684726400805 0.18316733659673998 0.01953125 0.06116207951070336
0 0.6624168926196932 0.22067509096334462 0.01953125 0.06116207951070336
0 0.6606329986339643 0.23264565086758013 0.01953125 0.06116207951070336
0 0.6695524685626085 0.2230692029441917 0.01953125 0.06116207951070336
0 0.6866268824260132 0.1927437845201284 0.01953125 0.06116207951070336
0 0.6891753024056259 0.18396537392368903 0.01953125 0.06116207951070336
0 0.5760254553108247 0.3012768609851971 0.01953125 0.06116207951070336
0 0.5762802973087859 0.2613749946377454 0.01953125 0.06116207951070336
0 0.5706737733536381 0.23025153888673305 0.01953125 0.06116207951070336
0 0.5688898793679092 0.21828097898249751 0.01953125 0.06116207951070336
0 0.5683801953719868 0.21269471769385423 0.01953125 0.06116207951070336
0 0.4949856999591427 0.24062602413707046 0.01953125 0.06116207951070336
0 0.4982986459326391 0.23025153888673305 0.01953125 0.06116207951070336
0 0.4937114899693364 0.22626135225198785 0.01953125 0.06116207951070336
0 0.5084923258510897 0.28292200246536925 0.01953125 0.06116207951070336
0 0.5033954858918644 0.26057695731079633 0.01953125 0.06116207951070336
0 0.4977889619367167 0.3331983540631585 0.01953125 0.06116207951070336
0 0.5095116938429347 0.33718854069790366 0.01953125 0.06116207951070336
0 0.5067084318653609 0.3196317195050249 0.01953125 0.06116207951070336
0 0.6254648029153099 0.38746489229569286 0.01953125 0.06116207951070336
0 0.6173098589805495 0.41380012408501093 0.01953125 0.06116207951070336
0 0.5788287172883986 0.3068631222738404 0.01953125 0.06116207951070336
0 0.5747512453210184 0.22067509096334462 0.01953125 0.06116207951070336
0 0.5671059853821805 0.2637691066185925 0.01953125 0.06116207951070336
0 0.5602252514372262 0.39464722823823417 0.01953125 0.06116207951070336
0 0.5673608273801417 0.3499571379290882 0.01953125 0.06116207951070336
0 0.723069288134474 0.18157126194284193 0.01953125 0.06116207951070336
0 0.732753284057002 0.18476341125063803 0.01953125 0.06116207951070336
0 0.7286758120896218 0.18715752323148513 0.01953125 0.06116207951070336
0 0.7381049660141886 0.17598500065419864 0.01953125 0.06116207951070336
0 0.6749041505197951 0.24860639740656085 0.01953125 0.06116207951070336
0 0.6563006846686229 0.2246652775980898 0.01953125 0.06116207951070336
0 0.6547716326808553 0.27653770384977705 0.01953125 0.06116207951070336
0 0.6514586867073588 0.28611415177316546 0.01953125 0.06116207951070336
0 0.6211324889499684 0.3292081674284133 0.01953125 0.06116207951070336
0 0.7996493085218338 0.29720751680182705 0.01953125 0.06116207951070336
0 0.7912395225891122 0.295611442147929 0.01953125 0.06116207951070336
0 0.7927685745768797 0.2876310688784386 0.01953125 0.06116207951070336
0 0.787162050621732 0.2828428449167444 0.01953125 0.06116207951070336
0 0.7841039466461968 0.25650761312742626 0.01953125 0.06116207951070336
0 0.7904749965952284 0.26528602372386567 0.01953125 0.06116207951070336
0 0.7886911026094995 0.24373901589624175 0.01953125 0.06116207951070336
0 0.7932782585728022 0.23575864262675136 0.01953125 0.06116207951070336
0 0.7825748946584292 0.23575864262675136 0.01953125 0.06116207951070336
0 0.7647359548011408 0.2325664933189552 0.01953125 0.06116207951070336
0 0.7685585847705596 0.2389507919345475 0.01953125 0.06116207951070336
0 0.7672843747807533 0.20782733618353513 0.01953125 0.06116207951070336
0 0.767029532782792 0.1854822910289622 0.01953125 0.06116207951070336
0 0.7560713268704577 0.20303911222184093 0.01953125 0.06116207951070336
0 0.7581100628541477 0.18468425370201316 0.01953125 0.06116207951070336
0 0.751484170907155 0.19745285093319773 0.01953125 0.06116207951070336
0 0.7530132228949226 0.22299004539556677 0.01953125 0.06116207951070336
0 0.7593842728439542 0.24294097856929267 0.01953125 0.06116207951070336
0 0.7598939568398766 0.16872350716303244 0.01953125 0.06116207951070336
0 0.7660101647909469 0.16632939518218534 0.01953125 0.06116207951070336
0 0.7624423768194892 0.15515687260489888 0.01953125 0.06116207951070336
0 0.7530132228949226 0.16792546983608345 0.01953125 0.06116207951070336
0 0.7945524685626086 0.17351173112472668 0.01953125 0.06116207951070336
0 0.7932782585728022 0.19585677627929962 0.01953125 0.06116207951070336
0 0.7863975246278481 0.18468425370201316 0.01953125 0.06116207951070336
0 0.7762038447093975 0.17989602974031896 0.01953125 0.06116207951070336
0 0.7825748946584292 0.16313724587438921 0.01953125 0.06116207951070336
0 0.7731457407338623 0.17909799241336993 0.01953125 0.06116207951070336
0 0.7731457407338623 0.16313724587438921 0.01953125 0.06116207951070336
0 0.7764586867073588 0.14957061131625565 0.01953125 0.06116207951070336
0 0.7716166887460948 0.13999416339286722 0.01953125 0.06116207951070336
0 0.7667746907848307 0.1439843500276124 0.01953125 0.06116207951070336
0 0.7626972188174506 0.12163930487303942 0.01953125 0.06116207951070336
0 0.7662650067889083 0.10168837169931355 0.01953125 0.06116207951070336
0 0.7591294308459928 0.10408248368016065 0.01953125 0.06116207951070336
0 0.7550519588786127 0.1328118274503259 0.01953125 0.06116207951070336
0 0.7955718365544535 0.1439843500276124 0.01953125 0.06116207951070336
0 0.7879265766156156 0.1328118274503259 0.01953125 0.06116207951070336
0 0.7945524685626086 0.12642752883473363 0.01953125 0.06116207951070336
0 0.7945524685626086 0.10887070764185487 0.01953125 0.06116207951070336
0 0.7828297366563904 0.11764911823829426 0.01953125 0.06116207951070336
0 0.7876717346176544 0.1184471555652433 0.01953125 0.06116207951070336
0 0.7779877386951263 0.12004323021914134 0.01953125 0.06116207951070336
0 0.7726360567379399 0.11286089427660005 0.01953125 0.06116207951070336
0 0.7784974226910489 0.09690014773761935 0.01953125 0.06116207951070336
0 0.7820652106625066 0.10168837169931355 0.01953125 0.06116207951070336
0 0.7904749965952284 0.10248640902626258 0.01953125 0.06116207951070336
0 0.8047461484810591 0.1232353795269375 0.01953125 0.06116207951070336
0 0.8019428865034852 0.11286089427660005 0.01953125 0.06116207951070336
0 0.8057655164729042 0.14238827537371432 0.01953125 0.06116207951070336
0 0.7996493085218338 0.1368020140850711 0.01953125 0.06116207951070336
0 0.8037267804892141 0.15515687260489888 0.01953125 0.06116207951070336
0 0.806530042466788 0.1599450965665931 0.01953125 0.06116207951070336
0 0.8006686765136789 0.1511666859701537 0.01953125 0.06116207951070336
0 0.8062752004688267 0.134407902104224 0.01953125 0.06116207951070336
0 0.7917492065850347 0.15834902191269504 0.01953125 0.06116207951070336
0 0.7950621525585311 0.16313724587438921 0.01953125 0.06116207951070336
0 0.7884362606115383 0.14558042468151045 0.01953125 0.06116207951070336
0 0.7996493085218338 0.18229014172116606 0.01953125 0.06116207951070336
0 0.7986299405299887 0.1695215444899815 0.01953125 0.06116207951070336
0 0.8047461484810591 0.18308817904811509 0.01953125 0.06116207951070336
0 0.8032170964932916 0.17111761914387955 0.01953125 0.06116207951070336
0 0.808568778450478 0.17670388043252283 0.01953125 0.06116207951070336
0 0.8055106744749428 0.20303911222184093 0.01953125 0.06116207951070336
0 0.8134107764117421 0.1854822910289622 0.01953125 0.06116207951070336
0 0.8169785643831998 0.19745285093319773 0.01953125 0.06116207951070336
0 0.7981202565340663 0.2341625679728533 0.01953125 0.06116207951070336
0 0.8050009904790204 0.28204480758979544 0.01953125 0.06116207951070336
0 0.8032170964932916 0.2676801357047128 0.01953125 0.06116207951070336
0 0.8044913064830977 0.22458612004946488 0.01953125 0.06116207951070336
0 0.811372040428052 0.23017238133810813 0.01953125 0.06116207951070336
0 0.8157043543933935 0.23017238133810813 0.01953125 0.06116207951070336
0 0.8123914084198971 0.21580770945302552 0.01953125 0.06116207951070336
0 0.8164688803872772 0.21580770945302552 0.01953125 0.06116207951070336
0 0.820036668358735 0.21660574677997455 0.01953125 0.06116207951070336
0 0.8264077183077665 0.21181752281828034 0.01953125 0.06116207951070336
0 0.8108623564321294 0.31157218868690967 0.01953125 0.06116207951070336
0 0.8261528763098053 0.3171584499755529 0.01953125 0.06116207951070336
0 0.8309948742710693 0.2988035914557251 0.01953125 0.06116207951070336
0 0.8320142422629144 0.2748624716472541 0.01953125 0.06116207951070336
0 0.8294658222833017 0.2541135011465792 0.01953125 0.06116207951070336
0 0.8256431923138828 0.2549115384735282 0.01953125 0.06116207951070336
0 0.8276819282975729 0.23575864262675136 0.01953125 0.06116207951070336
0 0.8337981362486432 0.19665481360624865 0.01953125 0.06116207951070336
0 0.8416982381854423 0.21899985876082165 0.01953125 0.06116207951070336
0 0.8337981362486432 0.2221920080686178 0.01953125 0.06116207951070336
0 0.8465402361467065 0.25650761312742626 0.01953125 0.06116207951070336
0 0.8366013982262172 0.24693116520403785 0.01953125 0.06116207951070336
0 0.8373659242201008 0.2708722850125089 0.01953125 0.06116207951070336
0 0.8483241301324352 0.2876310688784386 0.01953125 0.06116207951070336
0 0.8439918161670937 0.2772565836281011 0.01953125 0.06116207951070336
0 0.842207922181365 0.2692762103586108 0.01953125 0.06116207951070336
0 0.8529112860957381 0.2549115384735282 0.01953125 0.06116207951070336
0 0.8605565460345759 0.2772565836281011 0.01953125 0.06116207951070336
0 0.8529112860957381 0.2844389195706425 0.01953125 0.06116207951070336
0 0.8592823360447696 0.295611442147929 0.01953125 0.06116207951070336
0 0.8671824379815687 0.24693116520403785 0.01953125 0.06116207951070336
0 0.8789051698877869 0.26528602372386567 0.01953125 0.06116207951070336
0 0.8840020098470123 0.2525174264926811 0.01953125 0.06116207951070336
0 0.8781406438939031 0.23575864262675136 0.01953125 0.06116207951070336
0 0.8676921219774913 0.21580770945302552 0.01953125 0.06116207951070336
0 0.8911375857899276 0.21660574677997455 0.01953125 0.06116207951070336
0 0.8840020098470123 0.19904892558709578 0.01953125 0.06116207951070336
0 0.8952150577573078 0.1862803283559112 0.01953125 0.06116207951070336
0 0.8893536918041987 0.17670388043252283 0.01953125 0.06116207951070336
0 0.9066829476655647 0.1854822910289622 0.01953125 0.06116207951070336
0 0.9064281056676035 0.20782733618353513 0.01953125 0.06116207951070336
0 0.9033700016920683 0.2525174264926811 0.01953125 0.06116207951070336
0 0.8495983401222417 0.17909799241336993 0.01953125 0.06116207951070336
0 0.8559693900712732 0.15675294725879693 0.01953125 0.06116207951070336
0 0.861575914026421 0.18229014172116606 0.01953125 0.06116207951070336
0 0.8236044563301926 0.17750191775947183 0.01953125 0.06116207951070336
0 0.9408317753923741 0.19665481360624865 0.01953125 0.06116207951070336
0 0.988996913007053 0.19585677627929962 0.01953125 0.06116207951070336
0 0.9517899813047086 0.22857630668421008 0.01953125 0.06116207951070336
0 0.943635037369948 0.2341625679728533 0.01953125 0.06116207951070336
0 0.939812407400529 0.23735471728064944 0.01953125 0.06116207951070336
0 0.9342058834453812 0.24693116520403785 0.01953125 0.06116207951070336
0 0.9250315715187758 0.24852723985793593 0.01953125 0.06116207951070336
0 0.9324219894596524 0.23017238133810813 0.01953125 0.06116207951070336
0 0.9120346296227513 0.2205959334147197 0.01953125 0.06116207951070336
0 0.9184056795717829 0.2134135974721784 0.01953125 0.06116207951070336
0 0.9158572595921702 0.19106855231760544 0.01953125 0.06116207951070336
0 0.9158572595921702 0.18229014172116606 0.01953125 0.06116207951070336
0 0.923502519531008 0.16313724587438921 0.01953125 0.06116207951070336
0 0.9293638854841172 0.1623392085474402 0.01953125 0.06116207951070336
0 0.9273251495004271 0.14558042468151045 0.01953125 0.06116207951070336
0 0.9298735694800396 0.1288216408155807 0.01953125 0.06116207951070336
0 0.9395575654025677 0.14558042468151045 0.01953125 0.06116207951070336
0 0.9433801953719868 0.13760005141202009 0.01953125 0.06116207951070336
0 0.8720244359428329 0.26528602372386567 0.01953125 0.06116207951070336
0 0.8743180139244842 0.28603499422454054 0.01953125 0.06116207951070336
0 0.8809439058714771 0.2844389195706425 0.01953125 0.06116207951070336
0 0.8842568518449735 0.3011977034365722 0.01953125 0.06116207951070336
0 0.8868052718245861 0.28204480758979544 0.01953125 0.06116207951070336
0 0.8896085338021601 0.26528602372386567 0.01953125 0.06116207951070336
0 0.8761019079102129 0.2102214481643823 0.01953125 0.06116207951070336
0 0.8776309598979806 0.20942341083743324 0.01953125 0.06116207951070336
0 0.8776309598979806 0.18069406706726798 0.01953125 0.06116207951070336
0 0.8811987478694383 0.1368020140850711 0.01953125 0.06116207951070336
0 0.9364994614270326 0.1695215444899815 0.01953125 0.06116207951070336
0 0.9441447213658705 0.18069406706726798 0.01953125 0.06116207951070336
0 0.953319033292476 0.1599450965665931 0.01953125 0.06116207951070336
0 0.9642772392048105 0.17430976845167567 0.01953125 0.06116207951070336
0 0.9669530801834038 0.2333645306459043 0.01953125 0.06116207951070336
0 0.9710305521507838 0.21899985876082162 0.01953125 0.06116207951070336
0 0.9562497162690305 0.21580770945302552 0.01953125 0.06116207951070336
0 0.9537012962894178 0.1902705149906564 0.01953125 0.06116207951070336
0 0.9572690842608756 0.17430976845167567 0.01953125 0.06116207951070336
0 0.9689918161670937 0.1631372458743892 0.01953125 0.06116207951070336
0 0.9700111841589388 0.1615411712204911 0.01953125 0.06116207951070336
0 0.9689918161670937 0.14398435002761234 0.01953125 0.06116207951070336
0 0.9695015001630164 0.12961967814252975 0.01953125 0.06116207951070336
0 0.9598175042404883 0.10887070764185484 0.01953125 0.06116207951070336
0 0.955740032273108 0.12642752883473363 0.01953125 0.06116207951070336
0 0.9429979323750449 0.1168510809113452 0.01953125 0.06116207951070336
0 0.865016280998898 0.37062695088113823 0.01953125 0.06116207951070336
0 0.8736809089295811 0.38499162276622084 0.01953125 0.06116207951070336
0 0.8787777488888062 0.3674348015733421 0.01953125 0.06116207951070336
0 0.8736809089295811 0.35626227899605567 0.01953125 0.06116207951070336
0 0.8675647009785107 0.3434936817648711 0.01953125 0.06116207951070336
0 0.7253628661161253 0.47756395269230895 0.01953125 0.06116207951070336
0 0.7156788701935974 0.4663914301150224 0.01953125 0.06116207951070336
0 0.8461579731497645 0.4073366679207939 0.01953125 0.06116207951070336
0 0.8329061892557788 0.38020339880452664 0.01953125 0.06116207951070336
0 0.8334158732517013 0.3546662043421575 0.01953125 0.06116207951070336
0 0.8395320812027717 0.3546662043421575 0.01953125 0.06116207951070336
0 0.8171059853821805 0.34030153245707495 0.01953125 0.06116207951070336
0 0.8053832534759623 0.35147405503436147 0.01953125 0.06116207951070336
0 0.827299665300631 0.14398435002761234 0.01953125 0.06116207951070336
0 0.8334158732517013 0.14558042468151045 0.01953125 0.06116207951070336
0 0.8222028253414057 0.12642752883473363 0.01953125 0.06116207951070336
0 0.8150672493984902 0.12642752883473363 0.01953125 0.06116207951070336
0 0.8150672493984902 0.15036864864320462 0.01953125 0.06116207951070336
0 0.8104800934351875 0.09290996110287417 0.01953125 0.06116207951070336
0 0.8155769333944128 0.07056491594830117 0.01953125 0.06116207951070336
0 0.8288287172883986 0.10089033437236447 0.01953125 0.06116207951070336
0 0.834944925239469 0.1168510809113452 0.01953125 0.06116207951070336
0 0.8425901851783069 0.10408248368016065 0.01953125 0.06116207951070336
0 0.991417911987685 0.17430976845167567 0.01953125 0.06116207951070336
0 0.9802048640773893 0.13281182745032585 0.01953125 0.06116207951070336
0 0.9888694920080723 0.12642752883473363 0.01953125 0.06116207951070336
0 0.982753284057002 0.10887070764185484 0.01953125 0.06116207951070336
0 0.9924372799795299 0.11525500625744711 0.01953125 0.06116207951070336
0 0.991417911987685 0.0849295878333838 0.01953125 0.06116207951070336
0 0.9873404400203049 0.08333351317948572 0.01953125 0.06116207951070336
0 0.9863210720284596 0.09929425971846646 0.01953125 0.06116207951070336
0 0.973069288134474 0.0881217371411799 0.01953125 0.06116207951070336
0 0.9684821321711712 0.07056491594830117 0.01953125 0.06116207951070336
0 0.9516625603057279 0.0865256624872819 0.01953125 0.06116207951070336
0 0.9939663319672977 0.42329741445977453 0.01953125 0.06116207951070336
0 0.9837726520488471 0.4153170411902842 0.01953125 0.06116207951070336
0 0.9674627641793262 0.4137209665363861 0.01953125 0.06116207951070336
0 0.9695015001630164 0.4296817130753669 0.01953125 0.06116207951070336
0 0.9745983401222414 0.4631992808072262 0.01953125 0.06116207951070336
0 0.9638949762078686 0.388183772074017 0.01953125 0.06116207951070336
0 0.947075404342425 0.3211486366102982 0.01953125 0.06116207951070336
0 0.9414688803872772 0.3243407859180942 0.01953125 0.06116207951070336
0 0.9552303482771856 0.32912900987978844 0.01953125 0.06116207951070336
0 0.9613465562282559 0.3227447112641962 0.01953125 0.06116207951070336
0 0.9633852922119459 0.29561144214792895 0.01953125 0.06116207951070336
0 0.956759400264953 0.2509213518387831 0.01953125 0.06116207951070336
0 0.9266880445055239 0.2764585463011522 0.01953125 0.06116207951070336
0 0.9379010924158195 0.2700742476855599 0.01953125 0.06116207951070336
0 0.9215912045462986 0.29561144214792895 0.01953125 0.06116207951070336
0 0.9154749965952284 0.25730565045437537 0.01953125 0.06116207951070336
0 0.9098684726400806 0.24453705322319078 0.01953125 0.06116207951070336
0 0.8991651087257074 0.4217013398058765 0.01953125 0.06116207951070336
0 0.889990796799102 0.42489348911367264 0.01953125 0.06116207951070336
0 0.8859133248317217 0.388183772074017 0.01953125 0.06116207951070336
0 0.862977545015208 0.1216393048730394 0.01953125 0.06116207951070336
0 0.8594097570437503 0.10408248368016065 0.01953125 0.06116207951070336
0 0.8568613370641377 0.09290996110287417 0.01953125 0.06116207951070336
0 0.8512548131089899 0.10408248368016065 0.01953125 0.06116207951070336
0 0.8517644971049123 0.07375706525609733 0.01953125 0.06116207951070336
0 0.8532935490926801 0.06737276664050507 0.01953125 0.06116207951070336
0 0.846667657145687 0.06737276664050507 0.01953125 0.06116207951070336
0 0.8517644971049123 0.05460416940932049 0.01953125 0.06116207951070336
0 0.8425901851783069 0.07056491594830117 0.01953125 0.06116207951070336
0 0.839022397206849 0.07375706525609733 0.01953125 0.06116207951070336
0 0.8410611331905392 0.089717811795078 0.01953125 0.06116207951070336
0 0.8441192371660744 0.0849295878333838 0.01953125 0.06116207951070336
0 0.846667657145687 0.0881217371411799 0.01953125 0.06116207951070336
0 0.819654405361793 0.10089033437236447 0.01953125 0.06116207951070336
0 0.8242415613250959 0.09290996110287417 0.01953125 0.06116207951070336
0 0.8288287172883986 0.0849295878333838 0.01953125 0.06116207951070336
0 0.8252609293169408 0.08333351317948572 0.01953125 0.06116207951070336
0 0.828319033292476 0.06577669198660697 0.01953125 0.06116207951070336
0 0.8303577692761662 0.07694921456389343 0.01953125 0.06116207951070336
0 0.8313771372680111 0.05620024406321858 0.01953125 0.06116207951070336
0 0.8364739772272365 0.06737276664050507 0.01953125 0.06116207951070336
0 0.8354546092353914 0.05141202010152432 0.01953125 0.06116207951070336
0 0.8318868212639338 0.03704734821644173 0.01953125 0.06116207951070336
0 0.8339255572476238 0.021086601677461007 0.01953125 0.06116207951070336
0 0.8288287172883986 0.014702303061868786 0.01953125 0.06116207951070336
0 0.8288287172883986 0.027470900293053345 0.01953125 0.06116207951070336
0 0.8380030292150041 0.030663049600849455 0.01953125 0.06116207951070336
0 0.8405514491946167 0.022682676331359092 0.01953125 0.06116207951070336
0 0.8415708171864618 0.033855198908645565 0.01953125 0.06116207951070336
0 0.8456482891538419 0.030663049600849455 0.01953125 0.06116207951070336
0 0.8441192371660744 0.011510153754072616 0.01953125 0.06116207951070336
0 0.8318868212639338 0.089717811795078 0.01953125 0.06116207951070336
0 0.8446289211619968 0.1200432302191413 0.01953125 0.06116207951070336
0 0.8395320812027717 0.11525500625744711 0.01953125 0.06116207951070336
0 0.8665453329866656 0.13919612606591814 0.01953125 0.06116207951070336
0 0.8517644971049123 0.13281182745032585 0.01953125 0.06116207951070336
0 0.8487063931293771 0.14398435002761234 0.01953125 0.06116207951070336
0 0.8471773411416096 0.15036864864320462 0.01953125 0.06116207951070336
0 0.8430998691742293 0.1631372458743892 0.01953125 0.06116207951070336
0 0.839022397206849 0.16632939518218534 0.01953125 0.06116207951070336
0 0.8298480852802436 0.1567529472587969 0.01953125 0.06116207951070336
0 0.8420805011823842 0.13919612606591814 0.01953125 0.06116207951070336
0 0.8354546092353914 0.13919612606591814 0.01953125 0.06116207951070336
0 0.8441192371660744 0.19665481360624865 0.01953125 0.06116207951070336
0 0.8471773411416096 0.2110194854913313 0.01953125 0.06116207951070336
0 0.839022397206849 0.1998469629140448 0.01953125 0.06116207951070336
0 0.8532935490926801 0.21580770945302552 0.01953125 0.06116207951070336
0 0.8583903890519051 0.22857630668421 0.01953125 0.06116207951070336
0 0.8594097570437503 0.21580770945302552 0.01953125 0.06116207951070336
0 0.871642172945891 0.18229014172116603 0.01953125 0.06116207951070336
0 0.8675647009785107 0.16632939518218534 0.01953125 0.06116207951070336
0 0.8609388090315178 0.15196472329710273 0.01953125 0.06116207951070336
0 0.8594097570437503 0.134407902104224 0.01953125 0.06116207951070336
0 0.8721518569418135 0.13919612606591814 0.01953125 0.06116207951070336
0 0.8767390129051162 0.14558042468151045 0.01953125 0.06116207951070336
0 0.871642172945891 0.1216393048730394 0.01953125 0.06116207951070336
0 0.8680743849744332 0.11525500625744711 0.01953125 0.06116207951070336
0 0.8675647009785107 0.10089033437236447 0.01953125 0.06116207951070336
0 0.8645065970029756 0.0945060357567722 0.01953125 0.06116207951070336
0 0.8675647009785107 0.09290996110287417 0.01953125 0.06116207951070336
0 0.8665453329866656 0.07694921456389343 0.01953125 0.06116207951070336
0 0.8634872290111305 0.07535313990999541 0.01953125 0.06116207951070336
0 0.8583903890519051 0.07854528921779153 0.01953125 0.06116207951070336
0 0.8711324889499683 0.07375706525609733 0.01953125 0.06116207951070336
0 0.8721518569418135 0.04981594544762629 0.01953125 0.06116207951070336
0 0.8675647009785107 0.05460416940932049 0.01953125 0.06116207951070336
0 0.9419785643831998 0.027470900293053345 0.01953125 0.06116207951070336
0 0.9322945684606717 0.03225912425474754 0.01953125 0.06116207951070336
0 0.9328042524565942 0.04821987079372821 0.01953125 0.06116207951070336
0 0.9287267804892141 0.03704734821644173 0.01953125 0.06116207951070336
0 0.9236299405299887 0.0258748256391552 0.01953125 0.06116207951070336
0 0.9261783605096013 0.01949052702356298 0.01953125 0.06116207951070336
0 0.9297461484810591 0.01949052702356298 0.01953125 0.06116207951070336
0 0.9200621525585311 0.01949052702356298 0.01953125 0.06116207951070336
0 0.9149653125993057 0.009914079100174592 0.01953125 0.06116207951070336
0 0.907320052660468 0.011510153754072616 0.01953125 0.06116207951070336
0 0.9052813166767778 0.014702303061868786 0.01953125 0.06116207951070336
0 0.9047716326808553 0.0067219297923784204 0.01953125 0.06116207951070336
0 0.9017135287053201 0.008318004446276447 0.01953125 0.06116207951070336
0 0.8976360567379399 0.0035297804845822512 0.01953125 0.06116207951070336
0 0.8884617448113343 0.0067219297923784204 0.01953125 0.06116207951070336
0 0.8690937529662783 0.009914079100174592 0.01953125 0.06116207951070336
0 0.865016280998898 0.009914079100174592 0.01953125 0.06116207951070336
0 0.8619581770233629 0.009914079100174592 0.01953125 0.06116207951070336
0 0.8583903890519051 0.011510153754072616 0.01953125 0.06116207951070336
0 0.8553322850763699 0.0035297804845822512 0.01953125 0.06116207951070336
0 0.8736809089295811 0.029066974946951367 0.01953125 0.06116207951070336
0 0.8772486969010388 0.029066974946951367 0.01953125 0.06116207951070336
0 0.8767390129051162 0.017894452369664898 0.01953125 0.06116207951070336
0 0.8736809089295811 0.0067219297923784204 0.01953125 0.06116207951070336
0 0.8706228049540459 0.014702303061868786 0.01953125 0.06116207951070336
0 0.8680743849744332 0.027470900293053345 0.01953125 0.06116207951070336
0 0.8614484930274403 0.038643422870339825 0.01953125 0.06116207951070336
0 0.8589000730478277 0.022682676331359092 0.01953125 0.06116207951070336
0 0.8619581770233629 0.017894452369664898 0.01953125 0.06116207951070336
0 0.8532935490926801 0.027470900293053345 0.01953125 0.06116207951070336
0 0.8568613370641377 0.043431646832034015 0.01953125 0.06116207951070336
0 0.8532935490926801 0.0450277214859321 0.01953125 0.06116207951070336
0 0.8905004807950244 0.1487725739893066 0.01953125 0.06116207951070336
0 0.8996747927216299 0.14398435002761234 0.01953125 0.06116207951070336
0 0.8935585847705596 0.11525500625744711 0.01953125 0.06116207951070336
0 0.8869326928235668 0.1232353795269375 0.01953125 0.06116207951070336
0 0.8854036408357993 0.089717811795078 0.01953125 0.06116207951070336
0 0.8843842728439542 0.0817374385255877 0.01953125 0.06116207951070336
0 0.8910101647909469 0.0849295878333838 0.01953125 0.06116207951070336
0 0.8859133248317217 0.07056491594830117 0.01953125 0.06116207951070336
0 0.8869326928235668 0.04183557217813593 0.01953125 0.06116207951070336
0 0.8818358528643414 0.043431646832034015 0.01953125 0.06116207951070336
0 0.8833649048521092 0.0258748256391552 0.01953125 0.06116207951070336
0 0.8864230088276444 0.0258748256391552 0.01953125 0.06116207951070336
0 0.9078297366563904 0.06258454267881086 0.01953125 0.06116207951070336
0 0.9042619486849328 0.05939239337101468 0.01953125 0.06116207951070336
0 0.9113975246278481 0.05141202010152432 0.01953125 0.06116207951070336
0 0.9078297366563904 0.053008094755422404 0.01953125 0.06116207951070336
0 0.9042619486849328 0.1567529472587969 0.01953125 0.06116207951070336
0 0.8961070047501722 0.1615411712204911 0.01953125 0.06116207951070336
0 0.9037522646890102 0.12961967814252975 0.01953125 0.06116207951070336
0 0.9068103686645453 0.12802360348863168 0.01953125 0.06116207951070336
0 0.909358788644158 0.1168510809113452 0.01953125 0.06116207951070336
0 0.9149653125993057 0.10727463298795675 0.01953125 0.06116207951070336
0 0.9205718365544535 0.1232353795269375 0.01953125 0.06116207951070336
0 0.9221008885422213 0.09290996110287417 0.01953125 0.06116207951070336
0 0.9261783605096013 0.09290996110287417 0.01953125 0.06116207951070336
0 0.9297461484810591 0.10089033437236447 0.01953125 0.06116207951070336
0 0.9271977285014465 0.07694921456389343 0.01953125 0.06116207951070336
0 0.9195524685626086 0.0817374385255877 0.01953125 0.06116207951070336
0 0.9180234165748409 0.06418061733270888 0.01953125 0.06116207951070336
0 0.9241396245259114 0.07216099060219924 0.01953125 0.06116207951070336
0 0.9185331005707635 0.038643422870339825 0.01953125 0.06116207951070336
0 0.955740032273108 0.06418061733270888 0.01953125 0.06116207951070336
0 0.9496238243220377 0.07056491594830117 0.01953125 0.06116207951070336
0 0.9424882483791223 0.089717811795078 0.01953125 0.06116207951070336
0 0.9424882483791223 0.07694921456389343 0.01953125 0.06116207951070336
0 0.9435076163709674 0.06577669198660697 0.01953125 0.06116207951070336
0 0.9404495123954323 0.06737276664050507 0.01953125 0.06116207951070336
0 0.9419785643831998 0.043431646832034015 0.01953125 0.06116207951070336
0 0.9389204604076646 0.043431646832034015 0.01953125 0.06116207951070336
0 0.9343333044443619 0.06258454267881086 0.01953125 0.06116207951070336
0 0.947075404342425 0.04981594544762629 0.01953125 0.06116207951070336
0 0.9475850883383475 0.033855198908645565 0.01953125 0.06116207951070336
0 0.9399398283995097 0.011510153754072616 0.01953125 0.06116207951070336
0 0.9343333044443619 0.009914079100174592 0.01953125 0.06116207951070336
0 0.9460560363505801 0.008318004446276447 0.01953125 0.06116207951070336
0 0.955740032273108 0.027470900293053345 0.01953125 0.06116207951070336
0 0.9542109802853405 0.043431646832034015 0.01953125 0.06116207951070336
0 0.9572690842608756 0.04981594544762629 0.01953125 0.06116207951070336
0 0.9623659242201008 0.027470900293053345 0.01953125 0.06116207951070336
0 0.9659337121915587 0.027470900293053345 0.01953125 0.06116207951070336
0 0.9710305521507838 0.014702303061868786 0.01953125 0.06116207951070336
0 0.9776564440977767 0.0258748256391552 0.01953125 0.06116207951070336
0 0.9853017040366147 0.03225912425474754 0.01953125 0.06116207951070336
0 0.9924372799795299 0.01949052702356298 0.01953125 0.06116207951070336
0 0.7997767295208145 0.06098846802491278 0.01953125 0.06116207951070336
0 0.792641153577899 0.07056491594830117 0.01953125 0.06116207951070336
0 0.7951895735575117 0.0450277214859321 0.01953125 0.06116207951070336
0 0.7906024175942089 0.027470900293053345 0.01953125 0.06116207951070336
0 0.7824474736594484 0.021086601677461007 0.01953125 0.06116207951070336
0 0.781937789663526 0.06258454267881086 0.01953125 0.06116207951070336
0 0.7753118977165332 0.06577669198660697 0.01953125 0.06116207951070336
0 0.7742925297246881 0.027470900293053345 0.01953125 0.06116207951070336
0 0.7783700016920683 0.027470900293053345 0.01953125 0.06116207951070336
0 0.9888694920080723 0.273266396993356 0.01953125 0.06116207951070336
0 0.99039854399584 0.24772920253098688 0.01953125 0.06116207951070336
0 0.9965147519469104 0.28124677026284634 0.01953125 0.06116207951070336
0 0.9613465562282559 0.20144303756794288 0.01953125 0.06116207951070336
0 0.9664433961874812 0.19346266429845252 0.01953125 0.06116207951070336
0 0.9725596041385516 0.18867444033675831 0.01953125 0.06116207951070336
0 0.9751080241181641 0.17430976845167567 0.01953125 0.06116207951070336
0 0.9807145480733119 0.17909799241336993 0.01953125 0.06116207951070336
0 0.9822436000610795 0.1599450965665931 0.01953125 0.06116207951070336
0 0.9745983401222414 0.15196472329710273 0.01953125 0.06116207951070336
0 0.9868307560243823 0.15036864864320462 0.01953125 0.06116207951070336
0 0.9949856999591427 0.06737276664050507 0.01953125 0.06116207951070336
0 0.9949856999591427 0.04821987079372821 0.01953125 0.06116207951070336
0 0.9970244359428329 0.04183557217813593 0.01953125 0.06116207951070336
0 0.9965147519469104 0.029066974946951367 0.01953125 0.06116207951070336
0 0.99039854399584 0.04821987079372821 0.01953125 0.06116207951070336
0 0.7584923258510896 0.07056491594830117 0.01953125 0.06116207951070336
0 0.754924537879632 0.06418061733270888 0.01953125 0.06116207951070336
0 0.754924537879632 0.029066974946951367 0.01953125 0.06116207951070336
0 0.7488083299285617 0.01949052702356298 0.01953125 0.06116207951070336
0 0.7432018059734138 0.01949052702356298 0.01953125 0.06116207951070336
0 0.7391243340060336 0.0258748256391552 0.01953125 0.06116207951070336
0 0.7309693900712732 0.029066974946951367 0.01953125 0.06116207951070336
0 0.7401437019978787 0.05141202010152432 0.01953125 0.06116207951070336
0 0.7345371780427308 0.05620024406321858 0.01953125 0.06116207951070336
0 0.7253628661161253 0.07216099060219924 0.01953125 0.06116207951070336
0 0.7207757101528226 0.07375706525609733 0.01953125 0.06116207951070336
0 0.726891918103893 0.07854528921779153 0.01953125 0.06116207951070336
0 0.7248531821202029 0.1232353795269375 0.01953125 0.06116207951070336
0 0.7233241301324352 0.10408248368016065 0.01953125 0.06116207951070336
0 0.7151691861976748 0.1200432302191413 0.01953125 0.06116207951070336
0 0.7166982381854423 0.10727463298795675 0.01953125 0.06116207951070336
0 0.7452405419571039 0.20623126152963708 0.01953125 0.06116207951070336
0 0.7421824379815687 0.18548229102896216 0.01953125 0.06116207951070336
0 0.7452405419571039 0.17271369379777762 0.01953125 0.06116207951070336
0 0.7498276979204068 0.13919612606591814 0.01953125 0.06116207951070336
0 0.7365759140264211 0.13919612606591814 0.01953125 0.06116207951070336
0 0.7396340180019562 0.13919612606591814 0.01953125 0.06116207951070336
0 0.7345371780427308 0.1615411712204911 0.01953125 0.06116207951070336
0 0.7253628661161253 0.15515687260489883 0.01953125 0.06116207951070336
0 0.7294403380835056 0.15036864864320462 0.01953125 0.06116207951070336
0 0.7391243340060336 0.08333351317948572 0.01953125 0.06116207951070336
0 0.7477889619367166 0.11525500625744711 0.01953125 0.06116207951070336
0 0.5143536918041988 0.12642752883473363 0.01953125 0.06116207951070336
0 0.5189408477675015 0.12802360348863168 0.01953125 0.06116207951070336
0 0.5209795837511917 0.11525500625744711 0.01953125 0.06116207951070336
0 0.5128246398164312 0.1216393048730394 0.01953125 0.06116207951070336
0 0.5041600118857482 0.12802360348863168 0.01953125 0.06116207951070336
0 0.5036503278898257 0.0817374385255877 0.01953125 0.06116207951070336
0 0.5041600118857482 0.089717811795078 0.01953125 0.06116207951070336
0 0.5123149558205087 0.07535313990999541 0.01953125 0.06116207951070336
0 0.5123149558205087 0.05939239337101468 0.01953125 0.06116207951070336
0 0.507727799857206 0.05939239337101468 0.01953125 0.06116207951070336
0 0.5189408477675015 0.07056491594830117 0.01953125 0.06116207951070336
0 0.5219989517430367 0.05620024406321858 0.01953125 0.06116207951070336
0 0.5240376877267269 0.07216099060219924 0.01953125 0.06116207951070336
0 0.5291345276859521 0.07056491594830117 0.01953125 0.06116207951070336
0 0.5311732636696421 0.05939239337101468 0.01953125 0.06116207951070336
0 0.5291345276859521 0.053008094755422404 0.01953125 0.06116207951070336
0 0.5311732636696421 0.04821987079372821 0.01953125 0.06116207951070336
0 0.5332119996533323 0.04023949752423785 0.01953125 0.06116207951070336
0 0.5286248436900296 0.033855198908645565 0.01953125 0.06116207951070336
0 0.5235280037308043 0.04023949752423785 0.01953125 0.06116207951070336
0 0.5204698997552691 0.03704734821644173 0.01953125 0.06116207951070336
0 0.5158827437919664 0.016298377715766813 0.01953125 0.06116207951070336
0 0.5107859038327411 0.021086601677461007 0.01953125 0.06116207951070336
0 0.5102762198368185 0.03704734821644173 0.01953125 0.06116207951070336
0 0.5072181158612834 0.014702303061868786 0.01953125 0.06116207951070336
0 0.5067084318653609 0.0258748256391552 0.01953125 0.06116207951070336
0 0.5026309598979807 0.0450277214859321 0.01953125 0.06116207951070336
0 0.5026309598979807 0.053008094755422404 0.01953125 0.06116207951070336
0 0.5021212759020581 0.15036864864320462 0.01953125 0.06116207951070336
0 0.509766535840896 0.15515687260489883 0.01953125 0.06116207951070336
0 0.5067084318653609 0.13281182745032585 0.01953125 0.06116207951070336
0 0.5061987478694383 0.10408248368016065 0.01953125 0.06116207951070336
0 0.5031406438939032 0.17111761914387955 0.01953125 0.06116207951070336
0 0.5214892677471141 0.17271369379777762 0.01953125 0.06116207951070336
0 0.5123149558205087 0.17271369379777762 0.01953125 0.06116207951070336
0 0.5296442116818746 0.15036864864320462 0.01953125 0.06116207951070336
0 0.5250570557185719 0.13281182745032585 0.01953125 0.06116207951070336
0 0.5311732636696421 0.13760005141202009 0.01953125 0.06116207951070336
0 0.5327023156574098 0.1232353795269375 0.01953125 0.06116207951070336
0 0.5265861077063394 0.10567855833405872 0.01953125 0.06116207951070336
0 0.537799155616635 0.10887070764185484 0.01953125 0.06116207951070336
0 0.5408572595921702 0.11525500625744711 0.01953125 0.06116207951070336
0 0.5383088396125576 0.13919612606591814 0.01953125 0.06116207951070336
0 0.5327023156574098 0.13919612606591814 0.01953125 0.06116207951070336
0 0.5347410516410999 0.1599450965665931 0.01953125 0.06116207951070336
0 0.53881852360848 0.1599450965665931 0.01953125 0.06116207951070336
0 0.5449347315595505 0.16632939518218534 0.01953125 0.06116207951070336
0 0.528115159694107 0.20623126152963708 0.01953125 0.06116207951070336
0 0.5337216836492549 0.20463518687573898 0.01953125 0.06116207951070336
0 0.5592058834453812 0.1615411712204911 0.01953125 0.06116207951070336
0 0.563793039408684 0.17271369379777762 0.01953125 0.06116207951070336
0 0.573477035331212 0.15196472329710273 0.01953125 0.06116207951070336
0 0.5704189313556769 0.15036864864320462 0.01953125 0.06116207951070336
0 0.5643027234046065 0.14079220071981624 0.01953125 0.06116207951070336
0 0.5617543034249939 0.13760005141202009 0.01953125 0.06116207951070336
0 0.5673608273801417 0.1216393048730394 0.01953125 0.06116207951070336
0 0.5602252514372262 0.11525500625744711 0.01953125 0.06116207951070336
0 0.5530896754943109 0.12961967814252975 0.01953125 0.06116207951070336
0 0.5515606235065433 0.1200432302191413 0.01953125 0.06116207951070336
0 0.5510509395106208 0.10408248368016065 0.01953125 0.06116207951070336
0 0.5428959955758603 0.07535313990999541 0.01953125 0.06116207951070336
0 0.5505412555146982 0.06258454267881086 0.01953125 0.06116207951070336
0 0.6886656184097034 0.14079220071981624 0.01953125 0.06116207951070336
0 0.6876462504178583 0.13281182745032585 0.01953125 0.06116207951070336
0 0.662162050621732 0.10887070764185484 0.01953125 0.06116207951070336
0 0.67184604654426 0.09290996110287417 0.01953125 0.06116207951070336
0 0.6631814186135769 0.016298377715766813 0.01953125 0.06116207951070336
0 0.6591039466461968 0.027470900293053345 0.01953125 0.06116207951070336
0 0.6616523666258093 0.03704734821644173 0.01953125 0.06116207951070336
0 0.6290325908867676 0.030663049600849455 0.01953125 0.06116207951070336
0 0.6254648029153099 0.0450277214859321 0.01953125 0.06116207951070336
0 0.6239357509275423 0.07216099060219924 0.01953125 0.06116207951070336
0 0.6213873309479296 0.05939239337101468 0.01953125 0.06116207951070336
0 0.619858278960162 0.04821987079372821 0.01953125 0.06116207951070336
0 0.6224066989397747 0.043431646832034015 0.01953125 0.06116207951070336
0 0.6208776469520071 0.0258748256391552 0.01953125 0.06116207951070336
0 0.5826513472578175 0.029066974946951367 0.01953125 0.06116207951070336
0 0.5464637835473181 0.0258748256391552 0.01953125 0.06116207951070336
0 0.5612446194290713 0.05460416940932049 0.01953125 0.06116207951070336
0 0.5923353431803456 0.11525500625744711 0.01953125 0.06116207951070336
0 0.5851997672374302 0.1200432302191413 0.01953125 0.06116207951070336
0 0.5867288192251977 0.12961967814252975 0.01953125 0.06116207951070336
0 0.6045677590824863 0.14558042468151045 0.01953125 0.06116207951070336
0 0.5959031311518033 0.10727463298795675 0.01953125 0.06116207951070336
0 0.5999806031191834 0.10408248368016065 0.01953125 0.06116207951070336
0 0.5887675552088878 0.0865256624872819 0.01953125 0.06116207951070336
0 0.6698073105605699 0.1615411712204911 0.01953125 0.06116207951070336
0 0.6988592983281539 0.13281182745032585 0.01953125 0.06116207951070336
0 0.6912140383893159 0.10408248368016065 0.01953125 0.06116207951070336
0 0.6830590944545556 0.0865256624872819 0.01953125 0.06116207951070336
0 0.6759235185116401 0.07694921456389343 0.01953125 0.06116207951070336
0 0.6779622544953302 0.05620024406321858 0.01953125 0.06116207951070336
0 0.6927430903770836 0.0817374385255877 0.01953125 0.06116207951070336
0 0.7039561382873792 0.0849295878333838 0.01953125 0.06116207951070336
0 0.6540071066869714 0.11525500625744711 0.01953125 0.06116207951070336
0 0.6616523666258093 0.1232353795269375 0.01953125 0.06116207951070336
0 0.6580845786543517 0.09290996110287417 0.01953125 0.06116207951070336
0 0.6514586867073588 0.07535313990999541 0.01953125 0.06116207951070336
0 0.6550264746788165 0.07056491594830117 0.01953125 0.06116207951070336
0 0.6509490027114363 0.053008094755422404 0.01953125 0.06116207951070336
0 0.6509490027114363 0.0450277214859321 0.01953125 0.06116207951070336
0 0.6468715307440561 0.009914079100174592 0.01953125 0.06116207951070336
0 0.6427940587766758 0.008318004446276447 0.01953125 0.06116207951070336
0 0.5683801953719867 0.01949052702356298 0.01953125 0.06116207951070336
0 0.5643027234046065 0.022682676331359092 0.01953125 0.06116207951070336
0 0.5525799914983883 0.011510153754072616 0.01953125 0.06116207951070336
0 0.5561477794698461 0.011510153754072616 0.01953125 0.06116207951070336
0 0.5795932432822823 0.008318004446276447 0.01953125 0.06116207951070336
0 0.5709286153515994 0.05141202010152432 0.01953125 0.06116207951070336
0 0.5556380954739235 0.0817374385255877 0.01953125 0.06116207951070336
0 0.5709286153515994 0.11844715556524324 0.01953125 0.06116207951070336
0 0.5760254553108246 0.11525500625744711 0.01953125 0.06116207951070336
0 0.5816319792659724 0.15196472329710273 0.01953125 0.06116207951070336
0 0.5902966071966554 0.15515687260489883 0.01953125 0.06116207951070336
0 0.5964128151477258 0.15036864864320462 0.01953125 0.06116207951070336
0 0.5943740791640356 0.13919612606591814 0.01953125 0.06116207951070336
0 0.5979418671354934 0.13760005141202009 0.01953125 0.06116207951070336
0 0.5953934471558807 0.17271369379777762 0.01953125 0.06116207951070336
0 0.6055871270743314 0.16632939518218534 0.01953125 0.06116207951070336
0 0.6122130190213241 0.16632939518218534 0.01953125 0.06116207951070336
0 0.6142517550050143 0.14558042468151045 0.01953125 0.06116207951070336
0 0.6152711229968593 0.13281182745032585 0.01953125 0.06116207951070336
0 0.6111936510294791 0.11525500625744711 0.01953125 0.06116207951070336
0 0.6040580750865637 0.11046678229575292 0.01953125 0.06116207951070336
0 0.6117033350254016 0.0945060357567722 0.01953125 0.06116207951070336
0 0.6096645990417116 0.05939239337101468 0.01953125 0.06116207951070336
0 0.6117033350254016 0.06258454267881086 0.01953125 0.06116207951070336
0 0.6035483910906412 0.05620024406321858 0.01953125 0.06116207951070336
0 0.5948837631599582 0.05620024406321858 0.01953125 0.06116207951070336
0 0.6473812147399787 0.14398435002761234 0.01953125 0.06116207951070336
0 0.6448327947603659 0.12642752883473363 0.01953125 0.06116207951070336
0 0.6341294308459928 0.10089033437236447 0.01953125 0.06116207951070336
0 0.6356584828337605 0.10887070764185484 0.01953125 0.06116207951070336
0 0.6341294308459928 0.07854528921779153 0.01953125 0.06116207951070336
0 0.6351487988378379 0.06737276664050507 0.01953125 0.06116207951070336
0 0.6331100628541477 0.04821987079372821 0.01953125 0.06116207951070336
0 0.6397359548011406 0.05141202010152432 0.01953125 0.06116207951070336
0 0.6341294308459928 0.022682676331359092 0.01953125 0.06116207951070336
0 0.6132323870131693 0.038643422870339825 0.01953125 0.06116207951070336
0 0.6050774430784087 0.038643422870339825 0.01953125 0.06116207951070336
0 0.6060968110702538 0.021086601677461007 0.01953125 0.06116207951070336
0 0.6025290230987961 0.01949052702356298 0.01953125 0.06116207951070336
0 0.5948837631599582 0.01949052702356298 0.01953125 0.06116207951070336
0 0.5913159751885005 0.016298377715766813 0.01953125 0.06116207951070336
0 0.5877481872170428 0.009914079100174592 0.01953125 0.06116207951070336
0 0.5811222952700499 0.06737276664050507 0.01953125 0.06116207951070336
0 0.5699092473597543 0.09290996110287417 0.01953125 0.06116207951070336
0 0.5607349354331488 0.0817374385255877 0.01953125 0.06116207951070336
0 0.6295422748826901 0.1615411712204911 0.01953125 0.06116207951070336
0 0.6218970149438522 0.13281182745032585 0.01953125 0.06116207951070336
0 0.628522906890845 0.1216393048730394 0.01953125 0.06116207951070336
0 0.6356584828337605 0.13281182745032585 0.01953125 0.06116207951070336
0 0.6218970149438522 0.15196472329710273 0.01953125 0.06116207951070336
0 0.6173098589805495 0.16632939518218534 0.01953125 0.06116207951070336
0 0.6366778508256055 0.15196472329710273 0.01953125 0.06116207951070336
0 0.6494199507236686 0.1615411712204911 0.01953125 0.06116207951070336
0 0.6545167906828939 0.15196472329710273 0.01953125 0.06116207951070336
0 0.6723557305401825 0.13281182745032585 0.01953125 0.06116207951070336
0 0.7416727539856462 0.11046678229575292 0.01953125 0.06116207951070336
0 0.7370855980223435 0.11046678229575292 0.01953125 0.06116207951070336
0 0.7330081260549632 0.10887070764185484 0.01953125 0.06116207951070336
0 0.8150672493984902 0.043431646832034015 0.01953125 0.06116207951070336
0 0.8079316734555749 0.03704734821644173 0.01953125 0.06116207951070336
0 0.6820397264627105 0.04183557217813593 0.01953125 0.06116207951070336
0 0.6886656184097034 0.038643422870339825 0.01953125 0.06116207951070336
0 0.700898034311844 0.027470900293053345 0.01953125 0.06116207951070336
0 0.692233406381161 0.016298377715766813 0.01953125 0.06116207951070336
0 0.700898034311844 0.009914079100174592 0.01953125 0.06116207951070336
0 0.7003883503159214 0.04981594544762629 0.01953125 0.06116207951070336
0 0.7049755062792243 0.03704734821644173 0.01953125 0.06116207951070336
0 0.7065045582669919 0.017894452369664898 0.01953125 0.06116207951070336
0 0.6789816224871753 0.10567855833405872 0.01953125 0.06116207951070336
0 0.6657298385931896 0.06577669198660697 0.01953125 0.06116207951070336
0 0.6601233146380417 0.06418061733270888 0.01953125 0.06116207951070336
0 0.5530896754943109 0.04183557217813593 0.01953125 0.06116207951070336
0 0.5495218875228532 0.04183557217813593 0.01953125 0.06116207951070336
0 0.537799155616635 0.03704734821644173 0.01953125 0.06116207951070336
0 0.5413669435880928 0.030663049600849455 0.01953125 0.06116207951070336
0 0.5362701036288675 0.022682676331359092 0.01953125 0.06116207951070336
0 0.5245473717226493 0.0067219297923784204 0.01953125 0.06116207951070336
0 0.5214892677471141 0.005125855138480336 0.01953125 0.06116207951070336
0 0.528115159694107 0.008318004446276447 0.01953125 0.06116207951070336
0 0.535760419632945 0.005125855138480336 0.01953125 0.06116207951070336
0 0.5306635796737197 0.005125855138480336 0.01953125 0.06116207951070336
0 0.8028348334963495 0.0817374385255877 0.01953125 0.06116207951070336
0 0.7049755062792243 0.15515687260489883 0.01953125 0.06116207951070336
0 0.7100723462384495 0.15036864864320462 0.01953125 0.06116207951070336
0 0.7059948742710693 0.12802360348863168 0.01953125 0.06116207951070336
0 0.7054851902751468 0.09769818506456836 0.01953125 0.06116207951070336
0 0.7116013982262172 0.07216099060219924 0.01953125 0.06116207951070336
0 0.708543294250682 0.05141202010152432 0.01953125 0.06116207951070336
0 0.710582030234372 0.030663049600849455 0.01953125 0.06116207951070336
0 0.7161885541895199 0.03225912425474754 0.01953125 0.06116207951070336
0 0.7238338141283578 0.027470900293053345 0.01953125 0.06116207951070336
0 0.5806126112741274 0.089717811795078 0.01953125 0.06116207951070336
0 0.6779622544953302 0.1631372458743892 0.01953125 0.06116207951070336
0 0.3497257611212223 0.5039783420302518 0.01953125 0.06116207951070336
0 0.36246786101928546 0.4959979687607615 0.01953125 0.06116207951070336
0 0.39253921677871456 0.5199390885692327 0.01953125 0.06116207951070336
0 0.3782680648928838 0.49759404341465957 0.01953125 0.06116207951070336
0 0.389990796799102 0.484825446183475 0.01953125 0.06116207951070336
0 0.4032425806930877 0.5007861927224557 0.01953125 0.06116207951070336
0 0.4113975246278482 0.5007861927224557 0.01953125 0.06116207951070336
0 0.4149653125993058 0.48163329687567885 0.01953125 0.06116207951070336
0 0.4205718365544536 0.4896136701451693 0.01953125 0.06116207951070336
0 0.42668804450552394 0.4672686249905963 0.01953125 0.06116207951070336
0 0.42566867651367896 0.4369432065665329 0.01953125 0.06116207951070336
0 0.4409591963913547 0.48163329687567885 0.01953125 0.06116207951070336
0 0.4333139364525168 0.4529039531055137 0.01953125 0.06116207951070336
0 0.4333139364525168 0.3858688176417947 0.01953125 0.06116207951070336
0 0.4149653125993058 0.41779031071975614 0.01953125 0.06116207951070336
0 0.4057910006727003 0.4082138627963676 0.01953125 0.06116207951070336
0 0.3961070047501723 0.4082138627963676 0.01953125 0.06116207951070336
0 0.38540364083579925 0.41779031071975614 0.01953125 0.06116207951070336
0 0.3747002769214261 0.42577068398924656 0.01953125 0.06116207951070336
0 0.35380323308860245 0.44332750518212527 0.01953125 0.06116207951070336
0 0.3619581770233629 0.4369432065665329 0.01953125 0.06116207951070336
0 0.34004176519869417 0.4768450729139847 0.01953125 0.06116207951070336
0 0.32526092931694084 0.4959979687607615 0.01953125 0.06116207951070336
0 0.3191447213658705 0.5231312378770286 0.01953125 0.06116207951070336
0 0.31863503736994797 0.4784411475678828 0.01953125 0.06116207951070336
0 0.3237318773291733 0.4401353558743291 0.01953125 0.06116207951070336
0 0.33290618925577875 0.4337510572587368 0.01953125 0.06116207951070336
0 0.32169314134548316 0.41140601210416383 0.01953125 0.06116207951070336
0 0.317615669378103 0.42896283329704255 0.01953125 0.06116207951070336
0 0.30538325347596224 0.4193863853736542 0.01953125 0.06116207951070336
0 0.30895104144741997 0.41459816141195993 0.01953125 0.06116207951070336
0 0.31302851341480015 0.4050217134885715 0.01953125 0.06116207951070336
0 0.30589293747188484 0.3826766683339986 0.01953125 0.06116207951070336
0 0.29875736152896937 0.4305589079509407 0.01953125 0.06116207951070336
0 0.2890733656064414 0.41459816141195993 0.01953125 0.06116207951070336
0 0.27735063370022334 0.44332750518212527 0.01953125 0.06116207951070336
0 0.27123442574915285 0.4513078784516155 0.01953125 0.06116207951070336
0 0.2656279017940051 0.4784411475678828 0.01953125 0.06116207951070336
0 0.2640988498062375 0.4592882517211059 0.01953125 0.06116207951070336
0 0.2590020098470122 0.4369432065665329 0.01953125 0.06116207951070336
0 0.2518664339040968 0.4529039531055137 0.01953125 0.06116207951070336
0 0.22944033808350559 0.4704607742983924 0.01953125 0.06116207951070336
0 0.23861465001011115 0.4736529236061886 0.01953125 0.06116207951070336
0 0.23402749404680834 0.4640764756828001 0.01953125 0.06116207951070336
0 0.2396340180019562 0.4305589079509407 0.01953125 0.06116207951070336
0 0.24880832992856167 0.4193863853736542 0.01953125 0.06116207951070336
0 0.24014370199787874 0.39863741487297927 0.01953125 0.06116207951070336
0 0.25084706591225175 0.4082138627963676 0.01953125 0.06116207951070336
0 0.21109171423029463 0.4592882517211059 0.01953125 0.06116207951070336
0 0.20089803431184405 0.4672686249905963 0.01953125 0.06116207951070336
0 0.16165236662580937 0.4529039531055137 0.01953125 0.06116207951070336
0 0.16674920658503467 0.45450002775941173 0.01953125 0.06116207951070336
0 0.15043931871551378 0.4959979687607615 0.01953125 0.06116207951070336
0 0.1468715307440561 0.4704607742983924 0.01953125 0.06116207951070336
0 0.08672881922519778 0.5007861927224557 0.01953125 0.06116207951070336
0 0.07704482330266972 0.4959979687607615 0.01953125 0.06116207951070336
0 0.08061261127412746 0.48163329687567885 0.01953125 0.06116207951070336
0 0.09488376315995822 0.46248040102890203 0.01953125 0.06116207951070336
0 0.09896123512733845 0.4672686249905963 0.01953125 0.06116207951070336
0 0.10660649506617635 0.46248040102890203 0.01953125 0.06116207951070336
0 0.11017428303763406 0.4704607742983924 0.01953125 0.06116207951070336
0 0.11934859496423958 0.49759404341465957 0.01953125 0.06116207951070336
0 0.10252902309879612 0.5183430139153345 0.01953125 0.06116207951070336
0 0.1310713268704577 0.47524899826008665 0.01953125 0.06116207951070336
0 0.12240669893977474 0.4704607742983924 0.01953125 0.06116207951070336
0 0.06379303940868399 0.23743387482927422 0.01953125 0.06116207951070336
0 0.05410904348615596 0.23104957621368202 0.01953125 0.06116207951070336
0 0.05971556744130377 0.21349275502080325 0.01953125 0.06116207951070336
0 0.06532209139645156 0.22466527759808974 0.01953125 0.06116207951070336
0 0.05512841147800102 0.2007241577896187 0.01953125 0.06116207951070336
0 0.0510509395106208 0.2055123817513129 0.01953125 0.06116207951070336
0 0.045444415555472996 0.20391630709741485 0.01953125 0.06116207951070336
0 0.04085725959217025 0.20391630709741485 0.01953125 0.06116207951070336
0 0.03627010362886749 0.20391630709741485 0.01953125 0.06116207951070336
0 0.01996021575934659 0.21189668036690512 0.01953125 0.06116207951070336
0 0.02454737172264935 0.21668490432859935 0.01953125 0.06116207951070336
0 0.013334323812353735 0.23743387482927422 0.01953125 0.06116207951070336
0 0.008237483853128441 0.22306920294419166 0.01953125 0.06116207951070336
0 0.015373059796043847 0.20870453105910902 0.01953125 0.06116207951070336
0 0.02505705571857188 0.24860639740656076 0.01953125 0.06116207951070336
0 0.021489267747114165 0.24701032275266271 0.01953125 0.06116207951070336
0 0.008237483853128441 0.2805278904845221 0.01953125 0.06116207951070336
0 0.0051793798775932815 0.2805278904845221 0.01953125 0.06116207951070336
0 0.008237483853128441 0.2980847116774009 0.01953125 0.06116207951070336
0 0.02046989975526912 0.29489256236960476 0.01953125 0.06116207951070336
0 0.016392427787888894 0.30925723425468743 0.01953125 0.06116207951070336
0 0.014863375800121315 0.33639050337095455 0.01953125 0.06116207951070336
0 0.008747167849050975 0.32362190613977 0.01953125 0.06116207951070336
0 0.008237483853128441 0.34117872733264876 0.01953125 0.06116207951070336
0 0.003650327889825702 0.35235124990993527 0.01953125 0.06116207951070336
0 0.0021212759020581024 0.39225311625738696 0.01953125 0.06116207951070336
0 0.004160011885748216 0.3970413402190812 0.01953125 0.06116207951070336
0 0.007727799857205928 0.42896283329704255 0.01953125 0.06116207951070336
0 0.004160011885748216 0.4640764756828001 0.01953125 0.06116207951070336
0 0.010785903832741087 0.4592882517211059 0.01953125 0.06116207951070336
0 0.015882743791966362 0.42257853468145035 0.01953125 0.06116207951070336
0 0.02658610770633946 0.4034256388346734 0.01953125 0.06116207951070336
0 0.03474105164109991 0.41779031071975614 0.01953125 0.06116207951070336
0 0.03983789160032519 0.42896283329704255 0.01953125 0.06116207951070336
0 0.043405679571782894 0.4337510572587368 0.01953125 0.06116207951070336
0 0.05971556744130377 0.44811572914381953 0.01953125 0.06116207951070336
0 0.059205883445381254 0.44332750518212527 0.01953125 0.06116207951070336
0 0.04952188752285322 0.4337510572587368 0.01953125 0.06116207951070336
0 0.05563809547392354 0.41779031071975614 0.01953125 0.06116207951070336
0 0.043405679571782894 0.4082138627963676 0.01953125 0.06116207951070336
0 0.032702315657409796 0.3810805936801005 0.01953125 0.06116207951070336
0 0.032192631661487274 0.35394732456383327 0.01953125 0.06116207951070336
0 0.027095791702261993 0.3140454582163816 0.01953125 0.06116207951070336
0 0.030663579673719688 0.301276860985197 0.01953125 0.06116207951070336
0 0.033721683649254854 0.2821239651384202 0.01953125 0.06116207951070336
0 0.032702315657409796 0.2645671439455414 0.01953125 0.06116207951070336
0 0.03881852360848012 0.27414359186892984 0.01953125 0.06116207951070336
0 0.03677978762479002 0.2565867706760511 0.01953125 0.06116207951070336
0 0.043915363567705416 0.2454142480987646 0.01953125 0.06116207951070336
0 0.047483151539163125 0.23104957621368202 0.01953125 0.06116207951070336
0 0.06379303940868399 0.2821239651384202 0.01953125 0.06116207951070336
0 0.06532209139645156 0.27095144256113374 0.01953125 0.06116207951070336
0 0.050541255514698284 0.2597789199838472 0.01953125 0.06116207951070336
0 0.05563809547392354 0.2565867706760511 0.01953125 0.06116207951070336
0 0.059205883445381254 0.24860639740656076 0.01953125 0.06116207951070336
0 0.07194798334344445 0.25339462136825497 0.01953125 0.06116207951070336
0 0.07092861535159942 0.23424172552147812 0.01953125 0.06116207951070336
0 0.07449640332305708 0.23424172552147812 0.01953125 0.06116207951070336
0 0.07653513930674721 0.20710845640521094 0.01953125 0.06116207951070336
0 0.07092861535159942 0.21828097898249746 0.01953125 0.06116207951070336
0 0.06736082738014171 0.2055123817513129 0.01953125 0.06116207951070336
0 0.06226398742091641 0.19753200848182254 0.01953125 0.06116207951070336
0 0.08316103125374004 0.2055123817513129 0.01953125 0.06116207951070336
0 0.0857094512333527 0.22466527759808974 0.01953125 0.06116207951070336
0 0.08112229527004997 0.2502024720604588 0.01953125 0.06116207951070336
0 0.08825787121296536 0.2565867706760511 0.01953125 0.06116207951070336
0 0.0928450271762681 0.26775929325333764 0.01953125 0.06116207951070336
0 0.07959324328228239 0.3044690102929931 0.01953125 0.06116207951070336
0 0.08876755520888786 0.2964886370235028 0.01953125 0.06116207951070336
0 0.08519976723743018 0.29010433840791056 0.01953125 0.06116207951070336
0 0.08010292727820488 0.2869121891001144 0.01953125 0.06116207951070336
0 0.07602545531082466 0.2789318158306241 0.01953125 0.06116207951070336
0 0.07143829934752192 0.27095144256113374 0.01953125 0.06116207951070336
0 0.07041893135567687 0.2821239651384202 0.01953125 0.06116207951070336
0 0.07092861535159942 0.2980847116774009 0.01953125 0.06116207951070336
0 0.06532209139645156 0.3028729356390951 0.01953125 0.06116207951070336
0 0.0566574634657686 0.29170041306180866 0.01953125 0.06116207951070336
0 0.0566574634657686 0.3156415328702797 0.01953125 0.06116207951070336
0 0.043405679571782894 0.29170041306180866 0.01953125 0.06116207951070336
0 0.03932820760440267 0.2932964877157067 0.01953125 0.06116207951070336
0 0.09182565918442306 0.42577068398924656 0.01953125 0.06116207951070336
0 0.08876755520888786 0.42896283329704255 0.01953125 0.06116207951070336
0 0.08519976723743018 0.4513078784516155 0.01953125 0.06116207951070336
0 0.0678705113760642 0.4337510572587368 0.01953125 0.06116207951070336
0 0.06379303940868399 0.41779031071975614 0.01953125 0.06116207951070336
0 0.06736082738014171 0.3858688176417947 0.01953125 0.06116207951070336
0 0.06226398742091641 0.393849190911285 0.01953125 0.06116207951070336
0 0.057676831457613674 0.38746489229569275 0.01953125 0.06116207951070336
0 0.04952188752285322 0.3810805936801005 0.01953125 0.06116207951070336
0 0.05410904348615596 0.3587355485255276 0.01953125 0.06116207951070336
0 0.050031571518775735 0.3379865780248526 0.01953125 0.06116207951070336
0 0.04799283553508564 0.3204297568319739 0.01953125 0.06116207951070336
0 0.04289599557586035 0.3427748019865468 0.01953125 0.06116207951070336
0 0.03983789160032519 0.3300062047553623 0.01953125 0.06116207951070336
0 0.08061261127412746 0.3762923697184063 0.01953125 0.06116207951070336
0 0.08061261127412746 0.369908071102814 0.01953125 0.06116207951070336
0 0.072457667339367 0.3635237724872218 0.01953125 0.06116207951070336
0 0.07347703533121203 0.35235124990993527 0.01953125 0.06116207951070336
0 0.06888987936790929 0.3379865780248526 0.01953125 0.06116207951070336
0 0.07602545531082466 0.3300062047553623 0.01953125 0.06116207951070336
0 0.06990924735975435 0.3268140554475662 0.01953125 0.06116207951070336
0 0.08010292727820488 0.32362190613977 0.01953125 0.06116207951070336
0 0.08519976723743018 0.347563025948241 0.01953125 0.06116207951070336
0 0.09029660719665548 0.369908071102814 0.01953125 0.06116207951070336
0 0.08774818721704283 0.38746489229569275 0.01953125 0.06116207951070336
0 0.07908355928635982 0.3970413402190812 0.01953125 0.06116207951070336
0 0.072457667339367 0.3970413402190812 0.01953125 0.06116207951070336
0 0.0964128151477258 0.41459816141195993 0.01953125 0.06116207951070336
0 0.10405807508656374 0.39863741487297927 0.01953125 0.06116207951070336
0 0.10201933910287361 0.3810805936801005 0.01953125 0.06116207951070336
0 0.09794186713549338 0.36511984714111984 0.01953125 0.06116207951070336
0 0.0964128151477258 0.35235124990993527 0.01953125 0.06116207951070336
0 0.09437407916403572 0.33160227940926035 0.01953125 0.06116207951070336
0 0.0928450271762681 0.32362190613977 0.01953125 0.06116207951070336
0 0.09947091912326096 0.3188336821780758 0.01953125 0.06116207951070336
0 0.10150965510695109 0.3427748019865468 0.01953125 0.06116207951070336
0 0.10609681107025383 0.347563025948241 0.01953125 0.06116207951070336
0 0.11068396703355658 0.35235124990993527 0.01953125 0.06116207951070336
0 0.11425175500501429 0.3268140554475662 0.01953125 0.06116207951070336
0 0.10813554705394397 0.3268140554475662 0.01953125 0.06116207951070336
0 0.10507744307840877 0.3156415328702797 0.01953125 0.06116207951070336
0 0.10099997111102854 0.2980847116774009 0.01953125 0.06116207951070336
0 0.10099997111102854 0.2789318158306241 0.01953125 0.06116207951070336
0 0.0928450271762681 0.24701032275266271 0.01953125 0.06116207951070336
0 0.0928450271762681 0.22785742690588584 0.01953125 0.06116207951070336
0 0.12291638293569725 0.301276860985197 0.01953125 0.06116207951070336
0 0.12036796295608461 0.28531611444621635 0.01953125 0.06116207951070336
0 0.11629049098870438 0.26775929325333764 0.01953125 0.06116207951070336
0 0.11832922697239451 0.2565867706760511 0.01953125 0.06116207951070336
0 0.12495511891938739 0.2517985467143569 0.01953125 0.06116207951070336
0 0.12597448691123242 0.23424172552147812 0.01953125 0.06116207951070336
0 0.12852290689084503 0.20710845640521094 0.01953125 0.06116207951070336
0 0.12036796295608461 0.21349275502080325 0.01953125 0.06116207951070336
0 0.1147614390009368 0.2007241577896187 0.01953125 0.06116207951070336
0 0.11374207100909177 0.21987705363639545 0.01953125 0.06116207951070336
0 0.10966459904171155 0.20391630709741485 0.01953125 0.06116207951070336
0 0.10099997111102854 0.21189668036690512 0.01953125 0.06116207951070336
0 0.09896123512733845 0.24701032275266271 0.01953125 0.06116207951070336
0 0.1147614390009368 0.3810805936801005 0.01953125 0.06116207951070336
0 0.11832922697239451 0.40980993745026567 0.01953125 0.06116207951070336
0 0.11934859496423958 0.39225311625738696 0.01953125 0.06116207951070336
0 0.12087764695200716 0.3603316231794256 0.01953125 0.06116207951070336
0 0.12903259088676758 0.35394732456383327 0.01953125 0.06116207951070336
0 0.13361974685007036 0.345966951294343 0.01953125 0.06116207951070336
0 0.1382069028133731 0.34117872733264876 0.01953125 0.06116207951070336
0 0.13565848283376045 0.31244938356248353 0.01953125 0.06116207951070336
0 0.1310713268704577 0.29010433840791056 0.01953125 0.06116207951070336
0 0.13565848283376045 0.29010433840791056 0.01953125 0.06116207951070336
0 0.1468715307440561 0.2980847116774009 0.01953125 0.06116207951070336
0 0.1468715307440561 0.3188336821780758 0.01953125 0.06116207951070336
0 0.1326003788582253 0.39065704160348885 0.01953125 0.06116207951070336
0 0.13005195887861265 0.3810805936801005 0.01953125 0.06116207951070336
0 0.1346391148419154 0.369908071102814 0.01953125 0.06116207951070336
0 0.14126500678890827 0.3571394738716295 0.01953125 0.06116207951070336
0 0.14891026672774615 0.37150414575671203 0.01953125 0.06116207951070336
0 0.14483279476036598 0.3810805936801005 0.01953125 0.06116207951070336
0 0.13973595480114068 0.4018295641807754 0.01953125 0.06116207951070336
0 0.1438134267685209 0.42577068398924656 0.01953125 0.06116207951070336
0 0.15247805469920392 0.41779031071975614 0.01953125 0.06116207951070336
0 0.15400710668697148 0.42577068398924656 0.01953125 0.06116207951070336
0 0.1305616428745352 0.4369432065665329 0.01953125 0.06116207951070336
0 0.1269938549030775 0.41140601210416383 0.01953125 0.06116207951070336
0 0.25084706591225175 0.39225311625738696 0.01953125 0.06116207951070336
0 0.25798264185516717 0.3858688176417947 0.01953125 0.06116207951070336
0 0.26256979781846995 0.37948451902620245 0.01953125 0.06116207951070336
0 0.27276347773692045 0.36831199644891593 0.01953125 0.06116207951070336
0 0.27989905367983586 0.3587355485255276 0.01953125 0.06116207951070336
0 0.28346684165129366 0.33639050337095455 0.01953125 0.06116207951070336
0 0.27429252972468804 0.3268140554475662 0.01953125 0.06116207951070336
0 0.2666472697858501 0.33160227940926035 0.01953125 0.06116207951070336
0 0.2590020098470122 0.3379865780248526 0.01953125 0.06116207951070336
0 0.2559439058714771 0.3347944287170565 0.01953125 0.06116207951070336
0 0.24473085796118146 0.3347944287170565 0.01953125 0.06116207951070336
0 0.24473085796118146 0.3300062047553623 0.01953125 0.06116207951070336
0 0.2355565460345759 0.3300062047553623 0.01953125 0.06116207951070336
0 0.2355565460345759 0.3571394738716295 0.01953125 0.06116207951070336
0 0.23402749404680834 0.3491591006021391 0.01953125 0.06116207951070336
0 0.2243434981242803 0.345966951294343 0.01953125 0.06116207951070336
0 0.21720792218136495 0.37150414575671203 0.01953125 0.06116207951070336
0 0.21465950220175228 0.36511984714111984 0.01953125 0.06116207951070336
0 0.21007234623844953 0.3587355485255276 0.01953125 0.06116207951070336
0 0.2014077183077666 0.42577068398924656 0.01953125 0.06116207951070336
0 0.19580119435261875 0.4449235798360233 0.01953125 0.06116207951070336
0 0.19172372238523858 0.46567255033669824 0.01953125 0.06116207951070336
0 0.18356877845047812 0.4449235798360233 0.01953125 0.06116207951070336
0 0.16980731056056983 0.4529039531055137 0.01953125 0.06116207951070336
0 0.1713363625483374 0.43215498260483876 0.01953125 0.06116207951070336
0 0.18713656642193582 0.39225311625738696 0.01953125 0.06116207951070336
0 0.19070435439339348 0.3858688176417947 0.01953125 0.06116207951070336
0 0.19019467039747098 0.3587355485255276 0.01953125 0.06116207951070336
0 0.19019467039747098 0.34117872733264876 0.01953125 0.06116207951070336
0 0.18305909445455557 0.31244938356248353 0.01953125 0.06116207951070336
0 0.14330374277259839 0.21189668036690512 0.01953125 0.06116207951070336
0 0.13667785082560552 0.26775929325333764 0.01953125 0.06116207951070336
0 0.13412943084599285 0.24860639740656076 0.01953125 0.06116207951070336
0 0.13922627080521816 0.2454142480987646 0.01953125 0.06116207951070336
0 0.12852290689084503 0.26775929325333764 0.01953125 0.06116207951070336
0 0.15247805469920392 0.26137499463774533 0.01953125 0.06116207951070336
0 0.1468715307440561 0.2565867706760511 0.01953125 0.06116207951070336
0 0.1478908987359011 0.22945350155978395 0.01953125 0.06116207951070336
0 0.1591039466461967 0.23104957621368202 0.01953125 0.06116207951070336
0 0.1494199507236687 0.19753200848182254 0.01953125 0.06116207951070336
0 0.1529877386951264 0.2007241577896187 0.01953125 0.06116207951070336
0 0.1713363625483374 0.29010433840791056 0.01953125 0.06116207951070336
0 0.19325277437300614 0.26935536790723563 0.01953125 0.06116207951070336
0 0.18407846244640066 0.26935536790723563 0.01953125 0.06116207951070336
0 0.18407846244640066 0.24222209879096848 0.01953125 0.06116207951070336
0 0.1789816224871754 0.24222209879096848 0.01953125 0.06116207951070336
0 0.16776857457687974 0.2517985467143569 0.01953125 0.06116207951070336
0 0.17031699455649235 0.23424172552147812 0.01953125 0.06116207951070336
0 0.1626717346176544 0.21668490432859935 0.01953125 0.06116207951070336
0 0.16572983859318957 0.21189668036690512 0.01953125 0.06116207951070336
0 0.16827825857280224 0.21508882967470128 0.01953125 0.06116207951070336
0 0.1738847825279501 0.21189668036690512 0.01953125 0.06116207951070336
0 0.17847193849125284 0.21349275502080325 0.01953125 0.06116207951070336
0 0.18764625041785832 0.21828097898249746 0.01953125 0.06116207951070336
0 0.19682056234446388 0.22466527759808974 0.01953125 0.06116207951070336
0 0.1978399303363089 0.22785742690588584 0.01953125 0.06116207951070336
0 0.21211108222213967 0.26137499463774533 0.01953125 0.06116207951070336
0 0.20752392625883692 0.27414359186892984 0.01953125 0.06116207951070336
0 0.2039561382873792 0.26137499463774533 0.01953125 0.06116207951070336
0 0.20446582228330176 0.24062602413707043 0.01953125 0.06116207951070336
0 0.21364013420990724 0.21828097898249746 0.01953125 0.06116207951070336
0 0.21109171423029463 0.23583780017537623 0.01953125 0.06116207951070336
0 0.22689191810389298 0.21508882967470128 0.01953125 0.06116207951070336
0 0.22842097009166057 0.22306920294419166 0.01953125 0.06116207951070336
0 0.23402749404680834 0.21349275502080325 0.01953125 0.06116207951070336
0 0.17847193849125284 0.3858688176417947 0.01953125 0.06116207951070336
0 0.1713363625483374 0.39065704160348885 0.01953125 0.06116207951070336
0 0.16318141861357696 0.3858688176417947 0.01953125 0.06116207951070336
0 0.16114268262988687 0.4034256388346734 0.01953125 0.06116207951070336
0 0.15757489465842914 0.36511984714111984 0.01953125 0.06116207951070336
0 0.15961363064211925 0.3252179807936681 0.01953125 0.06116207951070336
0 0.15502647467881653 0.2964886370235028 0.01953125 0.06116207951070336
0 0.16572983859318957 0.3044690102929931 0.01953125 0.06116207951070336
0 0.16063299863396435 0.2932964877157067 0.01953125 0.06116207951070336
0 0.16572983859318957 0.33160227940926035 0.01953125 0.06116207951070336
0 0.16216205062173192 0.3571394738716295 0.01953125 0.06116207951070336
0 0.172865414536105 0.3427748019865468 0.01953125 0.06116207951070336
0 0.17541383451571768 0.32362190613977 0.01953125 0.06116207951070336
0 0.21262076621806222 0.41779031071975614 0.01953125 0.06116207951070336
0 0.219246658165055 0.41459816141195993 0.01953125 0.06116207951070336
0 0.23198875806311828 0.393849190911285 0.01953125 0.06116207951070336
0 0.2253628661161254 0.393849190911285 0.01953125 0.06116207951070336
0 0.23096939007127318 0.2869121891001144 0.01953125 0.06116207951070336
0 0.2253628661161254 0.2869121891001144 0.01953125 0.06116207951070336
0 0.21567887019359738 0.2837200397923183 0.01953125 0.06116207951070336
0 0.21618855418951985 0.26137499463774533 0.01953125 0.06116207951070336
0 0.32933840128432107 0.3826766683339986 0.01953125 0.06116207951070336
0 0.3247512453210183 0.36831199644891593 0.01953125 0.06116207951070336
0 0.3191447213658705 0.38746489229569275 0.01953125 0.06116207951070336
0 0.3160866173903354 0.35394732456383327 0.01953125 0.06116207951070336
0 0.31404788140664525 0.33160227940926035 0.01953125 0.06116207951070336
0 0.3191447213658705 0.33639050337095455 0.01953125 0.06116207951070336
0 0.3222028253414057 0.3140454582163816 0.01953125 0.06116207951070336
0 0.3288287172883986 0.3188336821780758 0.01953125 0.06116207951070336
0 0.32577061331286344 0.3060650849468912 0.01953125 0.06116207951070336
0 0.3222028253414057 0.29170041306180866 0.01953125 0.06116207951070336
0 0.31557693339441284 0.29170041306180866 0.01953125 0.06116207951070336
0 0.3114994614270326 0.2964886370235028 0.01953125 0.06116207951070336
0 0.3074219894596524 0.3252179807936681 0.01953125 0.06116207951070336
0 0.30130578150858206 0.3300062047553623 0.01953125 0.06116207951070336
0 0.29111210159013146 0.3268140554475662 0.01953125 0.06116207951070336
0 0.29009273359828647 0.3587355485255276 0.01953125 0.06116207951070336
0 0.27989905367983586 0.39225311625738696 0.01953125 0.06116207951070336
0 0.27735063370022334 0.4082138627963676 0.01953125 0.06116207951070336
0 0.3507451291130673 0.41459816141195993 0.01953125 0.06116207951070336
0 0.3471773411416096 0.39863741487297927 0.01953125 0.06116207951070336
0 0.3507451291130673 0.3635237724872218 0.01953125 0.06116207951070336
0 0.34004176519869417 0.3810805936801005 0.01953125 0.06116207951070336
0 0.34004176519869417 0.3587355485255276 0.01953125 0.06116207951070336
0 0.3334158732517013 0.3427748019865468 0.01953125 0.06116207951070336
0 0.33035776927616617 0.3635237724872218 0.01953125 0.06116207951070336
0 0.33443524124354634 0.3188336821780758 0.01953125 0.06116207951070336
0 0.33698366122315904 0.29170041306180866 0.01953125 0.06116207951070336
0 0.3466676571456871 0.2932964877157067 0.01953125 0.06116207951070336
0 0.35635165306821515 0.28531611444621635 0.01953125 0.06116207951070336
0 0.36246786101928546 0.2789318158306241 0.01953125 0.06116207951070336
0 0.36807438497443323 0.35235124990993527 0.01953125 0.06116207951070336
0 0.36093880903151787 0.35235124990993527 0.01953125 0.06116207951070336
0 0.38795206081541184 0.35235124990993527 0.01953125 0.06116207951070336
0 0.3747002769214261 0.3379865780248526 0.01953125 0.06116207951070336
0 0.3706228049540459 0.345966951294343 0.01953125 0.06116207951070336
0 0.4236299405299888 0.34117872733264876 0.01953125 0.06116207951070336
0 0.4287267804892141 0.3491591006021391 0.01953125 0.06116207951070336
0 0.4119072086237706 0.3300062047553623 0.01953125 0.06116207951070336
0 0.41394594460746076 0.31244938356248353 0.01953125 0.06116207951070336
0 0.4175137325789185 0.301276860985197 0.01953125 0.06116207951070336
0 0.4088491046482355 0.2980847116774009 0.01953125 0.06116207951070336
0 0.4063006846686229 0.2805278904845221 0.01953125 0.06116207951070336
0 0.39355858477055966 0.28531611444621635 0.01953125 0.06116207951070336
0 0.3797971168806514 0.2837200397923183 0.01953125 0.06116207951070336
0 0.3731712249336585 0.2565867706760511 0.01953125 0.06116207951070336
0 0.3797971168806514 0.2454142480987646 0.01953125 0.06116207951070336
0 0.3507451291130673 0.23902994948317233 0.01953125 0.06116207951070336
0 0.34208050118238426 0.22945350155978395 0.01953125 0.06116207951070336
0 0.345648289153842 0.22306920294419166 0.01953125 0.06116207951070336
0 0.3334158732517013 0.20870453105910902 0.01953125 0.06116207951070336
0 0.3410611331905392 0.2007241577896187 0.01953125 0.06116207951070336
0 0.32577061331286344 0.22466527759808974 0.01953125 0.06116207951070336
0 0.31863503736994797 0.23424172552147812 0.01953125 0.06116207951070336
0 0.33596429323131394 0.2597789199838472 0.01953125 0.06116207951070336
0 0.34208050118238426 0.26935536790723563 0.01953125 0.06116207951070336
0 0.328319033292476 0.2581828453299492 0.01953125 0.06116207951070336
0 0.309970409439265 0.2597789199838472 0.01953125 0.06116207951070336
0 0.30640262146780733 0.2565867706760511 0.01953125 0.06116207951070336
0 0.30589293747188484 0.23583780017537623 0.01953125 0.06116207951070336
0 0.3074219894596524 0.21508882967470128 0.01953125 0.06116207951070336
0 0.3114994614270326 0.23104957621368202 0.01953125 0.06116207951070336
0 0.3007960975126595 0.21828097898249746 0.01953125 0.06116207951070336
0 0.2946798895615892 0.21508882967470128 0.01953125 0.06116207951070336
0 0.2906024175942089 0.21189668036690512 0.01953125 0.06116207951070336
0 0.28499589363906114 0.21828097898249746 0.01953125 0.06116207951070336
0 0.2809184216716809 0.21668490432859935 0.01953125 0.06116207951070336
0 0.2778603176961458 0.20391630709741485 0.01953125 0.06116207951070336
0 0.281937789663526 0.19753200848182254 0.01953125 0.06116207951070336
0 0.26868600576954027 0.19593593382792449 0.01953125 0.06116207951070336
0 0.2590020098470122 0.18955163521233218 0.01953125 0.06116207951070336
0 0.24778896193671662 0.18955163521233218 0.01953125 0.06116207951070336
0 0.2381049660141886 0.19114770986623025 0.01953125 0.06116207951070336
0 0.21822729017321 0.18955163521233218 0.01953125 0.06116207951070336
0 0.24778896193671662 0.26935536790723563 0.01953125 0.06116207951070336
0 0.25492453787963204 0.27414359186892984 0.01953125 0.06116207951070336
0 0.2605310618347798 0.29170041306180866 0.01953125 0.06116207951070336
0 0.26358916581031494 0.29010433840791056 0.01953125 0.06116207951070336
0 0.2707247417532304 0.2837200397923183 0.01953125 0.06116207951070336
0 0.27378284572876554 0.2565867706760511 0.01953125 0.06116207951070336
0 0.27735063370022334 0.26775929325333764 0.01953125 0.06116207951070336
0 0.28499589363906114 0.26935536790723563 0.01953125 0.06116207951070336
0 0.281937789663526 0.2565867706760511 0.01953125 0.06116207951070336
0 0.2783700016920683 0.24701032275266271 0.01953125 0.06116207951070336
0 0.2839765256472161 0.2454142480987646 0.01953125 0.06116207951070336
0 0.2880539976145963 0.24860639740656076 0.01953125 0.06116207951070336
0 0.2936605215697441 0.2645671439455414 0.01953125 0.06116207951070336
0 0.2962089415493568 0.25339462136825497 0.01953125 0.06116207951070336
0 0.2895830496023639 0.301276860985197 0.01953125 0.06116207951070336
0 0.2824474736594485 0.31244938356248353 0.01953125 0.06116207951070336
0 0.2778603176961458 0.2964886370235028 0.01953125 0.06116207951070336
0 0.2432018059734139 0.3060650849468912 0.01953125 0.06116207951070336
0 0.24829864593263917 0.3028729356390951 0.01953125 0.06116207951070336
0 0.24014370199787874 0.2821239651384202 0.01953125 0.06116207951070336
0 0.22077571015282266 0.3252179807936681 0.01953125 0.06116207951070336
0 0.19733024634038634 0.3188336821780758 0.01953125 0.06116207951070336
0 0.2049755062792243 0.3300062047553623 0.01953125 0.06116207951070336
0 0.17694288650348525 0.2837200397923183 0.01953125 0.06116207951070336
0 0.18611719843009072 0.29170041306180866 0.01953125 0.06116207951070336
0 0.19223340638116104 0.2454142480987646 0.01953125 0.06116207951070336
0 0.11374207100909177 0.2454142480987646 0.01953125 0.06116207951070336
0 0.10966459904171155 0.23743387482927422 0.01953125 0.06116207951070336
0 0.10507744307840877 0.23424172552147812 0.01953125 0.06116207951070336
0 0.10354839109064119 0.2565867706760511 0.01953125 0.06116207951070336
0 0.18356877845047812 0.4768450729139847 0.01953125 0.06116207951070336
0 0.3920295327827921 0.6380486129576898 0.01953125 0.06116207951070336
0 0.41292657661561577 0.3858688176417947 0.01953125 0.06116207951070336
0 0.39559732075424975 0.39065704160348885 0.01953125 0.06116207951070336
0 0.39508763675832725 0.3603316231794256 0.01953125 0.06116207951070336
0 0.38387458884803166 0.3810805936801005 0.01953125 0.06116207951070336
0 0.4088491046482355 0.2565867706760511 0.01953125 0.06116207951070336
0 0.4190427845666861 0.26775929325333764 0.01953125 0.06116207951070336
0 0.42668804450552394 0.26775929325333764 0.01953125 0.06116207951070336
0 0.46797244817524875 0.29170041306180866 0.01953125 0.06116207951070336
0 0.4613465562282559 0.3028729356390951 0.01953125 0.06116207951070336
0 0.47459834012224156 0.37948451902620245 0.01953125 0.06116207951070336
0 0.4812242320692344 0.3858688176417947 0.01953125 0.06116207951070336
0 0.49549538395506526 0.4449235798360233 0.01953125 0.06116207951070336
0 0.48835980801214984 0.4592882517211059 0.01953125 0.06116207951070336
0 0.48835980801214984 0.4369432065665329 0.01953125 0.06116207951070336
0 0.47969518008146683 0.44811572914381953 0.01953125 0.06116207951070336
0 0.4725596041385515 0.4768450729139847 0.01953125 0.06116207951070336
0 0.46338529221194596 0.46248040102890203 0.01953125 0.06116207951070336
0 0.4623659242201009 0.4401353558743291 0.01953125 0.06116207951070336
0 0.46185624022417837 0.41779031071975614 0.01953125 0.06116207951070336
0 0.4435076163709674 0.3810805936801005 0.01953125 0.06116207951070336
0 0.4379010924158196 0.34117872733264876 0.01953125 0.06116207951070336
0 0.43688172442397455 0.3268140554475662 0.01953125 0.06116207951070336
0 0.436372040428052 0.2964886370235028 0.01953125 0.06116207951070336
0 0.4348429884402844 0.26137499463774533 0.01953125 0.06116207951070336
0 0.4317848844647493 0.22626135225198776 0.01953125 0.06116207951070336
0 0.4414688803872773 0.23104957621368202 0.01953125 0.06116207951070336
0 0.4399398283995097 0.21349275502080325 0.01953125 0.06116207951070336
0 0.45828845225272075 0.2565867706760511 0.01953125 0.06116207951070336
0 0.391010164790947 0.22626135225198776 0.01953125 0.06116207951070336
0 0.482753284057002 0.5087665659919461 0.01953125 0.06116207951070336
0 0.4766370761059317 0.48163329687567885 0.01953125 0.06116207951070336
0 0.47561770811408666 0.2869121891001144 0.01953125 0.06116207951070336
0 0.480714548073312 0.27573966652282794 0.01953125 0.06116207951070336
0 0.4853017040366147 0.2454142480987646 0.01953125 0.06116207951070336
0 0.46440466020379106 0.22945350155978395 0.01953125 0.06116207951070336
0 0.4689918161670938 0.21987705363639545 0.01953125 0.06116207951070336
0 0.4689918161670938 0.2055123817513129 0.01953125 0.06116207951070336
0 0.4521722443016504 0.23424172552147812 0.01953125 0.06116207951070336
0 0.44707540434242504 0.2565867706760511 0.01953125 0.06116207951070336
0 0.44809477233427014 0.29010433840791056 0.01953125 0.06116207951070336
0 0.39355858477055966 0.25339462136825497 0.01953125 0.06116207951070336
0 0.40273289669716517 0.23902994948317233 0.01953125 0.06116207951070336
0 0.41802341657484093 0.23104957621368202 0.01953125 0.06116207951070336
0 0.482753284057002 0.21668490432859935 0.01953125 0.06116207951070336
0 0.4776564440977768 0.21349275502080325 0.01953125 0.06116207951070336
0 0.4751080241181641 0.21987705363639545 0.01953125 0.06116207951070336
0 0.4526819282975729 0.33639050337095455 0.01953125 0.06116207951070336
0 0.4552303482771855 0.3587355485255276 0.01953125 0.06116207951070336
0 0.4526819282975729 0.3810805936801005 0.01953125 0.06116207951070336
0 0.4475850883383476 0.35394732456383327 0.01953125 0.06116207951070336
0 0.4715402361467064 0.32362190613977 0.01953125 0.06116207951070336
0 0.4822436000610795 0.32362190613977 0.01953125 0.06116207951070336
0 0.4776564440977768 0.3300062047553623 0.01953125 0.06116207951070336
0 0.4715402361467064 0.34117872733264876 0.01953125 0.06116207951070336
0 0.49600506795098775 0.38746489229569275 0.01953125 0.06116207951070336
0 0.482753284057002 0.36831199644891593 0.01953125 0.06116207951070336
0 0.48835980801214984 0.3746962950645082 0.01953125 0.06116207951070336
0 0.49141791198768503 0.347563025948241 0.01953125 0.06116207951070336
0 0.42312025653406626 0.4082138627963676 0.01953125 0.06116207951070336
0 0.38285522085618656 0.31244938356248353 0.01953125 0.06116207951070336
0 0.3782680648928838 0.3140454582163816 0.01953125 0.06116207951070336
0 0.39355858477055966 0.3204297568319739 0.01953125 0.06116207951070336
0 0.3976360567379399 0.33639050337095455 0.01953125 0.06116207951070336
0 0.3466676571456871 0.3188336821780758 0.01953125 0.06116207951070336
0 0.26002137783885726 0.22785742690588584 0.01953125 0.06116207951070336
0 0.2707247417532304 0.21668490432859935 0.01953125 0.06116207951070336
0 0.2513567499081743 0.21189668036690512 0.01953125 0.06116207951070336
0 0.24371148996933636 0.22945350155978395 0.01953125 0.06116207951070336
0 0.2569632738633221 0.2502024720604588 0.01953125 0.06116207951070336
0 0.24982769792040677 0.2565867706760511 0.01953125 0.06116207951070336
0 0.30283483349634965 0.3028729356390951 0.01953125 0.06116207951070336
0 0.1351487988378379 0.19753200848182254 0.01953125 0.06116207951070336
0 0.2217950781446677 0.23902994948317233 0.01953125 0.06116207951070336
0 0.21567887019359738 0.23424172552147812 0.01953125 0.06116207951070336
0 0.3731712249336585 0.23424172552147812 0.01953125 0.06116207951070336
0 0.3558419690722926 0.22626135225198776 0.01953125 0.06116207951070336
0 0.35533228507637005 0.2565867706760511 0.01953125 0.06116207951070336
0 0.42413962452591136 0.2964886370235028 0.01953125 0.06116207951070336
0 0.027605475698184508 0.15036864864320462 0.01953125 0.06116207951070336
0 0.021489267747114165 0.1631372458743892 0.01953125 0.06116207951070336
0 0.024037687726726816 0.1168510809113452 0.01953125 0.06116207951070336
0 0.043405679571782894 0.1631372458743892 0.01953125 0.06116207951070336
0 0.0377991556166351 0.14079220071981624 0.01953125 0.06116207951070336
0 0.043405679571782894 0.14398435002761234 0.01953125 0.06116207951070336
0 0.05971556744130377 0.10089033437236447 0.01953125 0.06116207951070336
0 0.06736082738014171 0.1168510809113452 0.01953125 0.06116207951070336
0 0.06532209139645156 0.10408248368016065 0.01953125 0.06116207951070336
0 0.07347703533121203 0.12802360348863168 0.01953125 0.06116207951070336
0 0.07704482330266972 0.1232353795269375 0.01953125 0.06116207951070336
0 0.08214166326189504 0.14398435002761234 0.01953125 0.06116207951070336
0 0.09386439516811317 0.17430976845167567 0.01953125 0.06116207951070336
0 0.09896123512733845 0.1631372458743892 0.01953125 0.06116207951070336
0 0.0857094512333527 0.09290996110287417 0.01953125 0.06116207951070336
0 0.08214166326189504 0.07056491594830117 0.01953125 0.06116207951070336
0 0.12444543492346483 0.11206285694965101 0.01953125 0.06116207951070336
0 0.11883891096831703 0.11525500625744711 0.01953125 0.06116207951070336
0 0.1147614390009368 0.10567855833405872 0.01953125 0.06116207951070336
0 0.1346391148419154 0.14079220071981624 0.01953125 0.06116207951070336
0 0.1254648029153099 0.14558042468151045 0.01953125 0.06116207951070336
0 0.12087764695200716 0.13919612606591814 0.01953125 0.06116207951070336
0 0.14279405877667584 0.12802360348863168 0.01953125 0.06116207951070336
0 0.3772486969010388 0.027470900293053345 0.01953125 0.06116207951070336
0 0.3930489007746371 0.022682676331359092 0.01953125 0.06116207951070336
0 0.42668804450552394 0.13281182745032585 0.01953125 0.06116207951070336
0 0.32016408935771556 0.16632939518218534 0.01953125 0.06116207951070336
0 0.31659630138625794 0.14398435002761234 0.01953125 0.06116207951070336
0 0.31048009343518757 0.11844715556524324 0.01953125 0.06116207951070336
0 0.2396340180019562 0.05939239337101468 0.01953125 0.06116207951070336
0 0.23504686203865344 0.05939239337101468 0.01953125 0.06116207951070336
0 0.23147907406719573 0.05460416940932049 0.01953125 0.06116207951070336
0 0.22485318212020286 0.07535313990999541 0.01953125 0.06116207951070336
0 0.2131304502139847 0.0865256624872819 0.01953125 0.06116207951070336
0 0.21007234623844953 0.10727463298795675 0.01953125 0.06116207951070336
0 0.20854329425068197 0.09290996110287417 0.01953125 0.06116207951070336
0 0.19682056234446388 0.10567855833405872 0.01953125 0.06116207951070336
0 0.19325277437300614 0.1232353795269375 0.01953125 0.06116207951070336
0 0.18662688242601327 0.11525500625744711 0.01953125 0.06116207951070336
0 0.18356877845047812 0.10408248368016065 0.01953125 0.06116207951070336
0 0.18713656642193582 0.07854528921779153 0.01953125 0.06116207951070336
0 0.1927430903770836 0.05939239337101468 0.01953125 0.06116207951070336
0 0.16929762656464734 0.06098846802491278 0.01953125 0.06116207951070336
0 0.16929762656464734 0.08333351317948572 0.01953125 0.06116207951070336
0 0.16420078660542203 0.07854528921779153 0.01953125 0.06116207951070336
0 0.16318141861357696 0.1902705149906564 0.01953125 0.06116207951070336
0 0.1626717346176544 0.17271369379777762 0.01953125 0.06116207951070336
0 0.1672588905809572 0.17909799241336993 0.01953125 0.06116207951070336
0 0.18458814644232316 0.1679254698360834 0.01953125 0.06116207951070336
0 0.17694288650348525 0.17111761914387955 0.01953125 0.06116207951070336
0 0.1738847825279501 0.17430976845167567 0.01953125 0.06116207951070336
0 0.19121403838931603 0.1615411712204911 0.01953125 0.06116207951070336
0 0.18764625041785832 0.14398435002761234 0.01953125 0.06116207951070336
0 0.06888987936790929 0.15196472329710273 0.01953125 0.06116207951070336
0 0.06583177539237413 0.14398435002761234 0.01953125 0.06116207951070336
0 0.0729673513352895 0.18229014172116603 0.01953125 0.06116207951070336
0 0.1315810108663802 0.10727463298795675 0.01953125 0.06116207951070336
0 0.12903259088676758 0.09610211041067028 0.01953125 0.06116207951070336
0 0.13005195887861265 0.0817374385255877 0.01953125 0.06116207951070336
0 0.1269938549030775 0.07694921456389343 0.01953125 0.06116207951070336
0 0.12087764695200716 0.0881217371411799 0.01953125 0.06116207951070336
0 0.10609681107025383 0.07535313990999541 0.01953125 0.06116207951070336
0 0.10150965510695109 0.07535313990999541 0.01953125 0.06116207951070336
0 0.10201933910287361 0.06258454267881086 0.01953125 0.06116207951070336
0 0.26511821779808253 0.0945060357567722 0.01953125 0.06116207951070336
0 0.25798264185516717 0.10567855833405872 0.01953125 0.06116207951070336
0 0.2528858018959419 0.0817374385255877 0.01953125 0.06116207951070336
0 0.2671569537817727 0.07056491594830117 0.01953125 0.06116207951070336
0 0.28652494562682873 0.08333351317948572 0.01953125 0.06116207951070336
0 0.27735063370022334 0.09769818506456836 0.01953125 0.06116207951070336
0 0.29875736152896937 0.11046678229575292 0.01953125 0.06116207951070336
0 0.2931508375738216 0.0881217371411799 0.01953125 0.06116207951070336
0 0.29111210159013146 0.09610211041067028 0.01953125 0.06116207951070336
0 0.29111210159013146 0.07056491594830117 0.01953125 0.06116207951070336
0 0.2895830496023639 0.05939239337101468 0.01953125 0.06116207951070336
0 0.2921314695819765 0.05939239337101468 0.01953125 0.06116207951070336
0 0.2977379935371244 0.06258454267881086 0.01953125 0.06116207951070336
0 0.2977379935371244 0.053008094755422404 0.01953125 0.06116207951070336
0 0.3007960975126595 0.05141202010152432 0.01953125 0.06116207951070336
0 0.30538325347596224 0.04821987079372821 0.01953125 0.06116207951070336
0 0.30028641351673696 0.07854528921779153 0.01953125 0.06116207951070336
0 0.30130578150858206 0.09769818506456836 0.01953125 0.06116207951070336
0 0.30640262146780733 0.09290996110287417 0.01953125 0.06116207951070336
0 0.30436388548411725 0.06737276664050507 0.01953125 0.06116207951070336
0 0.3084413574514974 0.07854528921779153 0.01953125 0.06116207951070336
0 0.30793167345557493 0.06737276664050507 0.01953125 0.06116207951070336
0 0.3120091454229551 0.05939239337101468 0.01953125 0.06116207951070336
0 0.2921314695819765 0.1615411712204911 0.01953125 0.06116207951070336
0 0.2875443136186738 0.1679254698360834 0.01953125 0.06116207951070336
0 0.2885636816105189 0.19505873895235057 0.01953125 0.06116207951070336
0 0.2936605215697441 0.18548229102896216 0.01953125 0.06116207951070336
0 0.3074219894596524 0.1998469629140448 0.01953125 0.06116207951070336
0 0.30895104144741997 0.1998469629140448 0.01953125 0.06116207951070336
0 0.3033445174922721 0.1998469629140448 0.01953125 0.06116207951070336
0 0.30283483349634965 0.18867444033675831 0.01953125 0.06116207951070336
0 0.30028641351673696 0.18867444033675831 0.01953125 0.06116207951070336
0 0.30028641351673696 0.1998469629140448 0.01953125 0.06116207951070336
0 0.30028641351673696 0.17271369379777762 0.01953125 0.06116207951070336
0 0.30589293747188484 0.17111761914387955 0.01953125 0.06116207951070336
0 0.30691230546372983 0.17271369379777762 0.01953125 0.06116207951070336
0 0.31302851341480015 0.15196472329710273 0.01953125 0.06116207951070336
0 0.2972283095412018 0.14398435002761234 0.01953125 0.06116207951070336
0 0.29671862554527934 0.12802360348863168 0.01953125 0.06116207951070336
0 0.2880539976145963 0.134407902104224 0.01953125 0.06116207951070336
0 0.28346684165129366 0.134407902104224 0.01953125 0.06116207951070336
0 0.2763312657083782 0.13919612606591814 0.01953125 0.06116207951070336
0 0.2763312657083782 0.15515687260489883 0.01953125 0.06116207951070336
0 0.28142810566760346 0.15036864864320462 0.01953125 0.06116207951070336
0 0.2758215817124556 0.1168510809113452 0.01953125 0.06116207951070336
0 0.27123442574915285 0.10408248368016065 0.01953125 0.06116207951070336
0 0.273273161732843 0.0865256624872819 0.01953125 0.06116207951070336
0 0.2778603176961458 0.03704734821644173 0.01953125 0.06116207951070336
0 0.27735063370022334 0.05141202010152432 0.01953125 0.06116207951070336
0 0.28142810566760346 0.04821987079372821 0.01953125 0.06116207951070336
0 0.2656279017940051 0.05460416940932049 0.01953125 0.06116207951070336
0 0.2661375857899276 0.03704734821644173 0.01953125 0.06116207951070336
0 0.26256979781846995 0.04183557217813593 0.01953125 0.06116207951070336
0 0.2569632738633221 0.0258748256391552 0.01953125 0.06116207951070336
0 0.2533954858918644 0.0450277214859321 0.01953125 0.06116207951070336
0 0.2554342218755546 0.0450277214859321 0.01953125 0.06116207951070336
0 0.18051067447494296 0.08333351317948572 0.01953125 0.06116207951070336
0 0.17847193849125284 0.06258454267881086 0.01953125 0.06116207951070336
0 0.1764332025075627 0.04821987079372821 0.01953125 0.06116207951070336
0 0.1764332025075627 0.030663049600849455 0.01953125 0.06116207951070336
0 0.17592351851164023 0.014702303061868786 0.01953125 0.06116207951070336
0 0.17184604654425997 0.0258748256391552 0.01953125 0.06116207951070336
0 0.17847193849125284 0.021086601677461007 0.01953125 0.06116207951070336
0 0.18356877845047812 0.030663049600849455 0.01953125 0.06116207951070336
0 0.18458814644232316 0.01949052702356298 0.01953125 0.06116207951070336
0 0.181530042466788 0.008318004446276447 0.01953125 0.06116207951070336
0 0.18917530240562588 0.009914079100174592 0.01953125 0.06116207951070336
0 0.18866561840970342 0.017894452369664898 0.01953125 0.06116207951070336
0 0.20854329425068197 0.030663049600849455 0.01953125 0.06116207951070336
0 0.1738847825279501 0.13281182745032585 0.01953125 0.06116207951070336
0 0.17847193849125284 0.12802360348863168 0.01953125 0.06116207951070336
0 0.17541383451571768 0.10567855833405872 0.01953125 0.06116207951070336
0 0.1672588905809572 0.1200432302191413 0.01953125 0.06116207951070336
0 0.16572983859318957 0.09929425971846646 0.01953125 0.06116207951070336
0 0.15604584267066157 0.13760005141202009 0.01953125 0.06116207951070336
0 0.15247805469920392 0.13760005141202009 0.01953125 0.06116207951070336
0 0.1529877386951264 0.11844715556524324 0.01953125 0.06116207951070336
0 0.15604584267066157 0.10089033437236447 0.01953125 0.06116207951070336
0 0.1591039466461967 0.11046678229575292 0.01953125 0.06116207951070336
0 0.15094900271143633 0.10567855833405872 0.01953125 0.06116207951070336
0 0.15094900271143633 0.0945060357567722 0.01953125 0.06116207951070336
0 0.15247805469920392 0.07854528921779153 0.01953125 0.06116207951070336
0 0.15757489465842914 0.089717811795078 0.01953125 0.06116207951070336
0 0.1591039466461967 0.0865256624872819 0.01953125 0.06116207951070336
0 0.15961363064211925 0.07375706525609733 0.01953125 0.06116207951070336
0 0.1438134267685209 0.17111761914387955 0.01953125 0.06116207951070336
0 0.15349742269104893 0.17750191775947183 0.01953125 0.06116207951070336
0 0.15859426265027424 0.19505873895235057 0.01953125 0.06116207951070336
0 0.14075532279298572 0.19346266429845252 0.01953125 0.06116207951070336
0 0.13871658680929566 0.17909799241336993 0.01953125 0.06116207951070336
0 0.136168166829683 0.1615411712204911 0.01953125 0.06116207951070336
0 0.14279405877667584 0.15515687260489883 0.01953125 0.06116207951070336
0 0.13361974685007036 0.1216393048730394 0.01953125 0.06116207951070336
0 0.13871658680929566 0.11206285694965101 0.01953125 0.06116207951070336
0 0.14075532279298572 0.10089033437236447 0.01953125 0.06116207951070336
0 0.1382069028133731 0.0849295878333838 0.01953125 0.06116207951070336
0 0.1438134267685209 0.0881217371411799 0.01953125 0.06116207951070336
0 0.14075532279298572 0.0849295878333838 0.01953125 0.06116207951070336
0 0.13922627080521816 0.05939239337101468 0.01953125 0.06116207951070336
0 0.14228437478075331 0.05460416940932049 0.01953125 0.06116207951070336
0 0.1310713268704577 0.053008094755422404 0.01953125 0.06116207951070336
0 0.1351487988378379 0.05939239337101468 0.01953125 0.06116207951070336
0 0.13412943084599285 0.043431646832034015 0.01953125 0.06116207951070336
0 0.1305616428745352 0.033855198908645565 0.01953125 0.06116207951070336
0 0.1326003788582253 0.016298377715766813 0.01953125 0.06116207951070336
0 0.13718753482152807 0.033855198908645565 0.01953125 0.06116207951070336
0 0.13922627080521816 0.016298377715766813 0.01953125 0.06116207951070336
0 0.14075532279298572 0.021086601677461007 0.01953125 0.06116207951070336
0 0.14279405877667584 0.009914079100174592 0.01953125 0.06116207951070336
0 0.1438134267685209 0.009914079100174592 0.01953125 0.06116207951070336
0 0.14840058273182366 0.029066974946951367 0.01953125 0.06116207951070336
0 0.14891026672774615 0.017894452369664898 0.01953125 0.06116207951070336
0 0.15247805469920392 0.0258748256391552 0.01953125 0.06116207951070336
0 0.15604584267066157 0.017894452369664898 0.01953125 0.06116207951070336
0 0.15859426265027424 0.011510153754072616 0.01953125 0.06116207951070336
0 0.15706521066250664 0.030663049600849455 0.01953125 0.06116207951070336
0 0.16114268262988687 0.0258748256391552 0.01953125 0.06116207951070336
0 0.16318141861357696 0.008318004446276447 0.01953125 0.06116207951070336
0 0.15757489465842914 0.04821987079372821 0.01953125 0.06116207951070336
0 0.1636911026094995 0.04821987079372821 0.01953125 0.06116207951070336
0 0.16623952258911218 0.04023949752423785 0.01953125 0.06116207951070336
0 0.16980731056056983 0.043431646832034015 0.01953125 0.06116207951070336
0 0.16572983859318957 0.017894452369664898 0.01953125 0.06116207951070336
0 0.18254941045863302 0.05939239337101468 0.01953125 0.06116207951070336
0 0.18611719843009072 0.06098846802491278 0.01953125 0.06116207951070336
0 0.18815593441378087 0.04981594544762629 0.01953125 0.06116207951070336
0 0.19427214236485119 0.0881217371411799 0.01953125 0.06116207951070336
0 0.19427214236485119 0.0945060357567722 0.01953125 0.06116207951070336
0 0.19834961433223144 0.09610211041067028 0.01953125 0.06116207951070336
0 0.19834961433223144 0.053008094755422404 0.01953125 0.06116207951070336
0 0.20242708629961162 0.0450277214859321 0.01953125 0.06116207951070336
0 0.19987866631999904 0.027470900293053345 0.01953125 0.06116207951070336
0 0.19936898232407646 0.01949052702356298 0.01953125 0.06116207951070336
0 0.19223340638116104 0.01949052702356298 0.01953125 0.06116207951070336
0 0.04238631157993783 0.11525500625744711 0.01953125 0.06116207951070336
0 0.04595409955139551 0.11525500625744711 0.01953125 0.06116207951070336
0 0.048502519531008155 0.14558042468151045 0.01953125 0.06116207951070336
0 0.05359935949023344 0.16632939518218534 0.01953125 0.06116207951070336
0 0.07959324328228239 0.1615411712204911 0.01953125 0.06116207951070336
0 0.07806419129451479 0.15196472329710273 0.01953125 0.06116207951070336
0 0.090806291192578 0.15196472329710273 0.01953125 0.06116207951070336
0 0.0959031311518033 0.13919612606591814 0.01953125 0.06116207951070336
0 0.10201933910287361 0.13760005141202009 0.01953125 0.06116207951070336
0 0.23759528201826605 0.15036864864320462 0.01953125 0.06116207951070336
0 0.2396340180019562 0.13760005141202009 0.01953125 0.06116207951070336
0 0.24371148996933636 0.14398435002761234 0.01953125 0.06116207951070336
0 0.24371148996933636 0.13281182745032585 0.01953125 0.06116207951070336
0 0.2416727539856463 0.12802360348863168 0.01953125 0.06116207951070336
0 0.23606623003049845 0.11206285694965101 0.01953125 0.06116207951070336
0 0.24625990994894906 0.11525500625744711 0.01953125 0.06116207951070336
0 0.2544148538837095 0.14079220071981624 0.01953125 0.06116207951070336
0 0.25033738191632926 0.12642752883473363 0.01953125 0.06116207951070336
0 0.26358916581031494 0.134407902104224 0.01953125 0.06116207951070336
0 0.27174410974507546 0.14398435002761234 0.01953125 0.06116207951070336
0 0.2707247417532304 0.12961967814252975 0.01953125 0.06116207951070336
0 0.2681763217736177 0.12961967814252975 0.01953125 0.06116207951070336
0 0.2640988498062375 0.1232353795269375 0.01953125 0.06116207951070336
0 0.24269212197749135 0.03704734821644173 0.01953125 0.06116207951070336
0 0.23249844205904074 0.027470900293053345 0.01953125 0.06116207951070336
0 0.20803361025475947 0.12961967814252975 0.01953125 0.06116207951070336
0 0.20242708629961162 0.13281182745032585 0.01953125 0.06116207951070336
0 0.19580119435261875 0.13919612606591814 0.01953125 0.06116207951070336
0 0.11578080699278187 0.1615411712204911 0.01953125 0.06116207951070336
0 0.11629049098870438 0.15036864864320462 0.01953125 0.06116207951070336
0 0.10966459904171155 0.13919612606591814 0.01953125 0.06116207951070336
0 0.11272270301724671 0.1216393048730394 0.01953125 0.06116207951070336
0 0.11527112299685935 0.12802360348863168 0.01953125 0.06116207951070336
0 0.10558712707433132 0.16632939518218534 0.01953125 0.06116207951070336
0 0.10099997111102854 0.19505873895235057 0.01953125 0.06116207951070336
0 0.10609681107025383 0.1838862163750641 0.01953125 0.06116207951070336
0 0.12342606693161981 0.16632939518218534 0.01953125 0.06116207951070336
0 0.1310713268704577 0.17750191775947183 0.01953125 0.06116207951070336
0 0.09386439516811317 0.0881217371411799 0.01953125 0.06116207951070336
0 0.03474105164109991 0.05620024406321858 0.01953125 0.06116207951070336
0 0.04085725959217025 0.021086601677461007 0.01953125 0.06116207951070336
0 0.02658610770633946 0.07694921456389343 0.01953125 0.06116207951070336
0 0.01894084776750154 0.11525500625744711 0.01953125 0.06116207951070336
0 0.012314955820508669 0.1168510809113452 0.01953125 0.06116207951070336
0 0.006708431865360862 0.11525500625744711 0.01953125 0.06116207951070336
0 0.003650327889825702 0.10408248368016065 0.01953125 0.06116207951070336
0 0.008237483853128441 0.13281182745032585 0.01953125 0.06116207951070336
0 0.004160011885748216 0.134407902104224 0.01953125 0.06116207951070336
0 0.004160011885748216 0.1567529472587969 0.01953125 0.06116207951070336
0 0.03474105164109991 0.10727463298795675 0.01953125 0.06116207951070336
0 0.03983789160032519 0.09610211041067028 0.01953125 0.06116207951070336
0 0.027095791702261993 0.09290996110287417 0.01953125 0.06116207951070336
0 0.03117326366964222 0.089717811795078 0.01953125 0.06116207951070336
0 0.030663579673719688 0.07056491594830117 0.01953125 0.06116207951070336
0 0.009256851844973508 0.04183557217813593 0.01953125 0.06116207951070336
0 0.005689063873515814 0.027470900293053345 0.01953125 0.06116207951070336
0 0.06838019537198678 0.05620024406321858 0.01953125 0.06116207951070336
0 0.0729673513352895 0.053008094755422404 0.01953125 0.06116207951070336
0 0.06888987936790929 0.03704734821644173 0.01953125 0.06116207951070336
0 0.0729673513352895 0.033855198908645565 0.01953125 0.06116207951070336
0 0.07092861535159942 0.022682676331359092 0.01953125 0.06116207951070336
0 0.07398671932713458 0.0035297804845822512 0.01953125 0.06116207951070336
0 0.09437407916403572 0.04821987079372821 0.01953125 0.06116207951070336
0 0.07755450729859224 0.06258454267881086 0.01953125 0.06116207951070336
0 0.46797244817524875 0.25890172510827336 0.01953125 0.06116207951070336
0 0.4623659242201009 0.24772920253098688 0.01953125 0.06116207951070336
0 0.4577787682567982 0.23655667995370042 0.01953125 0.06116207951070336
0 0.4577787682567982 0.22219200806861772 0.01953125 0.06116207951070336
0 0.45828845225272075 0.20623126152963708 0.01953125 0.06116207951070336
0 0.46185624022417837 0.20144303756794288 0.01953125 0.06116207951070336
0 0.46287560821602347 0.19505873895235057 0.01953125 0.06116207951070336
0 0.46287560821602347 0.1838862163750641 0.01953125 0.06116207951070336
0 0.46848213217117124 0.1838862163750641 0.01953125 0.06116207951070336
0 0.472049920142629 0.17750191775947183 0.01953125 0.06116207951070336
0 0.4740886561263191 0.18867444033675831 0.01953125 0.06116207951070336
0 0.45981750424048834 0.14398435002761234 0.01953125 0.06116207951070336
0 0.4552303482771855 0.14398435002761234 0.01953125 0.06116207951070336
0 0.45828845225272075 0.1200432302191413 0.01953125 0.06116207951070336
0 0.4740886561263191 0.13281182745032585 0.01953125 0.06116207951070336
0 0.481733916065157 0.1216393048730394 0.01953125 0.06116207951070336
0 0.47459834012224156 0.10727463298795675 0.01953125 0.06116207951070336
0 0.4486044563301927 0.05620024406321858 0.01953125 0.06116207951070336
0 0.4537012962894179 0.04821987079372821 0.01953125 0.06116207951070336
0 0.4435076163709674 0.033855198908645565 0.01953125 0.06116207951070336
0 0.44809477233427014 0.0258748256391552 0.01953125 0.06116207951070336
0 0.4603271882364108 0.0450277214859321 0.01953125 0.06116207951070336
0 0.20548519027514678 0.16632939518218534 0.01953125 0.06116207951070336
0 0.22230476214059025 0.15036864864320462 0.01953125 0.06116207951070336
0 0.48988885999991744 0.0849295878333838 0.01953125 0.06116207951070336
0 0.4868307560243823 0.09769818506456836 0.01953125 0.06116207951070336
0 0.12171600329495066 0.02840230749453329 0.01953125 0.06116207951070336
0 0.11672099829994567 0.05030089820046346 0.01953125 0.06116207951070336
0 0.11272499430394164 0.07219948890639363 0.01953125 0.06116207951070336
0 0.06077694235588975 0.06281437860385221 0.01953125 0.06116207951070336
0 0.05578193736088472 0.02840230749453329 0.01953125 0.06116207951070336
0 0.01881890039784779 0.06281437860385221 0.01953125 0.06116207951070336
0 0.029807911386858774 0.034659047696227664 0.01953125 0.06116207951070336
0 0.4398978214767688 0.08668192154430694 0.01953125 0.06116207951070336
0 0.4448928264717738 0.09293866174600125 0.01953125 0.06116207951070336
0 0.44339432497327236 0.08198936639303615 0.01953125 0.06116207951070336
0 0.4378998194787668 0.05226985043498808 0.01953125 0.06116207951070336
0 0.4314063129852604 0.025678704577787183 0.01953125 0.06116207951070336
0 0.4174202989992464 0.005344298922280603 0.01953125 0.06116207951070336
0 0.40892879050773784 0.008472669023127788 0.01953125 0.06116207951070336
0 0.41142629300524036 0.035063814880328684 0.01953125 0.06116207951070336
0 0.4523853339642813 0.017857779325669284 0.01953125 0.06116207951070336
0 0.45488283646178373 0.028807074678634373 0.01953125 0.06116207951070336
0 0.4588788404577878 0.016293594275245692 0.01953125 0.06116207951070336
0 0.4638738454527928 0.013165224174398506 0.01953125 0.06116207951070336
0 0.4688688504477978 0.017857779325669284 0.01953125 0.06116207951070336
0 0.4738638554428028 0.014729409224822099 0.01953125 0.06116207951070336
0 0.4703673519462993 0.06947588598964753 0.01953125 0.06116207951070336
0 0.4588788404577878 0.08042518134261258 0.01953125 0.06116207951070336
0 0.45188583346478084 0.08355355144345974 0.01953125 0.06116207951070336
0 0.44988783146677874 0.10858051225023706 0.01953125 0.06116207951070336
0 0.4448928264717738 0.1461209534604031 0.01953125 0.06116207951070336
0 0.47736035893930634 0.07104007104007107 0.01953125 0.06116207951070336
0 0.4838538654328128 0.035063814880328684 0.01953125 0.06116207951070336
0 0.4783593599383073 0.03975637003159946 0.01953125 0.06116207951070336
0 0.48135636293531026 0.013165224174398506 0.01953125 0.06116207951070336
0 0.48635136793031536 0.027242889628210778 0.01953125 0.06116207951070336
0 0.4893483709273183 0.03819218498117587 0.01953125 0.06116207951070336
0 0.49833937991832733 0.019421964376092875 0.01953125 0.06116207951070336
0 0.4923453739243213 0.04914148033414096 0.01953125 0.06116207951070336
0 0.4973403789193263 0.07260425609049466 0.01953125 0.06116207951070336
0 0.6951425767215241 0.036627999930752275 0.01953125 0.06116207951070336
0 0.6831545647335121 0.016293594275245692 0.01953125 0.06116207951070336
0 0.9791086106875581 0.7041302492775214 0.01953125 0.06116207951070336
0 0.9741136056925531 0.6509479575631196 0.01953125 0.06116207951070336
0 0.9836041151830626 0.6196642565546481 0.01953125 0.06116207951070336
0 0.990097621676569 0.5962014807982944 0.01953125 0.06116207951070336
0 0.30553218711113445 0.016293594275245692 0.01953125 0.06116207951070336
0 0.30103668261563005 0.016293594275245692 0.01953125 0.06116207951070336
0 0.29404367562262307 0.01003685407355138 0.01953125 0.06116207951070336
0 0.297040678619626 0.025678704577787183 0.01953125 0.06116207951070336
0 0.303034684613632 0.030371259729057964 0.01953125 0.06116207951070336
0 0.3125251941041415 0.011601039123974975 0.01953125 0.06116207951070336
0 0.2430946246735721 0.008472669023127788 0.01953125 0.06116207951070336
0 0.24908863066757805 0.024114519527363595 0.01953125 0.06116207951070336
0 0.25458313616208356 0.013165224174398506 0.01953125 0.06116207951070336
0 0.22111660269555006 0.011601039123974975 0.01953125 0.06116207951070336
0 0.2171205986995461 0.035063814880328684 0.01953125 0.06116207951070336
0 0.2091285907075381 0.06478333083837677 0.01953125 0.06116207951070336
0 0.21662109820004563 0.060090775687106045 0.01953125 0.06116207951070336
0 0.22411360569255312 0.036627999930752275 0.01953125 0.06116207951070336
0 0.2111265927055401 0.013165224174398506 0.01953125 0.06116207951070336
0 0.0887489703279177 0.03819218498117587 0.01953125 0.06116207951070336
0 0.0887489703279177 0.05852659063668245 0.01953125 0.06116207951070336
0 0.08974797132691871 0.011601039123974975 0.01953125 0.06116207951070336
0 0.0947429763219237 0.028807074678634373 0.01953125 0.06116207951070336
0 0.10323448481343221 0.014729409224822099 0.01953125 0.06116207951070336
0 0.1007369823159297 0.03975637003159946 0.01953125 0.06116207951070336
0 0.10872899030793769 0.04132055508202299 0.01953125 0.06116207951070336
0 0.11372399530294268 0.0319354447794815 0.01953125 0.06116207951070336
0 0.11871900029794771 0.013165224174398506 0.01953125 0.06116207951070336
0 0.1127249943039417 0.017857779325669284 0.01953125 0.06116207951070336
