0 0.07961360001938354 0.8910672906990875 0.01953125 0.02936857562408223
0 0.15832313675130838 0.8278374703517709 0.01953125 0.02936857562408223
0 0.12813317745687144 0.8035183086797262 0.01953125 0.02936857562408223
0 0.10225606949021121 0.7483948755564245 0.01953125 0.02936857562408223
0 0.0806918128513277 0.7694714823388632 0.01953125 0.02936857562408223
0 0.039719725237449 0.7175906041051677 0.01953125 0.02936857562408223
0 0.010607978774956292 0.7646076500044543 0.01953125 0.02936857562408223
0 0.290943315080442 0.9137651749263294 0.01953125 0.02936857562408223
0 0.1885130960457453 0.8391864124653919 0.01953125 0.02936857562408223
0 0.18527845754991276 0.7354246559980006 0.01953125 0.02936857562408223
0 0.17126169073463843 0.7143480492155616 0.01953125 0.02936857562408223
0 0.15293207259158748 0.7013778296571378 0.01953125 0.02936857562408223
0 0.40199923677069216 0.8489140771342099 0.01953125 0.02936857562408223
0 0.43434562172901736 0.8489140771342099 0.01953125 0.02936857562408223
0 0.517368009788719 0.8002757537901201 0.01953125 0.02936857562408223
0 0.5162897969567749 0.9591609433808131 0.01953125 0.02936857562408223
0 0.6510664009497967 0.8732332388062546 0.01953125 0.02936857562408223
0 0.6737088704206243 0.7986544763453173 0.01953125 0.02936857562408223
0 0.6543010394456293 0.7483948755564245 0.01953125 0.02936857562408223
0 0.5993121850164763 0.7662289274492573 0.01953125 0.02936857562408223
0 0.5454015434192676 0.7662289274492573 0.01953125 0.02936857562408223
0 0.5184462226206631 0.7289395462187885 0.01953125 0.02936857562408223
0 0.4774741350067844 0.7029991071019409 0.01953125 0.02936857562408223
0 0.46345736819151007 0.7354246559980006 0.01953125 0.02936857562408223
0 0.425719919073464 0.7175906041051677 0.01953125 0.02936857562408223
0 0.40307744960263625 0.7159693266603646 0.01953125 0.02936857562408223
0 0.37288749030819934 0.7240757138843795 0.01953125 0.02936857562408223
0 0.37396570314014355 0.7646076500044543 0.01953125 0.02936857562408223
0 0.41709421641791056 0.7759565921180753 0.01953125 0.02936857562408223
0 0.7782955151192095 0.7694714823388632 0.01953125 0.02936857562408223
0 0.8084854744136465 0.9024162328127083 0.01953125 0.02936857562408223
0 0.8807257341539063 0.829458747796574 0.01953125 0.02936857562408223
0 0.9130721191122315 0.9007949553679053 0.01953125 0.02936857562408223
0 0.9238542474316732 0.8245949154621649 0.01953125 0.02936857562408223
0 0.9335581629191707 0.7727140372284694 0.01953125 0.02936857562408223
0 0.9605134837177753 0.7078629394363498 0.01953125 0.02936857562408223
0 0.3685746389804227 0.976994995273646 0.01953125 0.02936857562408223
0 0.32868076419848813 0.822973638017362 0.01953125 0.02936857562408223
0 0.3017254433998837 0.7419097657772125 0.01953125 0.02936857562408223
0 0.7265412991858891 0.7516374304460304 0.01953125 0.02936857562408223
0 0.7470273429928285 0.7662289274492573 0.01953125 0.02936857562408223
0 0.695273127059508 0.7613650951148484 0.01953125 0.02936857562408223
0 0.6445971239581316 0.7094842168811526 0.01953125 0.02936857562408223
0 0.7491837686567168 0.7321821011083945 0.01953125 0.02936857562408223
0 0.7826083664469863 0.7029991071019409 0.01953125 0.02936857562408223
0 0.8074072615817024 0.681922500319502 0.01953125 0.02936857562408223
0 0.8149547514053116 0.7240757138843795 0.01953125 0.02936857562408223
0 0.7998597717580929 0.7321821011083945 0.01953125 0.02936857562408223
0 0.7944687075983721 0.7613650951148484 0.01953125 0.02936857562408223
0 0.8225022412289207 0.7759565921180753 0.01953125 0.02936857562408223
0 0.9314017372552824 0.7256969913291826 0.01953125 0.02936857562408223
0 0.916306757608064 0.7159693266603646 0.01953125 0.02936857562408223
0 0.13043498013180854 0.7415044464160118 0.01953125 0.02936857562408223
0 0.06735952946307422 0.7058363426303461 0.01953125 0.02936857562408223
0 0.2183093259352588 0.7666342468104582 0.01953125 0.02936857562408223
0 0.20051881420817994 0.7544746659744358 0.01953125 0.02936857562408223
0 0.2042925591199845 0.7090788975199521 0.01953125 0.02936857562408223
0 0.23448251841442141 0.7001618715735356 0.01953125 0.02936857562408223
0 0.26035962638108173 0.7244810332455804 0.01953125 0.02936857562408223
0 0.29270601133940694 0.7050257039079445 0.01953125 0.02936857562408223
0 0.3083400974025975 0.6961086779615281 0.01953125 0.02936857562408223
0 0.32882614120953674 0.6904342069047177 0.01953125 0.02936857562408223
0 0.3202004385539834 0.6750320711790894 0.01953125 0.02936857562408223
0 0.30564456532273704 0.6636831290654684 0.01953125 0.02936857562408223
0 0.2970188626671837 0.6677363226774758 0.01953125 0.02936857562408223
0 0.2862367343477419 0.6636831290654684 0.01953125 0.02936857562408223
0 0.36979822882341545 0.8785023905018643 0.01953125 0.02936857562408223
0 0.30456635249079284 0.8566151449970241 0.01953125 0.02936857562408223
0 0.256046775053305 0.8185151250441537 0.01953125 0.02936857562408223
0 0.2528121365574725 0.8898513326154853 0.01953125 0.02936857562408223
0 0.0064405044582283005 0.7204278396335729 0.01953125 0.02936857562408223
0 0.023152803353363022 0.6961086779615281 0.01953125 0.02936857562408223
0 0.012370675033921268 0.6871916520151117 0.01953125 0.02936857562408223
0 0.0511863369839116 0.6774639873462938 0.01953125 0.02936857562408223
0 0.09108021176584609 0.6977299554063312 0.01953125 0.02936857562408223
0 0.09539306309362278 0.71880656218877 0.01953125 0.02936857562408223
0 0.12720034163597596 0.7098895362423535 0.01953125 0.02936857562408223
0 0.14337353411513862 0.7269129494127848 0.01953125 0.02936857562408223
0 0.14660817261097114 0.6693576001222787 0.01953125 0.02936857562408223
0 0.13528693787555732 0.6636831290654684 0.01953125 0.02936857562408223
0 0.12073106464431091 0.6596299354534608 0.01953125 0.02936857562408223
0 0.10887072349292497 0.6644937677878698 0.01953125 0.02936857562408223
0 0.11534000048459006 0.6871916520151117 0.01953125 0.02936857562408223
0 0.12288749030819929 0.6766533486238923 0.01953125 0.02936857562408223
0 0.050108124151967415 0.6636831290654684 0.01953125 0.02936857562408223
0 0.04309974074433027 0.6515235482294459 0.01953125 0.02936857562408223
0 0.041482421496414006 0.638553328671022 0.01953125 0.02936857562408223
0 0.05657740114363246 0.6426065222830295 0.01953125 0.02936857562408223
0 0.050647230567939495 0.6312575801694086 0.01953125 0.02936857562408223
0 0.08980513423144018 0.6630751500236673 0.01953125 0.02936857562408223
0 0.09088334706338434 0.6525368466324478 0.01953125 0.02936857562408223
0 0.1472199675324675 0.660237914495262 0.01953125 0.02936857562408223
0 0.15854120226788135 0.6638857887460689 0.01953125 0.02936857562408223
0 0.16096718113975575 0.6780719663880949 0.01953125 0.02936857562408223
0 0.17579260757898815 0.6906368665853182 0.01953125 0.02936857562408223
0 0.18819205514634613 0.6930687827525226 0.01953125 0.02936857562408223
0 0.18711384231440198 0.705228363588545 0.01953125 0.02936857562408223
0 0.032659854138398905 0.6525368466324478 0.01953125 0.02936857562408223
0 0.05853696210505911 0.6561847208832545 0.01953125 0.02936857562408223
0 0.06931909042450086 0.6517262079100463 0.01953125 0.02936857562408223
0 0.07309283533630546 0.6383506689904217 0.01953125 0.02936857562408223
0 0.0677017711765846 0.6302442817664068 0.01953125 0.02936857562408223
0 0.06150204739290559 0.6270017268768008 0.01953125 0.02936857562408223
0 0.07363194175227754 0.6270017268768008 0.01953125 0.02936857562408223
0 0.07309283533630546 0.6197059783751874 0.01953125 0.02936857562408223
0 0.05018081265749175 0.6180847009303844 0.01953125 0.02936857562408223
0 0.0431724292498546 0.6115995911511724 0.01953125 0.02936857562408223
0 0.03751181188214769 0.6128155492347747 0.01953125 0.02936857562408223
0 0.027538343186664066 0.6107889524287708 0.01953125 0.02936857562408223
0 0.019182193739096708 0.6168687428467821 0.01953125 0.02936857562408223
0 0.013791129579375833 0.6188953396527859 0.01953125 0.02936857562408223
0 0.005974086547780564 0.612410229873574 0.01953125 0.02936857562408223
0 0.007860959003682878 0.592954900535938 0.01953125 0.02936857562408223
0 0.0067827461717386945 0.5844431939507224 0.01953125 0.02936857562408223
0 0.014869342411320015 0.5816059584223171 0.01953125 0.02936857562408223
0 0.023225491858887375 0.5799846809775141 0.01953125 0.02936857562408223
0 0.00974783145958518 0.5601240322786775 0.01953125 0.02936857562408223
0 0.0019307884279899106 0.5601240322786775 0.01953125 0.02936857562408223
0 0.021608172610971112 0.5710676550310977 0.01953125 0.02936857562408223
0 0.011634703915487493 0.5726889324759008 0.01953125 0.02936857562408223
0 0.0038176608838922242 0.5990346909539492 0.01953125 0.02936857562408223
0 0.010556491083543309 0.6533474853548493 0.01953125 0.02936857562408223
0 0.04263332283388253 0.6253804494319978 0.01953125 0.02936857562408223
0 0.03912913113006395 0.631460239850009 0.01953125 0.02936857562408223
0 0.045598408121728995 0.6010612877599529 0.01953125 0.02936857562408223
0 0.04775483378561736 0.591333623091135 0.01953125 0.02936857562408223
0 0.03751181188214769 0.5803900003387149 0.01953125 0.02936857562408223
0 0.03158164130645472 0.5856591520343246 0.01953125 0.02936857562408223
0 0.02942521564256638 0.5909283037299343 0.01953125 0.02936857562408223
0 0.03346851376235704 0.5909283037299343 0.01953125 0.02936857562408223
0 0.025112364314789675 0.5966027747867448 0.01953125 0.02936857562408223
0 0.02996432205853846 0.6047091620107596 0.01953125 0.02936857562408223
0 0.02807744960263616 0.5982240522315477 0.01953125 0.02936857562408223
0 0.015408448827292106 0.5998453296763507 0.01953125 0.02936857562408223
0 0.019182193739096708 0.6030878845659567 0.01953125 0.02936857562408223
0 0.017564874491180448 0.5897123456463321 0.01953125 0.02936857562408223
0 0.01999085336305484 0.5917389424523358 0.01953125 0.02936857562408223
0 0.04263332283388253 0.5820112777835179 0.01953125 0.02936857562408223
0 0.06608445192866831 0.5734995711983022 0.01953125 0.02936857562408223
0 0.0752492610001938 0.5613399903622797 0.01953125 0.02936857562408223
0 0.09600485801511918 0.562555948445882 0.01953125 0.02936857562408223
0 0.031851194514440774 0.5605293516398783 0.01953125 0.02936857562408223
0 0.10139592217484007 0.565798503335488 0.01953125 0.02936857562408223
0 0.11729956144601664 0.5763368067267073 0.01953125 0.02936857562408223
0 0.04020734396200814 0.5970080941479455 0.01953125 0.02936857562408223
0 0.05691964285714285 0.6184900202915851 0.01953125 0.02936857562408223
0 0.07120596288040315 0.6079517169003656 0.01953125 0.02936857562408223
0 0.0677017711765846 0.6038985232883582 0.01953125 0.02936857562408223
0 0.06392802626477997 0.588091068201529 0.01953125 0.02936857562408223
0 0.059884728144989324 0.5840378745895216 0.01953125 0.02936857562408223
0 0.05772830248110098 0.5941708586195403 0.01953125 0.02936857562408223
0 0.07551881420817985 0.5771474454491089 0.01953125 0.02936857562408223
0 0.09007468743942622 0.5957921360643432 0.01953125 0.02936857562408223
0 0.09061379385539832 0.6010612877599529 0.01953125 0.02936857562408223
0 0.09465709197518897 0.6168687428467821 0.01953125 0.02936857562408223
0 0.10193502859081215 0.6160581041243807 0.01953125 0.02936857562408223
0 0.09384843235123085 0.6302442817664068 0.01953125 0.02936857562408223
0 0.10139592217484007 0.6355134334620165 0.01953125 0.02936857562408223
0 0.11056073124636556 0.6476730142980389 0.01953125 0.02936857562408223
0 0.10624787991858885 0.6505102498264441 0.01953125 0.02936857562408223
0 0.1232297320217096 0.6476730142980389 0.01953125 0.02936857562408223
0 0.12969900901337464 0.6496996111040427 0.01953125 0.02936857562408223
0 0.13616828600503972 0.6509155691876449 0.01953125 0.02936857562408223
0 0.14075069054080244 0.6419985432412284 0.01953125 0.02936857562408223
0 0.13724649883698387 0.6383506689904217 0.01953125 0.02936857562408223
0 0.13185543467726302 0.6270017268768008 0.01953125 0.02936857562408223
0 0.12403839164566773 0.6322708785724105 0.01953125 0.02936857562408223
0 0.11891688069393291 0.6359187528232172 0.01953125 0.02936857562408223
0 0.11379536974219809 0.6265964075156 0.01953125 0.02936857562408223
0 0.10867385879046325 0.6270017268768008 0.01953125 0.02936857562408223
0 0.10570877350261677 0.6225432139035926 0.01953125 0.02936857562408223
0 0.10813475237449116 0.6184900202915851 0.01953125 0.02936857562408223
0 0.11406492295018411 0.6197059783751874 0.01953125 0.02936857562408223
0 0.12026464673386313 0.6229485332647934 0.01953125 0.02936857562408223
0 0.12053419994184918 0.6156527847631799 0.01953125 0.02936857562408223
0 0.11406492295018411 0.6136261879571762 0.01953125 0.02936857562408223
0 0.11056073124636556 0.6095729943451687 0.01953125 0.02936857562408223
0 0.10705653954254699 0.5941708586195403 0.01953125 0.02936857562408223
0 0.10274368821477027 0.5872804294791276 0.01953125 0.02936857562408223
0 0.10031770934289588 0.5820112777835179 0.01953125 0.02936857562408223
0 0.09142245347935643 0.5824165971447186 0.01953125 0.02936857562408223
0 0.088726921399496 0.5799846809775141 0.01953125 0.02936857562408223
0 0.08225764440783095 0.6270017268768008 0.01953125 0.02936857562408223
0 0.0776752398720682 0.6302442817664068 0.01953125 0.02936857562408223
0 0.07794479308005425 0.6107889524287708 0.01953125 0.02936857562408223
0 0.08037077195192864 0.594576177980741 0.01953125 0.02936857562408223
0 0.07929255911998447 0.5905229843687335 0.01953125 0.02936857562408223
0 0.07309283533630546 0.5889017069239305 0.01953125 0.02936857562408223
0 0.0566500896491568 0.6018719264823544 0.01953125 0.02936857562408223
0 0.08306630403178909 0.6156527847631799 0.01953125 0.02936857562408223
0 0.06554534551269624 0.5909283037299343 0.01953125 0.02936857562408223
0 0.12754258334948632 0.5889017069239305 0.01953125 0.02936857562408223
0 0.13077722184531881 0.5897123456463321 0.01953125 0.02936857562408223
0 0.13616828600503972 0.5868751101179268 0.01953125 0.02936857562408223
0 0.13832471166892807 0.5828219165059194 0.01953125 0.02936857562408223
0 0.1367073924210118 0.5828219165059194 0.01953125 0.02936857562408223
0 0.14236800978871872 0.5726889324759008 0.01953125 0.02936857562408223
0 0.15315013810816047 0.567419780780291 0.01953125 0.02936857562408223
0 0.16096718113975575 0.5759314873655067 0.01953125 0.02936857562408223
0 0.15207192527621624 0.5816059584223171 0.01953125 0.02936857562408223
0 0.15288058490017442 0.5868751101179268 0.01953125 0.02936857562408223
0 0.14668086111649542 0.5897123456463321 0.01953125 0.02936857562408223
0 0.14317666941267684 0.5884963875627298 0.01953125 0.02936857562408223
0 0.14155935016476057 0.6047091620107596 0.01953125 0.02936857562408223
0 0.13994203091684432 0.6128155492347747 0.01953125 0.02936857562408223
0 0.13455096675712344 0.6156527847631799 0.01953125 0.02936857562408223
0 0.11433447615817016 0.6030878845659567 0.01953125 0.02936857562408223
0 0.11622134861407248 0.5953868167031425 0.01953125 0.02936857562408223
0 0.11217805049428183 0.5876857488403283 0.01953125 0.02936857562408223
0 0.11002162483039345 0.5856591520343246 0.01953125 0.02936857562408223
0 0.04694617416165923 0.6051144813719604 0.01953125 0.02936857562408223
0 0.046407067745687126 0.6188953396527859 0.01953125 0.02936857562408223
0 0.13212498788524907 0.6067357588167634 0.01953125 0.02936857562408223
0 0.1280816897654584 0.6128155492347747 0.01953125 0.02936857562408223
0 0.12430794485365378 0.6128155492347747 0.01953125 0.02936857562408223
0 0.1353596263810816 0.6103836330675702 0.01953125 0.02936857562408223
0 0.14802862715642562 0.5957921360643432 0.01953125 0.02936857562408223
0 0.15234147848420232 0.5990346909539492 0.01953125 0.02936857562408223
0 0.1515328188602442 0.6047091620107596 0.01953125 0.02936857562408223
0 0.14829818036441167 0.6083570362615665 0.01953125 0.02936857562408223
0 0.14614175470052335 0.6140315073183769 0.01953125 0.02936857562408223
0 0.14991549961232795 0.6188953396527859 0.01953125 0.02936857562408223
0 0.138055158460942 0.6241644913483956 0.01953125 0.02936857562408223
0 0.13401186034115137 0.6201112977363881 0.01953125 0.02936857562408223
0 0.12915990259740256 0.6168687428467821 0.01953125 0.02936857562408223
0 0.09816128367900755 0.6237591719871948 0.01953125 0.02936857562408223
0 0.09896994330296567 0.6326761979336113 0.01953125 0.02936857562408223
0 0.14614175470052335 0.6419985432412284 0.01953125 0.02936857562408223
0 0.1491068399883698 0.6310549204888083 0.01953125 0.02936857562408223
0 0.14506354186857914 0.629838962405206 0.01953125 0.02936857562408223
0 0.14317666941267684 0.6201112977363881 0.01953125 0.02936857562408223
0 0.1569238830199651 0.6197059783751874 0.01953125 0.02936857562408223
0 0.15261103169218837 0.6265964075156 0.01953125 0.02936857562408223
0 0.15719343622795112 0.6282176849604031 0.01953125 0.02936857562408223
0 0.1668973517154487 0.6270017268768008 0.01953125 0.02936857562408223
0 0.16312360680364407 0.6330815172948121 0.01953125 0.02936857562408223
0 0.1663582452994766 0.6310549204888083 0.01953125 0.02936857562408223
0 0.1633931600116301 0.6184900202915851 0.01953125 0.02936857562408223
0 0.16716690492343472 0.6168687428467821 0.01953125 0.02936857562408223
0 0.1582716490598953 0.612410229873574 0.01953125 0.02936857562408223
0 0.15341969131614652 0.6111942717899718 0.01953125 0.02936857562408223
0 0.1596194150998255 0.605925120094362 0.01953125 0.02936857562408223
0 0.1596194150998255 0.5974134135091462 0.01953125 0.02936857562408223
0 0.16528003246753245 0.5986293715927485 0.01953125 0.02936857562408223
0 0.16797556454739287 0.5998453296763507 0.01953125 0.02936857562408223
0 0.17147975625121142 0.6010612877599529 0.01953125 0.02936857562408223
0 0.1712102030432254 0.5957921360643432 0.01953125 0.02936857562408223
0 0.1717493094591975 0.5844431939507224 0.01953125 0.02936857562408223
0 0.17040154341926725 0.5787687228939119 0.01953125 0.02936857562408223
0 0.17579260757898815 0.5759314873655067 0.01953125 0.02936857562408223
0 0.20166971554564833 0.5726889324759008 0.01953125 0.02936857562408223
0 0.2043652476255088 0.5799846809775141 0.01953125 0.02936857562408223
0 0.20625212008141108 0.5812006390611163 0.01953125 0.02936857562408223
0 0.21676469519286679 0.5743102099207037 0.01953125 0.02936857562408223
0 0.22350352539251786 0.5852538326731238 0.01953125 0.02936857562408223
0 0.21541692915293656 0.5901176650075328 0.01953125 0.02936857562408223
0 0.21029541820120173 0.668344301719277 0.01953125 0.02936857562408223
0 0.21676469519286679 0.668344301719277 0.01953125 0.02936857562408223
0 0.22997280238418297 0.6594272757728605 0.01953125 0.02936857562408223
0 0.23482476012793174 0.6760453695820912 0.01953125 0.02936857562408223
0 0.24425912240744324 0.668344301719277 0.01953125 0.02936857562408223
0 0.23563341975188987 0.6574006789668568 0.01953125 0.02936857562408223
0 0.24210269674355492 0.6476730142980389 0.01953125 0.02936857562408223
0 0.2377898454157782 0.6452410981308344 0.01953125 0.02936857562408223
0 0.23698118579182006 0.637945349629221 0.01953125 0.02936857562408223
0 0.2402158242876526 0.6330815172948121 0.01953125 0.02936857562408223
0 0.2377898454157782 0.631460239850009 0.01953125 0.02936857562408223
0 0.23401610050397362 0.6270017268768008 0.01953125 0.02936857562408223
0 0.2278163767202946 0.6270017268768008 0.01953125 0.02936857562408223
0 0.22592950426439232 0.6359187528232172 0.01953125 0.02936857562408223
0 0.2297032491761969 0.6419985432412284 0.01953125 0.02936857562408223
0 0.22323397218453184 0.6541581240772508 0.01953125 0.02936857562408223
0 0.22134709972862954 0.6411879045188269 0.01953125 0.02936857562408223
0 0.21622558877689468 0.6395666270740239 0.01953125 0.02936857562408223
0 0.2170342484008528 0.6338921560172135 0.01953125 0.02936857562408223
0 0.21353005669703426 0.6322708785724105 0.01953125 0.02936857562408223
0 0.22134709972862954 0.6286230043216038 0.01953125 0.02936857562408223
0 0.12835124297344444 0.6330815172948121 0.01953125 0.02936857562408223
0 0.15530656377204882 0.6383506689904217 0.01953125 0.02936857562408223
0 0.16042807472378365 0.6411879045188269 0.01953125 0.02936857562408223
0 0.16231494717968595 0.655374082160853 0.01953125 0.02936857562408223
0 0.16743645813142077 0.6565900402444553 0.01953125 0.02936857562408223
0 0.17228841587516955 0.6590219564116598 0.01953125 0.02936857562408223
0 0.1854965230664857 0.6618591919400652 0.01953125 0.02936857562408223
0 0.17309707549912767 0.6744240921372882 0.01953125 0.02936857562408223
0 0.20652167328939713 0.6460517368532359 0.01953125 0.02936857562408223
0 0.20975631178522963 0.6505102498264441 0.01953125 0.02936857562408223
0 0.20813899253731338 0.6582113176892583 0.01953125 0.02936857562408223
0 0.20059150271370418 0.6330815172948121 0.01953125 0.02936857562408223
0 0.19493088534599726 0.6355134334620165 0.01953125 0.02936857562408223
0 0.18953982118627638 0.6270017268768008 0.01953125 0.02936857562408223
0 0.18900071477030425 0.6201112977363881 0.01953125 0.02936857562408223
0 0.18441831023454155 0.6257857687931986 0.01953125 0.02936857562408223
0 0.18091411853072295 0.6213272558199904 0.01953125 0.02936857562408223
0 0.17875769286683466 0.6197059783751874 0.01953125 0.02936857562408223
0 0.18199233136266715 0.6156527847631799 0.01953125 0.02936857562408223
0 0.1849574166505136 0.6107889524287708 0.01953125 0.02936857562408223
0 0.1898093743942624 0.6026825652047559 0.01953125 0.02936857562408223
0 0.18603562948245783 0.6038985232883582 0.01953125 0.02936857562408223
0 0.18900071477030425 0.5982240522315477 0.01953125 0.02936857562408223
0 0.1828009909866253 0.5909283037299343 0.01953125 0.02936857562408223
0 0.17956635249079278 0.5941708586195403 0.01953125 0.02936857562408223
0 0.17471439474704398 0.5957921360643432 0.01953125 0.02936857562408223
0 0.17579260757898815 0.6095729943451687 0.01953125 0.02936857562408223
0 0.17040154341926725 0.6115995911511724 0.01953125 0.02936857562408223
0 0.1633931600116301 0.6099783137063693 0.01953125 0.02936857562408223
0 0.16420181963558825 0.6136261879571762 0.01953125 0.02936857562408223
0 0.1739057351230858 0.6310549204888083 0.01953125 0.02936857562408223
0 0.1822618845706532 0.6460517368532359 0.01953125 0.02936857562408223
0 0.18576607627447175 0.6476730142980389 0.01953125 0.02936857562408223
0 0.19142669364217865 0.6452410981308344 0.01953125 0.02936857562408223
0 0.19762641742585768 0.6707762178864816 0.01953125 0.02936857562408223
0 0.19816552384182978 0.59944001031515 0.01953125 0.02936857562408223
0 0.19870463025780183 0.5909283037299343 0.01953125 0.02936857562408223
0 0.20598256687342506 0.5933602198971388 0.01953125 0.02936857562408223
0 0.20274792837759253 0.5990346909539492 0.01953125 0.02936857562408223
0 0.07471015458422173 0.6910421859465188 0.01953125 0.02936857562408223
0 0.19358311930606711 0.6153487952422793 0.01953125 0.02936857562408223
0 0.1911571404341927 0.6110929419496715 0.01953125 0.02936857562408223
0 0.2034218113975577 0.6269003970365006 0.01953125 0.02936857562408223
0 0.19425700232603219 0.6266977373559003 0.01953125 0.02936857562408223
0 0.1997828430897461 0.6380466794695212 0.01953125 0.02936857562408223
0 0.205173907249467 0.6412892343591271 0.01953125 0.02936857562408223
0 0.21905589746074824 0.6238605018274951 0.01953125 0.02936857562408223
0 0.22107754652064357 0.6191993291736864 0.01953125 0.02936857562408223
0 0.22781637672029467 0.6185913501318853 0.01953125 0.02936857562408223
0 0.23388132389998068 0.6196046485348872 0.01953125 0.02936857562408223
0 0.23051190880015512 0.613524858116876 0.01953125 0.02936857562408223
0 0.23509431333591788 0.604405172489859 0.01953125 0.02936857562408223
0 0.23725073899980623 0.6019732563226546 0.01953125 0.02936857562408223
0 0.2353638665439039 0.5977174030300468 0.01953125 0.02936857562408223
0 0.23118579182012022 0.5971094239882457 0.01953125 0.02936857562408223
0 0.22377307860050402 0.5987307014330486 0.01953125 0.02936857562408223
0 0.21946022727272732 0.5930562303762382 0.01953125 0.02936857562408223
0 0.2152821525489436 0.6052158112122606 0.01953125 0.02936857562408223
0 0.2108345246171739 0.6033918740868572 0.01953125 0.02936857562408223
0 0.2119127374491181 0.5999466595166509 0.01953125 0.02936857562408223
0 0.20557823706144604 0.6056211305734613 0.01953125 0.02936857562408223
0 0.2023435985656135 0.6070397483376639 0.01953125 0.02936857562408223
0 0.19951328988176006 0.6106876225884708 0.01953125 0.02936857562408223
0 0.20557823706144604 0.6196046485348872 0.01953125 0.02936857562408223
0 0.2082737691413065 0.6262924179946995 0.01953125 0.02936857562408223
0 0.20557823706144604 0.6100796435466697 0.01953125 0.02936857562408223
0 0.2027479283775926 0.6139301774780767 0.01953125 0.02936857562408223
0 0.21231706726109714 0.6096743241854689 0.01953125 0.02936857562408223
0 0.2199993336886994 0.608661025782467 0.01953125 0.02936857562408223
0 0.24749376090327585 0.6337908261769133 0.01953125 0.02936857562408223
0 0.2531543782709828 0.6346014648993149 0.01953125 0.02936857562408223
0 0.25194138883504563 0.6451397682905342 0.01953125 0.02936857562408223
0 0.2561194635588293 0.6532461555145492 0.01953125 0.02936857562408223
0 0.2565237933708084 0.6475716844577387 0.01953125 0.02936857562408223
0 0.2522109420430317 0.6548674329593521 0.01953125 0.02936857562408223
0 0.25571513374685023 0.672093505810384 0.01953125 0.02936857562408223
0 0.24547211184338055 0.6410865746785267 0.01953125 0.02936857562408223
0 0.25948887865865483 0.6337908261769133 0.01953125 0.02936857562408223
0 0.2609714213025781 0.6408839149979264 0.01953125 0.02936857562408223
0 0.2561194635588293 0.6305482712873073 0.01953125 0.02936857562408223
0 0.2567933465787944 0.6224418840632924 0.01953125 0.02936857562408223
0 0.26164530432254324 0.6224418840632924 0.01953125 0.02936857562408223
0 0.2642060597984106 0.6196046485348872 0.01953125 0.02936857562408223
0 0.26002798507462693 0.6068370886570637 0.01953125 0.02936857562408223
0 0.2588149956386897 0.5967041046270449 0.01953125 0.02936857562408223
0 0.2522109420430317 0.5888003770836303 0.01953125 0.02936857562408223
0 0.2108345246171739 0.5727902623162008 0.01953125 0.02936857562408223
0 0.2493806333591782 0.5823152673044184 0.01953125 0.02936857562408223
0 0.2559846869548363 0.582112607623818 0.01953125 0.02936857562408223
0 0.26447561300639666 0.5914349529314352 0.01953125 0.02936857562408223
0 0.2640712831944176 0.5999466595166509 0.01953125 0.02936857562408223
0 0.25517602733087813 0.609269004824268 0.01953125 0.02936857562408223
0 0.2532891548749758 0.6019732563226546 0.01953125 0.02936857562408223
0 0.25018929298313636 0.6121062403526734 0.01953125 0.02936857562408223
0 0.24789809071525495 0.6171727323676827 0.01953125 0.02936857562408223
0 0.24506778203140153 0.6196046485348872 0.01953125 0.02936857562408223
0 0.2383289518317504 0.609269004824268 0.01953125 0.02936857562408223
0 0.2340161005039737 0.6143354968392775 0.01953125 0.02936857562408223
0 0.23994627107966665 0.6163620936452812 0.01953125 0.02936857562408223
0 0.2377898454157783 0.6155514549228798 0.01953125 0.02936857562408223
0 0.24223747334754803 0.6220365647020917 0.01953125 0.02936857562408223
0 0.23940716466369455 0.603797193448058 0.01953125 0.02936857562408223
0 0.2458764416553596 0.6058237902540619 0.01953125 0.02936857562408223
0 0.22229053595658077 0.6013652772808535 0.01953125 0.02936857562408223
0 0.21959500387672032 0.603797193448058 0.01953125 0.02936857562408223
0 0.217438578212832 0.6023785756838554 0.01953125 0.02936857562408223
0 0.2070607797053693 0.6013652772808535 0.01953125 0.02936857562408223
0 0.20921720536925764 0.5967041046270449 0.01953125 0.02936857562408223
0 0.21609081217290174 0.6266977373559003 0.01953125 0.02936857562408223
0 0.25638901676681536 0.6131195387556752 0.01953125 0.02936857562408223
0 0.25962365526264786 0.6096743241854689 0.01953125 0.02936857562408223
0 0.26043231488660595 0.6157541146034801 0.01953125 0.02936857562408223
0 0.22229053595658077 0.5926509110150374 0.01953125 0.02936857562408223
0 0.23509431333591788 0.5942721884598404 0.01953125 0.02936857562408223
0 0.19951328988176006 0.6234551824662943 0.01953125 0.02936857562408223
0 0.19951328988176006 0.6234551824662943 0.01953125 0.02936857562408223
0 0.1832053207986044 0.6082557064212663 0.01953125 0.02936857562408223
0 0.1832053207986044 0.6082557064212663 0.01953125 0.02936857562408223
0 0.18522696985849973 0.5926509110150374 0.01953125 0.02936857562408223
0 0.186979065710409 0.5892056964448311 0.01953125 0.02936857562408223
0 0.1857660762744718 0.5845445237910225 0.01953125 0.02936857562408223
0 0.2720231028300058 0.585861811714925 0.01953125 0.02936857562408223
0 0.2757968477418104 0.585861811714925 0.01953125 0.02936857562408223
0 0.28334433756541966 0.582619256825319 0.01953125 0.02936857562408223
0 0.3030217217484009 0.5789713825745123 0.01953125 0.02936857562408223
0 0.2984393172126381 0.5842405342701221 0.01953125 0.02936857562408223
0 0.30760412628416356 0.5805926600193153 0.01953125 0.02936857562408223
0 0.310030105156038 0.5842405342701221 0.01953125 0.02936857562408223
0 0.32377731876332616 0.5842405342701221 0.01953125 0.02936857562408223
0 0.3262032976352006 0.587483089159728 0.01953125 0.02936857562408223
0 0.3183862546036053 0.5927522408553377 0.01953125 0.02936857562408223
0 0.30787367949214967 0.5976160731897466 0.01953125 0.02936857562408223
0 0.29763065758867996 0.6847597358479073 0.01953125 0.02936857562408223
0 0.31056921157201006 0.6519288675906468 0.01953125 0.02936857562408223
0 0.3221599995154099 0.6620618516206654 0.01953125 0.02936857562408223
0 0.32674240405117266 0.6567926999250558 0.01953125 0.02936857562408223
0 0.3243164251792983 0.6353107737814162 0.01953125 0.02936857562408223
0 0.3127256372358984 0.632473538253011 0.01953125 0.02936857562408223
0 0.30760412628416356 0.624367151028996 0.01953125 0.02936857562408223
0 0.3035608281643729 0.6255831091125983 0.01953125 0.02936857562408223
0 0.2699181648575307 0.6813145212777009 0.01953125 0.02936857562408223
0 0.25913603653808887 0.685773034250909 0.01953125 0.02936857562408223
0 0.2647966539057958 0.6671283436356747 0.01953125 0.02936857562408223
0 0.2647966539057958 0.6541581240772508 0.01953125 0.02936857562408223
0 0.26722263277767017 0.6492942917428418 0.01953125 0.02936857562408223
0 0.26830084560961437 0.6432145013248306 0.01953125 0.02936857562408223
0 0.2688399520255864 0.6383506689904217 0.01953125 0.02936857562408223
0 0.26533576032176787 0.6298389624052059 0.01953125 0.02936857562408223
0 0.26830084560961437 0.5994400103151499 0.01953125 0.02936857562408223
0 0.2734223565613492 0.6051144813719604 0.01953125 0.02936857562408223
0 0.27827431430509797 0.5978187328703469 0.01953125 0.02936857562408223
0 0.2995690177359955 0.6026825652047559 0.01953125 0.02936857562408223
0 0.2947170599922467 0.6079517169003655 0.01953125 0.02936857562408223
0 0.2898651022484979 0.6079517169003655 0.01953125 0.02936857562408223
0 0.2886521128125606 0.6277110357589021 0.01953125 0.02936857562408223
0 0.2890564426245397 0.6339934858575137 0.01953125 0.02936857562408223
0 0.2941779535762745 0.6339934858575137 0.01953125 0.02936857562408223
0 0.30024290075596055 0.6354121036217162 0.01953125 0.02936857562408223
0 0.2940431769722815 0.646153066693536 0.01953125 0.02936857562408223
0 0.297008262260128 0.649395621583142 0.01953125 0.02936857562408223
0 0.27571355882923054 0.6329801874545118 0.01953125 0.02936857562408223
0 0.2800264101570072 0.6343988052187143 0.01953125 0.02936857562408223
0 0.27409623958131424 0.6386546585113222 0.01953125 0.02936857562408223
0 0.2704572712735027 0.6305482712873072 0.01953125 0.02936857562408223
0 0.272613696937391 0.622239224382692 0.01953125 0.02936857562408223
0 0.27773520788912587 0.6218339050214912 0.01953125 0.02936857562408223
0 0.27113115429346785 0.6151461355616789 0.01953125 0.02936857562408223
0 0.26951383504555154 0.6054184708928609 0.01953125 0.02936857562408223
0 0.28770867658460947 0.6179833710900842 0.01953125 0.02936857562408223
0 0.2829914954448537 0.6147408162004782 0.01953125 0.02936857562408223
0 0.28137417619693744 0.6100796435466695 0.01953125 0.02936857562408223
0 0.28460881469276994 0.6104849629078702 0.01953125 0.02936857562408223
0 0.27760043128513284 0.6072424080182643 0.01953125 0.02936857562408223
0 0.28204805921690257 0.6046078321704594 0.01953125 0.02936857562408223
0 0.29566049622019774 0.6151461355616789 0.01953125 0.02936857562408223
0 0.2990299113200234 0.6131195387556752 0.01953125 0.02936857562408223
0 0.297143038864121 0.6117009209914724 0.01953125 0.02936857562408223
0 0.3009167837759256 0.6137275177974763 0.01953125 0.02936857562408223
0 0.30293843283582095 0.6131195387556752 0.01953125 0.02936857562408223
0 0.3048253052917233 0.610890282269071 0.01953125 0.02936857562408223
0 0.3068469543516186 0.6187940098124856 0.01953125 0.02936857562408223
0 0.29862558150804425 0.6196046485348871 0.01953125 0.02936857562408223
0 0.3075208373715837 0.6414918940397274 0.01953125 0.02936857562408223
0 0.3048253052917233 0.6471663650965379 0.01953125 0.02936857562408223
0 0.3204593913549138 0.6277110357589021 0.01953125 0.02936857562408223
0 0.31749430606706736 0.6179833710900842 0.01953125 0.02936857562408223
0 0.3147987739872069 0.618996669493086 0.01953125 0.02936857562408223
0 0.3129119015313046 0.6250764599110972 0.01953125 0.02936857562408223
0 0.32153760418685795 0.6236578421468945 0.01953125 0.02936857562408223
0 0.32436791287071143 0.6273057163977013 0.01953125 0.02936857562408223
0 0.32746777476255096 0.6236578421468945 0.01953125 0.02936857562408223
0 0.333802275150223 0.6307509309679076 0.01953125 0.02936857562408223
0 0.3390585627059508 0.640681255317326 0.01953125 0.02936857562408223
0 0.3208637211668928 0.6522328571115472 0.01953125 0.02936857562408223
0 0.3129119015313046 0.6453424279711345 0.01953125 0.02936857562408223
0 0.2913476448924211 0.6161594339646808 0.01953125 0.02936857562408223
0 0.3042861988757512 0.6029865547256564 0.01953125 0.02936857562408223
0 0.315472657007172 0.609269004824268 0.01953125 0.02936857562408223
0 0.3176290826710603 0.6086610257824668 0.01953125 0.02936857562408223
0 0.31682042304710223 0.6001493191972512 0.01953125 0.02936857562408223
0 0.3236940298507463 0.6003519788778516 0.01953125 0.02936857562408223
0 0.3302980834464044 0.5950828271822419 0.01953125 0.02936857562408223
0 0.334206604962202 0.5861658012358254 0.01953125 0.02936857562408223
0 0.3312415196743555 0.578870052734212 0.01953125 0.02936857562408223
0 0.3370369136460555 0.6086610257824668 0.01953125 0.02936857562408223
0 0.32921987061446023 0.6171727323676827 0.01953125 0.02936857562408223
0 0.32868076419848813 0.6202126275766882 0.01953125 0.02936857562408223
0 0.3251765724946696 0.6123089000332737 0.01953125 0.02936857562408223
0 0.3265243385345998 0.6088636854630672 0.01953125 0.02936857562408223
0 0.33218495590230673 0.6086610257824668 0.01953125 0.02936857562408223
0 0.33245450911029273 0.6046078321704594 0.01953125 0.02936857562408223
0 0.33663258383407646 0.5950828271822419 0.01953125 0.02936857562408223
0 0.3420236479937973 0.6194019888542867 0.01953125 0.02936857562408223
0 0.33730646685404153 0.624468480869296 0.01953125 0.02936857562408223
0 0.33488048798216713 0.6187940098124856 0.01953125 0.02936857562408223
0 0.33784557327001363 0.6145381565198778 0.01953125 0.02936857562408223
0 0.3395976691219229 0.6321695487321102 0.01953125 0.02936857562408223
0 0.3147987739872069 0.585963141555225 0.01953125 0.02936857562408223
0 0.3313762962783486 0.6396679569143241 0.01953125 0.02936857562408223
0 0.28137417619693744 0.6575020088071569 0.01953125 0.02936857562408223
0 0.27342235656134917 0.6617578620997648 0.01953125 0.02936857562408223
0 0.2746353459972864 0.672701484852185 0.01953125 0.02936857562408223
0 0.28919121922853275 0.622239224382692 0.01953125 0.02936857562408223
0 0.28622613394068624 0.6252791195916975 0.01953125 0.02936857562408223
0 0.28285671884086067 0.6232525227856938 0.01953125 0.02936857562408223
0 0.19633013907734065 0.6603392443355621 0.01953125 0.02936857562408223
0 0.33501526458616027 0.6556780716817536 0.01953125 0.02936857562408223
0 0.3373064668540416 0.6504089199861439 0.01953125 0.02936857562408223
0 0.3440452970536927 0.6414918940397274 0.01953125 0.02936857562408223
0 0.34754948875751124 0.6331828471351121 0.01953125 0.02936857562408223
0 0.34552783969761597 0.6246711405498964 0.01953125 0.02936857562408223
0 0.34579739290560196 0.6177807114094838 0.01953125 0.02936857562408223
0 0.3441800736576857 0.6155514549228797 0.01953125 0.02936857562408223
0 0.34633649932157407 0.6084583661018665 0.01953125 0.02936857562408223
0 0.34310186082574157 0.6070397483376639 0.01953125 0.02936857562408223
0 0.34296708422174854 0.5930562303762381 0.01953125 0.02936857562408223
0 0.3462017227175811 0.5784647333730113 0.01953125 0.02936857562408223
0 0.37100061785229704 0.5707636655101971 0.01953125 0.02936857562408223
0 0.3925648744911806 0.580491330179015 0.01953125 0.02936857562408223
0 0.4087380669703432 0.5800860108178142 0.01953125 0.02936857562408223
0 0.41412913113006405 0.5806939898596153 0.01953125 0.02936857562408223
0 0.3602184895328553 0.6500036006249434 0.01953125 0.02936857562408223
0 0.35617519141306464 0.6386546585113225 0.01953125 0.02936857562408223
0 0.3579272872649739 0.6325748680933112 0.01953125 0.02936857562408223
0 0.3532101061252182 0.6315615696903094 0.01953125 0.02936857562408223
0 0.3650704472766041 0.6273057163977016 0.01953125 0.02936857562408223
0 0.36399223444465995 0.6218339050214915 0.01953125 0.02936857562408223
0 0.36250969180073667 0.6260897583140993 0.01953125 0.02936857562408223
0 0.36089237255282036 0.6157541146034803 0.01953125 0.02936857562408223
0 0.35819684047295997 0.6155514549228799 0.01953125 0.02936857562408223
0 0.35509697858112044 0.6161594339646811 0.01953125 0.02936857562408223
0 0.3511884570653228 0.6141328371586773 0.01953125 0.02936857562408223
0 0.3532101061252182 0.6119035806720732 0.01953125 0.02936857562408223
0 0.3468756057375461 0.5979200627106475 0.01953125 0.02936857562408223
0 0.3532101061252182 0.5934615497374393 0.01953125 0.02936857562408223
0 0.35240144650126004 0.6007572982390526 0.01953125 0.02936857562408223
0 0.35819684047295997 0.5885977174030302 0.01953125 0.02936857562408223
0 0.3633183514246948 0.5885977174030302 0.01953125 0.02936857562408223
0 0.3718092774762552 0.5908269738896343 0.01953125 0.02936857562408223
0 0.36830508577243665 0.5888003770836305 0.01953125 0.02936857562408223
0 0.37598735220003887 0.5888003770836305 0.01953125 0.02936857562408223
0 0.39067800203527825 0.595488146543443 0.01953125 0.02936857562408223
0 0.39687772581895725 0.5906243142090339 0.01953125 0.02936857562408223
0 0.40267311979065723 0.5898136754866324 0.01953125 0.02936857562408223
0 0.4096815031982944 0.5918402722926362 0.01953125 0.02936857562408223
0 0.4177680994378757 0.592853570695638 0.01953125 0.02936857562408223
0 0.4231591635975965 0.5894083561254317 0.01953125 0.02936857562408223
0 0.43124575983717783 0.5821126076238183 0.01953125 0.02936857562408223
0 0.43744548362085683 0.5904216545284336 0.01953125 0.02936857562408223
0 0.3765264586160109 0.598730701433049 0.01953125 0.02936857562408223
0 0.3679007559604575 0.6005546385584523 0.01953125 0.02936857562408223
0 0.364261787652646 0.5997439998360508 0.01953125 0.02936857562408223
0 0.36048804274084134 0.6021759160032553 0.01953125 0.02936857562408223
0 0.36075759594882745 0.6050131515316605 0.01953125 0.02936857562408223
0 0.3573881808490018 0.6072424080182646 0.01953125 0.02936857562408223
0 0.35725340424500884 0.6114982613108724 0.01953125 0.02936857562408223
0 0.36304879821670877 0.6098769838660695 0.01953125 0.02936857562408223
0 0.3664182133165343 0.6088636854630676 0.01953125 0.02936857562408223
0 0.36978762841635987 0.605823790254062 0.01953125 0.02936857562408223
0 0.37153972426826914 0.6021759160032553 0.01953125 0.02936857562408223
0 0.3757177989920528 0.6035945337674579 0.01953125 0.02936857562408223
0 0.3786828842798993 0.6035945337674579 0.01953125 0.02936857562408223
0 0.382860959003683 0.6039998531286587 0.01953125 0.02936857562408223
0 0.3846130548555923 0.6001493191972516 0.01953125 0.02936857562408223
0 0.3895997892033341 0.599946659516651 0.01953125 0.02936857562408223
0 0.39633861940298515 0.6007572982390526 0.01953125 0.02936857562408223
0 0.3956647363830201 0.5975147433494467 0.01953125 0.02936857562408223
0 0.40065147073076185 0.6011626176002535 0.01953125 0.02936857562408223
0 0.37908721409187834 0.6735121235745867 0.01953125 0.02936857562408223
0 0.3695180752083738 0.6666216944341741 0.01953125 0.02936857562408223
0 0.36372268123667384 0.6660137153923729 0.01953125 0.02936857562408223
0 0.3623749151967437 0.6609472233773636 0.01953125 0.02936857562408223
0 0.3665529899205274 0.6514222183891459 0.01953125 0.02936857562408223
0 0.3656095536925762 0.6453424279711347 0.01953125 0.02936857562408223
0 0.37167450087226217 0.629129653523105 0.01953125 0.02936857562408223
0 0.37423525634812954 0.6343988052187146 0.01953125 0.02936857562408223
0 0.37248316049622027 0.6376413601083206 0.01953125 0.02936857562408223
0 0.37396570314014355 0.6489903022219415 0.01953125 0.02936857562408223
0 0.3804349801318086 0.6471663650965381 0.01953125 0.02936857562408223
0 0.37733511823996907 0.6607445636967633 0.01953125 0.02936857562408223
0 0.38582604429152945 0.6560833910429545 0.01953125 0.02936857562408223
0 0.3843435016476062 0.6487876425413411 0.01953125 0.02936857562408223
0 0.3947213001550689 0.6457477473323355 0.01953125 0.02936857562408223
0 0.39687772581895725 0.6520301974309471 0.01953125 0.02936857562408223
0 0.4005166941267688 0.6572993491265569 0.01953125 0.02936857562408223
0 0.4049643220585386 0.6477743441383393 0.01953125 0.02936857562408223
0 0.3978211620469084 0.6382493391501217 0.01953125 0.02936857562408223
0 0.3948560767590619 0.6364254020247184 0.01953125 0.02936857562408223
0 0.3863651507075016 0.6343988052187146 0.01953125 0.02936857562408223
0 0.38151319296375275 0.6392626375531236 0.01953125 0.02936857562408223
0 0.3823218525877109 0.6319668890515102 0.01953125 0.02936857562408223
0 0.3847478314595853 0.6269003970365008 0.01953125 0.02936857562408223
0 0.3789524374878853 0.6161594339646811 0.01953125 0.02936857562408223
0 0.37490913936809467 0.6181860307706848 0.01953125 0.02936857562408223
0 0.37113539445629007 0.6204152872572889 0.01953125 0.02936857562408223
0 0.3696528518123668 0.6143354968392777 0.01953125 0.02936857562408223
0 0.3654747770885831 0.6157541146034803 0.01953125 0.02936857562408223
0 0.36628343671254127 0.6198073082154878 0.01953125 0.02936857562408223
0 0.3860955974995155 0.6127142193944747 0.01953125 0.02936857562408223
0 0.3856912676875365 0.6062291096152628 0.01953125 0.02936857562408223
0 0.39526040657104095 0.6121062403526735 0.01953125 0.02936857562408223
0 0.3941821937390968 0.6088636854630676 0.01953125 0.02936857562408223
0 0.39593428959100607 0.6033918740868575 0.01953125 0.02936857562408223
0 0.3976863854429154 0.6039998531286587 0.01953125 0.02936857562408223
0 0.3986298216708666 0.6070397483376642 0.01953125 0.02936857562408223
0 0.4046947688505525 0.604202512809259 0.01953125 0.02936857562408223
0 0.37733511823996907 0.6277110357589023 0.01953125 0.02936857562408223
0 0.38825202316340385 0.6254817792722982 0.01953125 0.02936857562408223
0 0.3866347039154876 0.62102326629909 0.01953125 0.02936857562408223
0 0.38784769335142477 0.6169700726870825 0.01953125 0.02936857562408223
0 0.3895997892033341 0.6110929419496718 0.01953125 0.02936857562408223
0 0.41844198245784076 0.5983253820718482 0.01953125 0.02936857562408223
0 0.43124575983717783 0.6046078321704597 0.01953125 0.02936857562408223
0 0.43515428135297546 0.598730701433049 0.01953125 0.02936857562408223
0 0.4441843138205079 0.602581235364456 0.01953125 0.02936857562408223
0 0.43542383456096145 0.6674323331565756 0.01953125 0.02936857562408223
0 0.43178486625314993 0.662771160502767 0.01953125 0.02936857562408223
0 0.42329394020158956 0.658515307210159 0.01953125 0.02936857562408223
0 0.42032885491374306 0.6522328571115475 0.01953125 0.02936857562408223
0 0.42625902548943606 0.6504089199861441 0.01953125 0.02936857562408223
0 0.43124575983717783 0.6560833910429545 0.01953125 0.02936857562408223
0 0.43811936664082196 0.6518275377503469 0.01953125 0.02936857562408223
0 0.43528905795696854 0.6514222183891459 0.01953125 0.02936857562408223
0 0.43650204739290566 0.643315831165131 0.01953125 0.02936857562408223
0 0.44701462250436136 0.6674323331565756 0.01953125 0.02936857562408223
0 0.44674506929637536 0.6575020088071573 0.01953125 0.02936857562408223
0 0.44553207986043813 0.6329801874545121 0.01953125 0.02936857562408223
0 0.44607118627641024 0.6262924179946997 0.01953125 0.02936857562408223
0 0.43852369645280104 0.6301429519261068 0.01953125 0.02936857562408223
0 0.4340760685210313 0.6325748680933112 0.01953125 0.02936857562408223
0 0.43124575983717783 0.6358174229829172 0.01953125 0.02936857562408223
0 0.4265285786974221 0.6317642293709098 0.01953125 0.02936857562408223
0 0.4243721530335337 0.6374387004277202 0.01953125 0.02936857562408223
0 0.4235634934095756 0.6439238102069322 0.01953125 0.02936857562408223
0 0.4129161416941269 0.6396679569143243 0.01953125 0.02936857562408223
0 0.4172289930219036 0.6331828471351124 0.01953125 0.02936857562408223
0 0.4106249394262455 0.6331828471351124 0.01953125 0.02936857562408223
0 0.40658164130645486 0.6275083760783019 0.01953125 0.02936857562408223
0 0.4061773114944758 0.6244684808692963 0.01953125 0.02936857562408223
0 0.4018644601666991 0.6360200826635176 0.01953125 0.02936857562408223
0 0.3887911295793759 0.629129653523105 0.01953125 0.02936857562408223
0 0.39202576807520845 0.6264950776753001 0.01953125 0.02936857562408223
0 0.395125629967048 0.6189966694930863 0.01953125 0.02936857562408223
0 0.40024714091878283 0.6155514549228799 0.01953125 0.02936857562408223
0 0.4010558005427409 0.6155514549228799 0.01953125 0.02936857562408223
0 0.3545578721651484 0.6720935058103841 0.01953125 0.02936857562408223
0 0.35280577631323906 0.6382493391501217 0.01953125 0.02936857562408223
0 0.407525077534406 0.6104849629078706 0.01953125 0.02936857562408223
0 0.4024035665826711 0.6112956016302721 0.01953125 0.02936857562408223
0 0.4042904390385735 0.6147408162004784 0.01953125 0.02936857562408223
0 0.41439868433805005 0.6155514549228799 0.01953125 0.02936857562408223
0 0.4166898866059315 0.6112956016302721 0.01953125 0.02936857562408223
0 0.41884631226981983 0.6183886904512851 0.01953125 0.02936857562408223
0 0.42706768511339416 0.6250764599110975 0.01953125 0.02936857562408223
0 0.4288197809653035 0.62102326629909 0.01953125 0.02936857562408223
0 0.42598947228145 0.617172732367683 0.01953125 0.02936857562408223
0 0.4440495372165149 0.6445317892487333 0.01953125 0.02936857562408223
0 0.44755372892033346 0.6435184908457314 0.01953125 0.02936857562408223
0 0.3753134691800738 0.6119035806720732 0.01953125 0.02936857562408223
0 0.3743700329521226 0.6086610257824672 0.01953125 0.02936857562408223
0 0.3777394480519481 0.609674324185469 0.01953125 0.02936857562408223
0 0.3809740865477807 0.6127142193944747 0.01953125 0.02936857562408223
0 0.41439868433805005 0.6027838950450564 0.01953125 0.02936857562408223
0 0.41642033339794543 0.6033918740868575 0.01953125 0.02936857562408223
0 0.4157464503779803 0.5993386804748501 0.01953125 0.02936857562408223
0 0.4115683756541966 0.6098769838660695 0.01953125 0.02936857562408223
0 0.4129161416941269 0.6068370886570638 0.01953125 0.02936857562408223
0 0.4100858330102734 0.6060264499346624 0.01953125 0.02936857562408223
0 0.40779463074239203 0.6054184708928613 0.01953125 0.02936857562408223
0 0.4297632171932546 0.6443291295681329 0.01953125 0.02936857562408223
0 0.4265285786974221 0.600351978877852 0.01953125 0.02936857562408223
0 0.4421626647606126 0.6135248581168762 0.01953125 0.02936857562408223
0 0.43946713268075216 0.6212259259796904 0.01953125 0.02936857562408223
0 0.4435104308005428 0.6250764599110975 0.01953125 0.02936857562408223
0 0.43448039833301033 0.6289269938425046 0.01953125 0.02936857562408223
0 0.43313263229308013 0.62102326629909 0.01953125 0.02936857562408223
0 0.43218919606512896 0.6161594339646811 0.01953125 0.02936857562408223
0 0.43016754700523363 0.6141328371586773 0.01953125 0.02936857562408223
0 0.4277415681333593 0.6141328371586773 0.01953125 0.02936857562408223
0 0.4224852805776314 0.6169700726870825 0.01953125 0.02936857562408223
0 0.4476885055243265 0.6200099678960881 0.01953125 0.02936857562408223
0 0.44849716514828464 0.6141328371586773 0.01953125 0.02936857562408223
0 0.4483623885442916 0.6021759160032553 0.01953125 0.02936857562408223
0 0.351997116689281 0.6244684808692963 0.01953125 0.02936857562408223
0 0.3383846796859857 0.7694714823388632 0.01953125 0.02936857562408223
0 0.4914909018220588 0.7127267717707588 0.01953125 0.02936857562408223
0 0.4536186761000195 0.6548674329593518 0.01953125 0.02936857562408223
0 0.45254046326807534 0.6447344489293332 0.01953125 0.02936857562408223
0 0.4548316655359567 0.6331828471351119 0.01953125 0.02936857562408223
0 0.4530795696840474 0.6301429519261063 0.01953125 0.02936857562408223
0 0.4563142081798799 0.6279136954395022 0.01953125 0.02936857562408223
0 0.4537534527040125 0.623455182466294 0.01953125 0.02936857562408223
0 0.45024926100019397 0.6226445437438926 0.01953125 0.02936857562408223
0 0.4513274738321381 0.6106876225884704 0.01953125 0.02936857562408223
0 0.45146225043613114 0.6011626176002528 0.01953125 0.02936857562408223
0 0.46817454933126584 0.660339244335562 0.01953125 0.02936857562408223
0 0.4637269213994962 0.6577046684877571 0.01953125 0.02936857562408223
0 0.4594140700717194 0.6453424279711344 0.01953125 0.02936857562408223
0 0.4770698051948053 0.6556780716817533 0.01953125 0.02936857562408223
0 0.48165220973056805 0.6670270137953742 0.01953125 0.02936857562408223
0 0.49782540220973065 0.6607445636967626 0.01953125 0.02936857562408223
0 0.4902779123861214 0.6566913700847552 0.01953125 0.02936857562408223
0 0.4893344761581703 0.6485849828607403 0.01953125 0.02936857562408223
0 0.49499509352587723 0.6467610457353369 0.01953125 0.02936857562408223
0 0.49701674258577255 0.6414918940397272 0.01953125 0.02936857562408223
0 0.49998182787361906 0.6439238102069316 0.01953125 0.02936857562408223
0 0.5068554346772631 0.6443291295681325 0.01953125 0.02936857562408223
0 0.5086075305291724 0.6491929619025414 0.01953125 0.02936857562408223
0 0.511572615817019 0.6552727523205526 0.01953125 0.02936857562408223
0 0.512381275440977 0.6652030766699709 0.01953125 0.02936857562408223
0 0.5033512429734446 0.6664190347535731 0.01953125 0.02936857562408223
0 0.5144029245008723 0.645747747332335 0.01953125 0.02936857562408223
0 0.5187157758286491 0.6516248780697459 0.01953125 0.02936857562408223
0 0.5237025101763908 0.6485849828607403 0.01953125 0.02936857562408223
0 0.5255893826322932 0.6613525427385638 0.01953125 0.02936857562408223
0 0.5218156377204886 0.6656083960311716 0.01953125 0.02936857562408223
0 0.4695223153711961 0.6493956215831418 0.01953125 0.02936857562408223
0 0.46628767687536354 0.6396679569143239 0.01953125 0.02936857562408223
0 0.46264870856755197 0.6400732762755246 0.01953125 0.02936857562408223
0 0.46453558102345427 0.6329801874545115 0.01953125 0.02936857562408223
0 0.4665572300833496 0.6297376325649056 0.01953125 0.02936857562408223
0 0.46278348517154494 0.624063161508095 0.01953125 0.02936857562408223
0 0.4594140700717194 0.6230498631050931 0.01953125 0.02936857562408223
0 0.45577510176390784 0.6194019888542864 0.01953125 0.02936857562408223
0 0.456583761387866 0.6155514549228794 0.01953125 0.02936857562408223
0 0.4541577825159916 0.6119035806720727 0.01953125 0.02936857562408223
0 0.4542925591199846 0.607242408018264 0.01953125 0.02936857562408223
0 0.45240568666408226 0.6054184708928606 0.01953125 0.02936857562408223
0 0.4561794315758869 0.607242408018264 0.01953125 0.02936857562408223
0 0.45954884667571244 0.6011626176002528 0.01953125 0.02936857562408223
0 0.45739242101182415 0.5837338850686207 0.01953125 0.02936857562408223
0 0.46359214479550315 0.590421654528433 0.01953125 0.02936857562408223
0 0.44175833494863354 0.5912322932508346 0.01953125 0.02936857562408223
0 0.43865847305679406 0.5979200627106469 0.01953125 0.02936857562408223
0 0.438254143244815 0.61048496290787 0.01953125 0.02936857562408223
0 0.4332674088970732 0.6112956016302715 0.01953125 0.02936857562408223
0 0.437984590036829 0.6167674130064816 0.01953125 0.02936857562408223
0 0.4406801221166894 0.607242408018264 0.01953125 0.02936857562408223
0 0.4533491228920335 0.6025812353644555 0.01953125 0.02936857562408223
0 0.46062705950765664 0.6339934858575134 0.01953125 0.02936857562408223
0 0.48448251841442147 0.6291296535231043 0.01953125 0.02936857562408223
0 0.4776089116107774 0.6416945537203276 0.01953125 0.02936857562408223
0 0.4821913161465401 0.6463557263741362 0.01953125 0.02936857562408223
0 0.48178698633456113 0.6516248780697459 0.01953125 0.02936857562408223
0 0.48650416747431685 0.6396679569143239 0.01953125 0.02936857562408223
0 0.4885258165342122 0.635412103621716 0.01953125 0.02936857562408223
0 0.4820565395425471 0.6382493391501213 0.01953125 0.02936857562408223
0 0.4746438263229309 0.6260897583140987 0.01953125 0.02936857562408223
0 0.4719482942430705 0.6226445437438926 0.01953125 0.02936857562408223
0 0.46547901725140545 0.6218339050214909 0.01953125 0.02936857562408223
0 0.46830932593525887 0.612106240352673 0.01953125 0.02936857562408223
0 0.4641312512114752 0.6147408162004779 0.01953125 0.02936857562408223
0 0.45874018705175434 0.61048496290787 0.01953125 0.02936857562408223
0 0.45860541044776126 0.6177807114094835 0.01953125 0.02936857562408223
0 0.46386169800348914 0.6084583661018663 0.01953125 0.02936857562408223
0 0.46345736819151007 0.6025812353644555 0.01953125 0.02936857562408223
0 0.46884843235123097 0.5898136754866319 0.01953125 0.02936857562408223
0 0.47167874103508445 0.5851525028328233 0.01953125 0.02936857562408223
0 0.4788219010467146 0.5821126076238178 0.01953125 0.02936857562408223
0 0.4746438263229309 0.5827205866656188 0.01953125 0.02936857562408223
0 0.48165220973056805 0.5835312253880203 0.01953125 0.02936857562408223
0 0.48448251841442147 0.5813019689014163 0.01953125 0.02936857562408223
0 0.4823260927505332 0.5948801675016412 0.01953125 0.02936857562408223
0 0.4900083591781354 0.5950828271822417 0.01953125 0.02936857562408223
0 0.49270389125799585 0.5948801675016412 0.01953125 0.02936857562408223
0 0.4964776361698004 0.5827205866656188 0.01953125 0.02936857562408223
0 0.5042946792013957 0.5829232463462193 0.01953125 0.02936857562408223
0 0.5114378392130259 0.5813019689014163 0.01953125 0.02936857562408223
0 0.4727569538670286 0.6029865547256562 0.01953125 0.02936857562408223
0 0.4707353048071333 0.6082557064212659 0.01953125 0.02936857562408223
0 0.4695223153711961 0.607242408018264 0.01953125 0.02936857562408223
0 0.46642245347935657 0.6064317692958625 0.01953125 0.02936857562408223
0 0.4774741350067844 0.6025812353644555 0.01953125 0.02936857562408223
0 0.4854259546423726 0.6046078321704592 0.01953125 0.02936857562408223
0 0.4912213486140726 0.6054184708928606 0.01953125 0.02936857562408223
0 0.49270389125799585 0.5997439998360503 0.01953125 0.02936857562408223
0 0.4990383916456678 0.5898136754866319 0.01953125 0.02936857562408223
0 0.49984705126962603 0.5829232463462193 0.01953125 0.02936857562408223
0 0.5029469131614654 0.5926509110150372 0.01953125 0.02936857562408223
0 0.5021382535375074 0.5997439998360503 0.01953125 0.02936857562408223
0 0.5026773599534794 0.6039998531286581 0.01953125 0.02936857562408223
0 0.5046990090133748 0.6070397483376637 0.01953125 0.02936857562408223
0 0.49701674258577255 0.607242408018264 0.01953125 0.02936857562408223
0 0.49499509352587723 0.6060264499346618 0.01953125 0.02936857562408223
0 0.4971515191897655 0.6021759160032547 0.01953125 0.02936857562408223
0 0.4924343380500098 0.6110929419496711 0.01953125 0.02936857562408223
0 0.4968819659817795 0.6161594339646804 0.01953125 0.02936857562408223
0 0.4983645086257027 0.6194019888542864 0.01953125 0.02936857562408223
0 0.4932429976739679 0.6202126275766879 0.01953125 0.02936857562408223
0 0.4890649229501842 0.6248738002304965 0.01953125 0.02936857562408223
0 0.4890649229501842 0.6143354968392771 0.01953125 0.02936857562408223
0 0.47990011387865883 0.6127142193944741 0.01953125 0.02936857562408223
0 0.47733935840279135 0.6212259259796897 0.01953125 0.02936857562408223
0 0.4852911780383797 0.6254817792722976 0.01953125 0.02936857562408223
0 0.4900083591781354 0.6096743241854685 0.01953125 0.02936857562408223
0 0.4951298701298702 0.6254817792722976 0.01953125 0.02936857562408223
0 0.4972862957937586 0.6350067842605153 0.01953125 0.02936857562408223
0 0.5015991471215352 0.6333855068157122 0.01953125 0.02936857562408223
0 0.5024078067454935 0.6269003970365002 0.01953125 0.02936857562408223
0 0.505777221845319 0.6246711405498961 0.01953125 0.02936857562408223
0 0.5072597644892421 0.6291296535231043 0.01953125 0.02936857562408223
0 0.5044294558053888 0.635412103621716 0.01953125 0.02936857562408223
0 0.5100900731730956 0.6358174229829168 0.01953125 0.02936857562408223
0 0.512381275440977 0.6283190148007028 0.01953125 0.02936857562408223
0 0.5106291795890678 0.6246711405498961 0.01953125 0.02936857562408223
0 0.5139985946888933 0.6335881664963127 0.01953125 0.02936857562408223
0 0.518041892808684 0.6329801874545115 0.01953125 0.02936857562408223
0 0.5235677335723978 0.6289269938425041 0.01953125 0.02936857562408223
0 0.5160202437487886 0.6198073082154872 0.01953125 0.02936857562408223
0 0.5117073924210119 0.6194019888542864 0.01953125 0.02936857562408223
0 0.5130551584609421 0.6147408162004779 0.01953125 0.02936857562408223
0 0.5103596263810818 0.6133221984362752 0.01953125 0.02936857562408223
0 0.5072597644892421 0.61048496290787 0.01953125 0.02936857562408223
0 0.5020034769335143 0.6161594339646804 0.01953125 0.02936857562408223
0 0.5009252641015702 0.6119035806720727 0.01953125 0.02936857562408223
0 0.49984705126962603 0.61048496290787 0.01953125 0.02936857562408223
0 0.5064511048652841 0.6015679369614536 0.01953125 0.02936857562408223
0 0.512381275440977 0.6011626176002528 0.01953125 0.02936857562408223
0 0.5157506905408026 0.5989333611136488 0.01953125 0.02936857562408223
0 0.5219504143244816 0.5819099479432174 0.01953125 0.02936857562408223
0 0.5258589358402792 0.5804913301790148 0.01953125 0.02936857562408223
0 0.5320586596239582 0.5813019689014163 0.01953125 0.02936857562408223
0 0.5336759788718746 0.5841392044298215 0.01953125 0.02936857562408223
0 0.5363715109517349 0.5813019689014163 0.01953125 0.02936857562408223
0 0.5468840860631906 0.5792753720954125 0.01953125 0.02936857562408223
0 0.5540272460748208 0.5873817593194274 0.01953125 0.02936857562408223
0 0.5460754264392325 0.5926509110150372 0.01953125 0.02936857562408223
0 0.542706011339407 0.596906764307645 0.01953125 0.02936857562408223
0 0.5443233305873233 0.5960961255852435 0.01953125 0.02936857562408223
0 0.5424364581314208 0.6039998531286581 0.01953125 0.02936857562408223
0 0.5366410641597209 0.5999466595166507 0.01953125 0.02936857562408223
0 0.5336759788718746 0.598528041752448 0.01953125 0.02936857562408223
0 0.5294979041480907 0.6007572982390521 0.01953125 0.02936857562408223
0 0.5286892445241327 0.5973120836688457 0.01953125 0.02936857562408223
0 0.5254546060283002 0.5914349529314349 0.01953125 0.02936857562408223
0 0.5226242973444467 0.601770596642054 0.01953125 0.02936857562408223
0 0.5144029245008723 0.6054184708928606 0.01953125 0.02936857562408223
0 0.5192548822446211 0.6139301774780764 0.01953125 0.02936857562408223
0 0.5218156377204886 0.6167674130064816 0.01953125 0.02936857562408223
0 0.5192548822446211 0.6230498631050931 0.01953125 0.02936857562408223
0 0.5212765313045165 0.6090663451436674 0.01953125 0.02936857562408223
0 0.5189853290366351 0.6070397483376637 0.01953125 0.02936857562408223
0 0.5235677335723978 0.6372360407471194 0.01953125 0.02936857562408223
0 0.530306563772049 0.6425051924427291 0.01953125 0.02936857562408223
0 0.5356976279317698 0.6414918940397272 0.01953125 0.02936857562408223
0 0.5371801705756931 0.650611579666744 0.01953125 0.02936857562408223
0 0.5361019577437489 0.6589206265713593 0.01953125 0.02936857562408223
0 0.5351585215157978 0.6668243541147738 0.01953125 0.02936857562408223
0 0.543514670963365 0.664189778266969 0.01953125 0.02936857562408223
0 0.5541620226788138 0.6680403121983761 0.01953125 0.02936857562408223
0 0.549579618143051 0.6562860507235544 0.01953125 0.02936857562408223
0 0.5475579690831558 0.6534488151951492 0.01953125 0.02936857562408223
0 0.5428407879434 0.648990302221941 0.01953125 0.02936857562408223
0 0.5401452558635396 0.6416945537203276 0.01953125 0.02936857562408223
0 0.5485014053111069 0.6410865746785265 0.01953125 0.02936857562408223
0 0.549579618143051 0.6461530666935358 0.01953125 0.02936857562408223
0 0.5553750121147509 0.6378440197889205 0.01953125 0.02936857562408223
0 0.5516012672029463 0.6339934858575134 0.01953125 0.02936857562408223
0 0.5478275222911418 0.6315615696903089 0.01953125 0.02936857562408223
0 0.5416277985074628 0.6307509309679074 0.01953125 0.02936857562408223
0 0.5373149471796861 0.6275083760783015 0.01953125 0.02936857562408223
0 0.5330020958519094 0.6339934858575134 0.01953125 0.02936857562408223
0 0.5304413403760421 0.6315615696903089 0.01953125 0.02936857562408223
0 0.5269371486722234 0.6329801874545115 0.01953125 0.02936857562408223
0 0.5270719252762164 0.627305716397701 0.01953125 0.02936857562408223
0 0.5304413403760421 0.623455182466294 0.01953125 0.02936857562408223
0 0.5332716490598954 0.624063161508095 0.01953125 0.02936857562408223
0 0.5385279366156233 0.6189966694930857 0.01953125 0.02936857562408223
0 0.5423016815274279 0.6226445437438926 0.01953125 0.02936857562408223
0 0.5394713728435745 0.625076459911097 0.01953125 0.02936857562408223
0 0.5251850528203141 0.6181860307706842 0.01953125 0.02936857562408223
0 0.5273414784842024 0.605621130573461 0.01953125 0.02936857562408223
0 0.5251850528203141 0.6062291096152621 0.01953125 0.02936857562408223
0 0.5396061494475675 0.6141328371586767 0.01953125 0.02936857562408223
0 0.5400104792595465 0.6092690048242678 0.01953125 0.02936857562408223
0 0.5354280747237837 0.6078503870600652 0.01953125 0.02936857562408223
0 0.5321934362279512 0.6039998531286581 0.01953125 0.02936857562408223
0 0.5290935743361118 0.6068370886570634 0.01953125 0.02936857562408223
0 0.5344846384958326 0.6025812353644555 0.01953125 0.02936857562408223
0 0.5332716490598954 0.6155514549228794 0.01953125 0.02936857562408223
0 0.530306563772049 0.6141328371586767 0.01953125 0.02936857562408223
0 0.5273414784842024 0.6147408162004779 0.01953125 0.02936857562408223
0 0.5459406498352395 0.6062291096152621 0.01953125 0.02936857562408223
0 0.5482318521031209 0.6076477273794648 0.01953125 0.02936857562408223
0 0.5510621607869743 0.6060264499346618 0.01953125 0.02936857562408223
0 0.5502535011630162 0.6025812353644555 0.01953125 0.02936857562408223
0 0.549040511727079 0.5993386804748494 0.01953125 0.02936857562408223
0 0.5474231924791627 0.5948801675016412 0.01953125 0.02936857562408223
0 0.5563184483427022 0.6092690048242678 0.01953125 0.02936857562408223
0 0.5529490332428766 0.6133221984362752 0.01953125 0.02936857562408223
0 0.5564532249466951 0.6177807114094835 0.01953125 0.02936857562408223
0 0.5501187245590232 0.6226445437438926 0.01953125 0.02936857562408223
0 0.5472884158751697 0.6181860307706842 0.01953125 0.02936857562408223
0 0.549175288331072 0.6171727323676823 0.01953125 0.02936857562408223
0 0.5445928837953092 0.6110929419496711 0.01953125 0.02936857562408223
0 0.5472884158751697 0.6110929419496711 0.01953125 0.02936857562408223
0 0.549040511727079 0.6112956016302715 0.01953125 0.02936857562408223
0 0.5565880015506882 0.6044051724898588 0.01953125 0.02936857562408223
0 0.5537576928668348 0.5991360207942491 0.01953125 0.02936857562408223
0 0.5563184483427022 0.6311562503291082 0.01953125 0.02936857562408223
0 0.5540272460748208 0.6315615696903089 0.01953125 0.02936857562408223
0 0.5507926075789883 0.6291296535231043 0.01953125 0.02936857562408223
0 0.5635963849583254 0.6281163551201027 0.01953125 0.02936857562408223
0 0.5634616083543325 0.6493956215831419 0.01953125 0.02936857562408223
0 0.561035629482458 0.6597312652937609 0.01953125 0.02936857562408223
0 0.5685831193060673 0.6654057363505714 0.01953125 0.02936857562408223
0 0.572895970633844 0.6654057363505714 0.01953125 0.02936857562408223
0 0.579769577437488 0.6625685008221662 0.01953125 0.02936857562408223
0 0.5835433223492927 0.658109987848958 0.01953125 0.02936857562408223
0 0.5859693012211671 0.6465583860547366 0.01953125 0.02936857562408223
0 0.5772088219616206 0.653246155514549 0.01953125 0.02936857562408223
0 0.5726264174258578 0.6504089199861438 0.01953125 0.02936857562408223
0 0.5668310234541579 0.6540567942369505 0.01953125 0.02936857562408223
0 0.5652137042062417 0.6414918940397273 0.01953125 0.02936857562408223
0 0.5715482045939138 0.6410865746785266 0.01953125 0.02936857562408223
0 0.5684483427020742 0.6333855068157124 0.01953125 0.02936857562408223
0 0.5747828430897463 0.6390599778725229 0.01953125 0.02936857562408223
0 0.5768044921496417 0.6329801874545117 0.01953125 0.02936857562408223
0 0.5801739072494672 0.6341961455381139 0.01953125 0.02936857562408223
0 0.5796348008334951 0.6295349728843053 0.01953125 0.02936857562408223
0 0.5741089600697812 0.6309535906485079 0.01953125 0.02936857562408223
0 0.573704630257802 0.6254817792722979 0.01953125 0.02936857562408223
0 0.5708743215739487 0.6266977373559001 0.01953125 0.02936857562408223
0 0.567100576662144 0.6266977373559001 0.01953125 0.02936857562408223
0 0.567774459682109 0.6226445437438927 0.01953125 0.02936857562408223
0 0.5640007147703046 0.6191993291736863 0.01953125 0.02936857562408223
0 0.5629225019383604 0.6226445437438927 0.01953125 0.02936857562408223
0 0.5572618845706534 0.6256844389528982 0.01953125 0.02936857562408223
0 0.554835905698779 0.6220365647020915 0.01953125 0.02936857562408223
0 0.5592835336305488 0.614132837158677 0.01953125 0.02936857562408223
0 0.5590139804225627 0.6056211305734612 0.01953125 0.02936857562408223
0 0.5634616083543325 0.5900163351672324 0.01953125 0.02936857562408223
0 0.5688526725140534 0.5877870786806283 0.01953125 0.02936857562408223
0 0.5796348008334951 0.5898136754866321 0.01953125 0.02936857562408223
0 0.5815216732893974 0.5902189948478329 0.01953125 0.02936857562408223
0 0.591629918588874 0.5906243142090336 0.01953125 0.02936857562408223
0 0.5808477902694322 0.5701556864683959 0.01953125 0.02936857562408223
0 0.5847563117852299 0.5707636655101971 0.01953125 0.02936857562408223
0 0.5906864823609229 0.5703583461489962 0.01953125 0.02936857562408223
0 0.5952688868966856 0.5707636655101971 0.01953125 0.02936857562408223
0 0.6072640046520646 0.5729929219968011 0.01953125 0.02936857562408223
0 0.6181809095754993 0.5760328172058067 0.01953125 0.02936857562408223
0 0.6064553450281064 0.5867737802776265 0.01953125 0.02936857562408223
0 0.6270761654390388 0.5841392044298216 0.01953125 0.02936857562408223
0 0.6316585699748015 0.5841392044298216 0.01953125 0.02936857562408223
0 0.6448666771661177 0.5863684609164258 0.01953125 0.02936857562408223
0 0.6509316243458036 0.5766407962476079 0.01953125 0.02936857562408223
0 0.6557835820895525 0.5821126076238179 0.01953125 0.02936857562408223
0 0.6529532734056989 0.589205696444831 0.01953125 0.02936857562408223
0 0.6552444756735804 0.5908269738896339 0.01953125 0.02936857562408223
0 0.6568617949214965 0.5936642094180392 0.01953125 0.02936857562408223
0 0.6534923798216711 0.5950828271822418 0.01953125 0.02936857562408223
0 0.6458101133940687 0.5916376126120355 0.01953125 0.02936857562408223
0 0.6452710069780967 0.5973120836688459 0.01953125 0.02936857562408223
0 0.6432493579182014 0.5967041046270448 0.01953125 0.02936857562408223
0 0.6432493579182014 0.5993386804748496 0.01953125 0.02936857562408223
0 0.640823379046327 0.5999466595166507 0.01953125 0.02936857562408223
0 0.6357018680945922 0.5956908062240429 0.01953125 0.02936857562408223
0 0.6309846869548363 0.5956908062240429 0.01953125 0.02936857562408223
0 0.6307151337468503 0.5991360207942492 0.01953125 0.02936857562408223
0 0.62801960166699 0.6082557064212661 0.01953125 0.02936857562408223
0 0.62801960166699 0.614132837158677 0.01953125 0.02936857562408223
0 0.6254588461911225 0.6155514549228795 0.01953125 0.02936857562408223
0 0.6269413888350458 0.6206179469378889 0.01953125 0.02936857562408223
0 0.6276152718550109 0.6269003970365005 0.01953125 0.02936857562408223
0 0.6331411126187247 0.6234551824662941 0.01953125 0.02936857562408223
0 0.6330063360147317 0.6337908261769132 0.01953125 0.02936857562408223
0 0.635297538282613 0.6368307213859187 0.01953125 0.02936857562408223
0 0.5687178959100603 0.6119035806720728 0.01953125 0.02936857562408223
0 0.56737012987013 0.6121062403526732 0.01953125 0.02936857562408223
0 0.5708743215739487 0.6062291096152623 0.01953125 0.02936857562408223
0 0.5703352151579765 0.6015679369614538 0.01953125 0.02936857562408223
0 0.5726264174258578 0.5967041046270448 0.01953125 0.02936857562408223
0 0.566696246850165 0.5942721884598403 0.01953125 0.02936857562408223
0 0.5644050445822836 0.6042025128092586 0.01953125 0.02936857562408223
0 0.5745132898817602 0.62122592597969 0.01953125 0.02936857562408223
0 0.5703352151579765 0.6185913501318852 0.01953125 0.02936857562408223
0 0.5723568642178719 0.6135248581168758 0.01953125 0.02936857562408223
0 0.5747828430897463 0.6129168790750746 0.01953125 0.02936857562408223
0 0.5786913646055439 0.6149434758810783 0.01953125 0.02936857562408223
0 0.5765349389416555 0.6155514549228795 0.01953125 0.02936857562408223
0 0.57896091781353 0.6238605018274949 0.01953125 0.02936857562408223
0 0.5869127374491182 0.62122592597969 0.01953125 0.02936857562408223
0 0.5908212589649159 0.6171727323676826 0.01953125 0.02936857562408223
0 0.5945950038767205 0.6151461355616787 0.01953125 0.02936857562408223
0 0.5975600891645669 0.6175780517288832 0.01953125 0.02936857562408223
0 0.5994469616204693 0.6220365647020915 0.01953125 0.02936857562408223
0 0.5964818763326228 0.62122592597969 0.01953125 0.02936857562408223
0 0.5947297804807135 0.6222392243826919 0.01953125 0.02936857562408223
0 0.5971557593525879 0.6291296535231046 0.01953125 0.02936857562408223
0 0.5991774084124832 0.6311562503291084 0.01953125 0.02936857562408223
0 0.6002556212444274 0.6376413601083202 0.01953125 0.02936857562408223
0 0.5979644189765461 0.638046679469521 0.01953125 0.02936857562408223
0 0.5989078552044972 0.6542594539175508 0.01953125 0.02936857562408223
0 0.5949993336886995 0.6538541345563501 0.01953125 0.02936857562408223
0 0.5920342484008531 0.6629738201833669 0.01953125 0.02936857562408223
0 0.5784218113975578 0.6086610257824668 0.01953125 0.02936857562408223
0 0.5799043540414811 0.6070397483376638 0.01953125 0.02936857562408223
0 0.5786913646055439 0.6037971934480578 0.01953125 0.02936857562408223
0 0.5777479283775927 0.5987307014330485 0.01953125 0.02936857562408223
0 0.5827346627253346 0.5993386804748496 0.01953125 0.02936857562408223
0 0.5757262793176975 0.6062291096152623 0.01953125 0.02936857562408223
0 0.590956035568909 0.6023785756838553 0.01953125 0.02936857562408223
0 0.5823303329133555 0.6133221984362754 0.01953125 0.02936857562408223
0 0.6072640046520646 0.6252791195916975 0.01953125 0.02936857562408223
0 0.604164142760225 0.622847203424493 0.01953125 0.02936857562408223
0 0.6064553450281064 0.6200099678960878 0.01953125 0.02936857562408223
0 0.6055119088001553 0.6084583661018665 0.01953125 0.02936857562408223
0 0.5997165148284553 0.6039998531286582 0.01953125 0.02936857562408223
0 0.5994469616204693 0.5971094239882456 0.01953125 0.02936857562408223
0 0.5925733548168252 0.5967041046270448 0.01953125 0.02936857562408223
0 0.6103638665439041 0.5900163351672324 0.01953125 0.02936857562408223
0 0.6051075789881761 0.6526381764727479 0.01953125 0.02936857562408223
0 0.6134637284357435 0.6489903022219411 0.01953125 0.02936857562408223
0 0.6183156861794923 0.6585153072101588 0.01953125 0.02936857562408223
0 0.6052423555921692 0.6858743640912092 0.01953125 0.02936857562408223
0 0.6056466854041482 0.6451397682905341 0.01953125 0.02936857562408223
0 0.604164142760225 0.631561569690309 0.01953125 0.02936857562408223
0 0.6152158242876529 0.6319668890515098 0.01953125 0.02936857562408223
0 0.6145419412676877 0.6425051924427292 0.01953125 0.02936857562408223
0 0.6249197397751504 0.6572993491265564 0.01953125 0.02936857562408223
0 0.622628537507269 0.6423025327621288 0.01953125 0.02936857562408223
0 0.6235719737352202 0.6354121036217161 0.01953125 0.02936857562408223
0 0.6154853774956388 0.6183886904512848 0.01953125 0.02936857562408223
0 0.6176418031595273 0.614132837158677 0.01953125 0.02936857562408223
0 0.6140028348517157 0.6096743241854686 0.01953125 0.02936857562408223
0 0.621819877883311 0.6086610257824668 0.01953125 0.02936857562408223
0 0.621819877883311 0.6037971934480578 0.01953125 0.02936857562408223
0 0.621819877883311 0.5997439998360503 0.01953125 0.02936857562408223
0 0.6257283993991085 0.6005546385584519 0.01953125 0.02936857562408223
0 0.6169679201395621 0.5938668690986395 0.01953125 0.02936857562408223
0 0.6099595367319249 0.5997439998360503 0.01953125 0.02936857562408223
0 0.6096899835239389 0.6039998531286582 0.01953125 0.02936857562408223
0 0.6126550688117854 0.5999466595166507 0.01953125 0.02936857562408223
0 0.5964818763326228 0.6039998531286582 0.01953125 0.02936857562408223
0 0.5843519819732508 0.617983371090084 0.01953125 0.02936857562408223
0 0.5875866204690833 0.6066344289764631 0.01953125 0.02936857562408223
0 0.585430194805195 0.6019732563226545 0.01953125 0.02936857562408223
0 0.5863736310331461 0.5885977174030298 0.01953125 0.02936857562408223
0 0.5865084076371392 0.5973120836688459 0.01953125 0.02936857562408223
0 0.6013338340763716 0.6100796435466694 0.01953125 0.02936857562408223
0 0.6189895691994574 0.6169700726870821 0.01953125 0.02936857562408223
0 0.6184504627834854 0.6285216744813034 0.01953125 0.02936857562408223
0 0.6278848250629969 0.6437211505263314 0.01953125 0.02936857562408223
0 0.634758431866641 0.64838232318014 0.01953125 0.02936857562408223
0 0.634084548846676 0.6639871185863688 0.01953125 0.02936857562408223
0 0.6406886024423339 0.6522328571115471 0.01953125 0.02936857562408223
0 0.6448666771661177 0.6447344489293333 0.01953125 0.02936857562408223
0 0.6396103896103899 0.6404785956367254 0.01953125 0.02936857562408223
0 0.6462144432060478 0.6390599778725229 0.01953125 0.02936857562408223
0 0.6462144432060478 0.6333855068157124 0.01953125 0.02936857562408223
0 0.6503925179298315 0.6305482712873072 0.01953125 0.02936857562408223
0 0.6414972620662921 0.62122592597969 0.01953125 0.02936857562408223
0 0.6374539639465014 0.6220365647020915 0.01953125 0.02936857562408223
0 0.6383974001744527 0.614132837158677 0.01953125 0.02936857562408223
0 0.6355670914905991 0.6149434758810783 0.01953125 0.02936857562408223
0 0.6378582937584805 0.6096743241854686 0.01953125 0.02936857562408223
0 0.635297538282613 0.6090663451436675 0.01953125 0.02936857562408223
0 0.6379930703624735 0.6033918740868572 0.01953125 0.02936857562408223
0 0.634488878658655 0.6019732563226545 0.01953125 0.02936857562408223
0 0.6303108039348713 0.6023785756838553 0.01953125 0.02936857562408223
0 0.6503925179298315 0.6035945337674575 0.01953125 0.02936857562408223
0 0.6521446137817408 0.6070397483376638 0.01953125 0.02936857562408223
0 0.6552444756735804 0.6019732563226545 0.01953125 0.02936857562408223
0 0.6579400077534407 0.6001493191972511 0.01953125 0.02936857562408223
0 0.659018220585385 0.6068370886570635 0.01953125 0.02936857562408223
0 0.659018220585385 0.6149434758810783 0.01953125 0.02936857562408223
0 0.6576704545454547 0.6155514549228795 0.01953125 0.02936857562408223
0 0.6618485292692384 0.6155514549228795 0.01953125 0.02936857562408223
0 0.6576704545454547 0.6252791195916975 0.01953125 0.02936857562408223
0 0.6609050930412872 0.6262924179946994 0.01953125 0.02936857562408223
0 0.6609050930412872 0.62122592597969 0.01953125 0.02936857562408223
0 0.6518750605737548 0.6183886904512848 0.01953125 0.02936857562408223
0 0.6487751986819154 0.6175780517288832 0.01953125 0.02936857562408223
0 0.6503925179298315 0.6078503870600652 0.01953125 0.02936857562408223
0 0.6474274326419851 0.6112956016302717 0.01953125 0.02936857562408223
0 0.6454057835820898 0.6169700726870821 0.01953125 0.02936857562408223
0 0.6423059216902502 0.6090663451436675 0.01953125 0.02936857562408223
0 0.6402842726303549 0.6090663451436675 0.01953125 0.02936857562408223
0 0.6417668152742781 0.616362093645281 0.01953125 0.02936857562408223
0 0.6437884643341735 0.6185913501318852 0.01953125 0.02936857562408223
0 0.6400147194223688 0.6165647533258813 0.01953125 0.02936857562408223
0 0.6490447518899013 0.624468480869296 0.01953125 0.02936857562408223
0 0.6623876356852105 0.639667956914324 0.01953125 0.02936857562408223
0 0.6636006251211477 0.6467610457353371 0.01953125 0.02936857562408223
0 0.665757050785036 0.6439238102069318 0.01953125 0.02936857562408223
0 0.653222826613685 0.6410865746785266 0.01953125 0.02936857562408223
0 0.6568617949214965 0.6358174229829169 0.01953125 0.02936857562408223
0 0.6436536877301804 0.6358174229829169 0.01953125 0.02936857562408223
0 0.6402842726303549 0.6301429519261065 0.01953125 0.02936857562408223
0 0.6312542401628225 0.6305482712873072 0.01953125 0.02936857562408223
0 0.6284239314789689 0.6362227423441177 0.01953125 0.02936857562408223
0 0.6099595367319249 0.6198073082154874 0.01953125 0.02936857562408223
0 0.6107681963558832 0.6149434758810783 0.01953125 0.02936857562408223
0 0.6068596748400855 0.6161594339646806 0.01953125 0.02936857562408223
0 0.5933820144407832 0.6362227423441177 0.01953125 0.02936857562408223
0 0.5870475140531113 0.6262924179946994 0.01953125 0.02936857562408223
0 0.5870475140531113 0.6323722084127106 0.01953125 0.02936857562408223
0 0.5861040778251602 0.6390599778725229 0.01953125 0.02936857562408223
0 0.5583400974025976 0.6474703546174384 0.01953125 0.02936857562408223
0 0.5653484808102348 0.7224544364395767 0.01953125 0.02936857562408223
0 0.6011990574723786 0.7354246559980007 0.01953125 0.02936857562408223
0 0.6162940371195971 0.7228597558007773 0.01953125 0.02936857562408223
0 0.6268066122310527 0.6900288875435169 0.01953125 0.02936857562408223
0 0.7184547029463075 0.6839490971255058 0.01953125 0.02936857562408223
0 0.7033597232990891 0.7163746460215654 0.01953125 0.02936857562408223
0 0.6906907225237451 0.7094842168811528 0.01953125 0.02936857562408223
0 0.6820650198681916 0.712321452409558 0.01953125 0.02936857562408223
0 0.6815259134522196 0.6880022907375132 0.01953125 0.02936857562408223
0 0.6909602757317311 0.6782746260686953 0.01953125 0.02936857562408223
0 0.6707437851327779 0.680301222874699 0.01953125 0.02936857562408223
0 0.6507968477418106 0.6644937677878698 0.01953125 0.02936857562408223
0 0.6521446137817408 0.6547661031190519 0.01953125 0.02936857562408223
0 0.6464839964140339 0.6588192967310593 0.01953125 0.02936857562408223
0 0.677752168540415 0.6576033386474571 0.01953125 0.02936857562408223
0 0.6893429564838148 0.6604405741758623 0.01953125 0.02936857562408223
0 0.7103681067067263 0.6608458935370631 0.01953125 0.02936857562408223
0 0.7114463195386704 0.6693576001222787 0.01953125 0.02936857562408223
0 0.7168373836983913 0.6604405741758623 0.01953125 0.02936857562408223
0 0.7127940855786007 0.6531448256742489 0.01953125 0.02936857562408223
0 0.7047074893390194 0.6527395063130481 0.01953125 0.02936857562408223
0 0.7071334682108938 0.6462543965338363 0.01953125 0.02936857562408223
0 0.7063248085869356 0.638553328671022 0.01953125 0.02936857562408223
0 0.7041683829230472 0.6349054544202153 0.01953125 0.02936857562408223
0 0.6974295527233961 0.6349054544202153 0.01953125 0.02936857562408223
0 0.6941949142275636 0.6332841769754123 0.01953125 0.02936857562408223
0 0.6971599995154101 0.6292309833634049 0.01953125 0.02936857562408223
0 0.6955426802674939 0.6247724703901966 0.01953125 0.02936857562408223
0 0.7012032976352008 0.6243671510289959 0.01953125 0.02936857562408223
0 0.6885342968598567 0.6272043865574011 0.01953125 0.02936857562408223
0 0.6852996583640242 0.6340948156978138 0.01953125 0.02936857562408223
0 0.6788303813723591 0.6381480093098213 0.01953125 0.02936857562408223
0 0.6753261896685406 0.6413905641994273 0.01953125 0.02936857562408223
0 0.6772130621244429 0.6494969514234422 0.01953125 0.02936857562408223
0 0.6861083179879823 0.6454437578114347 0.01953125 0.02936857562408223
0 0.6928471481876335 0.6454437578114347 0.01953125 0.02936857562408223
0 0.690151616107773 0.6340948156978138 0.01953125 0.02936857562408223
0 0.6914993821477032 0.6255831091125982 0.01953125 0.02936857562408223
0 0.6885342968598567 0.6158554444437802 0.01953125 0.02936857562408223
0 0.684490998740066 0.6158554444437802 0.01953125 0.02936857562408223
0 0.68422144553208 0.6211245961393899 0.01953125 0.02936857562408223
0 0.6799085942043034 0.6235565123065944 0.01953125 0.02936857562408223
0 0.6729002107966662 0.6349054544202153 0.01953125 0.02936857562408223
0 0.6669700402209734 0.6362227423441175 0.01953125 0.02936857562408223
0 0.6760000726885058 0.6341961455381137 0.01953125 0.02936857562408223
0 0.6777521685404152 0.6297376325649056 0.01953125 0.02936857562408223
0 0.6708785617367711 0.6264950776752995 0.01953125 0.02936857562408223
0 0.6687221360728828 0.6135248581168756 0.01953125 0.02936857562408223
0 0.6660266039930223 0.6108902822690708 0.01953125 0.02936857562408223
0 0.6700699021128129 0.6094716645048681 0.01953125 0.02936857562408223
0 0.6696655723008339 0.6042025128092584 0.01953125 0.02936857562408223
0 0.675865296084513 0.608863685463067 0.01953125 0.02936857562408223
0 0.6746523066485757 0.6125115597138737 0.01953125 0.02936857562408223
0 0.6805824772242687 0.6135248581168756 0.01953125 0.02936857562408223
0 0.6786956047683663 0.6163620936452808 0.01953125 0.02936857562408223
0 0.6813911368482267 0.6098769838660689 0.01953125 0.02936857562408223
0 0.6815259134522198 0.60501315153166 0.01953125 0.02936857562408223
0 0.6792347111843384 0.6031892144062565 0.01953125 0.02936857562408223
0 0.6750566364605547 0.6023785756838551 0.01953125 0.02936857562408223
0 0.6762696258964919 0.5954881465434424 0.01953125 0.02936857562408223
0 0.6733045406086454 0.5967041046270446 0.01953125 0.02936857562408223
0 0.6708785617367711 0.5967041046270446 0.01953125 0.02936857562408223
0 0.6688569126768757 0.6003519788778513 0.01953125 0.02936857562408223
0 0.6662961572010083 0.595285486862842 0.01953125 0.02936857562408223
0 0.6662961572010083 0.5918402722926357 0.01953125 0.02936857562408223
0 0.663870178329134 0.5926509110150372 0.01953125 0.02936857562408223
0 0.6693960190928478 0.58880037708363 0.01953125 0.02936857562408223
0 0.6745175300445827 0.5863684609164256 0.01953125 0.02936857562408223
0 0.6780217217484013 0.584949843152223 0.01953125 0.02936857562408223
0 0.6821997964721849 0.5847471834716226 0.01953125 0.02936857562408223
0 0.6858387647799965 0.5906243142090334 0.01953125 0.02936857562408223
0 0.6844909987400662 0.5932588900568383 0.01953125 0.02936857562408223
0 0.6789651579763524 0.5932588900568383 0.01953125 0.02936857562408223
0 0.6929819247916267 0.5821126076238178 0.01953125 0.02936857562408223
0 0.6979686591393685 0.5810993092208159 0.01953125 0.02936857562408223
0 0.7098290002907544 0.6305482712873071 0.01953125 0.02936857562408223
0 0.7044379361310334 0.6291296535231043 0.01953125 0.02936857562408223
0 0.7024162870711382 0.6165647533258812 0.01953125 0.02936857562408223
0 0.6985077655553406 0.6155514549228794 0.01953125 0.02936857562408223
0 0.6967556697034313 0.6187940098124853 0.01953125 0.02936857562408223
0 0.6933862546036057 0.6123089000332733 0.01953125 0.02936857562408223
0 0.6916341587516964 0.6037971934480577 0.01953125 0.02936857562408223
0 0.6885342968598569 0.5975147433494461 0.01953125 0.02936857562408223
0 0.6933862546036057 0.5995413401554498 0.01953125 0.02936857562408223
0 0.6948687972475289 0.6009599579196524 0.01953125 0.02936857562408223
0 0.695407903663501 0.5975147433494461 0.01953125 0.02936857562408223
0 0.6936558078115918 0.5946775078210409 0.01953125 0.02936857562408223
0 0.6917689353556894 0.5946775078210409 0.01953125 0.02936857562408223
0 0.7291020546617565 0.6504089199861436 0.01953125 0.02936857562408223
0 0.7181851497383217 0.6461530666935358 0.01953125 0.02936857562408223
0 0.7141418516185312 0.6238605018274948 0.01953125 0.02936857562408223
0 0.7088855640628032 0.6177807114094834 0.01953125 0.02936857562408223
0 0.7053813723589846 0.6206179469378887 0.01953125 0.02936857562408223
0 0.7172417135103706 0.6277110357589019 0.01953125 0.02936857562408223
0 0.7229023308780774 0.6287243341619037 0.01953125 0.02936857562408223
0 0.7229023308780774 0.6196046485348868 0.01953125 0.02936857562408223
0 0.7192633625702659 0.6163620936452808 0.01953125 0.02936857562408223
0 0.7156243942624543 0.6054184708928606 0.01953125 0.02936857562408223
0 0.7187242561542938 0.6009599579196524 0.01953125 0.02936857562408223
0 0.7154896176584613 0.5975147433494461 0.01953125 0.02936857562408223
0 0.7129288621825939 0.5926509110150372 0.01953125 0.02936857562408223
0 0.7090203406667962 0.5918402722926357 0.01953125 0.02936857562408223
0 0.7049770425470057 0.5938668690986394 0.01953125 0.02936857562408223
0 0.6994512017832917 0.5930562303762379 0.01953125 0.02936857562408223
0 0.7034944999030823 0.5853551625134237 0.01953125 0.02936857562408223
0 0.7020119572591591 0.6035945337674573 0.01953125 0.02936857562408223
0 0.6995859783872846 0.6011626176002528 0.01953125 0.02936857562408223
0 0.6979686591393685 0.6080530467406655 0.01953125 0.02936857562408223
0 0.7037640531110685 0.6092690048242677 0.01953125 0.02936857562408223
0 0.7068639150029079 0.6068370886570633 0.01953125 0.02936857562408223
0 0.7056509255669707 0.613727517797476 0.01953125 0.02936857562408223
0 0.7087507874588101 0.6125115597138737 0.01953125 0.02936857562408223
0 0.7260021927699171 0.6266977373559 0.01953125 0.02936857562408223
0 0.7320671399496029 0.6198073082154872 0.01953125 0.02936857562408223
0 0.7250587565419658 0.6074450676988644 0.01953125 0.02936857562408223
0 0.7276195120178333 0.6074450676988644 0.01953125 0.02936857562408223
0 0.7286977248497775 0.6009599579196524 0.01953125 0.02936857562408223
0 0.7231718840860636 0.6009599579196524 0.01953125 0.02936857562408223
0 0.7246544267299868 0.5960961255852435 0.01953125 0.02936857562408223
0 0.7224980010660985 0.58880037708363 0.01953125 0.02936857562408223
0 0.7171069369063775 0.5817072882626169 0.01953125 0.02936857562408223
0 0.7129288621825939 0.5855578221940241 0.01953125 0.02936857562408223
0 0.7388059701492541 0.6534488151951492 0.01953125 0.02936857562408223
0 0.7346278954254704 0.6601365846549615 0.01953125 0.02936857562408223
0 0.7452752471409192 0.6526381764727477 0.01953125 0.02936857562408223
0 0.7632005354719911 0.6548674329593518 0.01953125 0.02936857562408223
0 0.7702089188796282 0.655475412001153 0.01953125 0.02936857562408223
0 0.7716914615235514 0.641897213400928 0.01953125 0.02936857562408223
0 0.7780259619112234 0.6471663650965377 0.01953125 0.02936857562408223
0 0.7654917377398724 0.6485849828607403 0.01953125 0.02936857562408223
0 0.7602354501841445 0.6433158311651306 0.01953125 0.02936857562408223
0 0.7532270667765074 0.6408839149979261 0.01953125 0.02936857562408223
0 0.7534966199844935 0.6291296535231043 0.01953125 0.02936857562408223
0 0.7485098856367517 0.6230498631050931 0.01953125 0.02936857562408223
0 0.7458143535568912 0.6210232662990894 0.01953125 0.02936857562408223
0 0.7379973105252959 0.6279136954395022 0.01953125 0.02936857562408223
0 0.7346278954254704 0.6236578421468943 0.01953125 0.02936857562408223
0 0.7296411610777286 0.6362227423441175 0.01953125 0.02936857562408223
0 0.725867416165924 0.63216954873211 0.01953125 0.02936857562408223
0 0.7219588946501263 0.6358174229829168 0.01953125 0.02936857562408223
0 0.7098290002907544 0.6362227423441175 0.01953125 0.02936857562408223
0 0.7379973105252959 0.6410865746785265 0.01953125 0.02936857562408223
0 0.7338192358015123 0.6343988052187141 0.01953125 0.02936857562408223
0 0.7398841829811983 0.6064317692958625 0.01953125 0.02936857562408223
0 0.7249239799379728 0.5794780317760129 0.01953125 0.02936857562408223
0 0.725732639561931 0.5861658012358252 0.01953125 0.02936857562408223
0 0.7304498207016867 0.590421654528433 0.01953125 0.02936857562408223
0 0.7316628101376239 0.5948801675016412 0.01953125 0.02936857562408223
0 0.7366495444853657 0.6037971934480577 0.01953125 0.02936857562408223
0 0.7339540124055053 0.6031892144062565 0.01953125 0.02936857562408223
0 0.7348974486334565 0.5991360207942491 0.01953125 0.02936857562408223
0 0.7389407467532471 0.5940695287792398 0.01953125 0.02936857562408223
0 0.745005693932933 0.5892056964448308 0.01953125 0.02936857562408223
0 0.7421753852490797 0.5894083561254312 0.01953125 0.02936857562408223
0 0.7580790245202562 0.5774514349700091 0.01953125 0.02936857562408223
0 0.7524184071525494 0.5776540946506095 0.01953125 0.02936857562408223
0 0.7598311203721654 0.5847471834716226 0.01953125 0.02936857562408223
0 0.7669742803837956 0.584949843152223 0.01953125 0.02936857562408223
0 0.7792389513471607 0.560022702438377 0.01953125 0.02936857562408223
0 0.7761390894553211 0.6019732563226543 0.01953125 0.02936857562408223
0 0.7489142154487307 0.6123089000332733 0.01953125 0.02936857562408223
0 0.7516097475285912 0.6074450676988644 0.01953125 0.02936857562408223
0 0.7518793007365772 0.5989333611136488 0.01953125 0.02936857562408223
0 0.7491837686567169 0.5967041046270446 0.01953125 0.02936857562408223
0 0.7458143535568912 0.5997439998360502 0.01953125 0.02936857562408223
0 0.7583485777282423 0.595285486862842 0.01953125 0.02936857562408223
0 0.7580790245202562 0.6009599579196524 0.01953125 0.02936857562408223
0 0.7580790245202562 0.60501315153166 0.01953125 0.02936857562408223
0 0.7615832162240748 0.6082557064212659 0.01953125 0.02936857562408223
0 0.7610441098081027 0.6019732563226543 0.01953125 0.02936857562408223
0 0.7653569611358795 0.596906764307645 0.01953125 0.02936857562408223
0 0.768726376235705 0.6106876225884704 0.01953125 0.02936857562408223
0 0.7638744184919561 0.6131195387556749 0.01953125 0.02936857562408223
0 0.7610441098081027 0.6145381565198775 0.01953125 0.02936857562408223
0 0.7575399181042841 0.6277110357589019 0.01953125 0.02936857562408223
0 0.7594267905601865 0.6329801874545115 0.01953125 0.02936857562408223
0 0.7669742803837956 0.6273057163977009 0.01953125 0.02936857562408223
0 0.7594267905601865 0.6500036006249428 0.01953125 0.02936857562408223
0 0.7743869936034119 0.6307509309679074 0.01953125 0.02936857562408223
0 0.7796432811591397 0.6281163551201024 0.01953125 0.02936857562408223
0 0.7851691219228536 0.6309535906485078 0.01953125 0.02936857562408223
0 0.7805867173870908 0.6198073082154872 0.01953125 0.02936857562408223
0 0.7706132486916072 0.6198073082154872 0.01953125 0.02936857562408223
0 0.7661656207598375 0.6167674130064815 0.01953125 0.02936857562408223
0 0.757000811688312 0.6181860307706842 0.01953125 0.02936857562408223
0 0.7739826637914328 0.6092690048242677 0.01953125 0.02936857562408223
0 0.7832822494669512 0.6108902822690708 0.01953125 0.02936857562408223
0 0.7792389513471607 0.6098769838660689 0.01953125 0.02936857562408223
0 0.781395377011049 0.6015679369614536 0.01953125 0.02936857562408223
0 0.7773520788912582 0.5958934659046431 0.01953125 0.02936857562408223
0 0.781395377011049 0.5918402722926357 0.01953125 0.02936857562408223
0 0.7827431430509793 0.5954881465434424 0.01953125 0.02936857562408223
0 0.7830126962589653 0.5879897383612286 0.01953125 0.02936857562408223
0 0.7805867173870908 0.5774514349700091 0.01953125 0.02936857562408223
0 0.7834170260709443 0.5792753720954125 0.01953125 0.02936857562408223
0 0.7552487158364027 0.5948801675016412 0.01953125 0.02936857562408223
0 0.7389407467532471 0.6118022508317724 0.01953125 0.02936857562408223
0 0.732201916553596 0.6130182089153747 0.01953125 0.02936857562408223
0 0.7340887890094984 0.6109916121093709 0.01953125 0.02936857562408223
0 0.7893471966466373 0.6515235482294457 0.01953125 0.02936857562408223
0 0.7915036223105255 0.668546961399877 0.01953125 0.02936857562408223
0 0.8049812827098278 0.6555767418414532 0.01953125 0.02936857562408223
0 0.7971642396782325 0.6442277997278322 0.01953125 0.02936857562408223
0 0.7888080902306652 0.6381480093098211 0.01953125 0.02936857562408223
0 0.7923122819344838 0.6280150252798024 0.01953125 0.02936857562408223
0 0.7982424525101767 0.6263937478349993 0.01953125 0.02936857562408223
0 0.7915036223105255 0.6195033186945866 0.01953125 0.02936857562408223
0 0.7879994306067071 0.6215299155005903 0.01953125 0.02936857562408223
0 0.7888080902306652 0.6130182089153747 0.01953125 0.02936857562408223
0 0.7917731755185117 0.604506502330159 0.01953125 0.02936857562408223
0 0.7944687075983722 0.6073437378585642 0.01953125 0.02936857562408223
0 0.7909645158945535 0.59964266999575 0.01953125 0.02936857562408223
0 0.7928513883504558 0.59964266999575 0.01953125 0.02936857562408223
0 0.7470273429928284 0.6758427099014905 0.01953125 0.02936857562408223
0 0.8287019650125996 0.6730054743730852 0.01953125 0.02936857562408223
0 0.8300497310525299 0.6961086779615279 0.01953125 0.02936857562408223
0 0.8424491786198879 0.7001618715735353 0.01953125 0.02936857562408223
0 0.8405623061639856 0.64301184164423 0.01953125 0.02936857562408223
0 0.830588837468502 0.6450384384502338 0.01953125 0.02936857562408223
0 0.8340930291723206 0.6373373705874195 0.01953125 0.02936857562408223
0 0.8300497310525299 0.6267990671962002 0.01953125 0.02936857562408223
0 0.8260064329327392 0.6288256640022039 0.01953125 0.02936857562408223
0 0.8227717944369066 0.6385533286710217 0.01953125 0.02936857562408223
0 0.8157634110292695 0.6458490771726352 0.01953125 0.02936857562408223
0 0.818728496317116 0.6535501450354494 0.01953125 0.02936857562408223
0 0.8238500072688508 0.6531448256742487 0.01953125 0.02936857562408223
0 0.7963555800542744 0.6336894963366128 0.01953125 0.02936857562408223
0 0.8041726230858697 0.6353107737814158 0.01953125 0.02936857562408223
0 0.8092941340376045 0.6393639673934233 0.01953125 0.02936857562408223
0 0.8141460917813533 0.6393639673934233 0.01953125 0.02936857562408223
0 0.8111810064935068 0.6259884284737987 0.01953125 0.02936857562408223
0 0.8055203891257999 0.622340554222992 0.01953125 0.02936857562408223
0 0.818728496317116 0.6211245961393896 0.01953125 0.02936857562408223
0 0.8117201129094789 0.6203139574169881 0.01953125 0.02936857562408223
0 0.8338234759643345 0.6126128895541739 0.01953125 0.02936857562408223
0 0.8389449869160693 0.6146394863601776 0.01953125 0.02936857562408223
0 0.8411014125799577 0.6235565123065941 0.01953125 0.02936857562408223
0 0.8375972208761391 0.6336894963366128 0.01953125 0.02936857562408223
0 0.8427187318278738 0.6336894963366128 0.01953125 0.02936857562408223
0 0.8459533703237064 0.622340554222992 0.01953125 0.02936857562408223
0 0.8446056042837763 0.6109916121093709 0.01953125 0.02936857562408223
0 0.8481097959875948 0.6126128895541739 0.01953125 0.02936857562408223
0 0.8437969446598181 0.5959947957449433 0.01953125 0.02936857562408223
0 0.8181893899011439 0.5728915921565008 0.01953125 0.02936857562408223
0 0.8133374321573952 0.5773501051297089 0.01953125 0.02936857562408223
0 0.7985120057181627 0.574107550240103 0.01953125 0.02936857562408223
0 0.7974337928862185 0.5753235083237053 0.01953125 0.02936857562408223
0 0.7947382608063581 0.574107550240103 0.01953125 0.02936857562408223
0 0.7888080902306652 0.5745128696013038 0.01953125 0.02936857562408223
0 0.7917731755185117 0.5866724504373262 0.01953125 0.02936857562408223
0 0.7879994306067071 0.5899150053269321 0.01953125 0.02936857562408223
0 0.800129324966079 0.5895096859657314 0.01953125 0.02936857562408223
0 0.7968946864702465 0.5907256440493336 0.01953125 0.02936857562408223
0 0.8022857506299674 0.5842405342701217 0.01953125 0.02936857562408223
0 0.8057899423337859 0.5870777697985268 0.01953125 0.02936857562408223
0 0.8173807302771858 0.5895096859657314 0.01953125 0.02936857562408223
0 0.8127983257414231 0.5943735183001403 0.01953125 0.02936857562408223
0 0.8095636872455906 0.5984267119121478 0.01953125 0.02936857562408223
0 0.811989666117465 0.59964266999575 0.01953125 0.02936857562408223
0 0.8092941340376045 0.6032905442465568 0.01953125 0.02936857562408223
0 0.8044421762938557 0.6024799055241553 0.01953125 0.02936857562408223
0 0.8017466442139952 0.6024799055241553 0.01953125 0.02936857562408223
0 0.7990511121341349 0.606127779774962 0.01953125 0.02936857562408223
0 0.8028248570459395 0.6101809733869695 0.01953125 0.02936857562408223
0 0.8098332404535766 0.6118022508317724 0.01953125 0.02936857562408223
0 0.8173807302771858 0.6146394863601776 0.01953125 0.02936857562408223
0 0.8133374321573952 0.6138288476377762 0.01953125 0.02936857562408223
0 0.8149547514053114 0.6146394863601776 0.01953125 0.02936857562408223
0 0.8284324118046137 0.6089650153033672 0.01953125 0.02936857562408223
0 0.8287019650125996 0.5854564923537239 0.01953125 0.02936857562408223
0 0.8206153687730183 0.5822139374641179 0.01953125 0.02936857562408223
0 0.8222326880209346 0.5745128696013038 0.01953125 0.02936857562408223
0 0.8303192842605159 0.5769447857685082 0.01953125 0.02936857562408223
0 0.8260064329327392 0.5745128696013038 0.01953125 0.02936857562408223
0 0.843257838243846 0.5724862727953 0.01953125 0.02936857562408223
0 0.8475706895716227 0.575728827684906 0.01953125 0.02936857562408223
0 0.8478402427796088 0.5895096859657314 0.01953125 0.02936857562408223
0 0.8419100722039158 0.5753235083237053 0.01953125 0.02936857562408223
0 0.8386754337080833 0.5943735183001403 0.01953125 0.02936857562408223
0 0.8273541989726694 0.5939681989389395 0.01953125 0.02936857562408223
0 0.8200762623570462 0.5951841570225418 0.01953125 0.02936857562408223
0 0.8219631348129485 0.5907256440493336 0.01953125 0.02936857562408223
0 0.8157634110292695 0.5838352149089209 0.01953125 0.02936857562408223
0 0.8146851981973253 0.5895096859657314 0.01953125 0.02936857562408223
0 0.8287019650125996 0.6345001350590143 0.01953125 0.02936857562408223
0 0.836519008044195 0.6065330991361627 0.01953125 0.02936857562408223
0 0.8405623061639856 0.6081543765809657 0.01953125 0.02936857562408223
0 0.8114505597014928 0.5866724504373262 0.01953125 0.02936857562408223
0 0.7772173022872654 0.5882937278821292 0.01953125 0.02936857562408223
0 0.7777564087032374 0.5814032987417165 0.01953125 0.02936857562408223
0 0.7901558562705954 0.5809979793805157 0.01953125 0.02936857562408223
0 0.8357103484202367 0.5822139374641179 0.01953125 0.02936857562408223
0 0.7777564087032374 0.6373373705874195 0.01953125 0.02936857562408223
0 0.7489142154487307 0.6422012029218285 0.01953125 0.02936857562408223
0 0.7446013641209541 0.6316628995306091 0.01953125 0.02936857562408223
0 0.8241710481682496 0.6201112977363878 0.01953125 0.02936857562408223
0 0.8233623885442916 0.5998453296763505 0.01953125 0.02936857562408223
0 0.820397303256445 0.6055198007331609 0.01953125 0.02936857562408223
0 0.8519350285908122 0.5795793616163132 0.01953125 0.02936857562408223
0 0.8557087735026168 0.5820112777835176 0.01953125 0.02936857562408223
0 0.8624476037022678 0.5820112777835176 0.01953125 0.02936857562408223
0 0.8640649229501841 0.5791740422551124 0.01953125 0.02936857562408223
0 0.8624476037022678 0.5759314873655064 0.01953125 0.02936857562408223
0 0.8710733063578212 0.5767421260879079 0.01953125 0.02936857562408223
0 0.8729601788137235 0.5690410582250938 0.01953125 0.02936857562408223
0 0.8664909018220585 0.5730942518371012 0.01953125 0.02936857562408223
0 0.8694559871099049 0.5860644713955251 0.01953125 0.02936857562408223
0 0.8740383916456678 0.5820112777835176 0.01953125 0.02936857562408223
0 0.8858987327970536 0.5662038226966885 0.01953125 0.02936857562408223
0 0.8918289033727466 0.5730942518371012 0.01953125 0.02936857562408223
0 0.893985329036635 0.5597187129174765 0.01953125 0.02936857562408223
0 0.8993763931963559 0.570257016308696 0.01953125 0.02936857562408223
0 0.850587262550882 0.63754003026802 0.01953125 0.02936857562408223
0 0.8562478799185889 0.6387559883516223 0.01953125 0.02936857562408223
0 0.8557087735026168 0.6274070462380013 0.01953125 0.02936857562408223
0 0.8532827946307423 0.6188953396527856 0.01953125 0.02936857562408223
0 0.8508568157588678 0.6055198007331609 0.01953125 0.02936857562408223
0 0.8497786029269238 0.5949814973419415 0.01953125 0.02936857562408223
0 0.857865199166505 0.5949814973419415 0.01953125 0.02936857562408223
0 0.8608302844543516 0.595792136064343 0.01953125 0.02936857562408223
0 0.8637953697421981 0.5905229843687333 0.01953125 0.02936857562408223
0 0.8648735825741422 0.6018719264823542 0.01953125 0.02936857562408223
0 0.8619084972862957 0.6018719264823542 0.01953125 0.02936857562408223
0 0.8662213486140724 0.5961974554255438 0.01953125 0.02936857562408223
0 0.8708037531498352 0.597413413509146 0.01953125 0.02936857562408223
0 0.8678386678619887 0.5889017069239303 0.01953125 0.02936857562408223
0 0.8753861576855979 0.5909283037299341 0.01953125 0.02936857562408223
0 0.8718819659817794 0.5933602198971386 0.01953125 0.02936857562408223
0 0.8767339237255282 0.5966027747867445 0.01953125 0.02936857562408223
0 0.8729601788137235 0.6026825652047557 0.01953125 0.02936857562408223
0 0.8772730301415003 0.6055198007331609 0.01953125 0.02936857562408223
0 0.8826640943012211 0.6047091620107594 0.01953125 0.02936857562408223
0 0.8813163282612909 0.6091676749839677 0.01953125 0.02936857562408223
0 0.8783512429734445 0.6132208685959751 0.01953125 0.02936857562408223
0 0.8821249878852491 0.6144368266795773 0.01953125 0.02936857562408223
0 0.8891333712928862 0.6160581041243804 0.01953125 0.02936857562408223
0 0.887785605252956 0.6111942717899714 0.01953125 0.02936857562408223
0 0.8826640943012211 0.7019858086989388 0.01953125 0.02936857562408223
0 0.9020719252762162 0.6934741021137231 0.01953125 0.02936857562408223
0 0.9128540535956581 0.7036070861437418 0.01953125 0.02936857562408223
0 0.9328009909866253 0.6934741021137231 0.01953125 0.02936857562408223
0 0.9425049064741229 0.6687496210804775 0.01953125 0.02936857562408223
0 0.9287576928668346 0.6557794015220536 0.01953125 0.02936857562408223
0 0.924714394747044 0.6367293915456186 0.01953125 0.02936857562408223
0 0.9449308853459972 0.6415932238800275 0.01953125 0.02936857562408223
0 0.9346878634425275 0.6367293915456186 0.01953125 0.02936857562408223
0 0.9376529487303741 0.6274070462380013 0.01953125 0.02936857562408223
0 0.9292967992828066 0.6265964075155999 0.01953125 0.02936857562408223
0 0.9268708204109323 0.6180847009303841 0.01953125 0.02936857562408223
0 0.9080020958519092 0.621732575181191 0.01953125 0.02936857562408223
0 0.9020719252762162 0.6387559883516223 0.01953125 0.02936857562408223
0 0.9133931600116302 0.6347027947396148 0.01953125 0.02936857562408223
0 0.9174364581314207 0.6338921560172133 0.01953125 0.02936857562408223
0 0.8627171569102539 0.6586166370504589 0.01953125 0.02936857562408223
0 0.8613693908703236 0.6829357987225037 0.01953125 0.02936857562408223
0 0.8734992852296957 0.6780719663880946 0.01953125 0.02936857562408223
0 0.8637953697421981 0.7125241120901582 0.01953125 0.02936857562408223
0 0.8635258165342121 0.6444304594084327 0.01953125 0.02936857562408223
0 0.8716124127737933 0.6338921560172133 0.01953125 0.02936857562408223
0 0.8648735825741422 0.6310549204888081 0.01953125 0.02936857562408223
0 0.8681082210699749 0.6201112977363878 0.01953125 0.02936857562408223
0 0.8624476037022678 0.6148421460407782 0.01953125 0.02936857562408223
0 0.8635258165342121 0.6083570362615662 0.01953125 0.02936857562408223
0 0.8438484323512307 0.6055198007331609 0.01953125 0.02936857562408223
0 0.8333358572397751 0.597413413509146 0.01953125 0.02936857562408223
0 0.887785605252956 0.5978187328703468 0.01953125 0.02936857562408223
0 0.8813163282612909 0.5929549005359378 0.01953125 0.02936857562408223
0 0.8850900731730955 0.5889017069239303 0.01953125 0.02936857562408223
0 0.8888638180849001 0.5860644713955251 0.01953125 0.02936857562408223
0 0.8848205199651095 0.5807953196999154 0.01953125 0.02936857562408223
0 0.881585881469277 0.5824165971447184 0.01953125 0.02936857562408223
0 0.8972199675324676 0.5775527648103095 0.01953125 0.02936857562408223
0 0.9090803086838534 0.571878293753499 0.01953125 0.02936857562408223
0 0.9055761169800348 0.5791740422551124 0.01953125 0.02936857562408223
0 0.9026110316921884 0.5876857488403281 0.01953125 0.02936857562408223
0 0.9001850528203139 0.5852538326731236 0.01953125 0.02936857562408223
0 0.8966808611164954 0.5848485133119229 0.01953125 0.02936857562408223
0 0.893985329036635 0.5905229843687333 0.01953125 0.02936857562408223
0 0.9861725261678618 0.6756400502208902 0.01953125 0.02936857562408223
0 0.9907549307036247 0.661453872578864 0.01953125 0.02936857562408223
0 0.9972242076952899 0.6488889723816409 0.01953125 0.02936857562408223
0 0.9929113563675129 0.6302442817664065 0.01953125 0.02936857562408223
0 0.9425049064741229 0.63754003026802 0.01953125 0.02936857562408223
0 0.950052396297732 0.6265964075155999 0.01953125 0.02936857562408223
0 0.9454699917619692 0.6205166170975885 0.01953125 0.02936857562408223
0 0.9395398211862763 0.6168687428467818 0.01953125 0.02936857562408223
0 0.9317227781546811 0.6160581041243804 0.01953125 0.02936857562408223
0 0.9284881396588486 0.6083570362615662 0.01953125 0.02936857562408223
0 0.9214797562512114 0.6120049105123729 0.01953125 0.02936857562408223
0 0.9222884158751695 0.6083570362615662 0.01953125 0.02936857562408223
0 0.9168973517154487 0.6030878845659565 0.01953125 0.02936857562408223
0 0.912314947179686 0.6038985232883579 0.01953125 0.02936857562408223
0 0.913123606803644 0.599034690953949 0.01953125 0.02936857562408223
0 0.9101585215157976 0.595792136064343 0.01953125 0.02936857562408223
0 0.9133931600116302 0.5852538326731236 0.01953125 0.02936857562408223
0 0.9077325426439232 0.5905229843687333 0.01953125 0.02936857562408223
0 0.9136627132196161 0.5791740422551124 0.01953125 0.02936857562408223
0 0.9166277985074627 0.5791740422551124 0.01953125 0.02936857562408223
0 0.9217493094591975 0.5625559484458817 0.01953125 0.02936857562408223
0 0.9282185864508625 0.5597187129174765 0.01953125 0.02936857562408223
0 0.9252535011630161 0.5775527648103095 0.01953125 0.02936857562408223
0 0.9212102030432254 0.5775527648103095 0.01953125 0.02936857562408223
0 0.9212102030432254 0.5848485133119229 0.01953125 0.02936857562408223
0 0.924714394747044 0.5929549005359378 0.01953125 0.02936857562408223
0 0.9306445653227369 0.5909283037299341 0.01953125 0.02936857562408223
0 0.9325314377786391 0.5860644713955251 0.01953125 0.02936857562408223
0 0.9333400974025974 0.5747155292819042 0.01953125 0.02936857562408223
0 0.9336096506105834 0.568635738863893 0.01953125 0.02936857562408223
0 0.9718862061446015 0.6671283436356745 0.01953125 0.02936857562408223
0 0.9764686106803645 0.6517262079100461 0.01953125 0.02936857562408223
0 0.9664951419848807 0.6371347109068192 0.01953125 0.02936857562408223
0 0.9565216732893971 0.6205166170975885 0.01953125 0.02936857562408223
0 0.9519392687536344 0.6168687428467818 0.01953125 0.02936857562408223
0 0.9454699917619692 0.6103836330675699 0.01953125 0.02936857562408223
0 0.9478959706338437 0.6038985232883579 0.01953125 0.02936857562408223
0 0.9508610559216902 0.6095729943451684 0.01953125 0.02936857562408223
0 0.9632605034890482 0.6160581041243804 0.01953125 0.02936857562408223
0 0.9753903978484202 0.6180847009303841 0.01953125 0.02936857562408223
0 0.9713470997286296 0.6063304394555624 0.01953125 0.02936857562408223
0 0.9691906740647412 0.6002506490375513 0.01953125 0.02936857562408223
0 0.9637996099050202 0.599034690953949 0.01953125 0.02936857562408223
0 0.9805119088001549 0.6168687428467818 0.01953125 0.02936857562408223
0 0.9845552069199457 0.6103836330675699 0.01953125 0.02936857562408223
0 0.9931809095754991 0.6168687428467818 0.01953125 0.02936857562408223
0 0.9931809095754991 0.6063304394555624 0.01953125 0.02936857562408223
0 0.9974937609032758 0.6010612877599527 0.01953125 0.02936857562408223
0 0.9912940371195968 0.5949814973419415 0.01953125 0.02936857562408223
0 0.9845552069199457 0.5982240522315475 0.01953125 0.02936857562408223
0 0.9829378876720295 0.599034690953949 0.01953125 0.02936857562408223
0 0.9778163767202946 0.6026825652047557 0.01953125 0.02936857562408223
0 0.9778163767202946 0.6026825652047557 0.01953125 0.02936857562408223
0 0.9794336959682108 0.595792136064343 0.01953125 0.02936857562408223
0 0.9745817382244619 0.5966027747867445 0.01953125 0.02936857562408223
0 0.9745817382244619 0.5905229843687333 0.01953125 0.02936857562408223
0 0.9705384401046715 0.5860644713955251 0.01953125 0.02936857562408223
0 0.9686515676487691 0.5949814973419415 0.01953125 0.02936857562408223
0 0.9656864823609226 0.5905229843687333 0.01953125 0.02936857562408223
0 0.9605649714091877 0.5905229843687333 0.01953125 0.02936857562408223
0 0.9616431842411318 0.5848485133119229 0.01953125 0.02936857562408223
0 0.9621822906571041 0.575120848643105 0.01953125 0.02936857562408223
0 0.9584085457452995 0.5666091420578893 0.01953125 0.02936857562408223
0 0.9532870347935645 0.5645825452518856 0.01953125 0.02936857562408223
0 0.9441222257220391 0.5576921161114728 0.01953125 0.02936857562408223
0 0.9505915027137042 0.58322723586712 0.01953125 0.02936857562408223
0 0.9462786513859274 0.5820112777835176 0.01953125 0.02936857562408223
0 0.9408875872262066 0.5787687228939117 0.01953125 0.02936857562408223
0 0.9363051826904438 0.5775527648103095 0.01953125 0.02936857562408223
0 0.9406180340182205 0.5917389424523355 0.01953125 0.02936857562408223
0 0.937383395522388 0.5966027747867445 0.01953125 0.02936857562408223
0 0.9298359056987788 0.599034690953949 0.01953125 0.02936857562408223
0 0.9452004385539833 0.5961974554255438 0.01953125 0.02936857562408223
0 0.9069238830199651 0.6586166370504589 0.01953125 0.02936857562408223
0 0.8802381154293467 0.6529421659936484 0.01953125 0.02936857562408223
0 0.8910202437487885 0.6655070661908716 0.01953125 0.02936857562408223
0 0.8503177093428959 0.6723974953312843 0.01953125 0.02936857562408223
0 0.87592526410157 0.6351081141008155 0.01953125 0.02936857562408223
0 0.8740383916456678 0.6233538526259939 0.01953125 0.02936857562408223
0 0.8834727539251792 0.6282176849604028 0.01953125 0.02936857562408223
0 0.8850900731730955 0.6188953396527856 0.01953125 0.02936857562408223
0 0.8918289033727466 0.6338921560172133 0.01953125 0.02936857562408223
0 0.8885942648769141 0.63754003026802 0.01953125 0.02936857562408223
0 0.8850900731730955 0.6472676949368379 0.01953125 0.02936857562408223
0 0.8947939886605931 0.6253804494319974 0.01953125 0.02936857562408223
0 0.8985677335723977 0.6180847009303841 0.01953125 0.02936857562408223
0 0.9031501381081605 0.6111942717899714 0.01953125 0.02936857562408223
0 0.9001850528203139 0.597413413509146 0.01953125 0.02936857562408223
0 0.9872507389998061 0.5824165971447184 0.01953125 0.02936857562408223
0 0.9797032491761968 0.5597187129174765 0.01953125 0.02936857562408223
0 0.9530174815855786 0.5730942518371012 0.01953125 0.02936857562408223
0 0.9966851012793175 0.5807953196999154 0.01953125 0.02936857562408223
0 0.9969546544873037 0.5876857488403281 0.01953125 0.02936857562408223
0 0.9950677820314014 0.5945761779807408 0.01953125 0.02936857562408223
0 0.9578694393293273 0.58322723586712 0.01953125 0.02936857562408223
0 0.9109671811397557 0.6188953396527856 0.01953125 0.02936857562408223
0 0.8295621123279705 0.6545634434384514 0.01953125 0.02936857562408223
0 0.8961417547005234 0.6606432338564626 0.01953125 0.02936857562408223
0 0.8993763931963559 0.6456464174920349 0.01953125 0.02936857562408223
0 0.9872507389998061 0.6351081141008155 0.01953125 0.02936857562408223
0 0.9767381638883503 0.6274070462380013 0.01953125 0.02936857562408223
0 0.9708079933126573 0.6282176849604028 0.01953125 0.02936857562408223
0 0.9759295042643922 0.6115995911511721 0.01953125 0.02936857562408223
0 0.9788945895522387 0.5836325552283206 0.01953125 0.02936857562408223
0 0.9764686106803645 0.5852538326731236 0.01953125 0.02936857562408223
0 0.9721557593525876 0.5779580841715102 0.01953125 0.02936857562408223
0 0.9832074408800154 0.6265964075155999 0.01953125 0.02936857562408223
0 0.07706344495057181 0.6539554643966505 0.01953125 0.02936857562408223
0 0.03824778300058148 0.6669256839550745 0.01953125 0.02936857562408223
0 0.3956753367900756 0.739883168971209 0.01953125 0.02936857562408223
0 0.38597142130257805 0.7001618715735356 0.01953125 0.02936857562408223
0 0.459289893874782 0.7001618715735356 0.01953125 0.02936857562408223
0 0.4952646467338633 0.7682555242552611 0.01953125 0.02936857562408223
0 0.732471469761582 0.687191652015112 0.01953125 0.02936857562408223
0 0.902829097208762 0.774740634034473 0.01953125 0.02936857562408223
0 0.7578094713122703 0.6863810132927102 0.01953125 0.02936857562408223
