0 0.5635067244146179 0.8385756557910626 0.01953125 0.04597701149425287
0 0.5313166584825314 0.6020622016643458 0.01953125 0.04597701149425287
0 0.05919569147859744 0.7214670522914259 0.01953125 0.04597701149425287
0 0.1957596075541156 0.5354710349684743 0.01953125 0.04597701149425287
0 0.2757470441126333 0.4826573510372656 0.01953125 0.04597701149425287
0 0.23770423892016757 0.5607297533703566 0.01953125 0.04597701149425287
0 0.23770423892016757 0.4987310809293725 0.01953125 0.04597701149425287
0 0.22209693422582258 0.4665836211451586 0.01953125 0.04597701149425287
0 0.22697421694280537 0.42295492572372545 0.01953125 0.04597701149425287
0 0.2074650860748742 0.3976962073218431 0.01953125 0.04597701149425287
0 0.18990686829373624 0.4114736900865062 0.01953125 0.04597701149425287
0 0.13235493223333927 0.4872498452921533 0.01953125 0.04597701149425287
0 0.10991943173521845 0.567618494752688 0.01953125 0.04597701149425287
0 0.06797480036916646 0.5285822935861427 0.01953125 0.04597701149425287
0 0.027005625546511036 0.5699147418801318 0.01953125 0.04597701149425287
0 0.003594668504993661 0.5308785407135865 0.01953125 0.04597701149425287
0 0.029931995176700713 0.5079160694391479 0.01953125 0.04597701149425287
0 0.03285836480689039 0.47117611540004634 0.01953125 0.04597701149425287
0 0.06212206110878712 0.4505098912530517 0.01953125 0.04597701149425287
0 0.07553458858048993 0.35119720299110513 0.01953125 0.04597701149425287
0 0.08967870845974002 0.3213459903343351 0.01953125 0.04597701149425287
0 0.06968184932011058 0.30527226044222816 0.01953125 0.04597701149425287
0 0.07163276240690371 0.2811616656040677 0.01953125 0.04597701149425287
0 0.07894868648237786 0.28460603629523346 0.01953125 0.04597701149425287
0 0.057000914255955326 0.3328272259715544 0.01953125 0.04597701149425287
0 0.031639044127644816 0.3615303150646025 0.01953125 0.04597701149425287
0 0.022859935237075812 0.369567180010656 0.01953125 0.04597701149425287
0 0.01066672844461885 0.3753077978292656 0.01953125 0.04597701149425287
0 0.0067649022710326075 0.3006797661873404 0.01953125 0.04597701149425287
0 0.01066672844461885 0.2719766770942923 0.01953125 0.04597701149425287
0 0.0038385326408429308 0.26508793571196076 0.01953125 0.04597701149425287
0 0.02188447869367924 0.24442171156496612 0.01953125 0.04597701149425287
0 0.01944583733518786 0.2237554874179715 0.01953125 0.04597701149425287
0 0.025786304867265488 0.21342237534447414 0.01953125 0.04597701149425287
0 0.013105369803110233 0.215718622471918 0.01953125 0.04597701149425287
0 0.013105369803110233 0.23638484661891265 0.01953125 0.04597701149425287
0 0.008715815357825719 0.23523672305519072 0.01953125 0.04597701149425287
0 0.003350804369144658 0.23638484661891265 0.01953125 0.04597701149425287
0 0.0018876195540498198 0.215718622471918 0.01953125 0.04597701149425287
0 0.03261450067104139 0.2662360592756827 0.01953125 0.04597701149425287
0 0.04139360956161042 0.2524585765110196 0.01953125 0.04597701149425287
0 0.022859935237075812 0.2685323064031266 0.01953125 0.04597701149425287
0 0.03505314202953279 0.2972353954961747 0.01953125 0.04597701149425287
0 0.045295435735196635 0.41204775186836723 0.01953125 0.04597701149425287
0 0.0945559911767228 0.41204775186836723 0.01953125 0.04597701149425287
0 0.07797322993898131 0.3936777748488164 0.01953125 0.04597701149425287
0 0.11894240476163676 0.38564090990276295 0.01953125 0.04597701149425287
0 0.12284423093522297 0.42926960532419606 0.01953125 0.04597701149425287
0 0.13503743772767993 0.37990029208415327 0.01953125 0.04597701149425287
0 0.04334452264840353 0.18127491556026026 0.01953125 0.04597701149425287
0 0.04724634882198975 0.16520118566815326 0.01953125 0.04597701149425287
0 0.050172718452179424 0.1835711626877041 0.01953125 0.04597701149425287
0 0.05651318598425705 0.2203111167268057 0.01953125 0.04597701149425287
0 0.043832250920101797 0.22719985810913726 0.01953125 0.04597701149425287
0 0.06626775141822261 0.26049544145707304 0.01953125 0.04597701149425287
0 0.07065730586350712 0.2478660822561319 0.01953125 0.04597701149425287
0 0.07504686030879164 0.23408859949146882 0.01953125 0.04597701149425287
0 0.12869697019560233 0.6853011600341854 0.01953125 0.04597701149425287
0 0.0989455456220073 0.2639398121482388 0.01953125 0.04597701149425287
0 0.08285051265596412 0.2639398121482388 0.01953125 0.04597701149425287
0 0.15064474242202486 0.3087166311333939 0.01953125 0.04597701149425287
0 0.1306478832823954 0.30182788975106234 0.01953125 0.04597701149425287
0 0.12528287229371435 0.2972353954961747 0.01953125 0.04597701149425287
0 0.12089331784842984 0.26968042996684854 0.01953125 0.04597701149425287
0 0.13016015501069716 0.26968042996684854 0.01953125 0.04597701149425287
0 0.1335742529125851 0.28001354204034584 0.01953125 0.04597701149425287
0 0.14040244871636098 0.26968042996684854 0.01953125 0.04597701149425287
0 0.1516201989654214 0.24556983512868807 0.01953125 0.04597701149425287
0 0.15698520995410245 0.2777172949129019 0.01953125 0.04597701149425287
0 0.17064160156165434 0.28001354204034584 0.01953125 0.04597701149425287
0 0.16478886230127496 0.23523672305519072 0.01953125 0.04597701149425287
0 0.1560097534107059 0.23523672305519072 0.01953125 0.04597701149425287
0 0.15552202513900762 0.21801486959936184 0.01953125 0.04597701149425287
0 0.1682029602031629 0.5773775450443244 0.01953125 0.04597701149425287
0 0.07699777339558478 0.1835711626877041 0.01953125 0.04597701149425287
0 0.07114503413520541 0.1560161971583779 0.01953125 0.04597701149425287
0 0.07748550166728303 0.1514237029034902 0.01953125 0.04597701149425287
0 0.07553458858048993 0.13190560232021747 0.01953125 0.04597701149425287
0 0.06773093623331744 0.13764622013882705 0.01953125 0.04597701149425287
0 0.04334452264840353 0.12386873737416398 0.01953125 0.04597701149425287
0 0.04773407709368802 0.12960935519277358 0.01953125 0.04597701149425287
0 0.053586816354067375 0.1479793322123244 0.01953125 0.04597701149425287
0 0.05212363153897254 0.13764622013882705 0.01953125 0.04597701149425287
0 0.05895182734274844 0.13764622013882705 0.01953125 0.04597701149425287
0 0.060902740429541566 0.1479793322123244 0.01953125 0.04597701149425287
0 0.37231724190889254 0.4895460924195971 0.01953125 0.04597701149425287
0 0.3742681549956856 0.41376993721395 0.01953125 0.04597701149425287
0 0.35768539375794417 0.3747337360474046 0.01953125 0.04597701149425287
0 0.36548904610511657 0.3288087934985276 0.01953125 0.04597701149425287
0 0.4386482868598584 0.5561372591154687 0.01953125 0.04597701149425287
0 0.01066672844461885 0.1755342977416506 0.01953125 0.04597701149425287
0 0.027737217954058598 0.17783054486909444 0.01953125 0.04597701149425287
0 0.011154456716317124 0.24786608225613183 0.01953125 0.04597701149425287
0 0.022372206965377537 0.3133091253882816 0.01953125 0.04597701149425287
0 0.08919098018804172 0.21571862247191798 0.01953125 0.04597701149425287
0 0.11601603513144708 0.22031111672680567 0.01953125 0.04597701149425287
0 0.10235964352389527 0.2214592402905276 0.01953125 0.04597701149425287
0 0.12918469846730057 0.21686674603563985 0.01953125 0.04597701149425287
0 0.11065102414276601 0.6233024875932014 0.01953125 0.04597701149425287
0 0.018104584588017534 0.1462418566742683 0.01953125 0.04597701149425287
0 0.01639753563707356 0.15772309231148757 0.01953125 0.04597701149425287
0 0.02249413903330205 0.15887121587520953 0.01953125 0.04597701149425287
0 0.009081611561599376 0.13820499172821485 0.01953125 0.04597701149425287
0 0.011276388784241635 0.12614969430913464 0.01953125 0.04597701149425287
0 0.009081611561599376 0.11696470579935923 0.01953125 0.04597701149425287
0 0.005911377795560564 0.11983501470866403 0.01953125 0.04597701149425287
0 0.001034095078577776 0.10433534659841805 0.01953125 0.04597701149425287
0 0.004448192980465725 0.1112240879807496 0.01953125 0.04597701149425287
0 0.007374562610655402 0.09859472877980842 0.01953125 0.04597701149425287
0 0.017860720452168397 0.12040907649052501 0.01953125 0.04597701149425287
0 0.019567769403112376 0.13418655925518813 0.01953125 0.04597701149425287
0 0.026152101071039144 0.12098313827238596 0.01953125 0.04597701149425287
0 0.03200484033141849 0.11065002619888865 0.01953125 0.04597701149425287
0 0.07443719996916874 0.3018125995585892 0.01953125 0.04597701149425287
0 0.02249413903330205 0.1020390994709742 0.01953125 0.04597701149425287
0 0.018836176995564953 0.10835377907144478 0.01953125 0.04597701149425287
0 0.023469595576698605 0.11007596441702767 0.01953125 0.04597701149425287
0 0.04956305811255653 0.11007596441702767 0.01953125 0.04597701149425287
0 0.04346645471632805 0.0819469371058405 0.01953125 0.04597701149425287
0 0.039076900271043526 0.0819469371058405 0.01953125 0.04597701149425287
0 0.03810144372764697 0.0882616167063111 0.01953125 0.04597701149425287
0 0.05419647669369017 0.12729781787285654 0.01953125 0.04597701149425287
0 0.03663825891255213 0.11811282936308116 0.01953125 0.04597701149425287
0 0.024932780391793443 0.14451967132868543 0.01953125 0.04597701149425287
0 0.021518682489905492 0.08998380205189399 0.01953125 0.04597701149425287
0 0.0190800411314141 0.0819469371058405 0.01953125 0.04597701149425287
0 0.02517664452764258 0.08079881354211858 0.01953125 0.04597701149425287
0 0.023713459712547742 0.08481724601514531 0.01953125 0.04597701149425287
0 0.017860720452168397 0.09400223452492072 0.01953125 0.04597701149425287
0 0.016641399772922706 0.1020390994709742 0.01953125 0.04597701149425287
0 0.015178214957827866 0.11065002619888865 0.01953125 0.04597701149425287
0 0.01152025292009077 0.10663159372586191 0.01953125 0.04597701149425287
0 0.012007981191789054 0.09916879056166937 0.01953125 0.04597701149425287
0 0.0524894277427462 0.16805620438498492 0.01953125 0.04597701149425287
0 0.039564628542741814 0.16174152478451434 0.01953125 0.04597701149425287
0 0.03249256860311676 0.15485278340218278 0.01953125 0.04597701149425287
0 0.09175155361445766 0.17207463685801166 0.01953125 0.04597701149425287
0 0.11199227688993622 0.15887121587520953 0.01953125 0.04597701149425287
0 0.10857817898804828 0.13705686816449292 0.01953125 0.04597701149425287
0 0.0927270101578542 0.1405012388556587 0.01953125 0.04597701149425287
0 0.08199698818049207 0.1405012388556587 0.01953125 0.04597701149425287
0 0.08199698818049207 0.12270532361796886 0.01953125 0.04597701149425287
0 0.08370403713143604 0.11639064401749828 0.01953125 0.04597701149425287
0 0.0895567763918154 0.1158165822356373 0.01953125 0.04597701149425287
0 0.09370246670125076 0.1020390994709742 0.01953125 0.04597701149425287
0 0.07565652064841445 0.11811282936308116 0.01953125 0.04597701149425287
0 0.06736514002954372 0.1112240879807496 0.01953125 0.04597701149425287
0 0.06614581935029801 0.08481724601514531 0.01953125 0.04597701149425287
0 0.029200402769153436 0.07506329245433356 0.01953125 0.04597701149425287
0 0.03554087030123106 0.07161892176316777 0.01953125 0.04597701149425287
0 0.031639044127644816 0.06702642750828008 0.01953125 0.04597701149425287
0 0.033102228942739655 0.08310015740038704 0.01953125 0.04597701149425287
0 0.033102228942739655 0.09113702234644051 0.01953125 0.04597701149425287
0 0.022859935237075812 0.07047079819944588 0.01953125 0.04597701149425287
0 0.015056282889903344 0.07850766314549934 0.01953125 0.04597701149425287
0 0.011642184988015395 0.060137686125948525 0.01953125 0.04597701149425287
0 0.002863076097446386 0.05898956256222666 0.01953125 0.04597701149425287
0 0.003350804369144658 0.05095269761617314 0.01953125 0.04597701149425287
0 0.009691271901222284 0.05095269761617314 0.01953125 0.04597701149425287
0 0.010179000172920557 0.04406395623384158 0.01953125 0.04597701149425287
0 0.005301717455937769 0.04291583267011962 0.01953125 0.04597701149425287
0 0.016519467704998184 0.04061958554267581 0.01953125 0.04597701149425287
0 0.0140808263465068 0.04406395623384158 0.01953125 0.04597701149425287
0 0.01944583733518786 0.04636020336128541 0.01953125 0.04597701149425287
0 0.017007195976696456 0.05898956256222666 0.01953125 0.04597701149425287
0 0.0140808263465068 0.05439706830733891 0.01953125 0.04597701149425287
0 0.01066672844461885 0.08310015740038704 0.01953125 0.04597701149425287
0 0.011154456716317124 0.07850766314549934 0.01953125 0.04597701149425287
0 0.0072526305427308806 0.0635820568171143 0.01953125 0.04597701149425287
0 0.03212677239934311 0.06243393325339244 0.01953125 0.04597701149425287
0 0.028712674497455164 0.060137686125948525 0.01953125 0.04597701149425287
0 0.023347663508774083 0.05439706830733891 0.01953125 0.04597701149425287
0 0.037491783388024176 0.06243393325339244 0.01953125 0.04597701149425287
0 0.037979511659722444 0.05439706830733891 0.01953125 0.04597701149425287
0 0.031639044127644816 0.05095269761617314 0.01953125 0.04597701149425287
0 0.4715699451994923 0.574497042673371 0.01953125 0.04597701149425287
0 0.4423062488975956 0.46542530411978816 0.01953125 0.04597701149425287
0 0.42816212901834555 0.4378703385904619 0.01953125 0.04597701149425287
0 0.4315762269202335 0.36209418338481486 0.01953125 0.04597701149425287
0 0.4442571619843887 0.37931603684064374 0.01953125 0.04597701149425287
0 0.462303108037225 0.375871666149478 0.01953125 0.04597701149425287
0 0.456938097048544 0.38161228396808755 0.01953125 0.04597701149425287
0 0.47547177137307856 0.3919453960415849 0.01953125 0.04597701149425287
0 0.49156680433912175 0.45164782135512505 0.01953125 0.04597701149425287
0 0.4774226844598716 0.41375974375230146 0.01953125 0.04597701149425287
0 0.46376629285231985 0.4413147092816277 0.01953125 0.04597701149425287
0 0.5149777613806391 0.375871666149478 0.01953125 0.04597701149425287
0 0.5096127503919581 0.3356873414192106 0.01953125 0.04597701149425287
0 0.5315605226183806 0.37013104833086835 0.01953125 0.04597701149425287
0 0.521805957184415 0.4103153730611357 0.01953125 0.04597701149425287
0 0.5291218812598892 0.4642771805560662 0.01953125 0.04597701149425287
0 0.5159532179240357 0.45394406848256885 0.01953125 0.04597701149425287
0 0.5442414576825358 0.4573884391737347 0.01953125 0.04597701149425287
0 0.5603364906485792 0.4642771805560662 0.01953125 0.04597701149425287
0 0.5520451100297084 0.3781679132769218 0.01953125 0.04597701149425287
0 0.19063846070128374 0.31272487014477207 0.01953125 0.04597701149425287
0 0.1964911999616631 0.28172553392428007 0.01953125 0.04597701149425287
0 0.20380712403713727 0.27368866897822663 0.01953125 0.04597701149425287
0 0.19697892823336133 0.2564668155223978 0.01953125 0.04597701149425287
0 0.18917527588618888 0.2541705683949539 0.01953125 0.04597701149425287
0 0.20868440675412003 0.26450368046845124 0.01953125 0.04597701149425287
0 0.16869068847486118 0.1715056718069753 0.01953125 0.04597701149425287
0 0.19502801514656826 0.17265379537069722 0.01953125 0.04597701149425287
0 0.18527344971260262 0.17380191893441913 0.01953125 0.04597701149425287
0 0.20039302613524926 0.22087498504701805 0.01953125 0.04597701149425287
0 0.21746351564468908 0.2541705683949539 0.01953125 0.04597701149425287
0 0.21990215700318042 0.2886142753066116 0.01953125 0.04597701149425287
0 0.22673035280695636 0.2771330396693924 0.01953125 0.04597701149425287
0 0.22965672243714602 0.2725405454145047 0.01953125 0.04597701149425287
0 0.24672721194658576 0.2139862436646865 0.01953125 0.04597701149425287
0 0.23599718996922364 0.2082456258460769 0.01953125 0.04597701149425287
0 0.24526402713149092 0.2358005913754031 0.01953125 0.04597701149425287
0 0.25501859256545656 0.22546747930190575 0.01953125 0.04597701149425287
0 0.2564817773805514 0.2541705683949539 0.01953125 0.04597701149425287
0 0.26477315799942214 0.2599111862135635 0.01953125 0.04597701149425287
0 0.2798927344220688 0.2805774103605582 0.01953125 0.04597701149425287
0 0.2930613977579222 0.3540573184387615 0.01953125 0.04597701149425287
0 0.2989141370183016 0.38161228396808755 0.01953125 0.04597701149425287
0 0.2808681909654653 0.3632423069485369 0.01953125 0.04597701149425287
0 0.2555063208371548 0.36783480120342443 0.01953125 0.04597701149425287
0 0.2764786365201808 0.3058361287624405 0.01953125 0.04597701149425287
0 0.2579449621956462 0.3012436345075528 0.01953125 0.04597701149425287
0 0.24477629885979266 0.36209418338481486 0.01953125 0.04597701149425287
0 0.23111990725224088 0.34142795923782016 0.01953125 0.04597701149425287
0 0.21697578737299072 0.32305798221826937 0.01953125 0.04597701149425287
0 0.22282852663337008 0.34372420636526413 0.01953125 0.04597701149425287
0 0.21746351564468908 0.3873529017866972 0.01953125 0.04597701149425287
0 0.20136848267864585 0.34372420636526413 0.01953125 0.04597701149425287
0 0.21209850465600796 0.34372420636526413 0.01953125 0.04597701149425287
0 0.18185935181071472 0.3735754190220341 0.01953125 0.04597701149425287
0 0.19990529786355102 0.375871666149478 0.01953125 0.04597701149425287
0 0.17405569946354224 0.34716857705642984 0.01953125 0.04597701149425287
0 0.16771523193146462 0.22202310861074 0.01953125 0.04597701149425287
0 0.17356797119184397 0.2277637264293496 0.01953125 0.04597701149425287
0 0.18234708008241296 0.2174306143558523 0.01953125 0.04597701149425287
0 0.1764943408220336 0.24498557988517852 0.01953125 0.04597701149425287
0 0.18283480835411126 0.23809683850284696 0.01953125 0.04597701149425287
0 0.21648805910129248 0.1715056718069753 0.01953125 0.04597701149425287
0 0.20965986329751662 0.17495004249814103 0.01953125 0.04597701149425287
0 0.20283166749374068 0.16576505398836563 0.01953125 0.04597701149425287
0 0.2272180810786546 0.17724628962558492 0.01953125 0.04597701149425287
0 0.23209536379563744 0.17265379537069722 0.01953125 0.04597701149425287
0 0.22477943972016326 0.1646169304246437 0.01953125 0.04597701149425287
0 0.22868126589374946 0.1416544591502052 0.01953125 0.04597701149425287
0 0.2389235595994133 0.1634688068609218 0.01953125 0.04597701149425287
0 0.24672721194658576 0.14854320053253675 0.01953125 0.04597701149425287
0 0.25355540775036167 0.1715056718069753 0.01953125 0.04597701149425287
0 0.21795124391638732 0.2139862436646865 0.01953125 0.04597701149425287
0 0.23209536379563744 0.2576149390861197 0.01953125 0.04597701149425287
0 0.22526716799186153 0.23924496206656887 0.01953125 0.04597701149425287
0 0.26769952762961186 0.17724628962558492 0.01953125 0.04597701149425287
0 0.2652608862711204 0.1634688068609218 0.01953125 0.04597701149425287
0 0.2779418213352756 0.17954253675302873 0.01953125 0.04597701149425287
0 0.2779418213352756 0.15772818904231217 0.01953125 0.04597701149425287
0 0.27306453861829283 0.1634688068609218 0.01953125 0.04597701149425287
0 0.28672093022584466 0.1634688068609218 0.01953125 0.04597701149425287
0 0.2862332019541464 0.19217189595396994 0.01953125 0.04597701149425287
0 0.29696322393150854 0.21168999653724266 0.01953125 0.04597701149425287
0 0.3042791480069827 0.2139862436646865 0.01953125 0.04597701149425287
0 0.31403371344094827 0.24613370344890043 0.01953125 0.04597701149425287
0 0.3174478113428363 0.20480125515491113 0.01953125 0.04597701149425287
0 0.3340305725805777 0.2128381201009646 0.01953125 0.04597701149425287
0 0.3354937573956725 0.17954253675302873 0.01953125 0.04597701149425287
0 0.3193987244296294 0.16806130111580947 0.01953125 0.04597701149425287
0 0.3281778333201984 0.15772818904231217 0.01953125 0.04597701149425287
0 0.3354937573956725 0.15313569478742442 0.01953125 0.04597701149425287
0 0.3267146485051035 0.1405063355864833 0.01953125 0.04597701149425287
0 0.33207965949378454 0.1359138413315956 0.01953125 0.04597701149425287
0 0.34719923591643126 0.16806130111580947 0.01953125 0.04597701149425287
0 0.3462237793730347 0.18298690744419452 0.01953125 0.04597701149425287
0 0.3701224646862504 0.17495004249814103 0.01953125 0.04597701149425287
0 0.3418342249277502 0.21513436722840845 0.01953125 0.04597701149425287
0 0.36768382332775895 0.21168999653724266 0.01953125 0.04597701149425287
0 0.36329426888247435 0.2323562206842373 0.01953125 0.04597701149425287
0 0.3525642469051123 0.2277637264293496 0.01953125 0.04597701149425287
0 0.355490616535302 0.2576149390861197 0.01953125 0.04597701149425287
0 0.3715856495013452 0.2622074333410074 0.01953125 0.04597701149425287
0 0.3637819971541728 0.28172553392428007 0.01953125 0.04597701149425287
0 0.35451515999190536 0.30928049945360625 0.01953125 0.04597701149425287
0 0.3486624207315261 0.30928049945360625 0.01953125 0.04597701149425287
0 0.34037104011265534 0.2622074333410074 0.01953125 0.04597701149425287
0 0.325739191961707 0.2725405454145047 0.01953125 0.04597701149425287
0 0.322325094059819 0.253022444831232 0.01953125 0.04597701149425287
0 0.34280968147114677 0.24039308563029077 0.01953125 0.04597701149425287
0 0.31452144171264657 0.3150211172722159 0.01953125 0.04597701149425287
0 0.30720551763717235 0.3356873414192106 0.01953125 0.04597701149425287
0 0.3208619092447242 0.34372420636526413 0.01953125 0.04597701149425287
0 0.337932398754164 0.40113038455136035 0.01953125 0.04597701149425287
0 0.3891438672824832 0.3379835885466544 0.01953125 0.04597701149425287
0 0.3915825086409746 0.3552054420024833 0.01953125 0.04597701149425287
0 0.39645979135795734 0.32535422934571323 0.01953125 0.04597701149425287
0 0.3925579651843712 0.30928049945360625 0.01953125 0.04597701149425287
0 0.38036475839191425 0.2805774103605582 0.01953125 0.04597701149425287
0 0.39450887827116426 0.2656518040321731 0.01953125 0.04597701149425287
0 0.3891438672824832 0.2312080971205154 0.01953125 0.04597701149425287
0 0.41109163950890576 0.24842995057634426 0.01953125 0.04597701149425287
0 0.40475117197682814 0.2002087609000234 0.01953125 0.04597701149425287
0 0.41011618296550917 0.19906063733630153 0.01953125 0.04597701149425287
0 0.40621435679192297 0.16806130111580947 0.01953125 0.04597701149425287
0 0.4008493458032419 0.1347657177678737 0.01953125 0.04597701149425287
0 0.38719295419569005 0.16691317755208757 0.01953125 0.04597701149425287
0 0.3915825086409746 0.1496913240962587 0.01953125 0.04597701149425287
0 0.13991472044466274 0.17380191893441913 0.01953125 0.04597701149425287
0 0.11747921994654191 0.1646169304246437 0.01953125 0.04597701149425287
0 0.028103014157832257 0.02339263535602232 0.01953125 0.04597701149425287
0 0.03054165551632365 0.02626294426532712 0.01953125 0.04597701149425287
0 0.03566280236915558 0.0297073149564929 0.01953125 0.04597701149425287
0 0.04346645471632805 0.024540758919744228 0.01953125 0.04597701149425287
0 0.02029936181065979 0.019948264664856538 0.01953125 0.04597701149425287
0 0.012495709463487327 0.02741106782904903 0.01953125 0.04597701149425287
0 0.009325475697448514 0.0297073149564929 0.01953125 0.04597701149425287
0 0.008106155018202821 0.036021994556963484 0.01953125 0.04597701149425287
0 0.004692057116314872 0.036021994556963484 0.01953125 0.04597701149425287
0 0.03249256860311676 0.05783634226768008 0.01953125 0.04597701149425287
0 0.042490998172931484 0.04578104484859985 0.01953125 0.04597701149425287
0 0.03785757959179784 0.04463292128487793 0.01953125 0.04597701149425287
0 0.04736828088991427 0.06070665117698488 0.01953125 0.04597701149425287
0 0.04419804712387547 0.05783634226768008 0.01953125 0.04597701149425287
0 0.047124416754065125 0.05611415692209719 0.01953125 0.04597701149425287
0 0.04931919397670738 0.05496603335837526 0.01953125 0.04597701149425287
0 0.04931919397670738 0.0790766281965357 0.01953125 0.04597701149425287
0 0.05346488428614275 0.08252099888770148 0.01953125 0.04597701149425287
0 0.06224399317671178 0.07161382503234318 0.01953125 0.04597701149425287
0 0.05736671045972899 0.04807729197604369 0.01953125 0.04597701149425287
0 0.05492806910123759 0.05496603335837526 0.01953125 0.04597701149425287
0 0.0537087484219919 0.06472508365001162 0.01953125 0.04597701149425287
0 0.052001699471047914 0.06587320721373355 0.01953125 0.04597701149425287
0 0.040783949221987505 0.07218788681420413 0.01953125 0.04597701149425287
0 0.04346645471632805 0.07103976325048222 0.01953125 0.04597701149425287
0 0.04663668848236685 0.10089097590725227 0.01953125 0.04597701149425287
0 0.05151397119934964 0.10376128481655708 0.01953125 0.04597701149425287
0 0.03932076440689266 0.10433534659841805 0.01953125 0.04597701149425287
0 0.03736985132009955 0.09974285234353035 0.01953125 0.04597701149425287
0 0.05980535181822038 0.10835377907144478 0.01953125 0.04597701149425287
0 0.05907375941067296 0.10031691412539132 0.01953125 0.04597701149425287
0 0.055903525644634154 0.09400223452492072 0.01953125 0.04597701149425287
0 0.05956148768237125 0.08596536957886723 0.01953125 0.04597701149425287
0 0.06273172144841005 0.09285411096119879 0.01953125 0.04597701149425287
0 0.06712127589369457 0.09285411096119879 0.01953125 0.04597701149425287
0 0.07224242274652651 0.09228004917933784 0.01953125 0.04597701149425287
0 0.07443719996916874 0.0802247517602576 0.01953125 0.04597701149425287
0 0.07224242274652651 0.0819469371058405 0.01953125 0.04597701149425287
0 0.06565809107859973 0.07792850463281376 0.01953125 0.04597701149425287
0 0.06638968348614716 0.07276194859606509 0.01953125 0.04597701149425287
0 0.06638968348614716 0.06415102186815065 0.01953125 0.04597701149425287
0 0.0698037813880351 0.0635769600862897 0.01953125 0.04597701149425287
0 0.07126696620312994 0.07046570146862123 0.01953125 0.04597701149425287
0 0.07346174342577219 0.06587320721373355 0.01953125 0.04597701149425287
0 0.0754126565125653 0.06702133077745547 0.01953125 0.04597701149425287
0 0.07955834682200068 0.06415102186815065 0.01953125 0.04597701149425287
0 0.0771197054635093 0.05841040404954104 0.01953125 0.04597701149425287
0 0.06760900416539284 0.04865135375790467 0.01953125 0.04597701149425287
0 0.060536944225767796 0.0463551066304608 0.01953125 0.04597701149425287
0 0.06687741175784542 0.04061448881185118 0.01953125 0.04597701149425287
0 0.05980535181822038 0.0297073149564929 0.01953125 0.04597701149425287
0 0.06370717799180661 0.030281376738353884 0.01953125 0.04597701149425287
0 0.06882832484463854 0.031429500302075794 0.01953125 0.04597701149425287
0 0.05614738978048328 0.037744179902546374 0.01953125 0.04597701149425287
0 0.06443877039935404 0.10318722303469613 0.01953125 0.04597701149425287
0 0.07370560756162133 0.09974285234353035 0.01953125 0.04597701149425287
0 0.09687270046728957 0.03659605633882444 0.01953125 0.04597701149425287
0 0.10101839077672496 0.03946636524812927 0.01953125 0.04597701149425287
0 0.09394633083709991 0.036021994556963484 0.01953125 0.04597701149425287
0 0.08980064052766454 0.03544793277510253 0.01953125 0.04597701149425287
0 0.08614267848992745 0.043484797721156 0.01953125 0.04597701149425287
0 0.09101996120691024 0.05554009514023621 0.01953125 0.04597701149425287
0 0.08931291225596624 0.04750323019418274 0.01953125 0.04597701149425287
0 0.09467792324464733 0.06472508365001162 0.01953125 0.04597701149425287
0 0.09540951565219476 0.04979947732162658 0.01953125 0.04597701149425287
0 0.10077452664087581 0.04979947732162658 0.01953125 0.04597701149425287
0 0.1044324886786129 0.04578104484859985 0.01953125 0.04597701149425287
0 0.10467635281446204 0.05094760088534852 0.01953125 0.04597701149425287
0 0.10638340176540602 0.04979947732162658 0.01953125 0.04597701149425287
0 0.08053380336539726 0.08366912245142338 0.01953125 0.04597701149425287
0 0.08224085231634119 0.07391007215978702 0.01953125 0.04597701149425287
0 0.08199698818049207 0.09802066699794747 0.01953125 0.04597701149425287
0 0.07687584132766015 0.09457629630678169 0.01953125 0.04597701149425287
0 0.0790706185503024 0.10376128481655708 0.01953125 0.04597701149425287
0 0.0895567763918154 0.1020390994709742 0.01953125 0.04597701149425287
0 0.09906747768993182 0.1020390994709742 0.01953125 0.04597701149425287
0 0.10638340176540602 0.10089097590725227 0.01953125 0.04597701149425287
0 0.10370089627106549 0.08711349314258916 0.01953125 0.04597701149425287
0 0.09687270046728957 0.08711349314258916 0.01953125 0.04597701149425287
0 0.09126382534275936 0.0802247517602576 0.01953125 0.04597701149425287
0 0.09297087429370335 0.07391007215978702 0.01953125 0.04597701149425287
0 0.09760429287483699 0.07563225750536992 0.01953125 0.04597701149425287
0 0.0983358852823844 0.0664472689955945 0.01953125 0.04597701149425287
0 0.10711499417295343 0.06759539255931644 0.01953125 0.04597701149425287
0 0.11223614102578537 0.07046570146862123 0.01953125 0.04597701149425287
0 0.1093097713955957 0.09228004917933784 0.01953125 0.04597701149425287
0 0.11199227688993622 0.08998380205189399 0.01953125 0.04597701149425287
0 0.1161379671993716 0.0819469371058405 0.01953125 0.04597701149425287
0 0.1161379671993716 0.07792850463281376 0.01953125 0.04597701149425287
0 0.1149186465201259 0.05094760088534852 0.01953125 0.04597701149425287
0 0.1249170760899406 0.0635769600862897 0.01953125 0.04597701149425287
0 0.1280873098559794 0.07046570146862123 0.01953125 0.04597701149425287
0 0.12686798917673373 0.0802247517602576 0.01953125 0.04597701149425287
0 0.12150297818805265 0.08252099888770148 0.01953125 0.04597701149425287
0 0.1358909622031519 0.08596536957886723 0.01953125 0.04597701149425287
0 0.0988236135540827 0.11983501470866403 0.01953125 0.04597701149425287
0 0.09370246670125076 0.11926095292680308 0.01953125 0.04597701149425287
0 0.1044324886786129 0.12327938539982981 0.01953125 0.04597701149425287
0 0.10126225491257408 0.11179814976261056 0.01953125 0.04597701149425287
0 0.10662726590125517 0.11639064401749828 0.01953125 0.04597701149425287
0 0.10418862454276376 0.14279748598310255 0.01953125 0.04597701149425287
0 0.11516251065597503 0.1140943968900544 0.01953125 0.04597701149425287
0 0.1161379671993716 0.10433534659841805 0.01953125 0.04597701149425287
0 0.13052595121447083 0.10777971728958383 0.01953125 0.04597701149425287
0 0.13345232084466052 0.11007596441702767 0.01953125 0.04597701149425287
0 0.1266241250408846 0.14222342420124157 0.01953125 0.04597701149425287
0 0.13223300016541478 0.151408412711017 0.01953125 0.04597701149425287
0 0.13320845670881135 0.13820499172821485 0.01953125 0.04597701149425287
0 0.14076824492013465 0.13877905351007583 0.01953125 0.04597701149425287
0 0.1422314297352295 0.1129462733263325 0.01953125 0.04597701149425287
0 0.14101210905598383 0.10605753194400094 0.01953125 0.04597701149425287
0 0.13832960356164328 0.10605753194400094 0.01953125 0.04597701149425287
0 0.13832960356164328 0.09974285234353035 0.01953125 0.04597701149425287
0 0.1402805166484364 0.07965068997839667 0.01953125 0.04597701149425287
0 0.13784187528994502 0.07391007215978702 0.01953125 0.04597701149425287
0 0.12979435880692342 0.05152166266720948 0.01953125 0.04597701149425287
0 0.1254048043616389 0.05094760088534852 0.01953125 0.04597701149425287
0 0.1229661630031475 0.04979947732162658 0.01953125 0.04597701149425287
0 0.15296145171259168 0.1468159184561293 0.01953125 0.04597701149425287
0 0.16027737578806586 0.15772309231148757 0.01953125 0.04597701149425287
0 0.15491236479938475 0.18011150180406515 0.01953125 0.04597701149425287
0 0.14930348967485457 0.20422209664222557 0.01953125 0.04597701149425287
0 0.13394004911635876 0.20479615842408655 0.01953125 0.04597701149425287
0 0.15369304412013907 0.12442750896355174 0.01953125 0.04597701149425287
0 0.15661941375032873 0.12270532361796886 0.01953125 0.04597701149425287
0 0.15613168547863046 0.11639064401749828 0.01953125 0.04597701149425287
0 0.1519859951691951 0.09687254343422554 0.01953125 0.04597701149425287
0 0.16100896819561325 0.10031691412539132 0.01953125 0.04597701149425287
0 0.1673494357276909 0.09974285234353035 0.01953125 0.04597701149425287
0 0.16613011504844513 0.09113192561561591 0.01953125 0.04597701149425287
0 0.17027580535788053 0.09113192561561591 0.01953125 0.04597701149425287
0 0.17027580535788053 0.11237221154447152 0.01953125 0.04597701149425287
0 0.17100739776542795 0.10605753194400094 0.01953125 0.04597701149425287
0 0.16222828887485896 0.11811282936308116 0.01953125 0.04597701149425287
0 0.17100739776542795 0.13074218856402234 0.01953125 0.04597701149425287
0 0.17759172943335474 0.13074218856402234 0.01953125 0.04597701149425287
0 0.17515308807486332 0.14279748598310255 0.01953125 0.04597701149425287
0 0.16856875640693658 0.14738998023799027 0.01953125 0.04597701149425287
0 0.17783559356920386 0.15657496874776566 0.01953125 0.04597701149425287
0 0.179786506655997 0.1468159184561293 0.01953125 0.04597701149425287
0 0.1824690121503375 0.15485278340218278 0.01953125 0.04597701149425287
0 0.18661470245977288 0.13820499172821485 0.01953125 0.04597701149425287
0 0.18124969147109185 0.13877905351007583 0.01953125 0.04597701149425287
0 0.1910042569050574 0.22029582653433252 0.01953125 0.04597701149425287
0 0.13637869047485018 0.06759539255931644 0.01953125 0.04597701149425287
0 0.13345232084466052 0.06242883652256777 0.01953125 0.04597701149425287
0 0.2978167484069804 0.15255653627473892 0.01953125 0.04597701149425287
0 0.20027109406732468 0.13935311529193675 0.01953125 0.04597701149425287
0 0.19929563752392818 0.1468159184561293 0.01953125 0.04597701149425287
0 0.19539381135034192 0.13074218856402234 0.01953125 0.04597701149425287
0 0.20027109406732468 0.12844594143657848 0.01953125 0.04597701149425287
0 0.1929551699918505 0.10835377907144478 0.01953125 0.04597701149425287
0 0.1892972079541134 0.1020390994709742 0.01953125 0.04597701149425287
0 0.1834444686937341 0.10663159372586191 0.01953125 0.04597701149425287
0 0.18051809906354443 0.10835377907144478 0.01953125 0.04597701149425287
0 0.17807945770505298 0.09974285234353035 0.01953125 0.04597701149425287
0 0.17637240875410906 0.09170598739747686 0.01953125 0.04597701149425287
0 0.1497912179465528 0.06989163968676028 0.01953125 0.04597701149425287
0 0.1478403048597597 0.07850256641467472 0.01953125 0.04597701149425287
0 0.14515779936541917 0.06989163968676028 0.01953125 0.04597701149425287
0 0.09784815701068614 0.3500337892349101 0.01953125 0.04597701149425287
0 0.08541108608238003 0.3385525535976908 0.01953125 0.04597701149425287
0 0.12223457059560007 0.09400223452492072 0.01953125 0.04597701149425287
0 0.12321002713899663 0.1020390994709742 0.01953125 0.04597701149425287
0 0.08784972744087141 0.3092754027227817 0.01953125 0.04597701149425287
0 0.12345389127484578 0.12098313827238596 0.01953125 0.04597701149425287
0 0.13491550565975535 0.04578104484859985 0.01953125 0.04597701149425287
0 0.11735728787861728 0.04176261237557311 0.01953125 0.04597701149425287
0 0.11467478238427675 0.05955852761326295 0.01953125 0.04597701149425287
0 0.1217468423239018 0.05783634226768008 0.01953125 0.04597701149425287
0 0.07492492824086704 0.036021994556963484 0.01953125 0.04597701149425287
0 0.07175469447482821 0.034299809211380594 0.01953125 0.04597701149425287
0 0.07736356959935842 0.037744179902546374 0.01953125 0.04597701149425287
0 0.17344603912391934 0.19216679922314533 0.01953125 0.04597701149425287
0 0.19319903412769965 0.18298181071336994 0.01953125 0.04597701149425287
0 0.16222828887485896 0.08596536957886723 0.01953125 0.04597701149425287
0 0.15564395720693217 0.07792850463281376 0.01953125 0.04597701149425287
0 0.1583264627012727 0.07046570146862123 0.01953125 0.04597701149425287
0 0.1614966964673115 0.0635769600862897 0.01953125 0.04597701149425287
0 0.16466693023335033 0.07391007215978702 0.01953125 0.04597701149425287
0 0.16613011504844513 0.06300289830442873 0.01953125 0.04597701149425287
0 0.15978964751636757 0.05266978623093141 0.01953125 0.04597701149425287
0 0.15759487029372532 0.05381790979465332 0.01953125 0.04597701149425287
0 0.15466850066353563 0.05094760088534852 0.01953125 0.04597701149425287
0 0.1519859951691951 0.043484797721156 0.01953125 0.04597701149425287
0 0.14686484831636318 0.04578104484859985 0.01953125 0.04597701149425287
0 0.14052438078428553 0.04750323019418274 0.01953125 0.04597701149425287
0 0.13784187528994502 0.05152166266720948 0.01953125 0.04597701149425287
0 0.1636914736899538 0.05037353910348756 0.01953125 0.04597701149425287
0 0.15954578338051842 0.04578104484859985 0.01953125 0.04597701149425287
0 0.14442620695787176 0.02339263535602232 0.01953125 0.04597701149425287
0 0.07760743373520756 0.3402747389432737 0.01953125 0.04597701149425287
0 0.10711499417295343 0.18412993427709187 0.01953125 0.04597701149425287
0 0.09931134182578097 0.18011150180406515 0.01953125 0.04597701149425287
0 0.10540794522200946 0.1686302661668459 0.01953125 0.04597701149425287
0 0.09540951565219476 0.16001933943893143 0.01953125 0.04597701149425287
0 0.0883374557125697 0.1250015707454127 0.01953125 0.04597701149425287
0 0.08736199916917314 0.09170598739747686 0.01953125 0.04597701149425287
0 0.08663040676162571 0.06874351612303835 0.01953125 0.04597701149425287
0 0.08370403713143604 0.05381790979465332 0.01953125 0.04597701149425287
0 0.08102153163709551 0.04979947732162658 0.01953125 0.04597701149425287
0 0.046880552618216 0.04807729197604369 0.01953125 0.04597701149425287
0 0.046880552618216 0.03946636524812927 0.01953125 0.04597701149425287
0 0.04127167749368579 0.03946636524812927 0.01953125 0.04597701149425287
0 0.0444419112597246 0.04061448881185118 0.01953125 0.04597701149425287
0 0.05029465052010395 0.04750323019418274 0.01953125 0.04597701149425287
0 0.007862290882353686 0.14509373311054638 0.01953125 0.04597701149425287
0 0.013471166006883892 0.14337154776496353 0.01953125 0.04597701149425287
0 0.003716600572918306 0.14337154776496353 0.01953125 0.04597701149425287
0 0.00347273643706917 0.13246437390960525 0.01953125 0.04597701149425287
0 0.12369775541069492 0.13246437390960525 0.01953125 0.04597701149425287
0 0.1161379671993716 0.13476062103704906 0.01953125 0.04597701149425287
0 0.18320060455788492 0.028559191392770994 0.01953125 0.04597701149425287
0 0.17539695221071247 0.03372574742951964 0.01953125 0.04597701149425287
0 0.1722267184446737 0.031429500302075794 0.01953125 0.04597701149425287
0 0.169300348814484 0.031429500302075794 0.01953125 0.04597701149425287
0 0.15857032683712186 0.032003562083936773 0.01953125 0.04597701149425287
0 0.16295988128240638 0.024540758919744228 0.01953125 0.04597701149425287
0 0.15515622893523393 0.023966697137883252 0.01953125 0.04597701149425287
0 0.14686484831636318 0.025688882483466142 0.01953125 0.04597701149425287
0 0.13979278837673811 0.01650389397369076 0.01953125 0.04597701149425287
0 0.13979278837673811 0.012485461500664 0.01953125 0.04597701149425287
0 0.12881890226352682 0.015929832191829783 0.01953125 0.04597701149425287
0 0.13076981535031995 0.03372574742951964 0.01953125 0.04597701149425287
0 0.12686798917673373 0.03372574742951964 0.01953125 0.04597701149425287
0 0.12467321195409148 0.0297073149564929 0.01953125 0.04597701149425287
0 0.12199070645975095 0.013633585064385912 0.01953125 0.04597701149425287
0 0.10492021695031117 0.0297073149564929 0.01953125 0.04597701149425287
0 0.11004136380314311 0.03257762386579771 0.01953125 0.04597701149425287
0 0.11248000516163449 0.03257762386579771 0.01953125 0.04597701149425287
0 0.14467007109372093 0.032003562083936773 0.01953125 0.04597701149425287
0 0.14467007109372093 0.032003562083936773 0.01953125 0.04597701149425287
0 0.18051809906354443 0.08596536957886723 0.01953125 0.04597701149425287
0 0.18466378937297975 0.09457629630678169 0.01953125 0.04597701149425287
0 0.18612697418807464 0.07563225750536992 0.01953125 0.04597701149425287
0 0.19051652863335913 0.08424318423328435 0.01953125 0.04597701149425287
0 0.19344289826354882 0.0819469371058405 0.01953125 0.04597701149425287
0 0.19149198517675564 0.07218788681420413 0.01953125 0.04597701149425287
0 0.18954107208996257 0.06472508365001162 0.01953125 0.04597701149425287
0 0.17807945770505298 0.07792850463281376 0.01953125 0.04597701149425287
0 0.17515308807486332 0.08366912245142338 0.01953125 0.04597701149425287
0 0.17125126190127707 0.08252099888770148 0.01953125 0.04597701149425287
0 0.1688126205427857 0.07218788681420413 0.01953125 0.04597701149425287
0 0.1656423867767469 0.05783634226768008 0.01953125 0.04597701149425287
0 0.17173899017297542 0.05554009514023621 0.01953125 0.04597701149425287
0 0.16637397918429436 0.04061448881185118 0.01953125 0.04597701149425287
0 0.16637397918429436 0.04750323019418274 0.01953125 0.04597701149425287
0 0.17734786529750557 0.04233667415743407 0.01953125 0.04597701149425287
0 0.17539695221071247 0.05209572444907042 0.01953125 0.04597701149425287
0 0.17856718597675128 0.05783634226768008 0.01953125 0.04597701149425287
0 0.18051809906354443 0.06300289830442873 0.01953125 0.04597701149425287
0 0.1873462948673203 0.05496603335837526 0.01953125 0.04597701149425287
0 0.1834444686937341 0.05783634226768008 0.01953125 0.04597701149425287
0 0.1834444686937341 0.04807729197604369 0.01953125 0.04597701149425287
0 0.18198128387863927 0.05094760088534852 0.01953125 0.04597701149425287
0 0.18198128387863927 0.07563225750536992 0.01953125 0.04597701149425287
0 0.2046606485126092 0.3655334573451561 0.01953125 0.04597701149425287
0 0.2546527963616828 0.14738998023799027 0.01953125 0.04597701149425287
0 0.25733530185602327 0.1542787216203218 0.01953125 0.04597701149425287
0 0.29586583532018734 0.12614969430913464 0.01953125 0.04597701149425287
0 0.12003979337295781 0.35175597458049296 0.01953125 0.04597701149425287
0 0.22490137178808778 0.13016812678216141 0.01953125 0.04597701149425287
0 0.21173270845223421 0.13533468281891003 0.01953125 0.04597701149425287
0 0.20758701814279887 0.151408412711017 0.01953125 0.04597701149425287
0 0.2144152139465748 0.1542787216203218 0.01953125 0.04597701149425287
0 0.19466221894279448 0.06070665117698488 0.01953125 0.04597701149425287
0 0.19783245270883335 0.0635769600862897 0.01953125 0.04597701149425287
0 0.2010026864748721 0.06874351612303835 0.01953125 0.04597701149425287
0 0.20392905610506176 0.07161382503234318 0.01953125 0.04597701149425287
0 0.19832018098053159 0.08653943136072821 0.01953125 0.04597701149425287
0 0.19466221894279448 0.09285411096119879 0.01953125 0.04597701149425287
0 0.20124655061072128 0.10490940838027903 0.01953125 0.04597701149425287
0 0.2019781430182687 0.09802066699794747 0.01953125 0.04597701149425287
0 0.2044167843767601 0.08998380205189399 0.01953125 0.04597701149425287
0 0.2100256595012903 0.09400223452492072 0.01953125 0.04597701149425287
0 0.21026952363713938 0.11696470579935923 0.01953125 0.04597701149425287
0 0.2046606485126092 0.1158165822356373 0.01953125 0.04597701149425287
0 0.2063676974635532 0.05898446583140199 0.01953125 0.04597701149425287
0 0.20880633882204455 0.06874351612303835 0.01953125 0.04597701149425287
0 0.19051652863335913 0.040040427029990215 0.01953125 0.04597701149425287
0 0.197344724437135 0.04979947732162658 0.01953125 0.04597701149425287
0 0.19514994721449275 0.030281376738353884 0.01953125 0.04597701149425287
0 0.20344132783336352 0.04750323019418274 0.01953125 0.04597701149425287
0 0.2256329641956352 0.32133070014186194 0.01953125 0.04597701149425287
0 0.2717232858711226 0.28918324035764803 0.01953125 0.04597701149425287
0 0.1502789462182511 0.29549791995811864 0.01953125 0.04597701149425287
0 0.21490294221827305 0.10605753194400094 0.01953125 0.04597701149425287
0 0.2207556814786524 0.09974285234353035 0.01953125 0.04597701149425287
0 0.21051338777298856 0.10261316125283516 0.01953125 0.04597701149425287
0 0.20783088227864804 0.10605753194400094 0.01953125 0.04597701149425287
0 0.2119765725880834 0.0882616167063111 0.01953125 0.04597701149425287
0 0.20490451264845835 0.07850256641467472 0.01953125 0.04597701149425287
0 0.20880633882204455 0.07792850463281376 0.01953125 0.04597701149425287
0 0.21222043672393257 0.07678038106909184 0.01953125 0.04597701149425287
0 0.21709771944091533 0.08424318423328435 0.01953125 0.04597701149425287
0 0.21929249666355757 0.07678038106909184 0.01953125 0.04597701149425287
0 0.22612069246733352 0.07792850463281376 0.01953125 0.04597701149425287
0 0.22977865450507054 0.08079881354211858 0.01953125 0.04597701149425287
0 0.22831546968997576 0.09228004917933784 0.01953125 0.04597701149425287
0 0.2290470620975232 0.09916879056166937 0.01953125 0.04597701149425287
0 0.2527018832748897 0.11811282936308116 0.01953125 0.04597701149425287
0 0.25587211704092844 0.13476062103704906 0.01953125 0.04597701149425287
0 0.2787953458107476 0.3075532173771989 0.01953125 0.04597701149425287
0 0.25001937778054917 0.10835377907144478 0.01953125 0.04597701149425287
0 0.23928935580318697 0.1129462733263325 0.01953125 0.04597701149425287
0 0.2356313937654499 0.10318722303469613 0.01953125 0.04597701149425287
0 0.23880162753148873 0.09285411096119879 0.01953125 0.04597701149425287
0 0.2353875296296008 0.07563225750536992 0.01953125 0.04597701149425287
0 0.2244136435163895 0.023966697137883252 0.01953125 0.04597701149425287
0 0.24465436679186808 0.0297073149564929 0.01953125 0.04597701149425287
0 0.24465436679186808 0.03946636524812927 0.01953125 0.04597701149425287
0 0.24758073642205777 0.03946636524812927 0.01953125 0.04597701149425287
0 0.2224627304295964 0.06472508365001162 0.01953125 0.04597701149425287
0 0.221731138022049 0.07161382503234318 0.01953125 0.04597701149425287
0 0.22709614901073003 0.06472508365001162 0.01953125 0.04597701149425287
0 0.21709771944091533 0.06070665117698488 0.01953125 0.04597701149425287
0 0.21978022493525584 0.06242883652256777 0.01953125 0.04597701149425287
0 0.22099954561450158 0.06185477474070682 0.01953125 0.04597701149425287
0 0.22416977938054033 0.05554009514023621 0.01953125 0.04597701149425287
0 0.21929249666355757 0.02741106782904903 0.01953125 0.04597701149425287
0 0.26196872043715697 0.20422209664222557 0.01953125 0.04597701149425287
0 0.26904078037678203 0.19905554060547687 0.01953125 0.04597701149425287
0 0.29489037877679086 0.1140943968900544 0.01953125 0.04597701149425287
0 0.29098855260320455 0.1140943968900544 0.01953125 0.04597701149425287
0 0.2848919492069761 0.10777971728958383 0.01953125 0.04597701149425287
0 0.2800146664899933 0.10835377907144478 0.01953125 0.04597701149425287
0 0.27221101414282084 0.10376128481655708 0.01953125 0.04597701149425287
0 0.2609932638937604 0.10835377907144478 0.01953125 0.04597701149425287
0 0.2607493997579113 0.10031691412539132 0.01953125 0.04597701149425287
0 0.25733530185602327 0.09974285234353035 0.01953125 0.04597701149425287
0 0.25392120395413537 0.09457629630678169 0.01953125 0.04597701149425287
0 0.2844042209352778 0.1405012388556587 0.01953125 0.04597701149425287
0 0.2926956015541486 0.13533468281891003 0.01953125 0.04597701149425287
0 0.28391649266357954 0.12442750896355174 0.01953125 0.04597701149425287
0 0.27855148167489846 0.13533468281891003 0.01953125 0.04597701149425287
0 0.2768444327239544 0.11868689114494213 0.01953125 0.04597701149425287
0 0.2692846445126312 0.12442750896355174 0.01953125 0.04597701149425287
0 0.26196872043715697 0.12270532361796886 0.01953125 0.04597701149425287
0 0.2658705466107432 0.12614969430913464 0.01953125 0.04597701149425287
0 0.2627003128447044 0.13418655925518813 0.01953125 0.04597701149425287
0 0.2883060471088641 0.09055786383375494 0.01953125 0.04597701149425287
0 0.27952693821829505 0.09629848165236458 0.01953125 0.04597701149425287
0 0.27318647068621743 0.07965068997839667 0.01953125 0.04597701149425287
0 0.27026010105602777 0.08366912245142338 0.01953125 0.04597701149425287
0 0.2646512259314975 0.07678038106909184 0.01953125 0.04597701149425287
0 0.2617248563013078 0.07620631928723087 0.01953125 0.04597701149425287
0 0.26416349765979924 0.08883567848817206 0.01953125 0.04597701149425287
0 0.25855462253526906 0.08481724601514531 0.01953125 0.04597701149425287
0 0.2544089322258336 0.0790766281965357 0.01953125 0.04597701149425287
0 0.2531896115465879 0.07678038106909184 0.01953125 0.04597701149425287
0 0.2529457474107388 0.06702133077745547 0.01953125 0.04597701149425287
0 0.25684757358432503 0.07103976325048222 0.01953125 0.04597701149425287
0 0.24197186129752757 0.07391007215978702 0.01953125 0.04597701149425287
0 0.24416663852016984 0.08252099888770148 0.01953125 0.04597701149425287
0 0.24319118197677325 0.0681694543411774 0.01953125 0.04597701149425287
0 0.24684914401451033 0.0664472689955945 0.01953125 0.04597701149425287
0 0.23880162753148873 0.0664472689955945 0.01953125 0.04597701149425287
0 0.23855776339563955 0.06013258939512393 0.01953125 0.04597701149425287
0 0.24684914401451033 0.04578104484859985 0.01953125 0.04597701149425287
0 0.2463614157428121 0.05783634226768008 0.01953125 0.04597701149425287
0 0.24416663852016984 0.05955852761326295 0.01953125 0.04597701149425287
0 0.25123869845979485 0.05094760088534852 0.01953125 0.04597701149425287
0 0.2553843887692302 0.05841040404954104 0.01953125 0.04597701149425287
0 0.2578230301277216 0.043484797721156 0.01953125 0.04597701149425287
0 0.260261671486213 0.0543919715765143 0.01953125 0.04597701149425287
0 0.2639196335239501 0.0543919715765143 0.01953125 0.04597701149425287
0 0.2680653238333855 0.05037353910348756 0.01953125 0.04597701149425287
0 0.2695285086484803 0.05611415692209719 0.01953125 0.04597701149425287
0 0.2683091879692346 0.06472508365001162 0.01953125 0.04597701149425287
0 0.27147942173527345 0.05381790979465332 0.01953125 0.04597701149425287
0 0.2746496555013122 0.015355770409968801 0.01953125 0.04597701149425287
0 0.281233987169239 0.013633585064385912 0.01953125 0.04597701149425287
0 0.2751373837730105 0.05266978623093141 0.01953125 0.04597701149425287
0 0.2768444327239544 0.05094760088534852 0.01953125 0.04597701149425287
0 0.28220944371263557 0.05381790979465332 0.01953125 0.04597701149425287
0 0.27586897618055795 0.06070665117698488 0.01953125 0.04597701149425287
0 0.28220944371263557 0.06070665117698488 0.01953125 0.04597701149425287
0 0.2953781070484891 0.05381790979465332 0.01953125 0.04597701149425287
0 0.2892815036522606 0.05094760088534852 0.01953125 0.04597701149425287
0 0.29342719396169603 0.05611415692209719 0.01953125 0.04597701149425287
0 0.2951342429126399 0.06300289830442873 0.01953125 0.04597701149425287
0 0.29342719396169603 0.06300289830442873 0.01953125 0.04597701149425287
0 0.2880621829730149 0.06989163968676028 0.01953125 0.04597701149425287
0 0.29952379735792445 0.05611415692209719 0.01953125 0.04597701149425287
0 0.30196243871641587 0.05611415692209719 0.01953125 0.04597701149425287
0 0.2892815036522606 0.08481724601514531 0.01953125 0.04597701149425287
0 0.28196557957678636 0.08252099888770148 0.01953125 0.04597701149425287
0 0.2790392099465967 0.07276194859606509 0.01953125 0.04597701149425287
0 0.28513581334282523 0.08252099888770148 0.01953125 0.04597701149425287
0 0.2848919492069761 0.08596536957886723 0.01953125 0.04597701149425287
0 0.277819889267351 0.08998380205189399 0.01953125 0.04597701149425287
0 0.281233987169239 0.08653943136072821 0.01953125 0.04597701149425287
0 0.29562197118433825 0.08883567848817206 0.01953125 0.04597701149425287
0 0.29367105809754507 0.09572441987050362 0.01953125 0.04597701149425287
0 0.2978167484069804 0.09802066699794747 0.01953125 0.04597701149425287
0 0.07394947169747047 0.04176261237557311 0.01953125 0.04597701149425287
0 0.04663668848236685 0.02339263535602232 0.01953125 0.04597701149425287
0 0.07297401515407392 0.11237221154447152 0.01953125 0.04597701149425287
0 0.13028208707862166 0.10031691412539132 0.01953125 0.04597701149425287
0 0.14137790525975757 0.24154120919401273 0.01953125 0.04597701149425287
0 0.13308652464088683 0.25187432126751 0.01953125 0.04597701149425287
0 0.07407140376539509 0.16920942467953143 0.01953125 0.04597701149425287
0 0.060902740429541566 0.16806130111580947 0.01953125 0.04597701149425287
0 0.037491783388024176 0.23005997355679347 0.01953125 0.04597701149425287
0 0.0506604467238777 0.30813237588988446 0.01953125 0.04597701149425287
0 0.29940186528999996 0.2610593097772855 0.01953125 0.04597701149425287
0 0.2945245825730171 0.24154120919401273 0.01953125 0.04597701149425287
0 0.2842822888673533 0.22202310861074 0.01953125 0.04597701149425287
0 0.37207337777304345 0.28516990461544595 0.01953125 0.04597701149425287
0 0.40962845469381093 0.2771330396693924 0.01953125 0.04597701149425287
0 0.4159689222258885 0.3333910942917667 0.01953125 0.04597701149425287
0 0.4369412379089145 0.2863180281791678 0.01953125 0.04597701149425287
0 0.4296253138334403 0.27368866897822663 0.01953125 0.04597701149425287
0 0.4232848463013627 0.26450368046845124 0.01953125 0.04597701149425287
0 0.42816212901834555 0.25187432126751 0.01953125 0.04597701149425287
0 0.43840442272400937 0.236948714939125 0.01953125 0.04597701149425287
0 0.4442571619843887 0.24498557988517852 0.01953125 0.04597701149425287
0 0.45791355359194047 0.24842995057634426 0.01953125 0.04597701149425287
0 0.4584012818636388 0.30009551094383097 0.01953125 0.04597701149425287
0 0.4525485426032595 0.30009551094383097 0.01953125 0.04597701149425287
0 0.44279397716929386 0.26909617472333885 0.01953125 0.04597701149425287
0 0.43108849864853516 0.3023917580712747 0.01953125 0.04597701149425287
0 0.47303313001458713 0.35290919487503947 0.01953125 0.04597701149425287
0 0.4749840431013803 0.3046880051987187 0.01953125 0.04597701149425287
0 0.48132451063345794 0.2966511402526651 0.01953125 0.04597701149425287
0 0.48034905409006134 0.3276504764731572 0.01953125 0.04597701149425287
0 0.49107907606742346 0.32535422934571323 0.01953125 0.04597701149425287
0 0.49156680433912175 0.3012436345075528 0.01953125 0.04597701149425287
0 0.4979072718711994 0.2886142753066116 0.01953125 0.04597701149425287
0 0.5086372938485615 0.26450368046845124 0.01953125 0.04597701149425287
0 0.5413150880523462 0.32535422934571323 0.01953125 0.04597701149425287
0 0.5300973378032857 0.30813237588988446 0.01953125 0.04597701149425287
0 0.5183918592825271 0.30928049945360625 0.01953125 0.04597701149425287
0 0.5232691419995099 0.3196136115271036 0.01953125 0.04597701149425287
0 0.5135145765655442 0.29435489312522134 0.01953125 0.04597701149425287
0 0.5081495655768633 0.29435489312522134 0.01953125 0.04597701149425287
0 0.5471678273127255 0.3104286230173282 0.01953125 0.04597701149425287
0 0.5613119471919756 0.3379835885466544 0.01953125 0.04597701149425287
0 0.5915511000372689 0.34946482418387376 0.01953125 0.04597701149425287
0 0.5930142848523637 0.32994672360060096 0.01953125 0.04597701149425287
0 0.5852106325051912 0.3207617350908256 0.01953125 0.04597701149425287
0 0.5803333497882085 0.3368354649829325 0.01953125 0.04597701149425287
0 0.5871615455919844 0.375871666149478 0.01953125 0.04597701149425287
0 0.6013056654712345 0.4160559908797454 0.01953125 0.04597701149425287
0 0.567164686452355 0.36783480120342443 0.01953125 0.04597701149425287
0 0.5715542408976395 0.3046880051987187 0.01953125 0.04597701149425287
0 0.5700910560825446 0.28516990461544595 0.01953125 0.04597701149425287
0 0.5730174257127343 0.284021781051724 0.01953125 0.04597701149425287
0 0.5642383168221653 0.27828116323311436 0.01953125 0.04597701149425287
0 0.5554592079315962 0.2702442982870608 0.01953125 0.04597701149425287
0 0.5564346644749928 0.30928049945360625 0.01953125 0.04597701149425287
0 0.5471678273127255 0.26450368046845124 0.01953125 0.04597701149425287
0 0.5169286744674323 0.236948714939125 0.01953125 0.04597701149425287
0 0.5086372938485615 0.23924496206656887 0.01953125 0.04597701149425287
0 0.49644408705610454 0.23924496206656887 0.01953125 0.04597701149425287
0 0.5013213697730873 0.23005997355679347 0.01953125 0.04597701149425287
0 0.48717724989383726 0.24498557988517852 0.01953125 0.04597701149425287
0 0.48083678236175964 0.21628249079213036 0.01953125 0.04597701149425287
0 0.2389235595994133 0.14509882984137099 0.01953125 0.04597701149425287
0 0.24136220095790473 0.14739507696881485 0.01953125 0.04597701149425287
0 0.24575175540318925 0.1313213470767079 0.01953125 0.04597701149425287
0 0.2345340051541288 0.12558072925809827 0.01953125 0.04597701149425287
0 0.22965672243714602 0.12098823500321057 0.01953125 0.04597701149425287
0 0.22380398317676667 0.11639574074832287 0.01953125 0.04597701149425287
0 0.22234079836167184 0.10721075223854745 0.01953125 0.04597701149425287
0 0.22429171144846494 0.10376638154738171 0.01953125 0.04597701149425287
0 0.11699149167484361 0.14395070627764908 0.01953125 0.04597701149425287
0 0.09748236080691247 0.21972686148329615 0.01953125 0.04597701149425287
0 0.09114189327483486 0.18872752526280417 0.01953125 0.04597701149425287
0 0.07163276240690371 0.21168999653724266 0.01953125 0.04597701149425287
0 0.06431683833142951 0.2128381201009646 0.01953125 0.04597701149425287
0 0.2808681909654653 0.6353475915506331 0.01953125 0.04597701149425287
0 0.2633099731843273 0.7111237467562801 0.01953125 0.04597701149425287
0 0.30281596319188786 0.11639574074832287 0.01953125 0.04597701149425287
0 0.31988645270132765 0.12328448213065443 0.01953125 0.04597701149425287
0 0.3150091699843448 0.12328448213065443 0.01953125 0.04597701149425287
0 0.18771209107109404 0.15658006547859024 0.01953125 0.04597701149425287
0 0.05505000116916221 0.2656518040321731 0.01953125 0.04597701149425287
0 0.03554087030123106 0.17495004249814103 0.01953125 0.04597701149425287
0 0.17551888427863707 0.015355770409968801 0.01953125 0.04597701149425287
0 0.16869068847486118 0.01420764684624689 0.01953125 0.04597701149425287
0 0.15869225890504646 0.01018921437322013 0.01953125 0.04597701149425287
0 0.1930771020597751 0.015929832191829783 0.01953125 0.04597701149425287
0 0.17942071045222333 0.015355770409968801 0.01953125 0.04597701149425287
0 0.10991943173521858 0.0073189054639153294 0.01953125 0.04597701149425287
0 0.21063531984091313 0.022244511792300362 0.01953125 0.04597701149425287
0 0.2052703088522321 0.02339263535602232 0.01953125 0.04597701149425287
0 0.20112461854279673 0.02339263535602232 0.01953125 0.04597701149425287
0 0.2299005865729952 0.02167045001043943 0.01953125 0.04597701149425287
0 0.23599718996922364 0.022244511792300362 0.01953125 0.04597701149425287
0 0.27574704411263334 0.025688882483466142 0.01953125 0.04597701149425287
0 0.28867184331263773 0.02741106782904903 0.01953125 0.04597701149425287
0 0.282087511644711 0.02167045001043943 0.01953125 0.04597701149425287
0 0.294280718437168 0.02339263535602232 0.01953125 0.04597701149425287
0 0.3067177893654741 0.02167045001043943 0.01953125 0.04597701149425287
0 0.35475902412775456 0.02339263535602232 0.01953125 0.04597701149425287
0 0.3489062848673752 0.02626294426532712 0.01953125 0.04597701149425287
0 0.3079371100447198 0.05611415692209719 0.01953125 0.04597701149425287
0 0.30866870245226724 0.06242883652256777 0.01953125 0.04597701149425287
0 0.30403528387113354 0.06300289830442873 0.01953125 0.04597701149425287
0 0.3020843707843405 0.06242883652256777 0.01953125 0.04597701149425287
0 0.2986702728824525 0.06185477474070682 0.01953125 0.04597701149425287
0 0.29842640874660337 0.07103976325048222 0.01953125 0.04597701149425287
0 0.2935491260296206 0.07792850463281376 0.01953125 0.04597701149425287
0 0.30037732183339644 0.07965068997839667 0.01953125 0.04597701149425287
0 0.3023282349201896 0.0882616167063111 0.01953125 0.04597701149425287
0 0.3133021210334008 0.08998380205189399 0.01953125 0.04597701149425287
0 0.29964572942584905 0.10490940838027903 0.01953125 0.04597701149425287
0 0.29208594121452575 0.1020390994709742 0.01953125 0.04597701149425287
0 0.3137898493050992 0.16001933943893143 0.01953125 0.04597701149425287
0 0.3057423328220775 0.16059340122079244 0.01953125 0.04597701149425287
0 0.3045230121428319 0.15083435092915604 0.01953125 0.04597701149425287
0 0.3089125665881164 0.15657496874776566 0.01953125 0.04597701149425287
0 0.3162284906635905 0.10605753194400094 0.01953125 0.04597701149425287
0 0.3186671320220819 0.10031691412539132 0.01953125 0.04597701149425287
0 0.3213496375164224 0.08883567848817206 0.01953125 0.04597701149425287
0 0.33110420295038806 0.11696470579935923 0.01953125 0.04597701149425287
0 0.3289094257277458 0.12270532361796886 0.01953125 0.04597701149425287
0 0.33476216498812517 0.11983501470866403 0.01953125 0.04597701149425287
0 0.3398833118409571 0.1267237560909956 0.01953125 0.04597701149425287
0 0.3489062848673752 0.11926095292680308 0.01953125 0.04597701149425287
0 0.34305354560699586 0.12098313827238596 0.01953125 0.04597701149425287
0 0.3386639911617113 0.11237221154447152 0.01953125 0.04597701149425287
0 0.33281125190133204 0.11007596441702767 0.01953125 0.04597701149425287
0 0.3518326544975649 0.12098313827238596 0.01953125 0.04597701149425287
0 0.35524675239945286 0.1267237560909956 0.01953125 0.04597701149425287
0 0.3586608503013408 0.13935311529193675 0.01953125 0.04597701149425287
0 0.3481746924598278 0.1485381038017122 0.01953125 0.04597701149425287
0 0.3540274317202071 0.16001933943893143 0.01953125 0.04597701149425287
0 0.36622063851266407 0.16461183369381913 0.01953125 0.04597701149425287
0 0.3635381330183236 0.13648280638263197 0.01953125 0.04597701149425287
0 0.3615872199315305 0.12844594143657848 0.01953125 0.04597701149425287
0 0.3589047144371899 0.11524252045377634 0.01953125 0.04597701149425287
0 0.35597834480700025 0.1112240879807496 0.01953125 0.04597701149425287
0 0.34671150764473296 0.10318722303469613 0.01953125 0.04597701149425287
0 0.3423219531994484 0.08998380205189399 0.01953125 0.04597701149425287
0 0.3369569422107674 0.1697783897305678 0.01953125 0.04597701149425287
0 0.33817626289001307 0.16174152478451434 0.01953125 0.04597701149425287
0 0.3523203827692632 0.20020366416919885 0.01953125 0.04597701149425287
0 0.2918420770786766 0.18470399605895285 0.01953125 0.04597701149425287
0 0.3208619092447242 0.07965068997839667 0.01953125 0.04597701149425287
0 0.31232666449000435 0.07850256641467472 0.01953125 0.04597701149425287
0 0.2508729022560212 0.3075532173771989 0.01953125 0.04597701149425287
0 0.33329898017303033 0.09400223452492072 0.01953125 0.04597701149425287
0 0.3279339691843492 0.09629848165236458 0.01953125 0.04597701149425287
0 0.3115950720824569 0.04979947732162658 0.01953125 0.04597701149425287
0 0.2976948163390559 0.02167045001043943 0.01953125 0.04597701149425287
0 0.3701224646862504 0.011911399718803018 0.01953125 0.04597701149425287
0 0.36402586129002185 0.023966697137883252 0.01953125 0.04597701149425287
0 0.3586608503013408 0.02339263535602232 0.01953125 0.04597701149425287
0 0.3735365625881383 0.023966697137883252 0.01953125 0.04597701149425287
0 0.38475431283719874 0.01018921437322013 0.01953125 0.04597701149425287
0 0.3786577094409702 0.025688882483466142 0.01953125 0.04597701149425287
0 0.3289094257277458 0.3092754027227817 0.01953125 0.04597701149425287
0 0.3667083667843624 0.13476062103704906 0.01953125 0.04597701149425287
0 0.36865927987115554 0.12442750896355174 0.01953125 0.04597701149425287
0 0.36987860055040117 0.10605753194400094 0.01953125 0.04597701149425287
0 0.3759752039466297 0.11696470579935923 0.01953125 0.04597701149425287
0 0.3796331659843668 0.1140943968900544 0.01953125 0.04597701149425287
0 0.3845104487013496 0.12614969430913464 0.01953125 0.04597701149425287
0 0.378169981169272 0.1405012388556587 0.01953125 0.04597701149425287
0 0.3784138453051211 0.16001933943893143 0.01953125 0.04597701149425287
0 0.27599090824848255 0.29607198173997956 0.01953125 0.04597701149425287
0 0.36817155159945725 0.15083435092915604 0.01953125 0.04597701149425287
0 0.4052389002485265 0.1267237560909956 0.01953125 0.04597701149425287
0 0.41377414500324633 0.13074218856402234 0.01953125 0.04597701149425287
0 0.39109478036927636 0.1158165822356373 0.01953125 0.04597701149425287
0 0.2430692499088487 0.29549791995811864 0.01953125 0.04597701149425287
0 0.39450887827116426 0.09400223452492072 0.01953125 0.04597701149425287
0 0.3915825086409746 0.08481724601514531 0.01953125 0.04597701149425287
0 0.37573133981078055 0.33797849181582984 0.01953125 0.04597701149425287
0 0.48937202711647954 0.3402747389432737 0.01953125 0.04597701149425287
0 0.4879088423013847 0.21225896158827903 0.01953125 0.04597701149425287
0 0.49620022292025545 0.22029582653433252 0.01953125 0.04597701149425287
0 0.48229996717685447 0.20709240555153036 0.01953125 0.04597701149425287
0 0.464010156988169 0.20709240555153036 0.01953125 0.04597701149425287
0 0.4452326185277853 0.21111083802455713 0.01953125 0.04597701149425287
0 0.43986760753910426 0.19905554060547687 0.01953125 0.04597701149425287
0 0.42547962352400504 0.20996271446083523 0.01953125 0.04597701149425287
0 0.4181636994485309 0.17494494576731648 0.01953125 0.04597701149425287
0 0.413286416731548 0.1468159184561293 0.01953125 0.04597701149425287
0 0.40718981333531956 0.15083435092915604 0.01953125 0.04597701149425287
0 0.4203584766711731 0.15887121587520953 0.01953125 0.04597701149425287
0 0.4240164387089102 0.1462418566742683 0.01953125 0.04597701149425287
0 0.4296253138334404 0.14911216558357313 0.01953125 0.04597701149425287
0 0.250629038120172 0.2725354486836801 0.01953125 0.04597701149425287
0 0.44718353161457847 0.15542684518404376 0.01953125 0.04597701149425287
0 0.43986760753910426 0.16690808082126302 0.01953125 0.04597701149425287
0 0.44108692821834994 0.1468159184561293 0.01953125 0.04597701149425287
0 0.43279554759947914 0.15026028914729508 0.01953125 0.04597701149425287
0 0.4279182648824964 0.13935311529193675 0.01953125 0.04597701149425287
0 0.4242603028447593 0.13476062103704906 0.01953125 0.04597701149425287
0 0.42084620494287134 0.12844594143657848 0.01953125 0.04597701149425287
0 0.4659610700749622 0.1651858954756801 0.01953125 0.04597701149425287
0 0.45010990124476813 0.16690808082126302 0.01953125 0.04597701149425287
0 0.4313323627843843 0.12270532361796886 0.01953125 0.04597701149425287
0 0.4427939771692939 0.11868689114494213 0.01953125 0.04597701149425287
0 0.4513292219240138 0.11811282936308116 0.01953125 0.04597701149425287
0 0.4049950361126773 0.11639064401749828 0.01953125 0.04597701149425287
0 0.39914229685229796 0.11466845867191539 0.01953125 0.04597701149425287
0 0.3854859052447462 0.09687254343422554 0.01953125 0.04597701149425287
0 0.2676995276296118 0.2845907461027603 0.01953125 0.04597701149425287
0 0.3669522309202115 0.09629848165236458 0.01953125 0.04597701149425287
0 0.36183108406737957 0.10261316125283516 0.01953125 0.04597701149425287
0 0.30842483831641804 0.08596536957886723 0.01953125 0.04597701149425287
0 0.304766876278681 0.08883567848817206 0.01953125 0.04597701149425287
0 0.33281125190133204 0.07850256641467472 0.01953125 0.04597701149425287
0 0.3289094257277458 0.07965068997839667 0.01953125 0.04597701149425287
0 0.3386639911617113 0.06989163968676028 0.01953125 0.04597701149425287
0 0.4713260810636432 0.31960851479627905 0.01953125 0.04597701149425287
0 0.23477786928997796 0.31788632945069617 0.01953125 0.04597701149425287
0 0.35280811104096144 0.06989163968676028 0.01953125 0.04597701149425287
0 0.357197665486246 0.06989163968676028 0.01953125 0.04597701149425287
0 0.3489062848673752 0.06759539255931644 0.01953125 0.04597701149425287
0 0.23429014101827972 0.3293675650879154 0.01953125 0.04597701149425287
0 0.32159350165227163 0.06874351612303835 0.01953125 0.04597701149425287
0 0.3420780890635993 0.04578104484859985 0.01953125 0.04597701149425287
0 0.33427443671642687 0.04176261237557311 0.01953125 0.04597701149425287
0 0.33110420295038806 0.04750323019418274 0.01953125 0.04597701149425287
0 0.3279339691843492 0.05381790979465332 0.01953125 0.04597701149425287
0 0.32403214301076305 0.05783634226768008 0.01953125 0.04597701149425287
0 0.32208122992396987 0.04979947732162658 0.01953125 0.04597701149425287
0 0.31939872442962935 0.0463551066304608 0.01953125 0.04597701149425287
0 0.315253034120194 0.05266978623093141 0.01953125 0.04597701149425287
0 0.31988645270132765 0.03257762386579771 0.01953125 0.04597701149425287
0 0.32378827887491385 0.02741106782904903 0.01953125 0.04597701149425287
0 0.34110263252020273 0.024540758919744228 0.01953125 0.04597701149425287
0 0.3379323987541639 0.02167045001043943 0.01953125 0.04597701149425287
0 0.3540274317202071 0.04750323019418274 0.01953125 0.04597701149425287
0 0.350125605546621 0.05783634226768008 0.01953125 0.04597701149425287
0 0.35451515999190547 0.05266978623093141 0.01953125 0.04597701149425287
0 0.35890471443718996 0.0543919715765143 0.01953125 0.04597701149425287
0 0.3615872199315305 0.05152166266720948 0.01953125 0.04597701149425287
0 0.3652451819692676 0.04979947732162658 0.01953125 0.04597701149425287
0 0.3610994916598322 0.05898446583140199 0.01953125 0.04597701149425287
0 0.3630504047466253 0.06185477474070682 0.01953125 0.04597701149425287
0 0.36646450264851327 0.05668821870395815 0.01953125 0.04597701149425287
0 0.37402429085983663 0.05266978623093141 0.01953125 0.04597701149425287
0 0.3769506604900263 0.05898446583140199 0.01953125 0.04597701149425287
0 0.37743838876172453 0.05381790979465332 0.01953125 0.04597701149425287
0 0.3696347364145521 0.07792850463281376 0.01953125 0.04597701149425287
0 0.3657329102409658 0.06989163968676028 0.01953125 0.04597701149425287
0 0.3623188123390779 0.07046570146862123 0.01953125 0.04597701149425287
0 0.36646450264851327 0.0819469371058405 0.01953125 0.04597701149425287
0 0.3691470081428538 0.0819469371058405 0.01953125 0.04597701149425287
0 0.3728049701805909 0.09055786383375494 0.01953125 0.04597701149425287
0 0.37451201913153487 0.09629848165236458 0.01953125 0.04597701149425287
0 0.3762190680824789 0.08711349314258916 0.01953125 0.04597701149425287
0 0.37573133981078055 0.07965068997839667 0.01953125 0.04597701149425287
0 0.3786577094409702 0.08309506066956243 0.01953125 0.04597701149425287
0 0.3779261170334228 0.06989163968676028 0.01953125 0.04597701149425287
0 0.3820718073428582 0.07161382503234318 0.01953125 0.04597701149425287
0 0.3830472638862547 0.06702133077745547 0.01953125 0.04597701149425287
0 0.38475431283719874 0.05266978623093141 0.01953125 0.04597701149425287
0 0.38914386728248324 0.05152166266720948 0.01953125 0.04597701149425287
0 0.38841227487493585 0.0635769600862897 0.01953125 0.04597701149425287
0 0.3988984327164488 0.05152166266720948 0.01953125 0.04597701149425287
0 0.39548433481456086 0.05955852761326295 0.01953125 0.04597701149425287
0 0.39914229685229796 0.0635769600862897 0.01953125 0.04597701149425287
0 0.3996300251239962 0.07448413394164798 0.01953125 0.04597701149425287
0 0.3979229761730523 0.07792850463281376 0.01953125 0.04597701149425287
0 0.4042634437051299 0.08768755492445013 0.01953125 0.04597701149425287
0 0.4054827643843756 0.09400223452492072 0.01953125 0.04597701149425287
0 0.4076775416070178 0.10318722303469613 0.01953125 0.04597701149425287
0 0.40914072642211263 0.09572441987050362 0.01953125 0.04597701149425287
0 0.4103600471013583 0.08252099888770148 0.01953125 0.04597701149425287
0 0.40621435679192297 0.07678038106909184 0.01953125 0.04597701149425287
0 0.4032879871617333 0.06185477474070682 0.01953125 0.04597701149425287
0 0.40475117197682814 0.05783634226768008 0.01953125 0.04597701149425287
0 0.40475117197682814 0.05209572444907042 0.01953125 0.04597701149425287
0 0.41645665049758684 0.06415102186815065 0.01953125 0.04597701149425287
0 0.41426187327494457 0.05496603335837526 0.01953125 0.04597701149425287
0 0.41206709605230235 0.06300289830442873 0.01953125 0.04597701149425287
0 0.41182323191645315 0.024540758919744228 0.01953125 0.04597701149425287
0 0.4059704926560738 0.025688882483466142 0.01953125 0.04597701149425287
0 0.4171882429051343 0.0297073149564929 0.01953125 0.04597701149425287
0 0.42011461253532395 0.02339263535602232 0.01953125 0.04597701149425287
0 0.42279711802966446 0.02741106782904903 0.01953125 0.04597701149425287
0 0.42718667247494896 0.02741106782904903 0.01953125 0.04597701149425287
0 0.43303941173532834 0.02339263535602232 0.01953125 0.04597701149425287
0 0.43742896618061283 0.02798512961091001 0.01953125 0.04597701149425287
0 0.4423062488975956 0.024540758919744228 0.01953125 0.04597701149425287
0 0.446451939207031 0.025688882483466142 0.01953125 0.04597701149425287
0 0.4520608143315612 0.023966697137883252 0.01953125 0.04597701149425287
0 0.46474174939571644 0.02741106782904903 0.01953125 0.04597701149425287
0 0.47059448865609577 0.028559191392770994 0.01953125 0.04597701149425287
0 0.47278926587873804 0.028559191392770994 0.01953125 0.04597701149425287
0 0.47742268445987174 0.02741106782904903 0.01953125 0.04597701149425287
0 0.48083678236175964 0.030281376738353884 0.01953125 0.04597701149425287
0 0.49181066847497096 0.031429500302075794 0.01953125 0.04597701149425287
0 0.4957124946485572 0.0297073149564929 0.01953125 0.04597701149425287
0 0.5010775056372382 0.02741106782904903 0.01953125 0.04597701149425287
0 0.42377257457306106 0.05381790979465332 0.01953125 0.04597701149425287
0 0.4181636994485309 0.04750323019418274 0.01953125 0.04597701149425287
0 0.42645508006740157 0.04807729197604369 0.01953125 0.04597701149425287
0 0.4286498572900438 0.0635769600862897 0.01953125 0.04597701149425287
0 0.42450416698060844 0.06185477474070682 0.01953125 0.04597701149425287
0 0.43279554759947914 0.05554009514023621 0.01953125 0.04597701149425287
0 0.4347464606862723 0.05094760088534852 0.01953125 0.04597701149425287
0 0.43547805309381976 0.07103976325048222 0.01953125 0.04597701149425287
0 0.42279711802966446 0.07620631928723087 0.01953125 0.04597701149425287
0 0.422065525622117 0.09687254343422554 0.01953125 0.04597701149425287
0 0.414993465682492 0.0802247517602576 0.01953125 0.04597701149425287
0 0.4184075635843799 0.07965068997839667 0.01953125 0.04597701149425287
0 0.4184075635843799 0.09974285234353035 0.01953125 0.04597701149425287
0 0.4162127863617377 0.11237221154447152 0.01953125 0.04597701149425287
0 0.422065525622117 0.10777971728958383 0.01953125 0.04597701149425287
0 0.413286416731548 0.09916879056166937 0.01953125 0.04597701149425287
0 0.4240164387089102 0.12213126183610791 0.01953125 0.04597701149425287
0 0.4301130421051386 0.13074218856402234 0.01953125 0.04597701149425287
0 0.4284059931541947 0.16690808082126302 0.01953125 0.04597701149425287
0 0.4449887543919362 0.1709265132942897 0.01953125 0.04597701149425287
0 0.4466958033428801 0.14279748598310255 0.01953125 0.04597701149425287
0 0.4513292219240138 0.14222342420124157 0.01953125 0.04597701149425287
0 0.44547648266363443 0.13246437390960525 0.01953125 0.04597701149425287
0 0.43645350963721624 0.1020390994709742 0.01953125 0.04597701149425287
0 0.4432817054409922 0.10605753194400094 0.01953125 0.04597701149425287
0 0.4427939771692939 0.09228004917933784 0.01953125 0.04597701149425287
0 0.4386482868598585 0.0882616167063111 0.01953125 0.04597701149425287
0 0.4284059931541947 0.10663159372586191 0.01953125 0.04597701149425287
0 0.42718667247494896 0.08424318423328435 0.01953125 0.04597701149425287
0 0.4252357593881559 0.07161382503234318 0.01953125 0.04597701149425287
0 0.4286498572900438 0.07161382503234318 0.01953125 0.04597701149425287
0 0.4515730860598629 0.10261316125283516 0.01953125 0.04597701149425287
0 0.45059762951646637 0.09400223452492072 0.01953125 0.04597701149425287
0 0.45059762951646637 0.08998380205189399 0.01953125 0.04597701149425287
0 0.4459642109353327 0.08366912245142338 0.01953125 0.04597701149425287
0 0.4432817054409922 0.07276194859606509 0.01953125 0.04597701149425287
0 0.4408430640825008 0.07792850463281376 0.01953125 0.04597701149425287
0 0.4486467164296733 0.07391007215978702 0.01953125 0.04597701149425287
0 0.4496221729730698 0.0664472689955945 0.01953125 0.04597701149425287
0 0.4542555915542035 0.0681694543411774 0.01953125 0.04597701149425287
0 0.4542555915542035 0.07620631928723087 0.01953125 0.04597701149425287
0 0.4547433198259017 0.08424318423328435 0.01953125 0.04597701149425287
0 0.45669423291269484 0.09859472877980842 0.01953125 0.04597701149425287
0 0.45718196118439314 0.1140943968900544 0.01953125 0.04597701149425287
0 0.4613276514938285 0.13246437390960525 0.01953125 0.04597701149425287
0 0.46010833081458286 0.13648280638263197 0.01953125 0.04597701149425287
0 0.46571720593911303 0.13705686816449292 0.01953125 0.04597701149425287
0 0.4710822169277941 0.13877905351007583 0.01953125 0.04597701149425287
0 0.47083835279194497 0.20594428198780845 0.01953125 0.04597701149425287
0 0.4825438313127037 0.15485278340218278 0.01953125 0.04597701149425287
0 0.4896158912523287 0.15887121587520953 0.01953125 0.04597701149425287
0 0.4896158912523287 0.14738998023799027 0.01953125 0.04597701149425287
0 0.4959563587844063 0.14279748598310255 0.01953125 0.04597701149425287
0 0.49522476637685886 0.16174152478451434 0.01953125 0.04597701149425287
0 0.49278612501836755 0.19101867565942343 0.01953125 0.04597701149425287
0 0.479617461682514 0.18470399605895285 0.01953125 0.04597701149425287
0 0.4852263368070442 0.1732227604217336 0.01953125 0.04597701149425287
0 0.47205767347119065 0.07792850463281376 0.01953125 0.04597701149425287
0 0.4696190321126993 0.08711349314258916 0.01953125 0.04597701149425287
0 0.4747401789655311 0.08596536957886723 0.01953125 0.04597701149425287
0 0.4759594996447769 0.09113192561561591 0.01953125 0.04597701149425287
0 0.4793735975466648 0.11868689114494213 0.01953125 0.04597701149425287
0 0.46279083630892337 0.12213126183610791 0.01953125 0.04597701149425287
0 0.4696190321126993 0.12614969430913464 0.01953125 0.04597701149425287
0 0.4579135535919406 0.1709265132942897 0.01953125 0.04597701149425287
0 0.4910790760674235 0.1140943968900544 0.01953125 0.04597701149425287
0 0.4942493098334624 0.1112240879807496 0.01953125 0.04597701149425287
0 0.4976634077353503 0.11237221154447152 0.01953125 0.04597701149425287
0 0.4901036195240269 0.09802066699794747 0.01953125 0.04597701149425287
0 0.48278769544855277 0.09400223452492072 0.01953125 0.04597701149425287
0 0.47425245069383287 0.10777971728958383 0.01953125 0.04597701149425287
0 0.47912973341081566 0.10376128481655708 0.01953125 0.04597701149425287
0 0.4669365266183587 0.10663159372586191 0.01953125 0.04597701149425287
0 0.456938097048544 0.0635769600862897 0.01953125 0.04597701149425287
0 0.44913444470137154 0.05381790979465332 0.01953125 0.04597701149425287
0 0.4442571619843888 0.05381790979465332 0.01953125 0.04597701149425287
0 0.43913601513155687 0.05783634226768008 0.01953125 0.04597701149425287
0 0.46279083630892337 0.06185477474070682 0.01953125 0.04597701149425287
0 0.46547334180326383 0.06989163968676028 0.01953125 0.04597701149425287
0 0.4623031080372251 0.07046570146862123 0.01953125 0.04597701149425287
0 0.4581574177277897 0.07046570146862123 0.01953125 0.04597701149425287
0 0.46108378735797934 0.0819469371058405 0.01953125 0.04597701149425287
0 0.4620592439013759 0.09285411096119879 0.01953125 0.04597701149425287
0 0.47791041273157 0.05152166266720948 0.01953125 0.04597701149425287
0 0.48449474439949675 0.05496603335837526 0.01953125 0.04597701149425287
0 0.4852263368070442 0.05209572444907042 0.01953125 0.04597701149425287
0 0.48937202711647954 0.0543919715765143 0.01953125 0.04597701149425287
0 0.488396570573083 0.04750323019418274 0.01953125 0.04597701149425287
0 0.4942493098334624 0.04979947732162658 0.01953125 0.04597701149425287
0 0.4944931739693115 0.05783634226768008 0.01953125 0.04597701149425287
0 0.49254226088251835 0.05898446583140199 0.01953125 0.04597701149425287
0 0.488396570573083 0.06185477474070682 0.01953125 0.04597701149425287
0 0.4740085865579837 0.06759539255931644 0.01953125 0.04597701149425287
0 0.47912973341081566 0.06587320721373355 0.01953125 0.04597701149425287
0 0.4825438313127037 0.07046570146862123 0.01953125 0.04597701149425287
0 0.4859579292145916 0.06702133077745547 0.01953125 0.04597701149425287
0 0.486689521622139 0.07505819572350896 0.01953125 0.04597701149425287
0 0.47986132581836305 0.07965068997839667 0.01953125 0.04597701149425287
0 0.49181066847497096 0.07218788681420413 0.01953125 0.04597701149425287
0 0.4966879511919537 0.07218788681420413 0.01953125 0.04597701149425287
0 0.4306007703768369 0.3397006771614127 0.01953125 0.04597701149425287
0 0.48449474439949675 0.08711349314258916 0.01953125 0.04597701149425287
0 0.3898754596900307 0.09802066699794747 0.01953125 0.04597701149425287
0 0.357197665486246 0.08768755492445013 0.01953125 0.04597701149425287
0 0.35207651863341405 0.08366912245142338 0.01953125 0.04597701149425287
0 0.34622377937303467 0.0819469371058405 0.01953125 0.04597701149425287
0 0.3423219531994484 0.08309506066956243 0.01953125 0.04597701149425287
0 0.3389078552975605 0.08596536957886723 0.01953125 0.04597701149425287
0 0.33622534980322 0.08768755492445013 0.01953125 0.04597701149425287
0 0.3384201270258622 0.09629848165236458 0.01953125 0.04597701149425287
0 0.3054984686862284 0.07563225750536992 0.01953125 0.04597701149425287
0 0.3076932459088707 0.11869198787576671 0.01953125 0.04597701149425287
0 0.3086687024522673 0.09917388729249398 0.01953125 0.04597701149425287
0 0.30379141973528445 0.09917388729249398 0.01953125 0.04597701149425287
0 0.5617996754636739 0.5974595139478095 0.01953125 0.04597701149425287
0 0.5891124586787776 0.4619809334286224 0.01953125 0.04597701149425287
0 0.6095970460901052 0.4723140455021197 0.01953125 0.04597701149425287
0 0.48181223890515623 0.6273107266045795 0.01953125 0.04597701149425287
0 0.6310570900448296 0.4172041144434672 0.01953125 0.04597701149425287
0 0.6222779811542606 0.39538976673275067 0.01953125 0.04597701149425287
0 0.6378852858486055 0.39768601386019453 0.01953125 0.04597701149425287
0 0.6164252418938813 0.3196136115271036 0.01953125 0.04597701149425287
0 0.6276429921429416 0.3046880051987187 0.01953125 0.04597701149425287
0 0.6349589162184158 0.3517610713113175 0.01953125 0.04597701149425287
0 0.6217902528825622 0.36783480120342443 0.01953125 0.04597701149425287
0 0.6422748402938899 0.3735754190220341 0.01953125 0.04597701149425287
0 0.6525171339995538 0.41375974375230146 0.01953125 0.04597701149425287
0 0.654468047086347 0.30813237588988446 0.01953125 0.04597701149425287
0 0.6500784926410624 0.3207617350908256 0.01953125 0.04597701149425287
0 0.6427625685655882 0.2886142753066116 0.01953125 0.04597701149425287
0 0.6081338612750105 0.32190985865454746 0.01953125 0.04597701149425287
0 0.5949651979391569 0.22546747930190575 0.01953125 0.04597701149425287
0 0.49644408705610465 0.08711349314258916 0.01953125 0.04597701149425287
0 0.5054670600825227 0.07505819572350896 0.01953125 0.04597701149425287
0 0.507661837305165 0.07391007215978702 0.01953125 0.04597701149425287
0 0.5030284187240314 0.1020390994709742 0.01953125 0.04597701149425287
0 0.5079057014410142 0.10605753194400094 0.01953125 0.04597701149425287
0 0.49498090224100977 0.09859472877980842 0.01953125 0.04597701149425287
0 0.5083934297127124 0.08596536957886723 0.01953125 0.04597701149425287
0 0.5120513917504496 0.08481724601514531 0.01953125 0.04597701149425287
0 0.5249761909504539 0.16288964834823624 0.01953125 0.04597701149425287
0 0.5140023048372426 0.20020366416919885 0.01953125 0.04597701149425287
0 0.5257077833580013 0.197907417041755 0.01953125 0.04597701149425287
0 0.509368886256109 0.16059340122079244 0.01953125 0.04597701149425287
0 0.5044916035391261 0.15313059805659987 0.01953125 0.04597701149425287
0 0.51473389724479 0.14279748598310255 0.01953125 0.04597701149425287
0 0.5349746205202686 0.14279748598310255 0.01953125 0.04597701149425287
0 0.5264393757655488 0.15083435092915604 0.01953125 0.04597701149425287
0 0.5388764466938548 0.16174152478451434 0.01953125 0.04597701149425287
0 0.5320482508900789 0.16403777191195815 0.01953125 0.04597701149425287
0 0.5357062129278161 0.15255653627473892 0.01953125 0.04597701149425287
0 0.5437537294108377 0.20077772595105978 0.01953125 0.04597701149425287
0 0.5505819252146136 0.20938865267897425 0.01953125 0.04597701149425287
0 0.5315605226183807 0.20594428198780845 0.01953125 0.04597701149425287
0 0.5349746205202686 0.20594428198780845 0.01953125 0.04597701149425287
0 0.5418028163240446 0.18298181071336994 0.01953125 0.04597701149425287
0 0.5591171699693335 0.17264869863987262 0.01953125 0.04597701149425287
0 0.5669208223165059 0.17494494576731648 0.01953125 0.04597701149425287
0 0.5600926265127301 0.20709240555153036 0.01953125 0.04597701149425287
0 0.5678962788599025 0.20422209664222557 0.01953125 0.04597701149425287
0 0.5742367463919801 0.21111083802455713 0.01953125 0.04597701149425287
0 0.5739928822561309 0.23694361820830043 0.01953125 0.04597701149425287
0 0.591551100037269 0.21512927049758387 0.01953125 0.04597701149425287
0 0.5920388283089673 0.18585211962267476 0.01953125 0.04597701149425287
0 0.5800894856523594 0.17609306933103838 0.01953125 0.04597701149425287
0 0.5908195076297216 0.15772309231148757 0.01953125 0.04597701149425287
0 0.5727735615768852 0.1158165822356373 0.01953125 0.04597701149425287
0 0.5605803547844282 0.12270532361796886 0.01953125 0.04597701149425287
0 0.5605803547844282 0.1405012388556587 0.01953125 0.04597701149425287
0 0.5642383168221654 0.14279748598310255 0.01953125 0.04597701149425287
0 0.5530205665731049 0.1405012388556587 0.01953125 0.04597701149425287
0 0.5535082948448032 0.11466845867191539 0.01953125 0.04597701149425287
0 0.5474116914485747 0.12442750896355174 0.01953125 0.04597701149425287
0 0.5393641749655531 0.12442750896355174 0.01953125 0.04597701149425287
0 0.5359500770636652 0.11811282936308116 0.01953125 0.04597701149425287
0 0.5447291859542343 0.11811282936308116 0.01953125 0.04597701149425287
0 0.5405834956447989 0.13648280638263197 0.01953125 0.04597701149425287
0 0.5415589521881954 0.14738998023799027 0.01953125 0.04597701149425287
0 0.5191234516900746 0.11983501470866403 0.01953125 0.04597701149425287
0 0.5237568702712082 0.09916879056166937 0.01953125 0.04597701149425287
0 0.5183918592825271 0.10433534659841805 0.01953125 0.04597701149425287
0 0.5091250221202598 0.3006644759948673 0.01953125 0.04597701149425287
0 0.5037600111315788 0.06587320721373355 0.01953125 0.04597701149425287
0 0.5008336415013891 0.05898446583140199 0.01953125 0.04597701149425287
0 0.5010775056372382 0.04807729197604369 0.01953125 0.04597701149425287
0 0.4979072718711995 0.037744179902546374 0.01953125 0.04597701149425287
0 0.4944931739693115 0.037744179902546374 0.01953125 0.04597701149425287
0 0.5054670600825227 0.02626294426532712 0.01953125 0.04597701149425287
0 0.5171725386032815 0.015355770409968801 0.01953125 0.04597701149425287
0 0.4888842988447813 0.023966697137883252 0.01953125 0.04597701149425287
0 0.5186357234183763 0.08079881354211858 0.01953125 0.04597701149425287
0 0.512782984157997 0.07046570146862123 0.01953125 0.04597701149425287
0 0.5086372938485616 0.06185477474070682 0.01953125 0.04597701149425287
0 0.5115636634787513 0.05381790979465332 0.01953125 0.04597701149425287
0 0.51473389724479 0.06013258939512393 0.01953125 0.04597701149425287
0 0.5318043867542298 0.017652017537412672 0.01953125 0.04597701149425287
0 0.5266832399013979 0.02626294426532712 0.01953125 0.04597701149425287
0 0.5249761909504539 0.02741106782904903 0.01953125 0.04597701149425287
0 0.5218059571844151 0.02798512961091001 0.01953125 0.04597701149425287
0 0.5410712239164971 0.025688882483466142 0.01953125 0.04597701149425287
0 0.5447291859542343 0.024540758919744228 0.01953125 0.04597701149425287
0 0.5518012458938593 0.01822607931927365 0.01953125 0.04597701149425287
0 0.5717981050334886 0.013633585064385912 0.01953125 0.04597701149425287
0 0.5596048982410317 0.030281376738353884 0.01953125 0.04597701149425287
0 0.5617996754636739 0.031429500302075794 0.01953125 0.04597701149425287
0 0.5313166584825315 0.06300289830442873 0.01953125 0.04597701149425287
0 0.5330237074334755 0.06472508365001162 0.01953125 0.04597701149425287
0 0.5249761909504539 0.07505819572350896 0.01953125 0.04597701149425287
0 0.5242445985429065 0.06242883652256777 0.01953125 0.04597701149425287
0 0.5222936854561134 0.05554009514023621 0.01953125 0.04597701149425287
0 0.5200989082334712 0.06300289830442873 0.01953125 0.04597701149425287
0 0.5335114357051738 0.08366912245142338 0.01953125 0.04597701149425287
0 0.5288780171240401 0.08424318423328435 0.01953125 0.04597701149425287
0 0.5344868922485704 0.09916879056166937 0.01953125 0.04597701149425287
0 0.5379009901504582 0.09228004917933784 0.01953125 0.04597701149425287
0 0.5381448542863074 0.08252099888770148 0.01953125 0.04597701149425287
0 0.5422905445957428 0.0681694543411774 0.01953125 0.04597701149425287
0 0.5383887184221566 0.06300289830442873 0.01953125 0.04597701149425287
0 0.5420466804598937 0.05955852761326295 0.01953125 0.04597701149425287
0 0.5437537294108377 0.05266978623093141 0.01953125 0.04597701149425287
0 0.5449730500900833 0.06300289830442873 0.01953125 0.04597701149425287
0 0.5498503328070662 0.06013258939512393 0.01953125 0.04597701149425287
0 0.5500941969429153 0.06989163968676028 0.01953125 0.04597701149425287
0 0.5469239631768764 0.07161382503234318 0.01953125 0.04597701149425287
0 0.5493626045353678 0.07792850463281376 0.01953125 0.04597701149425287
0 0.5418028163240446 0.0790766281965357 0.01953125 0.04597701149425287
0 0.5447291859542343 0.09055786383375494 0.01953125 0.04597701149425287
0 0.5420466804598937 0.09285411096119879 0.01953125 0.04597701149425287
0 0.5405834956447989 0.10720565550772287 0.01953125 0.04597701149425287
0 0.5469239631768764 0.09916879056166937 0.01953125 0.04597701149425287
0 0.551313517622161 0.09974285234353035 0.01953125 0.04597701149425287
0 0.5552153437957472 0.10089097590725227 0.01953125 0.04597701149425287
0 0.5559469362032946 0.0819469371058405 0.01953125 0.04597701149425287
0 0.5596048982410317 0.07965068997839667 0.01953125 0.04597701149425287
0 0.5625312678712213 0.08252099888770148 0.01953125 0.04597701149425287
0 0.5571662568825403 0.0681694543411774 0.01953125 0.04597701149425287
0 0.5581417134259369 0.05209572444907042 0.01953125 0.04597701149425287
0 0.5735051539844327 0.09113192561561591 0.01953125 0.04597701149425287
0 0.5693594636749973 0.09113192561561591 0.01953125 0.04597701149425287
0 0.5705787843542429 0.07620631928723087 0.01953125 0.04597701149425287
0 0.5686278712674498 0.07276194859606509 0.01953125 0.04597701149425287
0 0.5664330940448076 0.06185477474070682 0.01953125 0.04597701149425287
0 0.5698471919466955 0.06472508365001162 0.01953125 0.04597701149425287
0 0.5705787843542429 0.05496603335837526 0.01953125 0.04597701149425287
0 0.5849667683693421 0.02798512961091001 0.01953125 0.04597701149425287
0 0.5886247304070793 0.028559191392770994 0.01953125 0.04597701149425287
0 0.593502013124062 0.031429500302075794 0.01953125 0.04597701149425287
0 0.6025249861504802 0.0297073149564929 0.01953125 0.04597701149425287
0 0.6113040950410493 0.034299809211380594 0.01953125 0.04597701149425287
0 0.6166691060297304 0.031429500302075794 0.01953125 0.04597701149425287
0 0.6220341170184114 0.031429500302075794 0.01953125 0.04597701149425287
0 0.6291061769580364 0.03257762386579771 0.01953125 0.04597701149425287
0 0.6347150520825667 0.0297073149564929 0.01953125 0.04597701149425287
0 0.6432502968372865 0.032003562083936773 0.01953125 0.04597701149425287
0 0.6488591719618167 0.0297073149564929 0.01953125 0.04597701149425287
0 0.6537364546787995 0.03257762386579771 0.01953125 0.04597701149425287
0 0.6400800630712478 0.03372574742951964 0.01953125 0.04597701149425287
0 0.5676524147240533 0.11811282936308116 0.01953125 0.04597701149425287
0 0.5769192518863205 0.12844594143657848 0.01953125 0.04597701149425287
0 0.581064942195756 0.13016812678216141 0.01953125 0.04597701149425287
0 0.588137002135381 0.13648280638263197 0.01953125 0.04597701149425287
0 0.5969161110259501 0.1330384356914662 0.01953125 0.04597701149425287
0 0.6013056654712345 0.18183368714964804 0.01953125 0.04597701149425287
0 0.6081338612750105 0.17494494576731648 0.01953125 0.04597701149425287
0 0.6137427363995406 0.16805620438498492 0.01953125 0.04597701149425287
0 0.6198393397957691 0.16059340122079244 0.01953125 0.04597701149425287
0 0.6176445625731268 0.19618523169617208 0.01953125 0.04597701149425287
0 0.6035004426938768 0.20881459089711327 0.01953125 0.04597701149425287
0 0.6420309761580408 0.2191477029706106 0.01953125 0.04597701149425287
0 0.6298377693655839 0.1468159184561293 0.01953125 0.04597701149425287
0 0.6332518672674718 0.13820499172821485 0.01953125 0.04597701149425287
0 0.6225218452901097 0.13820499172821485 0.01953125 0.04597701149425287
0 0.6193516115240709 0.1485381038017122 0.01953125 0.04597701149425287
0 0.6137427363995406 0.13877905351007583 0.01953125 0.04597701149425287
0 0.6161813777580321 0.1313162503458833 0.01953125 0.04597701149425287
0 0.6088654536825578 0.12614969430913464 0.01953125 0.04597701149425287
0 0.6022811220146311 0.13074218856402234 0.01953125 0.04597701149425287
0 0.6078899971391614 0.14222342420124157 0.01953125 0.04597701149425287
0 0.6005740730636872 0.16288964834823624 0.01953125 0.04597701149425287
0 0.6059390840523682 0.15083435092915604 0.01953125 0.04597701149425287
0 0.5959406544825535 0.12098313827238596 0.01953125 0.04597701149425287
0 0.5959406544825535 0.10835377907144478 0.01953125 0.04597701149425287
0 0.5927704207165146 0.11926095292680308 0.01953125 0.04597701149425287
0 0.5883808662712302 0.11639064401749828 0.01953125 0.04597701149425287
0 0.5905756434938724 0.1020390994709742 0.01953125 0.04597701149425287
0 0.5871615455919844 0.10490940838027903 0.01953125 0.04597701149425287
0 0.5835035835542474 0.1020390994709742 0.01953125 0.04597701149425287
0 0.5781385725655663 0.10433534659841805 0.01953125 0.04597701149425287
0 0.5786263008372646 0.09572441987050362 0.01953125 0.04597701149425287
0 0.5798456215165102 0.08768755492445013 0.01953125 0.04597701149425287
0 0.5859422249127387 0.09170598739747686 0.01953125 0.04597701149425287
0 0.5883808662712302 0.09113192561561591 0.01953125 0.04597701149425287
0 0.5766753877504714 0.08424318423328435 0.01953125 0.04597701149425287
0 0.5800894856523594 0.05783634226768008 0.01953125 0.04597701149425287
0 0.5530205665731049 0.06185477474070682 0.01953125 0.04597701149425287
0 0.5995986165202906 0.10261316125283516 0.01953125 0.04597701149425287
0 0.5971599751617992 0.09802066699794747 0.01953125 0.04597701149425287
0 0.6037443068297259 0.08768755492445013 0.01953125 0.04597701149425287
0 0.607158404731614 0.10031691412539132 0.01953125 0.04597701149425287
0 0.6103286384976527 0.10376128481655708 0.01953125 0.04597701149425287
0 0.6088654536825578 0.1140943968900544 0.01953125 0.04597701149425287
0 0.6152059212146355 0.10663159372586191 0.01953125 0.04597701149425287
0 0.6144743288070881 0.11466845867191539 0.01953125 0.04597701149425287
0 0.6210586604750148 0.1129462733263325 0.01953125 0.04597701149425287
0 0.6183761549806743 0.10089097590725227 0.01953125 0.04597701149425287
0 0.6149620570787864 0.09457629630678169 0.01953125 0.04597701149425287
0 0.5727735615768852 0.2828685607571774 0.01953125 0.04597701149425287
0 0.6303254976372822 0.18412993427709187 0.01953125 0.04597701149425287
0 0.6456889381957779 0.1852780578408138 0.01953125 0.04597701149425287
0 0.6569066884448383 0.17207463685801166 0.01953125 0.04597701149425287
0 0.6532487264071013 0.15255653627473892 0.01953125 0.04597701149425287
0 0.6478837154184202 0.13935311529193675 0.01953125 0.04597701149425287
0 0.6427625685655882 0.13476062103704906 0.01953125 0.04597701149425287
0 0.6369098293052089 0.15485278340218278 0.01953125 0.04597701149425287
0 0.6627594277052177 0.20824052911525232 0.01953125 0.04597701149425287
0 0.6591014656674806 0.14337154776496353 0.01953125 0.04597701149425287
0 0.6591014656674806 0.15657496874776566 0.01953125 0.04597701149425287
0 0.6539803188146487 0.13820499172821485 0.01953125 0.04597701149425287
0 0.6566628243089891 0.12902000321843943 0.01953125 0.04597701149425287
0 0.6486153078259675 0.1112240879807496 0.01953125 0.04597701149425287
0 0.6386168782561529 0.11811282936308116 0.01953125 0.04597701149425287
0 0.6288623128221873 0.10490940838027903 0.01953125 0.04597701149425287
0 0.6313009541806787 0.10605753194400094 0.01953125 0.04597701149425287
0 0.6364221010335106 0.10605753194400094 0.01953125 0.04597701149425287
0 0.6298377693655839 0.1140943968900544 0.01953125 0.04597701149425287
0 0.6227657094259588 0.09170598739747686 0.01953125 0.04597701149425287
0 0.6261798073278467 0.09170598739747686 0.01953125 0.04597701149425287
0 0.6242288942410537 0.07850256641467472 0.01953125 0.04597701149425287
0 0.6039881709655751 0.07218788681420413 0.01953125 0.04597701149425287
0 0.6086215895467088 0.0819469371058405 0.01953125 0.04597701149425287
0 0.6086215895467088 0.07792850463281376 0.01953125 0.04597701149425287
0 0.617888426708976 0.06242883652256777 0.01953125 0.04597701149425287
0 0.6137427363995406 0.06415102186815065 0.01953125 0.04597701149425287
0 0.5981354317051958 0.05381790979465332 0.01953125 0.04597701149425287
0 0.5859422249127387 0.06472508365001162 0.01953125 0.04597701149425287
0 0.5822842628750017 0.0681694543411774 0.01953125 0.04597701149425287
0 0.577650844293868 0.07505819572350896 0.01953125 0.04597701149425287
0 0.5749683387995275 0.06587320721373355 0.01953125 0.04597701149425287
0 0.577650844293868 0.06070665117698488 0.01953125 0.04597701149425287
0 0.5869176814561353 0.07620631928723087 0.01953125 0.04597701149425287
0 0.5900879152221741 0.08424318423328435 0.01953125 0.04597701149425287
0 0.6171568343014286 0.07505819572350896 0.01953125 0.04597701149425287
0 0.6181322908448251 0.08883567848817206 0.01953125 0.04597701149425287
0 0.6232534376976571 0.0664472689955945 0.01953125 0.04597701149425287
0 0.6261798073278467 0.06070665117698488 0.01953125 0.04597701149425287
0 0.6208147963391657 0.05152166266720948 0.01953125 0.04597701149425287
0 0.640567791342946 0.07046570146862123 0.01953125 0.04597701149425287
0 0.6330080031316226 0.08596536957886723 0.01953125 0.04597701149425287
0 0.6388607423920021 0.08596536957886723 0.01953125 0.04597701149425287
0 0.6359343727618124 0.09572441987050362 0.01953125 0.04597701149425287
0 0.649346900233515 0.09802066699794747 0.01953125 0.04597701149425287
0 0.6469082588750237 0.09515035808864264 0.01953125 0.04597701149425287
0 0.6437380251089848 0.10318722303469613 0.01953125 0.04597701149425287
0 0.6593453298033297 0.07620631928723087 0.01953125 0.04597701149425287
0 0.651053949184459 0.07620631928723087 0.01953125 0.04597701149425287
0 0.6515416774561572 0.05496603335837526 0.01953125 0.04597701149425287
0 0.6452012099240797 0.06415102186815065 0.01953125 0.04597701149425287
0 0.6554435036297435 0.0635769600862897 0.01953125 0.04597701149425287
0 0.652760998135403 0.07046570146862123 0.01953125 0.04597701149425287
0 0.658126009124084 0.06759539255931644 0.01953125 0.04597701149425287
0 0.6644664766561617 0.05668821870395815 0.01953125 0.04597701149425287
0 0.6639787483844634 0.06874351612303835 0.01953125 0.04597701149425287
0 0.6569066884448383 0.10490940838027903 0.01953125 0.04597701149425287
0 0.6593453298033297 0.09802066699794747 0.01953125 0.04597701149425287
0 0.6583698732599332 0.11007596441702767 0.01953125 0.04597701149425287
0 0.65641896017314 0.11466845867191539 0.01953125 0.04597701149425287
0 0.5232691419995099 0.3236269472693058 0.01953125 0.04597701149425287
0 0.5771631160221697 0.16403777191195815 0.01953125 0.04597701149425287
0 0.5635067244146179 0.07448413394164798 0.01953125 0.04597701149425287
0 0.5598487623768809 0.05783634226768008 0.01953125 0.04597701149425287
0 0.6327641389957736 0.06013258939512393 0.01953125 0.04597701149425287
0 0.6383730141203037 0.05783634226768008 0.01953125 0.04597701149425287
0 0.39207023691267295 0.2036531315911891 0.01953125 0.04597701149425287
0 0.3808524866636125 0.21283812010096453 0.01953125 0.04597701149425287
0 0.39207023691267295 0.1806906603167506 0.01953125 0.04597701149425287
0 0.25501859256545656 0.1979125137725795 0.01953125 0.04597701149425287
0 0.6715385365957867 0.4137597437523014 0.01953125 0.04597701149425287
0 0.6866581130184333 0.4401665857179057 0.01953125 0.04597701149425287
0 0.6695876235089935 0.48149903401189503 0.01953125 0.04597701149425287
0 0.7227500051241059 0.41146349662485754 0.01953125 0.04597701149425287
0 0.6910476674637178 0.37357541902203406 0.01953125 0.04597701149425287
0 0.7100690700599507 0.4217966086983549 0.01953125 0.04597701149425287
0 0.6754403627693728 0.3310948471643228 0.01953125 0.04597701149425287
0 0.6627594277052177 0.3150211172722159 0.01953125 0.04597701149425287
0 0.6832440151165453 0.30124363450755276 0.01953125 0.04597701149425287
0 0.6837317433882436 0.27828116323311425 0.01953125 0.04597701149425287
0 0.682756286844847 0.2610593097772853 0.01953125 0.04597701149425287
0 0.6690998952372952 0.25187432126750997 0.01953125 0.04597701149425287
0 0.6515416774561572 0.2541705683949538 0.01953125 0.04597701149425287
0 0.6217902528825622 0.25991118621356346 0.01953125 0.04597701149425287
0 0.7008022328976834 0.35979793625737094 0.01953125 0.04597701149425287
0 0.7008022328976834 0.3276504764731571 0.01953125 0.04597701149425287
0 0.71592180932033 0.34372420636526396 0.01953125 0.04597701149425287
0 0.7168972658637266 0.3173173643996597 0.01953125 0.04597701149425287
0 0.7315291140146749 0.3219098586545474 0.01953125 0.04597701149425287
0 0.7490873317958129 0.33568734141921047 0.01953125 0.04597701149425287
0 0.7320168422863732 0.389649148914141 0.01953125 0.04597701149425287
0 0.7398204946335457 0.4677215512472319 0.01953125 0.04597701149425287
0 0.7534768862410974 0.4217966086983549 0.01953125 0.04597701149425287
0 0.7017776894410799 0.48035091044817296 0.01953125 0.04597701149425287
0 0.8115165505731926 0.43787033859046176 0.01953125 0.04597701149425287
0 0.7915196914335633 0.41720411444346717 0.01953125 0.04597701149425287
0 0.7490873317958129 0.39424164316902865 0.01953125 0.04597701149425287
0 0.7481118752524164 0.3609460598210929 0.01953125 0.04597701149425287
0 0.7573787124146838 0.37357541902203406 0.01953125 0.04597701149425287
0 0.7685964626637442 0.33683546498293243 0.01953125 0.04597701149425287
0 0.7656700930335545 0.3207617350908255 0.01953125 0.04597701149425287
0 0.7715228322939338 0.296651140252665 0.01953125 0.04597701149425287
0 0.7885933218033736 0.297799263816387 0.01953125 0.04597701149425287
0 0.7837160390863908 0.3219098586545474 0.01953125 0.04597701149425287
0 0.8071269961279082 0.3150211172722159 0.01953125 0.04597701149425287
0 0.7988356155090373 0.28172553392428007 0.01953125 0.04597701149425287
0 0.8159061050184772 0.30124363450755276 0.01953125 0.04597701149425287
0 0.8144429202033823 0.2886142753066116 0.01953125 0.04597701149425287
0 0.810541094029796 0.4137597437523014 0.01953125 0.04597701149425287
0 0.7876178652599769 0.27828116323311425 0.01953125 0.04597701149425287
0 0.7890810500750719 0.26450368046845113 0.01953125 0.04597701149425287
0 0.5149777613806392 0.129025099949264 0.01953125 0.04597701149425287
0 0.5144900331089409 0.12672885282182017 0.01953125 0.04597701149425287
0 0.5125391200221477 0.10835887580226936 0.01953125 0.04597701149425287
0 0.6754403627693728 0.18068556358592616 0.01953125 0.04597701149425287
0 0.6722701290033339 0.16174152478451442 0.01953125 0.04597701149425287
0 0.6686121669655968 0.16690808082126307 0.01953125 0.04597701149425287
0 0.6505662209127606 0.20135178773292084 0.01953125 0.04597701149425287
0 0.6378852858486053 0.2122589615882791 0.01953125 0.04597701149425287
0 0.8276115835392357 0.30927540272278187 0.01953125 0.04597701149425287
0 0.6342273238108682 0.16977838973056789 0.01953125 0.04597701149425287
0 0.6332518672674717 0.15255653627473897 0.01953125 0.04597701149425287
0 0.8107849581656451 0.3368303682521081 0.01953125 0.04597701149425287
0 0.7339677553731662 0.3127197734139477 0.01953125 0.04597701149425287
0 0.7854230880373345 0.27253544868368024 0.01953125 0.04597701149425287
0 0.6737333138184288 0.09687254343422558 0.01953125 0.04597701149425287
0 0.667148982150502 0.08252099888770155 0.01953125 0.04597701149425287
0 0.6708069441882392 0.07792850463281384 0.01953125 0.04597701149425287
0 0.67056308005239 0.06989163968676035 0.01953125 0.04597701149425287
0 0.6669051180146529 0.06415102186815073 0.01953125 0.04597701149425287
0 0.6703192159165409 0.060132589395124 0.01953125 0.04597701149425287
0 0.6622716994335193 0.03142950030207584 0.01953125 0.04597701149425287
0 0.6656857973354071 0.03028137673835393 0.01953125 0.04597701149425287
0 0.6698314876448426 0.03372574742951971 0.01953125 0.04597701149425287
0 0.6720262648674848 0.03028137673835393 0.01953125 0.04597701149425287
0 0.675928091041071 0.025688882483466242 0.01953125 0.04597701149425287
0 0.6803176454863555 0.03200356208393682 0.01953125 0.04597701149425287
0 0.6837317433882435 0.02970731495649295 0.01953125 0.04597701149425287
0 0.6666612538788038 0.07276194859606519 0.01953125 0.04597701149425287
0 0.6749526344976745 0.06759539255931651 0.01953125 0.04597701149425287
0 0.6747087703618253 0.05955852761326302 0.01953125 0.04597701149425287
0 0.6781228682637134 0.06070665117698495 0.01953125 0.04597701149425287
0 0.6781228682637134 0.0802247517602577 0.01953125 0.04597701149425287
0 0.6888528902410754 0.08079881354211867 0.01953125 0.04597701149425287
0 0.6817808303014503 0.09572441987050369 0.01953125 0.04597701149425287
0 0.6783667323995625 0.09687254343422558 0.01953125 0.04597701149425287
0 0.6808053737580538 0.08596536957886733 0.01953125 0.04597701149425287
0 0.6649542049278598 0.1250015707454128 0.01953125 0.04597701149425287
0 0.6698314876448426 0.12672375609099568 0.01953125 0.04597701149425287
0 0.6771474117203168 0.12672375609099568 0.01953125 0.04597701149425287
0 0.6695876235089935 0.14853810380171228 0.01953125 0.04597701149425287
0 0.6866581130184332 0.1892964903138406 0.01953125 0.04597701149425287
0 0.6927547164146617 0.18412993427709196 0.01953125 0.04597701149425287
0 0.6766596834486185 0.21914770297061067 0.01953125 0.04597701149425287
0 0.6676367104222003 0.2122589615882791 0.01953125 0.04597701149425287
0 0.6790983248071099 0.17781525467662135 0.01953125 0.04597701149425287
0 0.6783667323995625 0.14911216558357324 0.01953125 0.04597701149425287
0 0.6827562868448469 0.15026028914729517 0.01953125 0.04597701149425287
0 0.6886090261052263 0.14050123885565877 0.01953125 0.04597701149425287
0 0.6888528902410754 0.12213126183610798 0.01953125 0.04597701149425287
0 0.6932424446863599 0.12672375609099568 0.01953125 0.04597701149425287
0 0.6934863088222091 0.10777971728958388 0.01953125 0.04597701149425287
0 0.6871458412901315 0.0985947287798085 0.01953125 0.04597701149425287
0 0.6959249501807004 0.09974285234353043 0.01953125 0.04597701149425287
0 0.702021553576929 0.09687254343422558 0.01953125 0.04597701149425287
0 0.6929985805505108 0.07046570146862131 0.01953125 0.04597701149425287
0 0.6883651619693772 0.06587320721373362 0.01953125 0.04597701149425287
0 0.6842194716599418 0.05898446583140206 0.01953125 0.04597701149425287
0 0.7961531100146968 0.29549791995811875 0.01953125 0.04597701149425287
0 0.6864142488825841 0.16403777191195826 0.01953125 0.04597701149425287
0 0.6942179012297565 0.15714903052962667 0.01953125 0.04597701149425287
0 0.6869019771542824 0.1508343509291561 0.01953125 0.04597701149425287
0 0.7025092818486273 0.12672375609099568 0.01953125 0.04597701149425287
0 0.7034847383920237 0.18987055209570158 0.01953125 0.04597701149425287
0 0.6983635915391919 0.20709240555153044 0.01953125 0.04597701149425287
0 0.6927547164146617 0.20881459089711335 0.01953125 0.04597701149425287
0 0.7129954396901402 0.2082405291152524 0.01953125 0.04597701149425287
0 0.714458624505235 0.18298181071337002 0.01953125 0.04597701149425287
0 0.721286820309011 0.2271845679166641 0.01953125 0.04597701149425287
0 0.7025092818486273 0.23005487682596895 0.01953125 0.04597701149425287
0 0.7203113637656144 0.24498048315435403 0.01953125 0.04597701149425287
0 0.7320168422863731 0.24325829780877115 0.01953125 0.04597701149425287
0 0.7327484346939206 0.2128330233701401 0.01953125 0.04597701149425287
0 0.737137989139205 0.2312030003896909 0.01953125 0.04597701149425287
0 0.7281150161127868 0.21914770297061067 0.01953125 0.04597701149425287
0 0.7329922988297697 0.22546238257108123 0.01953125 0.04597701149425287
0 0.7432345925354336 0.2231661354436374 0.01953125 0.04597701149425287
0 0.7432345925354336 0.20709240555153044 0.01953125 0.04597701149425287
0 0.7464048263014724 0.18298181071337002 0.01953125 0.04597701149425287
0 0.7551839351920414 0.18298181071337002 0.01953125 0.04597701149425287
0 0.7588418972297785 0.18470399605895294 0.01953125 0.04597701149425287
0 0.7410398153127913 0.1651858954756802 0.01953125 0.04597701149425287
0 0.7244570540750498 0.14624185667426842 0.01953125 0.04597701149425287
0 0.7242131899392007 0.15657496874776575 0.01953125 0.04597701149425287
0 0.73006592919958 0.14738998023799033 0.01953125 0.04597701149425287
0 0.7368941250033559 0.14738998023799033 0.01953125 0.04597701149425287
0 0.7368941250033559 0.13648280638263205 0.01953125 0.04597701149425287
0 0.7420152718561878 0.15485278340218286 0.01953125 0.04597701149425287
0 0.7125077114184419 0.16288964834823633 0.01953125 0.04597701149425287
0 0.7181165865429722 0.14738998023799033 0.01953125 0.04597701149425287
0 0.7149463527769333 0.1324643739096053 0.01953125 0.04597701149425287
0 0.7120199831467436 0.1341865592551882 0.01953125 0.04597701149425287
0 0.7195797713580669 0.14279748598310263 0.01953125 0.04597701149425287
0 0.7029970101203256 0.11639064401749835 0.01953125 0.04597701149425287
0 0.7612805385882698 0.21799957940688877 0.01953125 0.04597701149425287
0 0.7722544247014812 0.2111108380245572 0.01953125 0.04597701149425287
0 0.7744492019241234 0.2312030003896909 0.01953125 0.04597701149425287
0 0.7815212618637484 0.2099627144608353 0.01953125 0.04597701149425287
0 0.7895687783467699 0.21799957940688877 0.01953125 0.04597701149425287
0 0.79810402310149 0.24440642137249302 0.01953125 0.04597701149425287
0 0.8010303927316796 0.2093886526789743 0.01953125 0.04597701149425287
0 0.792739012112809 0.18700024318639674 0.01953125 0.04597701149425287
0 0.7907880990260158 0.17207463685801172 0.01953125 0.04597701149425287
0 0.7778632998260113 0.1766671311128995 0.01953125 0.04597701149425287
0 0.7742053377882742 0.168056204384985 0.01953125 0.04597701149425287
0 0.7003145046259849 0.02970731495649295 0.01953125 0.04597701149425287
0 0.7054356514788169 0.03372574742951971 0.01953125 0.04597701149425287
0 0.6937301729580583 0.039466365248129326 0.01953125 0.04597701149425287
0 0.710800662467498 0.027411067829049132 0.01953125 0.04597701149425287
0 0.7149463527769333 0.03602199455696355 0.01953125 0.04597701149425287
0 0.7207990920373126 0.03544793277510258 0.01953125 0.04597701149425287
0 0.7247009182108989 0.03142950030207584 0.01953125 0.04597701149425287
0 0.7298220650637308 0.034299809211380664 0.01953125 0.04597701149425287
0 0.7346993477807137 0.03544793277510258 0.01953125 0.04597701149425287
0 0.7381134456826015 0.03544793277510258 0.01953125 0.04597701149425287
0 0.7398204946335456 0.03544793277510258 0.01953125 0.04597701149425287
0 0.7437223208071317 0.03372574742951971 0.01953125 0.04597701149425287
0 0.7485996035241146 0.03142950030207584 0.01953125 0.04597701149425287
0 0.7517698372901535 0.03544793277510258 0.01953125 0.04597701149425287
0 0.7551839351920414 0.02970731495649295 0.01953125 0.04597701149425287
0 0.7588418972297785 0.03200356208393682 0.01953125 0.04597701149425287
0 0.7607928103165714 0.03142950030207584 0.01953125 0.04597701149425287
0 0.7637191799467612 0.03200356208393682 0.01953125 0.04597701149425287
0 0.7722544247014812 0.03544793277510258 0.01953125 0.04597701149425287
0 0.7749369301958217 0.03142950030207584 0.01953125 0.04597701149425287
0 0.7795703487769552 0.03544793277510258 0.01953125 0.04597701149425287
0 0.7822528542712959 0.03028137673835393 0.01953125 0.04597701149425287
0 0.7876178652599769 0.03372574742951971 0.01953125 0.04597701149425287
0 0.7895687783467699 0.03200356208393682 0.01953125 0.04597701149425287
0 0.7951776534713002 0.02970731495649295 0.01953125 0.04597701149425287
0 0.7971285665580933 0.02798512961091006 0.01953125 0.04597701149425287
0 0.8005426644599812 0.02798512961091006 0.01953125 0.04597701149425287
0 0.8239536215014986 0.022244511792300456 0.01953125 0.04597701149425287
0 0.6964126784523987 0.0630028983044288 0.01953125 0.04597701149425287
0 0.6998267763542868 0.06874351612303843 0.01953125 0.04597701149425287
0 0.7022654177127781 0.07907662819653578 0.01953125 0.04597701149425287
0 0.6988513198108902 0.08366912245142347 0.01953125 0.04597701149425287
0 0.6966565425882479 0.0848172460151454 0.01953125 0.04597701149425287
0 0.6903160750561702 0.08711349314258925 0.01953125 0.04597701149425287
0 0.7068988362939118 0.08366912245142347 0.01953125 0.04597701149425287
0 0.7120199831467436 0.09400223452492078 0.01953125 0.04597701149425287
0 0.7066549721580626 0.09457629630678176 0.01953125 0.04597701149425287
0 0.7056795156146661 0.10318722303469623 0.01953125 0.04597701149425287
0 0.7232377333958041 0.13476062103704917 0.01953125 0.04597701149425287
0 0.7237254616675023 0.1250015707454128 0.01953125 0.04597701149425287
0 0.7237254616675023 0.11639064401749835 0.01953125 0.04597701149425287
0 0.7210429561731618 0.11179814976261065 0.01953125 0.04597701149425287
0 0.7176288582712739 0.11466845867191547 0.01953125 0.04597701149425287
0 0.7166534017278773 0.09055786383375503 0.01953125 0.04597701149425287
0 0.73006592919958 0.13533468281891015 0.01953125 0.04597701149425287
0 0.73006592919958 0.12672375609099568 0.01953125 0.04597701149425287
0 0.7295782009278817 0.1158165822356374 0.01953125 0.04597701149425287
0 0.7346993477807137 0.12327938539982991 0.01953125 0.04597701149425287
0 0.7356748043241103 0.1140943968900545 0.01953125 0.04597701149425287
0 0.7307975216071274 0.09515035808864274 0.01953125 0.04597701149425287
0 0.7295782009278817 0.09974285234353043 0.01953125 0.04597701149425287
0 0.7239693258033515 0.09572441987050369 0.01953125 0.04597701149425287
0 0.7266518312976921 0.09285411096119887 0.01953125 0.04597701149425287
0 0.7244570540750498 0.0848172460151454 0.01953125 0.04597701149425287
0 0.7200674996297654 0.08366912245142347 0.01953125 0.04597701149425287
0 0.7517698372901535 0.1554268451840438 0.01953125 0.04597701149425287
0 0.7546962069203431 0.14853810380171228 0.01953125 0.04597701149425287
0 0.7459170980297741 0.14222342420124165 0.01953125 0.04597701149425287
0 0.7466486904373214 0.13016812678216144 0.01953125 0.04597701149425287
0 0.7400643587693947 0.11696470579935929 0.01953125 0.04597701149425287
0 0.7398204946335456 0.10605753194400103 0.01953125 0.04597701149425287
0 0.7376257174109033 0.09629848165236465 0.01953125 0.04597701149425287
0 0.7425030001278861 0.08768755492445023 0.01953125 0.04597701149425287
0 0.7451855056222266 0.09802066699794754 0.01953125 0.04597701149425287
0 0.7461609621656232 0.11065002619888872 0.01953125 0.04597701149425287
0 0.7556716634637396 0.11696470579935929 0.01953125 0.04597701149425287
0 0.7637191799467612 0.14222342420124165 0.01953125 0.04597701149425287
0 0.763231451675063 0.15714903052962667 0.01953125 0.04597701149425287
0 0.7749369301958217 0.14853810380171228 0.01953125 0.04597701149425287
0 0.7837160390863908 0.16690808082126307 0.01953125 0.04597701149425287
0 0.7890810500750718 0.16174152478451442 0.01953125 0.04597701149425287
0 0.7810335335920502 0.16288964834823633 0.01953125 0.04597701149425287
0 0.7795703487769552 0.13476062103704917 0.01953125 0.04597701149425287
0 0.7722544247014812 0.13074218856402242 0.01953125 0.04597701149425287
0 0.791275827297714 0.14853810380171228 0.01953125 0.04597701149425287
0 0.7978601589656408 0.17207463685801172 0.01953125 0.04597701149425287
0 0.8015181210033778 0.1651858954756802 0.01953125 0.04597701149425287
0 0.7951776534713002 0.15657496874776575 0.01953125 0.04597701149425287
0 0.8061515395845115 0.15887121587520958 0.01953125 0.04597701149425287
0 0.8032251699543218 0.17896337824034325 0.01953125 0.04597701149425287
0 0.8117604147090417 0.17322276042173368 0.01953125 0.04597701149425287
0 0.8212711160071582 0.19216679922314542 0.01953125 0.04597701149425287
0 0.8237097573656496 0.22488832078922028 0.01953125 0.04597701149425287
0 0.8183447463769685 0.2329251857352738 0.01953125 0.04597701149425287
0 0.8261483987241409 0.21512927049758396 0.01953125 0.04597701149425287
0 0.8220027084147055 0.1651858954756802 0.01953125 0.04597701149425287
0 0.8254168063165935 0.17207463685801172 0.01953125 0.04597701149425287
0 0.8171254256977226 0.1646118336938192 0.01953125 0.04597701149425287
0 0.817369289833572 0.14279748598310263 0.01953125 0.04597701149425287
0 0.8110288223014943 0.14624185667426842 0.01953125 0.04597701149425287
0 0.815906105018477 0.13131625034588337 0.01953125 0.04597701149425287
0 0.7910319631618649 0.12729781787285666 0.01953125 0.04597701149425287
0 0.70738656456561 0.04979947732162665 0.01953125 0.04597701149425287
0 0.7047040590712694 0.0520957244490705 0.01953125 0.04597701149425287
0 0.7115322548750453 0.06816945434117747 0.01953125 0.04597701149425287
0 0.7110445266033472 0.07276194859606519 0.01953125 0.04597701149425287
0 0.7237254616675023 0.07678038106909192 0.01953125 0.04597701149425287
0 0.7207990920373126 0.06357696008628978 0.01953125 0.04597701149425287
0 0.7186043148146705 0.06587320721373362 0.01953125 0.04597701149425287
0 0.7176288582712739 0.04750323019418281 0.01953125 0.04597701149425287
0 0.7325045705580714 0.07792850463281384 0.01953125 0.04597701149425287
0 0.73006592919958 0.06702133077745553 0.01953125 0.04597701149425287
0 0.7264079671618429 0.0630028983044288 0.01953125 0.04597701149425287
0 0.7266518312976921 0.05094760088534859 0.01953125 0.04597701149425287
0 0.7476241469807181 0.054391971576514375 0.01953125 0.04597701149425287
0 0.7437223208071317 0.06415102186815073 0.01953125 0.04597701149425287
0 0.7398204946335456 0.054391971576514375 0.01953125 0.04597701149425287
0 0.737137989139205 0.054391971576514375 0.01953125 0.04597701149425287
0 0.7320168422863731 0.05381790979465339 0.01953125 0.04597701149425287
0 0.7359186684599593 0.06989163968676035 0.01953125 0.04597701149425287
0 0.743966184942981 0.07448413394164806 0.01953125 0.04597701149425287
0 0.7493311959316621 0.07620631928723093 0.01953125 0.04597701149425287
0 0.7546962069203431 0.07620631928723093 0.01953125 0.04597701149425287
0 0.7525014296977007 0.06989163968676035 0.01953125 0.04597701149425287
0 0.7149463527769333 0.07792850463281384 0.01953125 0.04597701149425287
0 0.7112883907391963 0.05783634226768013 0.01953125 0.04597701149425287
0 0.7505505166109078 0.09515035808864274 0.01953125 0.04597701149425287
0 0.7542084786486448 0.09572441987050369 0.01953125 0.04597701149425287
0 0.6483714436901182 0.16288964834823633 0.01953125 0.04597701149425287
0 0.7047040590712694 0.18011150180406524 0.01953125 0.04597701149425287
0 0.7008022328976833 0.15485278340218286 0.01953125 0.04597701149425287
0 0.7590857613656274 0.1651858954756802 0.01953125 0.04597701149425287
0 0.6627594277052175 0.10835377907144488 0.01953125 0.04597701149425287
0 0.6712946724599373 0.11466845867191547 0.01953125 0.04597701149425287
0 0.6369098293052087 0.12902000321843954 0.01953125 0.04597701149425287
0 0.7710351040222353 0.11524252045377642 0.01953125 0.04597701149425287
0 0.7678648702561965 0.11007596441702777 0.01953125 0.04597701149425287
0 0.7615244027241189 0.10892784085330584 0.01953125 0.04597701149425287
0 0.758110304822231 0.10777971728958388 0.01953125 0.04597701149425287
0 0.7654262288977052 0.09687254343422558 0.01953125 0.04597701149425287
0 0.7588418972297785 0.09400223452492078 0.01953125 0.04597701149425287
0 0.7605489461807224 0.0830950606695625 0.01953125 0.04597701149425287
0 0.7542084786486448 0.05783634226768013 0.01953125 0.04597701149425287
0 0.7573787124146835 0.05783634226768013 0.01953125 0.04597701149425287
0 0.717872722407123 0.1737968222035946 0.01953125 0.04597701149425287
0 0.8476084426788651 0.4080191259336918 0.01953125 0.04597701149425287
0 0.8232220290939514 0.3862047782229752 0.01953125 0.04597701149425287
0 0.833464322799615 0.40916724949741373 0.01953125 0.04597701149425287
0 0.8251729421807443 0.31961361152710355 0.01953125 0.04597701149425287
0 0.8456575295920721 0.3138729937084939 0.01953125 0.04597701149425287
0 0.8276115835392357 0.2886142753066116 0.01953125 0.04597701149425287
0 0.8256606704524427 0.26450368046845113 0.01953125 0.04597701149425287
0 0.8183447463769683 0.2576149390861196 0.01953125 0.04597701149425287
0 0.8100533657580976 0.24957807414006614 0.01953125 0.04597701149425287
0 0.8383416055165978 0.34142795923782016 0.01953125 0.04597701149425287
0 0.8627280191015119 0.3219098586545474 0.01953125 0.04597701149425287
0 0.8719948562637792 0.3310948471643228 0.01953125 0.04597701149425287
0 0.8417557034184857 0.6307550972957453 0.01953125 0.04597701149425287
0 0.8485838992222617 0.38735290178669707 0.01953125 0.04597701149425287
0 0.8710193997203826 0.4080191259336918 0.01953125 0.04597701149425287
0 0.8666298452750981 0.3839085310955314 0.01953125 0.04597701149425287
0 0.8534611819392445 0.33568734141921047 0.01953125 0.04597701149425287
0 0.8749212258939688 0.3575016891299271 0.01953125 0.04597701149425287
0 0.8788230520675548 0.37816791327692173 0.01953125 0.04597701149425287
0 0.9090622049128483 0.44590720353651536 0.01953125 0.04597701149425287
0 0.9090622049128483 0.38735290178669707 0.01953125 0.04597701149425287
0 0.903209465652469 0.35979793625737094 0.01953125 0.04597701149425287
0 0.8880898892298222 0.35979793625737094 0.01953125 0.04597701149425287
0 0.8871144326864255 0.3253542293457131 0.01953125 0.04597701149425287
0 0.9690527823317365 0.5951632668203656 0.01953125 0.04597701149425287
0 0.8705316714486842 0.2725405454145047 0.01953125 0.04597701149425287
0 0.8783353237958565 0.4482034506639591 0.01953125 0.04597701149425287
0 0.9471050101053141 0.34142795923782016 0.01953125 0.04597701149425287
0 0.9393013577581414 0.34487232992898587 0.01953125 0.04597701149425287
0 0.928083607509081 0.3517610713113174 0.01953125 0.04597701149425287
0 0.9163781289883224 0.33339109429176667 0.01953125 0.04597701149425287
0 0.905160378739262 0.33339109429176667 0.01953125 0.04597701149425287
0 0.9422277273883312 0.39194539604158485 0.01953125 0.04597701149425287
0 0.9529577493656934 0.38505665465925326 0.01953125 0.04597701149425287
0 0.9612491299845641 0.3540573184387613 0.01953125 0.04597701149425287
0 0.9690527823317365 0.3517610713113174 0.01953125 0.04597701149425287
0 0.9588104886260729 0.3379835885466544 0.01953125 0.04597701149425287
0 0.9475927383770121 0.31961361152710355 0.01953125 0.04597701149425287
0 0.9753932498638143 0.4217966086983549 0.01953125 0.04597701149425287
0 0.9880741849279693 0.45624031561001255 0.01953125 0.04597701149425287
0 0.9641754996147538 0.46198093342862223 0.01953125 0.04597701149425287
0 0.9914882828298572 0.35979793625737094 0.01953125 0.04597701149425287
0 0.9856355435694779 0.29320676956149927 0.01953125 0.04597701149425287
0 0.9841723587543832 0.27828116323311425 0.01953125 0.04597701149425287
0 0.9666141409732452 0.3000955109438308 0.01953125 0.04597701149425287
0 0.9544209341807881 0.2863180281791677 0.01953125 0.04597701149425287
0 0.9383259012147451 0.30124363450755276 0.01953125 0.04597701149425287
0 0.929546792324176 0.296651140252665 0.01953125 0.04597701149425287
0 0.9266204226939864 0.3092804994536062 0.01953125 0.04597701149425287
0 0.9197922268902103 0.25187432126750997 0.01953125 0.04597701149425287
0 0.9027217373807707 0.29320676956149927 0.01953125 0.04597701149425287
0 0.8890653457732189 0.2622074333410073 0.01953125 0.04597701149425287
0 0.8983321829354863 0.2610593097772853 0.01953125 0.04597701149425287
0 0.8763844107090636 0.2484299505763442 0.01953125 0.04597701149425287
0 0.8832126065128396 0.24154120919401265 0.01953125 0.04597701149425287
0 0.8354152358864081 0.22087498504701802 0.01953125 0.04597701149425287
0 0.8432188882335807 0.2656518040321731 0.01953125 0.04597701149425287
0 0.8515102688524514 0.19906063733630142 0.01953125 0.04597701149425287
0 0.8476084426788651 0.1738019189344191 0.01953125 0.04597701149425287
0 0.8237097573656493 0.14395070627764903 0.01953125 0.04597701149425287
0 0.7872520690562033 0.11638809565208615 0.01953125 0.04597701149425287
0 0.7803019411845027 0.11466591030650326 0.01953125 0.04597701149425287
0 0.7760343188071429 0.11638809565208615 0.01953125 0.04597701149425287
0 0.7706693078184617 0.10088842754184013 0.01953125 0.04597701149425287
0 0.7572567803467591 0.07046315310320912 0.01953125 0.04597701149425287
0 0.7945679931316775 0.10863826159696313 0.01953125 0.04597701149425287
0 0.7860327483769576 0.0985921804143963 0.01953125 0.04597701149425287
0 0.7912758272977141 0.0968699950688134 0.01953125 0.04597701149425287
0 0.7900565066184683 0.10261061288742303 0.01953125 0.04597701149425287
0 0.7879836614637508 0.09026828457741233 0.01953125 0.04597701149425287
0 0.7812773977278994 0.09715702595974388 0.01953125 0.04597701149425287
0 0.7781071639618605 0.08653688299531606 0.01953125 0.04597701149425287
0 0.7742053377882744 0.08366657408601126 0.01953125 0.04597701149425287
0 0.7813993297958238 0.08825906834089896 0.01953125 0.04597701149425287
0 0.770303511614688 0.07763892537647114 0.01953125 0.04597701149425287
0 0.7644507723543087 0.07189830755786153 0.01953125 0.04597701149425287
0 0.7665236175090263 0.061565195484364205 0.01953125 0.04597701149425287
0 0.7695719192071406 0.055537546774824094 0.01953125 0.04597701149425287
0 0.7722544247014812 0.0601300410297118 0.01953125 0.04597701149425287
0 0.7755465905354445 0.06644472063018239 0.01953125 0.04597701149425287
0 0.7800580770486535 0.06386144261180805 0.01953125 0.04597701149425287
0 0.7849353597656363 0.0845276667588027 0.01953125 0.04597701149425287
0 0.788715253871298 0.07161127666693105 0.01953125 0.04597701149425287
0 0.7913977593656386 0.06730581330297383 0.01953125 0.04597701149425287
0 0.788471389735449 0.06558362795739094 0.01953125 0.04597701149425287
0 0.7845695635618627 0.0675928441939043 0.01953125 0.04597701149425287
0 0.7879836614637508 0.057259732120406984 0.01953125 0.04597701149425287
0 0.7820089901354467 0.055537546774824094 0.01953125 0.04597701149425287
0 0.7804238732524273 0.056398639447615535 0.01953125 0.04597701149425287
0 0.7751807943316709 0.05381536142924119 0.01953125 0.04597701149425287
0 0.7959092458788476 0.09170343903206474 0.01953125 0.04597701149425287
0 0.7937144686562054 0.08481469764973318 0.01953125 0.04597701149425287
0 0.7913977593656386 0.08108329606763692 0.01953125 0.04597701149425287
0 0.7963969741505459 0.08050923428577597 0.01953125 0.04597701149425287
0 0.800054936188283 0.08050923428577597 0.01953125 0.04597701149425287
0 0.8007865285958304 0.09313859348671713 0.01953125 0.04597701149425287
0 0.8001768682562076 0.09916624219625725 0.01953125 0.04597701149425287
0 0.7950557214033758 0.11868434277952998 0.01953125 0.04597701149425287
0 0.7865204766486558 0.10662904536044977 0.01953125 0.04597701149425287
0 0.8083463168071539 0.1126566940699899 0.01953125 0.04597701149425287
0 0.8054199471769641 0.10375873645114496 0.01953125 0.04597701149425287
0 0.8111507543694189 0.10490686001486688 0.01953125 0.04597701149425287
0 0.808590180943003 0.08969422279555138 0.01953125 0.04597701149425287
0 0.8091998412826258 0.07964814161298453 0.01953125 0.04597701149425287
0 0.8121262109128154 0.09170343903206474 0.01953125 0.04597701149425287
0 0.79810402310149 0.07362049290344441 0.01953125 0.04597701149425287
0 0.805176083041115 0.06874096775762623 0.01953125 0.04597701149425287
0 0.8013961889354533 0.05611160855668506 0.01953125 0.04597701149425287
0 0.7968847024222443 0.04721365093784012 0.01953125 0.04597701149425287
0 0.7942021969279037 0.0586948865750594 0.01953125 0.04597701149425287
0 0.8099314336901732 0.046639589155979176 0.01953125 0.04597701149425287
0 0.8129797353882875 0.0431952184648134 0.01953125 0.04597701149425287
0 0.8071269961279082 0.05668567033854602 0.01953125 0.04597701149425287
0 0.818466678444893 0.07390752379437489 0.01953125 0.04597701149425287
0 0.8155403088147035 0.0785000180492626 0.01953125 0.04597701149425287
0 0.8215149801430074 0.0785000180492626 0.01953125 0.04597701149425287
0 0.8251729421807443 0.09773108774160486 0.01953125 0.04597701149425287
0 0.8187105425807422 0.10461982912393639 0.01953125 0.04597701149425287
0 0.8152964446788543 0.11179560139719846 0.01953125 0.04597701149425287
0 0.8183447463769685 0.11437887941557276 0.01953125 0.04597701149425287
0 0.8229781649581022 0.10031436575997918 0.01953125 0.04597701149425287
0 0.8320011379845204 0.1123696631790594 0.01953125 0.04597701149425287
0 0.8277335156071604 0.10777716892417168 0.01953125 0.04597701149425287
0 0.8346836434788609 0.10375873645114496 0.01953125 0.04597701149425287
0 0.8316353417807465 0.09227750081392569 0.01953125 0.04597701149425287
0 0.8348055755467854 0.09285156259578667 0.01953125 0.04597701149425287
0 0.8365126244977295 0.0862498521043856 0.01953125 0.04597701149425287
0 0.8373661489732014 0.08223141963135885 0.01953125 0.04597701149425287
0 0.8266361269958392 0.07448158557623585 0.01953125 0.04597701149425287
0 0.8238316894335742 0.06673175152111285 0.01953125 0.04597701149425287
0 0.8195640670562142 0.06931502953948719 0.01953125 0.04597701149425287
0 0.817613153969421 0.06070410281157276 0.01953125 0.04597701149425287
0 0.8123700750486647 0.06242628815715563 0.01953125 0.04597701149425287
0 0.8117604147090418 0.07275940023065297 0.01953125 0.04597701149425287
0 0.8226123687543285 0.06127816459343372 0.01953125 0.04597701149425287
0 0.7788387563694079 0.07620631928723087 0.01953125 0.04597701149425287
0 0.7768878432826148 0.07563225750536992 0.01953125 0.04597701149425287
0 0.780789669456201 0.07046570146862123 0.01953125 0.04597701149425287
0 0.7759123867392181 0.06070665117698488 0.01953125 0.04597701149425287
0 0.8588261929279256 0.3006644759948673 0.01953125 0.04597701149425287
0 0.8641912039166069 0.1789633782403432 0.01953125 0.04597701149425287
0 0.8634596115090594 0.16288964834823624 0.01953125 0.04597701149425287
0 0.8695562149052879 0.17494494576731648 0.01953125 0.04597701149425287
0 0.8737019052147232 0.20594428198780845 0.01953125 0.04597701149425287
0 0.8666298452750981 0.213407085152001 0.01953125 0.04597701149425287
0 0.8878460250939733 0.2162773940613058 0.01953125 0.04597701149425287
0 0.8517541329883006 0.22029582653433252 0.01953125 0.04597701149425287
0 0.8534611819392445 0.14279748598310255 0.01953125 0.04597701149425287
0 0.8390731979241454 0.15542684518404376 0.01953125 0.04597701149425287
0 0.8363906924298047 0.14279748598310255 0.01953125 0.04597701149425287
0 0.8322450021203693 0.13705686816449292 0.01953125 0.04597701149425287
0 0.8293186324901797 0.12270532361796886 0.01953125 0.04597701149425287
0 0.8478523068147145 0.32133070014186194 0.01953125 0.04597701149425287
0 0.9039410580600165 0.18068556358592608 0.01953125 0.04597701149425287
0 0.8995515036147319 0.20422209664222557 0.01953125 0.04597701149425287
0 0.8897969381807662 0.19388898456872822 0.01953125 0.04597701149425287
0 0.8888214816373697 0.1778152546766213 0.01953125 0.04597701149425287
0 0.8768721389807619 0.18011150180406515 0.01953125 0.04597701149425287
0 0.8810178292901972 0.16403777191195815 0.01953125 0.04597701149425287
0 0.9205238192977581 0.33396005934280315 0.01953125 0.04597701149425287
0 0.9139394876298311 0.1852780578408138 0.01953125 0.04597701149425287
0 0.9217431399770037 0.18470399605895285 0.01953125 0.04597701149425287
0 0.918816770346814 0.16059340122079244 0.01953125 0.04597701149425287
0 0.9039410580600165 0.13820499172821485 0.01953125 0.04597701149425287
0 0.9010146884298268 0.13074218856402234 0.01953125 0.04597701149425287
0 0.894186492626051 0.14107530063751964 0.01953125 0.04597701149425287
0 0.8868705685505766 0.13877905351007583 0.01953125 0.04597701149425287
0 0.8812616934260465 0.14279748598310255 0.01953125 0.04597701149425287
0 0.8849196554637836 0.1250015707454127 0.01953125 0.04597701149425287
0 0.8819932858335939 0.12844594143657848 0.01953125 0.04597701149425287
0 0.8749212258939688 0.12902000321843943 0.01953125 0.04597701149425287
0 0.8702878073128352 0.13418655925518813 0.01953125 0.04597701149425287
0 0.8702878073128352 0.14222342420124157 0.01953125 0.04597701149425287
0 0.8668737094109472 0.15485278340218278 0.01953125 0.04597701149425287
0 0.8702878073128352 0.1542787216203218 0.01953125 0.04597701149425287
0 0.8615086984222662 0.1405012388556587 0.01953125 0.04597701149425287
0 0.8459013937279213 0.12614969430913464 0.01953125 0.04597701149425287
0 0.8627280191015119 0.12098313827238596 0.01953125 0.04597701149425287
0 0.8578507363845291 0.1158165822356373 0.01953125 0.04597701149425287
0 0.8737019052147232 0.2886091785757871 0.01953125 0.04597701149425287
0 0.8346836434788609 0.17264869863987262 0.01953125 0.04597701149425287
0 0.8317572738486713 0.18183368714964804 0.01953125 0.04597701149425287
0 0.8498032199015074 0.28688699323020417 0.01953125 0.04597701149425287
0 0.8488277633581109 0.13074218856402234 0.01953125 0.04597701149425287
0 0.8515102688524514 0.11926095292680308 0.01953125 0.04597701149425287
0 0.8444382089128264 0.09687254343422554 0.01953125 0.04597701149425287
0 0.8407802468750892 0.09802066699794747 0.01953125 0.04597701149425287
0 0.8490716274939601 0.08883567848817206 0.01953125 0.04597701149425287
0 0.8529734536675463 0.08883567848817206 0.01953125 0.04597701149425287
0 0.8595577853354731 0.10376128481655708 0.01953125 0.04597701149425287
0 0.8619964266939645 0.09457629630678169 0.01953125 0.04597701149425287
0 0.8537050460750938 0.07678038106909184 0.01953125 0.04597701149425287
0 0.8563875515694341 0.07391007215978702 0.01953125 0.04597701149425287
0 0.8554120950260378 0.06759539255931644 0.01953125 0.04597701149425287
0 0.8395609261958435 0.06070665117698488 0.01953125 0.04597701149425287
0 0.8368784207015031 0.05841040404954104 0.01953125 0.04597701149425287
0 0.833464322799615 0.06242883652256777 0.01953125 0.04597701149425287
0 0.854192774346792 0.10605753194400094 0.01953125 0.04597701149425287
0 0.8493154916298091 0.09974285234353035 0.01953125 0.04597701149425287
0 0.8658982528675506 0.10835377907144478 0.01953125 0.04597701149425287
0 0.8668737094109472 0.1020390994709742 0.01953125 0.04597701149425287
0 0.8712632638562319 0.09113192561561591 0.01953125 0.04597701149425287
0 0.8717509921279301 0.1020390994709742 0.01953125 0.04597701149425287
0 0.8666298452750981 0.08481724601514531 0.01953125 0.04597701149425287
0 0.8683368942260422 0.0802247517602576 0.01953125 0.04597701149425287
0 0.8590700570637748 0.0802247517602576 0.01953125 0.04597701149425287
0 0.8695562149052879 0.30296072312231115 0.01953125 0.04597701149425287
0 0.8732141769430248 0.16690808082126302 0.01953125 0.04597701149425287
0 0.9051603787392621 0.16920432794870682 0.01953125 0.04597701149425287
0 0.9105253897279432 0.22431425900735927 0.01953125 0.04597701149425287
0 0.894186492626051 0.228332691480386 0.01953125 0.04597701149425287
0 0.9073551559619043 0.23522143286271754 0.01953125 0.04597701149425287
0 0.910037661456245 0.2467026684999368 0.01953125 0.04597701149425287
0 0.9149149441732277 0.23694361820830043 0.01953125 0.04597701149425287
0 0.9168658572600209 0.24727673028179778 0.01953125 0.04597701149425287
0 0.9244256454713441 0.23694361820830043 0.01953125 0.04597701149425287
0 0.9473488742411633 0.23120300038969083 0.01953125 0.04597701149425287
0 0.9500313797355038 0.22144395009805445 0.01953125 0.04597701149425287
0 0.9617368582562625 0.2363695564264395 0.01953125 0.04597701149425287
0 0.9388136294864434 0.23522143286271754 0.01953125 0.04597701149425287
0 0.9285713357807795 0.1789633782403432 0.01953125 0.04597701149425287
0 0.9283274716449303 0.16575995725754103 0.01953125 0.04597701149425287
0 0.9410084067090856 0.18412993427709187 0.01953125 0.04597701149425287
0 0.9427154556600296 0.15313059805659987 0.01953125 0.04597701149425287
0 0.9334486184977624 0.1542787216203218 0.01953125 0.04597701149425287
0 0.9427154556600296 0.16690808082126302 0.01953125 0.04597701149425287
0 0.9461295535619174 0.17264869863987262 0.01953125 0.04597701149425287
0 0.9522261569581462 0.17494494576731648 0.01953125 0.04597701149425287
0 0.9563718472675815 0.16288964834823624 0.01953125 0.04597701149425287
0 0.9546647983166375 0.14738998023799027 0.01953125 0.04597701149425287
0 0.9475927383770124 0.15083435092915604 0.01953125 0.04597701149425287
0 0.9119885745430379 0.13074218856402234 0.01953125 0.04597701149425287
0 0.9141833517656803 0.13877905351007583 0.01953125 0.04597701149425287
0 0.9222308682487018 0.13877905351007583 0.01953125 0.04597701149425287
0 0.8951619491694475 0.13074218856402234 0.01953125 0.04597701149425287
0 0.8907723947241629 0.1330384356914662 0.01953125 0.04597701149425287
0 0.8954058133052966 0.11811282936308116 0.01953125 0.04597701149425287
0 0.8978444546637879 0.11811282936308116 0.01953125 0.04597701149425287
0 0.8756528183015162 0.10777971728958383 0.01953125 0.04597701149425287
0 0.8698000790411369 0.11811282936308116 0.01953125 0.04597701149425287
0 0.8885776175015205 0.07620631928723087 0.01953125 0.04597701149425287
0 0.8585823287920765 0.28573886966648226 0.01953125 0.04597701149425287
0 0.8800423727468009 0.09400223452492072 0.01953125 0.04597701149425287
0 0.8317572738486713 0.019374202882995562 0.01953125 0.04597701149425287
0 0.8278554476750849 0.03544793277510253 0.01953125 0.04597701149425287
0 0.8254168063165935 0.03544793277510253 0.01953125 0.04597701149425287
0 0.8356591000222574 0.037744179902546374 0.01953125 0.04597701149425287
0 0.8407802468750892 0.031429500302075794 0.01953125 0.04597701149425287
0 0.8512664047166023 0.032003562083936773 0.01953125 0.04597701149425287
0 0.8271238552675375 0.06242883652256777 0.01953125 0.04597701149425287
0 0.8015181210033779 0.18585211962267476 0.01953125 0.04597701149425287
0 0.8102972298939468 0.18298181071336994 0.01953125 0.04597701149425287
0 0.8849196554637836 0.019948264664856538 0.01953125 0.04597701149425287
0 0.8758966824373654 0.04061448881185118 0.01953125 0.04597701149425287
0 0.8722387203996282 0.03659605633882444 0.01953125 0.04597701149425287
0 0.8676053018184947 0.04405885950301696 0.01953125 0.04597701149425287
0 0.8624841549656628 0.06587320721373355 0.01953125 0.04597701149425287
0 0.8380977413807488 0.12270532361796886 0.01953125 0.04597701149425287
0 0.8359029641581066 0.11179814976261056 0.01953125 0.04597701149425287
0 0.8478523068147142 0.11179814976261056 0.01953125 0.04597701149425287
0 0.8546805026184903 0.13074218856402234 0.01953125 0.04597701149425287
0 0.8500470840373566 0.07276194859606509 0.01953125 0.04597701149425287
0 0.8393170620599945 0.07161382503234318 0.01953125 0.04597701149425287
0 0.810541094029796 0.12213126183610791 0.01953125 0.04597701149425287
0 0.8144429202033823 0.10261316125283516 0.01953125 0.04597701149425287
0 0.8163938332901753 0.0882616167063111 0.01953125 0.04597701149425287
0 0.9119885745430379 0.28573886966648226 0.01953125 0.04597701149425287
0 0.8827248782411412 0.22431425900735927 0.01953125 0.04597701149425287
0 0.906623563554357 0.20824052911525232 0.01953125 0.04597701149425287
0 0.911744710407189 0.11639064401749828 0.01953125 0.04597701149425287
0 0.9115008462713396 0.10433534659841805 0.01953125 0.04597701149425287
0 0.906867427690206 0.11811282936308116 0.01953125 0.04597701149425287
0 0.9273520151015338 0.1112240879807496 0.01953125 0.04597701149425287
0 0.922474732384551 0.1158165822356373 0.01953125 0.04597701149425287
0 0.9332047543619131 0.12442750896355174 0.01953125 0.04597701149425287
0 0.9334486184977624 0.13705686816449292 0.01953125 0.04597701149425287
0 0.9266204226939864 0.1267237560909956 0.01953125 0.04597701149425287
0 0.9324731619543657 0.1020390994709742 0.01953125 0.04597701149425287
0 0.9249133737430424 0.10089097590725227 0.01953125 0.04597701149425287
0 0.9107692538637924 0.08998380205189399 0.01953125 0.04597701149425287
0 0.9088183407769993 0.08079881354211858 0.01953125 0.04597701149425287
0 0.8985760470713353 0.09113192561561591 0.01953125 0.04597701149425287
0 0.8973567263920896 0.07792850463281376 0.01953125 0.04597701149425287
0 0.8939426284902016 0.07448413394164798 0.01953125 0.04597701149425287
0 0.8976005905279388 0.07046570146862123 0.01953125 0.04597701149425287
0 0.8949180850335983 0.06185477474070682 0.01953125 0.04597701149425287
0 0.8924794436751069 0.05955852761326295 0.01953125 0.04597701149425287
0 0.8780914596600077 0.05554009514023621 0.01953125 0.04597701149425287
0 0.8834564706486887 0.05783634226768008 0.01953125 0.04597701149425287
0 0.875408954165667 0.06185477474070682 0.01953125 0.04597701149425287
0 0.8737019052147232 0.06759539255931644 0.01953125 0.04597701149425287
0 0.8793107803392534 0.06874351612303835 0.01953125 0.04597701149425287
0 0.8980883187996371 0.03659605633882444 0.01953125 0.04597701149425287
0 0.8954058133052966 0.03831824168440733 0.01953125 0.04597701149425287
0 0.8910162588600119 0.03946636524812927 0.01953125 0.04597701149425287
0 0.9027217373807707 0.036021994556963484 0.01953125 0.04597701149425287
0 0.901502416701525 0.037744179902546374 0.01953125 0.04597701149425287
0 0.9132078952222836 0.034299809211380594 0.01953125 0.04597701149425287
0 0.8988199112071846 0.05381790979465332 0.01953125 0.04597701149425287
0 0.9027217373807707 0.0543919715765143 0.01953125 0.04597701149425287
0 0.9063796994185078 0.06013258939512393 0.01953125 0.04597701149425287
0 0.9027217373807707 0.07103976325048222 0.01953125 0.04597701149425287
0 0.9054042428751113 0.07046570146862123 0.01953125 0.04597701149425287
0 0.9112569821354907 0.0664472689955945 0.01953125 0.04597701149425287
0 0.9144272159015293 0.0543919715765143 0.01953125 0.04597701149425287
0 0.922474732384551 0.05783634226768008 0.01953125 0.04597701149425287
0 0.9314977054109691 0.06185477474070682 0.01953125 0.04597701149425287
0 0.9275958792373831 0.06874351612303835 0.01953125 0.04597701149425287
0 0.9300345205958744 0.07046570146862123 0.01953125 0.04597701149425287
0 0.9185729062109647 0.0819469371058405 0.01953125 0.04597701149425287
0 0.9119885745430379 0.07965068997839667 0.01953125 0.04597701149425287
0 0.9254011020147407 0.07792850463281376 0.01953125 0.04597701149425287
0 0.9214992758411543 0.07792850463281376 0.01953125 0.04597701149425287
0 0.9300345205958744 0.07850256641467472 0.01953125 0.04597701149425287
0 0.9385697653505942 0.07276194859606509 0.01953125 0.04597701149425287
0 0.9334486184977624 0.06587320721373355 0.01953125 0.04597701149425287
0 0.9317415695468184 0.06759539255931644 0.01953125 0.04597701149425287
0 0.922474732384551 0.08768755492445013 0.01953125 0.04597701149425287
0 0.9183290420751157 0.10605753194400094 0.01953125 0.04597701149425287
0 0.9341802109053098 0.1140943968900544 0.01953125 0.04597701149425287
0 0.9449102328826717 0.13074218856402234 0.01953125 0.04597701149425287
0 0.9446663687468227 0.1140943968900544 0.01953125 0.04597701149425287
0 0.9405206784373874 0.13935311529193675 0.01953125 0.04597701149425287
0 0.9388136294864434 0.12442750896355174 0.01953125 0.04597701149425287
0 0.936618852263801 0.09285411096119879 0.01953125 0.04597701149425287
0 0.9402768143015381 0.08653943136072821 0.01953125 0.04597701149425287
0 0.9534454776373918 0.13016812678216141 0.01953125 0.04597701149425287
0 0.9512507004147495 0.13074218856402234 0.01953125 0.04597701149425287
0 0.9524700210939951 0.11868689114494213 0.01953125 0.04597701149425287
0 0.9619807223921115 0.11868689114494213 0.01953125 0.04597701149425287
0 0.9756371139996634 0.16575995725754103 0.01953125 0.04597701149425287
0 0.9897812338789136 0.2220180118799154 0.01953125 0.04597701149425287
0 0.9939269241883489 0.23005487682596887 0.01953125 0.04597701149425287
0 0.9595420810336202 0.213407085152001 0.01953125 0.04597701149425287
0 0.9658825485656979 0.22144395009805445 0.01953125 0.04597701149425287
0 0.9695405106034348 0.2191477029706106 0.01953125 0.04597701149425287
0 0.9563718472675815 0.21398114693386192 0.01953125 0.04597701149425287
0 0.9724668802336245 0.23235112395341273 0.01953125 0.04597701149425287
0 0.9507629721430512 0.31329383519580845 0.01953125 0.04597701149425287
0 0.9814898532600428 0.1542787216203218 0.01953125 0.04597701149425287
0 0.9695405106034348 0.14107530063751964 0.01953125 0.04597701149425287
0 0.9651509561581505 0.11007596441702767 0.01953125 0.04597701149425287
0 0.9534454776373918 0.09974285234353035 0.01953125 0.04597701149425287
0 0.955640254860034 0.09285411096119879 0.01953125 0.04597701149425287
0 0.9527138852298443 0.08596536957886723 0.01953125 0.04597701149425287
0 0.9488120590562581 0.09055786383375494 0.01953125 0.04597701149425287
0 0.9449102328826717 0.09802066699794747 0.01953125 0.04597701149425287
0 0.9419838632524821 0.09802066699794747 0.01953125 0.04597701149425287
0 0.9371065805354994 0.09859472877980842 0.01953125 0.04597701149425287
0 0.9441786404751245 0.0819469371058405 0.01953125 0.04597701149425287
0 0.9766125705430599 0.3035347849041721 0.01953125 0.04597701149425287
0 0.9514945645505987 0.07505819572350896 0.01953125 0.04597701149425287
0 0.9273520151015338 0.3069791555953379 0.01953125 0.04597701149425287
0 0.9632000430713573 0.09400223452492072 0.01953125 0.04597701149425287
0 0.9739300650487196 0.019374202882995562 0.01953125 0.04597701149425287
0 0.9717352878260772 0.06472508365001162 0.01953125 0.04597701149425287
0 0.9663702768373962 0.06415102186815065 0.01953125 0.04597701149425287
0 0.9600298093053184 0.06242883652256777 0.01953125 0.04597701149425287
0 0.8846757913279344 0.28688699323020417 0.01953125 0.04597701149425287
0 0.9666141409732452 0.1651858954756801 0.01953125 0.04597701149425287
0 0.9619807223921115 0.17609306933103838 0.01953125 0.04597701149425287
0 0.9805143967166462 0.19503710813245018 0.01953125 0.04597701149425287
0 0.9907566904223101 0.1772411928947603 0.01953125 0.04597701149425287
0 0.9973410220902368 0.18011150180406515 0.01953125 0.04597701149425287
0 0.9883180490638186 0.16001933943893143 0.01953125 0.04597701149425287
0 0.9944146524600471 0.15083435092915604 0.01953125 0.04597701149425287
0 0.9812459891241936 0.13418655925518813 0.01953125 0.04597701149425287
0 0.9795389401732496 0.11868689114494213 0.01953125 0.04597701149425287
0 0.9822214456675903 0.12040907649052501 0.01953125 0.04597701149425287
0 0.9763687064072109 0.12844594143657848 0.01953125 0.04597701149425287
0 0.9766125705430599 0.1112240879807496 0.01953125 0.04597701149425287
0 0.9736862009128702 0.11237221154447152 0.01953125 0.04597701149425287
0 0.9695405106034348 0.12729781787285654 0.01953125 0.04597701149425287
0 0.9688089181958875 0.11007596441702767 0.01953125 0.04597701149425287
0 0.9663702768373962 0.09859472877980842 0.01953125 0.04597701149425287
0 0.9712475595543789 0.09572441987050362 0.01953125 0.04597701149425287
0 0.9739300650487196 0.09629848165236458 0.01953125 0.04597701149425287
0 0.9649070920223012 0.08711349314258916 0.01953125 0.04597701149425287
0 0.9612491299845641 0.08309506066956243 0.01953125 0.04597701149425287
0 0.9717352878260772 0.08596536957886723 0.01953125 0.04597701149425287
0 0.9758809781355126 0.0882616167063111 0.01953125 0.04597701149425287
0 0.9805143967166462 0.09228004917933784 0.01953125 0.04597701149425287
0 0.9761248422713618 0.07161382503234318 0.01953125 0.04597701149425287
0 0.8788230520675551 0.27770200472042883 0.01953125 0.04597701149425287
0 0.9973410220902368 0.13074218856402234 0.01953125 0.04597701149425287
0 0.9931953317808014 0.09916879056166937 0.01953125 0.04597701149425287
0 0.9863671359770256 0.12098313827238596 0.01953125 0.04597701149425287
0 0.9917321469657067 0.11524252045377634 0.01953125 0.04597701149425287
0 0.9953901090034436 0.11811282936308116 0.01953125 0.04597701149425287
0 0.9873425925204221 0.13648280638263197 0.01953125 0.04597701149425287
0 0.9939269241883489 0.13476062103704906 0.01953125 0.04597701149425287
0 0.9953901090034436 0.16001933943893143 0.01953125 0.04597701149425287
0 0.9814898532600428 0.0664472689955945 0.01953125 0.04597701149425287
0 0.9849039511619307 0.0681694543411774 0.01953125 0.04597701149425287
0 0.9900250980147626 0.07161382503234318 0.01953125 0.04597701149425287
0 0.9917321469657067 0.07505819572350896 0.01953125 0.04597701149425287
0 0.9953901090034436 0.07620631928723087 0.01953125 0.04597701149425287
0 0.9797828043090989 0.03659605633882444 0.01953125 0.04597701149425287
0 0.9758809781355126 0.03946636524812927 0.01953125 0.04597701149425287
0 0.971491423690228 0.03946636524812927 0.01953125 0.04597701149425287
0 0.9849039511619307 0.03659605633882444 0.01953125 0.04597701149425287
0 0.9790512119015514 0.06472508365001162 0.01953125 0.04597701149425287
0 0.9944146524600471 0.06587320721373355 0.01953125 0.04597701149425287
0 0.997584886226086 0.0681694543411774 0.01953125 0.04597701149425287
0 0.9961217014109911 0.08711349314258916 0.01953125 0.04597701149425287
0 0.9853916794336289 0.09572441987050362 0.01953125 0.04597701149425287
0 0.9900250980147626 0.09974285234353035 0.01953125 0.04597701149425287
0 0.780789669456201 0.39308842287448226 0.01953125 0.04597701149425287
0 0.8861389761430293 0.2667948308650705 0.01953125 0.04597701149425287
0 0.9605175375770169 0.14738998023799027 0.01953125 0.04597701149425287
0 0.9632000430713573 0.14279748598310255 0.01953125 0.04597701149425287
0 0.8973567263920896 0.16920432794870682 0.01953125 0.04597701149425287
0 0.8956496774411457 0.15657496874776566 0.01953125 0.04597701149425287
0 0.8927233078109559 0.15542684518404376 0.01953125 0.04597701149425287
0 0.8966251339845422 0.15026028914729508 0.01953125 0.04597701149425287
0 0.8924794436751069 0.11065002619888865 0.01953125 0.04597701149425287
0 0.8866267044147276 0.10777971728958383 0.01953125 0.04597701149425287
0 0.8844319271920852 0.1140943968900544 0.01953125 0.04597701149425287
0 0.8827248782411412 0.10376128481655708 0.01953125 0.04597701149425287
0 0.7949337893354511 0.1772411928947603 0.01953125 0.04597701149425287
0 0.7937144686562054 0.16805620438498492 0.01953125 0.04597701149425287
0 0.660076922210877 0.13505274865880407 0.01953125 0.04597701149425287
0 0.7290904726561833 0.17925550586209818 0.01953125 0.04597701149425287
0 0.777375571554313 0.12357151302158481 0.01953125 0.04597701149425287
0 0.7810335335920501 0.12299745123972386 0.01953125 0.04597701149425287
0 0.784447631493938 0.1224233894578629 0.01953125 0.04597701149425287
0 0.4649856135315654 0.12644182193088963 0.01953125 0.04597701149425287
0 0.47839814100326816 0.136200872222526 0.01953125 0.04597701149425287
0 0.47376472242213447 0.14595992251416234 0.01953125 0.04597701149425287
0 0.4857140650787423 0.136200872222526 0.01953125 0.04597701149425287
0 0.5471678273127255 0.31071565390825867 0.01953125 0.04597701149425287
0 0.4208462049428712 0.20681047139142442 0.01953125 0.04597701149425287
0 0.437916694452311 0.2148473363374779 0.01953125 0.04597701149425287
0 0.4779104127315698 0.3646774614031892 0.01953125 0.04597701149425287
0 0.47815427686741896 0.3686958938762159 0.01953125 0.04597701149425287
0 0.5613119471919755 0.15686709636952065 0.01953125 0.04597701149425287
0 0.3998738892598452 0.20968078030072923 0.01953125 0.04597701149425287
0 0.6822685585731486 0.3173173643996597 0.01953125 0.04597701149425287
0 0.6578821449882347 0.2725405454145047 0.01953125 0.04597701149425287
0 0.6632471559769157 0.2725405454145047 0.01953125 0.04597701149425287
0 0.6681244386938986 0.27828116323311425 0.01953125 0.04597701149425287
0 0.732016842286373 0.2725405454145047 0.01953125 0.04597701149425287
0 0.7095813417882522 0.2863180281791677 0.01953125 0.04597701149425287
0 0.7739614736524251 0.26450368046845113 0.01953125 0.04597701149425287
0 0.7451855056222266 0.2576149390861196 0.01953125 0.04597701149425287
0 0.8251729421807443 0.47001779837467567 0.01953125 0.04597701149425287
0 0.7993233437807356 0.48953589895794847 0.01953125 0.04597701149425287
0 0.8007865285958303 0.45853656273745647 0.01953125 0.04597701149425287
0 0.7549400710561921 0.44590720353651536 0.01953125 0.04597701149425287
0 0.7676210061203474 0.43787033859046176 0.01953125 0.04597701149425287
0 0.6188638832523724 0.6135332438399164 0.01953125 0.04597701149425287
0 0.5539960231165014 0.4217966086983549 0.01953125 0.04597701149425287
0 0.5427782728674408 0.2863180281791677 0.01953125 0.04597701149425287
0 0.5291218812598891 0.2289118499930715 0.01953125 0.04597701149425287
0 0.81785701810527 0.0348789677240662 0.01953125 0.04597701149425287
0 0.8168815615618736 0.2036531315911891 0.01953125 0.04597701149425287
0 0.39938616098814694 0.22776372642934958 0.01953125 0.04597701149425287
0 0.3272023767768017 0.174950042498141 0.01953125 0.04597701149425287
0 0.26672407108621515 0.14509882984137093 0.01953125 0.04597701149425287
0 0.27160135380319794 0.14509882984137093 0.01953125 0.04597701149425287
0 0.5915511000372689 0.5974595139478094 0.01953125 0.04597701149425287
0 0.4837631519919492 0.3471685770564298 0.01953125 0.04597701149425287
0 0.5276586964447944 0.2484299505763442 0.01953125 0.04597701149425287
0 0.52034277236932 0.2564668155223977 0.01953125 0.04597701149425287
0 0.581308806331605 0.5848301547468683 0.01953125 0.04597701149425287
0 0.30671778936547395 0.2805774103605581 0.01953125 0.04597701149425287
0 0.5627751320070704 0.0957295166013282 0.01953125 0.04597701149425287
0 0.7656700930335543 0.11869198787576665 0.01953125 0.04597701149425287
0 0.7671332778486492 0.22776372642934958 0.01953125 0.04597701149425287
0 0.7515259731543041 0.3138729937084939 0.01953125 0.04597701149425287
0 0.742746864263735 0.3023917580712746 0.01953125 0.04597701149425287
0 0.6159375136221827 0.3000955109438308 0.01953125 0.04597701149425287
0 0.6056952199165189 0.2805774103605581 0.01953125 0.04597701149425287
0 0.4179198353126815 0.35979793625737094 0.01953125 0.04597701149425287
0 0.6222779811542604 0.5205352351784405 0.01953125 0.04597701149425287
0 0.6174006984372775 0.43787033859046176 0.01953125 0.04597701149425287
0 0.3272023767768017 0.07047079819944581 0.01953125 0.04597701149425287
0 0.3354937573956724 0.05439706830733883 0.01953125 0.04597701149425287
0 0.3330551160371811 0.058989562562226566 0.01953125 0.04597701149425287
0 0.3062300610937757 0.1692094246795314 0.01953125 0.04597701149425287
0 0.9845930406270865 0.2524339423120351 0.01953125 0.04597701149425287
0 0.9933860062545845 0.043563797048935156 0.01953125 0.04597701149425287
0 0.9268392436646566 0.04645670146489496 0.01953125 0.04597701149425287
0 0.9324347672457917 0.053042697036254007 0.01953125 0.04597701149425287
0 0.9420270933848804 0.066214688178972 0.01953125 0.04597701149425287
0 0.9432261341522665 0.060569549117807105 0.01953125 0.04597701149425287
0 0.9524187800355598 0.055865266566836456 0.01953125 0.04597701149425287
0 0.9632101469420347 0.036107279852759334 0.01953125 0.04597701149425287
0 0.9901885642082217 0.33146588916834313 0.01953125 0.04597701149425287
0 0.9957840877893568 0.3126487589644602 0.01953125 0.04597701149425287
0 0.9933860062545845 0.2806596376178594 0.01953125 0.04597701149425287
