0 0.012865387991573038 0.029409043051968356 0.01953125 0.029282576866764276
0 0.023750219452247194 0.024671187918469416 0.01953125 0.029282576866764276
0 0.006896286867977532 0.06257402898646093 0.01953125 0.029282576866764276
0 0.0030339273174157383 0.08521044795762252 0.01953125 0.029282576866764276
0 0.010934208216292138 0.09363330152828729 0.01953125 0.029282576866764276
0 0.017078871137640457 0.05704653133071217 0.01953125 0.029282576866764276
0 0.030421567766853945 0.06310045733462748 0.01953125 0.029282576866764276
0 0.031474938553370795 0.05283510454537978 0.01953125 0.029282576866764276
0 0.02664698911516855 0.047031026370770085 0.01953125 0.029282576866764276
0 0.021731258778089887 0.044925312978103885 0.01953125 0.029282576866764276
0 0.05263013518258426 0.06914101699376513 0.01953125 0.029282576866764276
0 0.04911889922752809 0.035976031059272565 0.01953125 0.029282576866764276
0 0.02875373068820225 0.10862314310625629 0.01953125 0.029282576866764276
0 0.04034080933988764 0.09335672100942637 0.01953125 0.029282576866764276
0 0.01857114641853934 0.06914101699376513 0.01953125 0.029282576866764276
0 0.0685184778792135 0.059533699639725615 0.01953125 0.029282576866764276
0 0.08186117450842698 0.040055850757563315 0.01953125 0.029282576866764276
0 0.04341314080056181 0.10849153601921462 0.01953125 0.029282576866764276
0 0.04920668012640451 0.1058593942783819 0.01953125 0.029282576866764276
0 0.05219123068820226 0.11349260532679684 0.01953125 0.029282576866764276
0 0.06044263518258428 0.11059724941188082 0.01953125 0.029282576866764276
0 0.04393982619382023 0.12165224472337834 0.01953125 0.029282576866764276
0 0.032528309339887644 0.12796938490137694 0.01953125 0.029282576866764276
0 0.031123814957865183 0.13902438021287444 0.01953125 0.029282576866764276
0 0.015849938553370795 0.13928759438695773 0.01953125 0.029282576866764276
0 0.008300781250000007 0.14718401960945596 0.01953125 0.029282576866764276
0 0.015498814957865176 0.1058593942783819 0.01953125 0.029282576866764276
0 0.042447550912921364 0.14044532548077715 0.01953125 0.029282576866764276
0 0.009090809339887651 0.10412176945728528 0.01953125 0.029282576866764276
0 0.02813926439606742 0.12952193725632125 0.01953125 0.029282576866764276
0 0.05640471383426967 0.1432090743086515 0.01953125 0.029282576866764276
0 0.05324460147471911 0.1595283531018145 0.01953125 0.029282576866764276
0 0.02129235428370787 0.18216477207297613 0.01953125 0.029282576866764276
0 0.00724741046348315 0.18506012798789215 0.01953125 0.029282576866764276
0 0.013918758778089894 0.1758476318949775 0.01953125 0.029282576866764276
0 0.028841511587078657 0.15794906805731487 0.01953125 0.029282576866764276
0 0.03393280372191012 0.17742691693947715 0.01953125 0.029282576866764276
0 0.026910331811797757 0.1721626334578117 0.01953125 0.029282576866764276
0 0.04560766327247191 0.147025679832859 0.01953125 0.029282576866764276
0 0.03788294417134831 0.16071281688518924 0.01953125 0.029282576866764276
0 0.06843069698033709 0.10175284189053582 0.01953125 0.029282576866764276
0 0.09406271945224719 0.09806784345336998 0.01953125 0.029282576866764276
0 0.08739137113764044 0.11175498050570026 0.01953125 0.029282576866764276
0 0.060003730688202236 0.16545067201868824 0.01953125 0.029282576866764276
0 0.07088856214887641 0.14228782469936008 0.01953125 0.029282576866764276
0 0.06386609023876404 0.1349178278250284 0.01953125 0.029282576866764276
0 0.06667507900280899 0.12386283251353086 0.01953125 0.029282576866764276
0 0.08774249473314606 0.12438926086169742 0.01953125 0.029282576866764276
0 0.08212451720505619 0.12333640416536433 0.01953125 0.029282576866764276
0 0.10003182057584269 0.027526444799052467 0.01953125 0.029282576866764276
0 0.09792507900280899 0.11596640729103265 0.01953125 0.029282576866764276
0 0.07861328124999999 0.1491313932255252 0.01953125 0.029282576866764276
0 0.04455429248595506 0.18703423429351668 0.01953125 0.029282576866764276
0 0.05368350596910111 0.17913780907101848 0.01953125 0.029282576866764276
0 0.052542354283707855 0.12820586638590487 0.01953125 0.029282576866764276
0 0.0140065396769663 0.19993172882359717 0.01953125 0.029282576866764276
0 0.02840260709269664 0.1983524437790975 0.01953125 0.029282576866764276
0 0.05333238237359551 0.20098458551993026 0.01953125 0.029282576866764276
0 0.002419461025280914 0.21309243752776086 0.01953125 0.029282576866764276
0 0.005579573384831477 0.20730172569792885 0.01953125 0.029282576866764276
0 0.009793056530898889 0.21572457926859362 0.01953125 0.029282576866764276
0 0.022082382373595513 0.20940743909059506 0.01953125 0.029282576866764276
0 0.018220022823033713 0.21414529422409398 0.01953125 0.029282576866764276
0 0.03858519136235955 0.20572244065342918 0.01953125 0.029282576866764276
0 0.03788294417134831 0.1972995870827644 0.01953125 0.029282576866764276
0 0.04595878686797754 0.20361672726076302 0.01953125 0.029282576866764276
0 0.06597283181179776 0.19940530047543062 0.01953125 0.029282576866764276
0 0.06737732619382021 0.18729744846760002 0.01953125 0.029282576866764276
0 0.07720878686797754 0.1983524437790975 0.01953125 0.029282576866764276
0 0.0199756408005618 0.23204385806175662 0.01953125 0.029282576866764276
0 0.030860472261235963 0.22414743283925842 0.01953125 0.029282576866764276
0 0.0238380003511236 0.22046243440209257 0.01953125 0.029282576866764276
0 0.03823406776685394 0.21730386431309326 0.01953125 0.029282576866764276
0 0.04841665203651686 0.2194095777057595 0.01953125 0.029282576866764276
0 0.04560766327247191 0.2315174297135901 0.01953125 0.029282576866764276
0 0.05930148349719101 0.22098886275025914 0.01953125 0.029282576866764276
0 0.056141371137640436 0.22783243127642425 0.01953125 0.029282576866764276
0 0.04490541608146069 0.24520456676592034 0.01953125 0.029282576866764276
0 0.035073955407303375 0.23678171319525557 0.01953125 0.029282576866764276
0 0.04034080933988764 0.26205027390724994 0.01953125 0.029282576866764276
0 0.039989685744382025 0.2515217069439189 0.01953125 0.029282576866764276
0 0.03296721383426966 0.26942027078158154 0.01953125 0.029282576866764276
0 0.021731258778089887 0.25415384868475166 0.01953125 0.029282576866764276
0 0.008388562148876413 0.2478367085067531 0.01953125 0.029282576866764276
0 0.013304292485955063 0.2557331337292513 0.01953125 0.029282576866764276
0 0.01857114641853934 0.26468241564808265 0.01953125 0.029282576866764276
0 0.017517775632022475 0.28310740783391186 0.01953125 0.029282576866764276
0 0.04630991046348314 0.27573741095958015 0.01953125 0.029282576866764276
0 0.06807957338483146 0.25415384868475166 0.01953125 0.029282576866764276
0 0.06070597787921349 0.2509952785957524 0.01953125 0.029282576866764276
0 0.016464404845505626 0.30784954019773964 0.01953125 0.029282576866764276
0 0.011899798103932588 0.30627025515324 0.01953125 0.029282576866764276
0 0.0020683374297752882 0.2720524125224143 0.01953125 0.029282576866764276
0 0.026998112710674163 0.31521953707207134 0.01953125 0.029282576866764276
0 0.04911889922752809 0.30837596854590615 0.01953125 0.029282576866764276
0 0.05298125877808989 0.29416240314540937 0.01953125 0.029282576866764276
0 0.05789698911516854 0.30732311184957306 0.01953125 0.029282576866764276
0 0.07439979810393259 0.27679026765591325 0.01953125 0.029282576866764276
0 0.07685766327247191 0.26678812904074883 0.01953125 0.029282576866764276
0 0.07826215765449439 0.25468027703291823 0.01953125 0.029282576866764276
0 0.13005288799157302 0.0817485646602069 0.01953125 0.029282576866764276
0 0.11881693293539322 0.06806142760787666 0.01953125 0.029282576866764276
0 0.12583940484550563 0.0059428825242239455 0.01953125 0.029282576866764276
0 0.14857465765449437 0.031251542270551255 0.01953125 0.029282576866764276
0 0.14260555653089885 0.028356186355635235 0.01953125 0.029282576866764276
0 0.07659432057584267 0.002297983121391076 0.01953125 0.029282576866764276
0 0.0653583655196629 0.005719767384473657 0.01953125 0.029282576866764276
0 0.07027409585674155 0.030198685574218155 0.01953125 0.029282576866764276
0 0.12417156776685392 0.07231295342754207 0.01953125 0.029282576866764276
0 0.1178513430477528 0.10126651257670226 0.01953125 0.029282576866764276
0 0.10556201720505616 0.09731829996545312 0.01953125 0.029282576866764276
0 0.10521089360955055 0.10521472518795136 0.01953125 0.029282576866764276
0 0.14664347787921347 0.09784472831361968 0.01953125 0.029282576866764276
0 0.1533148261938202 0.10047687005445244 0.01953125 0.029282576866764276
0 0.1060887025983146 0.11665117541579616 0.01953125 0.029282576866764276
0 0.14453673630617977 0.12902224159771006 0.01953125 0.029282576866764276
0 0.15384151158707865 0.13007509829404312 0.01953125 0.029282576866764276
0 0.16964207338483145 0.10349046671163244 0.01953125 0.029282576866764276
0 0.16156623068820225 0.10085832497079968 0.01953125 0.029282576866764276
0 0.16174179248595505 0.12981188411995986 0.01953125 0.029282576866764276
0 0.17332887113764045 0.12981188411995986 0.01953125 0.029282576866764276
0 0.09081482619382023 0.15402758813562112 0.01953125 0.029282576866764276
0 0.10064628686797752 0.15350115978745454 0.01953125 0.029282576866764276
0 0.10907325316011235 0.16034472831361968 0.01953125 0.029282576866764276
0 0.11943139922752809 0.15429080230970438 0.01953125 0.029282576866764276
0 0.12224038799157304 0.17061008110286738 0.01953125 0.029282576866764276
0 0.1310184778792135 0.13270724003487588 0.01953125 0.029282576866764276
0 0.15033027563202248 0.16271365588036918 0.01953125 0.029282576866764276
0 0.1371631408005618 0.16718829683978484 0.01953125 0.029282576866764276
0 0.15033027563202248 0.1450783062167898 0.01953125 0.029282576866764276
0 0.14155218574438203 0.1448150920427065 0.01953125 0.029282576866764276
0 0.10389418012640449 0.13202247191011235 0.01953125 0.029282576866764276
0 0.11653462956460674 0.14465675226610952 0.01953125 0.029282576866764276
0 0.13444193293539325 0.12149390494678139 0.01953125 0.029282576866764276
0 0.11618350596910111 0.11465033642061624 0.01953125 0.029282576866764276
0 0.11056552844101124 0.11622962146511588 0.01953125 0.029282576866764276
0 0.09160485428370786 0.16413460114827183 0.01953125 0.029282576866764276
0 0.08493350596910111 0.16729317123727114 0.01953125 0.029282576866764276
0 0.07720878686797754 0.16044960271110598 0.01953125 0.029282576866764276
0 0.09125373068820224 0.18519173507493378 0.01953125 0.029282576866764276
0 0.08704024754213484 0.1778217382006021 0.01953125 0.029282576866764276
0 0.09616946102528089 0.18255959333410102 0.01953125 0.029282576866764276
0 0.10073406776685394 0.18413887837860066 0.01953125 0.029282576866764276
0 0.1253127194522472 0.15571174757760706 0.01953125 0.029282576866764276
0 0.07018631495786516 0.21309243752776086 0.01953125 0.029282576866764276
0 0.08739137113764044 0.21203958083142777 0.01953125 0.029282576866764276
0 0.10775653967696629 0.2020374422162633 0.01953125 0.029282576866764276
0 0.12074811271067414 0.20414315560892954 0.01953125 0.029282576866764276
0 0.11829024754213481 0.19150887525293234 0.01953125 0.029282576866764276
0 0.09371159585674156 0.24520456676592034 0.01953125 0.029282576866764276
0 0.08352901158707864 0.23572885649892245 0.01953125 0.029282576866764276
0 0.07053743855337079 0.2341495714544228 0.01953125 0.029282576866764276
0 0.10038294417134831 0.21256600917959428 0.01953125 0.029282576866764276
0 0.09757395540730336 0.20045815717176366 0.01953125 0.029282576866764276
0 0.08984923630617976 0.23257028640992317 0.01953125 0.029282576866764276
0 0.12706833742977525 0.22520028953559149 0.01953125 0.029282576866764276
0 0.12215260709269661 0.23888742658792173 0.01953125 0.029282576866764276
0 0.11126777563202246 0.25310099198841857 0.01953125 0.029282576866764276
0 0.11197002282303369 0.26573527234441574 0.01953125 0.029282576866764276
0 0.10389418012640449 0.26573527234441574 0.01953125 0.029282576866764276
0 0.10073406776685394 0.23994028328425485 0.01953125 0.029282576866764276
0 0.13830429248595505 0.20940743909059498 0.01953125 0.029282576866764276
0 0.14602901158707865 0.1815067366377679 0.01953125 0.029282576866764276
0 0.1646385621488764 0.19098244690476582 0.01953125 0.029282576866764276
0 0.1534026070926966 0.20414315560892954 0.01953125 0.029282576866764276
0 0.1586694610252809 0.17676888150426898 0.01953125 0.029282576866764276
0 0.1428688992275281 0.21046029578692813 0.01953125 0.029282576866764276
0 0.1491891239466292 0.20572244065342918 0.01953125 0.029282576866764276
0 0.16393631495786515 0.20572244065342918 0.01953125 0.029282576866764276
0 0.1748211464185393 0.20782815404609534 0.01953125 0.029282576866764276
0 0.15831833742977525 0.22783243127642422 0.01953125 0.029282576866764276
0 0.1488380003511236 0.23362314310625626 0.01953125 0.029282576866764276
0 0.1586694610252809 0.24520456676592034 0.01953125 0.029282576866764276
0 0.15375373068820225 0.25415384868475166 0.01953125 0.029282576866764276
0 0.16218069698033705 0.25731241877375094 0.01953125 0.029282576866764276
0 0.129175079002809 0.25783884712191746 0.01953125 0.029282576866764276
0 0.1376020452949438 0.22888528797275734 0.01953125 0.029282576866764276
0 0.13409080933988765 0.19940530047543054 0.01953125 0.029282576866764276
0 0.12004586551966291 0.2178302926612598 0.01953125 0.029282576866764276
0 0.164989685744382 0.2341495714544228 0.01953125 0.029282576866764276
0 0.1825458655196629 0.23204385806175662 0.01953125 0.029282576866764276
0 0.18008800035112354 0.19466744534193162 0.01953125 0.029282576866764276
0 0.18184361832865165 0.22098886275025909 0.01953125 0.029282576866764276
0 0.19378182057584264 0.20782815404609534 0.01953125 0.029282576866764276
0 0.1867593486657303 0.18835030516393306 0.01953125 0.029282576866764276
0 0.176927887991573 0.15781746097027322 0.01953125 0.029282576866764276
0 0.1804391239466292 0.17045174132627042 0.01953125 0.029282576866764276
0 0.1713099104634831 0.15887031766660634 0.01953125 0.029282576866764276
0 0.15656271945224715 0.14676246565877574 0.01953125 0.029282576866764276
0 0.15375373068820225 0.1151767647687828 0.01953125 0.029282576866764276
0 0.1586694610252809 0.12096747659861483 0.01953125 0.029282576866764276
0 0.1628829441713483 0.11728247816144899 0.01953125 0.029282576866764276
0 0.1748211464185393 0.11991461990228172 0.01953125 0.029282576866764276
0 0.1825458655196629 0.11991461990228172 0.01953125 0.029282576866764276
0 0.17973687675561795 0.12517890338394722 0.01953125 0.029282576866764276
0 0.1850037306882022 0.13202247191011235 0.01953125 0.029282576866764276
0 0.16990541608146065 0.06095464490762829 0.01953125 0.029282576866764276
0 0.15586047226123595 0.0699039268264596 0.01953125 0.029282576866764276
0 0.15621159585674155 0.026210373928636087 0.01953125 0.029282576866764276
0 0.1692031688904494 0.025157517232302966 0.01953125 0.029282576866764276
0 0.1828969891151685 0.029368944017635366 0.01953125 0.029282576866764276
0 0.1846526070926966 0.06516607169296068 0.01953125 0.029282576866764276
0 0.17973687675561795 0.05305821968513005 0.01953125 0.029282576866764276
0 0.18395035990168535 0.10359534110911872 0.01953125 0.029282576866764276
0 0.1927284497893258 0.13360175695461202 0.01953125 0.029282576866764276
0 0.1965908093398876 0.11359747972428316 0.01953125 0.029282576866764276
0 0.19307957338483145 0.12202033329494792 0.01953125 0.029282576866764276
0 0.20326215765449435 0.12570533173211376 0.01953125 0.029282576866764276
0 0.19939979810393255 0.12465247503578067 0.01953125 0.029282576866764276
0 0.20326215765449435 0.07569463865629164 0.01953125 0.029282576866764276
0 0.1969419329353932 0.17045174132627042 0.01953125 0.029282576866764276
0 0.20923125877808985 0.14939460739960847 0.01953125 0.029282576866764276
0 0.21309361832865165 0.13202247191011235 0.01953125 0.029282576866764276
0 0.2180093486657303 0.1325489002582789 0.01953125 0.029282576866764276
0 0.20888013518258425 0.1715045980226035 0.01953125 0.029282576866764276
0 0.2060711464185393 0.11359747972428316 0.01953125 0.029282576866764276
0 0.227489685744382 0.09517248753845396 0.01953125 0.029282576866764276
0 0.23310766327247184 0.0925403457976212 0.01953125 0.029282576866764276
0 0.23661889922752805 0.04832036455163113 0.01953125 0.029282576866764276
0 0.2204672138342696 0.035686084195633926 0.01953125 0.029282576866764276
0 0.239427887991573 0.10412176945728528 0.01953125 0.029282576866764276
0 0.2317031688904494 0.11359747972428316 0.01953125 0.029282576866764276
0 0.20712451720505615 0.1030689127609522 0.01953125 0.029282576866764276
0 0.22116946102528084 0.18413887837860066 0.01953125 0.029282576866764276
0 0.24013013518258425 0.17729530985243555 0.01953125 0.029282576866764276
0 0.2338099104634831 0.19203530360109886 0.01953125 0.029282576866764276
0 0.2338099104634831 0.20572244065342918 0.01953125 0.029282576866764276
0 0.2471526070926966 0.20045815717176366 0.01953125 0.029282576866764276
0 0.24223687675561795 0.2230945761429253 0.01953125 0.029282576866764276
0 0.24293912394662914 0.24888956520308617 0.01953125 0.029282576866764276
0 0.23907676439606734 0.23783456989158866 0.01953125 0.029282576866764276
0 0.2278408093398876 0.23730814154342209 0.01953125 0.029282576866764276
0 0.22854305653089885 0.2515217069439189 0.01953125 0.029282576866764276
0 0.21941384304775274 0.24467813841775377 0.01953125 0.029282576866764276
0 0.2180093486657303 0.2341495714544228 0.01953125 0.029282576866764276
0 0.2183604722612359 0.21572457926859362 0.01953125 0.029282576866764276
0 0.22678743855337075 0.21940957770575945 0.01953125 0.029282576866764276
0 0.21520035990168535 0.1983524437790975 0.01953125 0.029282576866764276
0 0.2116891239466292 0.2178302926612598 0.01953125 0.029282576866764276
0 0.20712451720505615 0.2188831493575929 0.01953125 0.029282576866764276
0 0.2004531688904494 0.21572457926859362 0.01953125 0.029282576866764276
0 0.1923773261938202 0.23572885649892245 0.01953125 0.029282576866764276
0 0.1941329441713483 0.22783243127642422 0.01953125 0.029282576866764276
0 0.04947002282303371 0.2552067053810847 0.01953125 0.029282576866764276
0 0.02875373068820225 0.25415384868475166 0.01953125 0.029282576866764276
0 0.026998112710674163 0.24099313998058794 0.01953125 0.029282576866764276
0 0.2004531688904494 0.22625314623192458 0.01953125 0.029282576866764276
0 0.21484923630617975 0.2515217069439189 0.01953125 0.029282576866764276
0 0.2450458655196629 0.2599445605145837 0.01953125 0.029282576866764276
0 0.23029867450842695 0.15413246253310742 0.01953125 0.029282576866764276
0 0.22468069698033705 0.12939033016927962 0.01953125 0.029282576866764276
0 0.21309361832865165 0.10728033954628456 0.01953125 0.029282576866764276
0 0.22327620259831454 0.10148962771645252 0.01953125 0.029282576866764276
0 0.2180093486657303 0.10780676789445112 0.01953125 0.029282576866764276
0 0.22538294417134824 0.11254462302795004 0.01953125 0.029282576866764276
0 0.24083238237359544 0.12991675851744616 0.01953125 0.029282576866764276
0 0.24223687675561795 0.14307746722160988 0.01953125 0.029282576866764276
0 0.23451215765449435 0.14307746722160988 0.01953125 0.029282576866764276
0 0.243992494733146 0.1530796058367743 0.01953125 0.029282576866764276
0 0.24996159585674155 0.23730814154342214 0.01953125 0.029282576866764276
0 0.26400653967696625 0.23467599980258938 0.01953125 0.029282576866764276
0 0.18043912394662917 0.24678385181042 0.01953125 0.029282576866764276
0 0.13900653967696627 0.2583652754700841 0.01953125 0.029282576866764276
0 0.17763013518258425 0.2804752660930791 0.01953125 0.029282576866764276
0 0.16604305653089885 0.27784312435224634 0.01953125 0.029282576866764276
0 0.1730655284410112 0.2725788408705809 0.01953125 0.029282576866764276
0 0.14954024754213482 0.27626383930774673 0.01953125 0.029282576866764276
0 0.14497564080056177 0.267840985737082 0.01953125 0.029282576866764276
0 0.18008800035112357 0.2594181321664172 0.01953125 0.029282576866764276
0 0.18395035990168537 0.26994669912974817 0.01953125 0.029282576866764276
0 0.18746159585674155 0.2662617006925823 0.01953125 0.029282576866764276
0 0.20291103405898872 0.28626597792291114 0.01953125 0.029282576866764276
0 0.2060711464185393 0.27310526921874745 0.01953125 0.029282576866764276
0 0.2102846295646067 0.26573527234441574 0.01953125 0.029282576866764276
0 0.2271385621488764 0.2767902676559133 0.01953125 0.029282576866764276
0 0.2376722700140449 0.28626597792291114 0.01953125 0.029282576866764276
0 0.2313520452949438 0.29153026140457666 0.01953125 0.029282576866764276
0 0.24469474192415724 0.2715259841742478 0.01953125 0.029282576866764276
0 0.25873968574438194 0.2704731274779147 0.01953125 0.029282576866764276
0 0.2608464273174157 0.2520481352920855 0.01953125 0.029282576866764276
0 0.2766469891151685 0.24941599355125277 0.01953125 0.029282576866764276
0 0.27840260709269654 0.23836099823975526 0.01953125 0.029282576866764276
0 0.28402058462078644 0.24309885337325418 0.01953125 0.029282576866764276
0 0.2924475509129213 0.2509952785957524 0.01953125 0.029282576866764276
0 0.29947002282303364 0.27626383930774673 0.01953125 0.029282576866764276
0 0.2889363149578651 0.28310740783391186 0.01953125 0.029282576866764276
0 0.27980710147471904 0.28205455113757877 0.01953125 0.029282576866764276
0 0.28156271945224715 0.26573527234441574 0.01953125 0.029282576866764276
0 0.28823406776685384 0.2673145573889154 0.01953125 0.029282576866764276
0 0.27032676439606734 0.2151981509204271 0.01953125 0.029282576866764276
0 0.26786889922752805 0.19519387369009822 0.01953125 0.029282576866764276
0 0.27418912394662914 0.19677315873459786 0.01953125 0.029282576866764276
0 0.25803743855337075 0.18677102011943342 0.01953125 0.029282576866764276
0 0.25873968574438194 0.17466316811160282 0.01953125 0.029282576866764276
0 0.2496104722612359 0.13570747034727826 0.01953125 0.029282576866764276
0 0.25873968574438194 0.14886817905144195 0.01953125 0.029282576866764276
0 0.2650599104634831 0.13886604043627754 0.01953125 0.029282576866764276
0 0.25628182057584264 0.0825382071824568 0.01953125 0.029282576866764276
0 0.26611328124999994 0.06990392682645964 0.01953125 0.029282576866764276
0 0.275242494733146 0.084643920575123 0.01953125 0.029282576866764276
0 0.2608464273174157 0.09991034267195292 0.01953125 0.029282576866764276
0 0.2629531688904494 0.12675818842844694 0.01953125 0.029282576866764276
0 0.28612732619382014 0.13044318686561276 0.01953125 0.029282576866764276
0 0.287180696980337 0.14781532235510886 0.01953125 0.029282576866764276
0 0.2942031688904494 0.12675818842844694 0.01953125 0.029282576866764276
0 0.3001722700140449 0.13570747034727826 0.01953125 0.029282576866764276
0 0.3145683374297752 0.13465461365094517 0.01953125 0.029282576866764276
0 0.3142172138342696 0.15044746409594162 0.01953125 0.029282576866764276
0 0.3005233936095505 0.15044746409594162 0.01953125 0.029282576866764276
0 0.29174530372191004 0.18308602168226762 0.01953125 0.029282576866764276
0 0.2910430565308988 0.1578174609702733 0.01953125 0.029282576866764276
0 0.2910430565308988 0.1983524437790975 0.01953125 0.029282576866764276
0 0.3001722700140449 0.17940102324510174 0.01953125 0.029282576866764276
0 0.3103548542837078 0.18361245003043414 0.01953125 0.029282576866764276
0 0.32861328124999994 0.16729317123727114 0.01953125 0.029282576866764276
0 0.32123968574438194 0.1320224719101124 0.01953125 0.029282576866764276
0 0.3265065396769662 0.12570533173211382 0.01953125 0.029282576866764276
0 0.3159728318117977 0.1946674453419317 0.01953125 0.029282576866764276
0 0.31105710147471904 0.20203744221626338 0.01953125 0.029282576866764276
0 0.3240486745084269 0.20519601230526266 0.01953125 0.029282576866764276
0 0.3296666520365168 0.2030902989125965 0.01953125 0.029282576866764276
0 0.3103548542837078 0.21309243752776086 0.01953125 0.029282576866764276
0 0.3001722700140449 0.21151315248326122 0.01953125 0.029282576866764276
0 0.3222930565308988 0.23467599980258938 0.01953125 0.029282576866764276
0 0.3047368767556179 0.2509952785957524 0.01953125 0.029282576866764276
0 0.3103548542837078 0.27310526921874745 0.01953125 0.029282576866764276
0 0.3085992363061797 0.26152384555908337 0.01953125 0.029282576866764276
0 0.31351496664325834 0.24099313998058794 0.01953125 0.029282576866764276
0 0.33282676439606734 0.25257456364025205 0.01953125 0.029282576866764276
0 0.31913294417134824 0.2878452629674108 0.01953125 0.029282576866764276
0 0.3282621576544943 0.2878452629674108 0.01953125 0.029282576866764276
0 0.3240486745084269 0.26205027390724994 0.01953125 0.029282576866764276
0 0.3128127194522471 0.29626811653807555 0.01953125 0.029282576866764276
0 0.29174530372191004 0.2973209732344087 0.01953125 0.029282576866764276
0 0.29174530372191004 0.0888553473604554 0.01953125 0.029282576866764276
0 0.3103548542837078 0.09043463240495504 0.01953125 0.029282576866764276
0 0.3317733936095505 0.06727178508562688 0.01953125 0.029282576866764276
0 0.30508800035112354 0.06095464490762833 0.01953125 0.029282576866764276
0 0.2843717082162921 0.06095464490762833 0.01953125 0.029282576866764276
0 0.28998968574438194 0.05621678977412937 0.01953125 0.029282576866764276
0 0.3219419329353932 0.09043463240495504 0.01953125 0.029282576866764276
0 0.2555795733848314 0.289950976360077 0.01953125 0.029282576866764276
0 0.2636554160814606 0.2857395495747446 0.01953125 0.029282576866764276
0 0.2569840677668539 0.12833747347294658 0.01953125 0.029282576866764276
0 0.32159080933988754 0.14992103574777504 0.01953125 0.029282576866764276
0 0.33282676439606734 0.15044746409594162 0.01953125 0.029282576866764276
0 0.09353603405898878 0.27968562357082927 0.01953125 0.029282576866764276
0 0.07387311271067415 0.30284847089015743 0.01953125 0.029282576866764276
0 0.06755288799157302 0.2870556204451609 0.01953125 0.029282576866764276
0 0.11600794417134833 0.2775799101781631 0.01953125 0.029282576866764276
0 0.13286187675561797 0.2870556204451609 0.01953125 0.029282576866764276
0 0.13005288799157302 0.3070598976754898 0.01953125 0.029282576866764276
0 0.12373266327247187 0.3123241811571553 0.01953125 0.029282576866764276
0 0.10758097787921347 0.29653133071215876 0.01953125 0.029282576866764276
0 0.09985625877808987 0.3186413213351539 0.01953125 0.029282576866764276
0 0.08791805653089887 0.30284847089015743 0.01953125 0.029282576866764276
0 0.0415697419241573 0.31337703785348836 0.01953125 0.029282576866764276
0 0.10196300035112357 0.3344341717801503 0.01953125 0.029282576866764276
0 0.08510906776685392 0.3260113182094855 0.01953125 0.029282576866764276
0 0.08019333742977527 0.3344341717801503 0.01953125 0.029282576866764276
0 0.0787888430477528 0.3239056048168194 0.01953125 0.029282576866764276
0 0.06825513518258425 0.3396984552618158 0.01953125 0.029282576866764276
0 0.06263715765449437 0.3260113182094855 0.01953125 0.029282576866764276
0 0.049996708216292124 0.3354870284764835 0.01953125 0.029282576866764276
0 0.03876075316011235 0.33864559856548276 0.01953125 0.029282576866764276
0 0.020502326193820225 0.34601559543981436 0.01953125 0.029282576866764276
0 0.012075359901685373 0.3428570253508151 0.01953125 0.029282576866764276
0 0.05965260709269664 0.35680737657722866 0.01953125 0.029282576866764276
0 0.039989685744382025 0.3662830868442265 0.01953125 0.029282576866764276
0 0.036127326193820225 0.35049023639923005 0.01953125 0.029282576866764276
0 0.021731258778089887 0.36891522858505926 0.01953125 0.029282576866764276
0 0.004175079002809001 0.3357502426505667 0.01953125 0.029282576866764276
0 0.007686314957865176 0.3631245167552272 0.01953125 0.029282576866764276
0 0.004877326193820239 0.34312023952489834 0.01953125 0.029282576866764276
0 0.030509348665730338 0.37365308371855815 0.01953125 0.029282576866764276
0 0.04630991046348314 0.37365308371855815 0.01953125 0.029282576866764276
0 0.05333238237359551 0.3799702238965568 0.01953125 0.029282576866764276
0 0.06386609023876404 0.3883930774672216 0.01953125 0.029282576866764276
0 0.08423125877808989 0.3741795120667248 0.01953125 0.029282576866764276
0 0.10986328124999999 0.34154095448039873 0.01953125 0.029282576866764276
0 0.12145035990168539 0.34838452300656386 0.01953125 0.029282576866764276
0 0.09371159585674156 0.3541752348363959 0.01953125 0.029282576866764276
0 0.07439979810393259 0.3531223781400628 0.01953125 0.029282576866764276
0 0.09581833742977526 0.3668095151923931 0.01953125 0.029282576866764276
0 0.11653462956460674 0.3752323687630578 0.01953125 0.029282576866764276
0 0.13479305653089885 0.3589130899698948 0.01953125 0.029282576866764276
0 0.1414644048455056 0.30205882836790754 0.01953125 0.029282576866764276
0 0.16358519136235955 0.3152195370720713 0.01953125 0.029282576866764276
0 0.17236328124999994 0.3025852567160741 0.01953125 0.029282576866764276
0 0.1397087868679775 0.3262745323835688 0.01953125 0.029282576866764276
0 0.1509447419241573 0.32680096073173537 0.01953125 0.029282576866764276
0 0.12847283181179775 0.3357502426505667 0.01953125 0.029282576866764276
0 0.17622564080056174 0.3152195370720713 0.01953125 0.029282576866764276
0 0.18570597787921345 0.31890453550923714 0.01953125 0.029282576866764276
0 0.1881638430477528 0.3078495401977396 0.01953125 0.029282576866764276
0 0.19202620259831454 0.3041645417605738 0.01953125 0.029282576866764276
0 0.2078267643960674 0.30627025515323997 0.01953125 0.029282576866764276
0 0.1986975509129213 0.3031116850642407 0.01953125 0.029282576866764276
0 0.20326215765449435 0.3231159622945695 0.01953125 0.029282576866764276
0 0.1811413711376404 0.34154095448039873 0.01953125 0.029282576866764276
0 0.19307957338483145 0.34312023952489834 0.01953125 0.029282576866764276
0 0.16218069698033705 0.3468052379620642 0.01953125 0.029282576866764276
0 0.1727144048455056 0.355228091532729 0.01953125 0.029282576866764276
0 0.1495402475421348 0.36154523171072755 0.01953125 0.029282576866764276
0 0.15796721383426965 0.3625980884070607 0.01953125 0.029282576866764276
0 0.18921721383426965 0.3578602332735617 0.01953125 0.029282576866764276
0 0.1790346295646067 0.35996594666622794 0.01953125 0.029282576866764276
0 0.13830429248595505 0.38102308059288986 0.01953125 0.029282576866764276
0 0.1277705846207865 0.38523450737822224 0.01953125 0.029282576866764276
0 0.15831833742977525 0.3847080790300557 0.01953125 0.029282576866764276
0 0.1663941801264045 0.37365308371855815 0.01953125 0.029282576866764276
0 0.1491891239466292 0.3862873640745554 0.01953125 0.029282576866764276
0 0.17166103405898875 0.38102308059288986 0.01953125 0.029282576866764276
0 0.1825458655196629 0.3847080790300557 0.01953125 0.029282576866764276
0 0.20185766327247184 0.3947102176452202 0.01953125 0.029282576866764276
0 0.1927284497893258 0.3752323687630578 0.01953125 0.029282576866764276
0 0.200804292485955 0.3704945136295589 0.01953125 0.029282576866764276
0 0.2060711464185393 0.35996594666622794 0.01953125 0.029282576866764276
0 0.2197649666432584 0.36049237501439446 0.01953125 0.029282576866764276
0 0.23837451720505615 0.3594395183180614 0.01953125 0.029282576866764276
0 0.2436413711376404 0.334170957606067 0.01953125 0.029282576866764276
0 0.2397790115870786 0.3136402520275716 0.01953125 0.029282576866764276
0 0.232054292485955 0.3246952473390692 0.01953125 0.029282576866764276
0 0.2197649666432584 0.3131138236794051 0.01953125 0.029282576866764276
0 0.21906271945224715 0.32995953082073465 0.01953125 0.029282576866764276
0 0.2222228318117977 0.2920566897527432 0.01953125 0.029282576866764276
0 0.2141469891151685 0.30205882836790754 0.01953125 0.029282576866764276
0 0.2376722700140449 0.3799702238965568 0.01953125 0.029282576866764276
0 0.22889418012640445 0.3826023656373896 0.01953125 0.029282576866764276
0 0.10003182057584269 0.38102308059288986 0.01953125 0.029282576866764276
0 0.10003182057584269 0.4068180696530508 0.01953125 0.029282576866764276
0 0.08949811271067416 0.41471449487554896 0.01953125 0.029282576866764276
0 0.09546721383426966 0.42629591853521304 0.01953125 0.029282576866764276
0 0.10740541608146066 0.4036594995640515 0.01953125 0.029282576866764276
0 0.10916103405898876 0.4241902051425469 0.01953125 0.029282576866764276
0 0.06421721383426966 0.4126087814828828 0.01953125 0.029282576866764276
0 0.05965260709269664 0.4199787783572145 0.01953125 0.029282576866764276
0 0.03823406776685394 0.39365736094888704 0.01953125 0.029282576866764276
0 0.04595878686797754 0.403133071215885 0.01953125 0.029282576866764276
0 0.027349236306179775 0.40102735782321874 0.01953125 0.029282576866764276
0 0.01892227001404495 0.4073444980012173 0.01953125 0.029282576866764276
0 0.016464404845505626 0.38891950581538814 0.01953125 0.029282576866764276
0 0.01119755091292135 0.398395216082386 0.01953125 0.029282576866764276
0 0.07615541608146066 0.43419234375771126 0.01953125 0.029282576866764276
0 0.04701215765449439 0.43366591540954474 0.01953125 0.029282576866764276
0 0.09020035990168539 0.44208876898020955 0.01953125 0.029282576866764276
0 0.13409080933988765 0.4326130587132117 0.01953125 0.029282576866764276
0 0.1277705846207865 0.4105030680902166 0.01953125 0.029282576866764276
0 0.11653462956460674 0.4199787783572145 0.01953125 0.029282576866764276
0 0.15445597787921345 0.4126087814828828 0.01953125 0.029282576866764276
0 0.14005991046348315 0.404185927912218 0.01953125 0.029282576866764276
0 0.1670964273174157 0.42313734844621376 0.01953125 0.029282576866764276
0 0.17798125877808985 0.42208449174988066 0.01953125 0.029282576866764276
0 0.1871104722612359 0.4157673515718821 0.01953125 0.029282576866764276
0 0.24434361832865165 0.40945021139388355 0.01953125 0.029282576866764276
0 0.23661889922752805 0.41102949643838316 0.01953125 0.029282576866764276
0 0.22854305653089885 0.4126087814828828 0.01953125 0.029282576866764276
0 0.22116946102528084 0.41471449487554896 0.01953125 0.029282576866764276
0 0.21695597787921345 0.4294544886242124 0.01953125 0.029282576866764276
0 0.2281919329353932 0.4447209107210423 0.01953125 0.029282576866764276
0 0.2162537306882022 0.4447209107210423 0.01953125 0.029282576866764276
0 0.20536889922752805 0.4573551910770394 0.01953125 0.029282576866764276
0 0.17552339360955055 0.44577376741737534 0.01953125 0.029282576866764276
0 0.1734166520365168 0.4089237830457169 0.01953125 0.029282576866764276
0 0.15024249473314605 0.44208876898020955 0.01953125 0.029282576866764276
0 0.14673125877808985 0.4657780446477042 0.01953125 0.029282576866764276
0 0.15761609023876405 0.46788375804037047 0.01953125 0.029282576866764276
0 0.1948351913623595 0.4768330399592018 0.01953125 0.029282576866764276
0 0.2001020452949438 0.44366805402470916 0.01953125 0.029282576866764276
0 0.18956833742977525 0.4647251879513712 0.01953125 0.029282576866764276
0 0.23310766327247184 0.4926258904041982 0.01953125 0.029282576866764276
0 0.1663941801264045 0.49578446049319747 0.01953125 0.029282576866764276
0 0.11583238237359549 0.45209090759537396 0.01953125 0.029282576866764276
0 0.1253127194522472 0.45788161942520594 0.01953125 0.029282576866764276
0 0.133739685744382 0.45209090759537396 0.01953125 0.029282576866764276
0 0.09020035990168539 0.4736744698702025 0.01953125 0.029282576866764276
0 0.07720878686797754 0.47630661161103516 0.01953125 0.029282576866764276
0 0.07159080933988764 0.45209090759537396 0.01953125 0.029282576866764276
0 0.06737732619382021 0.45472304933620666 0.01953125 0.029282576866764276
0 0.05824811271067416 0.4615666178623718 0.01953125 0.029282576866764276
0 0.04841665203651686 0.46630447299587074 0.01953125 0.029282576866764276
0 0.031211595856741575 0.4610401895142053 0.01953125 0.029282576866764276
0 0.022082382373595513 0.4652516162995377 0.01953125 0.029282576866764276
0 0.01892227001404495 0.4768330399592018 0.01953125 0.029282576866764276
0 0.016113281250000014 0.4331394870613782 0.01953125 0.029282576866764276
0 0.012602045294943826 0.4942051754486979 0.01953125 0.029282576866764276
0 0.03261609023876405 0.4852558935298666 0.01953125 0.029282576866764276
0 0.05192788799157304 0.5026280290193627 0.01953125 0.029282576866764276
0 0.06246159585674156 0.5052601707601954 0.01953125 0.029282576866764276
0 0.07580429248595506 0.5031544573675292 0.01953125 0.029282576866764276
0 0.09020035990168539 0.5089451691973612 0.01953125 0.029282576866764276
0 0.11056552844101124 0.47999161004820107 0.01953125 0.029282576866764276
0 0.12425934866573034 0.49683731718953056 0.01953125 0.029282576866764276
0 0.30403462956460664 0.2914767960254657 0.01953125 0.029282576866764276
0 0.2931497981039325 0.31674535673746007 0.01953125 0.029282576866764276
0 0.2791048542837078 0.3141132149966273 0.01953125 0.029282576866764276
0 0.2755936183286516 0.3241153536117918 0.01953125 0.029282576866764276
0 0.26505991046348304 0.3125339299521277 0.01953125 0.029282576866764276
0 0.25733519136235944 0.3162189283892935 0.01953125 0.029282576866764276
0 0.25066384304775274 0.3093753598631284 0.01953125 0.029282576866764276
0 0.2555795733848314 0.3362232056196224 0.01953125 0.029282576866764276
0 0.25066384304775274 0.3609653379834501 0.01953125 0.029282576866764276
0 0.2594419329353932 0.3657031931169491 0.01953125 0.029282576866764276
0 0.27664698911516844 0.3593860529389505 0.01953125 0.029282576866764276
0 0.26857114641853924 0.3572803395462843 0.01953125 0.029282576866764276
0 0.29806552844101114 0.3472782009311199 0.01953125 0.029282576866764276
0 0.29455429248595494 0.3562274828499512 0.01953125 0.029282576866764276
0 0.30368350596910104 0.31885107013012626 0.01953125 0.029282576866764276
0 0.30192788799157294 0.3041110763814629 0.01953125 0.029282576866764276
0 0.3247509216994381 0.3162189283892935 0.01953125 0.029282576866764276
0 0.3286132812499999 0.33043249378979034 0.01953125 0.029282576866764276
0 0.32791103405898864 0.3472782009311199 0.01953125 0.029282576866764276
0 0.32194193293539314 0.3409610607531213 0.01953125 0.029282576866764276
0 0.31140822507022464 0.348331057627453 0.01953125 0.029282576866764276
0 0.311057101474719 0.36675604981328214 0.01953125 0.029282576866764276
0 0.3033323823735954 0.3762317600802801 0.01953125 0.029282576866764276
0 0.2755936183286516 0.3778110451247797 0.01953125 0.029282576866764276
0 0.27032676439606734 0.4136081728001051 0.01953125 0.029282576866764276
0 0.2538239554073033 0.4057117475776068 0.01953125 0.029282576866764276
0 0.2503127194522471 0.42466316811160254 0.01953125 0.029282576866764276
0 0.2597930565308988 0.4209781696744367 0.01953125 0.029282576866764276
0 0.27629586551966284 0.4388767335120993 0.01953125 0.029282576866764276
0 0.30789698911516844 0.4394031618602659 0.01953125 0.029282576866764276
0 0.2927986745084269 0.44466744534193137 0.01953125 0.029282576866764276
0 0.27418912394662914 0.4209781696744367 0.01953125 0.029282576866764276
0 0.2973632812499999 0.43203316498593425 0.01953125 0.029282576866764276
0 0.31807957338483134 0.4215045980226032 0.01953125 0.029282576866764276
0 0.29771440484550554 0.3936038955697762 0.01953125 0.029282576866764276
0 0.30227901158707854 0.4146610294964381 0.01953125 0.029282576866764276
0 0.31737732619382014 0.3820224719101121 0.01953125 0.029282576866764276
0 0.32159080933988754 0.40465889088127366 0.01953125 0.029282576866764276
0 0.33282676439606734 0.42887459489693497 0.01953125 0.029282576866764276
0 0.3359868767556179 0.4025531774886075 0.01953125 0.029282576866764276
0 0.33317788799157294 0.3641239080724495 0.01953125 0.029282576866764276
0 0.34546721383426954 0.43203316498593425 0.01953125 0.029282576866764276
0 0.34160485428370774 0.4183460279336039 0.01953125 0.029282576866764276
0 0.32896440484550554 0.4583545823942617 0.01953125 0.029282576866764276
0 0.35108519136235944 0.4551960123052624 0.01953125 0.029282576866764276
0 0.3475739554073033 0.3941303239179427 0.01953125 0.029282576866764276
0 0.36864137113764034 0.44519387369009794 0.01953125 0.029282576866764276
0 0.37706833742977514 0.45309029891259617 0.01953125 0.029282576866764276
0 0.38865541608146054 0.429927451593268 0.01953125 0.029282576866764276
0 0.3581076632724718 0.37570533173211357 0.01953125 0.029282576866764276
0 0.3465205846207864 0.3762317600802801 0.01953125 0.029282576866764276
0 0.34511609023876394 0.34254034579762094 0.01953125 0.029282576866764276
0 0.3461694610252808 0.364650336420616 0.01953125 0.029282576866764276
0 0.34687170821629204 0.31885107013012626 0.01953125 0.029282576866764276
0 0.33563575316011224 0.2920032243736323 0.01953125 0.029282576866764276
0 0.35284080933988754 0.3041110763814629 0.01953125 0.029282576866764276
0 0.36056552844101114 0.3041110763814629 0.01953125 0.029282576866764276
0 0.36723687675561784 0.2804218007139682 0.01953125 0.029282576866764276
0 0.3718014834971909 0.26778752035797104 0.01953125 0.029282576866764276
0 0.3658323823735954 0.26673466366163795 0.01953125 0.029282576866764276
0 0.35494755091292124 0.2825275141066344 0.01953125 0.029282576866764276
0 0.3479250790028089 0.23988681790514396 0.01953125 0.029282576866764276
0 0.34722283181179764 0.22883182259364643 0.01953125 0.029282576866764276
0 0.3475739554073033 0.28831822593646644 0.01953125 0.029282576866764276
0 0.36477901158707854 0.3325382071824565 0.01953125 0.029282576866764276
0 0.3756638430477527 0.3520160560646188 0.01953125 0.029282576866764276
0 0.35143631495786504 0.3488574859756195 0.01953125 0.029282576866764276
0 0.35319193293539314 0.3604389096352836 0.01953125 0.029282576866764276
0 0.3858464273174156 0.33832891901228856 0.01953125 0.029282576866764276
0 0.3774194610252808 0.30674321812229566 0.01953125 0.029282576866764276
0 0.38654867450842684 0.29674107950713124 0.01953125 0.029282576866764276
0 0.38830429248595494 0.27884251566946855 0.01953125 0.029282576866764276
0 0.3721526070926965 0.25199466991297453 0.01953125 0.029282576866764276
0 0.37250373068820214 0.24251895964597672 0.01953125 0.029282576866764276
0 0.3623211464185392 0.24199253129781015 0.01953125 0.029282576866764276
0 0.3876020452949437 0.2314639643344792 0.01953125 0.029282576866764276
0 0.3932200228230336 0.23672824781614468 0.01953125 0.029282576866764276
0 0.3991891239466291 0.23251682103081228 0.01953125 0.029282576866764276
0 0.3953267643960673 0.2714725187951369 0.01953125 0.029282576866764276
0 0.4153408093398875 0.22988467928997952 0.01953125 0.029282576866764276
0 0.4206076632724718 0.261996808528139 0.01953125 0.029282576866764276
0 0.4290346295646066 0.2804218007139682 0.01953125 0.029282576866764276
0 0.4346526070926965 0.261996808528139 0.01953125 0.029282576866764276
0 0.39778462956460664 0.305163933077796 0.01953125 0.029282576866764276
0 0.4009447419241572 0.33411749222695614 0.01953125 0.029282576866764276
0 0.41042507900280883 0.31990392682645935 0.01953125 0.029282576866764276
0 0.41674530372191 0.30674321812229566 0.01953125 0.029282576866764276
0 0.42411889922752793 0.30569036142596256 0.01953125 0.029282576866764276
0 0.43184361832865154 0.30569036142596256 0.01953125 0.029282576866764276
0 0.41744755091292124 0.3399082040567882 0.01953125 0.029282576866764276
0 0.3872509216994381 0.35833319624261745 0.01953125 0.029282576866764276
0 0.4069138430477527 0.3451724875384537 0.01953125 0.029282576866764276
0 0.40831833742977514 0.3762317600802801 0.01953125 0.029282576866764276
0 0.4153408093398875 0.3688617632059484 0.01953125 0.029282576866764276
0 0.4304391239466291 0.34991034267195265 0.01953125 0.029282576866764276
0 0.3623211464185392 0.40834388931843957 0.01953125 0.029282576866764276
0 0.38689979810393244 0.3951831806142758 0.01953125 0.029282576866764276
0 0.4016469891151684 0.45572244065342893 0.01953125 0.029282576866764276
0 0.3995402475421347 0.4362445917712666 0.01953125 0.029282576866764276
0 0.40586047226123584 0.4394031618602659 0.01953125 0.029282576866764276
0 0.42025653967696613 0.4362445917712666 0.01953125 0.029282576866764276
0 0.41990541608146054 0.46783029266125953 0.01953125 0.029282576866764276
0 0.4328969891151684 0.42466316811160254 0.01953125 0.029282576866764276
0 0.41569193293539314 0.4057117475776068 0.01953125 0.029282576866764276
0 0.42552339360955044 0.39623603731060897 0.01953125 0.029282576866764276
0 0.4364082250702246 0.40360603418494057 0.01953125 0.029282576866764276
0 0.42025653967696613 0.386760327043611 0.01953125 0.029282576866764276
0 0.4223632812499999 0.3746524750357804 0.01953125 0.029282576866764276
0 0.44132395540730324 0.3472782009311199 0.01953125 0.029282576866764276
0 0.44132395540730324 0.3241153536117918 0.01953125 0.029282576866764276
0 0.4307902475421347 0.32622106700445797 0.01953125 0.029282576866764276
0 0.43535485428370774 0.36675604981328214 0.01953125 0.029282576866764276
0 0.4420262025983145 0.43571816342310005 0.01953125 0.029282576866764276
0 0.40234923630617964 0.2814746574103013 0.01953125 0.029282576866764276
0 0.40199811271067404 0.26936680540247065 0.01953125 0.029282576866764276
0 0.35494755091292124 0.39044532548077693 0.01953125 0.029282576866764276
0 0.24118350596910115 0.009654613650945127 0.01953125 0.029282576866764276
0 0.2011554160814607 0.010707470347278248 0.01953125 0.029282576866764276
0 0.2650599104634832 0.031764604273940164 0.01953125 0.029282576866764276
0 0.28050934866573035 0.034396746014772925 0.01953125 0.029282576866764276
0 0.29947002282303375 0.018603895569776447 0.01953125 0.029282576866764276
0 0.2966610340589888 0.050716024807935925 0.01953125 0.029282576866764276
0 0.3149194610252809 0.051242453156102485 0.01953125 0.029282576866764276
0 0.3321245172050562 0.039661029496438405 0.01953125 0.029282576866764276
0 0.34090260709269665 0.032817460970273285 0.01953125 0.029282576866764276
0 0.32896440484550565 0.0028110451247800074 0.01953125 0.029282576866764276
0 0.3402003599016854 0.0028110451247800074 0.01953125 0.029282576866764276
0 0.34546721383426965 0.010707470347278248 0.01953125 0.029282576866764276
0 0.3560009216994382 0.005969615213779287 0.01953125 0.029282576866764276
0 0.36688575316011235 0.031764604273940164 0.01953125 0.029282576866764276
0 0.3496806969803371 0.06703530360109893 0.01953125 0.029282576866764276
0 0.35880991046348315 0.06598244690476585 0.01953125 0.029282576866764276
0 0.3774194610252809 0.037555316103772204 0.01953125 0.029282576866764276
0 0.3774194610252809 0.060191735074933805 0.01953125 0.029282576866764276
0 0.3893576632724719 0.0038639018211130867 0.01953125 0.029282576866764276
0 0.4065627194522472 0.005969615213779287 0.01953125 0.029282576866764276
0 0.33493350596910115 0.09125100761676017 0.01953125 0.029282576866764276
0 0.3503829441713483 0.09230386431309327 0.01953125 0.029282576866764276
0 0.3619700228230337 0.09125100761676017 0.01953125 0.029282576866764276
0 0.3777705846207865 0.09230386431309327 0.01953125 0.029282576866764276
0 0.3893576632724719 0.09335672100942637 0.01953125 0.029282576866764276
0 0.3949756408005618 0.09862100449109185 0.01953125 0.029282576866764276
0 0.4072649666432584 0.09335672100942637 0.01953125 0.029282576866764276
0 0.4107762025983146 0.06545601855659929 0.01953125 0.029282576866764276
0 0.40375373068820225 0.10599100136542355 0.01953125 0.029282576866764276
0 0.410425079002809 0.10441171632092389 0.01953125 0.029282576866764276
0 0.3377424947331461 0.1265217069439189 0.01953125 0.029282576866764276
0 0.3437115958567416 0.12546885024758583 0.01953125 0.029282576866764276
0 0.35284080933988765 0.12546885024758583 0.01953125 0.029282576866764276
0 0.35705429248595505 0.12441599355125275 0.01953125 0.029282576866764276
0 0.3612677756320225 0.1265217069439189 0.01953125 0.029282576866764276
0 0.3710992363061798 0.11915171006958725 0.01953125 0.029282576866764276
0 0.371801483497191 0.1281009919884186 0.01953125 0.029282576866764276
0 0.3816329441713483 0.12178385181042001 0.01953125 0.029282576866764276
0 0.39954024754213485 0.1281009919884186 0.01953125 0.029282576866764276
0 0.4005936183286517 0.11915171006958725 0.01953125 0.029282576866764276
0 0.35108519136235955 0.13705027390724991 0.01953125 0.029282576866764276
0 0.34687170821629215 0.15863383618207838 0.01953125 0.029282576866764276
0 0.3675880003511236 0.1512638393077467 0.01953125 0.029282576866764276
0 0.3640767643960674 0.14389384243341502 0.01953125 0.029282576866764276
0 0.3633745172050562 0.16231883461924423 0.01953125 0.029282576866764276
0 0.335986876755618 0.1444202707815816 0.01953125 0.029282576866764276
0 0.3205374385533708 0.18284954019773964 0.01953125 0.029282576866764276
0 0.33949811271067415 0.17811168506424066 0.01953125 0.029282576866764276
0 0.33879586551966295 0.16021312122657802 0.01953125 0.029282576866764276
0 0.35494755091292135 0.18811382367940507 0.01953125 0.029282576866764276
0 0.3556497981039326 0.2096973859542336 0.01953125 0.029282576866764276
0 0.34300934866573035 0.21654095448039876 0.01953125 0.029282576866764276
0 0.38409080933988765 0.18916668037573825 0.01953125 0.029282576866764276
0 0.37285485428370785 0.17442668662707483 0.01953125 0.029282576866764276
0 0.37425934866573035 0.18653453863490546 0.01953125 0.029282576866764276
0 0.3654812587780899 0.17337382993074174 0.01953125 0.029282576866764276
0 0.38409080933988765 0.1596866928784115 0.01953125 0.029282576866764276
0 0.3777705846207865 0.16600383305641006 0.01953125 0.029282576866764276
0 0.3893576632724719 0.15600169444124568 0.01953125 0.029282576866764276
0 0.38444193293539325 0.15021098261141363 0.01953125 0.029282576866764276
0 0.37987732619382025 0.14073527234441574 0.01953125 0.029282576866764276
0 0.39041103405898875 0.14284098573708195 0.01953125 0.029282576866764276
0 0.39638013518258425 0.14494669912974814 0.01953125 0.029282576866764276
0 0.40024249473314605 0.19285167881290408 0.01953125 0.029282576866764276
0 0.4027003599016854 0.2018009607317354 0.01953125 0.029282576866764276
0 0.410425079002809 0.2202259529175646 0.01953125 0.029282576866764276
0 0.40796721383426965 0.20917095760606708 0.01953125 0.029282576866764276
0 0.4125318205758427 0.20653881586523432 0.01953125 0.029282576866764276
0 0.4051582250702247 0.1554752660930791 0.01953125 0.029282576866764276
0 0.41323406776685395 0.12915384868475166 0.01953125 0.029282576866764276
0 0.41885204529494385 0.013339612088110967 0.01953125 0.029282576866764276
0 0.43114137113764045 0.009654613650945127 0.01953125 0.029282576866764276
0 0.4283323823735955 0.029658890881273967 0.01953125 0.029282576866764276
0 0.42130991046348315 0.054927451593268325 0.01953125 0.029282576866764276
0 0.41955429248595505 0.08282815404609539 0.01953125 0.029282576866764276
0 0.43114137113764045 0.06966744534193169 0.01953125 0.029282576866764276
0 0.45431552844101125 0.050716024807935925 0.01953125 0.029282576866764276
0 0.4479953037219101 0.013339612088110967 0.01953125 0.029282576866764276
0 0.4616891239466292 0.024394607399608487 0.01953125 0.029282576866764276
0 0.4732762025983146 0.018077467221609928 0.01953125 0.029282576866764276
0 0.4711694610252809 0.043872456281770805 0.01953125 0.029282576866764276
0 0.48626777563202245 0.039661029496438405 0.01953125 0.029282576866764276
0 0.5010149666432584 0.032291032622106725 0.01953125 0.029282576866764276
0 0.5118997981039326 0.022288894006942287 0.01953125 0.029282576866764276
0 0.45817788799157305 0.078616727260763 0.01953125 0.029282576866764276
0 0.44659080933988765 0.09862100449109185 0.01953125 0.029282576866764276
0 0.45466665203651685 0.09651529109842567 0.01953125 0.029282576866764276
0 0.4708183374297753 0.08388101074242849 0.01953125 0.029282576866764276
0 0.4883745172050562 0.09019815092042709 0.01953125 0.029282576866764276
0 0.496801483497191 0.08493386743876159 0.01953125 0.029282576866764276
0 0.4335992363061798 0.10809671475808973 0.01953125 0.029282576866764276
0 0.4237677756320225 0.1402088439962492 0.01953125 0.029282576866764276
0 0.45255991046348315 0.11967813841775381 0.01953125 0.029282576866764276
0 0.4437818205758427 0.11809885337325417 0.01953125 0.029282576866764276
0 0.42938575316011235 0.12073099511408691 0.01953125 0.029282576866764276
0 0.41955429248595505 0.12546885024758583 0.01953125 0.029282576866764276
0 0.41744755091292135 0.1154667116324214 0.01953125 0.029282576866764276
0 0.4118295733848315 0.11072885649892247 0.01953125 0.029282576866764276
0 0.42482114641853935 0.11809885337325417 0.01953125 0.029282576866764276
0 0.42903462956460675 0.12915384868475166 0.01953125 0.029282576866764276
0 0.43921721383426965 0.14757884087058087 0.01953125 0.029282576866764276
0 0.4335992363061798 0.15494883774491255 0.01953125 0.029282576866764276
0 0.42236328125 0.15600169444124568 0.01953125 0.029282576866764276
0 0.4142874385533708 0.16284526296741078 0.01953125 0.029282576866764276
0 0.4163941801264045 0.17126811653807555 0.01953125 0.029282576866764276
0 0.4202565396769663 0.19179882211657096 0.01953125 0.029282576866764276
0 0.4262256408005618 0.18442882524223927 0.01953125 0.029282576866764276
0 0.43043912394662925 0.19390453550923717 0.01953125 0.029282576866764276
0 0.43640822507022475 0.18916668037573825 0.01953125 0.029282576866764276
0 0.42868350596910115 0.20864452925790053 0.01953125 0.029282576866764276
0 0.4276301351825843 0.21864666787306497 0.01953125 0.029282576866764276
0 0.4199054160814607 0.21654095448039876 0.01953125 0.029282576866764276
0 0.42306552844101125 0.2070652442134009 0.01953125 0.029282576866764276
0 0.4441329441713483 0.19390453550923717 0.01953125 0.029282576866764276
0 0.4451863149578652 0.20653881586523432 0.01953125 0.029282576866764276
0 0.4451863149578652 0.22391095135473044 0.01953125 0.029282576866764276
0 0.44623968574438205 0.23549237501439452 0.01953125 0.029282576866764276
0 0.43675934866573035 0.2275959497918963 0.01953125 0.029282576866764276
0 0.45396440484550565 0.21022381430240017 0.01953125 0.029282576866764276
0 0.4532621576544944 0.19811596229456957 0.01953125 0.029282576866764276
0 0.4458885621488764 0.18284954019773964 0.01953125 0.029282576866764276
0 0.4553688992275281 0.15705455113757874 0.01953125 0.029282576866764276
0 0.44694193293539325 0.14231455738891538 0.01953125 0.029282576866764276
0 0.46239137113764045 0.13441813216641715 0.01953125 0.029282576866764276
0 0.4588801351825843 0.14757884087058087 0.01953125 0.029282576866764276
0 0.4687115958567416 0.1402088439962492 0.01953125 0.029282576866764276
0 0.45817788799157305 0.18706096698307204 0.01953125 0.029282576866764276
0 0.47397844978932585 0.18074382680507342 0.01953125 0.029282576866764276
0 0.46765822507022475 0.17442668662707483 0.01953125 0.029282576866764276
0 0.46414698911516855 0.17916454176057378 0.01953125 0.029282576866764276
0 0.47608519136235955 0.2039066741244016 0.01953125 0.029282576866764276
0 0.46379586551966295 0.2202259529175646 0.01953125 0.029282576866764276
0 0.47011609023876405 0.20495953082073468 0.01953125 0.029282576866764276
0 0.4630936183286517 0.24023023014789344 0.01953125 0.029282576866764276
0 0.45607114641853935 0.23128094822906212 0.01953125 0.029282576866764276
0 0.4592312587780899 0.22127880961389768 0.01953125 0.029282576866764276
0 0.4813520452949438 0.17337382993074174 0.01953125 0.029282576866764276
0 0.4753829441713483 0.15284312435224634 0.01953125 0.029282576866764276
0 0.49574811271067415 0.12441599355125275 0.01953125 0.029282576866764276
0 0.5010149666432584 0.11704599667692107 0.01953125 0.029282576866764276
0 0.4866188992275281 0.1391559872999161 0.01953125 0.029282576866764276
0 0.4883745172050562 0.12704813529208547 0.01953125 0.029282576866764276
0 0.4687115958567416 0.10599100136542355 0.01953125 0.029282576866764276
0 0.4792453037219101 0.23759808840706068 0.01953125 0.029282576866764276
0 0.48205429248595505 0.23128094822906212 0.01953125 0.029282576866764276
0 0.49364137113764045 0.21864666787306497 0.01953125 0.029282576866764276
0 0.4869700228230337 0.20759167256156744 0.01953125 0.029282576866764276
0 0.4943436183286517 0.18337596854590618 0.01953125 0.029282576866764276
0 0.49961047226123595 0.16389811966374387 0.01953125 0.029282576866764276
0 0.49961047226123595 0.1512638393077467 0.01953125 0.029282576866764276
0 0.49925934866573035 0.1391559872999161 0.01953125 0.029282576866764276
0 0.4824054160814607 0.14389384243341502 0.01953125 0.029282576866764276
0 0.47959642731741575 0.12915384868475166 0.01953125 0.029282576866764276
0 0.508739685744382 0.08546029578692815 0.01953125 0.029282576866764276
0 0.5094419329353932 0.15336955270041291 0.01953125 0.029282576866764276
0 0.5178688992275281 0.1512638393077467 0.01953125 0.029282576866764276
0 0.5213801351825842 0.14126170069258231 0.01953125 0.029282576866764276
0 0.5213801351825842 0.12073099511408691 0.01953125 0.029282576866764276
0 0.5178688992275281 0.09862100449109185 0.01953125 0.029282576866764276
0 0.5126020452949438 0.06545601855659929 0.01953125 0.029282576866764276
0 0.518922270014045 0.059665306726767245 0.01953125 0.029282576866764276
0 0.5301582250702247 0.058086021682267605 0.01953125 0.029282576866764276
0 0.5104953037219101 0.1307331337292513 0.01953125 0.029282576866764276
0 0.5038239554073034 0.1328388471219175 0.01953125 0.029282576866764276
0 0.5259447419241573 0.15600169444124568 0.01953125 0.029282576866764276
0 0.5382340677668539 0.15336955270041291 0.01953125 0.029282576866764276
0 0.5382340677668539 0.12546885024758583 0.01953125 0.029282576866764276
0 0.532616090238764 0.11809885337325417 0.01953125 0.029282576866764276
0 0.5284026070926966 0.11230814154342213 0.01953125 0.029282576866764276
0 0.532616090238764 0.09862100449109185 0.01953125 0.029282576866764276
0 0.5199756408005618 0.08493386743876159 0.01953125 0.029282576866764276
0 0.5312115958567416 0.08388101074242849 0.01953125 0.029282576866764276
0 0.5396385621488764 0.08493386743876159 0.01953125 0.029282576866764276
0 0.539989685744382 0.06545601855659929 0.01953125 0.029282576866764276
0 0.523486876755618 0.013866040436277528 0.01953125 0.029282576866764276
0 0.508739685744382 0.18653453863490546 0.01953125 0.029282576866764276
0 0.5157621576544944 0.1854816819385724 0.01953125 0.029282576866764276
0 0.5284026070926966 0.19601024890190336 0.01953125 0.029282576866764276
0 0.5073351913623596 0.23496594666622797 0.01953125 0.029282576866764276
0 0.48591665203651685 0.22391095135473044 0.01953125 0.029282576866764276
0 0.5178688992275281 0.23128094822906212 0.01953125 0.029282576866764276
0 0.5136554160814606 0.2160145261322322 0.01953125 0.029282576866764276
0 0.5266469891151685 0.2202259529175646 0.01953125 0.029282576866764276
0 0.5333183374297752 0.22970166318456248 0.01953125 0.029282576866764276
0 0.5396385621488764 0.230228091532729 0.01953125 0.029282576866764276
0 0.5413941801264045 0.21864666787306497 0.01953125 0.029282576866764276
0 0.5529812587780898 0.20759167256156744 0.01953125 0.029282576866764276
0 0.5603548542837078 0.21285595604323293 0.01953125 0.029282576866764276
0 0.5607059778792134 0.18916668037573825 0.01953125 0.029282576866764276
0 0.562110472261236 0.17969097010874036 0.01953125 0.029282576866764276
0 0.5536835059691011 0.1770588283679076 0.01953125 0.029282576866764276
0 0.5568436183286516 0.15863383618207838 0.01953125 0.029282576866764276
0 0.5600037306882022 0.15336955270041291 0.01953125 0.029282576866764276
0 0.5698351913623596 0.1554752660930791 0.01953125 0.029282576866764276
0 0.5715908093398876 0.164950976360077 0.01953125 0.029282576866764276
0 0.5775599104634831 0.17547954332340795 0.01953125 0.029282576866764276
0 0.5701863149578652 0.17969097010874036 0.01953125 0.029282576866764276
0 0.5645683374297752 0.17126811653807555 0.01953125 0.029282576866764276
0 0.5484166520365168 0.1391559872999161 0.01953125 0.029282576866764276
0 0.551927887991573 0.12546885024758583 0.01953125 0.029282576866764276
0 0.5543857531601124 0.1402088439962492 0.01953125 0.029282576866764276
0 0.5227846295646068 0.1854816819385724 0.01953125 0.029282576866764276
0 0.5305093486657303 0.18706096698307204 0.01953125 0.029282576866764276
0 0.5452565396769662 0.1954838205537368 0.01953125 0.029282576866764276
0 0.5512256408005618 0.19653667725006993 0.01953125 0.029282576866764276
0 0.5722930565308988 0.21969952456939804 0.01953125 0.029282576866764276
0 0.5649194610252809 0.12441599355125275 0.01953125 0.029282576866764276
0 0.5624615958567416 0.1096759998025894 0.01953125 0.029282576866764276
0 0.5557902475421348 0.11125528484708903 0.01953125 0.029282576866764276
0 0.5649194610252809 0.07177315873459787 0.01953125 0.029282576866764276
0 0.5761554160814606 0.10072671788375805 0.01953125 0.029282576866764276
0 0.5772087868679775 0.1281009919884186 0.01953125 0.029282576866764276
0 0.5726441801264044 0.13336527547008406 0.01953125 0.029282576866764276
0 0.5779110340589888 0.11862528172142071 0.01953125 0.029282576866764276
0 0.563866090238764 0.046504598022603524 0.01953125 0.029282576866764276
0 0.5533323823735955 0.045451741326270445 0.01953125 0.029282576866764276
0 0.5403408093398876 0.015445325480777167 0.01953125 0.029282576866764276
0 0.5673773261938202 0.014918897132610607 0.01953125 0.029282576866764276
0 0.575804292485955 0.018603895569776447 0.01953125 0.029282576866764276
0 0.5512256408005618 0.2449680852813924 0.01953125 0.029282576866764276
0 0.5796666520365168 0.22917523483639593 0.01953125 0.029282576866764276
0 0.45045316889044945 0.2725253754914699 0.01953125 0.029282576866764276
0 0.4550177756320225 0.29095036767729904 0.01953125 0.029282576866764276
0 0.4630936183286517 0.28831822593646633 0.01953125 0.029282576866764276
0 0.45817788799157305 0.3067432181222955 0.01953125 0.029282576866764276
0 0.465551483497191 0.30463750472962936 0.01953125 0.029282576866764276
0 0.4648492363061798 0.3267474953526244 0.01953125 0.029282576866764276
0 0.4711694610252809 0.33306463553062293 0.01953125 0.029282576866764276
0 0.47538294417134835 0.28042180071396805 0.01953125 0.029282576866764276
0 0.4666048542837079 0.26884037705430397 0.01953125 0.029282576866764276
0 0.47432957338483145 0.25673252504647337 0.01953125 0.029282576866764276
0 0.4673071014747191 0.25304752660930757 0.01953125 0.029282576866764276
0 0.4866188992275281 0.2619968085281389 0.01953125 0.029282576866764276
0 0.5024194610252809 0.25620609669830685 0.01953125 0.029282576866764276
0 0.49785485428370785 0.24778324312764208 0.01953125 0.029282576866764276
0 0.49188575316011235 0.25989109513547265 0.01953125 0.029282576866764276
0 0.49785485428370785 0.27884251566946844 0.01953125 0.029282576866764276
0 0.4883745172050562 0.27884251566946844 0.01953125 0.029282576866764276
0 0.4908323823735955 0.29200322437363213 0.01953125 0.029282576866764276
0 0.4827565396769663 0.2914767960254656 0.01953125 0.029282576866764276
0 0.48802339360955055 0.32148321187095885 0.01953125 0.029282576866764276
0 0.5154110340589888 0.2604175234836392 0.01953125 0.029282576866764276
0 0.5284026070926966 0.24988895652030826 0.01953125 0.029282576866764276
0 0.5350739554073034 0.252521098261141 0.01953125 0.029282576866764276
0 0.5505233936095506 0.25989109513547265 0.01953125 0.029282576866764276
0 0.559301483497191 0.26515537861713817 0.01953125 0.029282576866764276
0 0.5652705846207865 0.2546268116538072 0.01953125 0.029282576866764276
0 0.530860472261236 0.26884037705430397 0.01953125 0.029282576866764276
0 0.5417453037219101 0.2946353661144649 0.01953125 0.029282576866764276
0 0.5340205846207865 0.28989751098096594 0.01953125 0.029282576866764276
0 0.5231357531601124 0.2825275141066343 0.01953125 0.029282576866764276
0 0.5291048542837078 0.28358037080296733 0.01953125 0.029282576866764276
0 0.5140065396769663 0.2862125125438001 0.01953125 0.029282576866764276
0 0.5224335059691011 0.30095250629246345 0.01953125 0.029282576866764276
0 0.5038239554073034 0.32464178195995813 0.01953125 0.029282576866764276
0 0.5333183374297752 0.32043035517462576 0.01953125 0.029282576866764276
0 0.4946947419241573 0.3462253442347867 0.01953125 0.029282576866764276
0 0.5136554160814606 0.3314853504861233 0.01953125 0.029282576866764276
0 0.5196245172050562 0.33727606231595536 0.01953125 0.029282576866764276
0 0.5385851913623596 0.33043249378979017 0.01953125 0.029282576866764276
0 0.537180696980337 0.3435932024939539 0.01953125 0.029282576866764276
0 0.5312115958567416 0.3435932024939539 0.01953125 0.029282576866764276
0 0.554736876755618 0.3193774984782927 0.01953125 0.029282576866764276
0 0.562110472261236 0.3109546449076279 0.01953125 0.029282576866764276
0 0.5631638430477528 0.3472782009311198 0.01953125 0.029282576866764276
0 0.5508745172050562 0.3562274828499511 0.01953125 0.029282576866764276
0 0.5122509216994382 0.36465033642061584 0.01953125 0.029282576866764276
0 0.5031217082162922 0.36465033642061584 0.01953125 0.029282576866764276
0 0.480298674508427 0.3683353348577817 0.01953125 0.029282576866764276
0 0.46976496664325845 0.36096533798345004 0.01953125 0.029282576866764276
0 0.4511554160814607 0.3599124812871169 0.01953125 0.029282576866764276
0 0.4437818205758427 0.36938819155411473 0.01953125 0.029282576866764276
0 0.4360571014747191 0.3804431868656124 0.01953125 0.029282576866764276
0 0.4451863149578652 0.38623389869544433 0.01953125 0.029282576866764276
0 0.45045316889044945 0.3978153223551084 0.01953125 0.029282576866764276
0 0.4532621576544944 0.41466102949643796 0.01953125 0.029282576866764276
0 0.46449811271067415 0.3930774672216095 0.01953125 0.029282576866764276
0 0.46976496664325845 0.39518318061427576 0.01953125 0.029282576866764276
0 0.48380991046348315 0.3872867553917775 0.01953125 0.029282576866764276
0 0.48416103405898875 0.4004474640959412 0.01953125 0.029282576866764276
0 0.4764363149578652 0.42413673976343585 0.01953125 0.029282576866764276
0 0.4845121576544944 0.42045174132627 0.01953125 0.029282576866764276
0 0.4943436183286517 0.42782173820060176 0.01953125 0.029282576866764276
0 0.45817788799157305 0.43519173507493336 0.01953125 0.029282576866764276
0 0.5031217082162922 0.41571388619277116 0.01953125 0.029282576866764276
0 0.49539698911516855 0.4062381759257732 0.01953125 0.029282576866764276
0 0.5104953037219101 0.38676032704361096 0.01953125 0.029282576866764276
0 0.511548674508427 0.4320331649859341 0.01953125 0.029282576866764276
0 0.5126020452949438 0.4115024594074387 0.01953125 0.029282576866764276
0 0.5298071014747191 0.36938819155411473 0.01953125 0.029282576866764276
0 0.5273492363061798 0.39360389556977604 0.01953125 0.029282576866764276
0 0.5413941801264045 0.4046588908812736 0.01953125 0.029282576866764276
0 0.5533323823735955 0.4199253129781035 0.01953125 0.029282576866764276
0 0.5578969891151685 0.4336124500304338 0.01953125 0.029282576866764276
0 0.5568436183286516 0.3857074703472778 0.01953125 0.029282576866764276
0 0.574048674508427 0.4046588908812736 0.01953125 0.029282576866764276
0 0.5726441801264045 0.3635974797242828 0.01953125 0.029282576866764276
0 0.5789644048455056 0.3793903301692792 0.01953125 0.029282576866764276
0 0.5761554160814606 0.41887245628177044 0.01953125 0.029282576866764276
0 0.5600037306882022 0.3351703489232891 0.01953125 0.029282576866764276
0 0.568430696980337 0.33674963396778873 0.01953125 0.029282576866764276
0 0.5698351913623596 0.32516821030812476 0.01953125 0.029282576866764276
0 0.5691329441713483 0.2988467928997973 0.01953125 0.029282576866764276
0 0.5782621576544944 0.2946353661144649 0.01953125 0.029282576866764276
0 0.5845823823735955 0.27357823218780297 0.01953125 0.029282576866764276
0 0.5754531688904494 0.2730518038396364 0.01953125 0.029282576866764276
0 0.5842312587780898 0.24883609982397514 0.01953125 0.029282576866764276
0 0.5842312587780898 0.29095036767729904 0.01953125 0.029282576866764276
0 0.585986876755618 0.3278003520489574 0.01953125 0.029282576866764276
0 0.5894981127106741 0.019130323917943007 0.01953125 0.029282576866764276
0 0.6038941801264044 0.015971753828943728 0.01953125 0.029282576866764276
0 0.592307101474719 0.049136739763436285 0.01953125 0.029282576866764276
0 0.5902003599016853 0.061771020119433445 0.01953125 0.029282576866764276
0 0.583177887991573 0.052295309852435565 0.01953125 0.029282576866764276
0 0.5838801351825842 0.10388528797275735 0.01953125 0.029282576866764276
0 0.5947649666432584 0.10230600292825771 0.01953125 0.029282576866764276
0 0.5989784497893258 0.08124886900159575 0.01953125 0.029282576866764276
0 0.592307101474719 0.11336099823975523 0.01953125 0.029282576866764276
0 0.6003829441713482 0.11915171006958725 0.01953125 0.029282576866764276
0 0.5933604722612359 0.13547098886275027 0.01953125 0.029282576866764276
0 0.5845823823735954 0.14968455426324706 0.01953125 0.029282576866764276
0 0.5937115958567415 0.14599955582608123 0.01953125 0.029282576866764276
0 0.6119700228230336 0.13652384555908334 0.01953125 0.029282576866764276
0 0.6140767643960673 0.12178385181042001 0.01953125 0.029282576866764276
0 0.6126722700140449 0.10493814466909045 0.01953125 0.029282576866764276
0 0.6147790115870786 0.09756814779475877 0.01953125 0.029282576866764276
0 0.6151301351825842 0.08388101074242849 0.01953125 0.029282576866764276
0 0.6161835059691011 0.062297448467600006 0.01953125 0.029282576866764276
0 0.614427887991573 0.044925312978103885 0.01953125 0.029282576866764276
0 0.6165346295646067 0.029658890881273967 0.01953125 0.029282576866764276
0 0.6305795733848314 0.024394607399608487 0.01953125 0.029282576866764276
0 0.6390065396769662 0.021762465658775727 0.01953125 0.029282576866764276
0 0.6337396857443819 0.041240314540938044 0.01953125 0.029282576866764276
0 0.6302284497893258 0.052295309852435565 0.01953125 0.029282576866764276
0 0.6298773261938202 0.061244591771266885 0.01953125 0.029282576866764276
0 0.618992494733146 0.11862528172142071 0.01953125 0.029282576866764276
0 0.6228548542837078 0.10230600292825771 0.01953125 0.029282576866764276
0 0.6347930565308988 0.1033588596245908 0.01953125 0.029282576866764276
0 0.6295262025983145 0.1096759998025894 0.01953125 0.029282576866764276
0 0.626366090238764 0.11862528172142071 0.01953125 0.029282576866764276
0 0.6288239554073033 0.12441599355125275 0.01953125 0.029282576866764276
0 0.6361975509129213 0.1391559872999161 0.01953125 0.029282576866764276
0 0.6344419329353932 0.13178599042558442 0.01953125 0.029282576866764276
0 0.6193436183286516 0.14547312747791466 0.01953125 0.029282576866764276
0 0.6210992363061797 0.15863383618207838 0.01953125 0.029282576866764276
0 0.6098632812499999 0.16600383305641006 0.01953125 0.029282576866764276
0 0.599680696980337 0.14547312747791466 0.01953125 0.029282576866764276
0 0.6060009216994381 0.15231669600407982 0.01953125 0.029282576866764276
0 0.6063520452949437 0.1770588283679076 0.01953125 0.029282576866764276
0 0.5870402475421348 0.1912723937684044 0.01953125 0.029282576866764276
0 0.5972228318117977 0.1986423906427361 0.01953125 0.029282576866764276
0 0.6147790115870786 0.19021953707207132 0.01953125 0.029282576866764276
0 0.6214503599016853 0.18074382680507342 0.01953125 0.029282576866764276
0 0.6119700228230336 0.21654095448039876 0.01953125 0.029282576866764276
0 0.5958183374297752 0.21075024265056672 0.01953125 0.029282576866764276
0 0.5965205846207864 0.2397038017997269 0.01953125 0.029282576866764276
0 0.5891469891151685 0.23601880336256104 0.01953125 0.029282576866764276
0 0.5933604722612359 0.22496380805106353 0.01953125 0.029282576866764276
0 0.6365486745084269 0.2181202395248984 0.01953125 0.029282576866764276
0 0.6400599104634831 0.2018009607317354 0.01953125 0.029282576866764276
0 0.645677887991573 0.14810526921874742 0.01953125 0.029282576866764276
0 0.6253127194522471 0.23759808840706068 0.01953125 0.029282576866764276
0 0.6477846295646067 0.22917523483639593 0.01953125 0.029282576866764276
0 0.6565627194522471 0.22075238126573116 0.01953125 0.029282576866764276
0 0.6446245172050561 0.2160145261322322 0.01953125 0.029282576866764276
0 0.6607762025983145 0.22601666474739665 0.01953125 0.029282576866764276
0 0.6541048542837078 0.16653026140457663 0.01953125 0.029282576866764276
0 0.662180696980337 0.15336955270041291 0.01953125 0.029282576866764276
0 0.6653408093398876 0.16284526296741078 0.01953125 0.029282576866764276
0 0.6720121576544943 0.14494669912974814 0.01953125 0.029282576866764276
0 0.6660430565308988 0.12915384868475166 0.01953125 0.029282576866764276
0 0.6685009216994381 0.09598886275025911 0.01953125 0.029282576866764276
0 0.6677986745084269 0.07914315560892955 0.01953125 0.029282576866764276
0 0.6565627194522471 0.08861886587592743 0.01953125 0.029282576866764276
0 0.6484868767556179 0.09125100761676017 0.01953125 0.029282576866764276
0 0.6400599104634831 0.09598886275025911 0.01953125 0.029282576866764276
0 0.6351441801264044 0.08493386743876159 0.01953125 0.029282576866764276
0 0.6376020452949437 0.11494028328425487 0.01953125 0.029282576866764276
0 0.6481357531601123 0.11072885649892247 0.01953125 0.029282576866764276
0 0.6558604722612359 0.11336099823975523 0.01953125 0.029282576866764276
0 0.6632340677668539 0.1154667116324214 0.01953125 0.029282576866764276
0 0.6772790115870786 0.15863383618207838 0.01953125 0.029282576866764276
0 0.6618295733848314 0.18284954019773964 0.01953125 0.029282576866764276
0 0.6470823823735954 0.048610311415269725 0.01953125 0.029282576866764276
0 0.6449756408005617 0.061771020119433445 0.01953125 0.029282576866764276
0 0.6404110340589887 0.058612450030434166 0.01953125 0.029282576866764276
0 0.6604250790028089 0.055980308289601405 0.01953125 0.029282576866764276
0 0.6572649666432583 0.043872456281770805 0.01953125 0.029282576866764276
0 0.6509447419241572 0.028079605836774327 0.01953125 0.029282576866764276
0 0.6618295733848314 0.017024610525276807 0.01953125 0.029282576866764276
0 0.6593717082162921 0.030185319229440528 0.01953125 0.029282576866764276
0 0.6765767643960674 0.035449602711106004 0.01953125 0.029282576866764276
0 0.6639363149578651 0.047031026370770085 0.01953125 0.029282576866764276
0 0.6755233936095505 0.061771020119433445 0.01953125 0.029282576866764276
0 0.6885149666432584 0.014392468784444046 0.01953125 0.029282576866764276
0 0.6899194610252808 0.032817460970273285 0.01953125 0.029282576866764276
0 0.6913239554073033 0.062297448467600006 0.01953125 0.029282576866764276
0 0.6727144048455055 0.052295309852435565 0.01953125 0.029282576866764276
0 0.6972930565308988 0.040187457844604965 0.01953125 0.029282576866764276
0 0.6828969891151684 0.09125100761676017 0.01953125 0.029282576866764276
0 0.6772790115870786 0.09862100449109185 0.01953125 0.029282576866764276
0 0.688866090238764 0.1154667116324214 0.01953125 0.029282576866764276
0 0.6839503599016853 0.10599100136542355 0.01953125 0.029282576866764276
0 0.6902705846207864 0.10020028953559151 0.01953125 0.029282576866764276
0 0.7018576632724718 0.061771020119433445 0.01953125 0.029282576866764276
0 0.7078267643960674 0.08388101074242849 0.01953125 0.029282576866764276
0 0.7011554160814606 0.09125100761676017 0.01953125 0.029282576866764276
0 0.7190627194522471 0.013339612088110967 0.01953125 0.029282576866764276
0 0.7078267643960674 0.026500320792274688 0.01953125 0.029282576866764276
0 0.7029110340589887 0.013866040436277528 0.01953125 0.029282576866764276
0 0.7043155284410112 0.031764604273940164 0.01953125 0.029282576866764276
0 0.7187115958567414 0.059665306726767245 0.01953125 0.029282576866764276
0 0.720116090238764 0.050716024807935925 0.01953125 0.029282576866764276
0 0.72924530372191 0.020709608962442647 0.01953125 0.029282576866764276
0 0.741183505969101 0.005969615213779287 0.01953125 0.029282576866764276
0 0.7429391239466291 0.020709608962442647 0.01953125 0.029282576866764276
0 0.7324054160814606 0.052295309852435565 0.01953125 0.029282576866764276
0 0.7331076632724718 0.06703530360109893 0.01953125 0.029282576866764276
0 0.7232762025983145 0.08230172569792885 0.01953125 0.029282576866764276
0 0.7152003599016853 0.09967386118742495 0.01953125 0.029282576866764276
0 0.7236273261938201 0.09967386118742495 0.01953125 0.029282576866764276
0 0.72924530372191 0.10441171632092389 0.01953125 0.029282576866764276
0 0.767868899227528 0.013866040436277528 0.01953125 0.029282576866764276
0 0.7812115958567414 0.022288894006942287 0.01953125 0.029282576866764276
0 0.7956076632724718 0.012286755391777888 0.01953125 0.029282576866764276
0 0.7720823823735954 0.047557454718936645 0.01953125 0.029282576866764276
0 0.782616090238764 0.058086021682267605 0.01953125 0.029282576866764276
0 0.7805093486657302 0.07756387056442991 0.01953125 0.029282576866764276
0 0.7685711464185392 0.07124673038643133 0.01953125 0.029282576866764276
0 0.772433505969101 0.06703530360109893 0.01953125 0.029282576866764276
0 0.7573351913623594 0.07072030203826477 0.01953125 0.029282576866764276
0 0.7453969891151684 0.056506736637767965 0.01953125 0.029282576866764276
0 0.7436413711376404 0.037028887755605644 0.01953125 0.029282576866764276
0 0.7468014834971909 0.08388101074242849 0.01953125 0.029282576866764276
0 0.7380233936095504 0.08967172257226053 0.01953125 0.029282576866764276
0 0.7942031688904493 0.094936006053926 0.01953125 0.029282576866764276
0 0.7801582250702246 0.1033588596245908 0.01953125 0.029282576866764276
0 0.767868899227528 0.1096759998025894 0.01953125 0.029282576866764276
0 0.7731357531601122 0.10441171632092389 0.01953125 0.029282576866764276
0 0.7640065396769662 0.11915171006958725 0.01953125 0.029282576866764276
0 0.7492593486657302 0.1096759998025894 0.01953125 0.029282576866764276
0 0.7590908093398876 0.10599100136542355 0.01953125 0.029282576866764276
0 0.7555795733848314 0.1281009919884186 0.01953125 0.029282576866764276
0 0.7341610340589886 0.13178599042558442 0.01953125 0.029282576866764276
0 0.7253829441713482 0.14073527234441574 0.01953125 0.029282576866764276
0 0.7197649666432584 0.1328388471219175 0.01953125 0.029282576866764276
0 0.7029110340589887 0.1265217069439189 0.01953125 0.029282576866764276
0 0.7022087868679774 0.11862528172142071 0.01953125 0.029282576866764276
0 0.6930795733848314 0.1265217069439189 0.01953125 0.029282576866764276
0 0.709933505969101 0.11441385493608831 0.01953125 0.029282576866764276
0 0.7106357531601122 0.12599527859575238 0.01953125 0.029282576866764276
0 0.7310009216994381 0.12336313685491965 0.01953125 0.029282576866764276
0 0.7130936183286516 0.15284312435224634 0.01953125 0.029282576866764276
0 0.6983464273174156 0.1554752660930791 0.01953125 0.029282576866764276
0 0.6941329441713482 0.14599955582608123 0.01953125 0.029282576866764276
0 0.6913239554073033 0.13705027390724991 0.01953125 0.029282576866764276
0 0.678683505969101 0.12546885024758583 0.01953125 0.029282576866764276
0 0.7022087868679774 0.16705668975274315 0.01953125 0.029282576866764276
0 0.6969419329353932 0.17547954332340795 0.01953125 0.029282576866764276
0 0.6881638430477528 0.18179668350140651 0.01953125 0.029282576866764276
0 0.690621708216292 0.2039066741244016 0.01953125 0.029282576866764276
0 0.6772790115870786 0.1954838205537368 0.01953125 0.029282576866764276
0 0.6663941801264044 0.18442882524223927 0.01953125 0.029282576866764276
0 0.6716610340589887 0.18916668037573825 0.01953125 0.029282576866764276
0 0.6779812587780898 0.2275959497918963 0.01953125 0.029282576866764276
0 0.6821947419241572 0.2160145261322322 0.01953125 0.029282576866764276
0 0.702559910463483 0.20864452925790053 0.01953125 0.029282576866764276
0 0.6993997981039325 0.22601666474739665 0.01953125 0.029282576866764276
0 0.690621708216292 0.230228091532729 0.01953125 0.029282576866764276
0 0.6930795733848314 0.24338880023689272 0.01953125 0.029282576866764276
0 0.7071245172050561 0.19811596229456957 0.01953125 0.029282576866764276
0 0.7064222700140448 0.17969097010874036 0.01953125 0.029282576866764276
0 0.6948351913623594 0.19811596229456957 0.01953125 0.029282576866764276
0 0.7383745172050561 0.19390453550923717 0.01953125 0.029282576866764276
0 0.726436314957865 0.23128094822906212 0.01953125 0.029282576866764276
0 0.7222228318117976 0.2096973859542336 0.01953125 0.029282576866764276
0 0.7197649666432584 0.2202259529175646 0.01953125 0.029282576866764276
0 0.7345121576544943 0.21706738282856533 0.01953125 0.029282576866764276
0 0.7331076632724718 0.21022381430240017 0.01953125 0.029282576866764276
0 0.7506638430477527 0.18337596854590618 0.01953125 0.029282576866764276
0 0.7492593486657302 0.20022167568723576 0.01953125 0.029282576866764276
0 0.7348632812499999 0.24338880023689272 0.01953125 0.029282576866764276
0 0.7453969891151684 0.21969952456939804 0.01953125 0.029282576866764276
0 0.7552284497893258 0.23391308996989485 0.01953125 0.029282576866764276
0 0.7527705846207864 0.2439152285850593 0.01953125 0.029282576866764276
0 0.7636554160814606 0.2397038017997269 0.01953125 0.029282576866764276
0 0.7748913711376404 0.24023023014789344 0.01953125 0.029282576866764276
0 0.7675177756320224 0.22812237814006284 0.01953125 0.029282576866764276
0 0.7566329441713482 0.20127453238356885 0.01953125 0.029282576866764276
0 0.7636554160814606 0.19495739220557023 0.01953125 0.029282576866764276
0 0.7587396857443819 0.1770588283679076 0.01953125 0.029282576866764276
0 0.7418857531601122 0.17811168506424066 0.01953125 0.029282576866764276
0 0.7380233936095504 0.14968455426324706 0.01953125 0.029282576866764276
0 0.7436413711376404 0.1402088439962492 0.01953125 0.029282576866764276
0 0.7376722700140448 0.11915171006958725 0.01953125 0.029282576866764276
0 0.7545262025983145 0.11862528172142071 0.01953125 0.029282576866764276
0 0.776998112710674 0.1281009919884186 0.01953125 0.029282576866764276
0 0.796309910463483 0.12441599355125275 0.01953125 0.029282576866764276
0 0.7850739554073032 0.12968027703291823 0.01953125 0.029282576866764276
0 0.7854250790028089 0.1391559872999161 0.01953125 0.029282576866764276
0 0.7555795733848314 0.16442454801191042 0.01953125 0.029282576866764276
0 0.7640065396769662 0.16810954644907627 0.01953125 0.029282576866764276
0 0.7731357531601122 0.17126811653807555 0.01953125 0.029282576866764276
0 0.7720823823735954 0.15863383618207838 0.01953125 0.029282576866764276
0 0.7587396857443819 0.14389384243341502 0.01953125 0.029282576866764276
0 0.7594419329353932 0.15494883774491255 0.01953125 0.029282576866764276
0 0.7538239554073032 0.1512638393077467 0.01953125 0.029282576866764276
0 0.7854250790028089 0.15179026765591327 0.01953125 0.029282576866764276
0 0.7875318205758426 0.17126811653807555 0.01953125 0.029282576866764276
0 0.7952565396769662 0.17074168818990898 0.01953125 0.029282576866764276
0 0.7706778879915729 0.20022167568723576 0.01953125 0.029282576866764276
0 0.7794559778792134 0.21285595604323293 0.01953125 0.029282576866764276
0 0.7966610340589886 0.23759808840706068 0.01953125 0.029282576866764276
0 0.8016645452949438 0.18350757563294784 0.01953125 0.029282576866764276
0 0.8100915115870786 0.17719043545494922 0.01953125 0.029282576866764276
0 0.8035957250702246 0.13218081168670934 0.01953125 0.029282576866764276
0 0.8181673542837078 0.13586581012387516 0.01953125 0.029282576866764276
0 0.8129005003511235 0.13718188099429154 0.01953125 0.029282576866764276
0 0.8053513430477527 0.15218508891703816 0.01953125 0.029282576866764276
0 0.8208007812499999 0.14981616135028872 0.01953125 0.029282576866764276
0 0.823434208216292 0.17113650945103392 0.01953125 0.029282576866764276
0 0.8104426351825842 0.16666186849161826 0.01953125 0.029282576866764276
0 0.8157094891151685 0.17587436458453284 0.01953125 0.029282576866764276
0 0.8146561183286516 0.19587864181486173 0.01953125 0.029282576866764276
0 0.8025423542837078 0.20798649382269233 0.01953125 0.029282576866764276
0 0.7939398261938202 0.19666828433711156 0.01953125 0.029282576866764276
0 0.8183429160814606 0.20614399460410943 0.01953125 0.029282576866764276
0 0.8227319610252808 0.21693577574152365 0.01953125 0.029282576866764276
0 0.8385325228230336 0.20824970799677558 0.01953125 0.029282576866764276
0 0.8420437587780898 0.2208839883527728 0.01953125 0.029282576866764276
0 0.8432726913623595 0.19508899929261192 0.01953125 0.029282576866764276
0 0.8364257812499999 0.17798007797719906 0.01953125 0.029282576866764276
0 0.8325634216994381 0.1613975850099528 0.01953125 0.029282576866764276
0 0.8383569610252808 0.13218081168670934 0.01953125 0.029282576866764276
0 0.8462572419241572 0.13639223847204174 0.01953125 0.029282576866764276
0 0.850119601474719 0.16297687005445244 0.01953125 0.029282576866764276
0 0.8130760621488763 0.23193898366427032 0.01953125 0.029282576866764276
0 0.8186940396769662 0.1192833171566289 0.01953125 0.029282576866764276
0 0.8103548542837079 0.025973892444108127 0.01953125 0.029282576866764276
0 0.8033323823735955 0.047031026370770085 0.01953125 0.029282576866764276
0 0.8201863149578652 0.054401023245101765 0.01953125 0.029282576866764276
0 0.8219419329353933 0.039134601148271844 0.01953125 0.029282576866764276
0 0.840551483497191 0.017551038873443368 0.01953125 0.029282576866764276
0 0.864427887991573 0.033870317666606364 0.01953125 0.029282576866764276
0 0.8531919329353933 0.061771020119433445 0.01953125 0.029282576866764276
0 0.8338801351825843 0.053874594896935205 0.01953125 0.029282576866764276
0 0.8356357531601124 0.08124886900159575 0.01953125 0.029282576866764276
0 0.8229953037219101 0.08493386743876159 0.01953125 0.029282576866764276
0 0.804736876755618 0.09862100449109185 0.01953125 0.029282576866764276
0 0.8342312587780899 0.10020028953559151 0.01953125 0.029282576866764276
0 0.8131638430477528 0.094936006053926 0.01953125 0.029282576866764276
0 0.8503829441713483 0.10599100136542355 0.01953125 0.029282576866764276
0 0.8623211464185393 0.09651529109842567 0.01953125 0.029282576866764276
0 0.8721526070926966 0.08124886900159575 0.01953125 0.029282576866764276
0 0.8893576632724719 0.08282815404609539 0.01953125 0.029282576866764276
0 0.8833885621488764 0.08756600917959433 0.01953125 0.029282576866764276
0 0.8823351913623596 0.02544746409594161 0.01953125 0.029282576866764276
0 0.907616090238764 0.018603895569776447 0.01953125 0.029282576866764276
0 0.9199054160814606 0.020709608962442647 0.01953125 0.029282576866764276
0 0.936057101474719 0.027026749140441248 0.01953125 0.029282576866764276
0 0.9515065396769662 0.022288894006942287 0.01953125 0.029282576866764276
0 0.9662537306882022 0.015445325480777167 0.01953125 0.029282576866764276
0 0.9915346295646067 0.022815322355108848 0.01953125 0.029282576866764276
0 0.9641469891151685 0.050716024807935925 0.01953125 0.029282576866764276
0 0.9472930565308988 0.062297448467600006 0.01953125 0.029282576866764276
0 0.9529110340589888 0.048610311415269725 0.01953125 0.029282576866764276
0 0.9367593486657303 0.054401023245101765 0.01953125 0.029282576866764276
0 0.9451863149578652 0.046504598022603524 0.01953125 0.029282576866764276
0 0.9255233936095506 0.051242453156102485 0.01953125 0.029282576866764276
0 0.9083183374297752 0.062297448467600006 0.01953125 0.029282576866764276
0 0.9286835059691011 0.08493386743876159 0.01953125 0.029282576866764276
0 0.8528408093398876 0.11809885337325417 0.01953125 0.029282576866764276
0 0.867236876755618 0.1154667116324214 0.01953125 0.029282576866764276
0 0.8651301351825843 0.12915384868475166 0.01953125 0.029282576866764276
0 0.8584587868679775 0.12546885024758583 0.01953125 0.029282576866764276
0 0.8739082250702247 0.11967813841775381 0.01953125 0.029282576866764276
0 0.893922270014045 0.11967813841775381 0.01953125 0.029282576866764276
0 0.8967312587780898 0.10599100136542355 0.01953125 0.029282576866764276
0 0.9048071014747191 0.1096759998025894 0.01953125 0.029282576866764276
0 0.8781217082162921 0.13441813216641715 0.01953125 0.029282576866764276
0 0.8714503599016854 0.13441813216641715 0.01953125 0.029282576866764276
0 0.8774194610252809 0.18916668037573825 0.01953125 0.029282576866764276
0 0.8760149666432584 0.1760059716715745 0.01953125 0.029282576866764276
0 0.8545964273174157 0.17126811653807555 0.01953125 0.029282576866764276
0 0.8977846295646068 0.14389384243341502 0.01953125 0.029282576866764276
0 0.9083183374297752 0.1402088439962492 0.01953125 0.029282576866764276
0 0.9093717082162921 0.15705455113757874 0.01953125 0.029282576866764276
0 0.903051483497191 0.15231669600407982 0.01953125 0.029282576866764276
0 0.8988380003511236 0.17337382993074174 0.01953125 0.029282576866764276
0 0.8890065396769663 0.164950976360077 0.01953125 0.029282576866764276
0 0.8795262025983146 0.15231669600407982 0.01953125 0.029282576866764276
0 0.886548674508427 0.15336955270041291 0.01953125 0.029282576866764276
0 0.8612677756320225 0.17232097323440868 0.01953125 0.029282576866764276
0 0.8531919329353933 0.2202259529175646 0.01953125 0.029282576866764276
0 0.8714503599016854 0.21285595604323293 0.01953125 0.029282576866764276
0 0.8623211464185393 0.2202259529175646 0.01953125 0.029282576866764276
0 0.893922270014045 0.21232952769506636 0.01953125 0.029282576866764276
0 0.8893576632724719 0.21443524108773257 0.01953125 0.029282576866764276
0 0.8974335059691011 0.224437379702897 0.01953125 0.029282576866764276
0 0.8995402475421348 0.2365452317107276 0.01953125 0.029282576866764276
0 0.8774194610252809 0.21075024265056672 0.01953125 0.029282576866764276
0 0.8679391239466292 0.18179668350140651 0.01953125 0.029282576866764276
0 0.9146385621488764 0.1717945448862421 0.01953125 0.029282576866764276
0 0.8981357531601124 0.1907459654202379 0.01953125 0.029282576866764276
0 0.9016469891151685 0.2028538174280685 0.01953125 0.029282576866764276
0 0.9079672138342696 0.1854816819385724 0.01953125 0.029282576866764276
0 0.9062115958567416 0.20338024577623504 0.01953125 0.029282576866764276
0 0.9107762025983146 0.21706738282856533 0.01953125 0.029282576866764276
0 0.9209587868679775 0.22812237814006284 0.01953125 0.029282576866764276
0 0.9227144048455056 0.1596866928784115 0.01953125 0.029282576866764276
0 0.9311413711376404 0.1328388471219175 0.01953125 0.029282576866764276
0 0.931492494733146 0.10862314310625629 0.01953125 0.029282576866764276
0 0.9237677756320224 0.12073099511408691 0.01953125 0.029282576866764276
0 0.9206076632724719 0.10388528797275735 0.01953125 0.029282576866764276
0 0.9114784497893258 0.11441385493608831 0.01953125 0.029282576866764276
0 0.9135851913623596 0.11915171006958725 0.01953125 0.029282576866764276
0 0.9142874385533708 0.1328388471219175 0.01953125 0.029282576866764276
0 0.9557200228230336 0.08230172569792885 0.01953125 0.029282576866764276
0 0.9652003599016854 0.06756173194926549 0.01953125 0.029282576866764276
0 0.9890767643960674 0.061771020119433445 0.01953125 0.029282576866764276
0 0.9465908093398876 0.10599100136542355 0.01953125 0.029282576866764276
0 0.9423773261938202 0.09756814779475877 0.01953125 0.029282576866764276
0 0.9687115958567416 0.089145294224094 0.01953125 0.029282576866764276
0 0.967307101474719 0.10072671788375805 0.01953125 0.029282576866764276
0 0.9739784497893258 0.09862100449109185 0.01953125 0.029282576866764276
0 0.9676582250702247 0.09598886275025911 0.01953125 0.029282576866764276
0 0.9831076632724718 0.09862100449109185 0.01953125 0.029282576866764276
0 0.9950458655196629 0.10072671788375805 0.01953125 0.029282576866764276
0 0.974680696980337 0.10809671475808973 0.01953125 0.029282576866764276
0 0.9711694610252808 0.13178599042558442 0.01953125 0.029282576866764276
0 0.977489685744382 0.12599527859575238 0.01953125 0.029282576866764276
0 0.9908323823735954 0.12546885024758583 0.01953125 0.029282576866764276
0 0.9845121576544944 0.1265217069439189 0.01953125 0.029282576866764276
0 0.9845121576544944 0.11336099823975523 0.01953125 0.029282576866764276
0 0.9788941801264044 0.11336099823975523 0.01953125 0.029282576866764276
0 0.962742494733146 0.11915171006958725 0.01953125 0.029282576866764276
0 0.9606357531601123 0.11125528484708903 0.01953125 0.029282576866764276
0 0.955368899227528 0.10599100136542355 0.01953125 0.029282576866764276
0 0.946239685744382 0.12178385181042001 0.01953125 0.029282576866764276
0 0.9328969891151685 0.11809885337325417 0.01953125 0.029282576866764276
0 0.9402705846207865 0.1096759998025894 0.01953125 0.029282576866764276
0 0.9332481127106741 0.16021312122657802 0.01953125 0.029282576866764276
0 0.949048674508427 0.13547098886275027 0.01953125 0.029282576866764276
0 0.9567733936095505 0.12073099511408691 0.01953125 0.029282576866764276
0 0.9595823823735954 0.13336527547008406 0.01953125 0.029282576866764276
0 0.9616891239466292 0.14547312747791466 0.01953125 0.029282576866764276
0 0.9697649666432584 0.15600169444124568 0.01953125 0.029282576866764276
0 0.9557200228230336 0.15758097948574531 0.01953125 0.029282576866764276
0 0.9420262025983146 0.1675831181009097 0.01953125 0.029282576866764276
0 0.9585290115870786 0.16705668975274315 0.01953125 0.029282576866764276
0 0.9599335059691011 0.18074382680507342 0.01953125 0.029282576866764276
0 0.9486975509129213 0.1854816819385724 0.01953125 0.029282576866764276
0 0.9486975509129213 0.1770588283679076 0.01953125 0.029282576866764276
0 0.9392172138342696 0.18284954019773964 0.01953125 0.029282576866764276
0 0.9346526070926966 0.18442882524223927 0.01953125 0.029282576866764276
0 0.9258745172050562 0.2018009607317354 0.01953125 0.029282576866764276
0 0.9290346295646067 0.2202259529175646 0.01953125 0.029282576866764276
0 0.9409728318117977 0.1986423906427361 0.01953125 0.029282576866764276
0 0.9532621576544944 0.20759167256156744 0.01953125 0.029282576866764276
0 0.9560711464185393 0.19443096385740372 0.01953125 0.029282576866764276
0 0.955368899227528 0.2275959497918963 0.01953125 0.029282576866764276
0 0.9690627194522472 0.2275959497918963 0.01953125 0.029282576866764276
0 0.9827565396769662 0.22917523483639593 0.01953125 0.029282576866764276
0 0.9753829441713482 0.19601024890190336 0.01953125 0.029282576866764276
0 0.9697649666432584 0.17232097323440868 0.01953125 0.029282576866764276
0 0.977489685744382 0.17126811653807555 0.01953125 0.029282576866764276
0 0.9834587868679775 0.16389811966374387 0.01953125 0.029282576866764276
0 0.9915346295646067 0.1760059716715745 0.01953125 0.029282576866764276
0 0.9982059778792134 0.1554752660930791 0.01953125 0.029282576866764276
0 0.9932902475421348 0.15863383618207838 0.01953125 0.029282576866764276
0 0.9918857531601123 0.1512638393077467 0.01953125 0.029282576866764276
0 0.9753829441713482 0.14073527234441574 0.01953125 0.029282576866764276
0 0.9725739554073034 0.21496166943589912 0.01953125 0.029282576866764276
0 0.992236876755618 0.2386509451033938 0.01953125 0.029282576866764276
0 0.9363204441713483 0.20193256781877703 0.01953125 0.029282576866764276
0 0.9368471295646068 0.2145668481747742 0.01953125 0.029282576866764276
0 0.9407094891151686 0.22325291591952226 0.01953125 0.029282576866764276
0 0.9217488149578652 0.19272007172586245 0.01953125 0.029282576866764276
0 0.9119173542837079 0.24088826558310164 0.01953125 0.029282576866764276
0 0.9068260621488764 0.25404897428726536 0.01953125 0.029282576866764276
0 0.9180620172050562 0.25062719002418277 0.01953125 0.029282576866764276
0 0.9438696014747191 0.24694219158701697 0.01953125 0.029282576866764276
0 0.9336870172050562 0.24878469080559987 0.01953125 0.029282576866764276
0 0.9537010621488764 0.25273290341684895 0.01953125 0.029282576866764276
0 0.9749440396769663 0.2535225459390988 0.01953125 0.029282576866764276
0 0.9429917924859551 0.2419411222794347 0.01953125 0.029282576866764276
0 0.9827565396769662 0.19308816029743198 0.01953125 0.029282576866764276
0 0.9838099104634831 0.20256387056442984 0.01953125 0.029282576866764276
0 0.9876722700140449 0.26836741408524845 0.01953125 0.029282576866764276
0 0.962742494733146 0.2615238455590833 0.01953125 0.029282576866764276
0 0.9448351913623595 0.2652088439962491 0.01953125 0.029282576866764276
0 0.9423773261938202 0.25731241877375094 0.01953125 0.029282576866764276
0 0.9472930565308988 0.252574563640252 0.01953125 0.029282576866764276
0 0.9192031688904494 0.27731669600407977 0.01953125 0.029282576866764276
0 0.912180696980337 0.2720524125224143 0.01953125 0.029282576866764276
0 0.8925177756320224 0.2652088439962491 0.01953125 0.029282576866764276
0 0.8890065396769663 0.24151956832875446 0.01953125 0.029282576866764276
0 0.8805795733848314 0.25415384868475166 0.01953125 0.029282576866764276
0 0.8623211464185393 0.2430988533732541 0.01953125 0.029282576866764276
0 0.8433604722612359 0.24362528172142064 0.01953125 0.029282576866764276
0 0.8236975509129213 0.24888956520308614 0.01953125 0.029282576866764276
0 0.8170262025983146 0.2473102801585865 0.01953125 0.029282576866764276
0 0.8036835059691011 0.23046457301725692 0.01953125 0.029282576866764276
0 0.7970121576544944 0.22520028953559146 0.01953125 0.029282576866764276
0 0.792798674508427 0.21309243752776086 0.01953125 0.029282576866764276
0 0.607054292485955 0.3256946386562913 0.01953125 0.029282576866764276
0 0.5937115958567415 0.30779607481862864 0.01953125 0.029282576866764276
0 0.6014363149578651 0.306216789774129 0.01953125 0.029282576866764276
0 0.6130233936095505 0.3099017882112948 0.01953125 0.029282576866764276
0 0.5944138430477528 0.3204303551746258 0.01953125 0.029282576866764276
0 0.5912537306882022 0.3409610607531212 0.01953125 0.029282576866764276
0 0.5880936183286516 0.3546481978054515 0.01953125 0.029282576866764276
0 0.5958183374297752 0.3651767647687824 0.01953125 0.029282576866764276
0 0.6045964273174157 0.3562274828499511 0.01953125 0.029282576866764276
0 0.6049475509129213 0.3399082040567881 0.01953125 0.029282576866764276
0 0.6302284497893258 0.3314853504861233 0.01953125 0.029282576866764276
0 0.626366090238764 0.3083225031667952 0.01953125 0.029282576866764276
0 0.6519981127106741 0.3141132149966272 0.01953125 0.029282576866764276
0 0.6590205846207865 0.3135867866484607 0.01953125 0.029282576866764276
0 0.6470823823735955 0.3083225031667952 0.01953125 0.029282576866764276
0 0.6421666520365168 0.33938177570862155 0.01953125 0.029282576866764276
0 0.6541048542837078 0.3325382071824564 0.01953125 0.029282576866764276
0 0.6488380003511235 0.3267474953526244 0.01953125 0.029282576866764276
0 0.6365486745084269 0.3341174922269561 0.01953125 0.029282576866764276
0 0.6228548542837078 0.35780676789445076 0.01953125 0.029282576866764276
0 0.6126722700140449 0.3846546136509447 0.01953125 0.029282576866764276
0 0.5940627194522472 0.3888660404362771 0.01953125 0.029282576866764276
0 0.5916048542837078 0.41044960271110564 0.01953125 0.029282576866764276
0 0.5838801351825842 0.43150673663776756 0.01953125 0.029282576866764276
0 0.6084587868679775 0.42045174132627006 0.01953125 0.029282576866764276
0 0.6038941801264044 0.41571388619277116 0.01953125 0.029282576866764276
0 0.6246104722612359 0.39465675226610913 0.01953125 0.029282576866764276
0 0.6182902475421348 0.4004474640959412 0.01953125 0.029282576866764276
0 0.6470823823735955 0.3525424844127853 0.01953125 0.029282576866764276
0 0.654807101474719 0.3557010545017846 0.01953125 0.029282576866764276
0 0.6688520452949438 0.3204303551746258 0.01953125 0.029282576866764276
0 0.6765767643960674 0.33727606231595536 0.01953125 0.029282576866764276
0 0.6730655284410112 0.36096533798345004 0.01953125 0.029282576866764276
0 0.676927887991573 0.3788639018211127 0.01953125 0.029282576866764276
0 0.6660430565308988 0.3857074703472778 0.01953125 0.029282576866764276
0 0.654807101474719 0.4009738924441078 0.01953125 0.029282576866764276
0 0.6460290115870786 0.3893924687844437 0.01953125 0.029282576866764276
0 0.6221526070926966 0.4367710201194331 0.01953125 0.029282576866764276
0 0.6140767643960674 0.4267688815042686 0.01953125 0.029282576866764276
0 0.6312818205758426 0.4404560185565989 0.01953125 0.029282576866764276
0 0.642868899227528 0.4404560185565989 0.01953125 0.029282576866764276
0 0.6347930565308988 0.4573017256979285 0.01953125 0.029282576866764276
0 0.6267172138342696 0.47677957458009074 0.01953125 0.029282576866764276
0 0.6007340677668539 0.48520242815075554 0.01953125 0.029282576866764276
0 0.6140767643960674 0.4778324312764239 0.01953125 0.029282576866764276
0 0.5986273261938202 0.4451938736900979 0.01953125 0.029282576866764276
0 0.6077565396769662 0.5015217069439185 0.01953125 0.029282576866764276
0 0.5926582250702247 0.5036274203365848 0.01953125 0.029282576866764276
0 0.6063520452949438 0.5236316975669136 0.01953125 0.029282576866764276
0 0.6421666520365168 0.5194202707815812 0.01953125 0.029282576866764276
0 0.6242593486657303 0.5162617006925819 0.01953125 0.029282576866764276
0 0.6400599104634831 0.500995278595752 0.01953125 0.029282576866764276
0 0.6474335059691011 0.47677957458009074 0.01953125 0.029282576866764276
0 0.6656919329353932 0.47677957458009074 0.01953125 0.029282576866764276
0 0.6677986745084269 0.4594074390905946 0.01953125 0.029282576866764276
0 0.6702565396769662 0.4330860216822672 0.01953125 0.029282576866764276
0 0.6825458655196629 0.45203744221626296 0.01953125 0.029282576866764276
0 0.6885149666432584 0.3409610607531212 0.01953125 0.029282576866764276
0 0.6864082250702247 0.3246417819599582 0.01953125 0.029282576866764276
0 0.6839503599016853 0.3130603583002941 0.01953125 0.029282576866764276
0 0.6941329441713483 0.3035846480332962 0.01953125 0.029282576866764276
0 0.7060711464185392 0.3109546449076279 0.01953125 0.029282576866764276
0 0.7187115958567415 0.31569250004112687 0.01953125 0.029282576866764276
0 0.7243295733848314 0.3314853504861233 0.01953125 0.029282576866764276
0 0.7123913711376404 0.34675177258295325 0.01953125 0.029282576866764276
0 0.7106357531601123 0.33622320561962227 0.01953125 0.029282576866764276
0 0.696239685744382 0.3399082040567881 0.01953125 0.029282576866764276
0 0.6909728318117977 0.35359534110911833 0.01953125 0.029282576866764276
0 0.6941329441713483 0.40202674914044084 0.01953125 0.029282576866764276
0 0.693430696980337 0.4288745948969348 0.01953125 0.029282576866764276
0 0.7018576632724718 0.441508875252932 0.01953125 0.029282576866764276
0 0.7169559778792134 0.3888660404362771 0.01953125 0.029282576866764276
0 0.7141469891151685 0.37044104825044794 0.01953125 0.029282576866764276
0 0.7327565396769662 0.4130817444519384 0.01953125 0.029282576866764276
0 0.7197649666432584 0.4115024594074387 0.01953125 0.029282576866764276
0 0.7194138430477528 0.447299587082764 0.01953125 0.029282576866764276
0 0.7032621576544943 0.414661029496438 0.01953125 0.029282576866764276
0 0.7190627194522472 0.43255959333410066 0.01953125 0.029282576866764276
0 0.73486328125 0.46467172257226014 0.01953125 0.029282576866764276
0 0.6920262025983145 0.4994159935512523 0.01953125 0.029282576866764276
0 0.6723632812499999 0.5236316975669136 0.01953125 0.029282576866764276
0 0.6663941801264044 0.5467945448862417 0.01953125 0.029282576866764276
0 0.6723632812499999 0.5467945448862417 0.01953125 0.029282576866764276
0 0.6997509216994382 0.5436359747972423 0.01953125 0.029282576866764276
0 0.7113380003511236 0.5420566897527428 0.01953125 0.029282576866764276
0 0.7264363149578651 0.5162617006925819 0.01953125 0.029282576866764276
0 0.7380233936095505 0.4909931399805875 0.01953125 0.029282576866764276
0 0.7499615958567415 0.48414957145442244 0.01953125 0.029282576866764276
0 0.753121708216292 0.5273166960040795 0.01953125 0.029282576866764276
0 0.7352144048455056 0.5462681165380752 0.01953125 0.029282576866764276
0 0.7738380003511235 0.4867817131952552 0.01953125 0.029282576866764276
0 0.7643576632724718 0.4909931399805875 0.01953125 0.029282576866764276
0 0.7661132812499999 0.46361886587592704 0.01953125 0.029282576866764276
0 0.7664644048455056 0.43150673663776756 0.01953125 0.029282576866764276
0 0.7727846295646066 0.4167667428891042 0.01953125 0.029282576866764276
0 0.7671666520365168 0.37096747659861445 0.01953125 0.029282576866764276
0 0.7699756408005617 0.32885320874529056 0.01953125 0.029282576866764276
0 0.7741891239466292 0.3409610607531212 0.01953125 0.029282576866764276
0 0.7573351913623594 0.35780676789445076 0.01953125 0.029282576866764276
0 0.7524194610252808 0.3735996183394472 0.01953125 0.029282576866764276
0 0.7460992363061797 0.3883396120881106 0.01953125 0.029282576866764276
0 0.7267874385533707 0.3520160560646187 0.01953125 0.029282576866764276
0 0.7355655284410112 0.3425403457976208 0.01953125 0.029282576866764276
0 0.7506638430477528 0.3246417819599582 0.01953125 0.029282576866764276
0 0.7622509216994381 0.31674535673745996 0.01953125 0.029282576866764276
0 0.770677887991573 0.3104282165594614 0.01953125 0.029282576866764276
0 0.7327565396769662 0.3035846480332962 0.01953125 0.029282576866764276
0 0.7432902475421348 0.3562274828499511 0.01953125 0.029282576866764276
0 0.7482059778792134 0.3630710513761162 0.01953125 0.029282576866764276
0 0.732054292485955 0.3541217694572849 0.01953125 0.029282576866764276
0 0.7306497981039325 0.39360389556977604 0.01953125 0.029282576866764276
0 0.7576863149578651 0.39465675226610913 0.01953125 0.029282576866764276
0 0.7896385621488763 0.3799167585174458 0.01953125 0.029282576866764276
0 0.7822649666432584 0.3930774672216095 0.01953125 0.029282576866764276
0 0.8166750790028089 0.365703193116949 0.01953125 0.029282576866764276
0 0.7998211464185392 0.4083438893184394 0.01953125 0.029282576866764276
0 0.7949054160814606 0.39465675226610913 0.01953125 0.029282576866764276
0 0.8131638430477527 0.425189596459769 0.01953125 0.029282576866764276
0 0.815621708216292 0.45203744221626296 0.01953125 0.029282576866764276
0 0.8005233936095504 0.441508875252932 0.01953125 0.029282576866764276
0 0.7959587868679774 0.4546695839570957 0.01953125 0.029282576866764276
0 0.7878829441713482 0.44414101699376474 0.01953125 0.029282576866764276
0 0.7903408093398876 0.4267688815042686 0.01953125 0.029282576866764276
0 0.789989685744382 0.474147432839258 0.01953125 0.029282576866764276
0 0.7794559778792134 0.4594074390905946 0.01953125 0.029282576866764276
0 0.7671666520365168 0.49415171006958686 0.01953125 0.029282576866764276
0 0.8124615958567415 0.5346866928784111 0.01953125 0.029282576866764276
0 0.7661132812499999 0.5209995558260808 0.01953125 0.029282576866764276
0 0.6045964273174157 0.26357609357263856 0.01953125 0.029282576866764276
0 0.6137256408005617 0.2662082353134713 0.01953125 0.029282576866764276
0 0.6077565396769662 0.2551532400019738 0.01953125 0.029282576866764276
0 0.6161835059691011 0.25357395495747415 0.01953125 0.029282576866764276
0 0.6228548542837078 0.2488360998239752 0.01953125 0.029282576866764276
0 0.6344419329353932 0.2314639643344791 0.01953125 0.029282576866764276
0 0.6407621576544943 0.2588382384391396 0.01953125 0.029282576866764276
0 0.645677887991573 0.26252323687630547 0.01953125 0.029282576866764276
0 0.6407621576544943 0.2772632306249689 0.01953125 0.029282576866764276
0 0.6274194610252808 0.27252537549146993 0.01953125 0.029282576866764276
0 0.6214503599016853 0.2788425156694685 0.01953125 0.029282576866764276
0 0.6221526070926966 0.2672610920098044 0.01953125 0.029282576866764276
0 0.6246104722612359 0.29568822281079804 0.01953125 0.029282576866764276
0 0.6688520452949438 0.2662082353134713 0.01953125 0.029282576866764276
0 0.6590205846207864 0.2662082353134713 0.01953125 0.029282576866764276
0 0.6555093486657302 0.2909503676772991 0.01953125 0.029282576866764276
0 0.6579672138342696 0.2783160873213019 0.01953125 0.029282576866764276
0 0.6653408093398876 0.29726750785529765 0.01953125 0.029282576866764276
0 0.684301483497191 0.2941089377662984 0.01953125 0.029282576866764276
0 0.6857059778792134 0.28305394245480087 0.01953125 0.029282576866764276
0 0.681492494733146 0.2662082353134713 0.01953125 0.029282576866764276
0 0.6913239554073033 0.2698932337506372 0.01953125 0.029282576866764276
0 0.6969419329353932 0.25252109826114105 0.01953125 0.029282576866764276
0 0.7036132812499999 0.25725895339464 0.01953125 0.029282576866764276
0 0.7074756408005617 0.2783160873213019 0.01953125 0.029282576866764276
0 0.700804292485955 0.27357823218780297 0.01953125 0.029282576866764276
0 0.7141469891151684 0.2698932337506372 0.01953125 0.029282576866764276
0 0.7187115958567415 0.2709460904469702 0.01953125 0.029282576866764276
0 0.7176582250702246 0.2588382384391396 0.01953125 0.029282576866764276
0 0.7288941801264044 0.2541003833056407 0.01953125 0.029282576866764276
0 0.7401301351825842 0.25989109513547276 0.01953125 0.029282576866764276
0 0.7478548542837078 0.2662082353134713 0.01953125 0.029282576866764276
0 0.743992494733146 0.2772632306249689 0.01953125 0.029282576866764276
0 0.7499615958567415 0.289897510980966 0.01953125 0.029282576866764276
0 0.758739685744382 0.2909503676772991 0.01953125 0.029282576866764276
0 0.7745402475421348 0.2746310888841361 0.01953125 0.029282576866764276
0 0.733809910463483 0.28305394245480087 0.01953125 0.029282576866764276
0 0.6386554160814606 0.30779607481862864 0.01953125 0.029282576866764276
0 0.7215205846207864 0.29568822281079804 0.01953125 0.029282576866764276
0 0.7418857531601122 0.3188510701301262 0.01953125 0.029282576866764276
0 0.8226441801264045 0.2883182259364664 0.01953125 0.029282576866764276
0 0.801927887991573 0.2698932337506372 0.01953125 0.029282576866764276
0 0.7942031688904494 0.2625232368763055 0.01953125 0.029282576866764276
0 0.7836694610252809 0.28779179758829987 0.01953125 0.029282576866764276
0 0.792798674508427 0.2830539424548009 0.01953125 0.029282576866764276
0 0.7910430565308989 0.3072696464704622 0.01953125 0.029282576866764276
0 0.7994700228230337 0.3072696464704622 0.01953125 0.029282576866764276
0 0.7963099104634831 0.3241153536117917 0.01953125 0.029282576866764276
0 0.8279110340589888 0.3372760623159554 0.01953125 0.029282576866764276
0 0.8303688992275281 0.3183246417819597 0.01953125 0.029282576866764276
0 0.8391469891151685 0.3130603583002942 0.01953125 0.029282576866764276
0 0.8387958655196629 0.29989964959613047 0.01953125 0.029282576866764276
0 0.8419559778792135 0.28884465428463296 0.01953125 0.029282576866764276
0 0.8387958655196629 0.2830539424548009 0.01953125 0.029282576866764276
0 0.8391469891151685 0.26936680540247065 0.01953125 0.029282576866764276
0 0.8303688992275281 0.26884037705430414 0.01953125 0.029282576866764276
0 0.8394981127106742 0.25883823843913967 0.01953125 0.029282576866764276
0 0.8567031688904494 0.278316087321302 0.01953125 0.029282576866764276
0 0.8686413711376404 0.27936894401763507 0.01953125 0.029282576866764276
0 0.864427887991573 0.30147893464063014 0.01953125 0.029282576866764276
0 0.8556497981039326 0.3035846480332963 0.01953125 0.029282576866764276
0 0.8521385621488764 0.3230624969154586 0.01953125 0.029282576866764276
0 0.864427887991573 0.34148748910128784 0.01953125 0.029282576866764276
0 0.8581076632724719 0.3278003520489576 0.01953125 0.029282576866764276
0 0.8682902475421348 0.3288532087452906 0.01953125 0.029282576866764276
0 0.8461694610252809 0.343593202493954 0.01953125 0.029282576866764276
0 0.8472228318117977 0.3325382071824565 0.01953125 0.029282576866764276
0 0.8363380003511236 0.3693881915541149 0.01953125 0.029282576866764276
0 0.8419559778792135 0.364650336420616 0.01953125 0.029282576866764276
0 0.8503829441713483 0.3662296214651156 0.01953125 0.029282576866764276
0 0.8307200228230337 0.4109760310592722 0.01953125 0.029282576866764276
0 0.8289644048455056 0.43940316186026585 0.01953125 0.029282576866764276
0 0.8602144048455056 0.4062381759257733 0.01953125 0.029282576866764276
0 0.8609166520365168 0.3804431868656124 0.01953125 0.029282576866764276
0 0.8612677756320225 0.36359747972428286 0.01953125 0.029282576866764276
0 0.8777705846207865 0.3241153536117917 0.01953125 0.029282576866764276
0 0.8823351913623596 0.3314853504861234 0.01953125 0.029282576866764276
0 0.888304292485955 0.32095678352279244 0.01953125 0.029282576866764276
0 0.8770683374297752 0.3399082040567882 0.01953125 0.029282576866764276
0 0.9009447419241573 0.364650336420616 0.01953125 0.029282576866764276
0 0.8974335059691011 0.35359534110911844 0.01953125 0.029282576866764276
0 0.9044559778792134 0.3367496339677889 0.01953125 0.029282576866764276
0 0.876366090238764 0.39939460739960814 0.01953125 0.029282576866764276
0 0.8798773261938202 0.4209781696744367 0.01953125 0.029282576866764276
0 0.8633745172050562 0.44045601855659905 0.01953125 0.029282576866764276
0 0.8840908093398876 0.43940316186026585 0.01953125 0.029282576866764276
0 0.8893576632724719 0.4141346011482716 0.01953125 0.029282576866764276
0 0.8988380003511236 0.4099231743629391 0.01953125 0.029282576866764276
0 0.9185009216994382 0.40307960583677405 0.01953125 0.029282576866764276
0 0.9276301351825842 0.4109760310592722 0.01953125 0.029282576866764276
0 0.924118899227528 0.4304538799414345 0.01953125 0.029282576866764276
0 0.9055093486657303 0.4430881602974317 0.01953125 0.029282576866764276
0 0.8935711464185393 0.4657245792685933 0.01953125 0.029282576866764276
0 0.880930696980337 0.46783029266125953 0.01953125 0.029282576866764276
0 0.8703969891151685 0.4794117163209236 0.01953125 0.029282576866764276
0 0.9118295733848314 0.47677957458009085 0.01953125 0.029282576866764276
0 0.931492494733146 0.45309029891259617 0.01953125 0.029282576866764276
0 0.9181497981039326 0.4551960123052624 0.01953125 0.029282576866764276
0 0.8893576632724719 0.4509845855199299 0.01953125 0.029282576866764276
0 0.9402705846207865 0.4062381759257733 0.01953125 0.029282576866764276
0 0.9385149666432584 0.38412818530277826 0.01953125 0.029282576866764276
0 0.9244700228230337 0.3693881915541149 0.01953125 0.029282576866764276
0 0.9283323823735954 0.3488574859756195 0.01953125 0.029282576866764276
0 0.9163941801264045 0.3314853504861234 0.01953125 0.029282576866764276
0 0.9107762025983146 0.30200536298879666 0.01953125 0.029282576866764276
0 0.9019981127106742 0.2967410795071312 0.01953125 0.029282576866764276
0 0.888304292485955 0.2883182259364664 0.01953125 0.029282576866764276
0 0.8802284497893258 0.2914767960254657 0.01953125 0.029282576866764276
0 0.9423773261938202 0.2977939362034643 0.01953125 0.029282576866764276
0 0.9304391239466292 0.27305180383963645 0.01953125 0.029282576866764276
0 0.9262256408005618 0.2651553786171383 0.01953125 0.029282576866764276
0 0.9557200228230336 0.2962146511589646 0.01953125 0.029282576866764276
0 0.9676582250702247 0.28884465428463296 0.01953125 0.029282576866764276
0 0.9666048542837078 0.3035846480332963 0.01953125 0.029282576866764276
0 0.9571245172050562 0.31358678664846074 0.01953125 0.029282576866764276
0 0.9493997981039326 0.31674535673746 0.01953125 0.029282576866764276
0 0.9293857531601124 0.32200964021912554 0.01953125 0.029282576866764276
0 0.9255233936095506 0.31148107325579455 0.01953125 0.029282576866764276
0 0.9192031688904494 0.30042607794429704 0.01953125 0.029282576866764276
0 0.9392172138342696 0.3399082040567882 0.01953125 0.029282576866764276
0 0.9543155284410112 0.3404346324049547 0.01953125 0.029282576866764276
0 0.9764363149578652 0.3251682103081248 0.01953125 0.029282576866764276
0 0.9901301351825842 0.30042607794429704 0.01953125 0.029282576866764276
0 0.9876722700140449 0.33411749222695614 0.01953125 0.029282576866764276
0 0.9817031688904494 0.3241153536117917 0.01953125 0.029282576866764276
0 0.9880233936095505 0.36675604981328214 0.01953125 0.029282576866764276
0 0.9795964273174157 0.35991248128711706 0.01953125 0.029282576866764276
0 0.9904812587780898 0.34622534423478674 0.01953125 0.029282576866764276
0 0.9606357531601123 0.35833319624261734 0.01953125 0.029282576866764276
0 0.9623913711376404 0.3767581884284466 0.01953125 0.029282576866764276
0 0.9543155284410112 0.40781746097027294 0.01953125 0.029282576866764276
0 0.9659026070926966 0.4051853192294402 0.01953125 0.029282576866764276
0 0.9725739554073034 0.39255103887344306 0.01953125 0.029282576866764276
0 0.9845121576544944 0.4072910326221064 0.01953125 0.029282576866764276
0 0.9943436183286516 0.4172931712372709 0.01953125 0.029282576866764276
0 0.977489685744382 0.4330860216822673 0.01953125 0.029282576866764276
0 0.9680093486657303 0.4215045980226032 0.01953125 0.029282576866764276
0 0.9602846295646067 0.42361031141526945 0.01953125 0.029282576866764276
0 0.9676582250702247 0.4583545823942617 0.01953125 0.029282576866764276
0 0.9437818205758426 0.4499317288235969 0.01953125 0.029282576866764276
0 0.9381638430477528 0.43677102011943314 0.01953125 0.029282576866764276
0 0.9005936183286516 0.4504581571717634 0.01953125 0.029282576866764276
0 0.9012958655196629 0.47362100449109157 0.01953125 0.029282576866764276
0 0.905860472261236 0.4915195683287542 0.01953125 0.029282576866764276
0 0.9395683374297752 0.4794117163209236 0.01953125 0.029282576866764276
0 0.924118899227528 0.4841495714544225 0.01953125 0.029282576866764276
0 0.9539644048455056 0.44887887212726374 0.01953125 0.029282576866764276
0 0.9936413711376404 0.46835672100942605 0.01953125 0.029282576866764276
0 0.986618899227528 0.46151315248326097 0.01953125 0.029282576866764276
0 0.9518576632724718 0.4746738611874246 0.01953125 0.029282576866764276
0 0.9430795733848314 0.37570533173211346 0.01953125 0.029282576866764276
0 0.006457382373595499 0.5191570566074981 0.01953125 0.029282576866764276
0 0.01909783181179775 0.5191570566074981 0.01953125 0.029282576866764276
0 0.04859221383426965 0.5338970503561614 0.01953125 0.029282576866764276
0 0.043676483497191 0.5149456298221657 0.01953125 0.029282576866764276
0 0.024715809339887623 0.5486370441048248 0.01953125 0.029282576866764276
0 0.0415697419241573 0.5781170316021516 0.01953125 0.029282576866764276
0 0.024715809339887623 0.5960155954398143 0.01953125 0.029282576866764276
0 0.0043506408005618 0.5960155954398143 0.01953125 0.029282576866764276
0 0.027524798103932574 0.5739056048168192 0.01953125 0.029282576866764276
0 0.055614685744382025 0.5581127543718227 0.01953125 0.029282576866764276
0 0.0668506408005618 0.5412670472304932 0.01953125 0.029282576866764276
0 0.0808955846207865 0.5307384802671622 0.01953125 0.029282576866764276
0 0.10126075316011232 0.5296856235708292 0.01953125 0.029282576866764276
0 0.10898547226123592 0.5033642061625017 0.01953125 0.029282576866764276
0 0.11179446102528087 0.5149456298221657 0.01953125 0.029282576866764276
0 0.11951918012640447 0.5307384802671622 0.01953125 0.029282576866764276
0 0.15182255091292132 0.5233684833928306 0.01953125 0.029282576866764276
0 0.13567086551966293 0.5486370441048248 0.01953125 0.029282576866764276
0 0.09634502282303367 0.5465313307121586 0.01953125 0.029282576866764276
0 0.060530416081460675 0.5949627387434812 0.01953125 0.029282576866764276
0 0.04437873068820225 0.6170727293664763 0.01953125 0.029282576866764276
0 0.009968618328651674 0.6297070097224734 0.01953125 0.029282576866764276
0 0.00926637113764045 0.6707684208794642 0.01953125 0.029282576866764276
0 0.07597985428370785 0.5886455985654826 0.01953125 0.029282576866764276
0 0.08791805653089887 0.5802227449948177 0.01953125 0.029282576866764276
0 0.09915401158707862 0.5812756016911509 0.01953125 0.029282576866764276
0 0.11390120259831457 0.5802227449948177 0.01953125 0.029282576866764276
0 0.13145738237359547 0.5781170316021516 0.01953125 0.029282576866764276
0 0.14480007900280897 0.5802227449948177 0.01953125 0.029282576866764276
0 0.14409783181179772 0.5591656110681559 0.01953125 0.029282576866764276
0 0.16586749473314608 0.5654827512461544 0.01953125 0.029282576866764276
0 0.16235625877808987 0.5875927418691494 0.01953125 0.029282576866764276
0 0.17640120259831457 0.5338970503561614 0.01953125 0.029282576866764276
0 0.19185064080056177 0.5465313307121586 0.01953125 0.029282576866764276
0 0.20308659585674158 0.5223156266964973 0.01953125 0.029282576866764276
0 0.21853603405898878 0.5265270534818298 0.01953125 0.029282576866764276
0 0.21713153967696627 0.4896770691101714 0.01953125 0.029282576866764276
0 0.24873266327247187 0.4907299258065045 0.01953125 0.029282576866764276
0 0.2627776070926966 0.507575632947834 0.01953125 0.029282576866764276
0 0.2768225509129213 0.49599420928817 0.01953125 0.029282576866764276
0 0.2943787306882022 0.49283563919917067 0.01953125 0.029282576866764276
0 0.2999967082162921 0.47493707536150803 0.01953125 0.029282576866764276
0 0.3133394048455056 0.4896770691101714 0.01953125 0.029282576866764276
0 0.3512607531601124 0.4896770691101714 0.01953125 0.029282576866764276
0 0.3358113149578652 0.49283563919917067 0.01953125 0.029282576866764276
0 0.3287888430477528 0.5223156266964973 0.01953125 0.029282576866764276
0 0.305614685744382 0.5191570566074981 0.01953125 0.029282576866764276
0 0.2922719891151685 0.5149456298221657 0.01953125 0.029282576866764276
0 0.2810360340589887 0.5412670472304932 0.01953125 0.029282576866764276
0 0.2803337868679775 0.5202099133038313 0.01953125 0.029282576866764276
0 0.257861876755618 0.5360027637488277 0.01953125 0.029282576866764276
0 0.21362030372191007 0.5486370441048248 0.01953125 0.029282576866764276
0 0.19465962956460672 0.57074703472782 0.01953125 0.029282576866764276
0 0.15814277563202248 0.61496701597381 0.01953125 0.029282576866764276
0 0.10196300035112357 0.6097027324921445 0.01953125 0.029282576866764276
0 0.12022142731741572 0.6297070097224734 0.01953125 0.029282576866764276
0 0.14690682057584267 0.6328655798114726 0.01953125 0.029282576866764276
0 0.09072704529494383 0.6223370128481417 0.01953125 0.029282576866764276
0 0.0731708655196629 0.6297070097224734 0.01953125 0.029282576866764276
0 0.05069895540730335 0.6391827199894712 0.01953125 0.029282576866764276
0 0.047889966643258425 0.680244131146462 0.01953125 0.029282576866764276
0 0.18833940484550563 0.6075970190994784 0.01953125 0.029282576866764276
0 0.20589558462078653 0.5875927418691494 0.01953125 0.029282576866764276
0 0.21923828124999997 0.6128613025811438 0.01953125 0.029282576866764276
0 0.20659783181179772 0.6391827199894712 0.01953125 0.029282576866764276
0 0.21572704529494383 0.6349712932041389 0.01953125 0.029282576866764276
0 0.16656974192415727 0.6549755704344676 0.01953125 0.029282576866764276
0 0.17921019136235952 0.6339184365078057 0.01953125 0.029282576866764276
0 0.12092367450842698 0.6560284271308008 0.01953125 0.029282576866764276
0 0.10477198911516852 0.6328655798114726 0.01953125 0.029282576866764276
0 0.10126075316011232 0.646552716863803 0.01953125 0.029282576866764276
0 0.07808659585674158 0.646552716863803 0.01953125 0.029282576866764276
0 0.06474389922752807 0.6539227137381346 0.01953125 0.029282576866764276
0 0.06825513518258425 0.690772698109793 0.01953125 0.029282576866764276
0 0.09283378686797752 0.6686627074867979 0.01953125 0.029282576866764276
0 0.10828322507022473 0.6728741342721304 0.01953125 0.029282576866764276
0 0.09002479810393257 0.7076184052511225 0.01953125 0.029282576866764276
0 0.09985625877808987 0.690772698109793 0.01953125 0.029282576866764276
0 0.12092367450842698 0.680244131146462 0.01953125 0.029282576866764276
0 0.15252479810393257 0.680244131146462 0.01953125 0.029282576866764276
0 0.14269333742977527 0.7065655485547895 0.01953125 0.029282576866764276
0 0.18342367450842698 0.6918255548061261 0.01953125 0.029282576866764276
0 0.16797423630617977 0.6865612713244605 0.01953125 0.029282576866764276
0 0.21291805653089887 0.680244131146462 0.01953125 0.029282576866764276
0 0.19887311271067412 0.6718212775757972 0.01953125 0.029282576866764276
0 0.22274951720505617 0.6560284271308008 0.01953125 0.029282576866764276
0 0.20730007900280897 0.7097241186437887 0.01953125 0.029282576866764276
0 0.19395738237359547 0.7202526856071197 0.01953125 0.029282576866764276
0 0.17640120259831457 0.7402569628374485 0.01953125 0.029282576866764276
0 0.14831131495786518 0.7476269597117803 0.01953125 0.029282576866764276
0 0.11390120259831457 0.7297283958741176 0.01953125 0.029282576866764276
0 0.08159783181179775 0.753944099889779 0.01953125 0.029282576866764276
0 0.02682255091292135 0.7297283958741176 0.01953125 0.029282576866764276
0 0.01909783181179775 0.6939312681987924 0.01953125 0.029282576866764276
0 0.005755135182584248 0.7023541217694571 0.01953125 0.029282576866764276
0 0.012075359901685373 0.754996956586112 0.01953125 0.029282576866764276
0 0.03454727001404492 0.7844769440834387 0.01953125 0.029282576866764276
0 0.0261203037219101 0.8434369190780922 0.01953125 0.029282576866764276
0 0.11600794417134833 0.8065869347064338 0.01953125 0.029282576866764276
0 0.15603603405898878 0.7992169378321021 0.01953125 0.029282576866764276
0 0.20308659585674158 0.7697369503347754 0.01953125 0.029282576866764276
0 0.24381693293539322 0.7813183739944393 0.01953125 0.029282576866764276
0 0.2515416520365168 0.7244641123924521 0.01953125 0.029282576866764276
0 0.23609221383426962 0.690772698109793 0.01953125 0.029282576866764276
0 0.2515416520365168 0.6886669847171268 0.01953125 0.029282576866764276
0 0.257861876755618 0.6591869972198001 0.01953125 0.029282576866764276
0 0.24732816889044942 0.6391827199894712 0.01953125 0.029282576866764276
0 0.2536483936095505 0.6181255860628093 0.01953125 0.029282576866764276
0 0.24381693293539322 0.5949627387434812 0.01953125 0.029282576866764276
0 0.23538996664325842 0.5760113182094855 0.01953125 0.029282576866764276
0 0.255052887991573 0.5591656110681559 0.01953125 0.029282576866764276
0 0.2592663711376404 0.592857025350815 0.01953125 0.029282576866764276
0 0.2676933374297753 0.6276012963298071 0.01953125 0.029282576866764276
0 0.2775247981039326 0.6349712932041389 0.01953125 0.029282576866764276
0 0.2866540115870786 0.6244427262408079 0.01953125 0.029282576866764276
0 0.2908674947331461 0.5886455985654826 0.01953125 0.029282576866764276
0 0.3077214273174157 0.5760113182094855 0.01953125 0.029282576866764276
0 0.2950809778792135 0.5728527481204861 0.01953125 0.029282576866764276
0 0.305614685744382 0.5433727606231594 0.01953125 0.029282576866764276
0 0.3196596295646067 0.5517956141938241 0.01953125 0.029282576866764276
0 0.329491090238764 0.5391613338378269 0.01953125 0.029282576866764276
0 0.3358113149578652 0.5560070409791565 0.01953125 0.029282576866764276
0 0.3210641239466292 0.5728527481204861 0.01953125 0.029282576866764276
0 0.3287888430477528 0.6128613025811438 0.01953125 0.029282576866764276
0 0.3287888430477528 0.5949627387434812 0.01953125 0.029282576866764276
0 0.3112326632724719 0.6023327356178129 0.01953125 0.029282576866764276
0 0.3161483936095505 0.6223370128481417 0.01953125 0.029282576866764276
0 0.2887607531601123 0.6444470034711367 0.01953125 0.029282576866764276
0 0.2761203037219101 0.6760327043611297 0.01953125 0.029282576866764276
0 0.3028056969803371 0.6834027012354613 0.01953125 0.029282576866764276
0 0.3133394048455056 0.6960369815914584 0.01953125 0.029282576866764276
0 0.2880585059691011 0.744468389622781 0.01953125 0.029282576866764276
0 0.2733113149578652 0.7297283958741176 0.01953125 0.029282576866764276
0 0.2726090677668539 0.7055126918584564 0.01953125 0.029282576866764276
0 0.21010906776685392 0.7465741030154472 0.01953125 0.029282576866764276
0 0.19887311271067412 0.8181683583660979 0.01953125 0.029282576866764276
0 0.20870457338483142 0.7886883708687711 0.01953125 0.029282576866764276
0 0.13286187675561797 0.8655469097010873 0.01953125 0.029282576866764276
0 0.055614685744382025 0.754996956586112 0.01953125 0.029282576866764276
0 0.3035079441713483 0.6497112869528022 0.01953125 0.029282576866764276
0 0.3224686183286517 0.6633984240051324 0.01953125 0.029282576866764276
0 0.3582832250702247 0.6075970190994784 0.01953125 0.029282576866764276
0 0.3540697419241573 0.5581127543718227 0.01953125 0.029282576866764276
0 0.3512607531601124 0.5412670472304932 0.01953125 0.029282576866764276
0 0.3582832250702247 0.5360027637488277 0.01953125 0.029282576866764276
0 0.3772438992275281 0.5581127543718227 0.01953125 0.029282576866764276
0 0.3723281688904494 0.5444256173194925 0.01953125 0.029282576866764276
0 0.3723281688904494 0.5002056360735024 0.01953125 0.029282576866764276
0 0.3786483936095506 0.47493707536150803 0.01953125 0.029282576866764276
0 0.3919910902387641 0.49599420928817 0.01953125 0.029282576866764276
0 0.4074405284410112 0.5044170628588347 0.01953125 0.029282576866764276
0 0.4165697419241573 0.4865184990211721 0.01953125 0.029282576866764276
0 0.4544910902387641 0.4538799414348461 0.01953125 0.029282576866764276
0 0.4622158093398876 0.46440850839817704 0.01953125 0.029282576866764276
0 0.4516821014747191 0.4812542155395066 0.01953125 0.029282576866764276
0 0.4860922138342697 0.4686199351835095 0.01953125 0.029282576866764276
0 0.4980304160814607 0.46124993830917776 0.01953125 0.029282576866764276
0 0.4769630003511236 0.49599420928817 0.01953125 0.029282576866764276
0 0.4896034497893258 0.49704706598450304 0.01953125 0.029282576866764276
0 0.4376371576544944 0.5191570566074981 0.01953125 0.029282576866764276
0 0.445361876755618 0.49704706598450304 0.01953125 0.029282576866764276
0 0.4383394048455056 0.5002056360735024 0.01953125 0.029282576866764276
0 0.4264012025983146 0.5002056360735024 0.01953125 0.029282576866764276
0 0.4411483936095506 0.4759899320578411 0.01953125 0.029282576866764276
0 0.481176483497191 0.5244213400891636 0.01953125 0.029282576866764276
0 0.442552887991573 0.5581127543718227 0.01953125 0.029282576866764276
0 0.4235922138342697 0.5739056048168192 0.01953125 0.029282576866764276
0 0.4123562587780899 0.5728527481204861 0.01953125 0.029282576866764276
0 0.4053337868679775 0.5391613338378269 0.01953125 0.029282576866764276
0 0.3955023261938202 0.5296856235708292 0.01953125 0.029282576866764276
0 0.3870753599016854 0.5728527481204861 0.01953125 0.029282576866764276
0 0.3955023261938202 0.61496701597381 0.01953125 0.029282576866764276
0 0.380052887991573 0.5949627387434812 0.01953125 0.029282576866764276
0 0.4320191801264045 0.6044384490104789 0.01953125 0.029282576866764276
0 0.4179742363061798 0.6107555891884776 0.01953125 0.029282576866764276
0 0.4537888430477528 0.6075970190994784 0.01953125 0.029282576866764276
0 0.4910079441713483 0.5760113182094855 0.01953125 0.029282576866764276
0 0.4910079441713483 0.5465313307121586 0.01953125 0.029282576866764276
0 0.4825809778792135 0.5633770378534881 0.01953125 0.029282576866764276
0 0.4643225509129214 0.5665356079424876 0.01953125 0.029282576866764276
0 0.4509798542837079 0.5265270534818298 0.01953125 0.029282576866764276
0 0.4952214273174157 0.6075970190994784 0.01953125 0.029282576866764276
0 0.4748562587780899 0.6054913057068122 0.01953125 0.029282576866764276
0 0.4685360340589888 0.6328655798114726 0.01953125 0.029282576866764276
0 0.4432551351825843 0.6518170003454683 0.01953125 0.029282576866764276
0 0.4362326632724719 0.6686627074867979 0.01953125 0.029282576866764276
0 0.4116540115870787 0.6665569940941317 0.01953125 0.029282576866764276
0 0.4137607531601124 0.6297070097224734 0.01953125 0.029282576866764276
0 0.4011203037219101 0.6444470034711367 0.01953125 0.029282576866764276
0 0.3716259216994382 0.637077006596805 0.01953125 0.029282576866764276
0 0.3821596295646067 0.6486584302564691 0.01953125 0.029282576866764276
0 0.3702214273174157 0.7234112556961191 0.01953125 0.029282576866764276
0 0.3112326632724719 0.7423626762301148 0.01953125 0.029282576866764276
0 0.3969068205758427 0.7055126918584564 0.01953125 0.029282576866764276
0 0.4376371576544944 0.6939312681987924 0.01953125 0.029282576866764276
0 0.3365135621488764 0.7423626762301148 0.01953125 0.029282576866764276
0 0.4769630003511236 0.6665569940941317 0.01953125 0.029282576866764276
0 0.4797719891151685 0.647605573560136 0.01953125 0.029282576866764276
0 0.4629180565308989 0.680244131146462 0.01953125 0.029282576866764276
0 0.4945191801264045 0.6570812838271338 0.01953125 0.029282576866764276
0 0.4832832250702247 0.6297070097224734 0.01953125 0.029282576866764276
0 0.4102495172050562 0.7686840936384421 0.01953125 0.029282576866764276
0 0.3512607531601124 0.7802655172981062 0.01953125 0.029282576866764276
0 0.3484517643960674 0.8360669222037606 0.01953125 0.029282576866764276
0 0.3098281688904494 0.8592297695230887 0.01953125 0.029282576866764276
0 0.3035079441713483 0.7950055110467698 0.01953125 0.029282576866764276
0 0.2775247981039326 0.8434369190780922 0.01953125 0.029282576866764276
0 0.24311468574438203 0.8455426324707582 0.01953125 0.029282576866764276
0 0.20168210147471907 0.8655469097010873 0.01953125 0.029282576866764276
0 0.05701918012640447 0.8171155016697648 0.01953125 0.029282576866764276
0 0.4137607531601124 0.820274071758764 0.01953125 0.029282576866764276
0 0.4474686183286517 0.7844769440834387 0.01953125 0.029282576866764276
0 0.03208940484550554 0.9102933192952437 0.01953125 0.029282576866764276
0 0.07422423630617969 0.9102933192952437 0.01953125 0.029282576866764276
0 0.053156820575842645 0.9860990014312268 0.01953125 0.029282576866764276
0 0.07422423630617969 0.8618619112639213 0.01953125 0.029282576866764276
0 0.23012311271067415 0.9187161728659086 0.01953125 0.029282576866764276
0 0.20624670821629204 0.9818875746458945 0.01953125 0.029282576866764276
0 0.27225794417134824 0.8934476121539143 0.01953125 0.029282576866764276
0 0.33686468574438194 0.9418790201852367 0.01953125 0.029282576866764276
0 0.39725794417134824 0.8787076184052509 0.01953125 0.029282576866764276
0 0.40147142731741575 0.9081876059025776 0.01953125 0.029282576866764276
0 0.42253884304775274 0.9860990014312268 0.01953125 0.029282576866764276
0 0.5011905284410112 0.9334561666145719 0.01953125 0.029282576866764276
0 0.5573703037219102 0.8976590389392466 0.01953125 0.029282576866764276
0 0.5995051351825842 0.9524075871485678 0.01953125 0.029282576866764276
0 0.48293210147471904 0.8660733380492537 0.01953125 0.029282576866764276
0 0.5068085059691012 0.7923733693059368 0.01953125 0.029282576866764276
0 0.5110219891151686 0.7292019675259509 0.01953125 0.029282576866764276
0 0.5039995172050562 0.6828762728872947 0.01953125 0.029282576866764276
0 0.5138309778792134 0.6365505782486384 0.01953125 0.029282576866764276
0 0.5054040115870786 0.6133877309293102 0.01953125 0.029282576866764276
0 0.5054040115870786 0.5691677496833202 0.01953125 0.029282576866764276
0 0.5194489554073034 0.5438991889713257 0.01953125 0.029282576866764276
0 0.5068085059691012 0.5291591952226624 0.01953125 0.029282576866764276
0 0.5054040115870786 0.48072778719133996 0.01953125 0.029282576866764276
0 0.533493899227528 0.45545922647934567 0.01953125 0.029282576866764276
0 0.5236624385533708 0.4407192327306822 0.01953125 0.029282576866764276
0 0.5433253599016854 0.45124779969401324 0.01953125 0.029282576866764276
0 0.5563169329353932 0.44545708786418114 0.01953125 0.029282576866764276
0 0.5689573823735954 0.47493707536150787 0.01953125 0.029282576866764276
0 0.5591259216994381 0.4802013588431733 0.01953125 0.029282576866764276
0 0.5436764834971909 0.48335992893217256 0.01953125 0.029282576866764276
0 0.5345472700140449 0.47809564545050715 0.01953125 0.029282576866764276
0 0.52612030372191 0.487571355717505 0.01953125 0.029282576866764276
0 0.5352495172050561 0.5117870597331662 0.01953125 0.029282576866764276
0 0.5190978318117977 0.5117870597331662 0.01953125 0.029282576866764276
0 0.5535079441713482 0.5170513432148317 0.01953125 0.029282576866764276
0 0.5724686183286516 0.5023113494661683 0.01953125 0.029282576866764276
0 0.5724686183286516 0.531791336963495 0.01953125 0.029282576866764276
0 0.540867494733146 0.5760113182094851 0.01953125 0.029282576866764276
0 0.5331427756320224 0.5549541842828232 0.01953125 0.029282576866764276
0 0.5464854722612359 0.5549541842828232 0.01953125 0.029282576866764276
0 0.5457832250702246 0.6054913057068119 0.01953125 0.029282576866764276
0 0.5303337868679774 0.649711286952802 0.01953125 0.029282576866764276
0 0.5394630003511235 0.6591869972197999 0.01953125 0.029282576866764276
0 0.5689573823735954 0.6454998601674696 0.01953125 0.029282576866764276
0 0.5457832250702246 0.6991955516804575 0.01953125 0.029282576866764276
0 0.58862030372191 0.691825554806126 0.01953125 0.029282576866764276
0 0.5921315396769662 0.6518170003454682 0.01953125 0.029282576866764276
0 0.5830023261938201 0.6254955829371407 0.01953125 0.029282576866764276
0 0.5787888430477527 0.6054913057068119 0.01953125 0.029282576866764276
0 0.5731708655196628 0.5949627387434809 0.01953125 0.029282576866764276
0 0.5633394048455055 0.5886455985654824 0.01953125 0.029282576866764276
0 0.5731708655196628 0.5707470347278197 0.01953125 0.029282576866764276
0 0.5942382812499999 0.5844341717801499 0.01953125 0.029282576866764276
0 0.6012607531601123 0.6002270222251465 0.01953125 0.029282576866764276
0 0.5991540115870786 0.62865415302614 0.01953125 0.029282576866764276
0 0.6174124385533707 0.606544162403145 0.01953125 0.029282576866764276
0 0.615305696980337 0.5591656110681557 0.01953125 0.029282576866764276
0 0.6293506408005617 0.5686413213351535 0.01953125 0.029282576866764276
0 0.641991090238764 0.5981213088324803 0.01953125 0.029282576866764276
0 0.6321596295646067 0.6097027324921444 0.01953125 0.029282576866764276
0 0.6230304160814606 0.6391827199894711 0.01953125 0.029282576866764276
0 0.6110922138342696 0.6433941467748033 0.01953125 0.029282576866764276
0 0.615305696980337 0.6770855610574625 0.01953125 0.029282576866764276
0 0.6279461464185392 0.6949841248951252 0.01953125 0.029282576866764276
0 0.6384798542837078 0.6612927106124661 0.01953125 0.029282576866764276
0 0.612496708216292 0.7149884021254539 0.01953125 0.029282576866764276
0 0.6160079441713482 0.7423626762301145 0.01953125 0.029282576866764276
0 0.6476090677668538 0.7086712619474553 0.01953125 0.029282576866764276
0 0.6433955846207864 0.7581555266751111 0.01953125 0.029282576866764276
0 0.5619349104634831 0.7655255235494427 0.01953125 0.029282576866764276
0 0.5682551351825842 0.7897412275651039 0.01953125 0.029282576866764276
0 0.5373562587780898 0.7781598039054398 0.01953125 0.029282576866764276
0 0.6602495172050561 0.6623455673087991 0.01953125 0.029282576866764276
0 0.6609517643960674 0.6876141280207935 0.01953125 0.029282576866764276
0 0.6693787306882022 0.6318127231151394 0.01953125 0.029282576866764276
0 0.6630585059691011 0.6139141592774766 0.01953125 0.029282576866764276
0 0.6476090677668538 0.6139141592774766 0.01953125 0.029282576866764276
0 0.6602495172050561 0.5918041686544816 0.01953125 0.029282576866764276
0 0.680614685744382 0.5717998914241528 0.01953125 0.029282576866764276
0 0.6911483936095505 0.5844341717801499 0.01953125 0.029282576866764276
0 0.6883394048455056 0.6128613025811436 0.01953125 0.029282576866764276
0 0.6665697419241572 0.5781170316021513 0.01953125 0.029282576866764276
0 0.7087045733848314 0.627601296329807 0.01953125 0.029282576866764276
0 0.7220472700140449 0.6202312994554752 0.01953125 0.029282576866764276
0 0.7269630003511235 0.5844341717801499 0.01953125 0.029282576866764276
0 0.7480304160814606 0.5939098820471478 0.01953125 0.029282576866764276
0 0.7627776070926966 0.6023327356178125 0.01953125 0.029282576866764276
0 0.7726090677668539 0.5686413213351535 0.01953125 0.029282576866764276
0 0.7880585059691011 0.5612713244608217 0.01953125 0.029282576866764276
0 0.7852495172050561 0.6149670159738098 0.01953125 0.029282576866764276
0 0.7754180565308988 0.6423412900784703 0.01953125 0.029282576866764276
0 0.7360922138342696 0.6570812838271337 0.01953125 0.029282576866764276
0 0.7543506408005617 0.6433941467748033 0.01953125 0.029282576866764276
0 0.7543506408005617 0.6812969878427949 0.01953125 0.029282576866764276
0 0.7901652475421348 0.6834027012354611 0.01953125 0.029282576866764276
0 0.6827214273174157 0.7834240873871053 0.01953125 0.029282576866764276
0 0.6756989554073033 0.7655255235494427 0.01953125 0.029282576866764276
0 0.7108113149578651 0.7434155329264476 0.01953125 0.029282576866764276
0 0.7410079441713482 0.7739483771201076 0.01953125 0.029282576866764276
0 0.7234517643960674 0.7886883708687709 0.01953125 0.029282576866764276
0 0.7726090677668539 0.7781598039054398 0.01953125 0.029282576866764276
0 0.7894630003511235 0.7655255235494427 0.01953125 0.029282576866764276
0 0.7768225509129213 0.738151249444782 0.01953125 0.029282576866764276
0 0.7620753599016853 0.7507855298007794 0.01953125 0.029282576866764276
0 0.7964854722612359 0.7213055423034527 0.01953125 0.029282576866764276
0 0.77612030372191 0.7149884021254539 0.01953125 0.029282576866764276
0 0.7824405284410112 0.6960369815914582 0.01953125 0.029282576866764276
0 0.7473281688904494 0.5665356079424873 0.01953125 0.029282576866764276
0 0.8021034497893258 0.542319903926826 0.01953125 0.029282576866764276
0 0.6939573823735954 0.671821277575797 0.01953125 0.029282576866764276
0 0.5724686183286516 0.6644512807014654 0.01953125 0.029282576866764276
0 0.58862030372191 0.7549969565861117 0.01953125 0.029282576866764276
0 0.6756989554073033 0.649711286952802 0.01953125 0.029282576866764276
0 0.7065978318117977 0.6539227137381344 0.01953125 0.029282576866764276
0 0.7543506408005617 0.7297283958741173 0.01953125 0.029282576866764276
0 0.6332130003511236 0.8639676246565876 0.01953125 0.029282576866764276
0 0.5882691801264044 0.8344876371592609 0.01953125 0.029282576866764276
0 0.5461343486657304 0.8218533568032635 0.01953125 0.029282576866764276
0 0.6837747981039326 0.8639676246565876 0.01953125 0.029282576866764276
0 0.6781568205758426 0.9608304407192325 0.01953125 0.029282576866764276
0 0.7273141239466292 0.8386990639445931 0.01953125 0.029282576866764276
0 0.7399545733848314 0.8134305032325988 0.01953125 0.029282576866764276
0 0.7961343486657304 0.9166104594732425 0.01953125 0.029282576866764276
0 0.866359067766854 0.9334561666145719 0.01953125 0.029282576866764276
0 0.8537186183286516 0.8955533255465804 0.01953125 0.029282576866764276
0 0.8466961464185394 0.8429104907299255 0.01953125 0.029282576866764276
0 0.8438871576544944 0.7439419612746144 0.01953125 0.029282576866764276
0 0.8172017643960674 0.8197476434105974 0.01953125 0.029282576866764276
0 0.8481006408005618 0.6870876996726271 0.01953125 0.029282576866764276
0 0.815797270014045 0.7102505469919552 0.01953125 0.029282576866764276
0 0.9000669329353932 0.7649990952012764 0.01953125 0.029282576866764276
0 0.9225388430477528 0.8113247898399327 0.01953125 0.029282576866764276
0 0.9773141239466292 0.880813331797917 0.01953125 0.029282576866764276
0 0.985741090238764 0.9587247273265663 0.01953125 0.029282576866764276
0 0.9716961464185394 0.8071133630546002 0.01953125 0.029282576866764276
0 0.961864685744382 0.7797390889499397 0.01953125 0.029282576866764276
0 0.9759096295646068 0.7460476746672805 0.01953125 0.029282576866764276
0 0.935179292485955 0.7439419612746144 0.01953125 0.029282576866764276
0 0.8972579441713482 0.7144619737772875 0.01953125 0.029282576866764276
0 0.8818085059691012 0.6955105532432918 0.01953125 0.029282576866764276
0 0.8733815396769662 0.6470791452119693 0.01953125 0.029282576866764276
0 0.9899545733848314 0.8344876371592609 0.01953125 0.029282576866764276
0 0.8298422138342696 0.6218105844999751 0.01953125 0.029282576866764276
0 0.8143927756320224 0.6681362791386314 0.01953125 0.029282576866764276
0 0.8238731127106741 0.49388849589550354 0.01953125 0.029282576866764276
0 0.8393225509129214 0.5044170628588346 0.01953125 0.029282576866764276
0 0.858985472261236 0.5159984865184986 0.01953125 0.029282576866764276
0 0.8744349104634832 0.49915277937716906 0.01953125 0.029282576866764276
0 0.882861876755618 0.5012584927698353 0.01953125 0.029282576866764276
0 0.9039292924859551 0.5138927731258324 0.01953125 0.029282576866764276
0 0.9039292924859551 0.5023113494661683 0.01953125 0.029282576866764276
0 0.9207832250702247 0.5181041999111647 0.01953125 0.029282576866764276
0 0.9523843486657303 0.5212627700001641 0.01953125 0.029282576866764276
0 0.9516821014747191 0.5023113494661683 0.01953125 0.029282576866764276
0 0.9671315396769663 0.5212627700001641 0.01953125 0.029282576866764276
0 0.9910079441713483 0.49915277937716906 0.01953125 0.029282576866764276
0 0.9917101913623596 0.5254741967854965 0.01953125 0.029282576866764276
0 0.9945191801264045 0.5402141905341599 0.01953125 0.029282576866764276
0 0.983985472261236 0.5581127543718225 0.01953125 0.029282576866764276
0 0.9938169329353933 0.5581127543718225 0.01953125 0.029282576866764276
0 0.9671315396769663 0.5728527481204858 0.01953125 0.029282576866764276
0 0.9587045733848315 0.5833813150838169 0.01953125 0.029282576866764276
0 0.9713450228230337 0.597068452136147 0.01953125 0.029282576866764276
0 0.9741540115870787 0.6139141592774766 0.01953125 0.029282576866764276
0 0.9938169329353933 0.6265484396334737 0.01953125 0.029282576866764276
0 0.9783674947331461 0.639182719989471 0.01953125 0.029282576866764276
0 0.96923828125 0.6655041373977985 0.01953125 0.029282576866764276
0 0.9846877194522472 0.7128826887327878 0.01953125 0.029282576866764276
0 0.9594068205758427 0.726569825785118 0.01953125 0.029282576866764276
0 0.9544910902387641 0.6823498445391281 0.01953125 0.029282576866764276
0 0.9264012025983146 0.6802441311464618 0.01953125 0.029282576866764276
0 0.9320191801264045 0.6581341405234667 0.01953125 0.029282576866764276
0 0.9313169329353933 0.6381298632931379 0.01953125 0.029282576866764276
0 0.9488731127106742 0.6412884333821373 0.01953125 0.029282576866764276
0 0.9481708655196629 0.6212841561518083 0.01953125 0.029282576866764276
0 0.9271034497893258 0.6202312994554752 0.01953125 0.029282576866764276
0 0.930614685744382 0.6054913057068119 0.01953125 0.029282576866764276
0 0.9165697419241573 0.5581127543718225 0.01953125 0.029282576866764276
0 0.9039292924859551 0.5454784740158254 0.01953125 0.029282576866764276
0 0.8926933374297753 0.5402141905341599 0.01953125 0.029282576866764276
0 0.8933955846207865 0.5749584615131521 0.01953125 0.029282576866764276
0 0.8940978318117978 0.597068452136147 0.01953125 0.029282576866764276
0 0.9011203037219101 0.6244427262408077 0.01953125 0.029282576866764276
0 0.8821596295646067 0.617072729366476 0.01953125 0.029282576866764276
0 0.8631989554073034 0.5781170316021513 0.01953125 0.029282576866764276
0 0.8547719891151685 0.5475841874084915 0.01953125 0.029282576866764276
0 0.8421315396769663 0.5433727606231591 0.01953125 0.029282576866764276
0 0.8407270452949438 0.5191570566074979 0.01953125 0.029282576866764276
0 0.8287888430477528 0.5360027637488275 0.01953125 0.029282576866764276
0 0.8266821014747191 0.6876141280207935 0.01953125 0.029282576866764276
0 0.858985472261236 0.6433941467748033 0.01953125 0.029282576866764276
0 0.894800079002809 0.6676098507904646 0.01953125 0.029282576866764276
0 0.9678337868679775 0.5381084771414936 0.01953125 0.029282576866764276
0 0.8716259216994382 0.7486798164081131 0.01953125 0.029282576866764276
0 0.8639012025983146 0.7718426637274413 0.01953125 0.029282576866764276
0 0.8196596295646067 0.7507855298007792 0.01953125 0.029282576866764276
0 0.8646034497893259 0.7360455360521159 0.01953125 0.029282576866764276
0 0.8321566129183318 0.9725296665267382 0.01953125 0.029282576866764276
0 0.8771116578733766 0.9815162875192158 0.01953125 0.029282576866764276
0 0.7352535160152347 0.977022977022977 0.01953125 0.029282576866764276
0 0.9330557138174327 0.9725296665267382 0.01953125 0.029282576866764276
