0 0.0074552535295488885 0.5250746896812476 0.01953125 0.03389830508474576
0 0.008771043003233106 0.5194923723058882 0.01953125 0.03389830508474576
0 0.00613946405586468 0.5136563132316491 0.01953125 0.03389830508474576
0 0.008186247681595675 0.5052828371686101 0.01953125 0.03389830508474576
0 0.005993265225455325 0.4920882688268517 0.01953125 0.03389830508474576
0 0.011841218441829596 0.48904336844029206 0.01953125 0.03389830508474576
0 0.014765195050016722 0.497670586202211 0.01953125 0.03389830508474576
0 0.016811978675747716 0.490312076934692 0.01953125 0.03389830508474576
0 0.025437709669899774 0.48523724295709253 0.01953125 0.03389830508474576
0 0.03084706639504597 0.48523724295709253 0.01953125 0.03389830508474576
0 0.03157806054709275 0.5070590290607698 0.01953125 0.03389830508474576
0 0.030408469903817896 0.49893929469661086 0.01953125 0.03389830508474576
0 0.0074552535295488885 0.5118801213394892 0.01953125 0.03389830508474576
0 0.014180399728379301 0.5035066452764503 0.01953125 0.03389830508474576
0 0.020320750605572282 0.5012229699865305 0.01953125 0.03389830508474576
0 0.023244727213759416 0.49310323562237157 0.01953125 0.03389830508474576
0 0.019004961131888074 0.5311644904543668 0.01953125 0.03389830508474576
0 0.024121920196215552 0.5446128004950052 0.01953125 0.03389830508474576
0 0.027045896804402694 0.5354780993353262 0.01953125 0.03389830508474576
0 0.027630692126040118 0.5291345568633271 0.01953125 0.03389830508474576
0 0.028507885108496268 0.5199998557036482 0.01953125 0.03389830508474576
0 0.02821548744767754 0.5024916784809303 0.01953125 0.03389830508474576
0 0.028069288617268193 0.4969093611055711 0.01953125 0.03389830508474576
0 0.028507885108496268 0.4915807854290917 0.01953125 0.03389830508474576
0 0.02909268043013369 0.4849835012582126 0.01953125 0.03389830508474576
0 0.04020379154124479 0.4915807854290917 0.01953125 0.03389830508474576
0 0.043127768149431936 0.4913270437302118 0.01953125 0.03389830508474576
0 0.042250575166975786 0.5022379367820504 0.01953125 0.03389830508474576
0 0.04108098452370094 0.4986855529977308 0.01953125 0.03389830508474576
0 0.03801080908510445 0.4986855529977308 0.01953125 0.03389830508474576
0 0.03552542896814539 0.5070590290607698 0.01953125 0.03389830508474576
0 0.03362484417282375 0.5019841950831705 0.01953125 0.03389830508474576
0 0.0347944348160986 0.5199998557036482 0.01953125 0.03389830508474576
0 0.0347944348160986 0.5131488298338891 0.01953125 0.03389830508474576
0 0.039472797389198004 0.5101039294473294 0.01953125 0.03389830508474576
0 0.03508683247691731 0.5570461437401235 0.01953125 0.03389830508474576
0 0.030262271073408533 0.5390304831196459 0.01953125 0.03389830508474576
0 0.03406344066405181 0.537761774625246 0.01953125 0.03389830508474576
0 0.0404961892020635 0.5339556491420464 0.01953125 0.03389830508474576
0 0.042396773997385145 0.5390304831196459 0.01953125 0.03389830508474576
0 0.04078858686288223 0.545374025591645 0.01953125 0.03389830508474576
0 0.041519581014929 0.5562849186434837 0.01953125 0.03389830508474576
0 0.04956051668744363 0.5364930661308461 0.01953125 0.03389830508474576
0 0.048098528383350055 0.5278658483689272 0.01953125 0.03389830508474576
0 0.0425429728277945 0.5250746896812476 0.01953125 0.03389830508474576
0 0.04078858686288223 0.5159399885215686 0.01953125 0.03389830508474576
0 0.04342016581025065 0.5106114128450894 0.01953125 0.03389830508474576
0 0.045613148266390985 0.49995426149213074 0.01953125 0.03389830508474576
0 0.04590554592720972 0.4941182024178914 0.01953125 0.03389830508474576
0 0.05073010733071849 0.49259575222461166 0.01953125 0.03389830508474576
0 0.05409268043013369 0.48980459353693195 0.01953125 0.03389830508474576
0 0.04692893774007521 0.4885358850425321 0.01953125 0.03389830508474576
0 0.048975721365806205 0.48904336844029206 0.01953125 0.03389830508474576
0 0.050583908500309124 0.48955085183805197 0.01953125 0.03389830508474576
0 0.05818624768159568 0.49310323562237157 0.01953125 0.03389830508474576
0 0.06184121844182959 0.48955085183805197 0.01953125 0.03389830508474576
0 0.06315700791551379 0.49893929469661086 0.01953125 0.03389830508474576
0 0.05950203715527989 0.5004617448898906 0.01953125 0.03389830508474576
0 0.062426013763467014 0.5047753537708501 0.01953125 0.03389830508474576
0 0.05701665703832082 0.5083277375551696 0.01953125 0.03389830508474576
0 0.05380028276931498 0.4984318112988509 0.01953125 0.03389830508474576
0 0.05380028276931498 0.5052828371686101 0.01953125 0.03389830508474576
0 0.052484493295630756 0.521268564198048 0.01953125 0.03389830508474576
0 0.05029151083949041 0.5093427043506895 0.01953125 0.03389830508474576
0 0.05292308978685883 0.5118801213394892 0.01953125 0.03389830508474576
0 0.047221335400893925 0.5172086970159685 0.01953125 0.03389830508474576
0 0.05131490265235591 0.553747501654684 0.01953125 0.03389830508474576
0 0.055847066395045976 0.5357318410342062 0.01953125 0.03389830508474576
0 0.06096402545937346 0.5397917082162857 0.01953125 0.03389830508474576
0 0.05935583832487052 0.530403265357727 0.01953125 0.03389830508474576
0 0.06140262195060152 0.520761080800288 0.01953125 0.03389830508474576
0 0.06052542896814538 0.5265971398745275 0.01953125 0.03389830508474576
0 0.06534999037165415 0.5197461140047682 0.01953125 0.03389830508474576
0 0.06461899621960737 0.5101039294473294 0.01953125 0.03389830508474576
0 0.06725057516697579 0.5012229699865305 0.01953125 0.03389830508474576
0 0.06710437633656643 0.4920882688268517 0.01953125 0.03389830508474576
0 0.07397572136580621 0.48878962674141213 0.01953125 0.03389830508474576
0 0.07119794358802843 0.48904336844029206 0.01953125 0.03389830508474576
0 0.07938507809095241 0.48955085183805197 0.01953125 0.03389830508474576
0 0.07631490265235591 0.4885358850425321 0.01953125 0.03389830508474576
0 0.07134414241843777 0.4862522097526124 0.01953125 0.03389830508474576
0 0.07339092604416876 0.49614813600893115 0.01953125 0.03389830508474576
0 0.070613148266391 0.5078202541574097 0.01953125 0.03389830508474576
0 0.07923887926054304 0.5007154865887706 0.01953125 0.03389830508474576
0 0.07543770966989975 0.5136563132316491 0.01953125 0.03389830508474576
0 0.08026227107340853 0.5093427043506895 0.01953125 0.03389830508474576
0 0.08245525352954888 0.49995426149213074 0.01953125 0.03389830508474576
0 0.08113946405586468 0.4948794275145313 0.01953125 0.03389830508474576
0 0.0801160722429992 0.4920882688268517 0.01953125 0.03389830508474576
0 0.08464823598568924 0.48955085183805197 0.01953125 0.03389830508474576
0 0.08201665703832083 0.4786399587862133 0.01953125 0.03389830508474576
0 0.09166577984533837 0.4859984680537324 0.01953125 0.03389830508474576
0 0.06681197867574772 0.5555236935468437 0.01953125 0.03389830508474576
0 0.08113946405586468 0.5542549850524439 0.01953125 0.03389830508474576
0 0.07763069212604011 0.545120283892765 0.01953125 0.03389830508474576
0 0.06681197867574772 0.537254291227486 0.01953125 0.03389830508474576
0 0.06564238803247287 0.5248209479823677 0.01953125 0.03389830508474576
0 0.070613148266391 0.5225372726924478 0.01953125 0.03389830508474576
0 0.0749991131786717 0.521268564198048 0.01953125 0.03389830508474576
0 0.08084706639504595 0.520761080800288 0.01953125 0.03389830508474576
0 0.0749991131786717 0.5306570070566068 0.01953125 0.03389830508474576
0 0.08347864534241439 0.5314182321532468 0.01953125 0.03389830508474576
0 0.08347864534241439 0.5400454499151657 0.01953125 0.03389830508474576
0 0.08888800206756059 0.5321794572498867 0.01953125 0.03389830508474576
0 0.08391724183364246 0.5225372726924478 0.01953125 0.03389830508474576
0 0.0884494055763325 0.5225372726924478 0.01953125 0.03389830508474576
0 0.08537923013773603 0.5164474719193286 0.01953125 0.03389830508474576
0 0.08640262195060151 0.5101039294473294 0.01953125 0.03389830508474576
0 0.0855254289681454 0.49614813600893115 0.01953125 0.03389830508474576
0 0.09034999037165417 0.4994467780943707 0.01953125 0.03389830508474576
0 0.09181197867574771 0.4933569773212515 0.01953125 0.03389830508474576
0 0.09780613072253136 0.4920882688268517 0.01953125 0.03389830508474576
0 0.09619794358802843 0.5047753537708501 0.01953125 0.03389830508474576
0 0.09970671551785298 0.4994467780943707 0.01953125 0.03389830508474576
0 0.09064238803247286 0.5042678703730902 0.01953125 0.03389830508474576
0 0.09108098452370092 0.5126413464361291 0.01953125 0.03389830508474576
0 0.09488215411434421 0.521776047595808 0.01953125 0.03389830508474576
0 0.0902037915412448 0.5514638263647643 0.01953125 0.03389830508474576
0 0.0986833237049875 0.537761774625246 0.01953125 0.03389830508474576
0 0.10292308978685882 0.5225372726924478 0.01953125 0.03389830508474576
0 0.1010225049915372 0.5154325051238087 0.01953125 0.03389830508474576
0 0.10116870382194657 0.5065515456630099 0.01953125 0.03389830508474576
0 0.10453127692136176 0.49995426149213074 0.01953125 0.03389830508474576
0 0.10423887926054304 0.48955085183805197 0.01953125 0.03389830508474576
0 0.10394648159972433 0.473565124808614 0.01953125 0.03389830508474576
0 0.10847864534241439 0.4913270437302118 0.01953125 0.03389830508474576
0 0.10994063364650795 0.48955085183805197 0.01953125 0.03389830508474576
0 0.11169501961142025 0.49386446071901147 0.01953125 0.03389830508474576
0 0.11549618920206352 0.4877746599458922 0.01953125 0.03389830508474576
0 0.11593478569329158 0.5007154865887706 0.01953125 0.03389830508474576
0 0.11242601376346704 0.5017304533842905 0.01953125 0.03389830508474576
0 0.10789385002077696 0.50553657886749 0.01953125 0.03389830508474576
0 0.11081782662896411 0.521522305896928 0.01953125 0.03389830508474576
0 0.10687045820791148 0.5108651545439693 0.01953125 0.03389830508474576
0 0.1131570079155138 0.5111188962428493 0.01953125 0.03389830508474576
0 0.11140262195060152 0.5090889626518096 0.01953125 0.03389830508474576
0 0.11432659855878867 0.5078202541574097 0.01953125 0.03389830508474576
0 0.10789385002077696 0.5342093908409263 0.01953125 0.03389830508474576
0 0.1064318617166834 0.5430903503017253 0.01953125 0.03389830508474576
0 0.10496987341258981 0.5496876344726044 0.01953125 0.03389830508474576
0 0.09663654007925648 0.5567924020412435 0.01953125 0.03389830508474576
0 0.09795232955294073 0.5491801510748444 0.01953125 0.03389830508474576
0 0.1182739669798413 0.5408066750118057 0.01953125 0.03389830508474576
0 0.11695817750615708 0.521776047595808 0.01953125 0.03389830508474576
0 0.12032075060557229 0.5253284313801276 0.01953125 0.03389830508474576
0 0.12353712487457813 0.521776047595808 0.01953125 0.03389830508474576
0 0.11871256347106936 0.5128950881350092 0.01953125 0.03389830508474576
0 0.1229523295529407 0.5088352209529295 0.01953125 0.03389830508474576
0 0.1229523295529407 0.49665561940669106 0.01953125 0.03389830508474576
0 0.11944355762311613 0.5017304533842905 0.01953125 0.03389830508474576
0 0.12002835294475356 0.49310323562237157 0.01953125 0.03389830508474576
0 0.12251373306171265 0.48802840164477224 0.01953125 0.03389830508474576
0 0.11900496113188808 0.4877746599458922 0.01953125 0.03389830508474576
0 0.11988215411434423 0.48447601786045263 0.01953125 0.03389830508474576
0 0.02609560440674184 0.5715094205762817 0.01953125 0.03389830508474576
0 0.025072212593876358 0.7125898051535442 0.01953125 0.03389830508474576
0 0.03208975645352548 0.6699611997417094 0.01953125 0.03389830508474576
0 0.020101452359958222 0.6506768306268319 0.01953125 0.03389830508474576
0 0.035306130722531325 0.616167959579156 0.01953125 0.03389830508474576
0 0.026826598558788623 0.5907937896911594 0.01953125 0.03389830508474576
0 0.04670963949446116 0.5994210074530782 0.01953125 0.03389830508474576
0 0.05343478569329156 0.5887638561001196 0.01953125 0.03389830508474576
0 0.04437045820791143 0.5755692877583611 0.01953125 0.03389830508474576
0 0.07156344066405178 0.5872414059068398 0.01953125 0.03389830508474576
0 0.08150496113188802 0.578106704747161 0.01953125 0.03389830508474576
0 0.089692095634812 0.5710019371785218 0.01953125 0.03389830508474576
0 0.08033537048861318 0.6146455093858764 0.01953125 0.03389830508474576
0 0.09992601376346696 0.6176904097724359 0.01953125 0.03389830508474576
0 0.07682659855878861 0.6542292144111513 0.01953125 0.03389830508474576
0 0.06688507809095237 0.673513583526029 0.01953125 0.03389830508474576
0 0.08647572136580615 0.6648863657641101 0.01953125 0.03389830508474576
0 0.10343478569329154 0.7323816576661816 0.01953125 0.03389830508474576
0 0.131504961131888 0.6862006684700275 0.01953125 0.03389830508474576
0 0.11951665703832079 0.5892713394978795 0.01953125 0.03389830508474576
0 0.12185583832487047 0.5638971696098827 0.01953125 0.03389830508474576
0 0.12390262195060148 0.5572998854390036 0.01953125 0.03389830508474576
0 0.12828858686288216 0.5578073688367635 0.01953125 0.03389830508474576
0 0.1344289377400752 0.546135250688285 0.01953125 0.03389830508474576
0 0.141738879260543 0.5542549850524439 0.01953125 0.03389830508474576
0 0.1323821541143442 0.5745543209628414 0.01953125 0.03389830508474576
0 0.1338441424184377 0.5628822028143629 0.01953125 0.03389830508474576
0 0.14290846990381786 0.5679570367919622 0.01953125 0.03389830508474576
0 0.1510956044067418 0.5745543209628414 0.01953125 0.03389830508474576
0 0.15899034124884712 0.5887638561001196 0.01953125 0.03389830508474576
0 0.15138800206756053 0.6263176275343549 0.01953125 0.03389830508474576
0 0.15314238803247282 0.6603190151842705 0.01953125 0.03389830508474576
0 0.16834706639504593 0.6136305425903564 0.01953125 0.03389830508474576
0 0.1806277681494319 0.6212427935567555 0.01953125 0.03389830508474576
0 0.1747798149330576 0.6872156352655472 0.01953125 0.03389830508474576
0 0.14466285586873015 0.7237544399042628 0.01953125 0.03389830508474576
0 0.16162192019621552 0.7440537758146601 0.01953125 0.03389830508474576
0 0.05796694943598172 0.7937871487951339 0.01953125 0.03389830508474576
0 0.10241139388042614 0.7998769495682532 0.01953125 0.03389830508474576
0 0.143347066395046 0.8161164182965712 0.01953125 0.03389830508474576
0 0.07317162779855477 0.9643015704424728 0.01953125 0.03389830508474576
0 0.24744063364650795 0.8668647580725647 0.01953125 0.03389830508474576
0 0.2649844932956308 0.7389789418370607 0.01953125 0.03389830508474576
0 0.2298967739973852 0.7430388090191403 0.01953125 0.03389830508474576
0 0.36790846990381787 0.8932538947560815 0.01953125 0.03389830508474576
0 0.31995525352954896 0.8790443596188031 0.01953125 0.03389830508474576
0 0.3971482359856892 0.7998769495682532 0.01953125 0.03389830508474576
0 0.4287271833541103 0.7511585433832992 0.01953125 0.03389830508474576
0 0.35855174475761903 0.7065000043804248 0.01953125 0.03389830508474576
0 0.4696628558687302 0.8161164182965712 0.01953125 0.03389830508474576
0 0.494224259377502 0.6963503364252261 0.01953125 0.03389830508474576
0 0.4521189962196073 0.7004102036073057 0.01953125 0.03389830508474576
0 0.5258032067459232 0.7166496723356237 0.01953125 0.03389830508474576
0 0.5842827389096658 0.8465654221621673 0.01953125 0.03389830508474576
0 0.6532885868628822 0.7958170823861737 0.01953125 0.03389830508474576
0 0.6918850780909523 0.8364157542069686 0.01953125 0.03389830508474576
0 0.7351599318921219 0.7653680785205774 0.01953125 0.03389830508474576
0 0.8076745517751627 0.7572483441564186 0.01953125 0.03389830508474576
0 0.8088441424184376 0.8445354885711276 0.01953125 0.03389830508474576
0 0.8626453120090808 0.7917572152040941 0.01953125 0.03389830508474576
0 0.8404230897868586 0.7247694066997825 0.01953125 0.03389830508474576
0 0.8801891716582037 0.7024401371983453 0.01953125 0.03389830508474576
0 0.9105985283833498 0.7004102036073057 0.01953125 0.03389830508474576
0 0.9304815693190225 0.7146197387445838 0.01953125 0.03389830508474576
0 0.9620605166874434 0.7247694066997825 0.01953125 0.03389830508474576
0 0.9503646102546949 0.8709246252546444 0.01953125 0.03389830508474576
0 0.9842827389096657 0.927762765803757 0.01953125 0.03389830508474576
0 0.9877915108394901 0.6537217310133914 0.01953125 0.03389830508474576
0 0.957382154114344 0.6719911333327493 0.01953125 0.03389830508474576
0 0.9351599318921219 0.6679312661506696 0.01953125 0.03389830508474576
0 0.9094289377400748 0.6598115317865108 0.01953125 0.03389830508474576
0 0.8918850780909523 0.6882306020610671 0.01953125 0.03389830508474576
0 0.886037124874578 0.6577815981954709 0.01953125 0.03389830508474576
0 0.876680399728379 0.6862006684700275 0.01953125 0.03389830508474576
0 0.8474406336465078 0.6638713989685903 0.01953125 0.03389830508474576
0 0.7924698734125897 0.6719911333327493 0.01953125 0.03389830508474576
0 0.7971482359856891 0.625302660738835 0.01953125 0.03389830508474576
0 0.8076745517751627 0.6050033248284375 0.01953125 0.03389830508474576
0 0.12960437633656635 0.5194923723058882 0.01953125 0.03389830508474576
0 0.12755759271083536 0.5116263796406092 0.01953125 0.03389830508474576
0 0.13194355762311605 0.5037603869753302 0.01953125 0.03389830508474576
0 0.12682659855878856 0.4984318112988509 0.01953125 0.03389830508474576
0 0.12638800206756048 0.48752091824701227 0.01953125 0.03389830508474576
0 0.1300429728277944 0.4859984680537324 0.01953125 0.03389830508474576
0 0.13018917165820376 0.49183452712797165 0.01953125 0.03389830508474576
0 0.13062776814943183 0.4941182024178914 0.01953125 0.03389830508474576
0 0.13267455177516282 0.49183452712797165 0.01953125 0.03389830508474576
0 0.1344289377400751 0.48549098465597246 0.01953125 0.03389830508474576
0 0.13852250499153712 0.48955085183805197 0.01953125 0.03389830508474576
0 0.13457513657048445 0.49995426149213074 0.01953125 0.03389830508474576
0 0.1446628558687301 0.49284949392349153 0.01953125 0.03389830508474576
0 0.14349326522545522 0.48726717654813223 0.01953125 0.03389830508474576
0 0.1500722125938763 0.4920882688268517 0.01953125 0.03389830508474576
0 0.14714823598568913 0.4923420105257316 0.01953125 0.03389830508474576
0 0.1527037915412447 0.4829535676671728 0.01953125 0.03389830508474576
0 0.14875642312019208 0.4849835012582126 0.01953125 0.03389830508474576
0 0.15518917165820376 0.4824460842694128 0.01953125 0.03389830508474576
0 0.15489677399738505 0.48650595145149234 0.01953125 0.03389830508474576
0 0.15621256347106927 0.49081956033245183 0.01953125 0.03389830508474576
0 0.15168039972837918 0.49538691091229126 0.01953125 0.03389830508474576
0 0.15241139388042596 0.48650595145149234 0.01953125 0.03389830508474576
0 0.13574472721375933 0.537761774625246 0.01953125 0.03389830508474576
0 0.1341365400792564 0.5342093908409263 0.01953125 0.03389830508474576
0 0.1297505751669757 0.5352243576364463 0.01953125 0.03389830508474576
0 0.13384414241843767 0.5253284313801276 0.01953125 0.03389830508474576
0 0.1372067155178529 0.5179699221126085 0.01953125 0.03389830508474576
0 0.13939969797399324 0.5151787634249289 0.01953125 0.03389830508474576
0 0.14027689095644938 0.5062978039641299 0.01953125 0.03389830508474576
0 0.14407806054709266 0.5080739958562897 0.01953125 0.03389830508474576
0 0.14744063364650786 0.49995426149213074 0.01953125 0.03389830508474576
0 0.14437045820791136 0.49893929469661075 0.01953125 0.03389830508474576
0 0.14846402545937334 0.49665561940669106 0.01953125 0.03389830508474576
0 0.14232367458218037 0.5306570070566068 0.01953125 0.03389830508474576
0 0.14612484417282365 0.5281195900678072 0.01953125 0.03389830508474576
0 0.14100788510849616 0.5192386306070083 0.01953125 0.03389830508474576
0 0.14451665703832073 0.5194923723058882 0.01953125 0.03389830508474576
0 0.14583244651200494 0.5151787634249289 0.01953125 0.03389830508474576
0 0.1506570079155137 0.5182236638114884 0.01953125 0.03389830508474576
0 0.1472944348160985 0.5177161804137285 0.01953125 0.03389830508474576
0 0.15314238803247276 0.5123876047372492 0.01953125 0.03389830508474576
0 0.1496336161026482 0.5065515456630099 0.01953125 0.03389830508474576
0 0.15869794358802833 0.5019841950831704 0.01953125 0.03389830508474576
0 0.16293770966989968 0.5042678703730902 0.01953125 0.03389830508474576
0 0.16673887926054293 0.49183452712797165 0.01953125 0.03389830508474576
0 0.1699552535295488 0.49031207693469187 0.01953125 0.03389830508474576
0 0.17010145235995813 0.4984318112988509 0.01953125 0.03389830508474576
0 0.17156344066405171 0.49538691091229126 0.01953125 0.03389830508474576
0 0.16907806054709265 0.4941182024178914 0.01953125 0.03389830508474576
0 0.1674698734125897 0.5042678703730902 0.01953125 0.03389830508474576
0 0.16396110148276516 0.513402571532769 0.01953125 0.03389830508474576
0 0.1674698734125897 0.513402571532769 0.01953125 0.03389830508474576
0 0.16030613072253125 0.514417538328289 0.01953125 0.03389830508474576
0 0.15840554592720962 0.5268508815734073 0.01953125 0.03389830508474576
0 0.15197279738919792 0.5258359147778875 0.01953125 0.03389830508474576
0 0.14670963949446109 0.538269258023006 0.01953125 0.03389830508474576
0 0.15899034124884703 0.561359752621083 0.01953125 0.03389830508474576
0 0.15840554592720962 0.5522250514614042 0.01953125 0.03389830508474576
0 0.15416577984533827 0.538269258023006 0.01953125 0.03389830508474576
0 0.1648382944652213 0.5392842248185258 0.01953125 0.03389830508474576
0 0.1699552535295488 0.5298957819599668 0.01953125 0.03389830508474576
0 0.16498449329563067 0.5276121066700472 0.01953125 0.03389830508474576
0 0.16907806054709265 0.5227910143913279 0.01953125 0.03389830508474576
0 0.1706862476815956 0.5182236638114884 0.01953125 0.03389830508474576
0 0.17302542896814527 0.5052828371686101 0.01953125 0.03389830508474576
0 0.17653420089796984 0.5024916784809303 0.01953125 0.03389830508474576
0 0.17799618920206342 0.5009692282876506 0.01953125 0.03389830508474576
0 0.1766803997283792 0.49817806959997096 0.01953125 0.03389830508474576
0 0.17858098452370083 0.49310323562237157 0.01953125 0.03389830508474576
0 0.18179735879270667 0.5009692282876506 0.01953125 0.03389830508474576
0 0.18501373306171254 0.4984318112988509 0.01953125 0.03389830508474576
0 0.1872067155178529 0.5037603869753302 0.01953125 0.03389830508474576
0 0.18823010733071838 0.49716310280445103 0.01953125 0.03389830508474576
0 0.18399034124884703 0.5098501877484494 0.01953125 0.03389830508474576
0 0.18530613072253124 0.5083277375551696 0.01953125 0.03389830508474576
0 0.17887338218451956 0.5179699221126085 0.01953125 0.03389830508474576
0 0.1762418032371511 0.5281195900678072 0.01953125 0.03389830508474576
0 0.17170963949446108 0.5578073688367635 0.01953125 0.03389830508474576
0 0.1845751365704845 0.5400454499151657 0.01953125 0.03389830508474576
0 0.16337630616112772 0.5755692877583611 0.01953125 0.03389830508474576
0 0.19144648159972422 0.5281195900678072 0.01953125 0.03389830508474576
0 0.19144648159972422 0.5565386603423635 0.01953125 0.03389830508474576
0 0.1879377096698997 0.5755692877583611 0.01953125 0.03389830508474576
0 0.18896110148276518 0.5370005495286061 0.01953125 0.03389830508474576
0 0.18603712487457802 0.5253284313801276 0.01953125 0.03389830508474576
0 0.1899844932956307 0.5179699221126085 0.01953125 0.03389830508474576
0 0.1972944348160985 0.521776047595808 0.01953125 0.03389830508474576
0 0.19714823598568915 0.529388298562207 0.01953125 0.03389830508474576
0 0.1959786453424143 0.5161937302204486 0.01953125 0.03389830508474576
0 0.19670963949446107 0.50553657886749 0.01953125 0.03389830508474576
0 0.19861022428978273 0.4991930363954908 0.01953125 0.03389830508474576
0 0.1939318617166833 0.5009692282876506 0.01953125 0.03389830508474576
0 0.19232367458218036 0.5047753537708501 0.01953125 0.03389830508474576
0 0.1993412184418295 0.49107330203133176 0.01953125 0.03389830508474576
0 0.1874991131786716 0.48650595145149234 0.01953125 0.03389830508474576
0 0.1972944348160985 0.48168485917277293 0.01953125 0.03389830508474576
0 0.19276227107340846 0.48016240897949314 0.01953125 0.03389830508474576
0 0.20021841142428565 0.4761025417974136 0.01953125 0.03389830508474576
0 0.20080320674592309 0.47255015801309413 0.01953125 0.03389830508474576
0 0.20694355762311606 0.4672215823366148 0.01953125 0.03389830508474576
0 0.2107447272137593 0.4672215823366148 0.01953125 0.03389830508474576
0 0.20401958101492892 0.4991930363954908 0.01953125 0.03389830508474576
0 0.20899034124884705 0.49031207693469187 0.01953125 0.03389830508474576
0 0.21089092604416868 0.5012229699865305 0.01953125 0.03389830508474576
0 0.2081131482663909 0.5098501877484494 0.01953125 0.03389830508474576
0 0.2107447272137593 0.5210148224991681 0.01953125 0.03389830508474576
0 0.20416577984533826 0.5174624387148484 0.01953125 0.03389830508474576
0 0.20109560440674176 0.5342093908409263 0.01953125 0.03389830508474576
0 0.20562776814943184 0.5271046232722872 0.01953125 0.03389830508474576
0 0.20124180323715113 0.5489264093759645 0.01953125 0.03389830508474576
0 0.20328858686288212 0.5636434279110027 0.01953125 0.03389830508474576
0 0.1901306921260401 0.6740210669237889 0.01953125 0.03389830508474576
0 0.21586168627808694 0.6050033248284375 0.01953125 0.03389830508474576
0 0.2529961892020634 0.6618203568826696 0.01953125 0.03389830508474576
0 0.2220020371552798 0.6689251244513088 0.01953125 0.03389830508474576
0 0.22214823598568917 0.46341545685341506 0.01953125 0.03389830508474576
0 0.2206862476815956 0.4700127410242942 0.01953125 0.03389830508474576
0 0.22565700791551374 0.4679828074332545 0.01953125 0.03389830508474576
0 0.23106636464065994 0.4710277078198141 0.01953125 0.03389830508474576
0 0.23355174475761897 0.4664603572399747 0.01953125 0.03389830508474576
0 0.23472133540089385 0.4629079734556551 0.01953125 0.03389830508474576
0 0.2423236745821804 0.4649379070466949 0.01953125 0.03389830508474576
0 0.25036461025469503 0.45986307306909546 0.01953125 0.03389830508474576
0 0.2480254289681453 0.4593555896713356 0.01953125 0.03389830508474576
0 0.2513880020675605 0.4674753240354945 0.01953125 0.03389830508474576
0 0.2597213354008938 0.4530120471993364 0.01953125 0.03389830508474576
0 0.26103712487457803 0.45757939777917583 0.01953125 0.03389830508474576
0 0.2642534991435839 0.45757939777917583 0.01953125 0.03389830508474576
0 0.2676160722429991 0.4555494641881361 0.01953125 0.03389830508474576
0 0.2711248441728237 0.45453449739261614 0.01953125 0.03389830508474576
0 0.2758032067459231 0.4555494641881361 0.01953125 0.03389830508474576
0 0.28077396697984125 0.455803205887016 0.01953125 0.03389830508474576
0 0.2834055459272096 0.4537732722959763 0.01953125 0.03389830508474576
0 0.2750722125938763 0.4644304236489349 0.01953125 0.03389830508474576
0 0.27390262195060144 0.4585943645746957 0.01953125 0.03389830508474576
0 0.26688507809095235 0.4656991321433348 0.01953125 0.03389830508474576
0 0.21513069212604002 0.4948794275145312 0.01953125 0.03389830508474576
0 0.2186394640558646 0.4826998259682927 0.01953125 0.03389830508474576
0 0.2108909260441687 0.47255015801309397 0.01953125 0.03389830508474576
0 0.23208975645352545 0.48498350125821243 0.01953125 0.03389830508474576
0 0.2720020371552798 0.4786399587862131 0.01953125 0.03389830508474576
0 0.252411393880426 0.47458009160413367 0.01953125 0.03389830508474576
0 0.2477330313073266 0.48244608426941266 0.01953125 0.03389830508474576
0 0.24407806054709266 0.47229641631421404 0.01953125 0.03389830508474576
0 0.212645312009081 0.5415679001084452 0.01953125 0.03389830508474576
0 0.21103712487457804 0.5504488595692443 0.01953125 0.03389830508474576
0 0.2145458968044026 0.5293882985622068 0.01953125 0.03389830508474576
0 0.21937045820791137 0.5268508815734071 0.01953125 0.03389830508474576
0 0.21937045820791137 0.5220297892946877 0.01953125 0.03389830508474576
0 0.21937045820791137 0.5154325051238086 0.01953125 0.03389830508474576
0 0.21980905469913947 0.5073127707596495 0.01953125 0.03389830508474576
0 0.21688507809095234 0.5022379367820502 0.01953125 0.03389830508474576
0 0.2203938500207769 0.5012229699865303 0.01953125 0.03389830508474576
0 0.22185583832487046 0.49589439431005095 0.01953125 0.03389830508474576
0 0.22477981493305757 0.49158078542909156 0.01953125 0.03389830508474576
0 0.22141724183364236 0.5433440920006052 0.01953125 0.03389830508474576
0 0.225364610254695 0.535224357636446 0.01953125 0.03389830508474576
0 0.22653420089796988 0.5286270734655669 0.01953125 0.03389830508474576
0 0.2230254289681453 0.5227910143913277 0.01953125 0.03389830508474576
0 0.22551080908510437 0.5205073391014079 0.01953125 0.03389830508474576
0 0.22477981493305757 0.5149250217260486 0.01953125 0.03389830508474576
0 0.2250722125938763 0.5055365788674898 0.01953125 0.03389830508474576
0 0.22638800206756052 0.4984318112988507 0.01953125 0.03389830508474576
0 0.2278499903716541 0.4928494939234914 0.01953125 0.03389830508474576
0 0.2307739669798412 0.5651658781042824 0.01953125 0.03389830508474576
0 0.2332593470968003 0.5415679001084452 0.01953125 0.03389830508474576
0 0.24086168627808682 0.5687182618886019 0.01953125 0.03389830508474576
0 0.24144648159972426 0.5443590587961249 0.01953125 0.03389830508474576
0 0.2372067155178529 0.5385229997218857 0.01953125 0.03389830508474576
0 0.23837630616112776 0.528119590067807 0.01953125 0.03389830508474576
0 0.24320086756463652 0.5169549553170885 0.01953125 0.03389830508474576
0 0.2418850780909523 0.5207610808002879 0.01953125 0.03389830508474576
0 0.2353061307225313 0.5161937302204485 0.01953125 0.03389830508474576
0 0.23559852838334996 0.5062978039641297 0.01953125 0.03389830508474576
0 0.23457513657048448 0.4991930363954906 0.01953125 0.03389830508474576
0 0.2298967739973851 0.49741684450333085 0.01953125 0.03389830508474576
0 0.23442893774007512 0.4885358850425319 0.01953125 0.03389830508474576
0 0.23779151083949032 0.4898045935369318 0.01953125 0.03389830508474576
0 0.23165115996229735 0.48752091824701205 0.01953125 0.03389830508474576
0 0.23837630616112776 0.5009692282876503 0.01953125 0.03389830508474576
0 0.24144648159972426 0.49817806959997074 0.01953125 0.03389830508474576
0 0.24349326522545525 0.4920882688268515 0.01953125 0.03389830508474576
0 0.24758683247691723 0.49589439431005095 0.01953125 0.03389830508474576
0 0.24861022428978272 0.5080739958562894 0.01953125 0.03389830508474576
0 0.24290846990381784 0.5083277375551694 0.01953125 0.03389830508474576
0 0.2534347856932915 0.5702407120818819 0.01953125 0.03389830508474576
0 0.2629377096698997 0.5692257452863618 0.01953125 0.03389830508474576
0 0.258551744757619 0.5557774352457235 0.01953125 0.03389830508474576
0 0.2629377096698997 0.5433440920006052 0.01953125 0.03389830508474576
0 0.254458177506157 0.5456277672905248 0.01953125 0.03389830508474576
0 0.24685583832487046 0.535224357636446 0.01953125 0.03389830508474576
0 0.2543119786757476 0.5304032653577267 0.01953125 0.03389830508474576
0 0.25168039972837924 0.5174624387148484 0.01953125 0.03389830508474576
0 0.26132952253539676 0.5167012136182084 0.01953125 0.03389830508474576
0 0.26279151083949037 0.5075665124585296 0.01953125 0.03389830508474576
0 0.25884414241843773 0.5055365788674898 0.01953125 0.03389830508474576
0 0.2534347856932915 0.5035066452764501 0.01953125 0.03389830508474576
0 0.24904882078101082 0.4991930363954906 0.01953125 0.03389830508474576
0 0.2551891716582038 0.4905658186335717 0.01953125 0.03389830508474576
0 0.25869794358802833 0.48878962674141185 0.01953125 0.03389830508474576
0 0.25869794358802833 0.48117737577501285 0.01953125 0.03389830508474576
0 0.2567973587927067 0.49741684450333085 0.01953125 0.03389830508474576
0 0.25942893774007514 0.4948794275145312 0.01953125 0.03389830508474576
0 0.26147572136580616 0.5019841950831703 0.01953125 0.03389830508474576
0 0.2629377096698997 0.4976705862022108 0.01953125 0.03389830508474576
0 0.2591365400792564 0.49817806959997074 0.01953125 0.03389830508474576
0 0.2730254289681453 0.5702407120818819 0.01953125 0.03389830508474576
0 0.27390262195060144 0.5471502174838047 0.01953125 0.03389830508474576
0 0.27638800206756053 0.5405529333129254 0.01953125 0.03389830508474576
0 0.27755759271083535 0.535731841034206 0.01953125 0.03389830508474576
0 0.2714172418336424 0.5326869406476463 0.01953125 0.03389830508474576
0 0.2718558383248705 0.5260896564767672 0.01953125 0.03389830508474576
0 0.27624180323715114 0.5220297892946877 0.01953125 0.03389830508474576
0 0.2664464815997243 0.5134025715327689 0.01953125 0.03389830508474576
0 0.2701014523599582 0.511372637941729 0.01953125 0.03389830508474576
0 0.2758032067459231 0.511372637941729 0.01953125 0.03389830508474576
0 0.26849326522545525 0.5055365788674898 0.01953125 0.03389830508474576
0 0.2690780605470927 0.49817806959997074 0.01953125 0.03389830508474576
0 0.2718558383248705 0.5004617448898905 0.01953125 0.03389830508474576
0 0.2665926804301336 0.4933569773212514 0.01953125 0.03389830508474576
0 0.2699552535295488 0.4941182024178912 0.01953125 0.03389830508474576
0 0.2706862476815956 0.49386446071901124 0.01953125 0.03389830508474576
0 0.2740488207810108 0.49310323562237135 0.01953125 0.03389830508474576
0 0.2791657798453383 0.4946256858156512 0.01953125 0.03389830508474576
0 0.2810663646406599 0.49031207693469175 0.01953125 0.03389830508474576
0 0.28238215411434414 0.4976705862022108 0.01953125 0.03389830508474576
0 0.2810663646406599 0.50401412867421 0.01953125 0.03389830508474576
0 0.27638800206756053 0.49741684450333085 0.01953125 0.03389830508474576
0 0.2810663646406599 0.5149250217260486 0.01953125 0.03389830508474576
0 0.2785809845237009 0.5174624387148484 0.01953125 0.03389830508474576
0 0.2803353704886131 0.5255821730790072 0.01953125 0.03389830508474576
0 0.28238215411434414 0.5304032653577267 0.01953125 0.03389830508474576
0 0.28194355762311607 0.5628822028143626 0.01953125 0.03389830508474576
0 0.28135876230147866 0.551717568063644 0.01953125 0.03389830508474576
0 0.26790846990381784 0.5918087564866792 0.01953125 0.03389830508474576
0 0.2778499903716541 0.5786141881449207 0.01953125 0.03389830508474576
0 0.2825283529447535 0.5938386900777187 0.01953125 0.03389830508474576
0 0.2971482359856892 0.5897788228956393 0.01953125 0.03389830508474576
0 0.30299618920206345 0.616167959579156 0.01953125 0.03389830508474576
0 0.30416577984533827 0.6029733912373977 0.01953125 0.03389830508474576
0 0.2720020371552798 0.6283475611253945 0.01953125 0.03389830508474576
0 0.2971482359856892 0.6537217310133914 0.01953125 0.03389830508474576
0 0.33223595528393485 0.680110867696908 0.01953125 0.03389830508474576
0 0.36732367458218046 0.6608264985820304 0.01953125 0.03389830508474576
0 0.3415926804301336 0.6456019966492323 0.01953125 0.03389830508474576
0 0.35679735879270674 0.6334223951029939 0.01953125 0.03389830508474576
0 0.3334055459272096 0.6070332584194772 0.01953125 0.03389830508474576
0 0.3597213354008938 0.5989135240553182 0.01953125 0.03389830508474576
0 0.31761607224299915 0.6070332584194772 0.01953125 0.03389830508474576
0 0.3334055459272096 0.5715094205762816 0.01953125 0.03389830508474576
0 0.35153420089796983 0.5704944537807617 0.01953125 0.03389830508474576
0 0.37726519505001666 0.5999284908508381 0.01953125 0.03389830508474576
0 0.3883763061611278 0.6232727271477951 0.01953125 0.03389830508474576
0 0.40124180323715114 0.609063192010517 0.01953125 0.03389830508474576
0 0.3877915108394903 0.5786141881449207 0.01953125 0.03389830508474576
0 0.4129377096698997 0.6872156352655471 0.01953125 0.03389830508474576
0 0.3994874172722389 0.6587965649909907 0.01953125 0.03389830508474576
0 0.38486753423130315 0.6598115317865106 0.01953125 0.03389830508474576
0 0.37843478569329153 0.6425570962626728 0.01953125 0.03389830508474576
0 0.42346402545937334 0.6456019966492323 0.01953125 0.03389830508474576
0 0.42697279738919797 0.6070332584194772 0.01953125 0.03389830508474576
0 0.43691431785703416 0.6263176275343548 0.01953125 0.03389830508474576
0 0.45094940557633245 0.5989135240553182 0.01953125 0.03389830508474576
0 0.43515993189212193 0.5897788228956393 0.01953125 0.03389830508474576
0 0.42814238803247284 0.575569287758361 0.01953125 0.03389830508474576
0 0.4146920956348121 0.58470398891804 0.01953125 0.03389830508474576
0 0.4433470663950459 0.5786141881449207 0.01953125 0.03389830508474576
0 0.45153420089796986 0.5674495533942021 0.01953125 0.03389830508474576
0 0.4649844932956307 0.5887638561001194 0.01953125 0.03389830508474576
0 0.4760956044067418 0.609063192010517 0.01953125 0.03389830508474576
0 0.45855174475761895 0.6527067642178714 0.01953125 0.03389830508474576
0 0.48018917165820374 0.6425570962626728 0.01953125 0.03389830508474576
0 0.4930546687342272 0.6445870298537125 0.01953125 0.03389830508474576
0 0.4749260137634669 0.6993952368117856 0.01953125 0.03389830508474576
0 0.2304815693190225 0.776532713271296 0.01953125 0.03389830508474576
0 0.2465634406640517 0.6065257750217172 0.01953125 0.03389830508474576
0 0.24217747575177098 0.5968835904642785 0.01953125 0.03389830508474576
0 0.2825283529447534 0.6014509410441179 0.01953125 0.03389830508474576
0 0.30738215411434405 0.5826740553270002 0.01953125 0.03389830508474576
0 0.3143996979739932 0.5933312066799589 0.01953125 0.03389830508474576
0 0.3345751365704844 0.5852114723158001 0.01953125 0.03389830508474576
0 0.2809201658102505 0.5451202838927649 0.01953125 0.03389830508474576
0 0.2895458968044025 0.5397917082162856 0.01953125 0.03389830508474576
0 0.2953938500207768 0.5309107487554867 0.01953125 0.03389830508474576
0 0.2879377096698996 0.5222835309935677 0.01953125 0.03389830508474576
0 0.28691431785703414 0.5149250217260486 0.01953125 0.03389830508474576
0 0.28866870382194637 0.5293882985622069 0.01953125 0.03389830508474576
0 0.3054815693190224 0.5390304831196457 0.01953125 0.03389830508474576
0 0.3091365400792563 0.5337019074431663 0.01953125 0.03389830508474576
0 0.313522504991537 0.536746807829726 0.01953125 0.03389830508474576
0 0.2910078851084961 0.5037603869753301 0.01953125 0.03389830508474576
0 0.29173887926054287 0.5151787634249286 0.01953125 0.03389830508474576
0 0.28983829446522125 0.5101039294473293 0.01953125 0.03389830508474576
0 0.2876453120090809 0.49538691091229115 0.01953125 0.03389830508474576
0 0.283990341248847 0.4936107190201313 0.01953125 0.03389830508474576
0 0.29144648159972414 0.48244608426941277 0.01953125 0.03389830508474576
0 0.28881490265235576 0.4700127410242943 0.01953125 0.03389830508474576
0 0.28428273890966566 0.4725501580130941 0.01953125 0.03389830508474576
0 0.29758683247691714 0.4646841653478149 0.01953125 0.03389830508474576
0 0.292616072242999 0.43854877036317824 0.01953125 0.03389830508474576
0 0.2980254289681452 0.4438773460396575 0.01953125 0.03389830508474576
0 0.30328858686288207 0.4418474124486178 0.01953125 0.03389830508474576
0 0.30665115996229725 0.44514605453405737 0.01953125 0.03389830508474576
0 0.3095751365704844 0.4459072796306973 0.01953125 0.03389830508474576
0 0.3079669494359815 0.4507283719094168 0.01953125 0.03389830508474576
0 0.30211899621960725 0.4537732722959763 0.01953125 0.03389830508474576
0 0.3072359552839347 0.46544539044445493 0.01953125 0.03389830508474576
0 0.3108909260441687 0.45402701399485634 0.01953125 0.03389830508474576
0 0.31337630616112766 0.45681817268253594 0.01953125 0.03389830508474576
0 0.3184932652254552 0.45504198079037617 0.01953125 0.03389830508474576
0 0.31366870382194634 0.4616392649612554 0.01953125 0.03389830508474576
0 0.3142534991435838 0.4679828074332545 0.01953125 0.03389830508474576
0 0.3075283529447534 0.4743263499052538 0.01953125 0.03389830508474576
0 0.30226519505001653 0.4799086672806131 0.01953125 0.03389830508474576
0 0.3047505751669756 0.48599846805373237 0.01953125 0.03389830508474576
0 0.3041657798453382 0.4913270437302117 0.01953125 0.03389830508474576
0 0.3000722125938762 0.4913270437302117 0.01953125 0.03389830508474576
0 0.3015342008979698 0.4971631028044509 0.01953125 0.03389830508474576
0 0.29773303130732653 0.5042678703730901 0.01953125 0.03389830508474576
0 0.3010956044067417 0.5144175383282888 0.01953125 0.03389830508474576
0 0.3040195810149289 0.5139100549305289 0.01953125 0.03389830508474576
0 0.3079669494359815 0.5134025715327689 0.01953125 0.03389830508474576
0 0.3035809845237008 0.50452161207197 0.01953125 0.03389830508474576
0 0.30211899621960725 0.5238059811868476 0.01953125 0.03389830508474576
0 0.3126453120090809 0.5131488298338889 0.01953125 0.03389830508474576
0 0.31571548744767736 0.5060440622652498 0.01953125 0.03389830508474576
0 0.3142534991435838 0.5002080031910106 0.01953125 0.03389830508474576
0 0.3103061307225312 0.49234201052573157 0.01953125 0.03389830508474576
0 0.3142534991435838 0.4918345271279716 0.01953125 0.03389830508474576
0 0.32068624768159554 0.49665561940669095 0.01953125 0.03389830508474576
0 0.3227330313073265 0.47610254179741357 0.01953125 0.03389830508474576
0 0.31469209563481193 0.473311383109734 0.01953125 0.03389830508474576
0 0.3227330313073265 0.4616392649612554 0.01953125 0.03389830508474576
0 0.3236102242897827 0.4522508221026965 0.01953125 0.03389830508474576
0 0.3296043763365663 0.46189300666013533 0.01953125 0.03389830508474576
0 0.33033537048861306 0.4725501580130941 0.01953125 0.03389830508474576
0 0.3272651950500166 0.47965492558173306 0.01953125 0.03389830508474576
0 0.3372067155178528 0.4842222761615726 0.01953125 0.03389830508474576
0 0.33676811902662473 0.4936107190201313 0.01953125 0.03389830508474576
0 0.3325283529447534 0.4941182024178913 0.01953125 0.03389830508474576
0 0.3288733821845195 0.4913270437302117 0.01953125 0.03389830508474576
0 0.3246336161026481 0.5108651545439692 0.01953125 0.03389830508474576
0 0.3218558383248703 0.5078202541574096 0.01953125 0.03389830508474576
0 0.3195166570383206 0.5042678703730901 0.01953125 0.03389830508474576
0 0.31761607224299904 0.49665561940669095 0.01953125 0.03389830508474576
0 0.3269727973891978 0.5009692282876504 0.01953125 0.03389830508474576
0 0.32945817750615697 0.50502909546973 0.01953125 0.03389830508474576
0 0.3332593470968002 0.5068052873618898 0.01953125 0.03389830508474576
0 0.3154230897868587 0.5255821730790075 0.01953125 0.03389830508474576
0 0.31907806054709265 0.5220297892946877 0.01953125 0.03389830508474576
0 0.3165926804301335 0.5144175383282888 0.01953125 0.03389830508474576
0 0.32565700791551366 0.5169549553170885 0.01953125 0.03389830508474576
0 0.32536461025469493 0.5245672062834875 0.01953125 0.03389830508474576
0 0.32668039972837914 0.5354780993353261 0.01953125 0.03389830508474576
0 0.3354523295529406 0.5402991916140456 0.01953125 0.03389830508474576
0 0.32975057516697565 0.5220297892946877 0.01953125 0.03389830508474576
0 0.33779151083949027 0.5184774055103682 0.01953125 0.03389830508474576
0 0.3355985283833499 0.5078202541574096 0.01953125 0.03389830508474576
0 0.33764531200908093 0.45199708040381653 0.01953125 0.03389830508474576
0 0.3420312769213616 0.4537732722959763 0.01953125 0.03389830508474576
0 0.35109560440674176 0.4555494641881361 0.01953125 0.03389830508474576
0 0.34831782662896393 0.45199708040381653 0.01953125 0.03389830508474576
0 0.34773303130732647 0.45834062287581584 0.01953125 0.03389830508474576
0 0.3458324465120049 0.4585943645746957 0.01953125 0.03389830508474576
0 0.35021841142428556 0.47204267461533406 0.01953125 0.03389830508474576
0 0.33340554592720956 0.4651916487455749 0.01953125 0.03389830508474576
0 0.3414464815997242 0.4877746599458921 0.01953125 0.03389830508474576
0 0.3414464815997242 0.49386446071901136 0.01953125 0.03389830508474576
0 0.33939969797399316 0.4971631028044509 0.01953125 0.03389830508474576
0 0.34773303130732647 0.4976705862022108 0.01953125 0.03389830508474576
0 0.35109560440674176 0.5078202541574096 0.01953125 0.03389830508474576
0 0.34758683247691713 0.5068052873618898 0.01953125 0.03389830508474576
0 0.34422425937750195 0.5042678703730901 0.01953125 0.03389830508474576
0 0.34246987341258966 0.5095964460495693 0.01953125 0.03389830508474576
0 0.34407806054709256 0.5090889626518094 0.01953125 0.03389830508474576
0 0.34831782662896393 0.5177161804137285 0.01953125 0.03389830508474576
0 0.35094940557633236 0.5258359147778873 0.01953125 0.03389830508474576
0 0.342616072242999 0.528627073465567 0.01953125 0.03389830508474576
0 0.3423236745821803 0.5354780993353261 0.01953125 0.03389830508474576
0 0.3499260137634668 0.5438515753983652 0.01953125 0.03389830508474576
0 0.342616072242999 0.5463889923871648 0.01953125 0.03389830508474576
0 0.3193704582079115 0.5735393541673215 0.01953125 0.03389830508474576
0 0.3220020371552799 0.5659271032009224 0.01953125 0.03389830508474576
0 0.32375642312019215 0.5562849186434835 0.01953125 0.03389830508474576
0 0.29744063364650797 0.5512100846658843 0.01953125 0.03389830508474576
0 0.3120605166874436 0.5446128004950052 0.01953125 0.03389830508474576
0 0.3067973587927068 0.5704944537807618 0.01953125 0.03389830508474576
0 0.3103061307225313 0.552732534859164 0.01953125 0.03389830508474576
0 0.33749911317867165 0.5547624684502037 0.01953125 0.03389830508474576
0 0.3652768909564495 0.5491801510748444 0.01953125 0.03389830508474576
0 0.3670312769213618 0.5334481657442866 0.01953125 0.03389830508474576
0 0.37521841142428575 0.5446128004950052 0.01953125 0.03389830508474576
0 0.3760956044067419 0.5567924020412435 0.01953125 0.03389830508474576
0 0.37580320674592316 0.5740468375650813 0.01953125 0.03389830508474576
0 0.37024765119036757 0.5689720035874819 0.01953125 0.03389830508474576
0 0.3839903412488471 0.5567924020412435 0.01953125 0.03389830508474576
0 0.41264531200908106 0.624795177341075 0.01953125 0.03389830508474576
0 0.4100137330617126 0.6095706754082769 0.01953125 0.03389830508474576
0 0.372879230137736 0.6268251109321147 0.01953125 0.03389830508474576
0 0.3205400488511863 0.6557516646044311 0.01953125 0.03389830508474576
0 0.2722944348160986 0.6537217310133914 0.01953125 0.03389830508474576
0 0.26527689095644946 0.6537217310133914 0.01953125 0.03389830508474576
0 0.47302542896814526 0.5339556491420463 0.01953125 0.03389830508474576
0 0.4724406336465078 0.5080739958562895 0.01953125 0.03389830508474576
0 0.4724406336465078 0.5014767116854104 0.01953125 0.03389830508474576
0 0.47127104300323297 0.48117737577501296 0.01953125 0.03389830508474576
0 0.4718558383248704 0.4560569475858961 0.01953125 0.03389830508474576
0 0.4718558383248704 0.4502208885116568 0.01953125 0.03389830508474576
0 0.4684932652254552 0.4563106892847761 0.01953125 0.03389830508474576
0 0.46615408393890545 0.4537732722959764 0.01953125 0.03389830508474576
0 0.4624991131786716 0.45504198079037617 0.01953125 0.03389830508474576
0 0.4604523295529406 0.4537732722959764 0.01953125 0.03389830508474576
0 0.46337630616112774 0.4636691985522952 0.01953125 0.03389830508474576
0 0.4739026219506014 0.4626542317567753 0.01953125 0.03389830508474576
0 0.46513069212603997 0.4750875750018937 0.01953125 0.03389830508474576
0 0.4632301073307184 0.49107330203133176 0.01953125 0.03389830508474576
0 0.4684932652254552 0.5009692282876504 0.01953125 0.03389830508474576
0 0.4699552535295488 0.49665561940669106 0.01953125 0.03389830508474576
0 0.4660078851084961 0.5024916784809302 0.01953125 0.03389830508474576
0 0.4622067155178528 0.5055365788674899 0.01953125 0.03389830508474576
0 0.47039385002077677 0.5215223058969279 0.01953125 0.03389830508474576
0 0.4715634406640517 0.5167012136182085 0.01953125 0.03389830508474576
0 0.4641073003131745 0.5225372726924478 0.01953125 0.03389830508474576
0 0.4598675342313031 0.5202535974025281 0.01953125 0.03389830508474576
0 0.45913654007925636 0.513148829833889 0.01953125 0.03389830508474576
0 0.46015993189212184 0.5339556491420463 0.01953125 0.03389830508474576
0 0.46571548744767743 0.5354780993353262 0.01953125 0.03389830508474576
0 0.467177475751771 0.5400454499151657 0.01953125 0.03389830508474576
0 0.46454589680440256 0.5552699518479637 0.01953125 0.03389830508474576
0 0.47068624768159556 0.5550162101490838 0.01953125 0.03389830508474576
0 0.4623529143482622 0.5638971696098827 0.01953125 0.03389830508474576
0 0.4581131482663909 0.5514638263647642 0.01953125 0.03389830508474576
0 0.4572359552839347 0.45199708040381653 0.01953125 0.03389830508474576
0 0.4551891716582037 0.4451460545340575 0.01953125 0.03389830508474576
0 0.45241139388042595 0.45275830550045654 0.01953125 0.03389830508474576
0 0.448756423120192 0.45199708040381653 0.01953125 0.03389830508474576
0 0.4474406336465078 0.4580868811769359 0.01953125 0.03389830508474576
0 0.4430546687342271 0.45834062287581584 0.01953125 0.03389830508474576
0 0.44173887926054295 0.45326578889821645 0.01953125 0.03389830508474576
0 0.4388149026523558 0.45275830550045654 0.01953125 0.03389830508474576
0 0.43998449329563055 0.46747532403549463 0.01953125 0.03389830508474576
0 0.4496336161026482 0.46620661554109477 0.01953125 0.03389830508474576
0 0.45533537048861306 0.45910184797245573 0.01953125 0.03389830508474576
0 0.45211899621960727 0.45960933137021565 0.01953125 0.03389830508474576
0 0.44817162779855463 0.4816848591727728 0.01953125 0.03389830508474576
0 0.45416577984533824 0.4885358850425321 0.01953125 0.03389830508474576
0 0.4519727973891979 0.48396853446269267 0.01953125 0.03389830508474576
0 0.4531423880324727 0.4763562834962936 0.01953125 0.03389830508474576
0 0.4427622710734084 0.49031207693469187 0.01953125 0.03389830508474576
0 0.43852250499153705 0.4814311174738929 0.01953125 0.03389830508474576
0 0.43764531200908086 0.4913270437302117 0.01953125 0.03389830508474576
0 0.43969209563481193 0.4923420105257316 0.01953125 0.03389830508474576
0 0.4458324465120049 0.4933569773212515 0.01953125 0.03389830508474576
0 0.4510956044067417 0.4994467780943707 0.01953125 0.03389830508474576
0 0.4491950196114201 0.5037603869753301 0.01953125 0.03389830508474576
0 0.4556277681494318 0.5037603869753301 0.01953125 0.03389830508474576
0 0.45475057516697565 0.5121338630383692 0.01953125 0.03389830508474576
0 0.4554815693190224 0.5078202541574096 0.01953125 0.03389830508474576
0 0.4505108090851043 0.5116263796406092 0.01953125 0.03389830508474576
0 0.44510145235995807 0.5113726379417292 0.01953125 0.03389830508474576
0 0.4411540839389055 0.5012229699865305 0.01953125 0.03389830508474576
0 0.4382301073307183 0.5024916784809302 0.01953125 0.03389830508474576
0 0.4382301073307183 0.521014822499168 0.01953125 0.03389830508474576
0 0.4393996979739932 0.5151787634249286 0.01953125 0.03389830508474576
0 0.4418850780909523 0.5121338630383692 0.01953125 0.03389830508474576
0 0.4434932652254552 0.5073127707596496 0.01953125 0.03389830508474576
0 0.44203127692136157 0.5225372726924478 0.01953125 0.03389830508474576
0 0.44422425937750193 0.5255821730790075 0.01953125 0.03389830508474576
0 0.43998449329563055 0.5329406823465266 0.01953125 0.03389830508474576
0 0.44524765119036747 0.5304032653577269 0.01953125 0.03389830508474576
0 0.4497798149330575 0.5354780993353262 0.01953125 0.03389830508474576
0 0.45431197867574763 0.5304032653577269 0.01953125 0.03389830508474576
0 0.4546043763365663 0.5227910143913277 0.01953125 0.03389830508474576
0 0.45416577984533824 0.5415679001084454 0.01953125 0.03389830508474576
0 0.44451665703832066 0.5405529333129254 0.01953125 0.03389830508474576
0 0.44159268043013356 0.5458815089894049 0.01953125 0.03389830508474576
0 0.448317826628964 0.5468964757849247 0.01953125 0.03389830508474576
0 0.450803206745923 0.5423291252050852 0.01953125 0.03389830508474576
0 0.4491950196114201 0.5509563429670044 0.01953125 0.03389830508474576
0 0.45094940557633234 0.5562849186434835 0.01953125 0.03389830508474576
0 0.43428273890966573 0.5514638263647642 0.01953125 0.03389830508474576
0 0.4334055459272096 0.45199708040381653 0.01953125 0.03389830508474576
0 0.42887338218451954 0.4509821136082968 0.01953125 0.03389830508474576
0 0.42404882078101075 0.4578331394780559 0.01953125 0.03389830508474576
0 0.4301891716582037 0.45402701399485634 0.01953125 0.03389830508474576
0 0.4358909260441686 0.45554946418813613 0.01953125 0.03389830508474576
0 0.4212710430032329 0.45834062287581584 0.01953125 0.03389830508474576
0 0.4269727973891979 0.46569913214333486 0.01953125 0.03389830508474576
0 0.4328207506055722 0.46037055646685554 0.01953125 0.03389830508474576
0 0.4268265985587886 0.48117737577501296 0.01953125 0.03389830508474576
0 0.4195166570383207 0.4722964163142141 0.01953125 0.03389830508474576
0 0.4190780605470926 0.45554946418813613 0.01953125 0.03389830508474576
0 0.4154230897868587 0.4537732722959764 0.01953125 0.03389830508474576
0 0.4105985283833499 0.4545344973926163 0.01953125 0.03389830508474576
0 0.4076745517751628 0.4626542317567753 0.01953125 0.03389830508474576
0 0.40577396697984114 0.45554946418813613 0.01953125 0.03389830508474576
0 0.42331782662896394 0.48675969315037226 0.01953125 0.03389830508474576
0 0.42536461025469496 0.4941182024178913 0.01953125 0.03389830508474576
0 0.43399034124884694 0.5180967929620485 0.01953125 0.03389830508474576
0 0.4297505751669756 0.5026185493303703 0.01953125 0.03389830508474576
0 0.43238215411434405 0.5012229699865305 0.01953125 0.03389830508474576
0 0.4354523295529405 0.4997005197932506 0.01953125 0.03389830508474576
0 0.4323090546991394 0.4932301064718114 0.01953125 0.03389830508474576
0 0.42097864534241425 0.4976705862022109 0.01953125 0.03389830508474576
0 0.42441431785703415 0.5082008667057296 0.01953125 0.03389830508474576
0 0.41995525352954877 0.5045216120719701 0.01953125 0.03389830508474576
0 0.42404882078101075 0.5125144755866891 0.01953125 0.03389830508474576
0 0.42916577984533827 0.5098501877484494 0.01953125 0.03389830508474576
0 0.43377104300323294 0.5102308002967693 0.01953125 0.03389830508474576
0 0.42543770966989963 0.5260896564767673 0.01953125 0.03389830508474576
0 0.4293850780909522 0.5219029184452479 0.01953125 0.03389830508474576
0 0.4274113938804259 0.5310376196049268 0.01953125 0.03389830508474576
0 0.4309201658102505 0.5347168742386863 0.01953125 0.03389830508474576
0 0.4177622710734084 0.5199998557036482 0.01953125 0.03389830508474576
0 0.41637338218451947 0.5116263796406092 0.01953125 0.03389830508474576
0 0.413303206745923 0.5059171914158099 0.01953125 0.03389830508474576
0 0.41074472721375926 0.5027454201798103 0.01953125 0.03389830508474576
0 0.4085517447576189 0.5022379367820503 0.01953125 0.03389830508474576
0 0.41154882078101074 0.49817806959997085 0.01953125 0.03389830508474576
0 0.4147651950500166 0.4956406526111712 0.01953125 0.03389830508474576
0 0.41922425937750196 0.49348384817069146 0.01953125 0.03389830508474576
0 0.4162271833541102 0.49107330203133176 0.01953125 0.03389830508474576
0 0.4122798149330575 0.4913270437302117 0.01953125 0.03389830508474576
0 0.4093558383248704 0.4993199072449307 0.01953125 0.03389830508474576
0 0.40760145235995815 0.4925957522246115 0.01953125 0.03389830508474576
0 0.4067973587927066 0.4965287485572511 0.01953125 0.03389830508474576
0 0.40635876230147855 0.4997005197932506 0.01953125 0.03389830508474576
0 0.404677475751771 0.497289973653891 0.01953125 0.03389830508474576
0 0.4032885868628821 0.5040141286742101 0.01953125 0.03389830508474576
0 0.40687045820791135 0.513656313231649 0.01953125 0.03389830508474576
0 0.40518917165820373 0.5147981508766089 0.01953125 0.03389830508474576
0 0.4044581775061569 0.5183505346609283 0.01953125 0.03389830508474576
0 0.40168039972837916 0.5106114128450893 0.01953125 0.03389830508474576
0 0.3998529143482622 0.5108651545439693 0.01953125 0.03389830508474576
0 0.3986833237049874 0.5154325051238087 0.01953125 0.03389830508474576
0 0.4010225049915371 0.5160668593710086 0.01953125 0.03389830508474576
0 0.40226519505001657 0.5235522394879677 0.01953125 0.03389830508474576
0 0.39926811902662473 0.5298957819599668 0.01953125 0.03389830508474576
0 0.40789385002077677 0.5315451030026868 0.01953125 0.03389830508474576
0 0.4037271833541101 0.5362393244319661 0.01953125 0.03389830508474576
0 0.3986833237049874 0.5376349037758059 0.01953125 0.03389830508474576
0 0.40577396697984114 0.5444859296455652 0.01953125 0.03389830508474576
0 0.41359560440674176 0.5333212948948464 0.01953125 0.03389830508474576
0 0.4138880020675604 0.5236791103374077 0.01953125 0.03389830508474576
0 0.4102330313073265 0.5246940771329276 0.01953125 0.03389830508474576
0 0.411256423120192 0.5178430512631684 0.01953125 0.03389830508474576
0 0.4122798149330575 0.5084546084046095 0.01953125 0.03389830508474576
0 0.406943557623116 0.4814311174738929 0.01953125 0.03389830508474576
0 0.40124180323715114 0.48219234257053284 0.01953125 0.03389830508474576
0 0.4025575927108353 0.47661002519517354 0.01953125 0.03389830508474576
0 0.40168039972837916 0.47128144951869416 0.01953125 0.03389830508474576
0 0.40241139388042596 0.4613855232623755 0.01953125 0.03389830508474576
0 0.3984640254593733 0.45478823909149624 0.01953125 0.03389830508474576
0 0.40124180323715114 0.4542807556937364 0.01953125 0.03389830508474576
0 0.3927622710734084 0.45960933137021565 0.01953125 0.03389830508474576
0 0.39042308978685863 0.4535195305970964 0.01953125 0.03389830508474576
0 0.38632952253539665 0.4608780398646155 0.01953125 0.03389830508474576
0 0.38282075060557214 0.4535195305970964 0.01953125 0.03389830508474576
0 0.37960437633656624 0.4578331394780559 0.01953125 0.03389830508474576
0 0.3784347856932914 0.46189300666013533 0.01953125 0.03389830508474576
0 0.37594940557633233 0.45554946418813613 0.01953125 0.03389830508474576
0 0.3730254289681453 0.457071914381416 0.01953125 0.03389830508474576
0 0.3689318617166833 0.45478823909149624 0.01953125 0.03389830508474576
0 0.377849990371654 0.48295356766717273 0.01953125 0.03389830508474576
0 0.39086168627808676 0.47661002519517354 0.01953125 0.03389830508474576
0 0.392616072242999 0.48675969315037226 0.01953125 0.03389830508474576
0 0.39670963949446103 0.4933569773212514 0.01953125 0.03389830508474576
0 0.3965634406640517 0.5037603869753301 0.01953125 0.03389830508474576
0 0.3917388792605429 0.5007154865887705 0.01953125 0.03389830508474576
0 0.39188507809095224 0.4948794275145312 0.01953125 0.03389830508474576
0 0.3836979435880283 0.5024916784809302 0.01953125 0.03389830508474576
0 0.381504961131888 0.49665561940669106 0.01953125 0.03389830508474576
0 0.3825283529447534 0.49031207693469175 0.01953125 0.03389830508474576
0 0.35504297282779423 0.4656991321433352 0.01953125 0.03389830508474576
0 0.3589903412488469 0.4597362022196559 0.01953125 0.03389830508474576
0 0.3618412184418293 0.4565644309836563 0.01953125 0.03389830508474576
0 0.3554815693190223 0.4544076265431765 0.01953125 0.03389830508474576
0 0.3632301073307182 0.4643035527994953 0.01953125 0.03389830508474576
0 0.35950203715527956 0.4728038997119743 0.01953125 0.03389830508474576
0 0.36059852838334977 0.49158078542909195 0.01953125 0.03389830508474576
0 0.36556928861726795 0.4886627558919723 0.01953125 0.03389830508474576
0 0.36432659855878835 0.4956406526111714 0.01953125 0.03389830508474576
0 0.36717747575177084 0.49652874855725126 0.01953125 0.03389830508474576
0 0.36878566288627374 0.4918345271279719 0.01953125 0.03389830508474576
0 0.37214823598568897 0.49272262307405174 0.01953125 0.03389830508474576
0 0.37244063364650765 0.49576752346061137 0.01953125 0.03389830508474576
0 0.37514531200908074 0.49576752346061137 0.01953125 0.03389830508474576
0 0.37850788510849603 0.4920882688268518 0.01953125 0.03389830508474576
0 0.3710517447576188 0.50629780396413 0.01953125 0.03389830508474576
0 0.3722213354008937 0.5003348740404508 0.01953125 0.03389830508474576
0 0.3754377096698995 0.5037603869753304 0.01953125 0.03389830508474576
0 0.3790195810149287 0.5087083501034898 0.01953125 0.03389830508474576
0 0.38450203715527964 0.5104845419956495 0.01953125 0.03389830508474576
0 0.3880839085003088 0.5113726379417294 0.01953125 0.03389830508474576
0 0.39195817750615686 0.5085814792540497 0.01953125 0.03389830508474576
0 0.3470020371552796 0.5139100549305292 0.01953125 0.03389830508474576
0 0.3692242593775018 0.5085814792540497 0.01953125 0.03389830508474576
0 0.4768265985587887 0.4608780398646155 0.01953125 0.03389830508474576
0 0.47551080908510446 0.45554946418813613 0.01953125 0.03389830508474576
0 0.47784999037165415 0.45199708040381664 0.01953125 0.03389830508474576
0 0.4829669494359817 0.45681817268253605 0.01953125 0.03389830508474576
0 0.48764531200908107 0.4550419807903763 0.01953125 0.03389830508474576
0 0.4923236745821805 0.4560569475858961 0.01953125 0.03389830508474576
0 0.4959786453424144 0.45225082210269657 0.01953125 0.03389830508474576
0 0.5025575927108354 0.45275830550045654 0.01953125 0.03389830508474576
0 0.5062125634710695 0.44920592171613705 0.01953125 0.03389830508474576
0 0.5174698734125899 0.45681817268253605 0.01953125 0.03389830508474576
0 0.5195166570383208 0.45554946418813613 0.01953125 0.03389830508474576
0 0.5227330313073267 0.45834062287581595 0.01953125 0.03389830508474576
0 0.5266803997283793 0.4593555896713357 0.01953125 0.03389830508474576
0 0.5263880020675606 0.448952180017257 0.01953125 0.03389830508474576
0 0.5306277681494319 0.4585943645746959 0.01953125 0.03389830508474576
0 0.5342827389096659 0.4550419807903763 0.01953125 0.03389830508474576
0 0.5325283529447535 0.4530120471993366 0.01953125 0.03389830508474576
0 0.5376453120090811 0.4542807556937364 0.01953125 0.03389830508474576
0 0.5399844932956308 0.4466685047273373 0.01953125 0.03389830508474576
0 0.5411540839389057 0.45275830550045654 0.01953125 0.03389830508474576
0 0.5462710430032331 0.45910184797245585 0.01953125 0.03389830508474576
0 0.5524113938804261 0.457833139478056 0.01953125 0.03389830508474576
0 0.5464172418336425 0.46316171515453525 0.01953125 0.03389830508474576
0 0.5377915108394904 0.4649379070466951 0.01953125 0.03389830508474576
0 0.5274113938804261 0.4636691985522952 0.01953125 0.03389830508474576
0 0.5272651950500168 0.4761025417974136 0.01953125 0.03389830508474576
0 0.5358909260441688 0.47914744218397326 0.01953125 0.03389830508474576
0 0.5456862476815957 0.4781324753884533 0.01953125 0.03389830508474576
0 0.5529961892020635 0.4857447263548524 0.01953125 0.03389830508474576
0 0.5509494055763325 0.47889370048509333 0.01953125 0.03389830508474576
0 0.5477330313073266 0.4867596931503724 0.01953125 0.03389830508474576
0 0.5369143178570343 0.48878962674141213 0.01953125 0.03389830508474576
0 0.5320897564535255 0.49183452712797165 0.01953125 0.03389830508474576
0 0.533113148266391 0.4877746599458922 0.01953125 0.03389830508474576
0 0.5298967739973852 0.4936107190201314 0.01953125 0.03389830508474576
0 0.5244874172722389 0.4862522097526124 0.01953125 0.03389830508474576
0 0.520832446512005 0.4796549255817332 0.01953125 0.03389830508474576
0 0.5019727973891981 0.4608780398646155 0.01953125 0.03389830508474576
0 0.47858098452370096 0.47001274102429447 0.01953125 0.03389830508474576
0 0.4832593470968004 0.4634154568534153 0.01953125 0.03389830508474576
0 0.4864757213658062 0.4722964163142141 0.01953125 0.03389830508474576
0 0.49144648159972437 0.4806698923772531 0.01953125 0.03389830508474576
0 0.5037271833541104 0.48269982596829286 0.01953125 0.03389830508474576
0 0.4952476511903676 0.489297110139172 0.01953125 0.03389830508474576
0 0.49305466873422726 0.4920882688268517 0.01953125 0.03389830508474576
0 0.4889611014827653 0.49259575222461166 0.01953125 0.03389830508474576
0 0.48428273890966583 0.4913270437302118 0.01953125 0.03389830508474576
0 0.4756570079155138 0.4913270437302118 0.01953125 0.03389830508474576
0 0.4997798149330577 0.4877746599458922 0.01953125 0.03389830508474576
0 0.4997798149330577 0.4941182024178914 0.01953125 0.03389830508474576
0 0.5043119786757477 0.49665561940669106 0.01953125 0.03389830508474576
0 0.5103061307225314 0.49893929469661075 0.01953125 0.03389830508474576
0 0.5130839085003092 0.4936107190201314 0.01953125 0.03389830508474576
0 0.5190780605470928 0.49893929469661075 0.01953125 0.03389830508474576
0 0.5227330313073267 0.4913270437302118 0.01953125 0.03389830508474576
0 0.5239026219506016 0.5007154865887705 0.01953125 0.03389830508474576
0 0.5233178266289641 0.5062978039641299 0.01953125 0.03389830508474576
0 0.5293119786757478 0.5083277375551696 0.01953125 0.03389830508474576
0 0.5293119786757478 0.50553657886749 0.01953125 0.03389830508474576
0 0.5300429728277946 0.5014767116854105 0.01953125 0.03389830508474576
0 0.5382301073307185 0.49614813600893115 0.01953125 0.03389830508474576
0 0.4763880020675606 0.5121338630383692 0.01953125 0.03389830508474576
0 0.4836979435880285 0.5090889626518095 0.01953125 0.03389830508474576
0 0.48939969797399335 0.5042678703730902 0.01953125 0.03389830508474576
0 0.49700203715527985 0.5007154865887705 0.01953125 0.03389830508474576
0 0.4989026219506016 0.5037603869753302 0.01953125 0.03389830508474576
0 0.5029961892020636 0.5037603869753302 0.01953125 0.03389830508474576
0 0.5051891716582039 0.5090889626518095 0.01953125 0.03389830508474576
0 0.512645312009081 0.5202535974025282 0.01953125 0.03389830508474576
0 0.4800429728277945 0.5522250514614042 0.01953125 0.03389830508474576
0 0.4923236745821805 0.5522250514614042 0.01953125 0.03389830508474576
0 0.497440633646508 0.5420753835062053 0.01953125 0.03389830508474576
0 0.49290846990381787 0.5370005495286061 0.01953125 0.03389830508474576
0 0.4956862476815957 0.5326869406476467 0.01953125 0.03389830508474576
0 0.4980254289681454 0.5263433981756473 0.01953125 0.03389830508474576
0 0.5031423880324729 0.5248209479823677 0.01953125 0.03389830508474576
0 0.5003646102546951 0.5167012136182085 0.01953125 0.03389830508474576
0 0.5009494055763325 0.5144175383282888 0.01953125 0.03389830508474576
0 0.4904230897868589 0.5161937302204486 0.01953125 0.03389830508474576
0 0.48632952253539685 0.5167012136182085 0.01953125 0.03389830508474576
0 0.49422425937750214 0.5019841950831704 0.01953125 0.03389830508474576
0 0.48632952253539685 0.5362393244319661 0.01953125 0.03389830508474576
0 0.4787271833541103 0.5311644904543668 0.01953125 0.03389830508474576
0 0.48092016581025065 0.520761080800288 0.01953125 0.03389830508474576
0 0.4746336161026483 0.5205073391014081 0.01953125 0.03389830508474576
0 0.4839903412488472 0.5172086970159685 0.01953125 0.03389830508474576
0 0.48866870382194655 0.5273583649711673 0.01953125 0.03389830508474576
0 0.49963361610264834 0.5326869406476467 0.01953125 0.03389830508474576
0 0.5031423880324729 0.5304032653577269 0.01953125 0.03389830508474576
0 0.5047505751669759 0.5474039591826848 0.01953125 0.03389830508474576
0 0.5103061307225314 0.5474039591826848 0.01953125 0.03389830508474576
0 0.5171774757517711 0.5474039591826848 0.01953125 0.03389830508474576
0 0.5108909260441687 0.5545087267513239 0.01953125 0.03389830508474576
0 0.5278499903716543 0.546135250688285 0.01953125 0.03389830508474576
0 0.5339903412488471 0.5425828669039653 0.01953125 0.03389830508474576
0 0.5404230897868589 0.5496876344726044 0.01953125 0.03389830508474576
0 0.5427622710734086 0.5415679001084455 0.01953125 0.03389830508474576
0 0.5465634406640518 0.5491801510748444 0.01953125 0.03389830508474576
0 0.5548967739973851 0.5433440920006052 0.01953125 0.03389830508474576
0 0.549487417272239 0.5357318410342062 0.01953125 0.03389830508474576
0 0.5532885868628823 0.5238059811868476 0.01953125 0.03389830508474576
0 0.5455400488511863 0.5187311472092483 0.01953125 0.03389830508474576
0 0.539253499143584 0.529388298562207 0.01953125 0.03389830508474576
0 0.5345751365704846 0.5309107487554868 0.01953125 0.03389830508474576
0 0.5281423880324728 0.5362393244319661 0.01953125 0.03389830508474576
0 0.5279961892020636 0.5301495236588468 0.01953125 0.03389830508474576
0 0.5301891716582039 0.5220297892946879 0.01953125 0.03389830508474576
0 0.5369143178570343 0.521522305896928 0.01953125 0.03389830508474576
0 0.5353061307225314 0.5151787634249289 0.01953125 0.03389830508474576
0 0.5379377096698997 0.50553657886749 0.01953125 0.03389830508474576
0 0.5336979435880285 0.5014767116854105 0.01953125 0.03389830508474576
0 0.5467096394944612 0.4984318112988509 0.01953125 0.03389830508474576
0 0.5484640254593734 0.4958943943100512 0.01953125 0.03389830508474576
0 0.5493412184418297 0.4722964163142141 0.01953125 0.03389830508474576
0 0.5475868324769173 0.5156862468226886 0.01953125 0.03389830508474576
0 0.5500722125938764 0.5108651545439693 0.01953125 0.03389830508474576
0 0.5503646102546951 0.5037603869753302 0.01953125 0.03389830508474576
0 0.52653420089797 0.5149250217260487 0.01953125 0.03389830508474576
0 0.5240488207810108 0.5192386306070085 0.01953125 0.03389830508474576
0 0.5883763061611277 0.3748596039443063 0.01953125 0.03389830508474576
0 0.590569288617268 0.3761283124387061 0.01953125 0.03389830508474576
0 0.5989026219506014 0.377143279234226 0.01953125 0.03389830508474576
0 0.5809201658102504 0.401756224025583 0.01953125 0.03389830508474576
0 0.5910078851084961 0.4002337738323031 0.01953125 0.03389830508474576
0 0.5877915108394902 0.4144433089695813 0.01953125 0.03389830508474576
0 0.5882301073307183 0.4065773163043023 0.01953125 0.03389830508474576
0 0.6000722125938761 0.40480112441214255 0.01953125 0.03389830508474576
0 0.6027037915412446 0.4065773163043023 0.01953125 0.03389830508474576
0 0.6076745517751627 0.4083535081964621 0.01953125 0.03389830508474576
0 0.6054815693190224 0.40454738271326257 0.01953125 0.03389830508474576
0 0.6060663646406598 0.4002337738323031 0.01953125 0.03389830508474576
0 0.6035809845237008 0.39363648966142395 0.01953125 0.03389830508474576
0 0.6091365400792562 0.40480112441214255 0.01953125 0.03389830508474576
0 0.6135225049915369 0.401756224025583 0.01953125 0.03389830508474576
0 0.617616072242999 0.40784602479870213 0.01953125 0.03389830508474576
0 0.621271043003233 0.40886099159422207 0.01953125 0.03389830508474576
0 0.6265342008979697 0.4152045340662212 0.01953125 0.03389830508474576
0 0.6291657798453382 0.41063718348638184 0.01953125 0.03389830508474576
0 0.6271189962196072 0.4096222166908619 0.01953125 0.03389830508474576
0 0.6374991131786716 0.4098759583897419 0.01953125 0.03389830508474576
0 0.6341365400792564 0.4083535081964621 0.01953125 0.03389830508474576
0 0.6411540839389054 0.4113984085830217 0.01953125 0.03389830508474576
0 0.6442242593775018 0.40632357460542234 0.01953125 0.03389830508474576
0 0.651680399728379 0.40733854140094217 0.01953125 0.03389830508474576
0 0.6534347856932914 0.3834868217062252 0.01953125 0.03389830508474576
0 0.6509494055763324 0.37841198772862583 0.01953125 0.03389830508474576
0 0.6589903412488469 0.38475553020062503 0.01953125 0.03389830508474576
0 0.6652768909564493 0.3842480468028651 0.01953125 0.03389830508474576
0 0.6693704582079112 0.38475553020062503 0.01953125 0.03389830508474576
0 0.659428937740075 0.3943977147580638 0.01953125 0.03389830508474576
0 0.582382154114344 0.42966781090237943 0.01953125 0.03389830508474576
0 0.5768265985587885 0.43423516148221886 0.01953125 0.03389830508474576
0 0.5948090546991394 0.43017529430013934 0.01953125 0.03389830508474576
0 0.5994874172722388 0.42941406920349945 0.01953125 0.03389830508474576
0 0.6009494055763323 0.4185031761516608 0.01953125 0.03389830508474576
0 0.6138149026523557 0.41951814294718065 0.01953125 0.03389830508474576
0 0.6113295225353966 0.4268766522146998 0.01953125 0.03389830508474576
0 0.6069435576231159 0.43702632016989845 0.01953125 0.03389830508474576
0 0.604896773997385 0.44413108773853754 0.01953125 0.03389830508474576
0 0.6138149026523557 0.4418474124486179 0.01953125 0.03389830508474576
0 0.6215634406640516 0.4372800618687785 0.01953125 0.03389830508474576
0 0.626241803237151 0.4240854935270201 0.01953125 0.03389830508474576
0 0.6225868324769172 0.41596575916286116 0.01953125 0.03389830508474576
0 0.6199552535295487 0.4131746004751815 0.01953125 0.03389830508474576
0 0.6306277681494317 0.42839910240797957 0.01953125 0.03389830508474576
0 0.6304815693190223 0.433473936385579 0.01953125 0.03389830508474576
0 0.6266803997283791 0.4418474124486179 0.01953125 0.03389830508474576
0 0.6335517447576189 0.4426086375452578 0.01953125 0.03389830508474576
0 0.6366219201962153 0.432966452987819 0.01953125 0.03389830508474576
0 0.6423236745821803 0.4258616854191799 0.01953125 0.03389830508474576
0 0.6477330313073264 0.4311902610956592 0.01953125 0.03389830508474576
0 0.64919501961142 0.4207868514415805 0.01953125 0.03389830508474576
0 0.6524113938804259 0.4365188367721386 0.01953125 0.03389830508474576
0 0.6420312769213616 0.43702632016989845 0.01953125 0.03389830508474576
0 0.64466285586873 0.44057870395421805 0.01953125 0.03389830508474576
0 0.6415926804301335 0.4446385711362975 0.01953125 0.03389830508474576
0 0.6521189962196071 0.4453997962329374 0.01953125 0.03389830508474576
0 0.6648382944652211 0.42484671862366 0.01953125 0.03389830508474576
0 0.6746336161026482 0.44235489584637777 0.01953125 0.03389830508474576
0 0.6731716277985547 0.4565644309836561 0.01953125 0.03389830508474576
0 0.6703938500207768 0.45478823909149635 0.01953125 0.03389830508474576
0 0.6680546687342271 0.4613855232623755 0.01953125 0.03389830508474576
0 0.6654230897868586 0.4552957224892562 0.01953125 0.03389830508474576
0 0.662645312009081 0.45834062287581584 0.01953125 0.03389830508474576
0 0.6585517447576189 0.4565644309836561 0.01953125 0.03389830508474576
0 0.6822359552839347 0.4588481062735757 0.01953125 0.03389830508474576
0 0.6847213354008937 0.46214674835901537 0.01953125 0.03389830508474576
0 0.6505108090851043 0.4560569475858961 0.01953125 0.03389830508474576
0 0.642177475751771 0.4507283719094168 0.01953125 0.03389830508474576
0 0.6468558383248704 0.4626542317567753 0.01953125 0.03389830508474576
0 0.6320897564535253 0.4608780398646155 0.01953125 0.03389830508474576
0 0.6338441424184377 0.4542807556937364 0.01953125 0.03389830508474576
0 0.6275575927108352 0.4585943645746959 0.01953125 0.03389830508474576
0 0.6246336161026481 0.4588481062735757 0.01953125 0.03389830508474576
0 0.6222944348160984 0.4578331394780559 0.01953125 0.03389830508474576
0 0.6198090546991394 0.4453997962329374 0.01953125 0.03389830508474576
0 0.6183470663950458 0.448952180017257 0.01953125 0.03389830508474576
0 0.6084055459272094 0.4494596634150169 0.01953125 0.03389830508474576
0 0.6003646102546949 0.448952180017257 0.01953125 0.03389830508474576
0 0.5991950196114201 0.4517433387049366 0.01953125 0.03389830508474576
0 0.5997798149330575 0.4418474124486179 0.01953125 0.03389830508474576
0 0.601241803237151 0.433473936385579 0.01953125 0.03389830508474576
0 0.5907154874476773 0.4494596634150169 0.01953125 0.03389830508474576
0 0.5791657798453381 0.4446385711362975 0.01953125 0.03389830508474576
0 0.5760956044067417 0.44616102132957736 0.01953125 0.03389830508474576
0 0.5728792301377358 0.44641476302845734 0.01953125 0.03389830508474576
0 0.5714172418336423 0.45554946418813613 0.01953125 0.03389830508474576
0 0.5750722125938762 0.4530120471993365 0.01953125 0.03389830508474576
0 0.5720020371552796 0.4606242981657356 0.01953125 0.03389830508474576
0 0.5807739669798411 0.4636691985522952 0.01953125 0.03389830508474576
0 0.5829669494359814 0.4560569475858961 0.01953125 0.03389830508474576
0 0.5850137330617124 0.45554946418813613 0.01953125 0.03389830508474576
0 0.59013069212604 0.4601168147679756 0.01953125 0.03389830508474576
0 0.5953938500207768 0.45960933137021565 0.01953125 0.03389830508474576
0 0.5636687038219463 0.45478823909149635 0.01953125 0.03389830508474576
0 0.5636687038219463 0.4682365491321345 0.01953125 0.03389830508474576
0 0.5904230897868586 0.47178893291645413 0.01953125 0.03389830508474576
0 0.5934932652254551 0.4659528738422149 0.01953125 0.03389830508474576
0 0.6000722125938761 0.4750875750018937 0.01953125 0.03389830508474576
0 0.5948090546991394 0.4712814495186943 0.01953125 0.03389830508474576
0 0.6057739669798411 0.45960933137021565 0.01953125 0.03389830508474576
0 0.6151306921260399 0.45326578889821645 0.01953125 0.03389830508474576
0 0.615569288617268 0.4679828074332546 0.01953125 0.03389830508474576
0 0.6076745517751627 0.48016240897949314 0.01953125 0.03389830508474576
0 0.6233178266289638 0.4682365491321345 0.01953125 0.03389830508474576
0 0.6171774757517708 0.4761025417974136 0.01953125 0.03389830508474576
0 0.6310663646406598 0.4768637668940536 0.01953125 0.03389830508474576
0 0.636037124874578 0.4672215823366147 0.01953125 0.03389830508474576
0 0.6418850780909523 0.46392294025117514 0.01953125 0.03389830508474576
0 0.6404230897868587 0.4763562834962936 0.01953125 0.03389830508474576
0 0.6464172418336424 0.4743263499052538 0.01953125 0.03389830508474576
0 0.6502184114242856 0.473565124808614 0.01953125 0.03389830508474576
0 0.6724406336465077 0.4707739661209343 0.01953125 0.03389830508474576
0 0.6698090546991393 0.46899777422877453 0.01953125 0.03389830508474576
0 0.686037124874578 0.4725501580130941 0.01953125 0.03389830508474576
0 0.6807739669798412 0.47914744218397326 0.01953125 0.03389830508474576
0 0.6551891716582037 0.4814311174738929 0.01953125 0.03389830508474576
0 0.6481716277985545 0.48193860087165286 0.01953125 0.03389830508474576
0 0.6385225049915371 0.48726717654813223 0.01953125 0.03389830508474576
0 0.6505108090851043 0.4915807854290917 0.01953125 0.03389830508474576
0 0.6746336161026482 0.4849835012582125 0.01953125 0.03389830508474576
0 0.6797505751669756 0.4923420105257316 0.01953125 0.03389830508474576
0 0.682820750605572 0.4920882688268516 0.01953125 0.03389830508474576
0 0.6266803997283791 0.48092363407613303 0.01953125 0.03389830508474576
0 0.5921774757517709 0.48371479276381263 0.01953125 0.03389830508474576
0 0.5825283529447534 0.48371479276381263 0.01953125 0.03389830508474576
0 0.6024113938804259 0.49386446071901136 0.01953125 0.03389830508474576
0 0.5759494055763323 0.4941182024178914 0.01953125 0.03389830508474576
0 0.5734640254593733 0.49310323562237146 0.01953125 0.03389830508474576
0 0.5698090546991393 0.49310323562237146 0.01953125 0.03389830508474576
0 0.569224259377502 0.489043368440292 0.01953125 0.03389830508474576
0 0.5734640254593733 0.49031207693469187 0.01953125 0.03389830508474576
0 0.6924698734125895 0.3850092718995049 0.01953125 0.03389830508474576
0 0.4915926804301334 0.5867339225090797 0.01953125 0.03389830508474576
0 0.47521841142428545 0.577091737951641 0.01953125 0.03389830508474576
0 0.47200203715527955 0.5791216715426807 0.01953125 0.03389830508474576
0 0.48457513657048423 0.5699869703830018 0.01953125 0.03389830508474576
0 0.5199552535295485 0.5649121364054025 0.01953125 0.03389830508474576
0 0.5278499903716538 0.5628822028143627 0.01953125 0.03389830508474576
0 0.5366219201962152 0.5628822028143627 0.01953125 0.03389830508474576
0 0.520540048851186 0.5897788228956394 0.01953125 0.03389830508474576
0 0.5252184114242854 0.5831815387247602 0.01953125 0.03389830508474576
0 0.5035809845237006 0.5831815387247602 0.01953125 0.03389830508474576
0 0.5155692886172678 0.6060182916239574 0.01953125 0.03389830508474576
0 0.5018265985587883 0.6222577603522753 0.01953125 0.03389830508474576
0 0.5284347856932913 0.6542292144111512 0.01953125 0.03389830508474576
0 0.5491950196114199 0.6151529927836362 0.01953125 0.03389830508474576
0 0.5377915108394901 0.5953611402709986 0.01953125 0.03389830508474576
0 0.5316511599622971 0.5872414059068397 0.01953125 0.03389830508474576
0 0.5679084699038176 0.5542549850524439 0.01953125 0.03389830508474576
0 0.5646920956348117 0.537508032926366 0.01953125 0.03389830508474576
0 0.5591365400792562 0.5755692877583611 0.01953125 0.03389830508474576
0 0.5784347856932912 0.5953611402709986 0.01953125 0.03389830508474576
0 0.5874991131786714 0.5897788228956394 0.01953125 0.03389830508474576
0 0.593054668734227 0.5796291549404406 0.01953125 0.03389830508474576
0 0.5635225049915369 0.5989135240553183 0.01953125 0.03389830508474576
0 0.5702476511903672 0.6268251109321147 0.01953125 0.03389830508474576
0 0.5486102242897825 0.6587965649909908 0.01953125 0.03389830508474576
0 0.5708324465120047 0.6740210669237888 0.01953125 0.03389830508474576
0 0.5971482359856889 0.641034646069393 0.01953125 0.03389830508474576
0 0.6050429728277942 0.720202056119943 0.01953125 0.03389830508474576
0 0.5851599318921217 0.7141122553468238 0.01953125 0.03389830508474576
0 0.5711248441728234 0.6953353696297062 0.01953125 0.03389830508474576
0 0.5632301073307181 0.7176646391311434 0.01953125 0.03389830508474576
0 0.6158616862780867 0.6958428530274662 0.01953125 0.03389830508474576
0 0.6275575927108351 0.7141122553468238 0.01953125 0.03389830508474576
0 0.6301891716582034 0.6445870298537126 0.01953125 0.03389830508474576
0 0.6126453120090807 0.6308849781141942 0.01953125 0.03389830508474576
0 0.6176160722429989 0.6131230591925965 0.01953125 0.03389830508474576
0 0.6301891716582034 0.6151529927836362 0.01953125 0.03389830508474576
0 0.6272651950500163 0.5887638561001195 0.01953125 0.03389830508474576
0 0.6214172418336421 0.5953611402709986 0.01953125 0.03389830508474576
0 0.6108909260441684 0.5867339225090797 0.01953125 0.03389830508474576
0 0.6050429728277942 0.5791216715426807 0.01953125 0.03389830508474576
0 0.6006570079155135 0.6024659078396377 0.01953125 0.03389830508474576
0 0.5810663646406596 0.5649121364054025 0.01953125 0.03389830508474576
0 0.5857447272137591 0.5542549850524439 0.01953125 0.03389830508474576
0 0.5874991131786714 0.5446128004950052 0.01953125 0.03389830508474576
0 0.6152768909564491 0.5035066452764502 0.01953125 0.03389830508474576
0 0.631651159962297 0.552225051461404 0.01953125 0.03389830508474576
0 0.632820750605572 0.5720169039740416 0.01953125 0.03389830508474576
0 0.5755108090851041 0.5496876344726044 0.01953125 0.03389830508474576
0 0.5781423880324725 0.5461352506882848 0.01953125 0.03389830508474576
0 0.5822359552839345 0.5385229997218858 0.01953125 0.03389830508474576
0 0.5772651950500164 0.5298957819599668 0.01953125 0.03389830508474576
0 0.5749260137634667 0.5258359147778875 0.01953125 0.03389830508474576
0 0.5717096394944609 0.536493066130846 0.01953125 0.03389830508474576
0 0.5632301073307181 0.5293882985622069 0.01953125 0.03389830508474576
0 0.5679084699038176 0.5268508815734072 0.01953125 0.03389830508474576
0 0.5673236745821801 0.5187311472092482 0.01953125 0.03389830508474576
0 0.5743412184418295 0.5149250217260487 0.01953125 0.03389830508474576
0 0.5759494055763325 0.5192386306070083 0.01953125 0.03389830508474576
0 0.5775575927108354 0.5090889626518095 0.01953125 0.03389830508474576
0 0.5883763061611278 0.4923420105257316 0.01953125 0.03389830508474576
0 0.5861833237049875 0.5004617448898906 0.01953125 0.03389830508474576
0 0.5834055459272097 0.4956406526111712 0.01953125 0.03389830508474576
0 0.5951014523599583 0.5009692282876504 0.01953125 0.03389830508474576
0 0.5952476511903676 0.5093427043506894 0.01953125 0.03389830508474576
0 0.6015342008979698 0.5090889626518095 0.01953125 0.03389830508474576
0 0.5980254289681454 0.50477535377085 0.01953125 0.03389830508474576
0 0.6084055459272097 0.4984318112988508 0.01953125 0.03389830508474576
0 0.5951014523599583 0.5182236638114884 0.01953125 0.03389830508474576
0 0.5858909260441687 0.5126413464361291 0.01953125 0.03389830508474576
0 0.5829669494359816 0.520761080800288 0.01953125 0.03389830508474576
0 0.5809201658102506 0.5154325051238087 0.01953125 0.03389830508474576
0 0.5573821541143442 0.49716310280445103 0.01953125 0.03389830508474576
0 0.5541657798453383 0.4923420105257316 0.01953125 0.03389830508474576
0 0.5575283529447536 0.48371479276381263 0.01953125 0.03389830508474576
0 0.5617681190266248 0.47559505839965366 0.01953125 0.03389830508474576
0 0.5562125634710693 0.4700127410242943 0.01953125 0.03389830508474576
0 0.5563587623014786 0.4659528738422149 0.01953125 0.03389830508474576
0 0.5591365400792564 0.46493790704669496 0.01953125 0.03389830508474576
0 0.5619143178570343 0.5019841950831704 0.01953125 0.03389830508474576
0 0.5608909260441687 0.5118801213394891 0.01953125 0.03389830508474576
0 0.5695166570383208 0.5111188962428492 0.01953125 0.03389830508474576
0 0.5648382944652214 0.5093427043506894 0.01953125 0.03389830508474576
0 0.587645312009081 0.5342093908409263 0.01953125 0.03389830508474576
0 0.5836979435880284 0.529388298562207 0.01953125 0.03389830508474576
0 0.5913002827693149 0.5435978336994852 0.01953125 0.03389830508474576
0 0.5459786453424142 0.5755692877583612 0.01953125 0.03389830508474576
0 0.6256570079155138 0.5814053468326006 0.01953125 0.03389830508474576
0 0.6135956044067419 0.4908195603324525 0.01953125 0.03389830508474576
0 0.6225137330617126 0.4957675234606119 0.01953125 0.03389830508474576
0 0.6230985283833501 0.5087083501034902 0.01953125 0.03389830508474576
0 0.6263880020675606 0.5055365788674907 0.01953125 0.03389830508474576
0 0.6285809845237009 0.502872291029251 0.01953125 0.03389830508474576
0 0.6268265985587885 0.5003348740404514 0.01953125 0.03389830508474576
0 0.6273382944652214 0.4975437153527717 0.01953125 0.03389830508474576
0 0.6296043763365664 0.49703623195501173 0.01953125 0.03389830508474576
0 0.6337710430032331 0.494752556665092 0.01953125 0.03389830508474576
0 0.6354523295529406 0.49107330203133254 0.01953125 0.03389830508474576
0 0.6374260137634671 0.4925957522246123 0.01953125 0.03389830508474576
0 0.6391073003131746 0.49627500685837184 0.01953125 0.03389830508474576
0 0.6396189962196074 0.5010960991370912 0.01953125 0.03389830508474576
0 0.6434932652254554 0.49843181129885156 0.01953125 0.03389830508474576
0 0.6453938500207769 0.4943719441167721 0.01953125 0.03389830508474576
0 0.6463441424184377 0.5019841950831712 0.01953125 0.03389830508474576
0 0.6526306921260401 0.502872291029251 0.01953125 0.03389830508474576
0 0.6551891716582039 0.4955137817617319 0.01953125 0.03389830508474576
0 0.6608909260441688 0.5104845419956501 0.01953125 0.03389830508474576
0 0.6518996979739933 0.5080739958562904 0.01953125 0.03389830508474576
0 0.6476599318921219 0.5160668593710093 0.01953125 0.03389830508474576
0 0.6481716277985546 0.5222835309935686 0.01953125 0.03389830508474576
0 0.6527037915412447 0.5229178852407685 0.01953125 0.03389830508474576
0 0.6517534991435839 0.5153056342743695 0.01953125 0.03389830508474576
0 0.6570897564535254 0.5189848889081291 0.01953125 0.03389830508474576
0 0.6567242593775021 0.5258359147778882 0.01953125 0.03389830508474576
0 0.6582593470968003 0.5286270734655678 0.01953125 0.03389830508474576
0 0.6602330313073266 0.5353512284858869 0.01953125 0.03389830508474576
0 0.6553353704886132 0.5387767414207665 0.01953125 0.03389830508474576
0 0.6493412184418296 0.5381423871735667 0.01953125 0.03389830508474576
0 0.6451745517751629 0.5325600697982074 0.01953125 0.03389830508474576
0 0.6445897564535255 0.5385229997218866 0.01953125 0.03389830508474576
0 0.6398382944652213 0.5349706159375669 0.01953125 0.03389830508474576
0 0.6385225049915372 0.5206342099508487 0.01953125 0.03389830508474576
0 0.6422505751669757 0.5140369257799696 0.01953125 0.03389830508474576
0 0.6414464815997243 0.5089620918023702 0.01953125 0.03389830508474576
0 0.6372067155178529 0.5068052873618906 0.01953125 0.03389830508474576
0 0.6335517447576191 0.5075665124585305 0.01953125 0.03389830508474576
0 0.6332593470968003 0.5002080031910114 0.01953125 0.03389830508474576
0 0.6243412184418295 0.5196192431553289 0.01953125 0.03389830508474576
0 0.6262418032371513 0.5104845419956501 0.01953125 0.03389830508474576
0 0.6242681190266249 0.5131488298338898 0.01953125 0.03389830508474576
0 0.6695897564535255 0.5534937599558047 0.01953125 0.03389830508474576
0 0.6701745517751629 0.5343362616903672 0.01953125 0.03389830508474576
0 0.6730985283833499 0.5302763945082877 0.01953125 0.03389830508474576
0 0.675145312009081 0.5260896564767683 0.01953125 0.03389830508474576
0 0.6716365400792563 0.5225372726924487 0.01953125 0.03389830508474576
0 0.6653499903716541 0.5252015605306883 0.01953125 0.03389830508474576
0 0.6720751365704845 0.5137831840810898 0.01953125 0.03389830508474576
0 0.6702476511903676 0.5099770585978902 0.01953125 0.03389830508474576
0 0.669004961131888 0.5064246748135708 0.01953125 0.03389830508474576
0 0.6679084699038179 0.5043947412225309 0.01953125 0.03389830508474576
0 0.6672505751669758 0.5075665124585306 0.01953125 0.03389830508474576
0 0.671271043003233 0.503760386975331 0.01953125 0.03389830508474576
0 0.6735371248745781 0.49970051979325153 0.01953125 0.03389830508474576
0 0.6770458968044026 0.5026185493303712 0.01953125 0.03389830508474576
0 0.6803353704886131 0.5007154865887714 0.01953125 0.03389830508474576
0 0.6773382944652213 0.5106114128450902 0.01953125 0.03389830508474576
0 0.6748529143482623 0.5078202541574105 0.01953125 0.03389830508474576
0 0.6757301073307185 0.5135294423822098 0.01953125 0.03389830508474576
0 0.6819435576231161 0.5150518925754897 0.01953125 0.03389830508474576
0 0.6831862476815956 0.5106114128450902 0.01953125 0.03389830508474576
0 0.6822359552839349 0.5005886157393314 0.01953125 0.03389830508474576
0 0.6940780605470928 0.49995426149213146 0.01953125 0.03389830508474576
0 0.6942242593775021 0.5046484829214108 0.01953125 0.03389830508474576
0 0.6936394640558646 0.5073127707596505 0.01953125 0.03389830508474576
0 0.6932739669798413 0.5112457670922901 0.01953125 0.03389830508474576
0 0.6889611014827652 0.5147981508766096 0.01953125 0.03389830508474576
0 0.6875722125938764 0.5328138114970874 0.01953125 0.03389830508474576
0 0.6838441424184377 0.5246940771329284 0.01953125 0.03389830508474576
0 0.6814318617166834 0.5325600697982075 0.01953125 0.03389830508474576
0 0.6786540839389056 0.5349706159375672 0.01953125 0.03389830508474576
0 0.6761687038219466 0.5387767414207666 0.01953125 0.03389830508474576
0 0.6753646102546951 0.5325600697982075 0.01953125 0.03389830508474576
0 0.6793119786757477 0.5438515753983659 0.01953125 0.03389830508474576
0 0.686475721365806 0.5411872875601264 0.01953125 0.03389830508474576
0 0.6873529143482623 0.543597833699486 0.01953125 0.03389830508474576
0 0.6901306921260401 0.5455008964410859 0.01953125 0.03389830508474576
0 0.6909347856932915 0.5536206308052447 0.01953125 0.03389830508474576
0 0.6839903412488471 0.5541281142030047 0.01953125 0.03389830508474576
0 0.6983909260441686 0.5474039591826856 0.01953125 0.03389830508474576
0 0.6962710430032331 0.5396648373668466 0.01953125 0.03389830508474576
0 0.7076014523599582 0.5505757304186851 0.01953125 0.03389830508474576
0 0.7141073003131746 0.5503219887198051 0.01953125 0.03389830508474576
0 0.7104523295529407 0.544105317097246 0.01953125 0.03389830508474576
0 0.7029961892020635 0.5334481657442873 0.01953125 0.03389830508474576
0 0.7000722125938763 0.5287539443150079 0.01953125 0.03389830508474576
0 0.7023382944652213 0.5208879516497289 0.01953125 0.03389830508474576
0 0.6957593470968003 0.5246940771329284 0.01953125 0.03389830508474576
0 0.695613148266391 0.5147981508766096 0.01953125 0.03389830508474576
0 0.6987564231201921 0.5140369257799697 0.01953125 0.03389830508474576
0 0.6966365400792565 0.51175325049005 0.01953125 0.03389830508474576
0 0.6967827389096658 0.5084546084046104 0.01953125 0.03389830508474576
0 0.7019727973891979 0.5068052873618907 0.01953125 0.03389830508474576
0 0.7005108090851043 0.5008423574382114 0.01953125 0.03389830508474576
0 0.69809852838335 0.5028722910292511 0.01953125 0.03389830508474576
0 0.7057008675646366 0.5005886157393314 0.01953125 0.03389830508474576
0 0.7100137330617126 0.5003348740404515 0.01953125 0.03389830508474576
0 0.7123529143482623 0.5029991618786911 0.01953125 0.03389830508474576
0 0.7194435576231161 0.5014767116854113 0.01953125 0.03389830508474576
0 0.7165926804301337 0.4993199072449315 0.01953125 0.03389830508474576
0 0.7162271833541102 0.5047753537708509 0.01953125 0.03389830508474576
0 0.7161540839389056 0.5102308002967701 0.01953125 0.03389830508474576
0 0.71059852838335 0.5170818261665293 0.01953125 0.03389830508474576
0 0.7107447272137594 0.5108651545439701 0.01953125 0.03389830508474576
0 0.7133763061611278 0.5092158335012503 0.01953125 0.03389830508474576
0 0.7078207506055723 0.5049022246202909 0.01953125 0.03389830508474576
0 0.7033616862780868 0.5112457670922901 0.01953125 0.03389830508474576
0 0.7168850780909523 0.5252015605306883 0.01953125 0.03389830508474576
0 0.7195897564535254 0.5208879516497289 0.01953125 0.03389830508474576
0 0.7206862476815956 0.5559043060951645 0.01953125 0.03389830508474576
0 0.688083908500309 0.4598630730690957 0.01953125 0.03389830508474576
0 0.6908616862780868 0.4608780398646155 0.01953125 0.03389830508474576
0 0.6978792301377359 0.4608780398646155 0.01953125 0.03389830508474576
0 0.6975868324769172 0.4664603572399748 0.01953125 0.03389830508474576
0 0.6953938500207768 0.47204267461533406 0.01953125 0.03389830508474576
0 0.6874991131786715 0.48650595145149234 0.01953125 0.03389830508474576
0 0.6958324465120048 0.4842222761615726 0.01953125 0.03389830508474576
0 0.7243412184418295 0.47052022442205427 0.01953125 0.03389830508474576
0 0.7355985283833499 0.46316171515453525 0.01953125 0.03389830508474576
0 0.7331131482663908 0.46113178156349544 0.01953125 0.03389830508474576
0 0.723975721365806 0.48599846805373237 0.01953125 0.03389830508474576
0 0.7168850780909521 0.4951331692134112 0.01953125 0.03389830508474576
0 0.7002915108394903 0.49576752346061115 0.01953125 0.03389830508474576
0 0.7028499903716539 0.4933569773212514 0.01953125 0.03389830508474576
0 0.6945897564535253 0.4947525566650912 0.01953125 0.03389830508474576
0 0.6967827389096656 0.4950062983639712 0.01953125 0.03389830508474576
0 0.6936394640558645 0.49855868214829074 0.01953125 0.03389830508474576
0 0.688961101482765 0.496782490256131 0.01953125 0.03389830508474576
0 0.68669501961142 0.5007154865887705 0.01953125 0.03389830508474576
0 0.6876453120090809 0.49424507326733125 0.01953125 0.03389830508474576
0 0.6863295225353966 0.49310323562237146 0.01953125 0.03389830508474576
0 0.7279230897868586 0.480669892377253 0.01953125 0.03389830508474576
0 0.7374991131786716 0.4759756709479736 0.01953125 0.03389830508474576
0 0.7458324465120049 0.4697589993254144 0.01953125 0.03389830508474576
0 0.7490488207810108 0.46925151592765446 0.01953125 0.03389830508474576
0 0.7548236745821802 0.4711545786692542 0.01953125 0.03389830508474576
0 0.7643996979739931 0.46950525762653444 0.01953125 0.03389830508474576
0 0.7695166570383206 0.46734845318605467 0.01953125 0.03389830508474576
0 0.7750722125938762 0.4711545786692542 0.01953125 0.03389830508474576
0 0.7676160722429989 0.47559505839965366 0.01953125 0.03389830508474576
0 0.7559932652254552 0.47622941264685353 0.01953125 0.03389830508474576
0 0.7478792301377358 0.4799086672806131 0.01953125 0.03389830508474576
0 0.7452476511903674 0.4898045935369319 0.01953125 0.03389830508474576
0 0.755554668734227 0.48511037210765245 0.01953125 0.03389830508474576
0 0.7633763061611277 0.49386446071901136 0.01953125 0.03389830508474576
0 0.7664464815997242 0.49982739064269055 0.01953125 0.03389830508474576
0 0.7748529143482621 0.49602126515949113 0.01953125 0.03389830508474576
0 0.7749991131786714 0.5032529035775701 0.01953125 0.03389830508474576
0 0.7720751365704843 0.5024916784809302 0.01953125 0.03389830508474576
0 0.7731716277985545 0.5069321582113296 0.01953125 0.03389830508474576
0 0.7715634406640517 0.5154325051238086 0.01953125 0.03389830508474576
0 0.7674698734125897 0.5088352209529294 0.01953125 0.03389830508474576
0 0.7622798149330574 0.5065515456630098 0.01953125 0.03389830508474576
0 0.7611102242897827 0.4971631028044509 0.01953125 0.03389830508474576
0 0.7585517447576189 0.5075665124585296 0.01953125 0.03389830508474576
0 0.7532154874476773 0.49386446071901136 0.01953125 0.03389830508474576
0 0.7522651950500165 0.5056634497169299 0.01953125 0.03389830508474576
0 0.7502184114242856 0.496782490256131 0.01953125 0.03389830508474576
0 0.7459786453424141 0.5057903205663699 0.01953125 0.03389830508474576
0 0.7463441424184376 0.49944677809437066 0.01953125 0.03389830508474576
0 0.7478061307225312 0.4952600400628512 0.01953125 0.03389830508474576
0 0.7407154874476773 0.5031260327281302 0.01953125 0.03389830508474576
0 0.7398382944652212 0.49500629836397125 0.01953125 0.03389830508474576
0 0.7282154874476774 0.488409014193092 0.01953125 0.03389830508474576
0 0.7322359552839347 0.48955085183805197 0.01953125 0.03389830508474576
0 0.7276306921260399 0.50477535377085 0.01953125 0.03389830508474576
0 0.7315049611318879 0.5045216120719701 0.01953125 0.03389830508474576
0 0.7351599318921218 0.5013498408359705 0.01953125 0.03389830508474576
0 0.7364757213658061 0.5084546084046095 0.01953125 0.03389830508474576
0 0.7311394640558644 0.5125144755866891 0.01953125 0.03389830508474576
0 0.7332593470968001 0.5165743427687685 0.01953125 0.03389830508474576
0 0.7347213354008937 0.513275700683329 0.01953125 0.03389830508474576
0 0.7270458968044025 0.5156862468226886 0.01953125 0.03389830508474576
0 0.7402037915412446 0.521014822499168 0.01953125 0.03389830508474576
0 0.7390342008979698 0.5163206010698885 0.01953125 0.03389830508474576
0 0.7461248441728237 0.5172086970159685 0.01953125 0.03389830508474576
0 0.7483909260441687 0.5111188962428492 0.01953125 0.03389830508474576
0 0.751022504991537 0.5160668593710085 0.01953125 0.03389830508474576
0 0.7578938500207767 0.5194923723058882 0.01953125 0.03389830508474576
0 0.7595751365704844 0.5139100549305289 0.01953125 0.03389830508474576
0 0.7625722125938762 0.5180967929620485 0.01953125 0.03389830508474576
0 0.7124991131786714 0.48219234257053284 0.01953125 0.03389830508474576
0 0.6842827389096657 0.7237544399042626 0.01953125 0.03389830508474576
0 0.6486102242897827 0.7115748383580242 0.01953125 0.03389830508474576
0 0.6632301073307183 0.7024401371983453 0.01953125 0.03389830508474576
0 0.6760956044067418 0.6841707348789875 0.01953125 0.03389830508474576
0 0.6667388792605429 0.648646897035792 0.01953125 0.03389830508474576
0 0.6667388792605429 0.6273325943298746 0.01953125 0.03389830508474576
0 0.64919501961142 0.6313924615119542 0.01953125 0.03389830508474576
0 0.64919501961142 0.609063192010517 0.01953125 0.03389830508474576
0 0.6509494055763324 0.5897788228956393 0.01953125 0.03389830508474576
0 0.661475721365806 0.5704944537807618 0.01953125 0.03389830508474576
0 0.6556277681494318 0.5572998854390034 0.01953125 0.03389830508474576
0 0.6439318617166832 0.5623747194166028 0.01953125 0.03389830508474576
0 0.6556277681494318 0.5481651842793245 0.01953125 0.03389830508474576
0 0.6445166570383206 0.5451202838927649 0.01953125 0.03389830508474576
0 0.7301891716582036 0.7450687426101801 0.01953125 0.03389830508474576
0 0.7266803997283791 0.6917829858453867 0.01953125 0.03389830508474576
0 0.7073821541143439 0.7039625873916252 0.01953125 0.03389830508474576
0 0.6980254289681451 0.720709539517703 0.01953125 0.03389830508474576
0 0.6936394640558644 0.6714836499349893 0.01953125 0.03389830508474576
0 0.6994874172722386 0.6283475611253946 0.01953125 0.03389830508474576
0 0.6965634406640515 0.6395121958761132 0.01953125 0.03389830508474576
0 0.7117681190266246 0.6156604761813961 0.01953125 0.03389830508474576
0 0.705335370488613 0.6197203433634758 0.01953125 0.03389830508474576
0 0.7038733821845193 0.6004359742485982 0.01953125 0.03389830508474576
0 0.6951014523599579 0.5892713394978795 0.01953125 0.03389830508474576
0 0.686914317857034 0.5887638561001196 0.01953125 0.03389830508474576
0 0.6845751365704843 0.6105856422037969 0.01953125 0.03389830508474576
0 0.6752184114242855 0.5963761070665187 0.01953125 0.03389830508474576
0 0.667616072242999 0.6050033248284375 0.01953125 0.03389830508474576
0 0.6939318617166832 0.5801366383382006 0.01953125 0.03389830508474576
0 0.7000722125938761 0.568464520189722 0.01953125 0.03389830508474576
0 0.6872067155178527 0.5715094205762817 0.01953125 0.03389830508474576
0 0.7269727973891978 0.5933312066799589 0.01953125 0.03389830508474576
0 0.7141073003131744 0.5735393541673215 0.01953125 0.03389830508474576
0 0.7296043763365662 0.5557774352457235 0.01953125 0.03389830508474576
0 0.7527037915412446 0.5948536568732388 0.01953125 0.03389830508474576
0 0.7465634406640516 0.5740468375650815 0.01953125 0.03389830508474576
0 0.9938587623014787 0.577599221349401 0.01953125 0.03389830508474576
0 0.9967827389096658 0.5636434279110026 0.01953125 0.03389830508474576
0 0.9972213354008939 0.5362393244319661 0.01953125 0.03389830508474576
0 0.9938587623014787 0.5298957819599668 0.01953125 0.03389830508474576
0 0.9938587623014787 0.521268564198048 0.01953125 0.03389830508474576
0 0.9866950196114201 0.5169549553170885 0.01953125 0.03389830508474576
0 0.9887418032371512 0.5024916784809303 0.01953125 0.03389830508474576
0 0.9834786453424144 0.5024916784809303 0.01953125 0.03389830508474576
0 0.9809932652254553 0.5035066452764502 0.01953125 0.03389830508474576
0 0.9793850780909523 0.5075665124585297 0.01953125 0.03389830508474576
0 0.9786540839389055 0.496909361105571 0.01953125 0.03389830508474576
0 0.9812856628862741 0.496909361105571 0.01953125 0.03389830508474576
0 0.9729523295529408 0.5111188962428492 0.01953125 0.03389830508474576
0 0.9678353704886132 0.5093427043506894 0.01953125 0.03389830508474576
0 0.9684201658102507 0.5027454201798103 0.01953125 0.03389830508474576
0 0.9638880020675606 0.5024916784809303 0.01953125 0.03389830508474576
0 0.9581862476815957 0.5022379367820503 0.01953125 0.03389830508474576
0 0.9573090546991394 0.496401877707811 0.01953125 0.03389830508474576
0 0.9555546687342271 0.5024916784809303 0.01953125 0.03389830508474576
0 0.956724259377502 0.5106114128450893 0.01953125 0.03389830508474576
0 0.9590634406640518 0.5149250217260487 0.01953125 0.03389830508474576
0 0.9656423880324728 0.5192386306070083 0.01953125 0.03389830508474576
0 0.9630108090851044 0.5238059811868476 0.01953125 0.03389830508474576
0 0.9757301073307185 0.5172086970159685 0.01953125 0.03389830508474576
0 0.9805546687342273 0.5189848889081282 0.01953125 0.03389830508474576
0 0.9842096394944612 0.5326869406476465 0.01953125 0.03389830508474576
0 0.9812856628862741 0.5298957819599668 0.01953125 0.03389830508474576
0 0.9752915108394904 0.5326869406476465 0.01953125 0.03389830508474576
0 0.9802622710734086 0.5352243576364462 0.01953125 0.03389830508474576
0 0.9883032067459231 0.5486726676770844 0.01953125 0.03389830508474576
0 0.9887418032371512 0.5415679001084454 0.01953125 0.03389830508474576
0 0.9808470663950459 0.5458815089894049 0.01953125 0.03389830508474576
0 0.9773382944652215 0.5468964757849247 0.01953125 0.03389830508474576
0 0.973537124874578 0.5540012433535639 0.01953125 0.03389830508474576
0 0.9673967739973851 0.5514638263647643 0.01953125 0.03389830508474576
0 0.9701745517751629 0.5600910441266831 0.01953125 0.03389830508474576
0 0.97763069212604 0.569479486985242 0.01953125 0.03389830508474576
0 0.9757301073307185 0.5831815387247602 0.01953125 0.03389830508474576
0 0.9843558383248705 0.5682107784908421 0.01953125 0.03389830508474576
0 0.985379230137736 0.5727781290706816 0.01953125 0.03389830508474576
0 0.9565780605470927 0.552986276558044 0.01953125 0.03389830508474576
0 0.954238879260543 0.536493066130846 0.01953125 0.03389830508474576
0 0.9576014523599582 0.5309107487554868 0.01953125 0.03389830508474576
0 0.9536540839389056 0.5271046232722872 0.01953125 0.03389830508474576
0 0.9499991131786717 0.5169549553170885 0.01953125 0.03389830508474576
0 0.9488295225353968 0.5106114128450893 0.01953125 0.03389830508474576
0 0.9434201658102506 0.513656313231649 0.01953125 0.03389830508474576
0 0.9400575927108353 0.5111188962428492 0.01953125 0.03389830508474576
0 0.9369874172722389 0.5012229699865305 0.01953125 0.03389830508474576
0 0.9311394640558646 0.5035066452764502 0.01953125 0.03389830508474576
0 0.9346482359856891 0.5075665124585297 0.01953125 0.03389830508474576
0 0.9337710430032331 0.5116263796406092 0.01953125 0.03389830508474576
0 0.9323090546991395 0.5164474719193285 0.01953125 0.03389830508474576
0 0.9326014523599582 0.5177161804137285 0.01953125 0.03389830508474576
0 0.9347944348160985 0.5240597228857277 0.01953125 0.03389830508474576
0 0.9371336161026482 0.5301495236588468 0.01953125 0.03389830508474576
0 0.9435663646406599 0.5344631325398063 0.01953125 0.03389830508474576
0 0.9434201658102506 0.5235522394879677 0.01953125 0.03389830508474576
0 0.9410809845237009 0.5192386306070083 0.01953125 0.03389830508474576
0 0.9381570079155138 0.5380155163241259 0.01953125 0.03389830508474576
0 0.9345020371552798 0.537000549528606 0.01953125 0.03389830508474576
0 0.9352330313073266 0.5420753835062053 0.01953125 0.03389830508474576
0 0.9387418032371513 0.5588223356322833 0.01953125 0.03389830508474576
0 0.8754377096698996 0.48472975955933256 0.01953125 0.03389830508474576
0 0.8893265985587886 0.48193860087165286 0.01953125 0.03389830508474576
0 0.8869874172722388 0.48752091824701216 0.01953125 0.03389830508474576
0 0.8899113938804261 0.48472975955933256 0.01953125 0.03389830508474576
0 0.900583908500309 0.4799086672806132 0.01953125 0.03389830508474576
0 0.9076014523599583 0.4829535676671728 0.01953125 0.03389830508474576
0 0.9076014523599583 0.4905658186335718 0.01953125 0.03389830508474576
0 0.9181277681494319 0.48549098465597246 0.01953125 0.03389830508474576
0 0.8770458968044027 0.49614813600893115 0.01953125 0.03389830508474576
0 0.8952476511903675 0.4994467780943707 0.01953125 0.03389830508474576
0 0.90153420089797 0.5018573242337304 0.01953125 0.03389830508474576
0 0.9035809845237008 0.5004617448898906 0.01953125 0.03389830508474576
0 0.9051160722429991 0.49716310280445103 0.01953125 0.03389830508474576
0 0.9083324465120051 0.496782490256131 0.01953125 0.03389830508474576
0 0.9171043763365665 0.497289973653891 0.01953125 0.03389830508474576
0 0.9149113938804261 0.4994467780943707 0.01953125 0.03389830508474576
0 0.9131570079155137 0.5021110659326103 0.01953125 0.03389830508474576
0 0.9255839085003091 0.5395379665174058 0.01953125 0.03389830508474576
0 0.9216365400792564 0.5196192431553283 0.01953125 0.03389830508474576
0 0.929019581014929 0.5101039294473294 0.01953125 0.03389830508474576
0 0.920613148266391 0.5047753537708501 0.01953125 0.03389830508474576
0 0.9272651950500167 0.50566344971693 0.01953125 0.03389830508474576
0 0.9285809845237009 0.50566344971693 0.01953125 0.03389830508474576
0 0.9222944348160986 0.49741684450333096 0.01953125 0.03389830508474576
0 0.9176160722429991 0.5092158335012495 0.01953125 0.03389830508474576
0 0.9125722125938762 0.5088352209529295 0.01953125 0.03389830508474576
0 0.9134494055763325 0.5177161804137285 0.01953125 0.03389830508474576
0 0.9143265985587886 0.5235522394879677 0.01953125 0.03389830508474576
0 0.9170312769213617 0.5191117597575683 0.01953125 0.03389830508474576
0 0.9198821541143442 0.5328138114970866 0.01953125 0.03389830508474576
0 0.9161540839389055 0.5524787931602843 0.01953125 0.03389830508474576
0 0.910817826628964 0.5572998854390036 0.01953125 0.03389830508474576
0 0.906285662886274 0.5420753835062053 0.01953125 0.03389830508474576
0 0.8986833237049875 0.545120283892765 0.01953125 0.03389830508474576
0 0.894224259377502 0.5536206308052439 0.01953125 0.03389830508474576
0 0.8915926804301336 0.5415679001084455 0.01953125 0.03389830508474576
0 0.8895458968044027 0.537254291227486 0.01953125 0.03389830508474576
0 0.8964172418336425 0.5383961288724459 0.01953125 0.03389830508474576
0 0.888814902652356 0.49855868214829085 0.01953125 0.03389830508474576
0 0.8894727973891979 0.5080739958562897 0.01953125 0.03389830508474576
0 0.9012418032371512 0.5085814792540496 0.01953125 0.03389830508474576
0 0.9065049611318879 0.5083277375551696 0.01953125 0.03389830508474576
0 0.9035078851084962 0.5192386306070083 0.01953125 0.03389830508474576
0 0.9059201658102507 0.5205073391014081 0.01953125 0.03389830508474576
0 0.8883763061611278 0.5186042763598084 0.01953125 0.03389830508474576
0 0.8851599318921219 0.5109920253934093 0.01953125 0.03389830508474576
0 0.8916657798453382 0.530022652809407 0.01953125 0.03389830508474576
0 0.8975868324769172 0.5309107487554868 0.01953125 0.03389830508474576
0 0.9029230897868589 0.5330675531959667 0.01953125 0.03389830508474576
0 0.90606636464066 0.5277389775194872 0.01953125 0.03389830508474576
0 0.9070166570383208 0.5371274203780461 0.01953125 0.03389830508474576
0 0.9033616862780869 0.537761774625246 0.01953125 0.03389830508474576
0 0.8859640254593735 0.5443590587961251 0.01953125 0.03389830508474576
0 0.9050429728277944 0.5555236935468437 0.01953125 0.03389830508474576
0 0.9084786453424143 0.5493070219242845 0.01953125 0.03389830508474576
0 0.9141803997283793 0.5500682470209244 0.01953125 0.03389830508474576
0 0.9389611014827652 0.5070590290607698 0.01953125 0.03389830508474576
0 0.9484640254593734 0.529895781959967 0.01953125 0.03389830508474576
0 0.9797505751669756 0.6308849781141942 0.01953125 0.03389830508474576
0 0.9727330313073266 0.6684387495484295 0.01953125 0.03389830508474576
0 0.8975868324769172 0.6131230591925965 0.01953125 0.03389830508474576
0 0.895832446512005 0.5887638561001195 0.01953125 0.03389830508474576
0 0.9025575927108352 0.6461094800469923 0.01953125 0.03389830508474576
0 0.8689318617166832 0.6440795464559527 0.01953125 0.03389830508474576
0 0.8543119786757477 0.6395121958761132 0.01953125 0.03389830508474576
0 0.8782885868628821 0.5928237232821991 0.01953125 0.03389830508474576
0 0.8858909260441686 0.577091737951641 0.01953125 0.03389830508474576
0 0.8996336161026481 0.5699869703830018 0.01953125 0.03389830508474576
0 0.8823821541143442 0.5593298190300433 0.01953125 0.03389830508474576
0 0.8788733821845196 0.5385229997218859 0.01953125 0.03389830508474576
0 0.8721482359856891 0.537000549528606 0.01953125 0.03389830508474576
0 0.8686394640558646 0.5466427340860448 0.01953125 0.03389830508474576
0 0.8665926804301336 0.561359752621083 0.01953125 0.03389830508474576
0 0.8668850780909524 0.5664345865986823 0.01953125 0.03389830508474576
0 0.8537271833541102 0.5699869703830018 0.01953125 0.03389830508474576
0 0.8364757213658062 0.5867339225090797 0.01953125 0.03389830508474576
0 0.8440780605470927 0.6110931256015568 0.01953125 0.03389830508474576
0 0.8239026219506015 0.5902863062933994 0.01953125 0.03389830508474576
0 0.8072359552839349 0.5867339225090797 0.01953125 0.03389830508474576
0 0.8347213354008939 0.5720169039740417 0.01953125 0.03389830508474576
0 0.8405692886172681 0.5618672360188429 0.01953125 0.03389830508474576
0 0.8385225049915371 0.5522250514614042 0.01953125 0.03389830508474576
0 0.8455400488511863 0.5466427340860448 0.01953125 0.03389830508474576
0 0.7831131482663909 0.45554946418813624 0.01953125 0.03389830508474576
0 0.7908616862780867 0.4535195305970965 0.01953125 0.03389830508474576
0 0.7945166570383206 0.45554946418813624 0.01953125 0.03389830508474576
0 0.7888149026523558 0.47407260820637387 0.01953125 0.03389830508474576
0 0.7872067155178528 0.4824460842694128 0.01953125 0.03389830508474576
0 0.7787271833541102 0.48447601786045263 0.01953125 0.03389830508474576
0 0.796709639494461 0.481431117473893 0.01953125 0.03389830508474576
0 0.8041657798453382 0.48092363407613314 0.01953125 0.03389830508474576
0 0.8085517447576189 0.47838621708733337 0.01953125 0.03389830508474576
0 0.8104523295529406 0.47889370048509333 0.01953125 0.03389830508474576
0 0.8136687038219464 0.4794011838828533 0.01953125 0.03389830508474576
0 0.8165926804301334 0.47483383330301376 0.01953125 0.03389830508474576
0 0.8535809845237008 0.48371479276381274 0.01953125 0.03389830508474576
0 0.8567973587927066 0.48092363407613314 0.01953125 0.03389830508474576
0 0.8607447272137593 0.4778787336895734 0.01953125 0.03389830508474576
0 0.8649844932956307 0.47838621708733337 0.01953125 0.03389830508474576
0 0.8706862476815955 0.48549098465597246 0.01953125 0.03389830508474576
0 0.7812125634710692 0.5098501877484494 0.01953125 0.03389830508474576
0 0.7836979435880282 0.5032529035775702 0.01953125 0.03389830508474576
0 0.7891073003131746 0.4979243279010909 0.01953125 0.03389830508474576
0 0.7895458968044025 0.5037603869753302 0.01953125 0.03389830508474576
0 0.7873529143482622 0.49741684450333096 0.01953125 0.03389830508474576
0 0.7933470663950458 0.5002080031910107 0.01953125 0.03389830508474576
0 0.7955400488511861 0.529388298562207 0.01953125 0.03389830508474576
0 0.7999260137634668 0.5236791103374077 0.01953125 0.03389830508474576
0 0.800803206745923 0.5191117597575683 0.01953125 0.03389830508474576
0 0.8050429728277944 0.5173355678654085 0.01953125 0.03389830508474576
0 0.8081862476815955 0.5149250217260487 0.01953125 0.03389830508474576
0 0.809648235985689 0.514036925779969 0.01953125 0.03389830508474576
0 0.8141073003131745 0.5084546084046095 0.01953125 0.03389830508474576
0 0.8199552535295487 0.5082008667057296 0.01953125 0.03389830508474576
0 0.8246336161026481 0.5070590290607698 0.01953125 0.03389830508474576
0 0.8266073003131744 0.5093427043506894 0.01953125 0.03389830508474576
0 0.8309932652254551 0.5106114128450893 0.01953125 0.03389830508474576
0 0.8301891716582037 0.5165743427687686 0.01953125 0.03389830508474576
0 0.8352330313073265 0.5146712800271689 0.01953125 0.03389830508474576
0 0.8351599318921219 0.521141693348608 0.01953125 0.03389830508474576
0 0.8326745517751627 0.5255821730790076 0.01953125 0.03389830508474576
0 0.8288002827693148 0.5202535974025281 0.01953125 0.03389830508474576
0 0.8205400488511861 0.5164474719193285 0.01953125 0.03389830508474576
0 0.8152768909564494 0.5192386306070083 0.01953125 0.03389830508474576
0 0.8073090546991394 0.5255821730790076 0.01953125 0.03389830508474576
0 0.7994874172722388 0.5402991916140456 0.01953125 0.03389830508474576
0 0.7999991131786715 0.544993413043325 0.01953125 0.03389830508474576
0 0.8043119786757476 0.5385229997218859 0.01953125 0.03389830508474576
0 0.8078207506055721 0.536366195281406 0.01953125 0.03389830508474576
0 0.8124991131786715 0.5394110956679657 0.01953125 0.03389830508474576
0 0.8201745517751627 0.5383961288724458 0.01953125 0.03389830508474576
0 0.8179815693190223 0.5300226528094069 0.01953125 0.03389830508474576
0 0.8226599318921218 0.5259627856273273 0.01953125 0.03389830508474576
0 0.8279961892020634 0.5358587118836462 0.01953125 0.03389830508474576
0 0.8285078851084962 0.5418216418073254 0.01953125 0.03389830508474576
0 0.8245605166874435 0.5494338927737243 0.01953125 0.03389830508474576
0 0.8160078851084961 0.5572998854390036 0.01953125 0.03389830508474576
0 0.8170312769213616 0.5462621215377249 0.01953125 0.03389830508474576
0 0.8142534991435838 0.5656733615020425 0.01953125 0.03389830508474576
0 0.8012418032371511 0.5645315238570826 0.01953125 0.03389830508474576
0 0.8510956044067417 0.5253284313801275 0.01953125 0.03389830508474576
0 0.8100137330617125 0.5481651842793247 0.01953125 0.03389830508474576
0 0.8301891716582037 0.4971631028044509 0.01953125 0.03389830508474576
0 0.8297505751669756 0.5027454201798103 0.01953125 0.03389830508474576
0 0.8374991131786715 0.49919303639549073 0.01953125 0.03389830508474576
0 0.8244874172722387 0.5024916784809302 0.01953125 0.03389830508474576
0 0.8193704582079112 0.5007154865887705 0.01953125 0.03389830508474576
0 0.8160078851084961 0.50477535377085 0.01953125 0.03389830508474576
0 0.8578938500207768 0.49246888137517153 0.01953125 0.03389830508474576
0 0.8774113938804259 0.5027454201798103 0.01953125 0.03389830508474576
0 0.8765342008979697 0.5045216120719701 0.01953125 0.03389830508474576
0 0.8733909260441685 0.5040141286742101 0.01953125 0.03389830508474576
0 0.8663002827693148 0.4988124238471708 0.01953125 0.03389830508474576
0 0.8636687038219463 0.49538691091229126 0.01953125 0.03389830508474576
0 0.8641073003131744 0.5050290954697301 0.01953125 0.03389830508474576
0 0.8596482359856891 0.5009692282876506 0.01953125 0.03389830508474576
0 0.8590634406640516 0.5041409995236501 0.01953125 0.03389830508474576
0 0.8523382944652211 0.49817806959997085 0.01953125 0.03389830508474576
0 0.8491950196114201 0.5106114128450893 0.01953125 0.03389830508474576
0 0.8527768909564493 0.5144175383282888 0.01953125 0.03389830508474576
0 0.8649844932956305 0.513021958984449 0.01953125 0.03389830508474576
0 0.8736833237049872 0.513529442382209 0.01953125 0.03389830508474576
0 0.8773382944652213 0.5141637966294089 0.01953125 0.03389830508474576
0 0.8726599318921217 0.5099770585978893 0.01953125 0.03389830508474576
0 0.880554668734227 0.5088352209529295 0.01953125 0.03389830508474576
0 0.8828207506055721 0.5070590290607698 0.01953125 0.03389830508474576
0 0.8839172418336422 0.5032529035775702 0.01953125 0.03389830508474576
0 0.8841365400792562 0.5253284313801275 0.01953125 0.03389830508474576
0 0.8709055459272095 0.5221566601441278 0.01953125 0.03389830508474576
0 0.8770458968044024 0.5265971398745273 0.01953125 0.03389830508474576
0 0.8724406336465077 0.528627073465567 0.01953125 0.03389830508474576
0 0.8674698734125895 0.5306570070566068 0.01953125 0.03389830508474576
0 0.8633763061611276 0.5253284313801275 0.01953125 0.03389830508474576
0 0.8578938500207768 0.5257090439284475 0.01953125 0.03389830508474576
0 0.8562856628862737 0.529261427712767 0.01953125 0.03389830508474576
0 0.8542388792605429 0.5330675531959665 0.01953125 0.03389830508474576
0 0.854896773997385 0.5088352209529295 0.01953125 0.03389830508474576
0 0.8645458968044024 0.5177161804137285 0.01953125 0.03389830508474576
0 0.715569288617268 0.5347168742386862 0.01953125 0.03389830508474576
0 0.7222944348160983 0.5342093908409262 0.01953125 0.03389830508474576
0 0.7301891716582036 0.5342093908409262 0.01953125 0.03389830508474576
0 0.7287271833541101 0.5243134645846076 0.01953125 0.03389830508474576
0 0.7357447272137593 0.5250746896812475 0.01953125 0.03389830508474576
0 0.7398382944652212 0.5316719738521266 0.01953125 0.03389830508474576
0 0.7369143178570341 0.5337019074431664 0.01953125 0.03389830508474576
0 0.7377915108394901 0.5377617746252459 0.01953125 0.03389830508474576
0 0.7334055459272094 0.5435978336994852 0.01953125 0.03389830508474576
0 0.7421774757517708 0.5471502174838047 0.01953125 0.03389830508474576
0 0.747586832476917 0.5354780993353261 0.01953125 0.03389830508474576
0 0.7456862476815955 0.527865848368927 0.01953125 0.03389830508474576
0 0.7565049611318879 0.536746807829726 0.01953125 0.03389830508474576
0 0.770101452359958 0.5661808448998024 0.01953125 0.03389830508474576
0 0.7797505751669755 0.5519713097625241 0.01953125 0.03389830508474576
0 0.7806277681494316 0.569479486985242 0.01953125 0.03389830508474576
0 0.7929084699038175 0.5677032950930821 0.01953125 0.03389830508474576
0 0.7953938500207767 0.5605985275244431 0.01953125 0.03389830508474576
0 0.798025428968145 0.5537475016546839 0.01953125 0.03389830508474576
0 0.766885078090952 0.6232727271477952 0.01953125 0.03389830508474576
