0 0.01187125057683427 0.9753452765508603 0.02030456852791878 0.02030456852791878
0 0.018364757070340663 0.9217738479794317 0.02030456852791878 0.02030456852791878
0 0.02485826356384717 0.8925530687586526 0.02030456852791878 0.02030456852791878
0 0.03784527655086018 0.8828128090183929 0.02030456852791878 0.02030456852791878
0 0.039468653174236784 0.938007614213198 0.02030456852791878 0.02030456852791878
0 0.068689432395016 0.950994627200211 0.02030456852791878 0.02030456852791878
0 0.042715406420990094 0.8682024194080032 0.02030456852791878 0.02030456852791878
0 0.0492089129144966 0.825994627200211 0.02030456852791878 0.02030456852791878
0 0.11657904278462651 0.8856537181093018 0.02030456852791878 0.02030456852791878
0 0.11657904278462651 0.857244627200211 0.02030456852791878 0.02030456852791878
0 0.12226086096644471 0.8401991726547564 0.02030456852791878 0.02030456852791878
0 0.11414397784956161 0.8231537181093018 0.02030456852791878 0.02030456852791878
0 0.13362449733008108 0.8304589129144967 0.02030456852791878 0.02030456852791878
0 0.13118943239501613 0.8158485233041071 0.02030456852791878 0.02030456852791878
0 0.08735826356384728 0.7890628090183929 0.02030456852791878 0.02030456852791878
0 0.054890731096314864 0.8215303414859254 0.02030456852791878 0.02030456852791878
0 0.06463099083657457 0.8174718999274837 0.02030456852791878 0.02030456852791878
0 0.059760860966444715 0.8028615103170941 0.02030456852791878 0.02030456852791878
0 0.06057254927813301 0.7890628090183929 0.02030456852791878 0.02030456852791878
0 0.05894917265475642 0.7785108609664447 0.02030456852791878 0.02030456852791878
0 0.024046575252158985 0.7776991726547564 0.02030456852791878 0.02030456852791878
0 0.006189432395016178 0.7744524194080032 0.02030456852791878 0.02030456852791878
0 0.05894917265475642 0.8556212505768344 0.02030456852791878 0.02030456852791878
0 0.06625436745995122 0.857244627200211 0.02030456852791878 0.02030456852791878
0 0.005377744083327821 0.9846796921352758 0.02030456852791878 0.02030456852791878
0 0.003754367459951223 0.9043225492781332 0.02030456852791878 0.02030456852791878
0 0.11982579603137976 0.9181212505768344 0.02030456852791878 0.02030456852791878
0 0.14011800382358758 0.9311082635638472 0.02030456852791878 0.02030456852791878
0 0.12550761421319798 0.9936082635638472 0.02030456852791878 0.02030456852791878
0 0.047585536291120056 0.7289978739534578 0.02030456852791878 0.02030456852791878
0 0.06381930252488628 0.7265628090183929 0.02030456852791878 0.02030456852791878
0 0.07518293888852262 0.7379264453820292 0.02030456852791878 0.02030456852791878
0 0.014306315511899282 0.7127641077196916 0.02030456852791878 0.02030456852791878
0 0.019176445382029134 0.6738030687586526 0.02030456852791878 0.02030456852791878
0 0.003754367459951223 0.6884134583690421 0.02030456852791878 0.02030456852791878
0 0.016741380446964178 0.6429589129144967 0.02030456852791878 0.02030456852791878
0 0.01024787395345773 0.6104913804469643 0.02030456852791878 0.02030456852791878
0 0.007001120706704477 0.5901991726547564 0.02030456852791878 0.02030456852791878
0 0.011871250576834328 0.5593550168106007 0.02030456852791878 0.02030456852791878
0 0.02566995187553564 0.5333809908365746 0.02030456852791878 0.02030456852791878
0 0.008624497330081074 0.5309459259015097 0.02030456852791878 0.02030456852791878
0 0.03054008174566549 0.5512381336937177 0.02030456852791878 0.02030456852791878
0 0.04677384797943176 0.5488030687586526 0.02030456852791878 0.02030456852791878
0 0.07274787395345773 0.5406861856417694 0.02030456852791878 0.02030456852791878
0 0.07842969213527588 0.5674718999274838 0.02030456852791878 0.02030456852791878
0 0.06625436745995122 0.5820822895378733 0.02030456852791878 0.02030456852791878
0 0.07599462720021093 0.5966926791482631 0.02030456852791878 0.02030456852791878
0 0.05002060122618496 0.6056212505768344 0.02030456852791878 0.02030456852791878
0 0.0378452765508603 0.6129264453820292 0.02030456852791878 0.02030456852791878
0 0.07031280901839278 0.6315952765508605 0.02030456852791878 0.02030456852791878
0 0.0386569648625486 0.6713680038235877 0.02030456852791878 0.02030456852791878
0 0.05002060122618496 0.6429589129144967 0.02030456852791878 0.02030456852791878
0 0.06057254927813301 0.6591926791482631 0.02030456852791878 0.02030456852791878
0 0.05164397784956161 0.669744627200211 0.02030456852791878 0.02030456852791878
0 0.07274787395345773 0.6453939778495617 0.02030456852791878 0.02030456852791878
0 0.07355956226514603 0.6575693025248863 0.02030456852791878 0.02030456852791878
0 0.09060501681060054 0.6819199518755357 0.02030456852791878 0.02030456852791878
0 0.06057254927813301 0.7022121596677435 0.02030456852791878 0.02030456852791878
0 0.08492319862878239 0.7078939778495617 0.02030456852791878 0.02030456852791878
0 0.11008553629112006 0.7135757960313798 0.02030456852791878 0.02030456852791878
0 0.11901410771969147 0.6876017700573539 0.02030456852791878 0.02030456852791878
0 0.12144917265475642 0.6762381336937174 0.02030456852791878 0.02030456852791878
0 0.10440371810930185 0.656757614213198 0.02030456852791878 0.02030456852791878
0 0.11089722460280836 0.6445822895378733 0.02030456852791878 0.02030456852791878
0 0.09709852330410705 0.6275368349924187 0.02030456852791878 0.02030456852791878
0 0.12469592590150967 0.6405238479794317 0.02030456852791878 0.02030456852791878
0 0.14255306875865248 0.6429589129144967 0.02030456852791878 0.02030456852791878
0 0.12631930252488627 0.6088680038235877 0.02030456852791878 0.02030456852791878
0 0.15391670512228883 0.6056212505768344 0.02030456852791878 0.02030456852791878
0 0.162033588239172 0.6194199518755357 0.02030456852791878 0.02030456852791878
0 0.14823488694047068 0.6989654064209903 0.02030456852791878 0.02030456852791878
0 0.14661151031709402 0.6689329388885228 0.02030456852791878 0.02030456852791878
0 0.162033588239172 0.6713680038235877 0.02030456852791878 0.02030456852791878
0 0.1717738479794317 0.693283588239172 0.02030456852791878 0.02030456852791878
0 0.13200112070670447 0.7225043674599513 0.02030456852791878 0.02030456852791878
0 0.12144917265475642 0.7492900817456656 0.02030456852791878 0.02030456852791878
0 0.08735826356384728 0.7590303414859254 0.02030456852791878 0.02030456852791878
0 0.09141670512228889 0.7728290427846265 0.02030456852791878 0.02030456852791878
0 0.1011569648625486 0.7776991726547564 0.02030456852791878 0.02030456852791878
0 0.12469592590150967 0.7647121596677434 0.02030456852791878 0.02030456852791878
0 0.13930631551189923 0.7606537181093018 0.02030456852791878 0.02030456852791878
0 0.1547283934339772 0.7898744973300811 0.02030456852791878 0.02030456852791878
0 0.1547283934339772 0.8069199518755357 0.02030456852791878 0.02030456852791878
0 0.162033588239172 0.8012381336937174 0.02030456852791878 0.02030456852791878
0 0.17583228953787325 0.7988030687586526 0.02030456852791878 0.02030456852791878
0 0.17745566616124986 0.7793225492781332 0.02030456852791878 0.02030456852791878
0 0.17745566616124986 0.7630887830443669 0.02030456852791878 0.02030456852791878
0 0.18394917265475635 0.7249394323950162 0.02030456852791878 0.02030456852791878
0 0.07518293888852262 0.5114654064209903 0.02030456852791878 0.02030456852791878
0 0.09141670512228889 0.5114654064209903 0.02030456852791878 0.02030456852791878
0 0.11657904278462651 0.505783588239172 0.02030456852791878 0.02030456852791878
0 0.11495566616124991 0.5293225492781332 0.02030456852791878 0.02030456852791878
0 0.13930631551189923 0.5390628090183929 0.02030456852791878 0.02030456852791878
0 0.1563517700573538 0.5276991726547564 0.02030456852791878 0.02030456852791878
0 0.17096215966774347 0.5285108609664447 0.02030456852791878 0.02030456852791878
0 0.1782673544729382 0.5179589129144968 0.02030456852791878 0.02030456852791878
0 0.18394917265475635 0.5423095622651462 0.02030456852791878 0.02030456852791878
0 0.16446865317423695 0.5561082635638473 0.02030456852791878 0.02030456852791878
0 0.16284527655086023 0.5747770947326786 0.02030456852791878 0.02030456852791878
0 0.14579982200540573 0.5788355362911202 0.02030456852791878 0.02030456852791878
0 0.11982579603137976 0.5804589129144967 0.02030456852791878 0.02030456852791878
0 0.09791021161579534 0.5820822895378733 0.02030456852791878 0.02030456852791878
0 0.162033588239172 0.5991277440833279 0.02030456852791878 0.02030456852791878
0 0.19612449733008103 0.5788355362911202 0.02030456852791878 0.02030456852791878
0 0.2018063155118993 0.5958809908365746 0.02030456852791878 0.02030456852791878
0 0.2066764453820291 0.6186082635638473 0.02030456852791878 0.02030456852791878
0 0.18800761421319792 0.6315952765508605 0.02030456852791878 0.02030456852791878
0 0.20261800382358752 0.6559459259015097 0.02030456852791878 0.02030456852791878
0 0.20342969213527587 0.6429589129144967 0.02030456852791878 0.02030456852791878
0 0.19693618564176937 0.6819199518755357 0.02030456852791878 0.02030456852791878
0 0.19612449733008103 0.6997770947326786 0.02030456852791878 0.02030456852791878
0 0.2066764453820291 0.7143874843430682 0.02030456852791878 0.02030456852791878
0 0.21966345836904208 0.7111407310963148 0.02030456852791878 0.02030456852791878
0 0.21885177005735373 0.7306212505768344 0.02030456852791878 0.02030456852791878
0 0.2212868349924187 0.7874394323950162 0.02030456852791878 0.02030456852791878
0 0.2294037181093018 0.8117900817456656 0.02030456852791878 0.02030456852791878
0 0.21235826356384735 0.8158485233041071 0.02030456852791878 0.02030456852791878
0 0.2009946272002109 0.8320822895378733 0.02030456852791878 0.02030456852791878
0 0.19368943239501618 0.844257614213198 0.02030456852791878 0.02030456852791878
0 0.18719592590150966 0.8556212505768344 0.02030456852791878 0.02030456852791878
0 0.1815141077196914 0.8742900817456656 0.02030456852791878 0.02030456852791878
0 0.18557254927813296 0.9343550168106006 0.02030456852791878 0.02030456852791878
0 0.2707998220054057 0.8190952765508603 0.02030456852791878 0.02030456852791878
0 0.2894686531742368 0.8361407310963148 0.02030456852791878 0.02030456852791878
0 0.26998813369371744 0.8385757960313798 0.02030456852791878 0.02030456852791878
0 0.2602478739534577 0.8523744973300811 0.02030456852791878 0.02030456852791878
0 0.23670891291449667 0.8523744973300811 0.02030456852791878 0.02030456852791878
0 0.2009946272002109 0.9668225492781332 0.02030456852791878 0.02030456852791878
0 0.21073488694047063 0.9424718999274837 0.02030456852791878 0.02030456852791878
0 0.224533588239172 0.9465303414859253 0.02030456852791878 0.02030456852791878
0 0.2407673544729382 0.9408485233041071 0.02030456852791878 0.02030456852791878
0 0.25943618564176935 0.9100043674599512 0.02030456852791878 0.02030456852791878
0 0.2667413804469641 0.8872770947326786 0.02030456852791878 0.02030456852791878
0 0.271611510317094 0.8669848869404708 0.02030456852791878 0.02030456852791878
0 0.271611510317094 0.8499394323950162 0.02030456852791878 0.02030456852791878
0 0.2781050168106005 0.945718653174237 0.02030456852791878 0.02030456852791878
0 0.3170660557716395 0.906757614213198 0.02030456852791878 0.02030456852791878
0 0.3349231986287824 0.9294848869404708 0.02030456852791878 0.02030456852791878
0 0.3292413804469641 0.9132511207067044 0.02030456852791878 0.02030456852791878
0 0.3511569648625486 0.9465303414859253 0.02030456852791878 0.02030456852791878
0 0.3243712505768343 0.9465303414859253 0.02030456852791878 0.02030456852791878
0 0.34709852330410707 0.9651991726547564 0.02030456852791878 0.02030456852791878
0 0.4022933284989122 0.9473420297976135 0.02030456852791878 0.02030456852791878
0 0.4217738479794317 0.9619524194080032 0.02030456852791878 0.02030456852791878
0 0.43557254927813294 0.9700693025248863 0.02030456852791878 0.02030456852791878
0 0.45180631551189915 0.9919848869404707 0.02030456852791878 0.02030456852791878
0 0.48021540642099014 0.9700693025248863 0.02030456852791878 0.02030456852791878
0 0.493202419408003 0.9887381336937174 0.02030456852791878 0.02030456852791878
0 0.4712868349924187 0.9416602116157955 0.02030456852791878 0.02030456852791878
0 0.446124497330081 0.9294848869404708 0.02030456852791878 0.02030456852791878
0 0.4656050168106005 0.9116277440833279 0.02030456852791878 0.02030456852791878
0 0.40066995187553556 0.8929589129144967 0.02030456852791878 0.02030456852791878
0 0.33573488694047066 0.8856537181093018 0.02030456852791878 0.02030456852791878
0 0.31868943239501607 0.8783485233041071 0.02030456852791878 0.02030456852791878
0 0.2902803414859252 0.8190952765508603 0.02030456852791878 0.02030456852791878
0 0.3065141077196914 0.8199069648625487 0.02030456852791878 0.02030456852791878
0 0.32031280901839276 0.8199069648625487 0.02030456852791878 0.02030456852791878
0 0.34872189992748365 0.8491277440833279 0.02030456852791878 0.02030456852791878
0 0.3641439778495616 0.8377641077196916 0.02030456852791878 0.02030456852791878
0 0.3479102116157953 0.8799718999274837 0.02030456852791878 0.02030456852791878
0 0.3755076142131979 0.8247770947326786 0.02030456852791878 0.02030456852791878
0 0.38281280901839276 0.8215303414859254 0.02030456852791878 0.02030456852791878
0 0.39823488694047066 0.8061082635638472 0.02030456852791878 0.02030456852791878
0 0.4201504713560551 0.7906861856417694 0.02030456852791878 0.02030456852791878
0 0.4250206012261849 0.781757614213198 0.02030456852791878 0.02030456852791878
0 0.43881930252488627 0.7760757960313798 0.02030456852791878 0.02030456852791878
0 0.4704751466807303 0.7647121596677434 0.02030456852791878 0.02030456852791878
0 0.49644917265475635 0.7533485233041071 0.02030456852791878 0.02030456852791878
0 0.4826504713560551 0.7963680038235877 0.02030456852791878 0.02030456852791878
0 0.446124497330081 0.8288355362911202 0.02030456852791878 0.02030456852791878
0 0.42826735447293823 0.8458809908365746 0.02030456852791878 0.02030456852791878
0 0.4258322895378733 0.8653615103170941 0.02030456852791878 0.02030456852791878
0 0.42096215966774336 0.8799718999274837 0.02030456852791878 0.02030456852791878
0 0.46885177005735373 0.8953939778495617 0.02030456852791878 0.02030456852791878
0 0.4810270947326784 0.8953939778495617 0.02030456852791878 0.02030456852791878
0 0.49076735447293823 0.8945822895378733 0.02030456852791878 0.02030456852791878
0 0.4826504713560551 0.8815952765508603 0.02030456852791878 0.02030456852791878
0 0.47209852330410707 0.8686082635638472 0.02030456852791878 0.02030456852791878
0 0.4818387830443667 0.8604913804469642 0.02030456852791878 0.02030456852791878
0 0.493202419408003 0.8604913804469642 0.02030456852791878 0.02030456852791878
0 0.19855956226514598 0.5520498220054059 0.02030456852791878 0.02030456852791878
0 0.2066764453820291 0.5479913804469643 0.02030456852791878 0.02030456852791878
0 0.2212868349924187 0.5390628090183929 0.02030456852791878 0.02030456852791878
0 0.19855956226514598 0.5220173544729384 0.02030456852791878 0.02030456852791878
0 0.20829982200540578 0.5236407310963148 0.02030456852791878 0.02030456852791878
0 0.20505306875865248 0.5106537181093019 0.02030456852791878 0.02030456852791878
0 0.24807254927813296 0.5276991726547564 0.02030456852791878 0.02030456852791878
0 0.2724231986287824 0.5544848869404708 0.02030456852791878 0.02030456852791878
0 0.26268293888852257 0.5520498220054059 0.02030456852791878 0.02030456852791878
0 0.2488842375898213 0.5593550168106007 0.02030456852791878 0.02030456852791878
0 0.23995566616124986 0.5536731986287824 0.02030456852791878 0.02030456852791878
0 0.25213099083657453 0.5820822895378733 0.02030456852791878 0.02030456852791878
0 0.22534527655086023 0.5877641077196916 0.02030456852791878 0.02030456852791878
0 0.2099231986287824 0.5901991726547564 0.02030456852791878 0.02030456852791878
0 0.2707998220054057 0.5837056661612501 0.02030456852791878 0.02030456852791878
0 0.22696865317423695 0.6299718999274838 0.02030456852791878 0.02030456852791878
0 0.2277803414859252 0.6453939778495617 0.02030456852791878 0.02030456852791878
0 0.2545660557716395 0.6389004713560552 0.02030456852791878 0.02030456852791878
0 0.2537543674599512 0.6648744973300812 0.02030456852791878 0.02030456852791878
0 0.2277803414859252 0.682731640187224 0.02030456852791878 0.02030456852791878
0 0.24807254927813296 0.6997770947326786 0.02030456852791878 0.02030456852791878
0 0.26998813369371744 0.6600043674599513 0.02030456852791878 0.02030456852791878
0 0.2854102116157953 0.6624394323950162 0.02030456852791878 0.02030456852791878
0 0.2983972246028083 0.5479913804469643 0.02030456852791878 0.02030456852791878
0 0.29758553629112006 0.5366277440833279 0.02030456852791878 0.02030456852791878
0 0.32031280901839276 0.5374394323950162 0.02030456852791878 0.02030456852791878
0 0.3349231986287824 0.5285108609664447 0.02030456852791878 0.02030456852791878
0 0.3479102116157953 0.5512381336937177 0.02030456852791878 0.02030456852791878
0 0.33248813369371744 0.5520498220054059 0.02030456852791878 0.02030456852791878
0 0.32193618564176935 0.5536731986287824 0.02030456852791878 0.02030456852791878
0 0.3057024194080032 0.5650368349924189 0.02030456852791878 0.02030456852791878
0 0.29271540642099014 0.5731537181093019 0.02030456852791878 0.02030456852791878
0 0.2943387830443667 0.5845173544729384 0.02030456852791878 0.02030456852791878
0 0.30976086096644473 0.5893874843430682 0.02030456852791878 0.02030456852791878
0 0.31868943239501607 0.6015628090183929 0.02030456852791878 0.02030456852791878
0 0.2886569648625486 0.6218550168106006 0.02030456852791878 0.02030456852791878
0 0.30407904278462644 0.6364654064209903 0.02030456852791878 0.02030456852791878
0 0.32518293888852257 0.6397121596677435 0.02030456852791878 0.02030456852791878
0 0.3454751466807304 0.6113030687586526 0.02030456852791878 0.02030456852791878
0 0.3462868349924187 0.5861407310963148 0.02030456852791878 0.02030456852791878
0 0.36657904278462644 0.5739654064209903 0.02030456852791878 0.02030456852791878
0 0.38118943239501607 0.5820822895378733 0.02030456852791878 0.02030456852791878
0 0.39417644538202906 0.5650368349924189 0.02030456852791878 0.02030456852791878
0 0.3852478739534576 0.570718653174237 0.02030456852791878 0.02030456852791878
0 0.3755076142131979 0.5512381336937177 0.02030456852791878 0.02030456852791878
0 0.3901180038235875 0.5479913804469643 0.02030456852791878 0.02030456852791878
0 0.3755076142131979 0.5252641077196916 0.02030456852791878 0.02030456852791878
0 0.2651180038235875 0.5390628090183929 0.02030456852791878 0.02030456852791878
0 0.40554008174566547 0.5341926791482631 0.02030456852791878 0.02030456852791878
0 0.23670891291449667 0.7087056661612501 0.02030456852791878 0.02030456852791878
0 0.26917644538202906 0.7306212505768344 0.02030456852791878 0.02030456852791878
0 0.2821634583690421 0.7574069648625487 0.02030456852791878 0.02030456852791878
0 0.25294267914826285 0.794744627200211 0.02030456852791878 0.02030456852791878
0 0.308137484343068 0.7517251466807305 0.02030456852791878 0.02030456852791878
0 0.32031280901839276 0.7476667051222889 0.02030456852791878 0.02030456852791878
0 0.30407904278462644 0.7306212505768344 0.02030456852791878 0.02030456852791878
0 0.3057024194080032 0.7160108609664447 0.02030456852791878 0.02030456852791878
0 0.3170660557716395 0.7087056661612501 0.02030456852791878 0.02030456852791878
0 0.30245566616124986 0.6819199518755357 0.02030456852791878 0.02030456852791878
0 0.33735826356384724 0.6673095622651462 0.02030456852791878 0.02030456852791878
0 0.34872189992748365 0.6713680038235877 0.02030456852791878 0.02030456852791878
0 0.35359202979761356 0.6575693025248863 0.02030456852791878 0.02030456852791878
0 0.3803777440833278 0.6648744973300812 0.02030456852791878 0.02030456852791878
0 0.3909296921352759 0.6559459259015097 0.02030456852791878 0.02030456852791878
0 0.36657904278462644 0.6940952765508603 0.02030456852791878 0.02030456852791878
0 0.36008553629111995 0.7070822895378733 0.02030456852791878 0.02030456852791878
0 0.3633322895378733 0.7200693025248863 0.02030456852791878 0.02030456852791878
0 0.34385177005735373 0.7395498220054059 0.02030456852791878 0.02030456852791878
0 0.3641439778495616 0.7419848869404708 0.02030456852791878 0.02030456852791878
0 0.3673907310963148 0.7606537181093018 0.02030456852791878 0.02030456852791878
0 0.38281280901839276 0.7606537181093018 0.02030456852791878 0.02030456852791878
0 0.3560270947326784 0.7679589129144967 0.02030456852791878 0.02030456852791878
0 0.3527803414859252 0.7890628090183929 0.02030456852791878 0.02030456852791878
0 0.40635177005735373 0.7533485233041071 0.02030456852791878 0.02030456852791878
0 0.43881930252488627 0.7476667051222889 0.02030456852791878 0.02030456852791878
0 0.45018293888852257 0.7476667051222889 0.02030456852791878 0.02030456852791878
0 0.459111510317094 0.7306212505768344 0.02030456852791878 0.02030456852791878
0 0.4696634583690421 0.7281861856417694 0.02030456852791878 0.02030456852791878
0 0.4891439778495615 0.7249394323950162 0.02030456852791878 0.02030456852791878
0 0.495637484343068 0.7160108609664447 0.02030456852791878 0.02030456852791878
0 0.46804008174566547 0.693283588239172 0.02030456852791878 0.02030456852791878
0 0.45180631551189915 0.693283588239172 0.02030456852791878 0.02030456852791878
0 0.4371959259015096 0.7078939778495617 0.02030456852791878 0.02030456852791878
0 0.41284527655086023 0.719257614213198 0.02030456852791878 0.02030456852791878
0 0.41284527655086023 0.7087056661612501 0.02030456852791878 0.02030456852791878
0 0.38768293888852257 0.732244627200211 0.02030456852791878 0.02030456852791878
0 0.38768293888852257 0.7022121596677435 0.02030456852791878 0.02030456852791878
0 0.41122189992748365 0.6770498220054059 0.02030456852791878 0.02030456852791878
0 0.42907904278462644 0.6762381336937174 0.02030456852791878 0.02030456852791878
0 0.4412543674599511 0.6656861856417694 0.02030456852791878 0.02030456852791878
0 0.4599231986287823 0.6713680038235877 0.02030456852791878 0.02030456852791878
0 0.48021540642099014 0.6859783934339772 0.02030456852791878 0.02030456852791878
0 0.49076735447293823 0.6794848869404708 0.02030456852791878 0.02030456852791878
0 0.4428777440833278 0.6364654064209903 0.02030456852791878 0.02030456852791878
0 0.45667644538202906 0.630783588239172 0.02030456852791878 0.02030456852791878
0 0.48021540642099014 0.6226667051222889 0.02030456852791878 0.02030456852791878
0 0.49157904278462644 0.6161731986287824 0.02030456852791878 0.02030456852791878
0 0.44531280901839265 0.6088680038235877 0.02030456852791878 0.02030456852791878
0 0.43476086096644473 0.5999394323950162 0.02030456852791878 0.02030456852791878
0 0.4185270947326784 0.6088680038235877 0.02030456852791878 0.02030456852791878
0 0.4087868349924187 0.6129264453820292 0.02030456852791878 0.02030456852791878
0 0.39417644538202906 0.6194199518755357 0.02030456852791878 0.02030456852791878
0 0.41284527655086023 0.5634134583690422 0.02030456852791878 0.02030456852791878
0 0.43963099083657453 0.5569199518755357 0.02030456852791878 0.02030456852791878
0 0.4534296921352759 0.568283588239172 0.02030456852791878 0.02030456852791878
0 0.4664167051222888 0.5674718999274838 0.02030456852791878 0.02030456852791878
0 0.4810270947326784 0.5674718999274838 0.02030456852791878 0.02030456852791878
0 0.49807254927813294 0.5634134583690422 0.02030456852791878 0.02030456852791878
0 0.4656050168106005 0.5991277440833279 0.02030456852791878 0.02030456852791878
0 0.44693618564176935 0.5861407310963148 0.02030456852791878 0.02030456852791878
0 0.433137484343068 0.5861407310963148 0.02030456852791878 0.02030456852791878
0 0.4818387830443667 0.5958809908365746 0.02030456852791878 0.02030456852791878
0 0.4826504713560551 0.5845173544729384 0.02030456852791878 0.02030456852791878
0 0.46804008174566547 0.5260757960313799 0.02030456852791878 0.02030456852791878
0 0.4883322895378733 0.5390628090183929 0.02030456852791878 0.02030456852791878
0 0.433137484343068 0.5106537181093019 0.02030456852791878 0.02030456852791878
0 0.41609202979761356 0.5293225492781332 0.02030456852791878 0.02030456852791878
0 0.40066995187553556 0.5252641077196916 0.02030456852791878 0.02030456852791878
0 0.4493712505768343 0.5090303414859253 0.02030456852791878 0.02030456852791878
0 0.493202419408003 0.5195822895378733 0.02030456852791878 0.02030456852791878
0 0.4745335882391719 0.5195822895378733 0.02030456852791878 0.02030456852791878
0 0.39985826356384724 0.784192679148263 0.02030456852791878 0.02030456852791878
0 0.448559562265146 0.7160108609664447 0.02030456852791878 0.02030456852791878
0 0.461546575252159 0.7963680038235877 0.02030456852791878 0.02030456852791878
0 0.5508322895378731 0.9919848869404707 0.02030456852791878 0.02030456852791878
0 0.5695011207067043 0.9919848869404707 0.02030456852791878 0.02030456852791878
0 0.5378452765508601 0.9635757960313798 0.02030456852791878 0.02030456852791878
0 0.5508322895378731 0.9554589129144967 0.02030456852791878 0.02030456852791878
0 0.5508322895378731 0.9156861856417694 0.02030456852791878 0.02030456852791878
0 0.5475855362911198 0.8986407310963148 0.02030456852791878 0.02030456852791878
0 0.5516439778495614 0.8856537181093018 0.02030456852791878 0.02030456852791878
0 0.553267354472938 0.8686082635638472 0.02030456852791878 0.02030456852791878
0 0.574371250576834 0.8604913804469642 0.02030456852791878 0.02030456852791878
0 0.5508322895378731 0.8231537181093018 0.02030456852791878 0.02030456852791878
0 0.5021309908365744 0.8475043674599513 0.02030456852791878 0.02030456852791878
0 0.5151180038235874 0.8020498220054058 0.02030456852791878 0.02030456852791878
0 0.5005076142131978 0.8061082635638472 0.02030456852791878 0.02030456852791878
0 0.5199881336937171 0.781757614213198 0.02030456852791878 0.02030456852791878
0 0.5297283934339769 0.7703939778495617 0.02030456852791878 0.02030456852791878
0 0.5597608609664445 0.7703939778495617 0.02030456852791878 0.02030456852791878
0 0.5086244973300809 0.6510757960313798 0.02030456852791878 0.02030456852791878
0 0.5289167051222886 0.6445822895378733 0.02030456852791878 0.02030456852791878
0 0.5443387830443667 0.6364654064209903 0.02030456852791878 0.02030456852791878
0 0.5435270947326784 0.6616277440833279 0.02030456852791878 0.02030456852791878
0 0.5524556661612497 0.6973420297976136 0.02030456852791878 0.02030456852791878
0 0.5378452765508601 0.6973420297976136 0.02030456852791878 0.02030456852791878
0 0.5768063155118991 0.7168225492781332 0.02030456852791878 0.02030456852791878
0 0.5646309908365744 0.7419848869404708 0.02030456852791878 0.02030456852791878
0 0.5881699518755354 0.7614654064209903 0.02030456852791878 0.02030456852791878
0 0.5808647570703407 0.7703939778495617 0.02030456852791878 0.02030456852791878
0 0.5889816401872238 0.7914978739534578 0.02030456852791878 0.02030456852791878
0 0.5597608609664445 0.8069199518755357 0.02030456852791878 0.02030456852791878
0 0.5703128090183925 0.7963680038235877 0.02030456852791878 0.02030456852791878
0 0.60521540642099 0.8231537181093018 0.02030456852791878 0.02030456852791878
0 0.6019686531742368 0.8345173544729383 0.02030456852791878 0.02030456852791878
0 0.5914167051222886 0.8491277440833279 0.02030456852791878 0.02030456852791878
0 0.6320011207067043 0.8288355362911202 0.02030456852791878 0.02030456852791878
0 0.628754367459951 0.8726667051222888 0.02030456852791878 0.02030456852791878
0 0.615767354472938 0.8872770947326786 0.02030456852791878 0.02030456852791878
0 0.6133322895378731 0.9100043674599512 0.02030456852791878 0.02030456852791878
0 0.5987218999274836 0.9213680038235876 0.02030456852791878 0.02030456852791878
0 0.6068387830443667 0.9465303414859253 0.02030456852791878 0.02030456852791878
0 0.5946634583690418 0.9351667051222888 0.02030456852791878 0.02030456852791878
0 0.6165790427846263 0.9749394323950162 0.02030456852791878 0.02030456852791878
0 0.6328128090183925 0.9936082635638472 0.02030456852791878 0.02030456852791878
0 0.6669037181093016 0.9514004713560552 0.02030456852791878 0.02030456852791878
0 0.6774556661612497 0.9351667051222888 0.02030456852791878 0.02030456852791878
0 0.6669037181093016 0.9124394323950162 0.02030456852791878 0.02030456852791878
0 0.6750206012261847 0.9238030687586526 0.02030456852791878 0.02030456852791878
0 0.7107348869404706 0.9181212505768344 0.02030456852791878 0.02030456852791878
0 0.7156050168106003 0.9570822895378733 0.02030456852791878 0.02030456852791878
0 0.5159296921352757 0.5861407310963148 0.02030456852791878 0.02030456852791878
0 0.5045660557716394 0.6113030687586526 0.02030456852791878 0.02030456852791878
0 0.5232348869404706 0.617796575252159 0.02030456852791878 0.02030456852791878
0 0.5118712505768341 0.633218653174237 0.02030456852791878 0.02030456852791878
0 0.6555400817456654 0.6291602116157955 0.02030456852791878 0.02030456852791878
0 0.5143063155118991 0.5626017700573539 0.02030456852791878 0.02030456852791878
0 0.5102478739534576 0.5333809908365746 0.02030456852791878 0.02030456852791878
0 0.506189432395016 0.5139004713560552 0.02030456852791878 0.02030456852791878
0 0.4980725492781329 0.5163355362911202 0.02030456852791878 0.02030456852791878
0 0.54271540642099 0.5479913804469643 0.02030456852791878 0.02030456852791878
0 0.5264816401872238 0.5390628090183929 0.02030456852791878 0.02030456852791878
0 0.5313517700573537 0.531757614213198 0.02030456852791878 0.02030456852791878
0 0.5378452765508601 0.5252641077196916 0.02030456852791878 0.02030456852791878
0 0.5532673544729382 0.5236407310963148 0.02030456852791878 0.02030456852791878
0 0.5419037181093016 0.5106537181093019 0.02030456852791878 0.02030456852791878
0 0.5297283934339769 0.5114654064209903 0.02030456852791878 0.02030456852791878
0 0.532163458369042 0.570718653174237 0.02030456852791878 0.02030456852791878
0 0.5378452765508601 0.5650368349924189 0.02030456852791878 0.02030456852791878
0 0.54271540642099 0.5820822895378733 0.02030456852791878 0.02030456852791878
0 0.5548907310963146 0.5950693025248863 0.02030456852791878 0.02030456852791878
0 0.5524556661612497 0.6048095622651462 0.02030456852791878 0.02030456852791878
0 0.54271540642099 0.6113030687586526 0.02030456852791878 0.02030456852791878
0 0.5654426791482629 0.6275368349924187 0.02030456852791878 0.02030456852791878
0 0.5759946272002108 0.6259134583690422 0.02030456852791878 0.02030456852791878
0 0.5719361856417692 0.656757614213198 0.02030456852791878 0.02030456852791878
0 0.5548907310963146 0.6640628090183929 0.02030456852791878 0.02030456852791878
0 0.5743712505768341 0.6462056661612501 0.02030456852791878 0.02030456852791878
0 0.5930400817456654 0.6535108609664447 0.02030456852791878 0.02030456852791878
0 0.5370335882391718 0.7160108609664447 0.02030456852791878 0.02030456852791878
0 0.5159296921352757 0.7046472246028085 0.02030456852791878 0.02030456852791878
0 0.49644917265475624 0.7679589129144967 0.02030456852791878 0.02030456852791878
0 0.6108972246028083 0.781757614213198 0.02030456852791878 0.02030456852791878
0 0.6295660557716393 0.7728290427846265 0.02030456852791878 0.02030456852791878
0 0.6060270947326784 0.7492900817456656 0.02030456852791878 0.02030456852791878
0 0.620637484343068 0.7436082635638473 0.02030456852791878 0.02030456852791878
0 0.6190141077196913 0.7168225492781332 0.02030456852791878 0.02030456852791878
0 0.5873582635638471 0.7135757960313798 0.02030456852791878 0.02030456852791878
0 0.6011569648625484 0.7184459259015097 0.02030456852791878 0.02030456852791878
0 0.5995335882391718 0.6770498220054059 0.02030456852791878 0.02030456852791878
0 0.6190141077196913 0.6738030687586526 0.02030456852791878 0.02030456852791878
0 0.6230725492781329 0.6632511207067046 0.02030456852791878 0.02030456852791878
0 0.6320011207067043 0.6575693025248863 0.02030456852791878 0.02030456852791878
0 0.6035920297976134 0.6470173544729383 0.02030456852791878 0.02030456852791878
0 0.6084621596677432 0.6356537181093019 0.02030456852791878 0.02030456852791878
0 0.5995335882391718 0.6194199518755357 0.02030456852791878 0.02030456852791878
0 0.618202419408003 0.6121147570703409 0.02030456852791878 0.02030456852791878
0 0.5865465752521589 0.5958809908365746 0.02030456852791878 0.02030456852791878
0 0.5808647570703407 0.5674718999274838 0.02030456852791878 0.02030456852791878
0 0.5646309908365744 0.5293225492781332 0.02030456852791878 0.02030456852791878
0 0.5727478739534576 0.5203939778495617 0.02030456852791878 0.02030456852791878
0 0.649858263563847 0.6616277440833279 0.02030456852791878 0.02030456852791878
0 0.6287543674599511 0.6315952765508605 0.02030456852791878 0.02030456852791878
0 0.6255076142131978 0.6080563155118993 0.02030456852791878 0.02030456852791878
0 0.6287543674599511 0.5772121596677435 0.02030456852791878 0.02030456852791878
0 0.6060270947326784 0.5837056661612501 0.02030456852791878 0.02030456852791878
0 0.5987218999274836 0.594257614213198 0.02030456852791878 0.02030456852791878
0 0.5970985233041068 0.5739654064209903 0.02030456852791878 0.02030456852791878
0 0.5930400817456654 0.5617900817456656 0.02030456852791878 0.02030456852791878
0 0.6044037181093016 0.5626017700573539 0.02030456852791878 0.02030456852791878
0 0.6190141077196913 0.5544848869404708 0.02030456852791878 0.02030456852791878
0 0.6255076142131978 0.5536731986287824 0.02030456852791878 0.02030456852791878
0 0.631189432395016 0.5504264453820292 0.02030456852791878 0.02030456852791878
0 0.6108972246028083 0.5293225492781332 0.02030456852791878 0.02030456852791878
0 0.5938517700573537 0.5398744973300812 0.02030456852791878 0.02030456852791878
0 0.5897933284989121 0.5479913804469643 0.02030456852791878 0.02030456852791878
0 0.6466115103170939 0.6080563155118993 0.02030456852791878 0.02030456852791878
0 0.6733972246028083 0.630783588239172 0.02030456852791878 0.02030456852791878
0 0.6579751466807302 0.6559459259015097 0.02030456852791878 0.02030456852791878
0 0.6701504713560551 0.6535108609664447 0.02030456852791878 0.02030456852791878
0 0.6660920297976133 0.6738030687586526 0.02030456852791878 0.02030456852791878
0 0.6612218999274836 0.693283588239172 0.02030456852791878 0.02030456852791878
0 0.6449881336937173 0.6989654064209903 0.02030456852791878 0.02030456852791878
0 0.6384946272002108 0.7363030687586526 0.02030456852791878 0.02030456852791878
0 0.6628452765508601 0.8004264453820292 0.02030456852791878 0.02030456852791878
0 0.6660920297976133 0.7890628090183929 0.02030456852791878 0.02030456852791878
0 0.6782673544729382 0.7858160557716395 0.02030456852791878 0.02030456852791878
0 0.6855725492781329 0.7833809908365746 0.02030456852791878 0.02030456852791878
0 0.6920660557716393 0.7890628090183929 0.02030456852791878 0.02030456852791878
0 0.6644686531742368 0.8580563155118993 0.02030456852791878 0.02030456852791878
0 0.6758322895378731 0.8515628090183929 0.02030456852791878 0.02030456852791878
0 0.6888193025248861 0.8401991726547564 0.02030456852791878 0.02030456852791878
0 0.6969361856417692 0.8288355362911202 0.02030456852791878 0.02030456852791878
0 0.7107348869404706 0.8272121596677434 0.02030456852791878 0.02030456852791878
0 0.719663458369042 0.8272121596677434 0.02030456852791878 0.02030456852791878
0 0.7391439778495614 0.9384134583690421 0.02030456852791878 0.02030456852791878
0 0.7415790427846263 0.9708809908365746 0.02030456852791878 0.02030456852791878
0 0.7545660557716393 0.9376017700573539 0.02030456852791878 0.02030456852791878
0 0.7367089129144964 0.9238030687586526 0.02030456852791878 0.02030456852791878
0 0.73021540642099 0.870231640187224 0.02030456852791878 0.02030456852791878
0 0.706676445382029 0.8645498220054058 0.02030456852791878 0.02030456852791878
0 0.7229102116157953 0.8085433284989123 0.02030456852791878 0.02030456852791878
0 0.7383322895378731 0.7744524194080032 0.02030456852791878 0.02030456852791878
0 0.706676445382029 0.7671472246028085 0.02030456852791878 0.02030456852791878
0 0.6871959259015094 0.755783588239172 0.02030456852791878 0.02030456852791878
0 0.6928777440833277 0.7492900817456656 0.02030456852791878 0.02030456852791878
0 0.7026180038235874 0.7436082635638473 0.02030456852791878 0.02030456852791878
0 0.6961244973300809 0.7046472246028085 0.02030456852791878 0.02030456852791878
0 0.7058647570703407 0.7070822895378733 0.02030456852791878 0.02030456852791878
0 0.7034296921352758 0.6916602116157955 0.02030456852791878 0.02030456852791878
0 0.6896309908365744 0.6746147570703409 0.02030456852791878 0.02030456852791878
0 0.6847608609664445 0.6421472246028085 0.02030456852791878 0.02030456852791878
0 0.6920660557716393 0.630783588239172 0.02030456852791878 0.02030456852791878
0 0.7001829388885223 0.6104913804469643 0.02030456852791878 0.02030456852791878
0 0.6709621596677432 0.5877641077196916 0.02030456852791878 0.02030456852791878
0 0.6522933284989121 0.5820822895378733 0.02030456852791878 0.02030456852791878
0 0.6425530687586523 0.5764004713560552 0.02030456852791878 0.02030456852791878
0 0.6888193025248861 0.5910108609664447 0.02030456852791878 0.02030456852791878
0 0.7009946272002108 0.5828939778495617 0.02030456852791878 0.02030456852791878
0 0.7042413804469639 0.5747770947326786 0.02030456852791878 0.02030456852791878
0 0.7172283934339769 0.5796472246028085 0.02030456852791878 0.02030456852791878
0 0.7253452765508601 0.5934459259015097 0.02030456852791878 0.02030456852791878
0 0.7220985233041068 0.6113030687586526 0.02030456852791878 0.02030456852791878
0 0.7139816401872238 0.6104913804469643 0.02030456852791878 0.02030456852791878
0 0.6449881336937173 0.5423095622651462 0.02030456852791878 0.02030456852791878
0 0.6563517700573537 0.5504264453820292 0.02030456852791878 0.02030456852791878
0 0.6652803414859252 0.5780238479794317 0.02030456852791878 0.02030456852791878
0 0.6742089129144966 0.5634134583690422 0.02030456852791878 0.02030456852791878
0 0.6831374843430679 0.557731640187224 0.02030456852791878 0.02030456852791878
0 0.7253452765508601 0.7549718999274838 0.02030456852791878 0.02030456852791878
0 0.7472608609664445 0.7606537181093018 0.02030456852791878 0.02030456852791878
0 0.7651180038235874 0.7574069648625487 0.02030456852791878 0.02030456852791878
0 0.7610595622651459 0.7281861856417694 0.02030456852791878 0.02030456852791878
0 0.7399556661612497 0.7054589129144967 0.02030456852791878 0.02030456852791878
0 0.7399556661612497 0.8401991726547564 0.02030456852791878 0.02030456852791878
0 0.7651180038235874 0.8613030687586526 0.02030456852791878 0.02030456852791878
0 0.7707998220054055 0.8523744973300811 0.02030456852791878 0.02030456852791878
0 0.7764816401872238 0.8239654064209903 0.02030456852791878 0.02030456852791878
0 0.761871250576834 0.8061082635638472 0.02030456852791878 0.02030456852791878
0 0.7675530687586523 0.7955563155118993 0.02030456852791878 0.02030456852791878
0 0.7643063155118991 0.7801342375898214 0.02030456852791878 0.02030456852791878
0 0.7854102116157953 0.7744524194080032 0.02030456852791878 0.02030456852791878
0 0.7910920297976133 0.7914978739534578 0.02030456852791878 0.02030456852791878
0 0.8073257960313797 0.7720173544729383 0.02030456852791878 0.02030456852791878
0 0.8292413804469639 0.807731640187224 0.02030456852791878 0.02030456852791878
0 0.7992089129144964 0.8272121596677434 0.02030456852791878 0.02030456852791878
0 0.8097608609664445 0.8304589129144967 0.02030456852791878 0.02030456852791878
0 0.8008322895378731 0.8694199518755357 0.02030456852791878 0.02030456852791878
0 0.803267354472938 0.8929589129144967 0.02030456852791878 0.02030456852791878
0 0.8389816401872238 0.8629264453820292 0.02030456852791878 0.02030456852791878
0 0.8389816401872238 0.8458809908365746 0.02030456852791878 0.02030456852791878
0 0.8560270947326784 0.8401991726547564 0.02030456852791878 0.02030456852791878
0 0.8876829388885223 0.8288355362911202 0.02030456852791878 0.02030456852791878
0 0.9079751466807302 0.844257614213198 0.02030456852791878 0.02030456852791878
0 0.9039167051222886 0.8272121596677434 0.02030456852791878 0.02030456852791878
0 0.91771540642099 0.8174718999274837 0.02030456852791878 0.02030456852791878
0 0.9274556661612497 0.8328939778495617 0.02030456852791878 0.02030456852791878
0 0.9388193025248861 0.8101667051222888 0.02030456852791878 0.02030456852791878
0 0.9104102116157953 0.8044848869404708 0.02030456852791878 0.02030456852791878
0 0.8949881336937171 0.8101667051222888 0.02030456852791878 0.02030456852791878
0 0.8617089129144964 0.7858160557716395 0.02030456852791878 0.02030456852791878
0 0.8430400817456654 0.7906861856417694 0.02030456852791878 0.02030456852791878
0 0.8251829388885223 0.7289978739534578 0.02030456852791878 0.02030456852791878
0 0.79271540642099 0.732244627200211 0.02030456852791878 0.02030456852791878
0 0.7894686531742368 0.7103290427846266 0.02030456852791878 0.02030456852791878
0 0.8000206012261847 0.7022121596677435 0.02030456852791878 0.02030456852791878
0 0.8121959259015094 0.7249394323950162 0.02030456852791878 0.02030456852791878
0 0.8203128090183925 0.695718653174237 0.02030456852791878 0.02030456852791878
0 0.8284296921352756 0.6843550168106006 0.02030456852791878 0.02030456852791878
0 0.85521540642099 0.7160108609664447 0.02030456852791878 0.02030456852791878
0 0.8625206012261847 0.7143874843430682 0.02030456852791878 0.02030456852791878
0 0.8763193025248861 0.7160108609664447 0.02030456852791878 0.02030456852791878
0 0.9128452765508601 0.7249394323950162 0.02030456852791878 0.02030456852791878
0 0.9160920297976133 0.7143874843430682 0.02030456852791878 0.02030456852791878
0 0.9404426791482626 0.745231640187224 0.02030456852791878 0.02030456852791878
0 0.9355725492781329 0.7744524194080032 0.02030456852791878 0.02030456852791878
0 0.8917413804469639 0.7703939778495617 0.02030456852791878 0.02030456852791878
0 0.9006699518755354 0.7630887830443669 0.02030456852791878 0.02030456852791878
0 0.9087868349924185 0.7622770947326786 0.02030456852791878 0.02030456852791878
0 0.9193387830443667 0.755783588239172 0.02030456852791878 0.02030456852791878
0 0.9582998220054055 0.7833809908365746 0.02030456852791878 0.02030456852791878
0 0.9720985233041068 0.7833809908365746 0.02030456852791878 0.02030456852791878
0 0.9591115103170939 0.7233160557716395 0.02030456852791878 0.02030456852791878
0 0.9339491726547562 0.7135757960313798 0.02030456852791878 0.02030456852791878
0 0.9574881336937171 0.6973420297976136 0.02030456852791878 0.02030456852791878
0 0.9680400817456654 0.6916602116157955 0.02030456852791878 0.02030456852791878
0 0.962358263563847 0.6794848869404708 0.02030456852791878 0.02030456852791878
0 0.9761569648625484 0.6851667051222889 0.02030456852791878 0.02030456852791878
0 0.9128452765508601 0.6900368349924187 0.02030456852791878 0.02030456852791878
0 0.8982348869404706 0.6624394323950162 0.02030456852791878 0.02030456852791878
0 0.8665790427846263 0.6973420297976136 0.02030456852791878 0.02030456852791878
0 0.6985595622651459 0.6681212505768344 0.02030456852791878 0.02030456852791878
0 0.706676445382029 0.6624394323950162 0.02030456852791878 0.02030456852791878
0 0.7164167051222886 0.6445822895378733 0.02030456852791878 0.02030456852791878
0 0.7237218999274836 0.6526991726547564 0.02030456852791878 0.02030456852791878
0 0.7423907310963146 0.6648744973300812 0.02030456852791878 0.02030456852791878
0 0.7480725492781329 0.6851667051222889 0.02030456852791878 0.02030456852791878
0 0.7740465752521589 0.6762381336937174 0.02030456852791878 0.02030456852791878
0 0.7854102116157953 0.6746147570703409 0.02030456852791878 0.02030456852791878
0 0.803267354472938 0.6632511207067046 0.02030456852791878 0.02030456852791878
0 0.8495335882391717 0.6746147570703409 0.02030456852791878 0.02030456852791878
0 0.8617089129144964 0.669744627200211 0.02030456852791878 0.02030456852791878
0 0.8430400817456654 0.6591926791482631 0.02030456852791878 0.02030456852791878
0 0.818689432395016 0.6364654064209903 0.02030456852791878 0.02030456852791878
0 0.7910920297976133 0.6478290427846266 0.02030456852791878 0.02030456852791878
0 0.7707998220054055 0.6445822895378733 0.02030456852791878 0.02030456852791878
0 0.7659296921352756 0.6583809908365746 0.02030456852791878 0.02030456852791878
0 0.7594361856417692 0.6462056661612501 0.02030456852791878 0.02030456852791878
0 0.7464491726547562 0.5991277440833279 0.02030456852791878 0.02030456852791878
0 0.7570011207067043 0.5958809908365746 0.02030456852791878 0.02030456852791878
0 0.7667413804469639 0.5910108609664447 0.02030456852791878 0.02030456852791878
0 0.7805400817456654 0.5885757960313799 0.02030456852791878 0.02030456852791878
0 0.8211244973300809 0.6015628090183929 0.02030456852791878 0.02030456852791878
0 0.831676445382029 0.6023744973300812 0.02030456852791878 0.02030456852791878
0 0.8381699518755354 0.6194199518755357 0.02030456852791878 0.02030456852791878
0 0.8470985233041068 0.620231640187224 0.02030456852791878 0.02030456852791878
0 0.8527803414859252 0.6007511207067046 0.02030456852791878 0.02030456852791878
0 0.8763193025248861 0.6104913804469643 0.02030456852791878 0.02030456852791878
0 0.8982348869404706 0.6275368349924187 0.02030456852791878 0.02030456852791878
0 0.9104102116157953 0.6226667051222889 0.02030456852791878 0.02030456852791878
0 0.9225855362911198 0.6445822895378733 0.02030456852791878 0.02030456852791878
0 0.9290790427846263 0.6462056661612501 0.02030456852791878 0.02030456852791878
0 0.936384237589821 0.6389004713560552 0.02030456852791878 0.02030456852791878
0 0.9469361856417692 0.6283485233041071 0.02030456852791878 0.02030456852791878
0 0.9509946272002108 0.6251017700573539 0.02030456852791878 0.02030456852791878
0 0.9445011207067041 0.6161731986287824 0.02030456852791878 0.02030456852791878
0 0.9582998220054055 0.6104913804469643 0.02030456852791878 0.02030456852791878
0 0.9461244973300809 0.6015628090183929 0.02030456852791878 0.02030456852791878
0 0.9550530687586523 0.5804589129144967 0.02030456852791878 0.02030456852791878
0 0.9656050168106003 0.5764004713560552 0.02030456852791878 0.02030456852791878
0 0.9777803414859249 0.5901991726547564 0.02030456852791878 0.02030456852791878
0 0.8268063155118991 0.7160108609664447 0.02030456852791878 0.02030456852791878
0 0.8268063155118991 0.633218653174237 0.02030456852791878 0.02030456852791878
0 0.8121959259015094 0.6251017700573539 0.02030456852791878 0.02030456852791878
0 0.7756699518755354 0.6242900817456656 0.02030456852791878 0.02030456852791878
0 0.79271540642099 0.6218550168106006 0.02030456852791878 0.02030456852791878
0 0.7992089129144964 0.6502641077196916 0.02030456852791878 0.02030456852791878
0 0.774858263563847 0.5634134583690422 0.02030456852791878 0.02030456852791878
0 0.7399556661612497 0.5650368349924189 0.02030456852791878 0.02030456852791878
0 0.7310270947326784 0.5593550168106007 0.02030456852791878 0.02030456852791878
0 0.6863842375898213 0.5309459259015097 0.02030456852791878 0.02030456852791878
0 0.7074881336937173 0.5309459259015097 0.02030456852791878 0.02030456852791878
0 0.7180400817456654 0.5276991726547564 0.02030456852791878 0.02030456852791878
0 0.7237218999274836 0.5139004713560552 0.02030456852791878 0.02030456852791878
0 0.7716115103170939 0.5406861856417694 0.02030456852791878 0.02030456852791878
0 0.7643063155118991 0.5220173544729384 0.02030456852791878 0.02030456852791878
0 0.7772933284989121 0.5147121596677435 0.02030456852791878 0.02030456852791878
0 0.7643063155118991 0.5106537181093019 0.02030456852791878 0.02030456852791878
0 0.7505076142131978 0.505783588239172 0.02030456852791878 0.02030456852791878
0 0.7399556661612497 0.5114654064209903 0.02030456852791878 0.02030456852791878
0 0.6880076142131978 0.5139004713560552 0.02030456852791878 0.02030456852791878
0 0.699371250576834 0.5203939778495617 0.02030456852791878 0.02030456852791878
0 0.7699881336937171 0.5195822895378733 0.02030456852791878 0.02030456852791878
0 0.7845985233041068 0.5122770947326786 0.02030456852791878 0.02030456852791878
0 0.8024556661612497 0.5065952765508605 0.02030456852791878 0.02030456852791878
0 0.8105725492781329 0.5090303414859253 0.02030456852791878 0.02030456852791878
0 0.837358263563847 0.5179589129144968 0.02030456852791878 0.02030456852791878
0 0.8357348869404706 0.5309459259015097 0.02030456852791878 0.02030456852791878
0 0.8251829388885223 0.5260757960313799 0.02030456852791878 0.02030456852791878
0 0.8211244973300809 0.531757614213198 0.02030456852791878 0.02030456852791878
0 0.8024556661612497 0.5350043674599513 0.02030456852791878 0.02030456852791878
0 0.8073257960313797 0.5276991726547564 0.02030456852791878 0.02030456852791878
0 0.7878452765508601 0.5374394323950162 0.02030456852791878 0.02030456852791878
0 0.8008322895378731 0.5512381336937177 0.02030456852791878 0.02030456852791878
0 0.7854102116157953 0.5561082635638473 0.02030456852791878 0.02030456852791878
0 0.7813517700573537 0.5617900817456656 0.02030456852791878 0.02030456852791878
0 0.8211244973300809 0.570718653174237 0.02030456852791878 0.02030456852791878
0 0.818689432395016 0.5561082635638473 0.02030456852791878 0.02030456852791878
0 0.8097608609664445 0.5520498220054059 0.02030456852791878 0.02030456852791878
0 0.8251829388885223 0.5463680038235877 0.02030456852791878 0.02030456852791878
0 0.8341115103170939 0.5431212505768344 0.02030456852791878 0.02030456852791878
0 0.8592738479794315 0.5309459259015097 0.02030456852791878 0.02030456852791878
0 0.8576504713560548 0.5423095622651462 0.02030456852791878 0.02030456852791878
0 0.868202419408003 0.5504264453820292 0.02030456852791878 0.02030456852791878
0 0.8608972246028083 0.5544848869404708 0.02030456852791878 0.02030456852791878
0 0.8535920297976133 0.5650368349924189 0.02030456852791878 0.02030456852791878
0 0.8706374843430679 0.5796472246028085 0.02030456852791878 0.02030456852791878
0 0.8592738479794315 0.7379264453820292 0.02030456852791878 0.02030456852791878
0 0.881189432395016 0.7387381336937174 0.02030456852791878 0.02030456852791878
0 0.8860595622651459 0.7289978739534578 0.02030456852791878 0.02030456852791878
0 0.9396309908365744 0.7168225492781332 0.02030456852791878 0.02030456852791878
0 0.886871250576834 0.5634134583690422 0.02030456852791878 0.02030456852791878
0 0.8884946272002108 0.5504264453820292 0.02030456852791878 0.02030456852791878
0 0.8966115103170939 0.544744627200211 0.02030456852791878 0.02030456852791878
0 0.9112218999274836 0.5455563155118993 0.02030456852791878 0.02030456852791878
0 0.9193387830443667 0.5390628090183929 0.02030456852791878 0.02030456852791878
0 0.928267354472938 0.5463680038235877 0.02030456852791878 0.02030456852791878
0 0.9201504713560548 0.568283588239172 0.02030456852791878 0.02030456852791878
0 0.9039167051222886 0.5715303414859254 0.02030456852791878 0.02030456852791878
0 0.8771309908365744 0.5893874843430682 0.02030456852791878 0.02030456852791878
0 0.899858263563847 0.5999394323950162 0.02030456852791878 0.02030456852791878
0 0.9104102116157953 0.5966926791482631 0.02030456852791878 0.02030456852791878
0 0.9152803414859252 0.5893874843430682 0.02030456852791878 0.02030456852791878
0 0.9258322895378731 0.5885757960313799 0.02030456852791878 0.02030456852791878
0 0.9380076142131978 0.5877641077196916 0.02030456852791878 0.02030456852791878
0 0.9558647570703407 0.5561082635638473 0.02030456852791878 0.02030456852791878
0 0.9355725492781329 0.5617900817456656 0.02030456852791878 0.02030456852791878
0 0.9656050168106003 0.5569199518755357 0.02030456852791878 0.02030456852791878
0 0.9720985233041068 0.5455563155118993 0.02030456852791878 0.02030456852791878
0 0.9745335882391717 0.5276991726547564 0.02030456852791878 0.02030456852791878
0 0.9607348869404706 0.5341926791482631 0.02030456852791878 0.02030456852791878
0 0.9453128090183925 0.5293225492781332 0.02030456852791878 0.02030456852791878
0 0.9380076142131978 0.5455563155118993 0.02030456852791878 0.02030456852791878
0 0.9445011207067041 0.544744627200211 0.02030456852791878 0.02030456852791878
0 0.9509946272002108 0.5220173544729384 0.02030456852791878 0.02030456852791878
0 0.9128452765508601 0.5147121596677435 0.02030456852791878 0.02030456852791878
0 0.9120335882391717 0.5252641077196916 0.02030456852791878 0.02030456852791878
0 0.8876829388885223 0.5341926791482631 0.02030456852791878 0.02030456852791878
0 0.8755076142131978 0.5309459259015097 0.02030456852791878 0.02030456852791878
0 0.8933647570703407 0.5309459259015097 0.02030456852791878 0.02030456852791878
0 0.881189432395016 0.5163355362911202 0.02030456852791878 0.02030456852791878
0 0.8876829388885223 0.5090303414859253 0.02030456852791878 0.02030456852791878
0 0.9047283934339769 0.5049718999274837 0.02030456852791878 0.02030456852791878
0 0.9225855362911198 0.5033485233041072 0.02030456852791878 0.02030456852791878
0 0.9599231986287822 0.5025368349924189 0.02030456852791878 0.02030456852791878
0 0.018364757070340836 0.4936082635638475 0.02030456852791878 0.02030456852791878
0 0.033786834992418746 0.49441995187553583 0.02030456852791878 0.02030456852791878
0 0.05164397784956161 0.500101770057354 0.02030456852791878 0.02030456852791878
0 0.08005306875865253 0.4952316401872241 0.02030456852791878 0.02030456852791878
0 0.08248813369371744 0.4830563155118995 0.02030456852791878 0.02030456852791878
0 0.08167644538202913 0.47412774408332803 0.02030456852791878 0.02030456852791878
0 0.08898164018722395 0.4773744973300813 0.02030456852791878 0.02030456852791878
0 0.1084621596677434 0.48143293888852284 0.02030456852791878 0.02030456852791878
0 0.12388423758982131 0.48224462720021116 0.02030456852791878 0.02030456852791878
0 0.13200112070670447 0.4952316401872241 0.02030456852791878 0.02030456852791878
0 0.14336475707034083 0.500101770057354 0.02030456852791878 0.02030456852791878
0 0.16933878304436675 0.500101770057354 0.02030456852791878 0.02030456852791878
0 0.16284527655086023 0.4936082635638475 0.02030456852791878 0.02030456852791878
0 0.1863842375898213 0.48873813369371766 0.02030456852791878 0.02030456852791878
0 0.20261800382358752 0.4968550168106008 0.02030456852791878 0.02030456852791878
0 0.21154657525215897 0.489549822005406 0.02030456852791878 0.02030456852791878
0 0.2326504713560551 0.487114757070341 0.02030456852791878 0.02030456852791878
0 0.25294267914826285 0.4984783934339774 0.02030456852791878 0.02030456852791878
0 0.26917644538202906 0.4927965752521592 0.02030456852791878 0.02030456852791878
0 0.29920891291449664 0.48549138044696444 0.02030456852791878 0.02030456852791878
0 0.3130076142131979 0.5065952765508605 0.02030456852791878 0.02030456852791878
0 0.32031280901839276 0.49117319862878256 0.02030456852791878 0.02030456852791878
0 0.28784527655086023 0.4773744973300813 0.02030456852791878 0.02030456852791878
0 0.005377744083327821 0.47169267914826307 0.02030456852791878 0.02030456852791878
0 0.006189432395016178 0.44896540642099036 0.02030456852791878 0.02030456852791878
0 0.004566055771639522 0.40594592590150985 0.02030456852791878 0.02030456852791878
0 0.012682938888522627 0.22980956226514626 0.02030456852791878 0.02030456852791878
0 0.03297514668073045 0.22412774408332806 0.02030456852791878 0.02030456852791878
0 0.03541021161579534 0.24117319862878261 0.02030456852791878 0.02030456852791878
0 0.05326735447293821 0.23792644538202937 0.02030456852791878 0.02030456852791878
0 0.05651410771969146 0.2330563155118995 0.02030456852791878 0.02030456852791878
0 0.06544267914826292 0.22980956226514626 0.02030456852791878 0.02030456852791878
0 0.07112449733008107 0.2273744973300813 0.02030456852791878 0.02030456852791878
0 0.07518293888852262 0.24036151031709432 0.02030456852791878 0.02030456852791878
0 0.08248813369371744 0.23143293888852287 0.02030456852791878 0.02030456852791878
0 0.08816995187553564 0.24279657525215922 0.02030456852791878 0.02030456852791878
0 0.099533588239172 0.24441995187553586 0.02030456852791878 0.02030456852791878
0 0.10521540642099014 0.23792644538202937 0.02030456852791878 0.02030456852791878
0 0.05164397784956161 0.2833809908365748 0.02030456852791878 0.02030456852791878
0 0.054890731096314864 0.2744524194080034 0.02030456852791878 0.02030456852791878
0 0.06300761421319796 0.2841926791482631 0.02030456852791878 0.02030456852791878
0 0.07842969213527588 0.2574069648625488 0.02030456852791878 0.02030456852791878
0 0.08979332849891224 0.25821865317423714 0.02030456852791878 0.02030456852791878
0 0.09547514668073044 0.26146540642099036 0.02030456852791878 0.02030456852791878
0 0.10278034148592526 0.2549718999274839 0.02030456852791878 0.02030456852791878
0 0.11333228953787325 0.25416021161579555 0.02030456852791878 0.02030456852791878
0 0.12307254927813302 0.2517251466807307 0.02030456852791878 0.02030456852791878
0 0.13605956226514604 0.2671472246028086 0.02030456852791878 0.02030456852791878
0 0.15066995187553564 0.2687706012261852 0.02030456852791878 0.02030456852791878
0 0.15878683499241875 0.265523847979432 0.02030456852791878 0.02030456852791878
0 0.1717738479794317 0.265523847979432 0.02030456852791878 0.02030456852791878
0 0.11820241940800316 0.27120566616125014 0.02030456852791878 0.02030456852791878
0 0.04271540642099015 0.3353290427846267 0.02030456852791878 0.02030456852791878
0 0.06463099083657457 0.3174718999274839 0.02030456852791878 0.02030456852791878
0 0.08411151031709409 0.3142251466807306 0.02030456852791878 0.02030456852791878
0 0.1019686531742369 0.31828358823917224 0.02030456852791878 0.02030456852791878
0 0.12388423758982131 0.32153034148592546 0.02030456852791878 0.02030456852791878
0 0.13362449733008108 0.31097839343397743 0.02030456852791878 0.02030456852791878
0 0.15797514668073045 0.31179008174566575 0.02030456852791878 0.02030456852791878
0 0.175020601226185 0.31016670512228905 0.02030456852791878 0.02030456852791878
0 0.19044267914826288 0.3085433284989125 0.02030456852791878 0.02030456852791878
0 0.20261800382358752 0.3085433284989125 0.02030456852791878 0.02030456852791878
0 0.23102709473267852 0.3028615103170943 0.02030456852791878 0.02030456852791878
0 0.23914397784956162 0.3028615103170943 0.02030456852791878 0.02030456852791878
0 0.003754367459951223 0.3580563155118995 0.02030456852791878 0.02030456852791878
0 0.02242319862878239 0.35480956226514626 0.02030456852791878 0.02030456852791878
0 0.029728393433977193 0.35156280901839293 0.02030456852791878 0.02030456852791878
0 0.04190371810930185 0.35156280901839293 0.02030456852791878 0.02030456852791878
0 0.016741380446964178 0.3767251466807306 0.02030456852791878 0.02030456852791878
0 0.029728393433977193 0.38403034148592546 0.02030456852791878 0.02030456852791878
0 0.0362218999274837 0.3824069648625488 0.02030456852791878 0.02030456852791878
0 0.045962159667743405 0.3783485233041073 0.02030456852791878 0.02030456852791878
0 0.05570241940800316 0.375101770057354 0.02030456852791878 0.02030456852791878
0 0.06544267914826292 0.37266670512228905 0.02030456852791878 0.02030456852791878
0 0.0946634583690421 0.3466926791482631 0.02030456852791878 0.02030456852791878
0 0.14092969213527587 0.34263423758982153 0.02030456852791878 0.02030456852791878
0 0.1652803414859252 0.3580563155118995 0.02030456852791878 0.02030456852791878
0 0.1717738479794317 0.33857579603138 0.02030456852791878 0.02030456852791878
0 0.1863842375898213 0.33695241940800336 0.02030456852791878 0.02030456852791878
0 0.12794267914826288 0.362114757070341 0.02030456852791878 0.02030456852791878
0 0.19287774408332783 0.34263423758982153 0.02030456852791878 0.02030456852791878
0 0.224533588239172 0.3353290427846267 0.02030456852791878 0.02030456852791878
0 0.23102709473267852 0.3312706012261852 0.02030456852791878 0.02030456852791878
0 0.23995566616124986 0.3174718999274839 0.02030456852791878 0.02030456852791878
0 0.029728393433977193 0.41081605577163977 0.02030456852791878 0.02030456852791878
0 0.024858263563847342 0.38890047135605527 0.02030456852791878 0.02030456852791878
0 0.05164397784956161 0.39945241940800336 0.02030456852791878 0.02030456852791878
0 0.05894917265475642 0.3937706012261852 0.02030456852791878 0.02030456852791878
0 0.07355956226514603 0.38971215966774364 0.02030456852791878 0.02030456852791878
0 0.08248813369371744 0.3856537181093021 0.02030456852791878 0.02030456852791878
0 0.10359202979761355 0.41974462720021116 0.02030456852791878 0.02030456852791878
0 0.06544267914826292 0.42299138044696444 0.02030456852791878 0.02030456852791878
0 0.06625436745995122 0.4067576142131982 0.02030456852791878 0.02030456852791878
0 0.04920891291449666 0.42299138044696444 0.02030456852791878 0.02030456852791878
0 0.07842969213527588 0.4035108609664449 0.02030456852791878 0.02030456852791878
0 0.0946634583690421 0.39701735447293846 0.02030456852791878 0.02030456852791878
0 0.11820241940800316 0.40594592590150985 0.02030456852791878 0.02030456852791878
0 0.11901410771969147 0.41730956226514626 0.02030456852791878 0.02030456852791878
0 0.12794267914826288 0.42299138044696444 0.02030456852791878 0.02030456852791878
0 0.13118943239501613 0.41162774408332803 0.02030456852791878 0.02030456852791878
0 0.13200112070670447 0.40594592590150985 0.02030456852791878 0.02030456852791878
0 0.13281280901839276 0.3978290427846267 0.02030456852791878 0.02030456852791878
0 0.14011800382358758 0.38808878304436706 0.02030456852791878 0.02030456852791878
0 0.14336475707034083 0.3710433284989125 0.02030456852791878 0.02030456852791878
0 0.15391670512228883 0.3937706012261852 0.02030456852791878 0.02030456852791878
0 0.1669037181093018 0.3937706012261852 0.02030456852791878 0.02030456852791878
0 0.1652803414859252 0.4148744973300813 0.02030456852791878 0.02030456852791878
0 0.17420891291449667 0.4148744973300813 0.02030456852791878 0.02030456852791878
0 0.14498813369371744 0.42948488694047093 0.02030456852791878 0.02030456852791878
0 0.14498813369371744 0.44571865317423714 0.02030456852791878 0.02030456852791878
0 0.1271309908365746 0.4570822895378735 0.02030456852791878 0.02030456852791878
0 0.11901410771969147 0.4440952765508605 0.02030456852791878 0.02030456852791878
0 0.1060270947326785 0.45870566616125014 0.02030456852791878 0.02030456852791878
0 0.15066995187553564 0.4627641077196917 0.02030456852791878 0.02030456852791878
0 0.15716345836904208 0.45302384797943196 0.02030456852791878 0.02030456852791878
0 0.09060501681060054 0.37266670512228905 0.02030456852791878 0.02030456852791878
0 0.09628683499241875 0.36698488694047093 0.02030456852791878 0.02030456852791878
0 0.11982579603137976 0.36292644538202934 0.02030456852791878 0.02030456852791878
0 0.10359202979761355 0.3783485233041073 0.02030456852791878 0.02030456852791878
0 0.09385177005735379 0.3856537181093021 0.02030456852791878 0.02030456852791878
0 0.004566055771639522 0.2647121596677435 0.02030456852791878 0.02030456852791878
0 0.0021309908365746253 0.1876017700573539 0.02030456852791878 0.02030456852791878
0 0.013494627200210984 0.18029657525215903 0.02030456852791878 0.02030456852791878
0 0.01024787395345773 0.15026410771969156 0.02030456852791878 0.02030456852791878
0 0.02729332849891224 0.15188748434306817 0.02030456852791878 0.02030456852791878
0 0.03541021161579534 0.14620566616125003 0.02030456852791878 0.02030456852791878
0 0.03216345836904215 0.133218653174237 0.02030456852791878 0.02030456852791878
0 0.019176445382029134 0.13727709473267857 0.02030456852791878 0.02030456852791878
0 0.003754367459951223 0.13484202979761362 0.02030456852791878 0.02030456852791878
0 0.007812809018392776 0.1186082635638474 0.02030456852791878 0.02030456852791878
0 0.0013193025248862684 0.1251017700573539 0.02030456852791878 0.02030456852791878
0 0.011871250576834328 0.10318618564176948 0.02030456852791878 0.02030456852791878
0 0.024046575252158985 0.10156280901839283 0.02030456852791878 0.02030456852791878
0 0.016741380446964178 0.08938748434306817 0.02030456852791878 0.02030456852791878
0 0.02729332849891224 0.08776410771969158 0.02030456852791878 0.02030456852791878
0 0.040280341485925256 0.09344592590150973 0.02030456852791878 0.02030456852791878
0 0.037033588239172 0.11779657525215904 0.02030456852791878 0.02030456852791878
0 0.019176445382029134 0.12347839343397725 0.02030456852791878 0.02030456852791878
0 0.04433878304436681 0.1340303414859253 0.02030456852791878 0.02030456852791878
0 0.012682938888522627 0.20302384797943177 0.02030456852791878 0.02030456852791878
0 0.03135177005735379 0.19328358823917205 0.02030456852791878 0.02030456852791878
0 0.04677384797943176 0.20789397784956168 0.02030456852791878 0.02030456852791878
0 0.05894917265475642 0.14539397784956168 0.02030456852791878 0.02030456852791878
0 0.06706605577163952 0.14458228953787336 0.02030456852791878 0.02030456852791878
0 0.07761800382358758 0.15756930252488632 0.02030456852791878 0.02030456852791878
0 0.07599462720021093 0.17867319862878245 0.02030456852791878 0.02030456852791878
0 0.06625436745995122 0.133218653174237 0.02030456852791878 0.02030456852791878
0 0.05245566616124991 0.1194199518755357 0.02030456852791878 0.02030456852791878
0 0.041092029797613554 0.1121147570703409 0.02030456852791878 0.02030456852791878
0 0.05002060122618496 0.11130306875865259 0.02030456852791878 0.02030456852791878
0 0.054079042784626566 0.1104913804469643 0.02030456852791878 0.02030456852791878
0 0.06868943239501613 0.10480956226514608 0.02030456852791878 0.02030456852791878
0 0.06544267914826292 0.1186082635638474 0.02030456852791878 0.02030456852791878
0 0.07842969213527588 0.12591345836904222 0.02030456852791878 0.02030456852791878
0 0.07518293888852262 0.13890047135605516 0.02030456852791878 0.02030456852791878
0 0.08816995187553564 0.15269917265475647 0.02030456852791878 0.02030456852791878
0 0.08898164018722395 0.14052384797943177 0.02030456852791878 0.02030456852791878
0 0.09709852330410705 0.1340303414859253 0.02030456852791878 0.02030456852791878
0 0.1019686531742369 0.1275368349924188 0.02030456852791878 0.02030456852791878
0 0.1003452765508603 0.1186082635638474 0.02030456852791878 0.02030456852791878
0 0.09141670512228889 0.10318618564176948 0.02030456852791878 0.02030456852791878
0 0.10278034148592526 0.1673095622651461 0.02030456852791878 0.02030456852791878
0 0.10683878304436681 0.15351086096644478 0.02030456852791878 0.02030456852791878
0 0.1019686531742369 0.14620566616125003 0.02030456852791878 0.02030456852791878
0 0.13037774408332783 0.17867319862878245 0.02030456852791878 0.02030456852791878
0 0.14092969213527587 0.16568618564176943 0.02030456852791878 0.02030456852791878
0 0.13362449733008108 0.14458228953787336 0.02030456852791878 0.02030456852791878
0 0.12063748434306806 0.1275368349924188 0.02030456852791878 0.02030456852791878
0 0.11252060122618496 0.120231640187224 0.02030456852791878 0.02030456852791878
0 0.1084621596677434 0.10562125057683439 0.02030456852791878 0.02030456852791878
0 0.08573488694047068 0.09182254927813313 0.02030456852791878 0.02030456852791878
0 0.0922283934339772 0.08289397784956166 0.02030456852791878 0.02030456852791878
0 0.07193618564176937 0.08532904278462662 0.02030456852791878 0.02030456852791878
0 0.1636569648625486 0.17948488694047074 0.02030456852791878 0.02030456852791878
0 0.1563517700573538 0.15594592590150974 0.02030456852791878 0.02030456852791878
0 0.1782673544729382 0.14539397784956168 0.02030456852791878 0.02030456852791878
0 0.14336475707034083 0.12997189992748376 0.02030456852791878 0.02030456852791878
0 0.28784527655086023 0.3174718999274837 0.02030456852791878 0.02030456852791878
0 0.28459852330410707 0.3377641077196915 0.02030456852791878 0.02030456852791878
0 0.25943618564176935 0.3377641077196915 0.02030456852791878 0.02030456852791878
0 0.2440141077196914 0.35318618564176946 0.02030456852791878 0.02030456852791878
0 0.23021540642099014 0.3483160557716396 0.02030456852791878 0.02030456852791878
0 0.2147933284989122 0.34912774408332786 0.02030456852791878 0.02030456852791878
0 0.20261800382358752 0.35967969213527595 0.02030456852791878 0.02030456852791878
0 0.19206605577163946 0.3710433284989123 0.02030456852791878 0.02030456852791878
0 0.21235826356384735 0.38890047135605516 0.02030456852791878 0.02030456852791878
0 0.19531280901839276 0.4059459259015097 0.02030456852791878 0.02030456852791878
0 0.12956605577163952 0.3004264453820292 0.02030456852791878 0.02030456852791878
0 0.15878683499241875 0.4708809908365748 0.02030456852791878 0.02030456852791878
0 0.14255306875865248 0.47493943239501635 0.02030456852791878 0.02030456852791878
0 0.1782673544729382 0.45383553629112033 0.02030456852791878 0.02030456852791878
0 0.19125436745995122 0.4449069648625488 0.02030456852791878 0.02030456852791878
0 0.17258553629112006 0.4773744973300813 0.02030456852791878 0.02030456852791878
0 0.18881930252488627 0.47493943239501635 0.02030456852791878 0.02030456852791878
0 0.19774787395345772 0.46357579603138 0.02030456852791878 0.02030456852791878
0 0.20424138044696413 0.4611407310963151 0.02030456852791878 0.02030456852791878
0 0.2018063155118993 0.42542644538202934 0.02030456852791878 0.02030456852791878
0 0.19450112070670442 0.43516670512228905 0.02030456852791878 0.02030456852791878
0 0.1863842375898213 0.43273164018722415 0.02030456852791878 0.02030456852791878
0 0.17907904278462655 0.4335433284989125 0.02030456852791878 0.02030456852791878
0 0.08005306875865253 0.4311082635638475 0.02030456852791878 0.02030456852791878
0 0.03054008174566549 0.43273164018722415 0.02030456852791878 0.02030456852791878
0 0.05326735447293821 0.4424718999274839 0.02030456852791878 0.02030456852791878
0 0.03216345836904215 0.4603290427846267 0.02030456852791878 0.02030456852791878
0 0.04433878304436681 0.47250436745995145 0.02030456852791878 0.02030456852791878
0 0.03054008174566549 0.4789978739534579 0.02030456852791878 0.02030456852791878
0 0.05002060122618496 0.4562706012261852 0.02030456852791878 0.02030456852791878
0 0.06950112070670447 0.45545891291449686 0.02030456852791878 0.02030456852791878
0 0.08329982200540573 0.4205563155118995 0.02030456852791878 0.02030456852791878
0 0.22209852330410704 0.41243943239501635 0.02030456852791878 0.02030456852791878
0 0.23833228953787325 0.4067576142131982 0.02030456852791878 0.02030456852791878
0 0.2212868349924187 0.3921472246028086 0.02030456852791878 0.02030456852791878
0 0.24644917265475635 0.4181212505768346 0.02030456852791878 0.02030456852791878
0 0.23833228953787325 0.427049822005406 0.02030456852791878 0.02030456852791878
0 0.23102709473267852 0.42948488694047093 0.02030456852791878 0.02030456852791878
0 0.21722839343397712 0.43679008174566575 0.02030456852791878 0.02030456852791878
0 0.23670891291449667 0.4611407310963151 0.02030456852791878 0.02030456852791878
0 0.24239073109631482 0.4392251466807306 0.02030456852791878 0.02030456852791878
0 0.24969592590150966 0.4384134583690424 0.02030456852791878 0.02030456852791878
0 0.2659296921352759 0.46357579603138 0.02030456852791878 0.02030456852791878
0 0.2537543674599512 0.46601086096644495 0.02030456852791878 0.02030456852791878
0 0.2724231986287824 0.4546472246028086 0.02030456852791878 0.02030456852791878
0 0.2894686531742368 0.4497770947326787 0.02030456852791878 0.02030456852791878
0 0.24807254927813296 0.3815952765508605 0.02030456852791878 0.02030456852791878
0 0.25781280901839276 0.37266670512228905 0.02030456852791878 0.02030456852791878
0 0.26268293888852257 0.3572446272002112 0.02030456852791878 0.02030456852791878
0 0.27323488694047066 0.364549822005406 0.02030456852791878 0.02030456852791878
0 0.2951504713560551 0.3434459259015099 0.02030456852791878 0.02030456852791878
0 0.2967738479794317 0.35480956226514626 0.02030456852791878 0.02030456852791878
0 0.3057024194080032 0.34750436745995145 0.02030456852791878 0.02030456852791878
0 0.3113842375898213 0.34019917265475663 0.02030456852791878 0.02030456852791878
0 0.30407904278462644 0.3231537181093021 0.02030456852791878 0.02030456852791878
0 0.26998813369371744 0.40351086096644495 0.02030456852791878 0.02030456852791878
0 0.2821634583690421 0.3953939778495618 0.02030456852791878 0.02030456852791878
0 0.2935270947326785 0.3921472246028086 0.02030456852791878 0.02030456852791878
0 0.2902803414859252 0.43679008174566575 0.02030456852791878 0.02030456852791878
0 0.3048907310963148 0.42542644538202934 0.02030456852791878 0.02030456852791878
0 0.31057254927813294 0.4067576142131982 0.02030456852791878 0.02030456852791878
0 0.3057024194080032 0.39458228953787355 0.02030456852791878 0.02030456852791878
0 0.31057254927813294 0.38971215966774364 0.02030456852791878 0.02030456852791878
0 0.323559562265146 0.3872770947326787 0.02030456852791878 0.02030456852791878
0 0.334111510317094 0.3953939778495618 0.02030456852791878 0.02030456852791878
0 0.3113842375898213 0.4432835882391722 0.02030456852791878 0.02030456852791878
0 0.29596215966774336 0.4481537181093021 0.02030456852791878 0.02030456852791878
0 0.3292413804469641 0.45951735447293846 0.02030456852791878 0.02030456852791878
0 0.32193618564176935 0.46763423758982153 0.02030456852791878 0.02030456852791878
0 0.3170660557716395 0.4578939778495618 0.02030456852791878 0.02030456852791878
0 0.3446634583690421 0.4091926791482631 0.02030456852791878 0.02030456852791878
0 0.3592738479794317 0.40351086096644495 0.02030456852791878 0.02030456852791878
0 0.37631930252488627 0.40107579603138005 0.02030456852791878 0.02030456852791878
0 0.3746959259015096 0.4132511207067047 0.02030456852791878 0.02030456852791878
0 0.3690141077196914 0.4578939778495618 0.02030456852791878 0.02030456852791878
0 0.35846215966774336 0.4603290427846267 0.02030456852791878 0.02030456852791878
0 0.3454751466807304 0.48224462720021116 0.02030456852791878 0.02030456852791878
0 0.3511569648625486 0.49766670512228905 0.02030456852791878 0.02030456852791878
0 0.3803777440833278 0.5057835882391722 0.02030456852791878 0.02030456852791878
0 0.40148164018722393 0.49766670512228905 0.02030456852791878 0.02030456852791878
0 0.4136569648625486 0.4936082635638475 0.02030456852791878 0.02030456852791878
0 0.4298907310963148 0.489549822005406 0.02030456852791878 0.02030456852791878
0 0.44368943239501607 0.4944199518755359 0.02030456852791878 0.02030456852791878
0 0.4144686531742368 0.45221215966774364 0.02030456852791878 0.02030456852791878
0 0.39823488694047066 0.45951735447293846 0.02030456852791878 0.02030456852791878
0 0.38930631551189915 0.4692576142131982 0.02030456852791878 0.02030456852791878
0 0.370637484343068 0.4708809908365748 0.02030456852791878 0.02030456852791878
0 0.3755076142131979 0.4789978739534579 0.02030456852791878 0.02030456852791878
0 0.4031050168106005 0.47493943239501635 0.02030456852791878 0.02030456852791878
0 0.12063748434306806 0.09993943239501624 0.02030456852791878 0.02030456852791878
0 0.12469592590150967 0.10805631551189934 0.02030456852791878 0.02030456852791878
0 0.12794267914826288 0.09912774408332788 0.02030456852791878 0.02030456852791878
0 0.12875436745995122 0.09344592590150973 0.02030456852791878 0.02030456852791878
0 0.1417413804469642 0.08776410771969158 0.02030456852791878 0.02030456852791878
0 0.1417413804469642 0.10724462720021104 0.02030456852791878 0.02030456852791878
0 0.15066995187553564 0.10724462720021104 0.02030456852791878 0.02030456852791878
0 0.1652803414859252 0.11779657525215904 0.02030456852791878 0.02030456852791878
0 0.16041021161579536 0.12591345836904222 0.02030456852791878 0.02030456852791878
0 0.1498582635638473 0.13890047135605516 0.02030456852791878 0.02030456852791878
0 0.1782673544729382 0.1275368349924188 0.02030456852791878 0.02030456852791878
0 0.1733972246028083 0.11698488694047081 0.02030456852791878 0.02030456852791878
0 0.1652803414859252 0.10805631551189934 0.02030456852791878 0.02030456852791878
0 0.16933878304436675 0.09669267914826297 0.02030456852791878 0.02030456852791878
0 0.16771540642099014 0.08532904278462662 0.02030456852791878 0.02030456852791878
0 0.17745566616124986 0.08370566616125003 0.02030456852791878 0.02030456852791878
0 0.18719592590150966 0.08289397784956166 0.02030456852791878 0.02030456852791878
0 0.01024787395345773 0.017147224602808472 0.02030456852791878 0.02030456852791878
0 0.014306315511899282 0.002536834992418861 0.02030456852791878 0.02030456852791878
0 0.02566995187553564 0.004971899927483758 0.02030456852791878 0.02030456852791878
0 0.02566995187553564 0.016335536291120115 0.02030456852791878 0.02030456852791878
0 0.041092029797613554 0.023640731096314923 0.02030456852791878 0.02030456852791878
0 0.04515047135605511 0.008218653174237011 0.02030456852791878 0.02030456852791878
0 0.05732579603137976 0.004971899927483758 0.02030456852791878 0.02030456852791878
0 0.05570241940800316 0.01795891291449677 0.02030456852791878 0.02030456852791878
0 0.06625436745995122 0.017147224602808472 0.02030456852791878 0.02030456852791878
0 0.07842969213527588 0.025264107719691578 0.02030456852791878 0.02030456852791878
0 0.08248813369371744 0.017147224602808472 0.02030456852791878 0.02030456852791878
0 0.12144917265475642 0.01958228953787337 0.02030456852791878 0.02030456852791878
0 0.1701504713560551 0.020393977849561668 0.02030456852791878 0.02030456852791878
0 0.19044267914826288 0.01795891291449677 0.02030456852791878 0.02030456852791878
0 0.19450112070670442 0.004971899927483758 0.02030456852791878 0.02030456852791878
0 0.2066764453820291 0.005783588239172057 0.02030456852791878 0.02030456852791878
0 0.20424138044696413 0.023640731096314923 0.02030456852791878 0.02030456852791878
0 0.2099231986287824 0.017147224602808472 0.02030456852791878 0.02030456852791878
0 0.21966345836904208 0.004971899927483758 0.02030456852791878 0.02030456852791878
0 0.22696865317423695 0.005783588239172057 0.02030456852791878 0.02030456852791878
0 0.23102709473267852 0.026075796031379876 0.02030456852791878 0.02030456852791878
0 0.18070241940800316 0.10805631551189934 0.02030456852791878 0.02030456852791878
0 0.19855956226514598 0.09912774408332788 0.02030456852791878 0.02030456852791878
0 0.20911151031709402 0.09588099083657468 0.02030456852791878 0.02030456852791878
0 0.2212868349924187 0.09344592590150973 0.02030456852791878 0.02030456852791878
0 0.23508553629112006 0.09344592590150973 0.02030456852791878 0.02030456852791878
0 0.23183878304436675 0.08370566616125003 0.02030456852791878 0.02030456852791878
0 0.24807254927813296 0.09101086096644477 0.02030456852791878 0.02030456852791878
0 0.24807254927813296 0.07964722460280842 0.02030456852791878 0.02030456852791878
0 0.25943618564176935 0.023640731096314923 0.02030456852791878 0.02030456852791878
0 0.26917644538202906 0.022829042784626625 0.02030456852791878 0.02030456852791878
0 0.17989073109631482 0.1194199518755357 0.02030456852791878 0.02030456852791878
0 0.19206605577163946 0.11454982200540585 0.02030456852791878 0.02030456852791878
0 0.20586475707034083 0.10886800382358763 0.02030456852791878 0.02030456852791878
0 0.28784527655086023 0.022829042784626625 0.02030456852791878 0.02030456852791878
0 0.2837868349924187 0.01390047135605522 0.02030456852791878 0.02030456852791878
0 0.27972839343397715 0.005783588239172057 0.02030456852791878 0.02030456852791878
0 0.31463099083657453 0.008218653174237011 0.02030456852791878 0.02030456852791878
0 0.29920891291449664 0.0065952765508604135 0.02030456852791878 0.02030456852791878
0 0.2951504713560551 0.017147224602808472 0.02030456852791878 0.02030456852791878
0 0.31950112070670444 0.01958228953787337 0.02030456852791878 0.02030456852791878
0 0.3276180038235875 0.016335536291120115 0.02030456852791878 0.02030456852791878
0 0.3332998220054057 0.0065952765508604135 0.02030456852791878 0.02030456852791878
0 0.33573488694047066 0.022017354472938323 0.02030456852791878 0.02030456852791878
0 0.3454751466807304 0.022017354472938323 0.02030456852791878 0.02030456852791878
0 0.3511569648625486 0.0065952765508604135 0.02030456852791878 0.02030456852791878
0 0.36576735447293823 0.008218653174237011 0.02030456852791878 0.02030456852791878
0 0.3560270947326784 0.01795891291449677 0.02030456852791878 0.02030456852791878
0 0.3641439778495616 0.01958228953787337 0.02030456852791878 0.02030456852791878
0 0.386059562265146 0.01958228953787337 0.02030456852791878 0.02030456852791878
0 0.4039167051222888 0.009030341485925311 0.02030456852791878 0.02030456852791878
0 0.4193387830443667 0.008218653174237011 0.02030456852791878 0.02030456852791878
0 0.4266439778495615 0.009030341485925311 0.02030456852791878 0.02030456852791878
0 0.43963099083657453 0.016335536291120115 0.02030456852791878 0.02030456852791878
0 0.4201504713560551 0.025264107719691578 0.02030456852791878 0.02030456852791878
0 0.44368943239501607 0.0065952765508604135 0.02030456852791878 0.02030456852791878
0 0.45180631551189915 0.005783588239172057 0.02030456852791878 0.02030456852791878
0 0.45099462720021094 0.01958228953787337 0.02030456852791878 0.02030456852791878
0 0.47372189992748365 0.0065952765508604135 0.02030456852791878 0.02030456852791878
0 0.4875206012261849 0.01390047135605522 0.02030456852791878 0.02030456852791878
0 0.4842738479794317 0.002536834992418861 0.02030456852791878 0.02030456852791878
0 0.18394917265475635 0.17461475707034088 0.02030456852791878 0.02030456852791878
0 0.18476086096644473 0.1616277440833279 0.02030456852791878 0.02030456852791878
0 0.19450112070670442 0.16406280901839285 0.02030456852791878 0.02030456852791878
0 0.18963099083657461 0.15188748434306817 0.02030456852791878 0.02030456852791878
0 0.19774787395345772 0.14539397784956168 0.02030456852791878 0.02030456852791878
0 0.2099231986287824 0.13890047135605516 0.02030456852791878 0.02030456852791878
0 0.20018293888852257 0.13565371810930196 0.02030456852791878 0.02030456852791878
0 0.20261800382358752 0.1218550168106006 0.02030456852791878 0.02030456852791878
0 0.21073488694047063 0.12429008174566555 0.02030456852791878 0.02030456852791878
0 0.22047514668073045 0.1275368349924188 0.02030456852791878 0.02030456852791878
0 0.2277803414859252 0.11617319862878245 0.02030456852791878 0.02030456852791878
0 0.23102709473267852 0.1104913804469643 0.02030456852791878 0.02030456852791878
0 0.24239073109631482 0.10886800382358763 0.02030456852791878 0.02030456852791878
0 0.24320241940800316 0.13484202979761362 0.02030456852791878 0.02030456852791878
0 0.2342738479794317 0.12997189992748376 0.02030456852791878 0.02030456852791878
0 0.22696865317423695 0.1413355362911201 0.02030456852791878 0.02030456852791878
0 0.2164167051222889 0.1413355362911201 0.02030456852791878 0.02030456852791878
0 0.2342738479794317 0.14620566616125003 0.02030456852791878 0.02030456852791878
0 0.23102709473267852 0.15107579603137983 0.02030456852791878 0.02030456852791878
0 0.20829982200540578 0.15026410771969156 0.02030456852791878 0.02030456852791878
0 0.22209852330410704 0.16406280901839285 0.02030456852791878 0.02030456852791878
0 0.21154657525215897 0.15838099083657467 0.02030456852791878 0.02030456852791878
0 0.19693618564176937 0.17704982200540584 0.02030456852791878 0.02030456852791878
0 0.19531280901839276 0.1876017700573539 0.02030456852791878 0.02030456852791878
0 0.18719592590150966 0.1908485233041071 0.02030456852791878 0.02030456852791878
0 0.21316995187553558 0.18516670512228894 0.02030456852791878 0.02030456852791878
0 0.21154657525215897 0.1762381336937175 0.02030456852791878 0.02030456852791878
0 0.2229102116157954 0.182731640187224 0.02030456852791878 0.02030456852791878
0 0.22696865317423695 0.17704982200540584 0.02030456852791878 0.02030456852791878
0 0.224533588239172 0.1989654064209902 0.02030456852791878 0.02030456852791878
0 0.2164167051222889 0.1989654064209902 0.02030456852791878 0.02030456852791878
0 0.21154657525215897 0.20789397784956168 0.02030456852791878 0.02030456852791878
0 0.24644917265475635 0.21601086096644478 0.02030456852791878 0.02030456852791878
0 0.24644917265475635 0.19328358823917205 0.02030456852791878 0.02030456852791878
0 0.24563748434306812 0.16243943239501624 0.02030456852791878 0.02030456852791878
0 0.25781280901839276 0.16000436745995128 0.02030456852791878 0.02030456852791878
0 0.2488842375898213 0.17380306875865253 0.02030456852791878 0.02030456852791878
0 0.25862449733008097 0.18597839343397726 0.02030456852791878 0.02030456852791878
0 0.2553777440833278 0.1989654064209902 0.02030456852791878 0.02030456852791878
0 0.26349462720021094 0.1965303414859253 0.02030456852791878 0.02030456852791878
0 0.2618712505768343 0.20870566616124997 0.02030456852791878 0.02030456852791878
0 0.2789167051222889 0.21601086096644478 0.02030456852791878 0.02030456852791878
0 0.2781050168106005 0.2070822895378733 0.02030456852791878 0.02030456852791878
0 0.30732579603137977 0.3004264453820292 0.02030456852791878 0.02030456852791878
0 0.31544267914826285 0.27769917265475647 0.02030456852791878 0.02030456852791878
0 0.3276180038235875 0.3004264453820292 0.02030456852791878 0.02030456852791878
0 0.33248813369371744 0.3182835882391721 0.02030456852791878 0.02030456852791878
0 0.34304008174566547 0.3174718999274837 0.02030456852791878 0.02030456852791878
0 0.32680631551189926 0.3158485233041071 0.02030456852791878 0.02030456852791878
0 0.35034527655086023 0.28987449733008114 0.02030456852791878 0.02030456852791878
0 0.37226086096644473 0.2874394323950162 0.02030456852791878 0.02030456852791878
0 0.38849462720021094 0.2841926791482629 0.02030456852791878 0.02030456852791878
0 0.40066995187553556 0.2850043674599513 0.02030456852791878 0.02030456852791878
0 0.40554008174566547 0.3174718999274837 0.02030456852791878 0.02030456852791878
0 0.2675530687586525 0.08614073109631493 0.02030456852791878 0.02030456852791878
0 0.27648164018722393 0.08532904278462662 0.02030456852791878 0.02030456852791878
0 0.2837868349924187 0.08532904278462662 0.02030456852791878 0.02030456852791878
0 0.2886569648625486 0.07964722460280842 0.02030456852791878 0.02030456852791878
0 0.29271540642099014 0.09425761421319803 0.02030456852791878 0.02030456852791878
0 0.2781050168106005 0.09912774408332788 0.02030456852791878 0.02030456852791878
0 0.2724231986287824 0.09182254927813313 0.02030456852791878 0.02030456852791878
0 0.2675530687586525 0.09912774408332788 0.02030456852791878 0.02030456852791878
0 0.2781050168106005 0.1104913804469643 0.02030456852791878 0.02030456852791878
0 0.261059562265146 0.1104913804469643 0.02030456852791878 0.02030456852791878
0 0.2854102116157953 0.12266670512228896 0.02030456852791878 0.02030456852791878
0 0.29920891291449664 0.09506930252488632 0.02030456852791878 0.02030456852791878
0 0.30976086096644473 0.09588099083657468 0.02030456852791878 0.02030456852791878
0 0.3162543674599512 0.09588099083657468 0.02030456852791878 0.02030456852791878
0 0.31381930252488627 0.08451735447293833 0.02030456852791878 0.02030456852791878
0 0.3300530687586525 0.08614073109631493 0.02030456852791878 0.02030456852791878
0 0.3332998220054057 0.08208228953787337 0.02030456852791878 0.02030456852791878
0 0.3568387830443667 0.08451735447293833 0.02030456852791878 0.02030456852791878
0 0.36982579603137977 0.08614073109631493 0.02030456852791878 0.02030456852791878
0 0.399046575252159 0.08208228953787337 0.02030456852791878 0.02030456852791878
0 0.4039167051222888 0.08208228953787337 0.02030456852791878 0.02030456852791878
0 0.4217738479794317 0.08614073109631493 0.02030456852791878 0.02030456852791878
0 0.44368943239501607 0.08289397784956166 0.02030456852791878 0.02030456852791878
0 0.45667644538202906 0.01958228953787337 0.02030456852791878 0.02030456852791878
0 0.45099462720021094 0.08451735447293833 0.02030456852791878 0.02030456852791878
0 0.48346215966774336 0.09182254927813313 0.02030456852791878 0.02030456852791878
0 0.48995566616124986 0.09344592590150973 0.02030456852791878 0.02030456852791878
0 0.4883322895378733 0.08370566616125003 0.02030456852791878 0.02030456852791878
0 0.2675530687586525 0.17948488694047074 0.02030456852791878 0.02030456852791878
0 0.27648164018722393 0.1819199518755357 0.02030456852791878 0.02030456852791878
0 0.274046575252159 0.17055631551189934 0.02030456852791878 0.02030456852791878
0 0.6060270947326784 0.1876017700573539 0.02030456852791878 0.02030456852791878
0 0.24239073109631482 0.12591345836904222 0.02030456852791878 0.02030456852791878
0 0.26917644538202906 0.1340303414859253 0.02030456852791878 0.02030456852791878
0 0.256189432395016 0.13890047135605516 0.02030456852791878 0.02030456852791878
0 0.2651180038235875 0.14701735447293826 0.02030456852791878 0.02030456852791878
0 0.2781050168106005 0.1421472246028084 0.02030456852791878 0.02030456852791878
0 0.30407904278462644 0.10643293888852275 0.02030456852791878 0.02030456852791878
0 0.31950112070670444 0.10480956226514608 0.02030456852791878 0.02030456852791878
0 0.3276180038235875 0.09506930252488632 0.02030456852791878 0.02030456852791878
0 0.3397933284989122 0.09750436745995128 0.02030456852791878 0.02030456852791878
0 0.3332998220054057 0.10480956226514608 0.02030456852791878 0.02030456852791878
0 0.29758553629112006 0.11698488694047081 0.02030456852791878 0.02030456852791878
0 0.31138423758982137 0.13666832849891236 0.02030456852791878 0.02030456852791878
0 0.31503683499241875 0.1265222246028085 0.02030456852791878 0.02030456852791878
0 0.2939329388885226 0.12936313369371755 0.02030456852791878 0.02030456852791878
0 0.3385757960313798 0.1277397570703409 0.02030456852791878 0.02030456852791878
0 0.34263423758982137 0.1370741726547565 0.02030456852791878 0.02030456852791878
0 0.34953358823917197 0.13585664018722404 0.02030456852791878 0.02030456852791878
0 0.35602709473267846 0.14640858823917208 0.02030456852791878 0.02030456852791878
0 0.3365465752521589 0.14722027655086042 0.02030456852791878 0.02030456852791878
0 0.3239654064209902 0.14519105577163963 0.02030456852791878 0.02030456852791878
0 0.30935501681060057 0.15127871810930196 0.02030456852791878 0.02030456852791878
0 0.30083228953787333 0.15209040642099025 0.02030456852791878 0.02030456852791878
0 0.28703358823917197 0.14722027655086042 0.02030456852791878 0.02030456852791878
0 0.2841926791482629 0.17278845836904225 0.02030456852791878 0.02030456852791878
0 0.29515047135605504 0.13788586096644484 0.02030456852791878 0.02030456852791878
0 0.3255887830443668 0.12489884797943182 0.02030456852791878 0.02030456852791878
0 0.33329982200540575 0.11231767914826302 0.02030456852791878 0.02030456852791878
0 0.34791021161579533 0.10541832849891235 0.02030456852791878 0.02030456852791878
0 0.3544037181093018 0.09851897784956172 0.02030456852791878 0.02030456852791878
0 0.35765047135605504 0.1078533934339773 0.02030456852791878 0.02030456852791878
0 0.3617089129144966 0.0948663804469643 0.02030456852791878 0.02030456852791878
0 0.3714491726547564 0.09527222460280847 0.02030456852791878 0.02030456852791878
0 0.3815952765508603 0.1078533934339773 0.02030456852791878 0.02030456852791878
0 0.3722608609664447 0.10663586096644483 0.02030456852791878 0.02030456852791878
0 0.36333228953787333 0.11394105577163964 0.02030456852791878 0.02030456852791878
0 0.36333228953787333 0.12327547135605522 0.02030456852791878 0.02030456852791878
0 0.3608972246028084 0.1269280687586526 0.02030456852791878 0.02030456852791878
0 0.3503452765508603 0.12368131551189937 0.02030456852791878 0.02030456852791878
0 0.3649556661612499 0.13585664018722404 0.02030456852791878 0.02030456852791878
0 0.36739073109631487 0.1492494973300812 0.02030456852791878 0.02030456852791878
0 0.38240696486254855 0.14843780901839287 0.02030456852791878 0.02030456852791878
0 0.3820011207067045 0.13301573109631495 0.02030456852791878 0.02030456852791878
0 0.3751017700573538 0.12084040642099027 0.02030456852791878 0.02030456852791878
0 0.388494627200211 0.12246378304436692 0.02030456852791878 0.02030456852791878
0 0.38403034148592524 0.11394105577163964 0.02030456852791878 0.02030456852791878
0 0.388494627200211 0.10663586096644483 0.02030456852791878 0.02030456852791878
0 0.3998582635638473 0.1005481986287825 0.02030456852791878 0.02030456852791878
0 0.39377060122618496 0.09080793888852275 0.02030456852791878 0.02030456852791878
0 0.3880887830443668 0.09689560122618507 0.02030456852791878 0.02030456852791878
0 0.42177384797943174 0.09527222460280847 0.02030456852791878 0.02030456852791878
0 0.409598523304107 0.09121378304436692 0.02030456852791878 0.02030456852791878
0 0.3272121596677434 0.1407267700573539 0.02030456852791878 0.02030456852791878
0 0.41081605577163954 0.12408715966774352 0.02030456852791878 0.02030456852791878
0 0.41812125057683425 0.12368131551189937 0.02030456852791878 0.02030456852791878
0 0.41852709473267846 0.11394105577163964 0.02030456852791878 0.02030456852791878
0 0.404322549278133 0.1094767700573539 0.02030456852791878 0.02030456852791878
0 0.3982348869404707 0.11272352330410716 0.02030456852791878 0.02030456852791878
0 0.3966115103170941 0.13220404278462664 0.02030456852791878 0.02030456852791878
0 0.3897121596677434 0.13220404278462664 0.02030456852791878 0.02030456852791878
0 0.3921472246028084 0.14640858823917208 0.02030456852791878 0.02030456852791878
0 0.4010757960313798 0.143567679148263 0.02030456852791878 0.02030456852791878
0 0.4063517700573538 0.15330793888852273 0.02030456852791878 0.02030456852791878
0 0.41365696486254855 0.14722027655086042 0.02030456852791878 0.02030456852791878
0 0.41649787395345766 0.13869754927813313 0.02030456852791878 0.02030456852791878
0 0.43151410771969145 0.14803196486254872 0.02030456852791878 0.02030456852791878
0 0.4274556661612499 0.156554692135276 0.02030456852791878 0.02030456852791878
0 0.4274556661612499 0.20769105577163963 0.02030456852791878 0.02030456852791878
0 0.4311082635638473 0.22433066616125003 0.02030456852791878 0.02030456852791878
0 0.39092969213527584 0.24868131551189937 0.02030456852791878 0.02030456852791878
0 0.3820011207067045 0.24949300382358766 0.02030456852791878 0.02030456852791878
0 0.3722608609664447 0.2474637830443669 0.02030456852791878 0.02030456852791878
0 0.3608972246028084 0.24624625057683444 0.02030456852791878 0.02030456852791878
0 0.33289397784956154 0.2527397570703409 0.02030456852791878 0.02030456852791878
0 0.3219361856417693 0.25436313369371755 0.02030456852791878 0.02030456852791878
0 0.3024556661612499 0.24786962720021108 0.02030456852791878 0.02030456852791878
0 0.2963680038235876 0.2170254713560552 0.02030456852791878 0.02030456852791878
0 0.29758553629112 0.20769105577163963 0.02030456852791878 0.02030456852791878
0 0.3032673544729382 0.20972027655086042 0.02030456852791878 0.02030456852791878
0 0.2943387830443668 0.19754495187553572 0.02030456852791878 0.02030456852791878
0 0.2882511207067045 0.1821228739534578 0.02030456852791878 0.02030456852791878
0 0.2959621596677434 0.1675124843430682 0.02030456852791878 0.02030456852791878
0 0.2906861856417693 0.16507741940800325 0.02030456852791878 0.02030456852791878
0 0.31300761421319795 0.17278845836904225 0.02030456852791878 0.02030456852791878
0 0.310572549278133 0.18536962720021108 0.02030456852791878 0.02030456852791878
0 0.29799138044696416 0.18171702979761367 0.02030456852791878 0.02030456852791878
0 0.3231537181093018 0.18131118564176948 0.02030456852791878 0.02030456852791878
0 0.3219361856417693 0.19064560122618507 0.02030456852791878 0.02030456852791878
0 0.3308647570703408 0.17278845836904225 0.02030456852791878 0.02030456852791878
0 0.33938748434306804 0.17075923758982145 0.02030456852791878 0.02030456852791878
0 0.34912774408332775 0.17928196486254872 0.02030456852791878 0.02030456852791878
0 0.35399787395345766 0.19186313369371755 0.02030456852791878 0.02030456852791878
0 0.3617089129144966 0.18902222460280843 0.02030456852791878 0.02030456852791878
0 0.34141670512228883 0.1902397570703409 0.02030456852791878 0.02030456852791878
0 0.3422283934339772 0.17928196486254872 0.02030456852791878 0.02030456852791878
0 0.33289397784956154 0.19713910771969156 0.02030456852791878 0.02030456852791878
0 0.32153034148592524 0.2068793674599513 0.02030456852791878 0.02030456852791878
0 0.3126017700573538 0.219054692135276 0.02030456852791878 0.02030456852791878
0 0.32883553629112 0.2170254713560552 0.02030456852791878 0.02030456852791878
0 0.33329982200540575 0.22595404278462666 0.02030456852791878 0.02030456852791878
0 0.34141670512228883 0.20525599083657467 0.02030456852791878 0.02030456852791878
0 0.347098523304107 0.19713910771969156 0.02030456852791878 0.02030456852791878
0 0.35602709473267846 0.20403845836904225 0.02030456852791878 0.02030456852791878
0 0.36454982200540575 0.2170254713560552 0.02030456852791878 0.02030456852791878
0 0.34791021161579533 0.2263598869404708 0.02030456852791878 0.02030456852791878
0 0.3734783934339772 0.22392482200540584 0.02030456852791878 0.02030456852791878
0 0.37185501681060057 0.20566183499241886 0.02030456852791878 0.02030456852791878
0 0.37916021161579533 0.1995741726547565 0.02030456852791878 0.02030456852791878
0 0.3799718999274837 0.19267482200540584 0.02030456852791878 0.02030456852791878
0 0.3677965752521589 0.19551573109631495 0.02030456852791878 0.02030456852791878
0 0.14255306875865248 0.25436313369371755 0.02030456852791878 0.02030456852791878
0 0.2630887830443668 0.16061313369371755 0.02030456852791878 0.02030456852791878
0 0.08005306875865253 0.10562125057683427 0.02030456852791878 0.02030456852791878
0 0.07274787395345773 0.09912774408332777 0.02030456852791878 0.02030456852791878
0 0.18719592590150966 0.12834852330410698 0.02030456852791878 0.02030456852791878
0 0.38605956226514604 0.21357579603137972 0.02030456852791878 0.02030456852791878
0 0.3966115103170941 0.2022121596677434 0.02030456852791878 0.02030456852791878
0 0.40878683499241875 0.1989654064209901 0.02030456852791878 0.02030456852791878
0 0.40716345836904216 0.2103290427846265 0.02030456852791878 0.02030456852791878
0 0.39255306875865253 0.22493943239501613 0.02030456852791878 0.02030456852791878
0 0.4404426791482629 0.22493943239501613 0.02030456852791878 0.02030456852791878
0 0.45342969213527584 0.22493943239501613 0.02030456852791878 0.02030456852791878
0 0.46479332849891225 0.22493943239501613 0.02030456852791878 0.02030456852791878
0 0.4404426791482629 0.2070822895378732 0.02030456852791878 0.02030456852791878
0 0.49239073109631487 0.22169267914826282 0.02030456852791878 0.02030456852791878
0 0.498072549278133 0.22493943239501613 0.02030456852791878 0.02030456852791878
0 0.5305400817456655 0.24523164018722388 0.02030456852791878 0.02030456852791878
0 0.5459621596677434 0.24929008174566544 0.02030456852791878 0.02030456852791878
0 0.5159296921352758 0.27282904278462644 0.02030456852791878 0.02030456852791878
0 0.5094361856417693 0.27769917265475635 0.02030456852791878 0.02030456852791878
0 0.4948257960313797 0.27769917265475635 0.02030456852791878 0.02030456852791878
0 0.4753452765508603 0.27932254927813294 0.02030456852791878 0.02030456852791878
0 0.4574881336937174 0.28338099083657453 0.02030456852791878 0.02030456852791878
0 0.44206605577163954 0.2841926791482628 0.02030456852791878 0.02030456852791878
0 0.4469361856417693 0.28500436745995117 0.02030456852791878 0.02030456852791878
0 0.4274556661612499 0.289874497330081 0.02030456852791878 0.02030456852791878
0 0.4242089129144966 0.3085433284989122 0.02030456852791878 0.02030456852791878
0 0.4436894323950161 0.315848523304107 0.02030456852791878 0.02030456852791878
0 0.3195011207067045 0.33532904278462644 0.02030456852791878 0.02030456852791878
0 0.34791021161579533 0.34019917265475635 0.02030456852791878 0.02030456852791878
0 0.35115696486254866 0.3304589129144966 0.02030456852791878 0.02030456852791878
0 0.35602709473267846 0.315848523304107 0.02030456852791878 0.02030456852791878
0 0.3657673544729382 0.3215303414859252 0.02030456852791878 0.02030456852791878
0 0.37388423758982137 0.32721215966774336 0.02030456852791878 0.02030456852791878
0 0.3657673544729382 0.3515628090183927 0.02030456852791878 0.02030456852791878
0 0.3568387830443668 0.3515628090183927 0.02030456852791878 0.02030456852791878
0 0.33816995187553567 0.34912774408332775 0.02030456852791878 0.02030456852791878
0 0.3268063155118992 0.36536151031709396 0.02030456852791878 0.02030456852791878
0 0.3195011207067045 0.352374497330081 0.02030456852791878 0.02030456852791878
0 0.33654657525215903 0.36860826356384724 0.02030456852791878 0.02030456852791878
0 0.2992089129144967 0.36860826356384724 0.02030456852791878 0.02030456852791878
0 0.27566995187553567 0.378348523304107 0.02030456852791878 0.02030456852791878
0 0.2732348869404707 0.3702316401872239 0.02030456852791878 0.02030456852791878
0 0.3515628090183927 0.37043456226514604 0.02030456852791878 0.02030456852791878
0 0.34831605577163943 0.36069430252488627 0.02030456852791878 0.02030456852791878
0 0.3592738479794316 0.36272352330410707 0.02030456852791878 0.02030456852791878
0 0.347098523304107 0.3826098869404707 0.02030456852791878 0.02030456852791878
0 0.33532904278462644 0.3874800168106005 0.02030456852791878 0.02030456852791878
0 0.36617319862878234 0.39600274408332775 0.02030456852791878 0.02030456852791878
0 0.37550761421319784 0.39235014668073037 0.02030456852791878 0.02030456852791878
0 0.3771309908365745 0.383421575252159 0.02030456852791878 0.02030456852791878
0 0.38403034148592513 0.3777397570703408 0.02030456852791878 0.02030456852791878
0 0.3864654064209901 0.3675936531742369 0.02030456852791878 0.02030456852791878
0 0.40594592590150963 0.36272352330410707 0.02030456852791878 0.02030456852791878
0 0.412439432395016 0.36191183499241875 0.02030456852791878 0.02030456852791878
0 0.40675761421319784 0.3420254713560551 0.02030456852791878 0.02030456852791878
0 0.3945822895378732 0.34040209473267846 0.02030456852791878 0.02030456852791878
0 0.3864654064209901 0.33512612070670444 0.02030456852791878 0.02030456852791878
0 0.4128452765508602 0.32579170512228883 0.02030456852791878 0.02030456852791878
0 0.4440952765508602 0.3075287181093018 0.02030456852791878 0.02030456852791878
0 0.45829982200540564 0.3111813155118992 0.02030456852791878 0.02030456852791878
0 0.4635757960313797 0.30590534148592524 0.02030456852791878 0.02030456852791878
0 0.47128683499241864 0.3030644323950161 0.02030456852791878 0.02030456852791878
0 0.4615465752521589 0.3160514453820291 0.02030456852791878 0.02030456852791878
0 0.45342969213527584 0.3201098869404707 0.02030456852791878 0.02030456852791878
0 0.47615696486254855 0.32538586096644473 0.02030456852791878 0.02030456852791878
0 0.48549138044696405 0.3018468999274837 0.02030456852791878 0.02030456852791878
0 0.4915790427846264 0.30103521161579533 0.02030456852791878 0.02030456852791878
0 0.500913458369042 0.30062936745995117 0.02030456852791878 0.02030456852791878
0 0.48752060122618485 0.3302559908365746 0.02030456852791878 0.02030456852791878
0 0.20992319862878234 0.451197549278133 0.02030456852791878 0.02030456852791878
0 0.38362449733008097 0.4227884583690421 0.02030456852791878 0.02030456852791878
0 0.3949881336937174 0.41304819862878234 0.02030456852791878 0.02030456852791878
0 0.40026410771969134 0.393973523304107 0.02030456852791878 0.02030456852791878
0 0.41365696486254855 0.39762612070670444 0.02030456852791878 0.02030456852791878
0 0.42339722460280826 0.39478521161579533 0.02030456852791878 0.02030456852791878
0 0.4246147570703408 0.4126423544729382 0.02030456852791878 0.02030456852791878
0 0.409598523304107 0.4142657310963148 0.02030456852791878 0.02030456852791878
0 0.40797514668073037 0.4231943025248862 0.02030456852791878 0.02030456852791878
0 0.38200112070670433 0.4402397570703408 0.02030456852791878 0.02030456852791878
0 0.3933647570703408 0.4300936531742369 0.02030456852791878 0.02030456852791878
0 0.4177154064209901 0.43415209473267846 0.02030456852791878 0.02030456852791878
0 0.4339491726547563 0.4227884583690421 0.02030456852791878 0.02030456852791878
0 0.4339491726547563 0.4081780687586525 0.02030456852791878 0.02030456852791878
0 0.44328358823917197 0.40939560122618496 0.02030456852791878 0.02030456852791878
0 0.44855956226514593 0.4203533934339772 0.02030456852791878 0.02030456852791878
0 0.4574881336937174 0.40655469213527584 0.02030456852791878 0.02030456852791878
0 0.4672283934339771 0.41751248434306804 0.02030456852791878 0.02030456852791878
0 0.47696865317423676 0.4231943025248862 0.02030456852791878 0.02030456852791878
0 0.4668225492781329 0.4430806661612499 0.02030456852791878 0.02030456852791878
0 0.45383553629112 0.44957417265475635 0.02030456852791878 0.02030456852791878
0 0.4416602116157952 0.4459215752521589 0.02030456852791878 0.02030456852791878
0 0.42867319862878234 0.4524150817456654 0.02030456852791878 0.02030456852791878
0 0.44490696486254855 0.4674313155118992 0.02030456852791878 0.02030456852791878
0 0.45627060122618485 0.4613436531742369 0.02030456852791878 0.02030456852791878
0 0.4794037181093017 0.456473523304107 0.02030456852791878 0.02030456852791878
0 0.4802154064209901 0.4759540427846265 0.02030456852791878 0.02030456852791878
0 0.4355725492781329 0.36110014668073037 0.02030456852791878 0.02030456852791878
0 0.4274556661612498 0.3655644323950161 0.02030456852791878 0.02030456852791878
0 0.42502060122618485 0.3748988479794317 0.02030456852791878 0.02030456852791878
0 0.4453128090183927 0.37043456226514604 0.02030456852791878 0.02030456852791878
0 0.45464722460280826 0.34811313369371744 0.02030456852791878 0.02030456852791878
0 0.44855956226514593 0.39032092590150963 0.02030456852791878 0.02030456852791878
0 0.4668225492781329 0.38463910771969145 0.02030456852791878 0.02030456852791878
0 0.47778034148592513 0.3826098869404707 0.02030456852791878 0.02030456852791878
0 0.4753452765508602 0.3675936531742369 0.02030456852791878 0.02030456852791878
0 0.4716926791482628 0.3477072895378733 0.02030456852791878 0.02030456852791878
0 0.4907673544729382 0.3566358609664447 0.02030456852791878 0.02030456852791878
0 0.4996959259015095 0.3529832635638473 0.02030456852791878 0.02030456852791878
0 0.4964491726547563 0.39600274408332775 0.02030456852791878 0.02030456852791878
0 0.4834621596677433 0.4033079388885226 0.02030456852791878 0.02030456852791878
0 0.47453358823917197 0.4102072895378733 0.02030456852791878 0.02030456852791878
0 0.48265047135605504 0.4171066401872239 0.02030456852791878 0.02030456852791878
0 0.49604332849891214 0.4365871596677434 0.02030456852791878 0.02030456852791878
0 0.4883322895378732 0.44429819862878234 0.02030456852791878 0.02030456852791878
0 0.49888423758982126 0.45850274408332775 0.02030456852791878 0.02030456852791878
0 0.4944199518755355 0.47838910771969145 0.02030456852791878 0.02030456852791878
0 0.5021309908365744 0.40452547135605504 0.02030456852791878 0.02030456852791878
0 0.2756699518755355 0.2705968999274837 0.02030456852791878 0.02030456852791878
0 0.3032673544729382 0.2705968999274837 0.02030456852791878 0.02030456852791878
0 0.27039397784956154 0.3517657310963148 0.02030456852791878 0.02030456852791878
0 0.5143063155118992 0.3722608609664447 0.02030456852791878 0.02030456852791878
0 0.5264816401872238 0.37469592590150963 0.02030456852791878 0.02030456852791878
0 0.5370335882391719 0.37144917265475635 0.02030456852791878 0.02030456852791878
0 0.5183647570703407 0.37631930252488627 0.02030456852791878 0.02030456852791878
0 0.519176445382029 0.3519686531742369 0.02030456852791878 0.02030456852791878
0 0.5078128090183927 0.3373582635638473 0.02030456852791878 0.02030456852791878
0 0.5118712505768342 0.32599462720021094 0.02030456852791878 0.02030456852791878
0 0.5224231986287822 0.3300530687586525 0.02030456852791878 0.02030456852791878
0 0.5305400817456654 0.32842969213527584 0.02030456852791878 0.02030456852791878
0 0.5386569648625484 0.3203128090183927 0.02030456852791878 0.02030456852791878
0 0.5297283934339769 0.3146309908365746 0.02030456852791878 0.02030456852791878
0 0.5134946272002108 0.31219592590150963 0.02030456852791878 0.02030456852791878
0 0.5110595622651458 0.30002060122618496 0.02030456852791878 0.02030456852791878
0 0.5216115103170939 0.2983972246028084 0.02030456852791878 0.02030456852791878
0 0.5305400817456654 0.29028034148592524 0.02030456852791878 0.02030456852791878
0 0.5475855362911198 0.30651410771969145 0.02030456852791878 0.02030456852791878
0 0.5621959259015096 0.30326735447293823 0.02030456852791878 0.02030456852791878
0 0.5662543674599512 0.3998582635638473 0.02030456852791878 0.02030456852791878
0 0.5451504713560551 0.3901180038235876 0.02030456852791878 0.02030456852791878
0 0.5354102116157953 0.39742319862878234 0.02030456852791878 0.02030456852791878
0 0.5118712505768342 0.39579982200540575 0.02030456852791878 0.02030456852791878
0 0.506189432395016 0.3893063155118992 0.02030456852791878 0.02030456852791878
0 0.5159296921352757 0.4063517700573538 0.02030456852791878 0.02030456852791878
0 0.5070011207067043 0.4144686531742369 0.02030456852791878 0.02030456852791878
0 0.5216115103170939 0.4160920297976135 0.02030456852791878 0.02030456852791878
0 0.5256699518755354 0.40878683499241875 0.02030456852791878 0.02030456852791878
0 0.5130887830443667 0.46661962720021105 0.02030456852791878 0.02030456852791878
0 0.5264816401872239 0.4479507960313799 0.02030456852791878 0.02030456852791878
0 0.5049718999274836 0.44186313369371755 0.02030456852791878 0.02030456852791878
0 0.5175530687586524 0.43009365317423703 0.02030456852791878 0.02030456852791878
0 0.5317576142131979 0.42887612070670456 0.02030456852791878 0.02030456852791878
0 0.5467738479794316 0.4211650817456655 0.02030456852791878 0.02030456852791878
0 0.5386569648625485 0.41142482200540587 0.02030456852791878 0.02030456852791878
0 0.5483972246028083 0.4061488479794318 0.02030456852791878 0.02030456852791878
0 0.5573257960313797 0.40939560122618507 0.02030456852791878 0.02030456852791878
0 0.5605725492781329 0.453632614213198 0.02030456852791878 0.02030456852791878
0 0.5630076142131979 0.4459215752521591 0.02030456852791878 0.02030456852791878
0 0.5520498220054058 0.4414572895378734 0.02030456852791878 0.02030456852791878
0 0.534598523304107 0.4731131336937175 0.02030456852791878 0.02030456852791878
0 0.5337868349924186 0.48975274408332786 0.02030456852791878 0.02030456852791878
0 0.5463680038235874 0.48934689992748376 0.02030456852791878 0.02030456852791878
0 0.5597608609664446 0.4759540427846266 0.02030456852791878 0.02030456852791878
0 0.5703128090183928 0.463778718109302 0.02030456852791878 0.02030456852791878
0 0.584111510317094 0.4800124843430682 0.02030456852791878 0.02030456852791878
0 0.5812706012261848 0.4589085882391721 0.02030456852791878 0.02030456852791878
0 0.5926342375898213 0.453632614213198 0.02030456852791878 0.02030456852791878
0 0.602374497330081 0.453632614213198 0.02030456852791878 0.02030456852791878
0 0.592228393433977 0.4402397570703409 0.02030456852791878 0.02030456852791878
0 0.6052154064209901 0.43699300382358763 0.02030456852791878 0.02030456852791878
0 0.612926445382029 0.4313111856417695 0.02030456852791878 0.02030456852791878
0 0.602374497330081 0.41142482200540587 0.02030456852791878 0.02030456852791878
0 0.6003452765508602 0.4029020947326786 0.02030456852791878 0.02030456852791878
0 0.5881699518755356 0.4000611856417695 0.02030456852791878 0.02030456852791878
0 0.5780238479794316 0.4231943025248863 0.02030456852791878 0.02030456852791878
0 0.5723420297976135 0.4304994973300812 0.02030456852791878 0.02030456852791878
0 0.5690952765508602 0.43699300382358763 0.02030456852791878 0.02030456852791878
0 0.5828939778495615 0.4313111856417695 0.02030456852791878 0.02030456852791878
0 0.6011569648625485 0.4727072895378734 0.02030456852791878 0.02030456852791878
0 0.6092738479794316 0.4702722246028085 0.02030456852791878 0.02030456852791878
0 0.6182024194080031 0.4694605362911201 0.02030456852791878 0.02030456852791878
0 0.6303777440833278 0.4694605362911201 0.02030456852791878 0.02030456852791878
0 0.6238842375898213 0.453632614213198 0.02030456852791878 0.02030456852791878
0 0.6311894323950161 0.4479507960313799 0.02030456852791878 0.02030456852791878
0 0.644176445382029 0.4459215752521591 0.02030456852791878 0.02030456852791878
0 0.6559459259015096 0.4402397570703409 0.02030456852791878 0.02030456852791878
0 0.6470173544729382 0.43009365317423703 0.02030456852791878 0.02030456852791878
0 0.6405238479794316 0.41304819862878245 0.02030456852791878 0.02030456852791878
0 0.6332186531742369 0.4085839129144967 0.02030456852791878 0.02030456852791878
0 0.6177965752521589 0.41061313369371755 0.02030456852791878 0.02030456852791878
0 0.6218550168106005 0.4016845622651461 0.02030456852791878 0.02030456852791878
0 0.6056212505768342 0.3927559908365747 0.02030456852791878 0.02030456852791878
0 0.6173907310963147 0.3878858609664448 0.02030456852791878 0.02030456852791878
0 0.6121147570703408 0.36231767914826296 0.02030456852791878 0.02030456852791878
0 0.5934459259015096 0.370028718109302 0.02030456852791878 0.02030456852791878
0 0.5796472246028083 0.3615059908365747 0.02030456852791878 0.02030456852791878
0 0.5670660557716394 0.3574475492781331 0.02030456852791878 0.02030456852791878
0 0.5540790427846265 0.3574475492781331 0.02030456852791878 0.02030456852791878
0 0.5435270947326785 0.3517657310963149 0.02030456852791878 0.02030456852791878
0 0.5626017700573537 0.34161962720021105 0.02030456852791878 0.02030456852791878
0 0.5686894323950161 0.33959040642099025 0.02030456852791878 0.02030456852791878
0 0.5832998220054058 0.34892482200540587 0.02030456852791878 0.02030456852791878
0 0.6218550168106005 0.3562300168106007 0.02030456852791878 0.02030456852791878
0 0.6275368349924186 0.354606640187224 0.02030456852791878 0.02030456852791878
0 0.6457998220054056 0.3574475492781331 0.02030456852791878 0.02030456852791878
0 0.654728393433977 0.3671878090183928 0.02030456852791878 0.02030456852791878
0 0.646611510317094 0.3716520947326786 0.02030456852791878 0.02030456852791878
0 0.6356537181093017 0.3736813155118993 0.02030456852791878 0.02030456852791878
0 0.6376829388885226 0.3964085882391721 0.02030456852791878 0.02030456852791878
0 0.6498582635638472 0.39519105577163965 0.02030456852791878 0.02030456852791878
0 0.6640628090183928 0.3789572895378734 0.02030456852791878 0.02030456852791878
0 0.6673095622651459 0.3923501466807305 0.02030456852791878 0.02030456852791878
0 0.6526991726547563 0.3671878090183928 0.02030456852791878 0.02030456852791878
0 0.6587868349924186 0.354606640187224 0.02030456852791878 0.02030456852791878
0 0.6831374843430681 0.3606943025248863 0.02030456852791878 0.02030456852791878
0 0.696124497330081 0.35582417265475647 0.02030456852791878 0.02030456852791878
0 0.6551342375898213 0.34161962720021105 0.02030456852791878 0.02030456852791878
0 0.6214491726547563 0.34161962720021105 0.02030456852791878 0.02030456852791878
0 0.6486407310963147 0.49786962720021105 0.02030456852791878 0.02030456852791878
0 0.6567576142131979 0.4986813155118993 0.02030456852791878 0.02030456852791878
0 0.672991380446964 0.4921878090183928 0.02030456852791878 0.02030456852791878
0 0.6551342375898213 0.5283079388885228 0.02030456852791878 0.02030456852791878
0 0.6924718999274836 0.49056443239501624 0.02030456852791878 0.02030456852791878
0 0.6766439778495615 0.4800124843430682 0.02030456852791878 0.02030456852791878
0 0.6721796921352758 0.46134365317423703 0.02030456852791878 0.02030456852791878
0 0.6823257960313797 0.4552559908365747 0.02030456852791878 0.02030456852791878
0 0.6823257960313797 0.4390222246028085 0.02030456852791878 0.02030456852791878
0 0.6746147570703408 0.4414572895378734 0.02030456852791878 0.02030456852791878
0 0.6746147570703408 0.42441183499241886 0.02030456852791878 0.02030456852791878
0 0.6600043674599512 0.45809689992748376 0.02030456852791878 0.02030456852791878
0 0.6518874843430681 0.46134365317423703 0.02030456852791878 0.02030456852791878
0 0.6462056661612497 0.46459040642099025 0.02030456852791878 0.02030456852791878
0 0.6437706012261848 0.4779832635638474 0.02030456852791878 0.02030456852791878
0 0.6900368349924186 0.4544443025248863 0.02030456852791878 0.02030456852791878
0 0.6936894323950161 0.4049313155118993 0.02030456852791878 0.02030456852791878
0 0.6827316401872239 0.3834215752521591 0.02030456852791878 0.02030456852791878
0 0.6965303414859252 0.3793631336937175 0.02030456852791878 0.02030456852791878
0 0.6279426791482629 0.43009365317423703 0.02030456852791878 0.02030456852791878
0 0.5122770947326786 0.1926748220054058 0.02030456852791878 0.02030456852791878
0 0.4992900817456657 0.17644105577163957 0.02030456852791878 0.02030456852791878
0 0.4879264453820293 0.17562936745995128 0.02030456852791878 0.02030456852791878
0 0.4765628090183929 0.17157092590150974 0.02030456852791878 0.02030456852791878
0 0.46154657525215914 0.17075923758982142 0.02030456852791878 0.02030456852791878
0 0.46032904278462666 0.15858391291449675 0.02030456852791878 0.02030456852791878
0 0.4729102116157955 0.16304819862878245 0.02030456852791878 0.02030456852791878
0 0.4599231986287825 0.14153845836904222 0.02030456852791878 0.02030456852791878
0 0.45383553629112017 0.14113261421319803 0.02030456852791878 0.02030456852791878
0 0.442877744083328 0.15574300382358763 0.02030456852791878 0.02030456852791878
0 0.4416602116157955 0.1654832635638474 0.02030456852791878 0.02030456852791878
0 0.44653034148592535 0.14722027655086037 0.02030456852791878 0.02030456852791878
0 0.42664397784956176 0.11921702979761362 0.02030456852791878 0.02030456852791878
0 0.42867319862878256 0.13017482200540584 0.02030456852791878 0.02030456852791878
0 0.429890731096315 0.11312936745995128 0.02030456852791878 0.02030456852791878
0 0.4363842375898215 0.10785339343397725 0.02030456852791878 0.02030456852791878
0 0.44693618564176957 0.1074475492781331 0.02030456852791878 0.02030456852791878
0 0.45586475707034096 0.10704170512228896 0.02030456852791878 0.02030456852791878
0 0.4680400817456657 0.1074475492781331 0.02030456852791878 0.02030456852791878
0 0.4814329388885228 0.104606640187224 0.02030456852791878 0.02030456852791878
0 0.49360826356384746 0.10420079603137984 0.02030456852791878 0.02030456852791878
0 0.497666705122289 0.10988261421319803 0.02030456852791878 0.02030456852791878
0 0.48508553629112017 0.11840534148592531 0.02030456852791878 0.02030456852791878
0 0.47980956226514615 0.12124625057683439 0.02030456852791878 0.02030456852791878
0 0.47453358823917213 0.12124625057683439 0.02030456852791878 0.02030456852791878
0 0.4684459259015098 0.12773975707034088 0.02030456852791878 0.02030456852791878
0 0.4554589129144968 0.12327547135605516 0.02030456852791878 0.02030456852791878
0 0.4453128090183929 0.12327547135605516 0.02030456852791878 0.02030456852791878
0 0.44328358823917213 0.13179819862878245 0.02030456852791878 0.02030456852791878
0 0.47534527655086045 0.13301573109631493 0.02030456852791878 0.02030456852791878
0 0.48265047135605527 0.1313923544729383 0.02030456852791878 0.02030456852791878
0 0.4984783934339773 0.13260988694047077 0.02030456852791878 0.02030456852791878
0 0.5061894323950163 0.13545079603137988 0.02030456852791878 0.02030456852791878
0 0.500101770057354 0.1569605362911201 0.02030456852791878 0.02030456852791878
0 0.4887381336937176 0.1533079388885227 0.02030456852791878 0.02030456852791878
0 0.48183878304436695 0.16101897784956168 0.02030456852791878 0.02030456852791878
0 0.48102709473267863 0.14113261421319803 0.02030456852791878 0.02030456852791878
0 0.4785920297976137 0.15006118564176946 0.02030456852791878 0.02030456852791878
0 0.5139004713560553 0.1699475492781331 0.02030456852791878 0.02030456852791878
0 0.5577316401872241 0.292106640187224 0.02030456852791878 0.02030456852791878
0 0.5715303414859254 0.2904832635638474 0.02030456852791878 0.02030456852791878
0 0.5849231986287824 0.28967157525215903 0.02030456852791878 0.02030456852791878
0 0.5934459259015098 0.2949475492781331 0.02030456852791878 0.02030456852791878
0 0.5646309908365746 0.2681618349924188 0.02030456852791878 0.02030456852791878
0 0.5686894323950162 0.24584040642099023 0.02030456852791878 0.02030456852791878
0 0.5804589129144968 0.25111638044696427 0.02030456852791878 0.02030456852791878
0 0.5983160557716397 0.2434053414859253 0.02030456852791878 0.02030456852791878
0 0.6035920297976137 0.2434053414859253 0.02030456852791878 0.02030456852791878
0 0.6137381336937177 0.260856640187224 0.02030456852791878 0.02030456852791878
0 0.5751829388885229 0.22920079603137986 0.02030456852791878 0.02030456852791878
0 0.5893874843430683 0.2279832635638474 0.02030456852791878 0.02030456852791878
0 0.5812706012261852 0.229606640187224 0.02030456852791878 0.02030456852791878
0 0.5987218999274838 0.22108391291449675 0.02030456852791878 0.02030456852791878
0 0.6076504713560553 0.2105319648625487 0.02030456852791878 0.02030456852791878
0 0.5979102116157955 0.19429819862878245 0.02030456852791878 0.02030456852791878
0 0.5865465752521591 0.19632741940800322 0.02030456852791878 0.02030456852791878
0 0.5804589129144968 0.20241508174566558 0.02030456852791878 0.02030456852791878
0 0.5711244973300813 0.2011975492781331 0.02030456852791878 0.02030456852791878
0 0.5642251466807306 0.2003858609664448 0.02030456852791878 0.02030456852791878
0 0.5548907310963149 0.2003858609664448 0.02030456852791878 0.02030456852791878
0 0.5516439778495617 0.2097202765508604 0.02030456852791878 0.02030456852791878
0 0.5443387830443669 0.20282092590150974 0.02030456852791878 0.02030456852791878
0 0.5313517700573539 0.19835664018722401 0.02030456852791878 0.02030456852791878
0 0.5467738479794318 0.19064560122618504 0.02030456852791878 0.02030456852791878
0 0.5516439778495617 0.1829345622651461 0.02030456852791878 0.02030456852791878
0 0.5410920297976137 0.17968780901839285 0.02030456852791878 0.02030456852791878
0 0.5134946272002111 0.18334040642099023 0.02030456852791878 0.02030456852791878
0 0.5224231986287824 0.11556443239501624 0.02030456852791878 0.02030456852791878
0 0.5195822895378734 0.10217157525215907 0.02030456852791878 0.02030456852791878
0 0.5049718999274838 0.09161962720021104 0.02030456852791878 0.02030456852791878
0 0.5074069648625488 0.08309689992748376 0.02030456852791878 0.02030456852791878
0 0.5297283934339773 0.0790384583690422 0.02030456852791878 0.02030456852791878
0 0.5459621596677436 0.07863261421319803 0.02030456852791878 0.02030456852791878
0 0.5524556661612501 0.08837287395345779 0.02030456852791878 0.02030456852791878
0 0.5423095622651462 0.10217157525215907 0.02030456852791878 0.02030456852791878
0 0.5524556661612501 0.1001423544729383 0.02030456852791878 0.02030456852791878
0 0.5577316401872241 0.104606640187224 0.02030456852791878 0.02030456852791878
0 0.5512381336937177 0.11556443239501624 0.02030456852791878 0.02030456852791878
0 0.5475855362911202 0.1257105362911201 0.02030456852791878 0.02030456852791878
0 0.5374394323950162 0.1102884583690422 0.02030456852791878 0.02030456852791878
0 0.5272933284989123 0.09851897784956166 0.02030456852791878 0.02030456852791878
0 0.5617900817456657 0.12043456226514608 0.02030456852791878 0.02030456852791878
0 0.5723420297976137 0.12002871810930194 0.02030456852791878 0.02030456852791878
0 0.573153718109302 0.10907092590150973 0.02030456852791878 0.02030456852791878
0 0.5658485233041072 0.1001423544729383 0.02030456852791878 0.02030456852791878
0 0.5816764453820292 0.07132741940800322 0.02030456852791878 0.02030456852791878
0 0.599127744083328 0.07863261421319803 0.02030456852791878 0.02030456852791878
0 0.5922283934339773 0.08837287395345779 0.02030456852791878 0.02030456852791878
0 0.5857348869404708 0.08756118564176946 0.02030456852791878 0.02030456852791878
0 0.5772121596677436 0.09121378304436686 0.02030456852791878 0.02030456852791878
0 0.5674718999274838 0.07985014668073051 0.02030456852791878 0.02030456852791878
0 0.5857348869404708 0.10217157525215907 0.02030456852791878 0.02030456852791878
0 0.6027803414859254 0.08999625057683439 0.02030456852791878 0.02030456852791878
0 0.6125206012261852 0.10338910771969155 0.02030456852791878 0.02030456852791878
0 0.6141439778495617 0.1147527440833279 0.02030456852791878 0.02030456852791878
0 0.6039978739534578 0.11353521161579545 0.02030456852791878 0.02030456852791878
0 0.6076504713560553 0.12408715966774349 0.02030456852791878 0.02030456852791878
0 0.6052154064209904 0.13179819862878245 0.02030456852791878 0.02030456852791878
0 0.5999394323950162 0.135856640187224 0.02030456852791878 0.02030456852791878
0 0.5893874843430683 0.1285514453820292 0.02030456852791878 0.02030456852791878
0 0.5820822895378734 0.13545079603137988 0.02030456852791878 0.02030456852791878
0 0.5812706012261852 0.1102884583690422 0.02030456852791878 0.02030456852791878
0 0.5942576142131981 0.10988261421319803 0.02030456852791878 0.02030456852791878
0 0.5496147570703409 0.14600274408332792 0.02030456852791878 0.02030456852791878
0 0.5354102116157955 0.12976897784956168 0.02030456852791878 0.02030456852791878
0 0.5293225492781332 0.117593653174237 0.02030456852791878 0.02030456852791878
0 0.5224231986287824 0.13301573109631493 0.02030456852791878 0.02030456852791878
0 0.5212056661612501 0.14762612070670453 0.02030456852791878 0.02030456852791878
0 0.5151180038235877 0.14722027655086037 0.02030456852791878 0.02030456852791878
0 0.510653718109302 0.15736638044696427 0.02030456852791878 0.02030456852791878
0 0.5183647570703409 0.15736638044696427 0.02030456852791878 0.02030456852791878
0 0.5167413804469644 0.17116508174566555 0.02030456852791878 0.02030456852791878
0 0.5321634583690422 0.17075923758982142 0.02030456852791878 0.02030456852791878
0 0.5301342375898215 0.1569605362911201 0.02030456852791878 0.02030456852791878
0 0.5301342375898215 0.14843780901839285 0.02030456852791878 0.02030456852791878
0 0.5488030687586527 0.1581780687586526 0.02030456852791878 0.02030456852791878
0 0.5451504713560553 0.16873001681060065 0.02030456852791878 0.02030456852791878
0 0.5585433284989123 0.16832417265475647 0.02030456852791878 0.02030456852791878
0 0.5670660557716397 0.16020728953787336 0.02030456852791878 0.02030456852791878
0 0.5743712505768345 0.16020728953787336 0.02030456852791878 0.02030456852791878
0 0.5682835882391721 0.14762612070670453 0.02030456852791878 0.02030456852791878
0 0.5857348869404708 0.16832417265475647 0.02030456852791878 0.02030456852791878
0 0.5804589129144968 0.17157092590150974 0.02030456852791878 0.02030456852791878
0 0.570312809018393 0.17968780901839285 0.02030456852791878 0.02030456852791878
0 0.5934459259015098 0.18780469213527598 0.02030456852791878 0.02030456852791878
0 0.5942576142131981 0.17684689992748376 0.02030456852791878 0.02030456852791878
0 0.604403718109302 0.1792819648625487 0.02030456852791878 0.02030456852791878
0 0.6161731986287824 0.17765858823917205 0.02030456852791878 0.02030456852791878
0 0.6133322895378734 0.19632741940800322 0.02030456852791878 0.02030456852791878
0 0.6121147570703409 0.13463910771969154 0.02030456852791878 0.02030456852791878
0 0.4899556661612501 0.14681443239501624 0.02030456852791878 0.02030456852791878
0 0.7147933284989122 0.4497770947326786 0.02030456852791878 0.02030456852791878
0 0.7156050168106006 0.46682254927813305 0.02030456852791878 0.02030456852791878
0 0.7277803414859253 0.4733160557716396 0.02030456852791878 0.02030456852791878
0 0.7188517700573538 0.48711475707034085 0.02030456852791878 0.02030456852791878
0 0.7464491726547564 0.47737449733008114 0.02030456852791878 0.02030456852791878
0 0.7537543674599512 0.4716926791482629 0.02030456852791878 0.02030456852791878
0 0.756189432395016 0.4643874843430681 0.02030456852791878 0.02030456852791878
0 0.7253452765508603 0.45140047135605516 0.02030456852791878 0.02030456852791878
0 0.7334621596677434 0.4432835882391721 0.02030456852791878 0.02030456852791878
0 0.7204751466807304 0.43029657525215903 0.02030456852791878 0.02030456852791878
0 0.7042413804469642 0.432731640187224 0.02030456852791878 0.02030456852791878
0 0.690442679148263 0.4359783934339772 0.02030456852791878 0.02030456852791878
0 0.7058647570703408 0.4026991726547564 0.02030456852791878 0.02030456852791878
0 0.7147933284989122 0.39052384797943174 0.02030456852791878 0.02030456852791878
0 0.7245335882391719 0.3807835882391721 0.02030456852791878 0.02030456852791878
0 0.7147933284989122 0.3742900817456655 0.02030456852791878 0.02030456852791878
0 0.7082998220054058 0.3621147570703409 0.02030456852791878 0.02030456852791878
0 0.7164167051222888 0.3621147570703409 0.02030456852791878 0.02030456852791878
0 0.7091115103170941 0.3466926791482629 0.02030456852791878 0.02030456852791878
0 0.7212868349924187 0.3466926791482629 0.02030456852791878 0.02030456852791878
0 0.7261569648625487 0.3393874843430681 0.02030456852791878 0.02030456852791878
0 0.7285920297976135 0.3288355362911201 0.02030456852791878 0.02030456852791878
0 0.7018063155118992 0.3345173544729383 0.02030456852791878 0.02030456852791878
0 0.7399556661612499 0.3710433284989123 0.02030456852791878 0.02030456852791878
0 0.748072549278133 0.370231640187224 0.02030456852791878 0.02030456852791878
0 0.7570011207067044 0.36698488694047077 0.02030456852791878 0.02030456852791878
0 0.7683647570703408 0.3653615103170941 0.02030456852791878 0.02030456852791878
0 0.7643063155118992 0.3507511207067045 0.02030456852791878 0.02030456852791878
0 0.7553777440833279 0.3539978739534577 0.02030456852791878 0.02030456852791878
0 0.748072549278133 0.35562125057683436 0.02030456852791878 0.02030456852791878
0 0.7350855362911201 0.35562125057683436 0.02030456852791878 0.02030456852791878
0 0.5565141077196915 0.3272121596677435 0.02030456852791878 0.02030456852791878
0 0.563007614213198 0.3109783934339772 0.02030456852791878 0.02030456852791878
0 0.563007614213198 0.3239654064209902 0.02030456852791878 0.02030456852791878
0 0.5784296921352758 0.3288355362911201 0.02030456852791878 0.02030456852791878
0 0.5938517700573538 0.31990696486254866 0.02030456852791878 0.02030456852791878
0 0.5930400817456656 0.30529657525215903 0.02030456852791878 0.02030456852791878
0 0.6044037181093018 0.30529657525215903 0.02030456852791878 0.02030456852791878
0 0.6141439778495617 0.30448488694047077 0.02030456852791878 0.02030456852791878
0 0.623072549278133 0.29555631551189926 0.02030456852791878 0.02030456852791878
0 0.5881699518755357 0.33532904278462655 0.02030456852791878 0.02030456852791878
0 0.6141439778495617 0.3272121596677435 0.02030456852791878 0.02030456852791878
0 0.6100855362911202 0.3158485233041071 0.02030456852791878 0.02030456852791878
0 0.625507614213198 0.31341345836904216 0.02030456852791878 0.02030456852791878
0 0.6344361856417694 0.3166602116157954 0.02030456852791878 0.02030456852791878
0 0.6076504713560551 0.33370566616124997 0.02030456852791878 0.02030456852791878
0 0.5970985233041071 0.3393874843430681 0.02030456852791878 0.02030456852791878
0 0.6003452765508603 0.31909527655086034 0.02030456852791878 0.02030456852791878
0 0.5374394323950161 0.30996378304436684 0.02030456852791878 0.02030456852791878
0 0.623072549278133 0.21296702979761362 0.02030456852791878 0.02030456852791878
0 0.6307835882391719 0.20728521161579544 0.02030456852791878 0.02030456852791878
0 0.6397121596677434 0.20606767914826296 0.02030456852791878 0.02030456852791878
0 0.6486407310963148 0.20606767914826296 0.02030456852791878 0.02030456852791878
0 0.6437706012261849 0.23812936745995128 0.02030456852791878 0.02030456852791878
0 0.6324069648625487 0.24015858823917205 0.02030456852791878 0.02030456852791878
0 0.6218550168106005 0.2417819648625487 0.02030456852791878 0.02030456852791878
0 0.6336244973300811 0.260856640187224 0.02030456852791878 0.02030456852791878
0 0.6242900817456656 0.260856640187224 0.02030456852791878 0.02030456852791878
0 0.6429589129144966 0.2580157310963149 0.02030456852791878 0.02030456852791878
0 0.5764004713560551 0.30874625057683436 0.02030456852791878 0.02030456852791878
0 0.6510757960313797 0.2929183284989123 0.02030456852791878 0.02030456852791878
0 0.6486407310963148 0.2693793674599513 0.02030456852791878 0.02030456852791878
0 0.9785920297976135 0.6502641077196915 0.02030456852791878 0.02030456852791878
0 0.9558647570703408 0.659192679148263 0.02030456852791878 0.02030456852791878
0 0.950994627200211 0.669744627200211 0.02030456852791878 0.02030456852791878
0 0.9420660557716395 0.6786731986287824 0.02030456852791878 0.02030456852791878
0 0.9323257960313798 0.6819199518755357 0.02030456852791878 0.02030456852791878
0 0.9055400817456655 0.6746147570703409 0.02030456852791878 0.02030456852791878
0 0.9907673544729383 0.6526991726547564 0.02030456852791878 0.02030456852791878
0 0.9785920297976135 0.6234783934339772 0.02030456852791878 0.02030456852791878
0 0.9907673544729383 0.5877641077196915 0.02030456852791878 0.02030456852791878
0 0.9834621596677434 0.5666602116157955 0.02030456852791878 0.02030456852791878
0 0.7501017700573539 0.4049313155118992 0.02030456852791878 0.02030456852791878
0 0.7606537181093018 0.40168456226514604 0.02030456852791878 0.02030456852791878
0 0.7602478739534578 0.38991508174566547 0.02030456852791878 0.02030456852791878
0 0.7675530687586526 0.38179819862878234 0.02030456852791878 0.02030456852791878
0 0.7850043674599513 0.37936313369371744 0.02030456852791878 0.02030456852791878
0 0.7943387830443668 0.3765222246028084 0.02030456852791878 0.02030456852791878
0 0.7967738479794317 0.36312936745995117 0.02030456852791878 0.02030456852791878
0 0.7939329388885227 0.3473014453820291 0.02030456852791878 0.02030456852791878
0 0.7703939778495617 0.3428371596677434 0.02030456852791878 0.02030456852791878
0 0.7545660557716395 0.33756118564176935 0.02030456852791878 0.02030456852791878
0 0.742796575252159 0.32863261421319795 0.02030456852791878 0.02030456852791878
0 0.7748582635638472 0.3330968999274837 0.02030456852791878 0.02030456852791878
0 0.7825693025248863 0.32863261421319795 0.02030456852791878 0.02030456852791878
0 0.7898744973300811 0.3245741726547564 0.02030456852791878 0.02030456852791878
0 0.8134134583690421 0.3302559908365746 0.02030456852791878 0.02030456852791878
0 0.8117900817456656 0.3387787181093018 0.02030456852791878 0.02030456852791878
0 0.805296575252159 0.3432430038235876 0.02030456852791878 0.02030456852791878
0 0.8073257960313798 0.352171575252159 0.02030456852791878 0.02030456852791878
0 0.8211244973300811 0.3594767700573538 0.02030456852791878 0.02030456852791878
0 0.8223420297976135 0.3720579388885226 0.02030456852791878 0.02030456852791878
0 0.8093550168106006 0.3769280687586525 0.02030456852791878 0.02030456852791878
0 0.7996147570703409 0.3955968999274837 0.02030456852791878 0.02030456852791878
0 0.7898744973300811 0.39965534148592524 0.02030456852791878 0.02030456852791878
0 0.7748582635638472 0.3955968999274837 0.02030456852791878 0.02030456852791878
0 0.7837868349924187 0.4134540427846265 0.02030456852791878 0.02030456852791878
0 0.7736407310963148 0.41426573109631487 0.02030456852791878 0.02030456852791878
0 0.7480725492781332 0.42157092590150963 0.02030456852791878 0.02030456852791878
0 0.7533485233041071 0.41588910771969145 0.02030456852791878 0.02030456852791878
0 0.7606537181093018 0.4187300168106005 0.02030456852791878 0.02030456852791878
0 0.8048907310963148 0.40858391291449664 0.02030456852791878 0.02030456852791878
0 0.7902803414859253 0.41264235447293823 0.02030456852791878 0.02030456852791878
0 0.7488842375898214 0.43983391291449664 0.02030456852791878 0.02030456852791878
0 0.7776991726547564 0.43293456226514604 0.02030456852791878 0.02030456852791878
0 0.7809459259015096 0.4483566401872239 0.02030456852791878 0.02030456852791878
0 0.7407673544729383 0.45769105577163954 0.02030456852791878 0.02030456852791878
0 0.7383322895378733 0.4690546921352759 0.02030456852791878 0.02030456852791878
0 0.7675530687586526 0.46986638044696416 0.02030456852791878 0.02030456852791878
0 0.7728290427846265 0.4585027440833278 0.02030456852791878 0.02030456852791878
0 0.7939329388885227 0.4613436531742369 0.02030456852791878 0.02030456852791878
0 0.8065141077196916 0.4593144323950161 0.02030456852791878 0.02030456852791878
0 0.7988030687586526 0.48488261421319795 0.02030456852791878 0.02030456852791878
0 0.7854102116157955 0.49624625057683425 0.02030456852791878 0.02030456852791878
0 0.820718653174237 0.5047689778495615 0.02030456852791878 0.02030456852791878
0 0.8296472246028084 0.5011163804469642 0.02030456852791878 0.02030456852791878
0 0.8373582635638472 0.5035514453820291 0.02030456852791878 0.02030456852791878
0 0.8515628090183928 0.4942170297976135 0.02030456852791878 0.02030456852791878
0 0.8568387830443668 0.48772352330410707 0.02030456852791878 0.02030456852791878
0 0.8876829388885227 0.49543456226514604 0.02030456852791878 0.02030456852791878
0 0.8828128090183928 0.482447549278133 0.02030456852791878 0.02030456852791878
0 0.9002641077196916 0.47920079603137977 0.02030456852791878 0.02030456852791878
0 0.9100043674599512 0.4682430038235876 0.02030456852791878 0.02030456852791878
0 0.9229913804469642 0.4828533934339772 0.02030456852791878 0.02030456852791878
0 0.9376017700573539 0.4690546921352759 0.02030456852791878 0.02030456852791878
0 0.9481537181093018 0.47189560122618496 0.02030456852791878 0.02030456852791878
0 0.9619524194080032 0.4662137830443668 0.02030456852791878 0.02030456852791878
0 0.9546472246028084 0.5059865103170941 0.02030456852791878 0.02030456852791878
0 0.9619524194080032 0.4402397570703408 0.02030456852791878 0.02030456852791878
0 0.9749394323950162 0.41304819862878234 0.02030456852791878 0.02030456852791878
0 0.9643874843430681 0.40411962720021094 0.02030456852791878 0.02030456852791878
0 0.9538355362911202 0.41710664018722393 0.02030456852791878 0.02030456852791878
0 0.9473420297976135 0.41751248434306804 0.02030456852791878 0.02030456852791878
0 0.9416602116157955 0.419947549278133 0.02030456852791878 0.02030456852791878
0 0.9323257960313798 0.43171702979761356 0.02030456852791878 0.02030456852791878
0 0.9185270947326786 0.44429819862878234 0.02030456852791878 0.02030456852791878
0 0.9071634583690421 0.4463274194080031 0.02030456852791878 0.02030456852791878
0 0.8949881336937174 0.4597202765508603 0.02030456852791878 0.02030456852791878
0 0.8852478739534578 0.45282092590150963 0.02030456852791878 0.02030456852791878
0 0.8726667051222888 0.4597202765508603 0.02030456852791878 0.02030456852791878
0 0.8495335882391719 0.4601261207067045 0.02030456852791878 0.02030456852791878
0 0.7391439778495617 0.39356767914826285 0.02030456852791878 0.02030456852791878
0 0.8097608609664447 0.40168456226514604 0.02030456852791878 0.02030456852791878
0 0.8109783934339772 0.39032092590150963 0.02030456852791878 0.02030456852791878
0 0.8146309908365746 0.41061313369371744 0.02030456852791878 0.02030456852791878
0 0.8223420297976135 0.3972202765508603 0.02030456852791878 0.02030456852791878
0 0.8312706012261849 0.39356767914826285 0.02030456852791878 0.02030456852791878
0 0.828429692135276 0.40858391291449664 0.02030456852791878 0.02030456852791878
0 0.8410108609664447 0.4024962505768343 0.02030456852791878 0.02030456852791878
0 0.8426342375898214 0.3960027440833278 0.02030456852791878 0.02030456852791878
0 0.8495335882391719 0.38626248434306804 0.02030456852791878 0.02030456852791878
0 0.838981640187224 0.37084040642099014 0.02030456852791878 0.02030456852791878
0 0.8316764453820292 0.33228521161579533 0.02030456852791878 0.02030456852791878
0 0.8507511207067044 0.3399962505768343 0.02030456852791878 0.02030456852791878
0 0.8446634583690421 0.3558241726547564 0.02030456852791878 0.02030456852791878
0 0.8349231986287824 0.3594767700573538 0.02030456852791878 0.02030456852791878
0 0.886059562265146 0.3643468999274837 0.02030456852791878 0.02030456852791878
0 0.8653615103170941 0.3387787181093018 0.02030456852791878 0.02030456852791878
0 0.8718550168106006 0.352171575252159 0.02030456852791878 0.02030456852791878
0 0.8625206012261849 0.516132614213198 0.02030456852791878 0.02030456852791878
0 0.8312706012261849 0.4832592375898213 0.02030456852791878 0.02030456852791878
0 0.8219361856417694 0.4593144323950161 0.02030456852791878 0.02030456852791878
0 0.8199069648625487 0.44429819862878234 0.02030456852791878 0.02030456852791878
0 0.8268063155118993 0.4414572895378733 0.02030456852791878 0.02030456852791878
0 0.8341115103170941 0.4463274194080031 0.02030456852791878 0.02030456852791878
0 0.8028615103170941 0.4300936531742369 0.02030456852791878 0.02030456852791878
0 0.8101667051222888 0.42684689992748365 0.02030456852791878 0.02030456852791878
0 0.8170660557716395 0.42441183499241875 0.02030456852791878 0.02030456852791878
0 0.8292413804469642 0.42562936745995117 0.02030456852791878 0.02030456852791878
0 0.838981640187224 0.4240059908365746 0.02030456852791878 0.02030456852791878
0 0.8470985233041071 0.4203533934339772 0.02030456852791878 0.02030456852791878
0 0.8556212505768344 0.41588910771969145 0.02030456852791878 0.02030456852791878
0 0.8625206012261849 0.42157092590150963 0.02030456852791878 0.02030456852791878
0 0.870231640187224 0.4203533934339772 0.02030456852791878 0.02030456852791878
0 0.8694199518755357 0.4337462505768343 0.02030456852791878 0.02030456852791878
0 0.857244627200211 0.43861638044696416 0.02030456852791878 0.02030456852791878
0 0.8503452765508603 0.44429819862878234 0.02030456852791878 0.02030456852791878
0 0.8799718999274837 0.43861638044696416 0.02030456852791878 0.02030456852791878
0 0.8852478739534578 0.4300936531742369 0.02030456852791878 0.02030456852791878
0 0.8970173544729383 0.43415209473267846 0.02030456852791878 0.02030456852791878
0 0.883218653174237 0.4187300168106005 0.02030456852791878 0.02030456852791878
0 0.9566764453820292 0.48204170512228883 0.02030456852791878 0.02030456852791878
0 0.9440952765508603 0.4349637830443668 0.02030456852791878 0.02030456852791878
0 0.9530238479794317 0.43293456226514604 0.02030456852791878 0.02030456852791878
0 0.9647933284989123 0.39843780901839276 0.02030456852791878 0.02030456852791878
0 0.9664167051222888 0.3826098869404707 0.02030456852791878 0.02030456852791878
0 0.9526180038235876 0.3842332635638473 0.02030456852791878 0.02030456852791878
0 0.9371959259015096 0.4012787181093018 0.02030456852791878 0.02030456852791878
0 0.930296575252159 0.39397352330410707 0.02030456852791878 0.02030456852791878
0 0.9201504713560552 0.3960027440833278 0.02030456852791878 0.02030456852791878
0 0.914468653174237 0.40290209473267846 0.02030456852791878 0.02030456852791878
0 0.9087868349924187 0.4077722246028084 0.02030456852791878 0.02030456852791878
0 0.8998582635638472 0.41426573109631487 0.02030456852791878 0.02030456852791878
0 0.9075693025248863 0.42562936745995117 0.02030456852791878 0.02030456852791878
0 0.9156861856417694 0.4300936531742369 0.02030456852791878 0.02030456852791878
0 0.8556212505768344 0.3992494973300811 0.02030456852791878 0.02030456852791878
0 0.8653615103170941 0.39965534148592524 0.02030456852791878 0.02030456852791878
0 0.8759134583690421 0.39316183499241875 0.02030456852791878 0.02030456852791878
0 0.8730725492781332 0.40411962720021094 0.02030456852791878 0.02030456852791878
0 0.8479102116157955 0.3529832635638473 0.02030456852791878 0.02030456852791878
0 0.9051342375898214 0.3915384583690421 0.02030456852791878 0.02030456852791878
0 0.8937706012261849 0.3955968999274837 0.02030456852791878 0.02030456852791878
0 0.8893063155118993 0.37976897784956154 0.02030456852791878 0.02030456852791878
0 0.8621147570703409 0.38545079603137977 0.02030456852791878 0.02030456852791878
0 0.8962056661612501 0.34851897784956154 0.02030456852791878 0.02030456852791878
0 0.8889004713560552 0.3359378090183927 0.02030456852791878 0.02030456852791878
0 0.8949881336937174 0.33066183499241875 0.02030456852791878 0.02030456852791878
0 0.9018874843430681 0.33187936745995117 0.02030456852791878 0.02030456852791878
0 0.8454751466807304 0.33147352330410707 0.02030456852791878 0.02030456852791878
0 0.8199069648625487 0.33228521161579533 0.02030456852791878 0.02030456852791878
0 0.8734783934339772 0.32741508174566547 0.02030456852791878 0.02030456852791878
0 0.9229913804469642 0.32782092590150963 0.02030456852791878 0.02030456852791878
0 0.9294848869404708 0.32863261421319795 0.02030456852791878 0.02030456852791878
0 0.9582998220054058 0.3399962505768343 0.02030456852791878 0.02030456852791878
0 0.971692679148263 0.33918456226514604 0.02030456852791878 0.02030456852791878
0 0.9696634583690421 0.3671878090183927 0.02030456852791878 0.02030456852791878
0 0.9570822895378733 0.37084040642099014 0.02030456852791878 0.02030456852791878
0 0.8324881336937174 0.40411962720021094 0.02030456852791878 0.02030456852791878
0 0.8556212505768344 0.32782092590150963 0.02030456852791878 0.02030456852791878
0 0.8970173544729384 0.9753452765508605 0.02030456852791878 0.02030456852791878
0 0.9700693025248861 0.950994627200211 0.02030456852791878 0.02030456852791878
0 0.9849840752521591 0.5380481986287824 0.02030456852791878 0.02030456852791878
0 0.9951301791482631 0.5705157310963148 0.02030456852791878 0.02030456852791878
0 0.9983769323950162 0.5388598869404707 0.02030456852791878 0.02030456852791878
0 0.9939126466807306 0.5153209259015096 0.02030456852791878 0.02030456852791878
0 0.997565244083328 0.49665209473267846 0.02030456852791878 0.02030456852791878
0 0.9801139453820292 0.4865059908365746 0.02030456852791878 0.02030456852791878
0 0.9987827765508605 0.47879495187553567 0.02030456852791878 0.02030456852791878
0 0.5065952765508605 0.685166705122289 0.02030456852791878 0.02030456852791878
0 0.5195822895378733 0.6486407310963151 0.02030456852791878 0.02030456852791878
0 0.45302384797943185 0.5350043674599514 0.02030456852791878 0.02030456852791878
0 0.42867319862878245 0.5455563155118994 0.02030456852791878 0.02030456852791878
0 0.14924949733008114 0.3539978739534578 0.02030456852791878 0.02030456852791878
0 0.9944199518755359 0.765929692135276 0.02030456852791878 0.02030456852791878
0 0.9798095622651459 0.7821634583690421 0.02030456852791878 0.02030456852791878
0 0.9927965752521591 0.7253452765508605 0.02030456852791878 0.02030456852791878
0 0.6624394323950163 0.326197549278133 0.02030456852791878 0.02030456852791878
0 0.6571634583690422 0.326197549278133 0.02030456852791878 0.02030456852791878
0 0.6494524194080034 0.3310676791482629 0.02030456852791878 0.02030456852791878
0 0.630377744083328 0.3302559908365746 0.02030456852791878 0.02030456852791878
0 0.6595985233041072 0.25395728953787333 0.02030456852791878 0.02030456852791878
0 0.6713680038235877 0.2523339129144967 0.02030456852791878 0.02030456852791878
0 0.6620335882391721 0.23691183499241877 0.02030456852791878 0.02030456852791878
0 0.6693387830443669 0.208908588239172 0.02030456852791878 0.02030456852791878
0 0.6510757960313799 0.1934865103170941 0.02030456852791878 0.02030456852791878
0 0.627536834992419 0.1898339129144967 0.02030456852791878 0.02030456852791878
0 0.6194199518755359 0.18861638044696424 0.02030456852791878 0.02030456852791878
0 0.6896309908365746 0.3838274194080032 0.02030456852791878 0.02030456852791878
0 0.7350855362911203 0.3217332635638473 0.02030456852791878 0.02030456852791878
0 0.7188517700573539 0.3197040427846265 0.02030456852791878 0.02030456852791878
0 0.7131699518755359 0.32538586096644473 0.02030456852791878 0.02030456852791878
0 0.7253452765508606 0.3140222246028084 0.02030456852791878 0.02030456852791878
0 0.692877744083328 0.3083404064209902 0.02030456852791878 0.02030456852791878
0 0.6876017700573539 0.3184865103170941 0.02030456852791878 0.02030456852791878
0 0.6819199518755359 0.30468780901839276 0.02030456852791878 0.02030456852791878
0 0.6689329388885229 0.3091520947326785 0.02030456852791878 0.02030456852791878
0 0.6754264453820292 0.326197549278133 0.02030456852791878 0.02030456852791878
0 0.7018063155118994 0.3075287181093018 0.02030456852791878 0.02030456852791878
0 0.6750206012261852 0.29413586096644473 0.02030456852791878 0.02030456852791878
0 0.664062809018393 0.2925124843430681 0.02030456852791878 0.02030456852791878
0 0.661627744083328 0.27546702979761356 0.02030456852791878 0.02030456852791878
0 0.6705563155118994 0.2787137830443668 0.02030456852791878 0.02030456852791878
0 0.6831374843430683 0.25395728953787333 0.02030456852791878 0.02030456852791878
0 0.6835433284989123 0.23772352330410707 0.02030456852791878 0.02030456852791878
0 0.6750206012261852 0.2320417051222889 0.02030456852791878 0.02030456852791878
0 0.6855725492781332 0.20322677005735384 0.02030456852791878 0.02030456852791878
0 0.7103290427846267 0.22838910771969148 0.02030456852791878 0.02030456852791878
0 0.6997770947326787 0.2312300168106006 0.02030456852791878 0.02030456852791878
0 0.6940952765508606 0.25720404278462655 0.02030456852791878 0.02030456852791878
0 0.6863842375898215 0.2641033934339772 0.02030456852791878 0.02030456852791878
0 0.6713680038235877 0.2669443025248863 0.02030456852791878 0.02030456852791878
0 0.6551342375898215 0.2653209259015097 0.02030456852791878 0.02030456852791878
0 0.7022121596677436 0.2860189778495616 0.02030456852791878 0.02030456852791878
0 0.705864757070341 0.27668456226514604 0.02030456852791878 0.02030456852791878
0 0.7192576142131982 0.2758728739534577 0.02030456852791878 0.02030456852791878
0 0.7200693025248864 0.26613261421319795 0.02030456852791878 0.02030456852791878
0 0.705864757070341 0.26248001681060057 0.02030456852791878 0.02030456852791878
0 0.6993712505768345 0.26450923758982137 0.02030456852791878 0.02030456852791878
0 0.6823257960313799 0.2770904064209902 0.02030456852791878 0.02030456852791878
0 0.6892251466807306 0.27465534148592524 0.02030456852791878 0.02030456852791878
0 0.6936894323950163 0.22392482200540578 0.02030456852791878 0.02030456852791878
0 0.6888193025248864 0.23691183499241877 0.02030456852791878 0.02030456852791878
0 0.724127744083328 0.22838910771969148 0.02030456852791878 0.02030456852791878
0 0.7342738479794318 0.2255481986287824 0.02030456852791878 0.02030456852791878
0 0.7639004713560553 0.2986001466807304 0.02030456852791878 0.02030456852791878
0 0.7533485233041072 0.2998176791482629 0.02030456852791878 0.02030456852791878
0 0.7460433284989123 0.2969767700573538 0.02030456852791878 0.02030456852791878
0 0.7488842375898215 0.31118131551189926 0.02030456852791878 0.02030456852791878
0 0.7630887830443669 0.3119930038235876 0.02030456852791878 0.02030456852791878
0 0.7760757960313799 0.3091520947326785 0.02030456852791878 0.02030456852791878
0 0.7801342375898215 0.30631118564176946 0.02030456852791878 0.02030456852791878
0 0.7813517700573539 0.29778845836904216 0.02030456852791878 0.02030456852791878
0 0.7939329388885229 0.3091520947326785 0.02030456852791878 0.02030456852791878
0 0.8028615103170942 0.3038761207067045 0.02030456852791878 0.02030456852791878
0 0.7967738479794318 0.29129495187553567 0.02030456852791878 0.02030456852791878
0 0.8016439778495618 0.2925124843430681 0.02030456852791878 0.02030456852791878
0 0.7289978739534579 0.2872365103170941 0.02030456852791878 0.02030456852791878
0 0.7285920297976137 0.3034702765508603 0.02030456852791878 0.02030456852791878
0 0.7375206012261852 0.27668456226514604 0.02030456852791878 0.02030456852791878
0 0.7460433284989123 0.2718144323950162 0.02030456852791878 0.02030456852791878
0 0.7602478739534578 0.273843653174237 0.02030456852791878 0.02030456852791878
0 0.770799822005406 0.2726261207067045 0.02030456852791878 0.02030456852791878
0 0.7813517700573539 0.271408588239172 0.02030456852791878 0.02030456852791878
0 0.7992089129144968 0.28114884797943174 0.02030456852791878 0.02030456852791878
0 0.7285920297976137 0.26004495187553567 0.02030456852791878 0.02030456852791878
0 0.7220985233041072 0.24989884797943177 0.02030456852791878 0.02030456852791878
0 0.7302154064209904 0.24908715966774342 0.02030456852791878 0.02030456852791878
0 0.7533485233041072 0.2263598869404707 0.02030456852791878 0.02030456852791878
0 0.7586244973300813 0.23691183499241877 0.02030456852791878 0.02030456852791878
0 0.7752641077196916 0.23163586096644476 0.02030456852791878 0.02030456852791878
0 0.7829751466807306 0.22433066616124994 0.02030456852791878 0.02030456852791878
0 0.7923095622651462 0.23001248434306812 0.02030456852791878 0.02030456852791878
0 0.7850043674599514 0.2458404064209902 0.02030456852791878 0.02030456852791878
0 0.7931212505768345 0.2458404064209902 0.02030456852791878 0.02030456852791878
0 0.7988030687586527 0.25273975707034085 0.02030456852791878 0.02030456852791878
0 0.7845985233041072 0.2555806661612499 0.02030456852791878 0.02030456852791878
0 0.7699881336937177 0.2559865103170941 0.02030456852791878 0.02030456852791878
0 0.755377744083328 0.26085664018722393 0.02030456852791878 0.02030456852791878
0 0.7505076142131982 0.24949300382358758 0.02030456852791878 0.02030456852791878
0 0.7423907310963151 0.2312300168106006 0.02030456852791878 0.02030456852791878
0 0.8130076142131982 0.21540209473267852 0.02030456852791878 0.02030456852791878
0 0.8243712505768345 0.21418456226514604 0.02030456852791878 0.02030456852791878
0 0.8170660557716397 0.22433066616124994 0.02030456852791878 0.02030456852791878
0 0.8028615103170942 0.22757741940800316 0.02030456852791878 0.02030456852791878
0 0.8113842375898215 0.24259365317423695 0.02030456852791878 0.02030456852791878
0 0.8117900817456657 0.2567981986287824 0.02030456852791878 0.02030456852791878
0 0.8085433284989123 0.2653209259015097 0.02030456852791878 0.02030456852791878
0 0.8004264453820292 0.26166832849891225 0.02030456852791878 0.02030456852791878
0 0.7906861856417695 0.2673501466807304 0.02030456852791878 0.02030456852791878
0 0.8117900817456657 0.2783079388885226 0.02030456852791878 0.02030456852791878
0 0.8276180038235877 0.2547689778495616 0.02030456852791878 0.02030456852791878
0 0.8324881336937177 0.23001248434306812 0.02030456852791878 0.02030456852791878
0 0.8280238479794318 0.2227072895378733 0.02030456852791878 0.02030456852791878
0 0.8373582635638475 0.21418456226514604 0.02030456852791878 0.02030456852791878
0 0.8377641077196916 0.24705793888852265 0.02030456852791878 0.02030456852791878
0 0.7817576142131982 0.3184865103170941 0.02030456852791878 0.02030456852791878
0 0.8036731986287826 0.3197040427846265 0.02030456852791878 0.02030456852791878
0 0.8134134583690422 0.3091520947326785 0.02030456852791878 0.02030456852791878
0 0.8215303414859254 0.30144105577163954 0.02030456852791878 0.02030456852791878
0 0.8130076142131982 0.29413586096644473 0.02030456852791878 0.02030456852791878
0 0.8146309908365746 0.2856131336937175 0.02030456852791878 0.02030456852791878
0 0.8259946272002111 0.28967157525215903 0.02030456852791878 0.02030456852791878
0 0.7026180038235877 0.24989884797943177 0.02030456852791878 0.02030456852791878
0 0.7927154064209904 0.18902222460280838 0.02030456852791878 0.02030456852791878
0 0.7850043674599514 0.18739884797943177 0.02030456852791878 0.02030456852791878
0 0.8121959259015098 0.1898339129144967 0.02030456852791878 0.02030456852791878
0 0.8195011207067046 0.18861638044696424 0.02030456852791878 0.02030456852791878
0 0.8341115103170942 0.2653209259015097 0.02030456852791878 0.02030456852791878
0 0.8288355362911202 0.263697549278133 0.02030456852791878 0.02030456852791878
0 0.833299822005406 0.3006293674599512 0.02030456852791878 0.02030456852791878
0 0.8393874843430683 0.31321053629112006 0.02030456852791878 0.02030456852791878
0 0.8292413804469644 0.24827547135605513 0.02030456852791878 0.02030456852791878
0 0.830864757070341 0.1861813155118993 0.02030456852791878 0.02030456852791878
0 0.980875469707957 0.39859911661942127 0.02030456852791878 0.02030456852791878
0 0.9967169885951612 0.40563979168040093 0.02030456852791878 0.02030456852791878
0 0.9879161447689366 0.409746852132639 0.02030456852791878 0.02030456852791878
0 0.9826356384732019 0.4449502274375372 0.02030456852791878 0.02030456852791878
0 0.975008240490474 0.44260333575054395 0.02030456852791878 0.02030456852791878
0 0.9779418550992155 0.4302821543938296 0.02030456852791878 0.02030456852791878
0 0.9650339508207528 0.4302821543938296 0.02030456852791878 0.02030456852791878
0 0.9233766233766234 0.41620080427187034 0.02030456852791878 0.02030456852791878
0 0.8993209835849431 0.3757169226712375 0.02030456852791878 0.02030456852791878
0 0.9087085503329158 0.3768903685147341 0.02030456852791878 0.02030456852791878
0 0.9092952732546642 0.36398246423627145 0.02030456852791878 0.02030456852791878
0 0.9022545981936845 0.3457940536620741 0.02030456852791878 0.02030456852791878
0 0.9134023337069024 0.3416869932098359 0.02030456852791878 0.02030456852791878
0 0.9192695629243852 0.3457940536620741 0.02030456852791878 0.02030456852791878
0 0.9169226712373921 0.35811523501878845 0.02030456852791878 0.02030456852791878
0 0.9268969609071133 0.3563550662535436 0.02030456852791878 0.02030456852791878
0 0.9180961170808887 0.3622222954710265 0.02030456852791878 0.02030456852791878
0 0.9380446964203311 0.3751301997494892 0.02030456852791878 0.02030456852791878
0 0.9356978047333377 0.3563550662535436 0.02030456852791878 0.02030456852791878
0 0.9345243588898412 0.34755422242731904 0.02030456852791878 0.02030456852791878
0 0.936284527655086 0.3217384138703937 0.02030456852791878 0.02030456852791878
0 0.9409783110290725 0.31880479926165217 0.02030456852791878 0.02030456852791878
0 0.8711582833410245 0.27538730305227777 0.02030456852791878 0.02030456852791878
0 0.8523831498450788 0.2865350385654955 0.02030456852791878 0.02030456852791878
0 0.8582503790625619 0.2724536884435363 0.02030456852791878 0.02030456852791878
0 0.8629441624365483 0.2953358823917201 0.02030456852791878 0.02030456852791878
0 0.8547300415320721 0.29592260531346837 0.02030456852791878 0.02030456852791878
0 0.8623574395147999 0.30765706374843443 0.02030456852791878 0.02030456852791878
0 0.8729184521062694 0.30413672621794463 0.02030456852791878 0.02030456852791878
0 0.8758520667150109 0.2982694970004616 0.02030456852791878 0.02030456852791878
0 0.8846529105412355 0.30531017206144123 0.02030456852791878 0.02030456852791878
0 0.8905201397587185 0.29474915946997177 0.02030456852791878 0.02030456852791878
0 0.9157492253938954 0.3047234491396929 0.02030456852791878 0.02030456852791878
0 0.9046014898806777 0.30237655745269976 0.02030456852791878 0.02030456852791878
0 0.9134023337069024 0.29122882193948196 0.02030456852791878 0.02030456852791878
0 0.8828927417759905 0.3217384138703937 0.02030456852791878 0.02030456852791878
0 0.8893466939152219 0.32408530555738685 0.02030456852791878 0.02030456852791878
0 0.8963873689762015 0.31939152218340044 0.02030456852791878 0.02030456852791878
0 0.9087085503329158 0.32701892016612844 0.02030456852791878 0.02030456852791878
0 0.920443008767882 0.31939152218340044 0.02030456852791878 0.02030456852791878
0 0.8564902102973169 0.4584448546377482 0.02030456852791878 0.02030456852791878
0 0.8817192959324939 0.26952007383479476 0.02030456852791878 0.02030456852791878
0 0.8811325730107457 0.28418814687850236 0.02030456852791878 0.02030456852791878
0 0.9920232052211747 0.4742863735249523 0.02030456852791878 0.02030456852791878
0 0.9879161447689366 0.46665897554222435 0.02030456852791878 0.02030456852791878
0 0.9984771573604061 0.42206803348935334 0.02030456852791878 0.02030456852791878
0 0.9797020238644605 0.37454347682774086 0.02030456852791878 0.02030456852791878
0 0.9896763135341815 0.37454347682774086 0.02030456852791878 0.02030456852791878
0 0.9820489155514537 0.36632935592326465 0.02030456852791878 0.02030456852791878
0 0.9814621926297052 0.3540081745665503 0.02030456852791878 0.02030456852791878
0 0.9826356384732019 0.3393401015228428 0.02030456852791878 0.02030456852791878
0 0.99026303645593 0.33405959522710804 0.02030456852791878 0.02030456852791878
0 0.9937833739864198 0.3246720284791352 0.02030456852791878 0.02030456852791878
0 0.9931966510646714 0.3686762476102579 0.02030456852791878 0.02030456852791878
0 0.9961302656734129 0.35459489748829864 0.02030456852791878 0.02030456852791878
0 0.9726613488034809 0.3322994264618631 0.02030456852791878 0.02030456852791878
0 0.9679675654294944 0.3258454743226318 0.02030456852791878 0.02030456852791878
0 0.9521260465422903 0.32760564308787665 0.02030456852791878 0.02030456852791878
0 0.9685542883512427 0.31117740127892424 0.02030456852791878 0.02030456852791878
0 0.9720746258817325 0.31880479926165217 0.02030456852791878 0.02030456852791878
0 0.980875469707957 0.31059067835717596 0.02030456852791878 0.02030456852791878
0 0.9849825301601951 0.3012031116092031 0.02030456852791878 0.02030456852791878
0 0.9656206737425013 0.3000296657657065 0.02030456852791878 0.02030456852791878
0 0.9491924319335487 0.30237655745269976 0.02030456852791878 0.02030456852791878
0 0.9521260465422903 0.3146977388094141 0.02030456852791878 0.02030456852791878
0 0.9392181422638276 0.2988562199222099 0.02030456852791878 0.02030456852791878
0 0.9251367921418683 0.302963280374448 0.02030456852791878 0.02030456852791878
0 0.9169226712373921 0.27186696552178796 0.02030456852791878 0.02030456852791878
0 0.9644472278990045 0.27362713428703284 0.02030456852791878 0.02030456852791878
0 0.9392181422638276 0.339926824444591 0.02030456852791878 0.02030456852791878
0 0.9216164546113785 0.31352429296591744 0.02030456852791878 0.02030456852791878
0 0.62798470564968 0.08176873887533789 0.02030456852791878 0.02030456852791878
0 0.6432395016151358 0.0852890764058277 0.02030456852791878 0.02030456852791878
0 0.6309183202584215 0.08998285977981416 0.02030456852791878 0.02030456852791878
0 0.6185971389017071 0.09819698068429036 0.02030456852791878 0.02030456852791878
0 0.6291581514931766 0.09761025776254204 0.02030456852791878 0.02030456852791878
0 0.6350253807106596 0.1087579932757598 0.02030456852791878 0.02030456852791878
0 0.6250510910409385 0.1087579932757598 0.02030456852791878 0.02030456852791878
0 0.6227041993539452 0.12107917463247417 0.02030456852791878 0.02030456852791878
0 0.6326784890236664 0.12225262047597076 0.02030456852791878 0.02030456852791878
0 0.6320917661019181 0.13046674138044698 0.02030456852791878 0.02030456852791878
0 0.6285714285714283 0.13809413936317494 0.02030456852791878 0.02030456852791878
0 0.6449996703803809 0.1375074164414266 0.02030456852791878 0.02030456852791878
0 0.62798470564968 0.1791647438855561 0.02030456852791878 0.02030456852791878
0 0.6385457182411495 0.1803381897290527 0.02030456852791878 0.02030456852791878
0 0.6584942975805917 0.1345738018326851 0.02030456852791878 0.02030456852791878
0 0.6561474058935985 0.11579866833673942 0.02030456852791878 0.02030456852791878
0 0.641479332849891 0.11697211418023604 0.02030456852791878 0.02030456852791878
0 0.6590810205023401 0.09643681191904546 0.02030456852791878 0.02030456852791878
0 0.664948249719823 0.09643681191904546 0.02030456852791878 0.02030456852791878
0 0.6590810205023401 0.08822269101456924 0.02030456852791878 0.02030456852791878
0 0.6538005142066052 0.08176873887533789 0.02030456852791878 0.02030456852791878
0 0.6491067308326189 0.08939613685806583 0.02030456852791878 0.02030456852791878
0 0.6731623706242993 0.07766167842309982 0.02030456852791878 0.02030456852791878
0 0.6895906124332517 0.07766167842309982 0.02030456852791878 0.02030456852791878
0 0.6854835519810135 0.08646252224932434 0.02030456852791878 0.02030456852791878
0 0.6731623706242993 0.08822269101456924 0.02030456852791878 0.02030456852791878
0 0.6854835519810135 0.09643681191904546 0.02030456852791878 0.02030456852791878
0 0.6790295998417823 0.09350319731030397 0.02030456852791878 0.02030456852791878
0 0.6878304436680068 0.1046509328235217 0.02030456852791878 0.02030456852791878
0 0.6819632144505238 0.10523765574526998 0.02030456852791878 0.02030456852791878
0 0.6942843958072382 0.11403849957149452 0.02030456852791878 0.02030456852791878
0 0.6749225393895442 0.11755883710198432 0.02030456852791878 0.02030456852791878
0 0.6661216955633197 0.11521194541499115 0.02030456852791878 0.02030456852791878
0 0.664948249719823 0.10347748698002508 0.02030456852791878 0.02030456852791878
0 0.6658283341024456 0.13472048256312222 0.02030456852791878 0.02030456852791878
0 0.7045520469378335 0.10714450524095201 0.02030456852791878 0.02030456852791878
0 0.6986848177203505 0.10626442085832956 0.02030456852791878 0.02030456852791878
0 0.7104192761553165 0.10685114378007786 0.02030456852791878 0.02030456852791878
0 0.7206869272859119 0.10567769793658124 0.02030456852791878 0.02030456852791878
0 0.7218603731294084 0.09629013118860842 0.02030456852791878 0.02030456852791878
0 0.7051387698595819 0.08514239567539066 0.02030456852791878 0.02030456852791878
0 0.7027918781725886 0.07780835915353687 0.02030456852791878 0.02030456852791878
0 0.7218603731294084 0.07722163623178858 0.02030456852791878 0.02030456852791878
0 0.72479398773815 0.08836937174500631 0.02030456852791878 0.02030456852791878
0 0.715406420990177 0.09394323950161519 0.02030456852791878 0.02030456852791878
0 0.7503164348342012 0.07604819038829197 0.02030456852791878 0.02030456852791878
0 0.7291944096512623 0.07692827477091442 0.02030456852791878 0.02030456852791878
0 0.6197705847452037 0.07370129870129877 0.02030456852791878 0.02030456852791878
0 0.7599973630430481 0.07516810600566952 0.02030456852791878 0.02030456852791878
0 0.7303678554947588 0.16963049640714623 0.02030456852791878 0.02030456852791878
0 0.7101259146944424 0.16963049640714623 0.02030456852791878 0.02030456852791878
0 0.7039653240160852 0.15378897751994206 0.02030456852791878 0.02030456852791878
0 0.6892972509723776 0.1523221702155713 0.02030456852791878 0.02030456852791878
0 0.6772694310765374 0.14352132638934678 0.02030456852791878 0.02030456852791878
0 0.668761948711187 0.14176115762410188 0.02030456852791878 0.02030456852791878
0 0.6807897686070272 0.13472048256312222 0.02030456852791878 0.02030456852791878
0 0.6895906124332517 0.13882754301536032 0.02030456852791878 0.02030456852791878
0 0.6934043114246158 0.14410804931109505 0.02030456852791878 0.02030456852791878
0 0.7013250708682178 0.13266695233700315 0.02030456852791878 0.02030456852791878
0 0.7045520469378335 0.12034577098028881 0.02030456852791878 0.02030456852791878
0 0.7195134814424151 0.12239930120640788 0.02030456852791878 0.02030456852791878
0 0.7159931439119254 0.11330509591930918 0.02030456852791878 0.02030456852791878
0 0.7359417232513676 0.15613586920693526 0.02030456852791878 0.02030456852791878
0 0.7233271804337792 0.13985430812841984 0.02030456852791878 0.02030456852791878
0 0.7121794449205615 0.13809413936317494 0.02030456852791878 0.02030456852791878
0 0.7110059990770649 0.14396136858065794 0.02030456852791878 0.02030456852791878
0 0.7110059990770649 0.15041532071988928 0.02030456852791878 0.02030456852791878
0 0.7245006262772757 0.15217548948513418 0.02030456852791878 0.02030456852791878
0 0.7379952534774867 0.14689498318939948 0.02030456852791878 0.02030456852791878
0 0.7344749159469969 0.14220119981541304 0.02030456852791878 0.02030456852791878
0 0.7303678554947588 0.12401278924121566 0.02030456852791878 0.02030456852791878
0 0.7239139033555275 0.11286505372799793 0.02030456852791878 0.02030456852791878
0 0.7356483617904935 0.10171731821478017 0.02030456852791878 0.02030456852791878
0 0.7350616388687452 0.09526336607554887 0.02030456852791878 0.02030456852791878
0 0.7444492056167181 0.0870492451710726 0.02030456852791878 0.02030456852791878
0 0.7350616388687452 0.08470235348407944 0.02030456852791878 0.02030456852791878
0 0.7755455204693781 0.08000857011009298 0.02030456852791878 0.02030456852791878
0 0.7919737622783305 0.07766167842309982 0.02030456852791878 0.02030456852791878
0 0.8037082207132966 0.07590150965785485 0.02030456852791878 0.02030456852791878
0 0.8277638605049771 0.11521194541499115 0.02030456852791878 0.02030456852791878
0 0.8265904146614804 0.12401278924121566 0.02030456852791878 0.02030456852791878
0 0.8142692333047661 0.11755883710198432 0.02030456852791878 0.02030456852791878
0 0.8107488957742762 0.1087579932757598 0.02030456852791878 0.02030456852791878
0 0.7450359285384663 0.1316401872239436 0.02030456852791878 0.02030456852791878
0 0.7491429889907045 0.11286505372799793 0.02030456852791878 0.02030456852791878
0 0.7473828202254597 0.10523765574526998 0.02030456852791878 0.02030456852791878
0 0.7503164348342012 0.09526336607554887 0.02030456852791878 0.02030456852791878
0 0.7655712307996569 0.09115630562331074 0.02030456852791878 0.02030456852791878
0 0.7643977849561604 0.1046509328235217 0.02030456852791878 0.02030456852791878
0 0.7737853517041332 0.11286505372799793 0.02030456852791878 0.02030456852791878
0 0.7655712307996569 0.11462522249324283 0.02030456852791878 0.02030456852791878
0 0.7649845078779087 0.12283934339771907 0.02030456852791878 0.02030456852791878
0 0.752076603599446 0.1339870789109368 0.02030456852791878 0.02030456852791878
0 0.7526633265211944 0.14396136858065794 0.02030456852791878 0.02030456852791878
0 0.7538367723646909 0.15041532071988928 0.02030456852791878 0.02030456852791878
0 0.7503164348342012 0.16684356252884175 0.02030456852791878 0.02030456852791878
0 0.7397554222427317 0.17505768343331796 0.02030456852791878 0.02030456852791878
0 0.7620508932691671 0.1791647438855561 0.02030456852791878 0.02030456852791878
0 0.7690915683301468 0.17212406882457645 0.02030456852791878 0.02030456852791878
0 0.7538367723646909 0.12107917463247417 0.02030456852791878 0.02030456852791878
0 0.7561836640516841 0.12753312677170547 0.02030456852791878 0.02030456852791878
0 0.7731986287823849 0.1316401872239436 0.02030456852791878 0.02030456852791878
0 0.7749587975476299 0.12107917463247417 0.02030456852791878 0.02030456852791878
0 0.7708517370953917 0.09408992023205222 0.02030456852791878 0.02030456852791878
0 0.7819994726086095 0.08822269101456924 0.02030456852791878 0.02030456852791878
0 0.7843463642956027 0.09702353484079378 0.02030456852791878 0.02030456852791878
0 0.884089260992814 0.23783703606038634 0.02030456852791878 0.02030456852791878
0 0.8752884171665894 0.2390104819038829 0.02030456852791878 0.02030456852791878
0 0.8688344650273582 0.24839804865185575 0.02030456852791878 0.02030456852791878
0 0.8571000065923922 0.24839804865185575 0.02030456852791878 0.02030456852791878
0 0.8524062232184058 0.23842375898213466 0.02030456852791878 0.02030456852791878
0 0.8524062232184058 0.22668930054716857 0.02030456852791878 0.02030456852791878
0 0.8524062232184058 0.21612828795569913 0.02030456852791878 0.02030456852791878
0 0.8705946337926033 0.22258224009493044 0.02030456852791878 0.02030456852791878
0 0.8629672358098751 0.23842375898213466 0.02030456852791878 0.02030456852791878
0 0.884089260992814 0.2583723383215769 0.02030456852791878 0.02030456852791878
0 0.8864361526798074 0.24663787988661087 0.02030456852791878 0.02030456852791878
0 0.89582371942778 0.2366635902168897 0.02030456852791878 0.02030456852791878
0 0.9075581778627462 0.23783703606038634 0.02030456852791878 0.02030456852791878
0 0.916945744610719 0.23490342145164478 0.02030456852791878 0.02030456852791878
0 0.9222262509064537 0.24781132573010747 0.02030456852791878 0.02030456852791878
0 0.9116652383149842 0.2548520007910871 0.02030456852791878 0.02030456852791878
0 0.9040378403322563 0.25895906124332524 0.02030456852791878 0.02030456852791878
0 0.9280934801239368 0.27069351967829125 0.02030456852791878 0.02030456852791878
0 0.934547432263168 0.2736271342870327 0.02030456852791878 0.02030456852791878
0 0.9404146614806511 0.2748005801305294 0.02030456852791878 0.02030456852791878
0 0.9386544927154062 0.26717318214780145 0.02030456852791878 0.02030456852791878
0 0.9474553365416307 0.26247939877381504 0.02030456852791878 0.02030456852791878
0 0.9544960116026103 0.2748005801305294 0.02030456852791878 0.02030456852791878
0 0.9574296262113519 0.2677599050695498 0.02030456852791878 0.02030456852791878
0 0.9697508075680662 0.2648262904608082 0.02030456852791878 0.02030456852791878
0 0.9767914826290458 0.275974025974026 0.02030456852791878 0.02030456852791878
0 0.9744445909420526 0.28536159272199885 0.02030456852791878 0.02030456852791878
0 0.9621234095853383 0.28418814687850225 0.02030456852791878 0.02030456852791878
0 0.953909288680862 0.28536159272199885 0.02030456852791878 0.02030456852791878
0 0.9403412181093019 0.24178196486254855 0.02030456852791878 0.02030456852791878
0 0.9334418674599513 0.2515222246028083 0.02030456852791878 0.02030456852791878
0 0.9484581012261851 0.25720404278462644 0.02030456852791878 0.02030456852791878
0 0.9577925168106006 0.24056443239501607 0.02030456852791878 0.02030456852791878
0 0.9687503090183929 0.24340534148592516 0.02030456852791878 0.02030456852791878
0 0.9724029064209903 0.23447677005735373 0.02030456852791878 0.02030456852791878
0 0.9841723869404707 0.23285339343397712 0.02030456852791878 0.02030456852791878
0 0.9801139453820291 0.21499625057683427 0.02030456852791878 0.02030456852791878
0 0.9931009583690421 0.21499625057683427 0.02030456852791878 0.02030456852791878
0 0.9715912181093018 0.19145728953787325 0.02030456852791878 0.02030456852791878
0 0.906656153174237 0.16304819862878236 0.02030456852791878 0.02030456852791878
0 0.9273542051222889 0.18171702979761353 0.02030456852791878 0.02030456852791878
0 0.9261366726547564 0.19226897784956154 0.02030456852791878 0.02030456852791878
0 0.9123379713560552 0.20241508174566544 0.02030456852791878 0.02030456852791878
0 0.8977275817456656 0.19429819862878234 0.02030456852791878 0.02030456852791878
0 0.8924516077196916 0.19105144538202912 0.02030456852791878 0.02030456852791878
0 0.883117192135276 0.19023975707034077 0.02030456852791878 0.02030456852791878
0 0.8733769323950162 0.1963274194080031 0.02030456852791878 0.02030456852791878
0 0.8741886207067046 0.1809053414859252 0.02030456852791878 0.02030456852791878
0 0.8563314778495617 0.17765858823917197 0.02030456852791878 0.02030456852791878
0 0.8530847246028085 0.1845579388885226 0.02030456852791878 0.02030456852791878
0 0.8348217375898215 0.18049949733008105 0.02030456852791878 0.02030456852791878
0 0.8340100492781332 0.16467157525215897 0.02030456852791878 0.02030456852791878
0 0.8405035557716396 0.17725274408332783 0.02030456852791878 0.02030456852791878
0 0.8210230362911202 0.18171702979761353 0.02030456852791878 0.02030456852791878
0 0.8206171921352761 0.16507741940800313 0.02030456852791878 0.02030456852791878
0 0.8157470622651462 0.16751248434306806 0.02030456852791878 0.02030456852791878
0 0.9107145947326786 0.27100274408332775 0.02030456852791878 0.02030456852791878
0 0.9695619973300811 0.255986510317094 0.02030456852791878 0.02030456852791878
0 0.9833606986287824 0.26369754927813294 0.02030456852791878 0.02030456852791878
0 0.992695114213198 0.26450923758982126 0.02030456852791878 0.02030456852791878
0 0.9853899194080032 0.2835839129144966 0.02030456852791878 0.02030456852791878
0 0.9983769323950161 0.28804819862878234 0.02030456852791878 0.02030456852791878
0 0.9882308284989122 0.2515222246028083 0.02030456852791878 0.02030456852791878
0 0.9947243349924187 0.24462287395345764 0.02030456852791878 0.02030456852791878
0 0.9517048544729383 0.21661962720021088 0.02030456852791878 0.02030456852791878
0 0.9435879713560552 0.2304183284989122 0.02030456852791878 0.02030456852791878
0 0.9269483609664447 0.21946053629112 0.02030456852791878 0.02030456852791878
0 0.9196431661612501 0.21986638044696416 0.02030456852791878 0.02030456852791878
0 0.9107145947326786 0.2223014453820291 0.02030456852791878 0.02030456852791878
0 0.9452113479794317 0.21012612070670442 0.02030456852791878 0.02030456852791878
0 0.9533282310963148 0.20728521161579533 0.02030456852791878 0.02030456852791878
0 0.844156153174237 0.2608566401872239 0.02030456852791878 0.02030456852791878
0 0.7920051791482631 0.12652222460280826 0.02030456852791878 0.02030456852791878
0 0.8045863479794318 0.12692806875865242 0.02030456852791878 0.02030456852791878
0 0.8890019323950163 0.17522352330410698 0.02030456852791878 0.02030456852791878
0 0.8788558284989124 0.17197677005735373 0.02030456852791878 0.02030456852791878
0 0.8674921921352761 0.16629495187553556 0.02030456852791878 0.02030456852791878
0 0.8565343999274838 0.16345404278462644 0.02030456852791878 0.02030456852791878
0 0.8451707635638475 0.16142482200540567 0.02030456852791878 0.02030456852791878
0 0.8480116726547566 0.15411962720021086 0.02030456852791878 0.02030456852791878
0 0.8597811531742371 0.1549313155118992 0.02030456852791878 0.02030456852791878
0 0.8756090752521591 0.15411962720021086 0.02030456852791878 0.02030456852791878
0 0.8269077765508606 0.07741508174566543 0.02030456852791878 0.02030456852791878
0 0.851664270057354 0.07335664018722385 0.02030456852791878 0.02030456852791878
0 0.8654629713560553 0.07457417265475633 0.02030456852791878 0.02030456852791878
0 0.8796675168106007 0.07254495187553556 0.02030456852791878 0.02030456852791878
0 0.9149759583690422 0.0802559908365745 0.02030456852791878 0.02030456852791878
0 0.9316155687586527 0.07416832849891218 0.02030456852791878 0.02030456852791878
0 0.9360798544729384 0.08431443239501606 0.02030456852791878 0.02030456852791878
0 0.9450084259015098 0.07700923758982126 0.02030456852791878 0.02030456852791878
0 0.9571837505768345 0.07416832849891218 0.02030456852791878 0.02030456852791878
0 0.966112322005406 0.0729507960313797 0.02030456852791878 0.02030456852791878
0 0.9750408934339774 0.07782092590150956 0.02030456852791878 0.02030456852791878
0 0.9701707635638475 0.09161962720021087 0.02030456852791878 0.02030456852791878
0 0.9543428414859254 0.09283715966774335 0.02030456852791878 0.02030456852791878
0 0.942979205122289 0.08269105577163946 0.02030456852791878 0.02030456852791878
0 0.9267454388885229 0.09405469213527583 0.02030456852791878 0.02030456852791878
0 0.9535311531742371 0.1042007960313797 0.02030456852791878 0.02030456852791878
0 0.9697649194080034 0.14843780901839268 0.02030456852791878 0.02030456852791878
0 0.9786934908365748 0.136262484343068 0.02030456852791878 0.02030456852791878
0 0.9693590752521591 0.12571053629111995 0.02030456852791878 0.02030456852791878
0 0.9697649194080034 0.09851897784956153 0.02030456852791878 0.02030456852791878
0 0.9547486856417695 0.12205793888852257 0.02030456852791878 0.02030456852791878
0 0.9433850492781333 0.11799949733008101 0.02030456852791878 0.02030456852791878
0 0.9397324518755358 0.12652222460280826 0.02030456852791878 0.02030456852791878
0 0.9287746596677436 0.11840534148592513 0.02030456852791878 0.02030456852791878
0 0.914164270057354 0.11637612070670436 0.02030456852791878 0.02030456852791878
0 0.9263395947326787 0.12652222460280826 0.02030456852791878 0.02030456852791878
0 0.9320214129144968 0.14437936745995114 0.02030456852791878 0.02030456852791878
0 0.9470376466807306 0.1427559908365745 0.02030456852791878 0.02030456852791878
0 0.9446025817456657 0.1330157310963148 0.02030456852791878 0.02030456852791878
0 0.9243103739534579 0.13342157525215892 0.02030456852791878 0.02030456852791878
0 0.9084824518755358 0.14356767914826282 0.02030456852791878 0.02030456852791878
0 0.8983363479794318 0.13545079603137972 0.02030456852791878 0.02030456852791878
0 0.917005179148263 0.14295891291449672 0.02030456852791878 0.02030456852791878
0 0.9040181661612499 0.12429008174566555 0.02030456852791878 0.02030456852791878
0 0.6653818025248863 0.25801573109631487 0.02030456852791878 0.02030456852791878
0 0.8021512830443668 0.10217157525215904 0.02030456852791878 0.02030456852791878
0 0.8110798544729383 0.0964897570703409 0.02030456852791878 0.02030456852791878
0 0.8179792051222889 0.10257741940800322 0.02030456852791878 0.02030456852791878
0 0.8407064778495617 0.09364884797943177 0.02030456852791878 0.02030456852791878
0 0.8329954388885228 0.08674949733008114 0.02030456852791878 0.02030456852791878
0 0.8471999843430682 0.08350274408332788 0.02030456852791878 0.02030456852791878
0 0.857346088239172 0.09243131551189931 0.02030456852791878 0.02030456852791878
0 0.8735798544729383 0.10947677005735384 0.02030456852791878 0.02030456852791878
0 0.8585636207067044 0.12205793888852269 0.02030456852791878 0.02030456852791878
0 0.8687097246028084 0.12733391291449672 0.02030456852791878 0.02030456852791878
0 0.8557227116157955 0.13869754927813308 0.02030456852791878 0.02030456852791878
0 0.8431415427846266 0.1476261207067045 0.02030456852791878 0.02030456852791878
0 0.8346188155118993 0.15493131551189931 0.02030456852791878 0.02030456852791878
0 0.8358363479794317 0.13788586096644478 0.02030456852791878 0.02030456852791878
0 0.823255179148263 0.13707417265475644 0.02030456852791878 0.02030456852791878
0 0.8175733609664447 0.13058066616124997 0.02030456852791878 0.02030456852791878
0 0.8029629713560552 0.15087287395345775 0.02030456852791878 0.02030456852791878
0 0.8110798544729383 0.1476261207067045 0.02030456852791878 0.02030456852791878
0 0.7846999843430682 0.14924949733008114 0.02030456852791878 0.02030456852791878
0 0.6495538804469643 0.21702547135605516 0.02030456852791878 0.02030456852791878
0 0.7765831012261849 0.14437936745995125 0.02030456852791878 0.02030456852791878
0 0.7907876466807305 0.1561488479794318 0.02030456852791878 0.02030456852791878
0 0.7611610233041071 0.1577722246028084 0.02030456852791878 0.02030456852791878
0 0.7709012830443668 0.15493131551189931 0.02030456852791878 0.02030456852791878
0 0.7648136207067044 0.14437936745995125 0.02030456852791878 0.02030456852791878
0 0.7757714129144967 0.17684689992748373 0.02030456852791878 0.02030456852791878
0 0.7851058284989123 0.17765858823917202 0.02030456852791878 0.02030456852791878
0 0.7830766077196916 0.16548326356384738 0.02030456852791878 0.02030456852791878
0 0.7834824518755357 0.1598014453820292 0.02030456852791878 0.02030456852791878
0 0.7928168674599513 0.16832417265475644 0.02030456852791878 0.02030456852791878
0 0.8017454388885228 0.1598014453820292 0.02030456852791878 0.02030456852791878
0 0.8017454388885228 0.1772527440833279 0.02030456852791878 0.02030456852791878
0 0.8086447895378733 0.1772527440833279 0.02030456852791878 0.02030456852791878
0 0.8212259583690421 0.1577722246028084 0.02030456852791878 0.02030456852791878
0 0.8427356986287824 0.11231767914826295 0.02030456852791878 0.02030456852791878
0 0.8796675168106006 0.1265222246028084 0.02030456852791878 0.02030456852791878
0 0.8792616726547564 0.11799949733008114 0.02030456852791878 0.02030456852791878
0 0.8853493349924187 0.1135352116157954 0.02030456852791878 0.02030456852791878
0 0.8954954388885228 0.11678196486254866 0.02030456852791878 0.02030456852791878
0 0.8999597246028084 0.10947677005735384 0.02030456852791878 0.02030456852791878
0 0.8914369973300811 0.1265222246028084 0.02030456852791878 0.02030456852791878
0 0.8687097246028084 0.14559689992748373 0.02030456852791878 0.02030456852791878
0 0.8609986856417694 0.14640858823917202 0.02030456852791878 0.02030456852791878
0 0.9267454388885228 0.018161834992418805 0.02030456852791878 0.02030456852791878
0 0.8934662181093019 0.017350146680730476 0.02030456852791878 0.02030456852791878
0 0.8212259583690421 0.018161834992418805 0.02030456852791878 0.02030456852791878
0 0.8062097246028084 0.01978521161579543 0.02030456852791878 0.02030456852791878
0 0.7652194648625487 0.020191055771639578 0.02030456852791878 0.02030456852791878
0 0.7518266077196916 0.020191055771639578 0.02030456852791878 0.02030456852791878
0 0.7181415427846266 0.018567679148262954 0.02030456852791878 0.02030456852791878
0 0.7380279064209903 0.1135352116157954 0.02030456852791878 0.02030456852791878
0 0.9843753090183928 0.14295891291449672 0.02030456852791878 0.02030456852791878
0 0.9908688155118992 0.14052384797943177 0.02030456852791878 0.02030456852791878
0 0.9908688155118992 0.130783588239172 0.02030456852791878 0.02030456852791878
0 0.9835636207067044 0.15026410771969145 0.02030456852791878 0.02030456852791878
0 0.990057127200211 0.10562125057683433 0.02030456852791878 0.02030456852791878
0 0.9933038804469642 0.09912774408332788 0.02030456852791878 0.02030456852791878
0 0.992492192135276 0.08614073109631487 0.02030456852791878 0.02030456852791878
0 0.9827519323950161 0.0747770947326785 0.02030456852791878 0.02030456852791878
0 0.8788558284989122 0.08857579603137981 0.02030456852791878 0.02030456852791878
0 0.865057127200211 0.08370566616124991 0.02030456852791878 0.02030456852791878
0 0.8407064778495615 0.12266670512228889 0.02030456852791878 0.02030456852791878
0 0.7830766077196915 0.13727709473267852 0.02030456852791878 0.02030456852791878
0 0.5004061531742372 0.008218653174236838 0.02030456852791878 0.02030456852791878
0 0.5109581012261852 0.004971899927483585 0.02030456852791878 0.02030456852791878
0 0.5231334259015098 0.0179589129144966 0.02030456852791878 0.02030456852791878
0 0.5190749843430683 0.004971899927483585 0.02030456852791878 0.02030456852791878
0 0.5328736856417696 0.006595276550860241 0.02030456852791878 0.02030456852791878
0 0.5320619973300813 0.019582289537873197 0.02030456852791878 0.02030456852791878
0 0.5556009583690422 0.0179589129144966 0.02030456852791878 0.02030456852791878
0 0.5507308284989123 0.004971899927483585 0.02030456852791878 0.02030456852791878
0 0.5677762830443669 0.016335536291119942 0.02030456852791878 0.02030456852791878
0 0.5799516077196916 0.017147224602808243 0.02030456852791878 0.02030456852791878
0 0.5783282310963151 0.005783588239171884 0.02030456852791878 0.02030456852791878
0 0.5913152440833281 0.0179589129144966 0.02030456852791878 0.02030456852791878
0 0.5945619973300813 0.009030341485925138 0.02030456852791878 0.02030456852791878
0 0.6189126466807306 0.019582289537873197 0.02030456852791878 0.02030456852791878
0 0.6156658934339774 0.008218653174236838 0.02030456852791878 0.02030456852791878
0 0.6270295297976137 0.008218653174236838 0.02030456852791878 0.02030456852791878
0 0.6343347246028085 0.008218653174236838 0.02030456852791878 0.02030456852791878
0 0.632711347979432 0.017147224602808243 0.02030456852791878 0.02030456852791878
0 0.6546269323950162 0.019582289537873197 0.02030456852791878 0.02030456852791878
0 0.6627438155118993 0.02364073109631475 0.02030456852791878 0.02030456852791878
0 0.6505684908365746 0.008218653174236838 0.02030456852791878 0.02030456852791878
0 0.6943996596677436 0.010653718109301793 0.02030456852791878 0.02030456852791878
0 0.7293022570703409 0.005783588239171884 0.02030456852791878 0.02030456852791878
0 0.7366074518755357 0.004971899927483585 0.02030456852791878 0.02030456852791878
0 0.7495944648625487 0.011465406420990093 0.02030456852791878 0.02030456852791878
0 0.7877438155118993 0.008218653174236838 0.02030456852791878 0.02030456852791878
0 0.8104710882391721 0.010653718109301793 0.02030456852791878 0.02030456852791878
0 0.8169645947326786 0.005783588239171884 0.02030456852791878 0.02030456852791878
0 0.8226464129144968 0.009030341485925138 0.02030456852791878 0.02030456852791878
0 0.7828736856417694 0.10886800382358747 0.02030456852791878 0.02030456852791878
0 0.7901788804469644 0.10643293888852251 0.02030456852791878 0.02030456852791878
0 0.7974840752521591 0.11941995187553553 0.02030456852791878 0.02030456852791878
0 0.5178320866157954 0.719257614213198 0.02030456852791878 0.02030456852791878
0 0.05354637233008113 0.5398744973300811 0.02030456852791878 0.02030456852791878
0 0.3903970216807304 0.5804589129144967 0.02030456852791878 0.02030456852791878
0 0.1110367335313798 0.13260988694047074 0.02030456852791878 0.02030456852791878
0 0.11590686340150966 0.1460027440833279 0.02030456852791878 0.02030456852791878
0 0.14228673353137977 0.09851897784956164 0.02030456852791878 0.02030456852791878
0 0.15446205820670447 0.18455793888852268 0.02030456852791878 0.02030456852791878
0 0.05178348677813302 0.2072852116157954 0.02030456852791878 0.02030456852791878
0 0.24334192833657456 0.02059689992748376 0.02030456852791878 0.02030456852791878
0 0.24212439586904208 0.1995741726547564 0.02030456852791878 0.02030456852791878
0 0.0030821880768343284 0.005580666161249997 0.02030456852791878 0.02030456852791878
0 0.1771893309339772 0.005580666161249997 0.02030456852791878 0.02030456852791878
0 0.06071205820670445 0.16183066616124997 0.02030456852791878 0.02030456852791878
0 0.4767150005768346 0.5041602116157955 0.02030456852791878 0.02030456852791878
0 0.43410136421319806 0.5680806661612501 0.02030456852791878 0.02030456852791878
0 0.5461143512261849 0.7494930038235874 0.02030456852791878 0.02030456852791878
0 0.7900266888885227 0.6297689778495618 0.02030456852791878 0.02030456852791878
0 0.7920559096677434 0.611911834992419 0.02030456852791878 0.02030456852791878
0 0.8825591564209903 0.6780644323950162 0.02030456852791878 0.02030456852791878
0 0.8849942213560551 0.6683241726547565 0.02030456852791878 0.02030456852791878
0 0.8951403252521589 0.5104507960313801 0.02030456852791878 0.02030456852791878
0 0.609299213239172 0.017147224602808417 0.02030456852791878 0.02030456852791878
0 0.8390070054469644 0.009030341485925252 0.02030456852791878 0.02030456852791878
0 0.8260199924599514 0.0025368349924188034 0.02030456852791878 0.02030456852791878
0 0.8349485638885229 0.0025368349924188034 0.02030456852791878 0.02030456852791878
0 0.864169343109302 0.0049718999274837 0.02030456852791878 0.02030456852791878
0 0.848747265187224 0.009030341485925252 0.02030456852791878 0.02030456852791878
0 0.8779680444080032 0.008218653174236954 0.02030456852791878 0.02030456852791878
0 0.8958251872651462 0.0049718999274837 0.02030456852791878 0.02030456852791878
0 0.9063771353170943 0.0049718999274837 0.02030456852791878 0.02030456852791878
0 0.9964745379144969 0.01958228953787331 0.02030456852791878 0.02030456852791878
0 0.9924160963560554 0.008218653174236954 0.02030456852791878 0.02030456852791878
0 0.8390070054469644 0.2726261207067046 0.02030456852791878 0.02030456852791878
0 0.8296725898625489 0.2791196272002111 0.02030456852791878 0.02030456852791878
0 0.7773186937586528 0.2876423544729384 0.02030456852791878 0.02030456852791878
0 0.7870589534989124 0.28196053629112017 0.02030456852791878 0.02030456852791878
0 0.6207896759015097 0.2738436531742368 0.02030456852791878 0.02030456852791878
0 0.4718448707067045 0.1427559908365744 0.02030456852791878 0.02030456852791878
0 0.5375916239534578 0.18841345836904203 0.02030456852791878 0.02030456852791878
0 0.5392150005768345 0.17136800382358752 0.02030456852791878 0.02030456852791878
0 0.27351390479761367 0.15351086096644478 0.02030456852791878 0.02030456852791878
0 0.11117624245995122 0.11373813369371749 0.02030456852791878 0.02030456852791878
0 0.14532468738392967 0.2226112727497833 0.02030456852791878 0.02030456852791878
