0 0.007406148391843034 0.7144642400015497 0.01953125 0.030257186081694403
0 0.021203133658553933 0.6671364357756506 0.01953125 0.030257186081694403
0 0.03697111682050923 0.43711312921536666 0.01953125 0.030257186081694403
0 0.009705645936294853 0.44372884378457844 0.01953125 0.030257186081694403
0 0.012333643129954067 0.47273620766496816 0.01953125 0.030257186081694403
0 0.03401461997764262 0.46306708637150484 0.01953125 0.030257186081694403
0 0.05635259612374596 0.43304192024969795 0.01953125 0.030257186081694403
0 0.06817858349521243 0.43711312921536666 0.01953125 0.030257186081694403
0 0.0918305582381454 0.4559424706815846 0.01953125 0.030257186081694403
0 0.09084505929052318 0.4722273065442596 0.01953125 0.030257186081694403
0 0.07376307753173827 0.47782521887205415 0.01953125 0.030257186081694403
0 0.04781160524435351 0.4559424706815846 0.01953125 0.030257186081694403
0 0.05043960243801274 0.504288077148901 0.01953125 0.030257186081694403
0 0.03927061436496105 0.49818126370039784 0.01953125 0.030257186081694403
0 0.015290139972820695 0.5022524726660665 0.01953125 0.030257186081694403
0 0.04222711120782768 0.5373666499949594 0.01953125 0.030257186081694403
0 0.05208210068404974 0.5226085174944103 0.01953125 0.030257186081694403
0 0.06785008384600504 0.5149750006837814 0.01953125 0.030257186081694403
0 0.09708655262546384 0.4900388457690603 0.01953125 0.030257186081694403
0 0.12008152806998199 0.4544157673194589 0.01953125 0.030257186081694403
0 0.11679653157790795 0.4315152168875722 0.01953125 0.030257186081694403
0 0.14931799684944078 0.45492466844016743 0.01953125 0.030257186081694403
0 0.1342070129859003 0.4762985155099283 0.01953125 0.030257186081694403
0 0.17395547053999594 0.4839320323205572 0.01953125 0.030257186081694403
0 0.17001347474950715 0.46866499869929945 0.01953125 0.030257186081694403
0 0.19695044598451408 0.4544157673194589 0.01953125 0.030257186081694403
0 0.19038045300036605 0.4829142300791401 0.01953125 0.030257186081694403
0 0.1962934466860993 0.5149750006837814 0.01953125 0.030257186081694403
0 0.17658346773365516 0.5220996163737016 0.01953125 0.030257186081694403
0 0.16344348176535908 0.5058147805110267 0.01953125 0.030257186081694403
0 0.15982998562407763 0.5220996163737016 0.01953125 0.030257186081694403
0 0.15982998562407763 0.540420056719211 0.01953125 0.030257186081694403
0 0.13552101158272986 0.5368577488742508 0.01953125 0.030257186081694403
0 0.1374920094779743 0.5022524726660665 0.01953125 0.030257186081694403
0 0.12632302140492263 0.5022524726660665 0.01953125 0.030257186081694403
0 0.11088353789217474 0.49614565921756343 0.01953125 0.030257186081694403
0 0.0918305582381454 0.5103948905974041 0.01953125 0.030257186081694403
0 0.10595604315406372 0.5256619242186619 0.01953125 0.030257186081694403
0 0.11252603613821176 0.5363488477535422 0.01953125 0.030257186081694403
0 0.1374920094779743 0.5612850026682633 0.01953125 0.030257186081694403
0 0.12665152105413002 0.5577226948233032 0.01953125 0.030257186081694403
0 0.09084505929052318 0.5490713757712571 0.01953125 0.030257186081694403
0 0.10037154911753786 0.5694274205996008 0.01953125 0.030257186081694403
0 0.11121203754138213 0.5841855531001501 0.01953125 0.030257186081694403
0 0.12895101859858182 0.5867300587036929 0.01953125 0.030257186081694403
0 0.16574297930981086 0.5673918161167664 0.01953125 0.030257186081694403
0 0.1844674593146328 0.5602672004268461 0.01953125 0.030257186081694403
0 0.19235145089561045 0.54805357352984 0.01953125 0.030257186081694403
0 0.20023544247658812 0.5582315959440118 0.01953125 0.030257186081694403
0 0.21797442353378785 0.5623028049096804 0.01953125 0.030257186081694403
0 0.23768440248623196 0.5704452228410181 0.01953125 0.030257186081694403
0 0.2265154144131803 0.5256619242186619 0.01953125 0.030257186081694403
0 0.23571340459098755 0.49512785697614625 0.01953125 0.030257186081694403
0 0.2238874172195211 0.43711312921536666 0.01953125 0.030257186081694403
0 0.25213838705135766 0.46510269085433925 0.01953125 0.030257186081694403
0 0.2777613596895351 0.45950477852654475 0.01953125 0.030257186081694403
0 0.2800608572339868 0.43863983257749245 0.01953125 0.030257186081694403
0 0.3135678214531419 0.4615403830093791 0.01953125 0.030257186081694403
0 0.3037128319769198 0.4905477468897689 0.01953125 0.030257186081694403
0 0.31192532320710487 0.5007257693039407 0.01953125 0.030257186081694403
0 0.3086403267150309 0.5317687376671649 0.01953125 0.030257186081694403
0 0.29582884039594215 0.5139571984423641 0.01953125 0.030257186081694403
0 0.2863023505689275 0.49716346145898055 0.01953125 0.030257186081694403
0 0.301413334432468 0.5546692880990517 0.01953125 0.030257186081694403
0 0.2945148417991126 0.5999614878421164 0.01953125 0.030257186081694403
0 0.2872878495165497 0.5913101687900703 0.01953125 0.030257186081694403
0 0.26527837301965373 0.5984347844799905 0.01953125 0.030257186081694403
0 0.2587083800355057 0.592836872152196 0.01953125 0.030257186081694403
0 0.267906370213313 0.5302420343050392 0.01953125 0.030257186081694403
0 0.2511528881037354 0.529224232063622 0.01953125 0.030257186081694403
0 0.23998390003068376 0.5383844522363767 0.01953125 0.030257186081694403
0 0.08624606420161957 0.6091217080148711 0.01953125 0.030257186081694403
0 0.062922589107894 0.5638295082718062 0.01953125 0.030257186081694403
0 0.06949258209204205 0.5348221443914165 0.01953125 0.030257186081694403
0 0.036642617171301836 0.5740075306859781 0.01953125 0.030257186081694403
0 0.009048646637880044 0.5745164318066868 0.01953125 0.030257186081694403
0 0.027773126642701974 0.6030148945663679 0.01953125 0.030257186081694403
0 0.013976141375991078 0.6152285214633741 0.01953125 0.030257186081694403
0 0.005763650145806023 0.6009792900835336 0.01953125 0.030257186081694403
0 0.058323594018990364 0.6243887416361289 0.01953125 0.030257186081694403
0 0.05930909296661259 0.6467803909473069 0.01953125 0.030257186081694403
0 0.05405309857929414 0.6930903929317889 0.01953125 0.030257186081694403
0 0.0639080880555162 0.7185354489672184 0.01953125 0.030257186081694403
0 0.07869057226984931 0.6981794041388748 0.01953125 0.030257186081694403
0 0.09577255402863423 0.7378736915541451 0.01953125 0.030257186081694403
0 0.12205252596522638 0.7129375366394239 0.01953125 0.030257186081694403
0 0.13059351684461884 0.7190443500879271 0.01953125 0.030257186081694403
0 0.13322151403827806 0.6645919301721076 0.01953125 0.030257186081694403
0 0.13322151403827806 0.6259154449982547 0.01953125 0.030257186081694403
0 0.14898949720023338 0.64932489655085 0.01953125 0.030257186081694403
0 0.14439050211132975 0.6824034693969084 0.01953125 0.030257186081694403
0 0.16212948316852946 0.6635741279306904 0.01953125 0.030257186081694403
0 0.15128899474468518 0.7185354489672184 0.01953125 0.030257186081694403
0 0.1703419743987145 0.7368558893127278 0.01953125 0.030257186081694403
0 0.17329847124158115 0.7129375366394239 0.01953125 0.030257186081694403
0 0.18085396317335137 0.6935992940524974 0.01953125 0.030257186081694403
0 0.2120614298480546 0.7063218220702123 0.01953125 0.030257186081694403
0 0.1920229512464031 0.742962702761231 0.01953125 0.030257186081694403
0 0.23111440950208392 0.729222372502099 0.01953125 0.030257186081694403
0 0.26067937793075013 0.7098841299151725 0.01953125 0.030257186081694403
0 0.240969398978306 0.6610296223271476 0.01953125 0.030257186081694403
0 0.25246688670056505 0.6340578629295921 0.01953125 0.030257186081694403
0 0.22191641932427664 0.6233709393947116 0.01953125 0.030257186081694403
0 0.2925438439038682 0.6523783032751015 0.01953125 0.030257186081694403
0 0.3132393218039345 0.6768055570691139 0.01953125 0.030257186081694403
0 0.30568382987216425 0.6986883052595834 0.01953125 0.030257186081694403
0 0.27480486284666844 0.6991972063802919 0.01953125 0.030257186081694403
0 0.26659237161648336 0.7383825926748536 0.01953125 0.030257186081694403
0 0.012333643129954067 0.6422002808609296 0.01953125 0.030257186081694403
0 0.2682348698625204 0.5806232452551899 0.01953125 0.030257186081694403
0 0.20384893861786954 0.6126840158598311 0.01953125 0.030257186081694403
0 0.18808095545591424 0.5882567620658188 0.01953125 0.030257186081694403
0 0.15982998562407763 0.6081039057734539 0.01953125 0.030257186081694403
0 0.18545295826225502 0.611666213618414 0.01953125 0.030257186081694403
0 0.20713393510994355 0.675278853706988 0.01953125 0.030257186081694403
0 0.10628454280327111 0.6259154449982547 0.01953125 0.030257186081694403
0 0.10529904385564888 0.6564495122407702 0.01953125 0.030257186081694403
0 0.35229461496062153 0.6589940178443131 0.01953125 0.030257186081694403
0 0.33981162829074024 0.6427091819816382 0.01953125 0.030257186081694403
0 0.3342271342542144 0.5668829149960578 0.01953125 0.030257186081694403
0 0.35393711320665855 0.5994525867214078 0.01953125 0.030257186081694403
0 0.33718363109708105 0.5149750006837814 0.01953125 0.030257186081694403
0 0.3467101209240957 0.5332954410292907 0.01953125 0.030257186081694403
0 0.34178262618598465 0.474262911027094 0.01953125 0.030257186081694403
0 0.3325846360081774 0.48342313119984864 0.01953125 0.030257186081694403
0 0.3693765967194065 0.4880032412862259 0.01953125 0.030257186081694403
0 0.4485450121783904 0.5582315959440118 0.01953125 0.030257186081694403
0 0.41602354690685756 0.5373666499949594 0.01953125 0.030257186081694403
0 0.391057573567095 0.5083592861145697 0.01953125 0.030257186081694403
0 0.39762756655124304 0.4798608233548885 0.01953125 0.030257186081694403
0 0.38284508233690995 0.4798608233548885 0.01953125 0.030257186081694403
0 0.488293469732486 0.5093770883559868 0.01953125 0.030257186081694403
0 0.453144007267294 0.5047969782696096 0.01953125 0.030257186081694403
0 0.4810664774499232 0.4676471964578822 0.01953125 0.030257186081694403
0 0.46891199042924936 0.4600136796472533 0.01953125 0.030257186081694403
0 0.4478880128799756 0.45950477852654475 0.01953125 0.030257186081694403
0 0.5066894500881006 0.5831677508587328 0.01953125 0.030257186081694403
0 0.4889504690309009 0.5821499486173156 0.01953125 0.030257186081694403
0 0.4988054585071229 0.6223531371532944 0.01953125 0.030257186081694403
0 0.4873079707848638 0.6427091819816382 0.01953125 0.030257186081694403
0 0.4978199595595007 0.671716545862028 0.01953125 0.030257186081694403
0 0.49124996657535264 0.6935992940524974 0.01953125 0.030257186081694403
0 0.5139164423706634 0.6935992940524974 0.01953125 0.030257186081694403
0 0.5240999314960929 0.6437269842230553 0.01953125 0.030257186081694403
0 0.5398679146580482 0.6661186335342335 0.01953125 0.030257186081694403
0 0.5346119202707298 0.7053040198287951 0.01953125 0.030257186081694403
0 0.5326409223754853 0.6625563256892733 0.01953125 0.030257186081694403
0 0.5812588704581809 0.65288720439581 0.01953125 0.030257186081694403
0 0.5950558557248917 0.6880013817247029 0.01953125 0.030257186081694403
0 0.6134518360805064 0.6518694021543929 0.01953125 0.030257186081694403
0 0.6269203216980098 0.6569584133614789 0.01953125 0.030257186081694403
0 0.6137803357297137 0.5913101687900703 0.01953125 0.030257186081694403
0 0.6371038108234393 0.5750253329273954 0.01953125 0.030257186081694403
0 0.637760810121854 0.5139571984423641 0.01953125 0.030257186081694403
0 0.6279058206456319 0.49512785697614625 0.01953125 0.030257186081694403
0 0.6150943343265433 0.4722273065442596 0.01953125 0.030257186081694403
0 0.6292198192424615 0.45950477852654475 0.01953125 0.030257186081694403
0 0.5953843553740992 0.4508534594744987 0.01953125 0.030257186081694403
0 0.6039253462534916 0.4976723625796892 0.01953125 0.030257186081694403
0 0.5852008662486697 0.4946189558554377 0.01953125 0.030257186081694403
0 0.5730463792279958 0.47375400990638544 0.01953125 0.030257186081694403
0 0.5576068957152479 0.4381309314567839 0.01953125 0.030257186081694403
0 0.5480804058882333 0.4452555471467041 0.01953125 0.030257186081694403
0 0.543809910448537 0.4559424706815846 0.01953125 0.030257186081694403
0 0.5507084030818924 0.4783341199927627 0.01953125 0.030257186081694403
0 0.5244284311453002 0.4498356572330815 0.01953125 0.030257186081694403
0 0.5195009364071893 0.4335508213704065 0.01953125 0.030257186081694403
0 0.502090454999197 0.44729115162953853 0.01953125 0.030257186081694403
0 0.4718684872721159 0.4422021404224526 0.01953125 0.030257186081694403
0 0.6022828480074546 0.5439823645641712 0.01953125 0.030257186081694403
0 0.6269203216980098 0.5327865399085822 0.01953125 0.030257186081694403
0 0.5868433644947068 0.5399111555985024 0.01953125 0.030257186081694403
0 0.5677903848406775 0.4900388457690603 0.01953125 0.030257186081694403
0 0.5628628901025663 0.765354352072409 0.01953125 0.030257186081694403
0 0.4199655426973464 0.45696027292300184 0.01953125 0.030257186081694403
0 0.4193085433989316 0.47935192223417994 0.01953125 0.030257186081694403
0 0.39927006479728006 0.4381309314567839 0.01953125 0.030257186081694403
0 0.3930285714623394 0.5770609374102297 0.01953125 0.030257186081694403
0 0.4051830584830133 0.5704452228410181 0.01953125 0.030257186081694403
0 0.37463259110672487 0.540420056719211 0.01953125 0.030257186081694403
0 0.3611641054892214 0.5312598365464564 0.01953125 0.030257186081694403
0 0.3549226121542807 0.4488178549916644 0.01953125 0.030257186081694403
0 0.3743040914575175 0.46713829533717366 0.01953125 0.030257186081694403
0 0.37101909496544344 0.6381290718952608 0.01953125 0.030257186081694403
0 0.39894156514807266 0.6355845662917179 0.01953125 0.030257186081694403
0 0.3923715721639246 0.6009792900835336 0.01953125 0.030257186081694403
0 0.3798885854940433 0.5668829149960578 0.01953125 0.030257186081694403
0 0.36444910198129543 0.5852033553415672 0.01953125 0.030257186081694403
0 0.37496109075593226 0.6732432492241537 0.01953125 0.030257186081694403
0 0.3907290739178876 0.6864746783625771 0.01953125 0.030257186081694403
0 0.39565656865599863 0.720571053450053 0.01953125 0.030257186081694403
0 0.36740559882416207 0.7302401747435162 0.01953125 0.030257186081694403
0 0.3716760942638583 0.7124286355187154 0.01953125 0.030257186081694403
0 0.3299566388145182 0.7164998444843842 0.01953125 0.030257186081694403
0 0.3309421377621404 0.6824034693969084 0.01953125 0.030257186081694403
0 0.42916353287515363 0.694108195173206 0.01953125 0.030257186081694403
0 0.41208155111636874 0.6732432492241537 0.01953125 0.030257186081694403
0 0.4018980619909393 0.6742610514655709 0.01953125 0.030257186081694403
0 0.44066102059741263 0.7170087456050928 0.01953125 0.030257186081694403
0 0.44558851533552374 0.6625563256892733 0.01953125 0.030257186081694403
0 0.443289017791072 0.6422002808609296 0.01953125 0.030257186081694403
0 0.4419750191942423 0.5841855531001501 0.01953125 0.030257186081694403
0 0.42883503322594624 0.5877478609451101 0.01953125 0.030257186081694403
0 0.4298205321735685 0.5633206071510977 0.01953125 0.030257186081694403
0 0.47449648446577514 0.5689185194788922 0.01953125 0.030257186081694403
0 0.4876364704340712 0.5867300587036929 0.01953125 0.030257186081694403
0 0.4646414949895531 0.6055594001699109 0.01953125 0.030257186081694403
0 0.4974914599102933 0.7282045702606817 0.01953125 0.030257186081694403
0 0.4925639651721822 0.7220977568121787 0.01953125 0.030257186081694403
0 0.42325053918942046 0.5246441219772447 0.01953125 0.030257186081694403
0 0.3286426402176886 0.45950477852654475 0.01953125 0.030257186081694403
0 0.43310552866564245 0.43863983257749245 0.01953125 0.030257186081694403
0 0.4501875104244274 0.43100631576686366 0.01953125 0.030257186081694403
0 0.47318248586894546 0.4335508213704065 0.01953125 0.030257186081694403
0 0.5073464493865154 0.5114126928388212 0.01953125 0.030257186081694403
0 0.5145734416690781 0.49919906594181507 0.01953125 0.030257186081694403
0 0.5099744465801745 0.48749434016551735 0.01953125 0.030257186081694403
0 0.5158874402659078 0.5241352208565361 0.01953125 0.030257186081694403
0 0.46168499814668645 0.6503426987922671 0.01953125 0.030257186081694403
0 0.5809303708089735 0.5587404970647204 0.01953125 0.030257186081694403
0 0.5983408522169658 0.7648454509517004 0.01953125 0.030257186081694403
0 0.5868433644947068 0.7220977568121787 0.01953125 0.030257186081694403
0 0.5812588704581809 0.7042862175873779 0.01953125 0.030257186081694403
0 0.615751333624958 0.7297312736228075 0.01953125 0.030257186081694403
0 0.6246208241535579 0.7042862175873779 0.01953125 0.030257186081694403
0 0.5897998613375733 0.6081039057734539 0.01953125 0.030257186081694403
0 0.5786308732645217 0.6045415979284937 0.01953125 0.030257186081694403
0 0.5631913897517737 0.5597582993061375 0.01953125 0.030257186081694403
0 0.5431529111501222 0.5658651127546407 0.01953125 0.030257186081694403
0 0.543809910448537 0.5877478609451101 0.01953125 0.030257186081694403
0 0.5352689195691446 0.6081039057734539 0.01953125 0.030257186081694403
0 0.5474234065898185 0.6152285214633741 0.01953125 0.030257186081694403
0 0.6055678444995286 0.4544157673194589 0.01953125 0.030257186081694403
0 0.6203503287138618 0.4345686236118237 0.01953125 0.030257186081694403
0 0.4827089756959602 0.5363488477535422 0.01953125 0.030257186081694403
0 0.4639844956911383 0.4986901648211064 0.01953125 0.030257186081694403
0 0.5244284311453002 0.5455090679262969 0.01953125 0.030257186081694403
0 0.5244284311453002 0.5455090679262969 0.01953125 0.030257186081694403
0 0.5444669097469518 0.5165017040459071 0.01953125 0.030257186081694403
0 0.5786308732645217 0.43304192024969795 0.01953125 0.030257186081694403
0 0.41536654760844277 0.6019970923249508 0.01953125 0.030257186081694403
0 0.38974357497026535 0.49360115361402046 0.01953125 0.030257186081694403
0 0.37463259110672487 0.45238016283662447 0.01953125 0.030257186081694403
0 0.5717323806311662 0.534313243270708 0.01953125 0.030257186081694403
0 0.5668048858930551 0.5063236816317354 0.01953125 0.030257186081694403
0 0.30568382987216425 0.11964286861038258 0.01953125 0.030257186081694403
0 0.3115968235578975 0.0967423181784959 0.01953125 0.030257186081694403
0 0.30404133162612723 0.0967423181784959 0.01953125 0.030257186081694403
0 0.29385784250069774 0.07842187783298658 0.01953125 0.030257186081694403
0 0.3138963211023493 0.0529768217975569 0.01953125 0.030257186081694403
0 0.30831182706582344 0.04025429377984209 0.01953125 0.030257186081694403
0 0.29582884039594215 0.026005062400001503 0.01953125 0.030257186081694403
0 0.28203185512923123 0.03720088705559055 0.01953125 0.030257186081694403
0 0.2757903617942906 0.05450352515968268 0.01953125 0.030257186081694403
0 0.26889186916093516 0.03567418369346478 0.01953125 0.030257186081694403
0 0.29188684460545333 0.1120093517997537 0.01953125 0.030257186081694403
0 0.3023988333800902 0.19241572887171132 0.01953125 0.030257186081694403
0 0.28400285302447564 0.18681781654391683 0.01953125 0.030257186081694403
0 0.27447636319746105 0.20055814680304884 0.01953125 0.030257186081694403
0 0.2682348698625204 0.17663979412974495 0.01953125 0.030257186081694403
0 0.2734908642498388 0.1461057268872294 0.01953125 0.030257186081694403
0 0.2554233835434317 0.12880308878313723 0.01953125 0.030257186081694403
0 0.2531238859989799 0.10081352714416462 0.01953125 0.030257186081694403
0 0.22454441651793589 0.14050781455943487 0.01953125 0.030257186081694403
0 0.23144290915129132 0.11404495628258807 0.01953125 0.030257186081694403
0 0.21764592388458046 0.10844704395479353 0.01953125 0.030257186081694403
0 0.2275009133608025 0.09826902154062168 0.01953125 0.030257186081694403
0 0.23998390003068376 0.09928682378203887 0.01953125 0.030257186081694403
0 0.242611897224343 0.09114440585070141 0.01953125 0.030257186081694403
0 0.23275690774812094 0.0835108890400725 0.01953125 0.030257186081694403
0 0.20319193931945473 0.0947067136956615 0.01953125 0.030257186081694403
0 0.21041893160201758 0.10895594507550214 0.01953125 0.030257186081694403
0 0.20549143686390653 0.12982089102455444 0.01953125 0.030257186081694403
0 0.19793594493213634 0.14101671568014348 0.01953125 0.030257186081694403
0 0.19399394914164747 0.12829418766242867 0.01953125 0.030257186081694403
0 0.18315346071780322 0.13694550671447475 0.01953125 0.030257186081694403
0 0.17198447264475153 0.13236539662809738 0.01953125 0.030257186081694403
0 0.16837097650347013 0.11353605516187945 0.01953125 0.030257186081694403
0 0.15917298632566285 0.09368891145424436 0.01953125 0.030257186081694403
0 0.15687348878121105 0.10284913162699898 0.01953125 0.030257186081694403
0 0.1384775084255965 0.1155716596447138 0.01953125 0.030257186081694403
0 0.13125051614303365 0.1176072641275482 0.01953125 0.030257186081694403
0 0.14307650351450013 0.16493506835344734 0.01953125 0.030257186081694403
0 0.14274800386529274 0.1471235291286466 0.01953125 0.030257186081694403
0 0.13683501017955949 0.13032979214526302 0.01953125 0.030257186081694403
0 0.153588492289137 0.12829418766242867 0.01953125 0.030257186081694403
0 0.15851598702724806 0.13389209999022317 0.01953125 0.030257186081694403
0 0.16048698492249247 0.1552659470599841 0.01953125 0.030257186081694403
0 0.15555949018438142 0.17562199188832778 0.01953125 0.030257186081694403
0 0.16278648246694424 0.1807110030954137 0.01953125 0.030257186081694403
0 0.18085396317335137 0.1746041896469106 0.01953125 0.030257186081694403
0 0.1729699715923737 0.1674795739569903 0.01953125 0.030257186081694403
0 0.1907089526495734 0.1623905627499044 0.01953125 0.030257186081694403
0 0.19530794773847707 0.18529111318179106 0.01953125 0.030257186081694403
0 0.1851244586130476 0.19801364119950585 0.01953125 0.030257186081694403
0 0.207462434759151 0.19954034456163164 0.01953125 0.030257186081694403
0 0.21600342563854344 0.20768276249296916 0.01953125 0.030257186081694403
0 0.21666042493695822 0.2229497961142269 0.01953125 0.030257186081694403
0 0.2547663842450169 0.17918429973328795 0.01953125 0.030257186081694403
0 0.2284864123084247 0.1761308930090364 0.01953125 0.030257186081694403
0 0.3053553302229568 0.245341445425405 0.01953125 0.030257186081694403
0 0.29484334144832 0.23719902749406752 0.01953125 0.030257186081694403
0 0.2872878495165497 0.220405290510684 0.01953125 0.030257186081694403
0 0.29582884039594215 0.2102272680965121 0.01953125 0.030257186081694403
0 0.3092973260134457 0.21328067482076365 0.01953125 0.030257186081694403
0 0.2899158467102089 0.1542481448185669 0.01953125 0.030257186081694403
0 0.2846598523228905 0.16595287059486455 0.01953125 0.030257186081694403
0 0.24721089231324664 0.1547570459392755 0.01953125 0.030257186081694403
0 0.26527837301965373 0.2885980406856354 0.01953125 0.030257186081694403
0 0.2886018481133793 0.3114985911175221 0.01953125 0.030257186081694403
0 0.2803893568831943 0.2901247440477612 0.01953125 0.030257186081694403
0 0.28137485583081645 0.27027760034012605 0.01953125 0.030257186081694403
0 0.3109398242594827 0.3018294698240588 0.01953125 0.030257186081694403
0 0.3017418340816754 0.27027760034012605 0.01953125 0.030257186081694403
0 0.3198093147880825 0.26111738016737135 0.01953125 0.030257186081694403
0 0.2554233835434317 0.204120454648009 0.01953125 0.030257186081694403
0 0.2435973961719652 0.1959780367166715 0.01953125 0.030257186081694403
0 0.23275690774812094 0.2020848501651746 0.01953125 0.030257186081694403
0 0.22487291616714328 0.20920946585509495 0.01953125 0.030257186081694403
0 0.24162639827672078 0.23872573085619328 0.01953125 0.030257186081694403
0 0.2537808852973947 0.2550105667188683 0.01953125 0.030257186081694403
0 0.2656068726688611 0.27434880930579475 0.01953125 0.030257186081694403
0 0.23768440248623196 0.2814734249957151 0.01953125 0.030257186081694403
0 0.23702740318781718 0.2992849642205158 0.01953125 0.030257186081694403
0 0.22914341160683951 0.25602836896028547 0.01953125 0.030257186081694403
0 0.209104933005188 0.25399276447745106 0.01953125 0.030257186081694403
0 0.18840945510512164 0.24025243421831907 0.01953125 0.030257186081694403
0 0.19760744528292892 0.24127023645973625 0.01953125 0.030257186081694403
0 0.19727894563372148 0.21582518042430662 0.01953125 0.030257186081694403
0 0.20384893861786954 0.2183696860278496 0.01953125 0.030257186081694403
0 0.1713274733463367 0.22193199387280976 0.01953125 0.030257186081694403
0 0.15227449369230742 0.22600320283847847 0.01953125 0.030257186081694403
0 0.14439050211132975 0.2331278185283988 0.01953125 0.030257186081694403
0 0.14241950421608535 0.21684298266572383 0.01953125 0.030257186081694403
0 0.13322151403827806 0.1969958389580887 0.01953125 0.030257186081694403
0 0.1401200066716335 0.18783561878533403 0.01953125 0.030257186081694403
0 0.12763702000175225 0.1746041896469106 0.01953125 0.030257186081694403
0 0.13157901579224104 0.15323034257714968 0.01953125 0.030257186081694403
0 0.12402352386047079 0.14407012240439504 0.01953125 0.030257186081694403
0 0.12041002771918938 0.16391726611203014 0.01953125 0.030257186081694403
0 0.2120614298480546 0.1471235291286466 0.01953125 0.030257186081694403
0 0.19432244879085483 0.06468154757385454 0.01953125 0.030257186081694403
0 0.19793594493213634 0.04585220610763663 0.01953125 0.030257186081694403
0 0.18840945510512164 0.018880446710081187 0.01953125 0.030257186081694403
0 0.2015494410734177 0.018880446710081187 0.01953125 0.030257186081694403
0 0.22125942002586185 0.02804066688283589 0.01953125 0.030257186081694403
0 0.23341390704653572 0.010229127658035107 0.01953125 0.030257186081694403
0 0.2435973961719652 0.029567370244961658 0.01953125 0.030257186081694403
0 0.2573943814386761 0.011755831020160912 0.01953125 0.030257186081694403
0 0.17526946913682556 0.245341445425405 0.01953125 0.030257186081694403
0 0.16048698492249247 0.2595906768052456 0.01953125 0.030257186081694403
0 0.1532599926399296 0.24686814878753077 0.01953125 0.030257186081694403
0 0.1857814579114624 0.27434880930579475 0.01953125 0.030257186081694403
0 0.18315346071780322 0.29165144740988697 0.01953125 0.030257186081694403
0 0.17592646843524035 0.3018294698240588 0.01953125 0.030257186081694403
0 0.1962934466860993 0.30793628327256195 0.01953125 0.030257186081694403
0 0.19793594493213634 0.2921603485305955 0.01953125 0.030257186081694403
0 0.21961692177982484 0.302847272065476 0.01953125 0.030257186081694403
0 0.21468942704171382 0.31353419560035645 0.01953125 0.030257186081694403
0 0.242611897224343 0.31048078887610486 0.01953125 0.030257186081694403
0 0.2659353723180685 0.305391777669019 0.01953125 0.030257186081694403
0 0.28104635618160906 0.31404309672106506 0.01953125 0.030257186081694403
0 0.30009933583563836 0.28961584292705256 0.01953125 0.030257186081694403
0 0.14044850632084094 0.3018294698240588 0.01953125 0.030257186081694403
0 0.15555949018438142 0.3033561731861846 0.01953125 0.030257186081694403
0 0.1558879898335888 0.2885980406856354 0.01953125 0.030257186081694403
0 0.1397915070224261 0.27078650146083466 0.01953125 0.030257186081694403
0 0.1365065105303521 0.2366901263733589 0.01953125 0.030257186081694403
0 0.12665152105413002 0.24585034654611362 0.01953125 0.030257186081694403
0 0.12172402631601899 0.21582518042430662 0.01953125 0.030257186081694403
0 0.11712503122711534 0.19343353111312853 0.01953125 0.030257186081694403
0 0.12073852736839677 0.1827466075782481 0.01953125 0.030257186081694403
0 0.12698002070333742 0.09216220809211856 0.01953125 0.030257186081694403
0 0.14668999965578156 0.0606103386081858 0.01953125 0.030257186081694403
0 0.1641004810637739 0.02804066688283589 0.01953125 0.030257186081694403
0 0.15194599404310002 0.011755831020160912 0.01953125 0.030257186081694403
0 0.14406200246212236 0.03211187584850462 0.01953125 0.030257186081694403
0 0.13026501719541145 0.02804066688283589 0.01953125 0.030257186081694403
0 0.12468052315888561 0.06264594309102019 0.01953125 0.030257186081694403
0 0.13880600807480392 0.06926165766023189 0.01953125 0.030257186081694403
0 0.18216796177018096 0.10030462602345604 0.01953125 0.030257186081694403
0 0.17592646843524035 0.09012660360928418 0.01953125 0.030257186081694403
0 0.17329847124158115 0.06417264645314597 0.01953125 0.030257186081694403
0 0.18216796177018096 0.06620825093598035 0.01953125 0.030257186081694403
0 0.16048698492249247 0.07129726214306627 0.01953125 0.030257186081694403
0 0.1818394621209736 0.03312967808992181 0.01953125 0.030257186081694403
0 0.1989214438797585 0.03669198593488193 0.01953125 0.030257186081694403
0 0.26035087828154274 0.07994858119511232 0.01953125 0.030257186081694403
0 0.2557518831926391 0.05653912964251707 0.01953125 0.030257186081694403
0 0.24983888950690583 0.07435066886731782 0.01953125 0.030257186081694403
0 0.27611886144349806 0.07587737222944359 0.01953125 0.030257186081694403
0 0.27611886144349806 0.07587737222944359 0.01953125 0.030257186081694403
0 0.2843313526736831 0.07078836102235767 0.01953125 0.030257186081694403
0 0.29747133864197917 0.04941451395259676 0.01953125 0.030257186081694403
0 0.29090134565783116 0.011755831020160912 0.01953125 0.030257186081694403
0 0.27743286004032763 0.012264732140869488 0.01953125 0.030257186081694403
0 0.13552101158272986 0.0819841856779467 0.01953125 0.030257186081694403
0 0.271191366705387 0.23872573085619328 0.01953125 0.030257186081694403
0 0.2573943814386761 0.22956551068343864 0.01953125 0.030257186081694403
0 0.2534523856481873 0.22549430171776988 0.01953125 0.030257186081694403
0 0.3089688263642383 0.22752990620060423 0.01953125 0.030257186081694403
0 0.2968143393435644 0.13745440783518334 0.01953125 0.030257186081694403
0 0.28170335548002384 0.13541880335234893 0.01953125 0.030257186081694403
0 0.27447636319746105 0.1099737473169193 0.01953125 0.030257186081694403
0 0.261336377229165 0.11608056076542242 0.01953125 0.030257186081694403
0 0.3188238158404603 0.08147528455723813 0.01953125 0.030257186081694403
0 0.3171813175944233 0.0672260531773975 0.01953125 0.030257186081694403
0 0.21666042493695822 0.08249308679865527 0.01953125 0.030257186081694403
0 0.21666042493695822 0.06875275653952331 0.01953125 0.030257186081694403
0 0.21009043195281019 0.05653912964251707 0.01953125 0.030257186081694403
0 0.2278294130100099 0.0529768217975569 0.01953125 0.030257186081694403
0 0.23834140178464674 0.048396711711179596 0.01953125 0.030257186081694403
0 0.27611886144349806 0.027022864641418697 0.01953125 0.030257186081694403
0 0.22093092037665446 0.275366611547212 0.01953125 0.030257186081694403
0 0.22520141581635067 0.2885980406856354 0.01953125 0.030257186081694403
0 0.11778203052553018 0.3018294698240588 0.01953125 0.030257186081694403
0 0.1210670270176042 0.2835090294785495 0.01953125 0.030257186081694403
0 0.11745353087632274 0.020916051192915574 0.01953125 0.030257186081694403
0 0.1391345077240113 0.0020867097266976703 0.01953125 0.030257186081694403
0 0.1236950242112634 0.013791435502995263 0.01953125 0.030257186081694403
0 0.10234254701278225 0.009211325416617948 0.01953125 0.030257186081694403
0 0.07934757156826411 0.016335941106538226 0.01953125 0.030257186081694403
0 0.08624606420161957 0.0529768217975569 0.01953125 0.030257186081694403
0 0.08756006279844918 0.0682438554188147 0.01953125 0.030257186081694403
0 0.09905755052070823 0.07078836102235767 0.01953125 0.030257186081694403
0 0.11252603613821176 0.05552132740109988 0.01953125 0.030257186081694403
0 0.11121203754138213 0.03516528257275616 0.01953125 0.030257186081694403
0 0.09708655262546384 0.03058517248637885 0.01953125 0.030257186081694403
0 0.0619370901602718 0.03414748033133897 0.01953125 0.030257186081694403
0 0.05766659472057558 0.011755831020160912 0.01953125 0.030257186081694403
0 0.046169106998316514 0.016335941106538226 0.01953125 0.030257186081694403
0 0.03335762067922781 0.03312967808992181 0.01953125 0.030257186081694403
0 0.040913112610998066 0.04585220610763663 0.01953125 0.030257186081694403
0 0.040913112610998066 0.05908363524606003 0.01953125 0.030257186081694403
0 0.036642617171301836 0.06773495429810611 0.01953125 0.030257186081694403
0 0.029415624888738983 0.07435066886731782 0.01953125 0.030257186081694403
0 0.03500011892526483 0.08859990024715843 0.01953125 0.030257186081694403
0 0.04584060734910909 0.10284913162699898 0.01953125 0.030257186081694403
0 0.04288411050624248 0.1109915495583365 0.01953125 0.030257186081694403
0 0.040913112610998066 0.1313475943866802 0.01953125 0.030257186081694403
0 0.03368612032843521 0.13032979214526302 0.01953125 0.030257186081694403
0 0.024159630501420556 0.12269627533463412 0.01953125 0.030257186081694403
0 0.022517132255383546 0.10641143947195918 0.01953125 0.030257186081694403
0 0.01496164032361329 0.07842187783298658 0.01953125 0.030257186081694403
0 0.004449651548976417 0.05653912964251707 0.01953125 0.030257186081694403
0 0.012990642428368875 0.04992341507330537 0.01953125 0.030257186081694403
0 0.010034145585502257 0.03567418369346478 0.01953125 0.030257186081694403
0 0.009705645936294853 0.015318138865121067 0.01953125 0.030257186081694403
0 0.024159630501420556 0.010229127658035107 0.01953125 0.030257186081694403
0 0.02448813015062795 0.02346055679645854 0.01953125 0.030257186081694403
0 0.031058123134775992 0.01989824895149838 0.01953125 0.030257186081694403
0 0.03729961646971664 0.011755831020160912 0.01953125 0.030257186081694403
0 0.07540557577777528 0.07791297671227797 0.01953125 0.030257186081694403
0 0.07376307753173827 0.05806583300464285 0.01953125 0.030257186081694403
0 0.061280090861857 0.06366374533243738 0.01953125 0.030257186081694403
0 0.053067599631671944 0.07791297671227797 0.01953125 0.030257186081694403
0 0.0481401048935609 0.0819841856779467 0.01953125 0.030257186081694403
0 0.005106650847391214 0.08401979016078108 0.01953125 0.030257186081694403
0 0.00543515049659862 0.10793814283408493 0.01953125 0.030257186081694403
0 0.015947139271235502 0.12676748430030288 0.01953125 0.030257186081694403
0 0.0031356529521468107 0.13389209999022317 0.01953125 0.030257186081694403
0 0.08591756455241216 0.09725121929920448 0.01953125 0.030257186081694403
0 0.06456508735393102 0.09725121929920448 0.01953125 0.030257186081694403
0 0.06686458489838283 0.08605539464361547 0.01953125 0.030257186081694403
0 0.06719308454759022 0.1155716596447138 0.01953125 0.030257186081694403
0 0.06587908595076064 0.12982089102455444 0.01953125 0.030257186081694403
0 0.05602409647453857 0.13236539662809738 0.01953125 0.030257186081694403
0 0.05733809507136817 0.11353605516187945 0.01953125 0.030257186081694403
0 0.09281605718576762 0.13032979214526302 0.01953125 0.030257186081694403
0 0.09084505929052318 0.14407012240439504 0.01953125 0.030257186081694403
0 0.08591756455241216 0.16188166162919576 0.01953125 0.030257186081694403
0 0.07967607121747153 0.17562199188832778 0.01953125 0.030257186081694403
0 0.09084505929052318 0.18325550869895665 0.01953125 0.030257186081694403
0 0.10267104666198969 0.1690062773191161 0.01953125 0.030257186081694403
0 0.09774355192387865 0.20157594904446602 0.01953125 0.030257186081694403
0 0.10595604315406372 0.2051382568894262 0.01953125 0.030257186081694403
0 0.09774355192387865 0.231601115166273 0.01953125 0.030257186081694403
0 0.0895310606936936 0.22549430171776988 0.01953125 0.030257186081694403
0 0.07146357998728647 0.20564715801013478 0.01953125 0.030257186081694403
0 0.058323594018990364 0.21480737818288942 0.01953125 0.030257186081694403
0 0.060623091563442186 0.2331278185283988 0.01953125 0.030257186081694403
0 0.1069415421016859 0.2784200182714635 0.01953125 0.030257186081694403
0 0.09905755052070823 0.3089540855139791 0.01953125 0.030257186081694403
0 0.08657456385082696 0.3099718877553963 0.01953125 0.030257186081694403
0 0.0895310606936936 0.2921603485305955 0.01953125 0.030257186081694403
0 0.07803357297143453 0.2595906768052456 0.01953125 0.030257186081694403
0 0.06489358700313841 0.27078650146083466 0.01953125 0.030257186081694403
0 0.06686458489838283 0.2921603485305955 0.01953125 0.030257186081694403
0 0.06752158419679764 0.3109896899968135 0.01953125 0.030257186081694403
0 0.05405309857929414 0.29063364516846973 0.01953125 0.030257186081694403
0 0.046497606647523906 0.31048078887610486 0.01953125 0.030257186081694403
0 0.029744124537946375 0.29165144740988697 0.01953125 0.030257186081694403
0 0.011676643831539268 0.28554463396138385 0.01953125 0.030257186081694403
0 0.03729961646971664 0.27078650146083466 0.01953125 0.030257186081694403
0 0.014633140674405886 0.2672241936158745 0.01953125 0.030257186081694403
0 0.007406148391843034 0.25755507232241126 0.01953125 0.030257186081694403
0 0.009705645936294853 0.23821682973548472 0.01953125 0.030257186081694403
0 0.0330291210300204 0.21378957594147222 0.01953125 0.030257186081694403
0 0.028101626291909366 0.19954034456163164 0.01953125 0.030257186081694403
0 0.03861361506654624 0.19394243223383714 0.01953125 0.030257186081694403
0 0.03007262418715379 0.17663979412974495 0.01953125 0.030257186081694403
0 0.019232135763309524 0.19038012438887697 0.01953125 0.030257186081694403
0 0.017918137166479907 0.16493506835344734 0.01953125 0.030257186081694403
0 0.10792704104930811 0.11150045067904511 0.01953125 0.030257186081694403
0 0.10759854140010072 0.08859990024715843 0.01953125 0.030257186081694403
0 0.08361806700796034 0.1176072641275482 0.01953125 0.030257186081694403
0 0.024816629799835344 0.0529768217975569 0.01953125 0.030257186081694403
0 0.01956063541251692 0.04025429377984209 0.01953125 0.030257186081694403
0 0.03500011892526483 0.23465452189052458 0.01953125 0.030257186081694403
0 0.05963759261581999 0.2524660611153253 0.01953125 0.030257186081694403
0 0.04912560384118311 0.2550105667188683 0.01953125 0.030257186081694403
0 0.09708655262546384 0.26009957792595423 0.01953125 0.030257186081694403
0 0.004778151198183821 0.302847272065476 0.01953125 0.030257186081694403
0 0.02514512944904276 0.3170965034453166 0.01953125 0.030257186081694403
0 0.15753048807962583 0.04279879938338505 0.01953125 0.030257186081694403
0 0.148660997551026 0.03567418369346478 0.01953125 0.030257186081694403
0 0.16015848527328508 0.2010670479237574 0.01953125 0.030257186081694403
0 0.17099897369712933 0.19241572887171132 0.01953125 0.030257186081694403
0 0.05011110278880531 0.1547570459392755 0.01953125 0.030257186081694403
0 0.06587908595076064 0.15679265042210985 0.01953125 0.030257186081694403
0 0.05963759261581999 0.17918429973328795 0.01953125 0.030257186081694403
0 0.05175360103484233 0.18529111318179106 0.01953125 0.030257186081694403
0 0.23834140178464674 0.06926165766023189 0.01953125 0.030257186081694403
0 0.3106113246102753 0.1486502324907724 0.01953125 0.030257186081694403
0 0.3158673189975937 0.1547570459392755 0.01953125 0.030257186081694403
0 0.3171813175944233 0.1674795739569903 0.01953125 0.030257186081694403
0 0.29582884039594215 0.18172880533683095 0.01953125 0.030257186081694403
0 0.31488182004997145 0.29063364516846973 0.01953125 0.030257186081694403
0 0.16804247685426268 0.28656243620280103 0.01953125 0.030257186081694403
0 0.11548253298107834 0.3328304188286939 0.01953125 0.030257186081694403
0 0.10102854841595268 0.3348660233115283 0.01953125 0.030257186081694403
0 0.09281605718576762 0.3526775625363291 0.01953125 0.030257186081694403
0 0.09741505227467123 0.3811760252960103 0.01953125 0.030257186081694403
0 0.10759854140010072 0.3694712995197126 0.01953125 0.030257186081694403
0 0.1043135449080267 0.38270272865813604 0.01953125 0.030257186081694403
0 0.11712503122711534 0.3949163555551423 0.01953125 0.030257186081694403
0 0.12205252596522638 0.42646822503907494 0.01953125 0.030257186081694403
0 0.15851598702724806 0.4086566858142743 0.01953125 0.030257186081694403
0 0.14767549860340376 0.3480974524499517 0.01953125 0.030257186081694403
0 0.13453551263510768 0.33791943003577984 0.01953125 0.030257186081694403
0 0.12073852736839677 0.3201078908109791 0.01953125 0.030257186081694403
0 0.1526029933415148 0.3257058031387737 0.01953125 0.030257186081694403
0 0.17329847124158115 0.3363927266736541 0.01953125 0.030257186081694403
0 0.18413895966542543 0.3959341577965595 0.01953125 0.030257186081694403
0 0.18216796177018096 0.4234148183148234 0.01953125 0.030257186081694403
0 0.19432244879085483 0.44275306090175004 0.01953125 0.030257186081694403
0 0.1696849751002997 0.4218881149526977 0.01953125 0.030257186081694403
0 0.22815791265921728 0.42646822503907494 0.01953125 0.030257186081694403
0 0.20516293721469914 0.401532070124354 0.01953125 0.030257186081694403
0 0.21764592388458046 0.38168492641671886 0.01953125 0.030257186081694403
0 0.22093092037665446 0.357766573743415 0.01953125 0.030257186081694403
0 0.2094334326543954 0.3419906390014486 0.01953125 0.030257186081694403
0 0.19924994352896594 0.3694712995197126 0.01953125 0.030257186081694403
0 0.2449113947687948 0.3486063535706603 0.01953125 0.030257186081694403
0 0.23965540038147637 0.32519690201806506 0.01953125 0.030257186081694403
0 0.2734908642498388 0.33791943003577984 0.01953125 0.030257186081694403
0 0.26757787056410554 0.3521686614156205 0.01953125 0.030257186081694403
0 0.29352934285149035 0.33791943003577984 0.01953125 0.030257186081694403
0 0.30009933583563836 0.3567487715019978 0.01953125 0.030257186081694403
0 0.29779983829118656 0.37557811296821575 0.01953125 0.030257186081694403
0 0.30009933583563836 0.40051426788293676 0.01953125 0.030257186081694403
0 0.30042783548484575 0.42036141159057194 0.01953125 0.030257186081694403
0 0.3181668165420455 0.34453514460499157 0.01953125 0.030257186081694403
0 0.30798332741661605 0.32926811098373376 0.01953125 0.030257186081694403
0 0.26002237863233535 0.3730336073646728 0.01953125 0.030257186081694403
0 0.26889186916093516 0.3933896521930165 0.01953125 0.030257186081694403
0 0.23965540038147637 0.38982734434805627 0.01953125 0.030257186081694403
0 0.23341390704653572 0.34351734236357434 0.01953125 0.030257186081694403
0 0.12665152105413002 0.3628555849505009 0.01953125 0.030257186081694403
0 0.07146357998728647 0.3913540477101822 0.01953125 0.030257186081694403
0 0.05635259612374596 0.38830064098593053 0.01953125 0.030257186081694403
0 0.04189861155862026 0.37557811296821575 0.01953125 0.030257186081694403
0 0.029744124537946375 0.37557811296821575 0.01953125 0.030257186081694403
0 0.012333643129954067 0.3648911894333353 0.01953125 0.030257186081694403
0 0.015947139271235502 0.38066712417530163 0.01953125 0.030257186081694403
0 0.0172611378680651 0.3979697622793938 0.01953125 0.030257186081694403
0 0.0034641526013542037 0.357766573743415 0.01953125 0.030257186081694403
0 0.009048646637880044 0.3236701986559392 0.01953125 0.030257186081694403
0 0.047154605945938705 0.3307948143458596 0.01953125 0.030257186081694403
0 0.06883558279362724 0.33333931994940247 0.01953125 0.030257186081694403
0 0.09544405437942684 0.40509437796931413 0.01953125 0.030257186081694403
0 0.10727004175089329 0.4417352586603329 0.01953125 0.030257186081694403
0 0.026441045496375395 0.3402094850789686 0.01953125 0.030257186081694403
0 0.033668037778938245 0.3514053097345576 0.01953125 0.030257186081694403
0 0.3418007087354815 0.3473341007688888 0.01953125 0.030257186081694403
0 0.5293559258834113 0.05399462403897411 0.01953125 0.030257186081694403
0 0.5037329532452339 0.0392364915384249 0.01953125 0.030257186081694403
0 0.4827089756959602 0.02447835903787573 0.01953125 0.030257186081694403
0 0.46759799183241973 0.02295165567574996 0.01953125 0.030257186081694403
0 0.4551150051625384 0.01989824895149838 0.01953125 0.030257186081694403
0 0.4472310135815607 0.02447835903787573 0.01953125 0.030257186081694403
0 0.4308060311211907 0.020916051192915574 0.01953125 0.030257186081694403
0 0.41175305146716135 0.01786264446866403 0.01953125 0.030257186081694403
0 0.4206225419957612 0.04025429377984209 0.01953125 0.030257186081694403
0 0.4101105532211243 0.03872759041771632 0.01953125 0.030257186081694403
0 0.42423603813704264 0.06620825093598035 0.01953125 0.030257186081694403
0 0.43639052515771654 0.05704803076322564 0.01953125 0.030257186081694403
0 0.44526001568631635 0.07435066886731782 0.01953125 0.030257186081694403
0 0.45084450972284223 0.053485722918265526 0.01953125 0.030257186081694403
0 0.45675750340857546 0.06519044869456314 0.01953125 0.030257186081694403
0 0.47482498411498253 0.07791297671227797 0.01953125 0.030257186081694403
0 0.4813949770991306 0.050941217314722564 0.01953125 0.030257186081694403
0 0.49519196236584156 0.06264594309102019 0.01953125 0.030257186081694403
0 0.5037329532452339 0.06519044869456314 0.01953125 0.030257186081694403
0 0.5089889476325524 0.0830019879193639 0.01953125 0.030257186081694403
0 0.5191724367579817 0.08401979016078108 0.01953125 0.030257186081694403
0 0.5392109153596334 0.09012660360928418 0.01953125 0.030257186081694403
0 0.5303414248310335 0.10488473610983338 0.01953125 0.030257186081694403
0 0.5122739441246263 0.11608056076542242 0.01953125 0.030257186081694403
0 0.5066894500881006 0.11913396748967399 0.01953125 0.030257186081694403
0 0.4863224718372416 0.11913396748967399 0.01953125 0.030257186081694403
0 0.49157846622456003 0.13694550671447475 0.01953125 0.030257186081694403
0 0.47843848025626395 0.13338319886951458 0.01953125 0.030257186081694403
0 0.47482498411498253 0.11404495628258807 0.01953125 0.030257186081694403
0 0.4593855006022346 0.11404495628258807 0.01953125 0.030257186081694403
0 0.45675750340857546 0.09012660360928418 0.01953125 0.030257186081694403
0 0.44131801989582753 0.10030462602345604 0.01953125 0.030257186081694403
0 0.4308060311211907 0.11404495628258807 0.01953125 0.030257186081694403
0 0.4176660451528946 0.11811616524825681 0.01953125 0.030257186081694403
0 0.40616855743063546 0.12829418766242867 0.01953125 0.030257186081694403
0 0.39565656865599863 0.1155716596447138 0.01953125 0.030257186081694403
0 0.3907290739178876 0.12982089102455444 0.01953125 0.030257186081694403
0 0.3621496044368436 0.09216220809211856 0.01953125 0.030257186081694403
0 0.35656511040031774 0.10793814283408493 0.01953125 0.030257186081694403
0 0.359193107593977 0.12116957197250834 0.01953125 0.030257186081694403
0 0.3772605883003841 0.1155716596447138 0.01953125 0.030257186081694403
0 0.37364709215910263 0.11353605516187945 0.01953125 0.030257186081694403
0 0.3486811188193401 0.14305232016297784 0.01953125 0.030257186081694403
0 0.34243962548439943 0.1461057268872294 0.01953125 0.030257186081694403
0 0.3407971272383624 0.15831935378423564 0.01953125 0.030257186081694403
0 0.33291313565738484 0.17256858516407625 0.01953125 0.030257186081694403
0 0.32897113986689597 0.1827466075782481 0.01953125 0.030257186081694403
0 0.32700014197165156 0.2081916636136777 0.01953125 0.030257186081694403
0 0.37331859250989524 0.20157594904446602 0.01953125 0.030257186081694403
0 0.3887580760226432 0.19343353111312853 0.01953125 0.030257186081694403
0 0.38514457988136175 0.21582518042430662 0.01953125 0.030257186081694403
0 0.39795606620045043 0.2234586972349355 0.01953125 0.030257186081694403
0 0.41076755251953917 0.2407613353390277 0.01953125 0.030257186081694403
0 0.4314630304196055 0.20768276249296916 0.01953125 0.030257186081694403
0 0.4390185223513757 0.19445133335454573 0.01953125 0.030257186081694403
0 0.5973553532693435 0.1593371560256528 0.01953125 0.030257186081694403
0 0.5976838529185509 0.13847221007660052 0.01953125 0.030257186081694403
0 0.5966983539709287 0.13338319886951458 0.01953125 0.030257186081694403
0 0.5829013687042178 0.13032979214526302 0.01953125 0.030257186081694403
0 0.5720608802803736 0.11709836300683962 0.01953125 0.030257186081694403
0 0.5796163722121438 0.10641143947195918 0.01953125 0.030257186081694403
0 0.5638483890501885 0.09725121929920448 0.01953125 0.030257186081694403
0 0.5714038809819587 0.07791297671227797 0.01953125 0.030257186081694403
0 0.5549788985215888 0.0748595699880264 0.01953125 0.030257186081694403
0 0.543809910448537 0.04127209602125929 0.01953125 0.030257186081694403
0 0.5530079006263443 0.0336385792106304 0.01953125 0.030257186081694403
0 0.5313269237786556 0.02651396352071008 0.01953125 0.030257186081694403
0 0.5395394150088408 0.02804066688283589 0.01953125 0.030257186081694403
0 0.5204864353548114 0.03312967808992181 0.01953125 0.030257186081694403
0 0.518515437459567 0.010738028778743717 0.01953125 0.030257186081694403
0 0.5231144325484707 0.1613727605084872 0.01953125 0.030257186081694403
0 0.5145734416690781 0.17918429973328795 0.01953125 0.030257186081694403
0 0.49486346271663406 0.17918429973328795 0.01953125 0.030257186081694403
0 0.4919069658737674 0.16035495826707 0.01953125 0.030257186081694403
0 0.47285398621973806 0.15068583697360674 0.01953125 0.030257186081694403
0 0.4810664774499232 0.1888534210267512 0.01953125 0.030257186081694403
0 0.46234199744510135 0.18020210197470513 0.01953125 0.030257186081694403
0 0.44920201147680516 0.16849737619840752 0.01953125 0.030257186081694403
0 0.4301490318227759 0.17663979412974495 0.01953125 0.030257186081694403
0 0.4176660451528946 0.17918429973328795 0.01953125 0.030257186081694403
0 0.4518300086704644 0.21989638938997536 0.01953125 0.030257186081694403
0 0.45347250691650137 0.23974353309761048 0.01953125 0.030257186081694403
0 0.4702259890260789 0.2300744118041472 0.01953125 0.030257186081694403
0 0.49486346271663406 0.2193874882692668 0.01953125 0.030257186081694403
0 0.4928924648213896 0.23414562076981596 0.01953125 0.030257186081694403
0 0.4846799735912046 0.2504304566324909 0.01953125 0.030257186081694403
0 0.5030759539468191 0.2656974902537487 0.01953125 0.030257186081694403
0 0.5175299385119448 0.28503573284067524 0.01953125 0.030257186081694403
0 0.5073464493865154 0.27994672163358936 0.01953125 0.030257186081694403
0 0.5263994290405447 0.27485771042650337 0.01953125 0.030257186081694403
0 0.5447954093961592 0.2870713373235096 0.01953125 0.030257186081694403
0 0.5569498964168331 0.26467968801233155 0.01953125 0.030257186081694403
0 0.5720608802803736 0.2921603485305955 0.01953125 0.030257186081694403
0 0.5852008662486697 0.27791111715075495 0.01953125 0.030257186081694403
0 0.5953843553740992 0.24585034654611362 0.01953125 0.030257186081694403
0 0.5832298683534253 0.24890375327036512 0.01953125 0.030257186081694403
0 0.582244369405803 0.21175397145863786 0.01953125 0.030257186081694403
0 0.602611347656662 0.22905660956273002 0.01953125 0.030257186081694403
0 0.6371038108234393 0.22803880732131288 0.01953125 0.030257186081694403
0 0.6357898122266096 0.19801364119950585 0.01953125 0.030257186081694403
0 0.6210073280122765 0.1888534210267512 0.01953125 0.030257186081694403
0 0.6275773209964246 0.18172880533683095 0.01953125 0.030257186081694403
0 0.621335827661484 0.15679265042210985 0.01953125 0.030257186081694403
0 0.63447581362978 0.15882825490494423 0.01953125 0.030257186081694403
0 0.6256063231011801 0.13541880335234893 0.01953125 0.030257186081694403
0 0.6403888073155133 0.11811616524825681 0.01953125 0.030257186081694403
0 0.6397318080170985 0.09368891145424436 0.01953125 0.030257186081694403
0 0.6384178094202688 0.0748595699880264 0.01953125 0.030257186081694403
0 0.6229783259075209 0.05450352515968268 0.01953125 0.030257186081694403
0 0.6141088353789211 0.05908363524606003 0.01953125 0.030257186081694403
0 0.6183793308186173 0.08045748231582092 0.01953125 0.030257186081694403
0 0.5937418571280622 0.07282396550519205 0.01953125 0.030257186081694403
0 0.5957128550233065 0.09063550472999278 0.01953125 0.030257186081694403
0 0.5668048858930551 0.0606103386081858 0.01953125 0.030257186081694403
0 0.5720608802803736 0.02804066688283589 0.01953125 0.030257186081694403
0 0.5615488915057367 0.02142495231362415 0.01953125 0.030257186081694403
0 0.37890308654642113 0.17104188180195046 0.01953125 0.030257186081694403
0 0.395985068305206 0.1674795739569903 0.01953125 0.030257186081694403
0 0.39762756655124304 0.14966803473218956 0.01953125 0.030257186081694403
0 0.40682555672905024 0.14407012240439504 0.01953125 0.030257186081694403
0 0.41569504725765016 0.14407012240439504 0.01953125 0.030257186081694403
0 0.42325053918942046 0.13898111119730908 0.01953125 0.030257186081694403
0 0.3598501068923918 0.0529768217975569 0.01953125 0.030257186081694403
0 0.36609160022733245 0.07078836102235767 0.01953125 0.030257186081694403
0 0.37233309356227307 0.04788781059047098 0.01953125 0.030257186081694403
0 0.360835605840014 0.020916051192915574 0.01953125 0.030257186081694403
0 0.34933811811775495 0.01735374334795542 0.01953125 0.030257186081694403
0 0.3319276367097626 0.02295165567574996 0.01953125 0.030257186081694403
0 0.3407971272383624 0.04941451395259676 0.01953125 0.030257186081694403
0 0.35196611531141414 0.04585220610763663 0.01953125 0.030257186081694403
0 0.3506521167145845 0.05145011843543113 0.01953125 0.030257186081694403
0 0.3384976296939107 0.06569934981527173 0.01953125 0.030257186081694403
0 0.34243962548439943 0.07994858119511232 0.01953125 0.030257186081694403
0 0.3299566388145182 0.08859990024715843 0.01953125 0.030257186081694403
0 0.3247006444271997 0.10793814283408493 0.01953125 0.030257186081694403
0 0.3342271342542144 0.11913396748967399 0.01953125 0.030257186081694403
0 0.3299566388145182 0.13541880335234893 0.01953125 0.030257186081694403
0 0.38711557777660616 0.09928682378203887 0.01953125 0.030257186081694403
0 0.3920430725147172 0.0819841856779467 0.01953125 0.030257186081694403
0 0.38251658268770256 0.07282396550519205 0.01953125 0.030257186081694403
0 0.4048545588338059 0.060101437487477226 0.01953125 0.030257186081694403
0 0.41043905287033167 0.07231506438448342 0.01953125 0.030257186081694403
0 0.4094535539227095 0.08554649352290686 0.01953125 0.030257186081694403
0 0.42784953427832406 0.07587737222944359 0.01953125 0.030257186081694403
0 0.4216080409433834 0.008702424295909334 0.01953125 0.030257186081694403
0 0.49519196236584156 0.0830019879193639 0.01953125 0.030257186081694403
0 0.552022401678722 0.23719902749406752 0.01953125 0.030257186081694403
0 0.5365829181659741 0.23516342301123316 0.01953125 0.030257186081694403
0 0.540524913956463 0.22193199387280976 0.01953125 0.030257186081694403
0 0.5323124227262779 0.20055814680304884 0.01953125 0.030257186081694403
0 0.5421674122025 0.1837644098196653 0.01953125 0.030257186081694403
0 0.5444669097469518 0.17562199188832778 0.01953125 0.030257186081694403
0 0.5362544185167668 0.14763243024935518 0.01953125 0.030257186081694403
0 0.525085430443715 0.13338319886951458 0.01953125 0.030257186081694403
0 0.5424959118517074 0.13338319886951458 0.01953125 0.030257186081694403
0 0.5740318781756181 0.14254341904226925 0.01953125 0.030257186081694403
0 0.5671333855422627 0.13490990223164034 0.01953125 0.030257186081694403
0 0.5684473841390922 0.1959780367166715 0.01953125 0.030257186081694403
0 0.5792878725629365 0.19241572887171132 0.01953125 0.030257186081694403
0 0.6039253462534916 0.18987122326816835 0.01953125 0.030257186081694403
0 0.6252778234519727 0.22193199387280976 0.01953125 0.030257186081694403
0 0.6164083329233728 0.2229497961142269 0.01953125 0.030257186081694403
0 0.6062248437979435 0.2824912272371323 0.01953125 0.030257186081694403
0 0.6006403497614177 0.2936870518927214 0.01953125 0.030257186081694403
0 0.6226498262583136 0.29266924965130414 0.01953125 0.030257186081694403
0 0.6170653322217876 0.3125163933589392 0.01953125 0.030257186081694403
0 0.5553073981707961 0.30488287654831037 0.01953125 0.030257186081694403
0 0.5615488915057367 0.2931781507720127 0.01953125 0.030257186081694403
0 0.5263994290405447 0.302847272065476 0.01953125 0.030257186081694403
0 0.5240999314960929 0.31048078887610486 0.01953125 0.030257186081694403
0 0.5053754514912709 0.3099718877553963 0.01953125 0.030257186081694403
0 0.4938779637690119 0.3109896899968135 0.01953125 0.030257186081694403
0 0.4863224718372416 0.2814734249957151 0.01953125 0.030257186081694403
0 0.46989748937687154 0.3099718877553963 0.01953125 0.030257186081694403
0 0.4544580058641236 0.3033561731861846 0.01953125 0.030257186081694403
0 0.4712114879737011 0.27078650146083466 0.01953125 0.030257186081694403
0 0.43671902480692393 0.27180430370225184 0.01953125 0.030257186081694403
0 0.4311345307703981 0.29419595301342993 0.01953125 0.030257186081694403
0 0.4094535539227095 0.2931781507720127 0.01953125 0.030257186081694403
0 0.394342570059169 0.3008116675826416 0.01953125 0.030257186081694403
0 0.3864585784781914 0.2860535350820924 0.01953125 0.030257186081694403
0 0.3904005742686802 0.2738399081850862 0.01953125 0.030257186081694403
0 0.36609160022733245 0.2921603485305955 0.01953125 0.030257186081694403
0 0.34145412653677726 0.302847272065476 0.01953125 0.030257186081694403
0 0.330613638112933 0.2835090294785495 0.01953125 0.030257186081694403
0 0.330613638112933 0.3114985911175221 0.01953125 0.030257186081694403
0 0.34966661776696234 0.17816649749187075 0.01953125 0.030257186081694403
0 0.36017860654159917 0.1552659470599841 0.01953125 0.030257186081694403
0 0.3716760942638583 0.14966803473218956 0.01953125 0.030257186081694403
0 0.38054558479245815 0.13389209999022317 0.01953125 0.030257186081694403
0 0.6183793308186173 0.1176072641275482 0.01953125 0.030257186081694403
0 0.6114808381852619 0.10132242826487325 0.01953125 0.030257186081694403
0 0.6272488213472172 0.04025429377984209 0.01953125 0.030257186081694403
0 0.6210073280122765 0.015318138865121067 0.01953125 0.030257186081694403
0 0.5838868676518401 0.0031045119681148282 0.01953125 0.030257186081694403
0 0.5638483890501885 0.0031045119681148282 0.01953125 0.030257186081694403
0 0.3549226121542807 0.2300744118041472 0.01953125 0.030257186081694403
0 0.33554113285104403 0.2326189174076902 0.01953125 0.030257186081694403
0 0.3309421377621404 0.245341445425405 0.01953125 0.030257186081694403
0 0.49946245780553766 0.33384822107011114 0.01953125 0.030257186081694403
0 0.5116169448262116 0.3618377827090838 0.01953125 0.030257186081694403
0 0.46234199744510135 0.3445351446049917 0.01953125 0.030257186081694403
0 0.47810998060705656 0.346570749087826 0.01953125 0.030257186081694403
0 0.47942397920388613 0.36540009055404393 0.01953125 0.030257186081694403
0 0.4685834907800419 0.3633644860712095 0.01953125 0.030257186081694403
0 0.4603709995498568 0.39440745443443365 0.01953125 0.030257186081694403
0 0.44460301638790156 0.37252470624396417 0.01953125 0.030257186081694403
0 0.4383615230529609 0.3643822883126267 0.01953125 0.030257186081694403
0 0.4252215370846648 0.3394461333979057 0.01953125 0.030257186081694403
0 0.4373760241053387 0.32926811098373376 0.01953125 0.030257186081694403
0 0.40748255602746514 0.32926811098373376 0.01953125 0.030257186081694403
0 0.41142455181795395 0.31501887960389324 0.01953125 0.030257186081694403
0 0.4202940423465538 0.30738536279326434 0.01953125 0.030257186081694403
0 0.3887580760226432 0.32519690201806506 0.01953125 0.030257186081694403
0 0.391057573567095 0.3430084412428658 0.01953125 0.030257186081694403
0 0.39861306549886527 0.3689623983990041 0.01953125 0.030257186081694403
0 0.36412060233208804 0.33435712219081976 0.01953125 0.030257186081694403
0 0.3647776016305028 0.3175633852074361 0.01953125 0.030257186081694403
0 0.3595216072431844 0.3821938275374275 0.01953125 0.030257186081694403
0 0.35328011390824376 0.38473833314097045 0.01953125 0.030257186081694403
0 0.3309421377621404 0.37150690400254704 0.01953125 0.030257186081694403
0 0.33652663179866626 0.3893184432273478 0.01953125 0.030257186081694403
0 0.34211112583519204 0.41069229029710874 0.01953125 0.030257186081694403
0 0.4101105532211243 0.423923719435532 0.01953125 0.030257186081694403
0 0.42719253497990917 0.3979697622793938 0.01953125 0.030257186081694403
0 0.41635204655606495 0.39644305891726805 0.01953125 0.030257186081694403
0 0.42292203954021296 0.3821938275374275 0.01953125 0.030257186081694403
0 0.4807379778007158 0.4173080048663204 0.01953125 0.030257186081694403
0 0.5011049560515747 0.41171009253852586 0.01953125 0.030257186081694403
0 0.5175299385119448 0.3821938275374275 0.01953125 0.030257186081694403
0 0.5293559258834113 0.3918629488308908 0.01953125 0.030257186081694403
0 0.5362544185167668 0.40611218021073137 0.01953125 0.030257186081694403
0 0.5484089055374407 0.3832116297788446 0.01953125 0.030257186081694403
0 0.5316554234278631 0.35980217822624944 0.01953125 0.030257186081694403
0 0.5687758837882996 0.3811760252960103 0.01953125 0.030257186081694403
0 0.5628628901025663 0.4086566858142743 0.01953125 0.030257186081694403
0 0.5763313757200698 0.3857561353823877 0.01953125 0.030257186081694403
0 0.5871718641439141 0.35980217822624944 0.01953125 0.030257186081694403
0 0.5694328830867144 0.3430084412428658 0.01953125 0.030257186081694403
0 0.5832298683534253 0.3221434952938135 0.01953125 0.030257186081694403
0 0.5891428620391586 0.3455529468464088 0.01953125 0.030257186081694403
0 0.560234892908907 0.3430084412428658 0.01953125 0.030257186081694403
0 0.5500514037834776 0.346570749087826 0.01953125 0.030257186081694403
0 0.5323124227262779 0.3185811874488534 0.01953125 0.030257186081694403
0 0.6052393448503213 0.3501330569327861 0.01953125 0.030257186081694403
0 0.6127948367820916 0.3750692118475072 0.01953125 0.030257186081694403
0 0.6052393448503213 0.3750692118475072 0.01953125 0.030257186081694403
0 0.6334903146821579 0.3333393199494026 0.01953125 0.030257186081694403
0 0.636118311875817 0.3572576726227064 0.01953125 0.030257186081694403
0 0.642688304859965 0.38372053089955327 0.01953125 0.030257186081694403
0 0.626263322399595 0.39746086115868523 0.01953125 0.030257186081694403
0 0.6200218290646543 0.40102316900364543 0.01953125 0.030257186081694403
0 0.63447581362978 0.41069229029710874 0.01953125 0.030257186081694403
0 0.5897998613375733 0.41629020262490324 0.01953125 0.030257186081694403
0 0.42883503322594624 0.24886173391177618 0.01953125 0.030257186081694403
0 0.4258785363830796 0.20509623753083714 0.01953125 0.030257186081694403
0 0.5947454386251813 0.337156078354717 0.01953125 0.030257186081694403
0 0.5244465136947971 0.34122728732038576 0.01953125 0.030257186081694403
0 0.6321943986348251 0.26896332817976554 0.01953125 0.030257186081694403
0 0.6216824098601882 0.25573189904134214 0.01953125 0.030257186081694403
0 0.20908685045569098 0.6404611462970383 0.01953125 0.030257186081694403
0 0.3214337304846226 0.4155268509438403 0.01953125 0.030257186081694403
0 0.2544198020463125 0.41959805990950905 0.01953125 0.030257186081694403
0 0.5678084673901742 0.2241800295574094 0.01953125 0.030257186081694403
0 0.03563903567418265 0.40840223525392 0.01953125 0.030257186081694403
0 0.4633455789422203 0.26183871248984525 0.01953125 0.030257186081694403
0 0.0073880658423460515 0.2190910183503235 0.01953125 0.030257186081694403
0 0.5145915242185751 0.2302868430059125 0.01953125 0.030257186081694403
0 0.5231325150979675 0.2190910183503235 0.01953125 0.030257186081694403
0 0.20580185396361697 0.42570487335801216 0.01953125 0.030257186081694403
0 0.44525218371372216 0.13697233369059267 0.01953125 0.030257186081694403
0 0.07262481108634945 0.7622109377491666 0.01953125 0.030257186081694403
0 0.10159584005737841 0.8256633703392695 0.01953125 0.030257186081694403
0 0.1485488870104254 0.8024490657331342 0.01953125 0.030257186081694403
0 0.16353390199544032 0.7730442798986964 0.01953125 0.030257186081694403
0 0.18950792796946633 0.80399668604021 0.01953125 0.030257186081694403
0 0.20848894695048534 0.8395919531029506 0.01953125 0.030257186081694403
0 0.23246497092650933 0.7900681032765289 0.01953125 0.030257186081694403
0 0.22447296293450134 0.7730442798986964 0.01953125 0.030257186081694403
0 0.2834140218755602 0.7807823814340747 0.01953125 0.030257186081694403
0 0.07761981608135445 0.8194728891109668 0.01953125 0.030257186081694403
0 0.06463280309434145 0.7854252423553019 0.01953125 0.030257186081694403
0 0.005691744153282487 0.7714966595916207 0.01953125 0.030257186081694403
0 0.02567176413330249 0.8504252952524803 0.01953125 0.030257186081694403
0 0.036660775122313444 0.9494729949053237 0.01953125 0.030257186081694403
0 0.037659776121314444 0.9649491979760806 0.01953125 0.030257186081694403
0 0.05763979610133445 0.9603063370548535 0.01953125 0.030257186081694403
0 0.07062680908834745 0.9649491979760806 0.01953125 0.030257186081694403
0 0.0876098260713644 0.9726872995114588 0.01953125 0.030257186081694403
0 0.12357386203540041 0.9603063370548535 0.01953125 0.030257186081694403
0 0.1315658700274084 0.9309015512204156 0.01953125 0.030257186081694403
0 0.1265708650324034 0.8953062841576749 0.01953125 0.030257186081694403
0 0.1085888470503854 0.8659014983232369 0.01953125 0.030257186081694403
0 0.16153589999743834 0.9603063370548535 0.01953125 0.030257186081694403
0 0.16453290299444132 0.9494729949053237 0.01953125 0.030257186081694403
0 0.1965009349624733 0.981973021353913 0.01953125 0.030257186081694403
0 0.22846896693050534 0.9556634761336265 0.01953125 0.030257186081694403
0 0.24345398191552034 0.9014967653859777 0.01953125 0.030257186081694403
0 0.2644330028945412 0.8194728891109668 0.01953125 0.030257186081694403
0 0.27742001588155424 0.8736395998586154 0.01953125 0.030257186081694403
0 0.28141601987755827 0.9278063106062642 0.01953125 0.030257186081694403
0 0.25344399190553035 0.9757825401256103 0.01953125 0.030257186081694403
0 0.31638105484259327 0.9417348933699453 0.01953125 0.030257186081694403
0 0.34435308281462124 0.8953062841576749 0.01953125 0.030257186081694403
0 0.36333410179564024 0.9169729684567345 0.01953125 0.030257186081694403
0 0.3293680678296062 0.8256633703392695 0.01953125 0.030257186081694403
0 0.29040702886856723 0.8287586109534208 0.01953125 0.030257186081694403
0 0.30439304285458124 0.7467347346784098 0.01953125 0.030257186081694403
0 0.30439304285458124 0.7467347346784098 0.01953125 0.030257186081694403
0 0.31738005584159423 0.7637585580562423 0.01953125 0.030257186081694403
0 0.3263710648326033 0.7854252423553019 0.01953125 0.030257186081694403
0 0.3383590768206153 0.7916157235836045 0.01953125 0.030257186081694403
0 0.3603370987986373 0.8148300281897397 0.01953125 0.030257186081694403
0 0.37831911678065516 0.7869728626623774 0.01953125 0.030257186081694403
0 0.3793181177796562 0.7436394940642584 0.01953125 0.030257186081694403
0 0.42627116473270316 0.7931633438906801 0.01953125 0.030257186081694403
0 0.4362611747227132 0.7823300017411504 0.01953125 0.030257186081694403
0 0.4492481877097262 0.7436394940642584 0.01953125 0.030257186081694403
0 0.4842132226747611 0.7622109377491666 0.01953125 0.030257186081694403
0 0.3933041317656702 0.8303062312604965 0.01953125 0.030257186081694403
0 0.4392581777197162 0.8442348140241777 0.01953125 0.030257186081694403
0 0.46423320269474116 0.8550681561737072 0.01953125 0.030257186081694403
0 0.4712262096877481 0.8689967389373884 0.01953125 0.030257186081694403
0 0.46723020569174417 0.9200682090708857 0.01953125 0.030257186081694403
0 0.5431542816158202 0.7792347611269992 0.01953125 0.030257186081694403
0 0.5131842516457901 0.808639546961437 0.01953125 0.030257186081694403
0 0.5081892466507852 0.8287586109534208 0.01953125 0.030257186081694403
0 0.5371602756218141 0.8504252952524803 0.01953125 0.030257186081694403
0 0.549148287609826 0.8720919795515397 0.01953125 0.030257186081694403
0 0.5381592766208151 0.8875681826222965 0.01953125 0.030257186081694403
0 0.565132303593842 0.8303062312604965 0.01953125 0.030257186081694403
0 0.5861113245728631 0.7962585845048316 0.01953125 0.030257186081694403
0 0.597100335561874 0.8287586109534208 0.01953125 0.030257186081694403
0 0.630067368528907 0.8736395998586154 0.01953125 0.030257186081694403
0 0.6210763595378981 0.808639546961437 0.01953125 0.030257186081694403
0 0.615082353543892 0.765306178363318 0.01953125 0.030257186081694403
0 0.64305438151592 0.7761395205128477 0.01953125 0.030257186081694403
0 0.667030405491944 0.7188775691510476 0.01953125 0.030257186081694403
0 0.64305438151592 0.7034013660802908 0.01953125 0.030257186081694403
0 0.6590383974999361 0.6817346817812313 0.01953125 0.030257186081694403
0 0.660037398498937 0.6631632380963232 0.01953125 0.030257186081694403
0 0.6370603755219141 0.6198298694982043 0.01953125 0.030257186081694403
0 0.641056379517918 0.6136393882699016 0.01953125 0.030257186081694403
0 0.6700274084889469 0.6275679710335826 0.01953125 0.030257186081694403
0 0.682015420476959 0.6198298694982043 0.01953125 0.030257186081694403
0 0.671026409487948 0.5811393618213122 0.01953125 0.030257186081694403
0 0.6740234124849509 0.5672107790576312 0.01953125 0.030257186081694403
0 0.6540433925049309 0.5532821962939501 0.01953125 0.030257186081694403
0 0.68301442147596 0.5269726510736636 0.01953125 0.030257186081694403
0 0.684013422474961 0.49911548554630136 0.01953125 0.030257186081694403
0 0.67302441148595 0.4743535606330905 0.01953125 0.030257186081694403
0 0.6470503855119242 0.46197259817648506 0.01953125 0.030257186081694403
0 0.6480493865109249 0.40780588742883633 0.01953125 0.030257186081694403
0 0.666031404492943 0.40161540620053365 0.01953125 0.030257186081694403
0 0.4092881477496862 0.977330160432686 0.01953125 0.030257186081694403
0 0.4172801557416942 0.9494729949053237 0.01953125 0.030257186081694403
0 0.42926816772970616 0.9680444385902318 0.01953125 0.030257186081694403
0 0.4422551807167192 0.981973021353913 0.01953125 0.030257186081694403
0 0.4732242116857501 0.9649491979760806 0.01953125 0.030257186081694403
0 0.530167268628807 0.9278063106062642 0.01953125 0.030257186081694403
0 0.5181792566407951 0.977330160432686 0.01953125 0.030257186081694403
0 0.3253720638336023 0.9835206416609886 0.01953125 0.030257186081694403
0 0.34435308281462124 0.9664968182831561 0.01953125 0.030257186081694403
0 0.3733241117856502 0.9634015776690048 0.01953125 0.030257186081694403
0 0.3073900458515843 0.981973021353913 0.01953125 0.030257186081694403
0 0.5451522836138221 0.98661588227514 0.01953125 0.030257186081694403
0 0.5531442916058301 0.9634015776690048 0.01953125 0.030257186081694403
0 0.6260713645329029 0.947925374598248 0.01953125 0.030257186081694403
0 0.579118317579856 0.9850682619680644 0.01953125 0.030257186081694403
0 0.629068367529906 0.9850682619680644 0.01953125 0.030257186081694403
0 0.6630344014959402 0.9448301339840965 0.01953125 0.030257186081694403
0 0.6920054304669689 0.9757825401256103 0.01953125 0.030257186081694403
0 0.677020415481954 0.8798300810869181 0.01953125 0.030257186081694403
0 0.6910064294679681 0.8659014983232369 0.01953125 0.030257186081694403
0 0.6630344014959402 0.8395919531029506 0.01953125 0.030257186081694403
0 0.6420553805169189 0.8504252952524803 0.01953125 0.030257186081694403
0 0.67302441148595 0.7978062048119072 0.01953125 0.030257186081694403
0 0.689008427469966 0.7544728362137882 0.01953125 0.030257186081694403
0 0.708988447449986 0.7684014189774694 0.01953125 0.030257186081694403
0 0.7009964394579782 0.7962585845048316 0.01953125 0.030257186081694403
0 0.729967468429007 0.769949039284545 0.01953125 0.030257186081694403
0 0.6999974384589769 0.7359013925288801 0.01953125 0.030257186081694403
0 0.6960014344629729 0.7157823285368962 0.01953125 0.030257186081694403
0 0.720976459437998 0.6569727568680204 0.01953125 0.030257186081694403
0 0.7479494864110251 0.6832823020883071 0.01953125 0.030257186081694403
0 0.7099874484489871 0.8395919531029506 0.01953125 0.030257186081694403
0 0.721975460436999 0.8256633703392695 0.01953125 0.030257186081694403
0 0.7559414944030329 0.8395919531029506 0.01953125 0.030257186081694403
0 0.7669305053920439 0.8473300546383289 0.01953125 0.030257186081694403
0 0.779917518379057 0.8117347875755884 0.01953125 0.030257186081694403
0 0.8128845513460898 0.8117347875755884 0.01953125 0.030257186081694403
0 0.8108865493480879 0.7684014189774694 0.01953125 0.030257186081694403
0 0.789907528369067 0.7529252159067125 0.01953125 0.030257186081694403
0 0.7819155203770589 0.7761395205128477 0.01953125 0.030257186081694403
0 0.720976459437998 0.8782824607798424 0.01953125 0.030257186081694403
0 0.729967468429007 0.8720919795515397 0.01953125 0.030257186081694403
0 0.7499474884090269 0.8953062841576749 0.01953125 0.030257186081694403
0 0.7649325033940418 0.9123301075355074 0.01953125 0.030257186081694403
0 0.7719255103870489 0.8798300810869181 0.01953125 0.030257186081694403
0 0.8028945413560798 0.8844729420081451 0.01953125 0.030257186081694403
0 0.7978995363610749 0.9494729949053237 0.01953125 0.030257186081694403
0 0.8288685673301058 0.9216158293779615 0.01953125 0.030257186081694403
0 0.8478495863111248 0.9339967918345669 0.01953125 0.030257186081694403
0 0.8958016342631728 0.977330160432686 0.01953125 0.030257186081694403
0 0.8738236122851508 0.981973021353913 0.01953125 0.030257186081694403
0 0.8997976382591768 0.9231634496850372 0.01953125 0.030257186081694403
0 0.8788186172801559 0.9045920060001289 0.01953125 0.030257186081694403
0 0.8628346012961399 0.8891158029293722 0.01953125 0.030257186081694403
0 0.8468505853121239 0.8504252952524803 0.01953125 0.030257186081694403
0 0.8548425933041319 0.8256633703392695 0.01953125 0.030257186081694403
0 0.8878096262711648 0.8612586374020099 0.01953125 0.030257186081694403
0 0.9077896462511847 0.8581633967878586 0.01953125 0.030257186081694403
0 0.9037936422551808 0.8395919531029506 0.01953125 0.030257186081694403
0 0.9567406952022337 0.8612586374020099 0.01953125 0.030257186081694403
0 0.9557416942032328 0.8148300281897397 0.01953125 0.030257186081694403
0 0.9927047311662697 0.8194728891109668 0.01953125 0.030257186081694403
0 0.9737237121852508 0.8009014454260586 0.01953125 0.030257186081694403
0 0.9687287071902457 0.7606633174420909 0.01953125 0.030257186081694403
0 0.9617357001972388 0.7374490128359558 0.01953125 0.030257186081694403
0 0.9907067291682677 0.7188775691510476 0.01953125 0.030257186081694403
0 0.9747227131842517 0.6848299223953827 0.01953125 0.030257186081694403
0 0.9457516842132228 0.7420918737571828 0.01953125 0.030257186081694403
0 0.9427546812162197 0.7792347611269992 0.01953125 0.030257186081694403
0 0.8798176182791568 0.7467347346784098 0.01953125 0.030257186081694403
0 0.9207766592381978 0.7714966595916207 0.01953125 0.030257186081694403
0 0.914782653244192 0.7080442270015178 0.01953125 0.030257186081694403
0 0.8848126232741619 0.7173299488439719 0.01953125 0.030257186081694403
0 0.8608365992981378 0.7312585316076531 0.01953125 0.030257186081694403
0 0.8508465893081278 0.7405442534501071 0.01953125 0.030257186081694403
0 0.805891544353083 0.6972108848519881 0.01953125 0.030257186081694403
0 0.789907528369067 0.7142347082298206 0.01953125 0.030257186081694403
0 0.7749225133840518 0.6925680239307612 0.01953125 0.030257186081694403
0 0.7889085273700659 0.6724489599387772 0.01953125 0.030257186081694403
0 0.7789185173800559 0.6507822756397179 0.01953125 0.030257186081694403
0 0.7119854504469889 0.5981631851991447 0.01953125 0.030257186081694403
0 0.706990445451984 0.5857822227425393 0.01953125 0.030257186081694403
0 0.714982453443992 0.56411553844348 0.01953125 0.030257186081694403
0 0.7059914444529829 0.49602024493215 0.01953125 0.030257186081694403
0 0.721975460436999 0.534710752609042 0.01953125 0.030257186081694403
0 0.7269704654320038 0.509948827695831 0.01953125 0.030257186081694403
0 0.731965470427009 0.5409012338373447 0.01953125 0.030257186081694403
0 0.7439534824150209 0.5161393089241338 0.01953125 0.030257186081694403
0 0.7449524834140219 0.49602024493215 0.01953125 0.030257186081694403
0 0.8788186172801559 0.6600679974821718 0.01953125 0.030257186081694403
0 0.8628346012961399 0.6817346817812313 0.01953125 0.030257186081694403
0 0.8478495863111248 0.6678060990175503 0.01953125 0.030257186081694403
0 0.8368605753221139 0.6538775162538693 0.01953125 0.030257186081694403
0 0.8258715643331028 0.6709013396317017 0.01953125 0.030257186081694403
0 0.8098875483490869 0.6709013396317017 0.01953125 0.030257186081694403
0 0.8028945413560798 0.6461394147184908 0.01953125 0.030257186081694403
0 0.8088885473500859 0.6182822491911285 0.01953125 0.030257186081694403
0 0.8298675683291068 0.6322108319548096 0.01953125 0.030257186081694403
0 0.9197776582391968 0.6755442005529285 0.01953125 0.030257186081694403
0 0.9247726632342019 0.6461394147184908 0.01953125 0.030257186081694403
0 0.9037936422551808 0.6461394147184908 0.01953125 0.030257186081694403
0 0.8958016342631728 0.5780441212071609 0.01953125 0.030257186081694403
0 0.741955480417019 0.616734628884053 0.01953125 0.030257186081694403
0 0.751945490407029 0.5981631851991447 0.01953125 0.030257186081694403
0 0.761935500397039 0.6198298694982043 0.01953125 0.030257186081694403
0 0.7629345013960398 0.6538775162538693 0.01953125 0.030257186081694403
0 0.756940495402034 0.6755442005529285 0.01953125 0.030257186081694403
0 0.7779195163810549 0.5950679445849935 0.01953125 0.030257186081694403
0 0.8068905453520838 0.5594726775222528 0.01953125 0.030257186081694403
0 0.821875560337099 0.5873298430496151 0.01953125 0.030257186081694403
0 0.8458515843131228 0.5656631587505555 0.01953125 0.030257186081694403
0 0.8628346012961399 0.591972703970842 0.01953125 0.030257186081694403
0 0.8808166192781579 0.56411553844348 0.01953125 0.030257186081694403
0 0.8928046312661699 0.5409012338373447 0.01953125 0.030257186081694403
0 0.9187786572401959 0.5223297901524365 0.01953125 0.030257186081694403
0 0.9137836522451908 0.5594726775222528 0.01953125 0.030257186081694403
0 0.9247726632342019 0.573401260285934 0.01953125 0.030257186081694403
0 0.9337636722252108 0.5594726775222528 0.01953125 0.030257186081694403
0 0.9367606752222137 0.5409012338373447 0.01953125 0.030257186081694403
0 0.9527446912062297 0.5316155119948905 0.01953125 0.030257186081694403
0 0.9737237121852508 0.5161393089241338 0.01953125 0.030257186081694403
0 0.9737237121852508 0.5563774369081016 0.01953125 0.030257186081694403
0 0.9577396962012348 0.5780441212071609 0.01953125 0.030257186081694403
0 0.9667307051922437 0.5950679445849935 0.01953125 0.030257186081694403
0 0.657040395501934 0.12923423215521426 0.01953125 0.030257186081694403
0 0.650047388508927 0.18959142413116575 0.01953125 0.030257186081694403
0 0.657040395501934 0.16947236013918193 0.01953125 0.030257186081694403
0 0.6480493865109249 0.1570913976825765 0.01953125 0.030257186081694403
0 0.666031404492943 0.07661514171464116 0.01953125 0.030257186081694403
0 0.7311151718744126 0.27926682178451595 0.01953125 0.030257186081694403
0 0.7181660830012477 0.2519847958717713 0.01953125 0.030257186081694403
0 0.6969295772492574 0.24315825807647154 0.01953125 0.030257186081694403
0 0.6891601239253586 0.25679927103284383 0.01953125 0.030257186081694403
0 0.6798367799366799 0.27044028398921616 0.01953125 0.030257186081694403
0 0.7005553221337436 0.27364993409659794 0.01953125 0.030257186081694403
0 0.6876062332605788 0.30333919758987893 0.01953125 0.030257186081694403
0 0.6813906706014597 0.32099227318047846 0.01953125 0.030257186081694403
0 0.6964116136943309 0.32741157339524185 0.01953125 0.030257186081694403
0 0.7088427390125691 0.33383087361000524 0.01953125 0.030257186081694403
0 0.7181660830012477 0.32259709823416927 0.01953125 0.030257186081694403
0 0.7041810670182297 0.30574643517041517 0.01953125 0.030257186081694403
0 0.7181660830012477 0.29611748484827005 0.01953125 0.030257186081694403
0 0.7337049896490455 0.32420192328786007 0.01953125 0.030257186081694403
0 0.7585672402855218 0.307351260224106 0.01953125 0.030257186081694403
0 0.7704804020488335 0.2985247224288063 0.01953125 0.030257186081694403
0 0.7642648393897145 0.27926682178451595 0.01953125 0.030257186081694403
0 0.7808396731473654 0.27364993409659794 0.01953125 0.030257186081694403
0 0.6922679052549181 0.4269107267240754 0.01953125 0.030257186081694403
0 0.7098786661224222 0.4108624761871667 0.01953125 0.030257186081694403
0 0.6943397594746245 0.38518527532811286 0.01953125 0.030257186081694403
0 0.6741391808324875 0.3803708001670402 0.01953125 0.030257186081694403
0 0.6710313995029279 0.3522863617274502 0.01953125 0.030257186081694403
0 0.6611900919593227 0.34345982393215047 0.01953125 0.030257186081694403
0 0.6544565657452769 0.3161777980194058 0.01953125 0.030257186081694403
0 0.6409895133171855 0.3145729729657149 0.01953125 0.030257186081694403
0 0.6565284199649833 0.2808716468382068 0.01953125 0.030257186081694403
0 0.7150583016716882 0.377963562586504 0.01953125 0.030257186081694403
0 0.6984834679140373 0.36352013710328623 0.01953125 0.030257186081694403
0 0.7295612812096328 0.3771611500596586 0.01953125 0.030257186081694403
0 0.7414744429729444 0.38358045027442206 0.01953125 0.030257186081694403
0 0.7311151718744126 0.400431113338176 0.01953125 0.030257186081694403
0 0.7461361149672837 0.41888660145562095 0.01953125 0.030257186081694403
0 0.7274894269899264 0.4381445020999114 0.01953125 0.030257186081694403
0 0.7357768438687519 0.459809640324738 0.01953125 0.030257186081694403
0 0.755977422510889 0.4525879275831291 0.01953125 0.030257186081694403
0 0.7632289122798611 0.47184582822741955 0.01953125 0.030257186081694403
0 0.7709983656037601 0.48949890381801897 0.01953125 0.030257186081694403
0 0.7922348713557504 0.4694385906468832 0.01953125 0.030257186081694403
0 0.7756600375980994 0.4381445020999114 0.01953125 0.030257186081694403
0 0.7684085478291272 0.4100600636603213 0.01953125 0.030257186081694403
0 0.773588183378393 0.3787659751133494 0.01953125 0.030257186081694403
0 0.6503128573058642 0.23994860796908982 0.01953125 0.030257186081694403
0 0.6611900919593227 0.2519847958717713 0.01953125 0.030257186081694403
0 0.5689925791823892 0.1773604308751462 0.01953125 0.030257186081694403
0 0.5456842192106927 0.15810253023085583 0.01953125 0.030257186081694403
0 0.5575973809740042 0.16692906802615556 0.01953125 0.030257186081694403
0 0.5923009391540859 0.05378890174094972 0.01953125 0.030257186081694403
0 0.7368127709786051 0.13884462958656546 0.01953125 0.030257186081694403
0 0.7518337140714763 0.13643739200602917 0.01953125 0.030257186081694403
0 0.7549414954010357 0.1492759924355561 0.01953125 0.030257186081694403
0 0.7616750216150814 0.12921567926442024 0.01953125 0.030257186081694403
0 0.7715163291586867 0.1492759924355561 0.01953125 0.030257186081694403
0 0.7777318918178058 0.13082050431811115 0.01953125 0.030257186081694403
0 0.7932707984656036 0.15489288012347402 0.01953125 0.030257186081694403
0 0.7984504340148695 0.1773604308751462 0.01953125 0.030257186081694403
0 0.8181330491020798 0.19019903130467303 0.01953125 0.030257186081694403
0 0.7963785797951631 0.2166786446905723 0.01953125 0.030257186081694403
0 0.6995193950238904 0.22309794490533574 0.01953125 0.030257186081694403
0 0.6865703061507256 0.2239003574321812 0.01953125 0.030257186081694403
0 0.688642160370432 0.18859420625098222 0.01953125 0.030257186081694403
0 0.6725852901677076 0.16612665549931008 0.01953125 0.030257186081694403
0 0.672067326612781 0.12921567926442024 0.01953125 0.030257186081694403
0 0.6819086341563863 0.10113124082483017 0.01953125 0.030257186081694403
0 0.6855343790408724 0.05940578942886774 0.01953125 0.030257186081694403
0 0.6964116136943309 0.06181302700940404 0.01953125 0.030257186081694403
0 0.7093607025674957 0.05940578942886774 0.01953125 0.030257186081694403
0 0.7238636821054403 0.048974426579877106 0.01953125 0.030257186081694403
0 0.776178001153026 0.09310711555637584 0.01953125 0.030257186081694403
0 0.7725522562685398 0.07304680238524007 0.01953125 0.030257186081694403
0 0.7611570580601549 0.07063956480470376 0.01953125 0.030257186081694403
0 0.7580492767305953 0.05940578942886774 0.01953125 0.030257186081694403
0 0.7394025887532379 0.05459131426779513 0.01953125 0.030257186081694403
0 0.7368127709786051 0.06742991469732205 0.01953125 0.030257186081694403
0 0.7331870260941189 0.08428057776107611 0.01953125 0.030257186081694403
0 0.7347409167588986 0.09872400324429387 0.01953125 0.030257186081694403
0 0.7456181514123571 0.0786636900731581 0.01953125 0.030257186081694403
0 0.7492438962968432 0.09390952808322132 0.01953125 0.030257186081694403
0 0.7642648393897145 0.09551435313691214 0.01953125 0.030257186081694403
0 0.7373307345335317 0.12119155399596594 0.01953125 0.030257186081694403
0 0.7176481194463211 0.13643739200602917 0.01953125 0.030257186081694403
0 0.7103966296773488 0.12199396652281141 0.01953125 0.030257186081694403
0 0.7129864474519818 0.08508299028792153 0.01953125 0.030257186081694403
0 0.6933038323647713 0.08187334018053981 0.01953125 0.030257186081694403
0 0.6503128573058642 0.06502267711678575 0.01953125 0.030257186081694403
0 0.6446152582016716 0.05138166416041341 0.01953125 0.030257186081694403
0 0.519786041464363 0.05619613932148602 0.01953125 0.030257186081694403
0 0.6751751079423406 0.2054448693147363 0.01953125 0.030257186081694403
0 0.6819086341563863 0.21988829479795405 0.01953125 0.030257186081694403
0 0.6798367799366799 0.17174354318722818 0.01953125 0.030257186081694403
0 0.6979655043591106 0.16211459286508295 0.01953125 0.030257186081694403
0 0.6953756865844777 0.1404494546402563 0.01953125 0.030257186081694403
0 0.6860523425957991 0.12761085421072943 0.01953125 0.030257186081694403
0 0.6503128573058642 0.09390952808322132 0.01953125 0.030257186081694403
0 0.8077737780035481 0.1163770788348934 0.01953125 0.030257186081694403
0 0.8036300695641354 0.13884462958656546 0.01953125 0.030257186081694403
0 0.8202049033217864 0.14365910474763802 0.01953125 0.030257186081694403
0 0.8238306482062725 0.15569529265031953 0.01953125 0.030257186081694403
0 0.824348611761199 0.17415078076776447 0.01953125 0.030257186081694403
0 0.8119174864429608 0.15810253023085583 0.01953125 0.030257186081694403
0 0.8523186437272351 0.13804221705972006 0.01953125 0.030257186081694403
0 0.8792527485834177 0.14365910474763802 0.01953125 0.030257186081694403
0 0.8046659966739885 0.29290783474088833 0.01953125 0.030257186081694403
0 0.8170971219922268 0.28488370947243397 0.01953125 0.030257186081694403
0 0.838333627744217 0.30333919758987893 0.01953125 0.030257186081694403
0 0.8502467895075286 0.3001295474824972 0.01953125 0.030257186081694403
0 0.8833964570228305 0.307351260224106 0.01953125 0.030257186081694403
0 0.9046329627748207 0.32420192328786007 0.01953125 0.030257186081694403
0 0.914474270318426 0.359508074469059 0.01953125 0.030257186081694403
0 0.8937557281213625 0.35549601183483187 0.01953125 0.030257186081694403
0 0.880288675693271 0.35389118678114106 0.01953125 0.030257186081694403
0 0.8782168214735646 0.3763587375328131 0.01953125 0.030257186081694403
0 0.8538725343920148 0.34265741140530503 0.01953125 0.030257186081694403
0 0.847139008177969 0.3619153120495953 0.01953125 0.030257186081694403
0 0.8207228668767129 0.3450646489858413 0.01953125 0.030257186081694403
0 0.8212408304316394 0.32660916086839636 0.01953125 0.030257186081694403
0 0.8139893406626673 0.31537538549256033 0.01953125 0.030257186081694403
0 0.7849833815867782 0.34105258635161423 0.01953125 0.030257186081694403
0 0.8010402517895024 0.34666947403953213 0.01953125 0.030257186081694403
0 0.8051839602289151 0.370741849844895 0.01953125 0.030257186081694403
0 0.8139893406626673 0.3883949254354946 0.01953125 0.030257186081694403
0 0.8062198873387684 0.39882628828448524 0.01953125 0.030257186081694403
0 0.7943067255754567 0.38759251290864916 0.01953125 0.030257186081694403
0 0.7715163291586867 0.34666947403953213 0.01953125 0.030257186081694403
0 0.755977422510889 0.34265741140530503 0.01953125 0.030257186081694403
0 0.7658187300544942 0.33383087361000524 0.01953125 0.030257186081694403
0 0.7803217095924387 0.32259709823416927 0.01953125 0.030257186081694403
0 0.8057019237838418 0.25679927103284383 0.01953125 0.030257186081694403
0 0.8036300695641354 0.24235584554962608 0.01953125 0.030257186081694403
0 0.809327668668328 0.2150738196368814 0.01953125 0.030257186081694403
0 0.8264204659809055 0.24797273323754415 0.01953125 0.030257186081694403
0 0.8372977006343638 0.25679927103284383 0.01953125 0.030257186081694403
0 0.8372977006343638 0.23513413280801723 0.01953125 0.030257186081694403
0 0.8523186437272351 0.23994860796908982 0.01953125 0.030257186081694403
0 0.8621599512708403 0.2511823833449258 0.01953125 0.030257186081694403
0 0.8631958783806933 0.2864885345261248 0.01953125 0.030257186081694403
0 0.8751090401440051 0.2824764718918977 0.01953125 0.030257186081694403
0 0.8761449672538582 0.26000892114022556 0.01953125 0.030257186081694403
0 0.8818425663580508 0.23433172028117177 0.01953125 0.030257186081694403
0 0.8968635094509221 0.23433172028117177 0.01953125 0.030257186081694403
0 0.9004892543354082 0.2672306338818345 0.01953125 0.030257186081694403
0 0.8880581290171699 0.26482339630129814 0.01953125 0.030257186081694403
0 0.9191359423127655 0.2680330464086799 0.01953125 0.030257186081694403
0 0.9170640880930591 0.2808716468382068 0.01953125 0.030257186081694403
0 0.9460700471689482 0.411664888714012 0.01953125 0.030257186081694403
0 0.9600550631519662 0.4212938390361573 0.01953125 0.030257186081694403
0 0.9735221155800577 0.44536621484152017 0.01953125 0.030257186081694403
0 0.9771478604645438 0.4076528260797849 0.01953125 0.030257186081694403
0 0.9875071315630756 0.43413243946568414 0.01953125 0.030257186081694403
0 0.9869891680081491 0.4076528260797849 0.01953125 0.030257186081694403
0 0.9890610222278553 0.3771611500596586 0.01953125 0.030257186081694403
0 0.9885430586729287 0.34345982393215047 0.01953125 0.030257186081694403
0 0.9802556417941034 0.3185850355999421 0.01953125 0.030257186081694403
0 0.9781837875743968 0.2672306338818345 0.01953125 0.030257186081694403
0 0.989578985782782 0.27445234662344337 0.01953125 0.030257186081694403
0 0.9952765848869745 0.23914619544224439 0.01953125 0.030257186081694403
0 0.9046329627748207 0.21828346974426316 0.01953125 0.030257186081694403
0 0.8849503476876103 0.2150738196368814 0.01953125 0.030257186081694403
0 0.8704473681496657 0.20143280668050917 0.01953125 0.030257186081694403
0 0.8663036597102529 0.1773604308751462 0.01953125 0.030257186081694403
0 0.8492108623976755 0.18458214361675504 0.01953125 0.030257186081694403
0 0.8450671539582629 0.20785210689527261 0.01953125 0.030257186081694403
0 0.8445491904033362 0.15649770517716494 0.01953125 0.030257186081694403
0 0.8429952997385564 0.12440120410334772 0.01953125 0.030257186081694403
0 0.8554264250567947 0.11316742872751169 0.01953125 0.030257186081694403
0 0.8678575503750329 0.10193365335167565 0.01953125 0.030257186081694403
0 0.8761449672538582 0.11236501620066619 0.01953125 0.030257186081694403
0 0.8818425663580508 0.09711917819060303 0.01953125 0.030257186081694403
0 0.8947916552312155 0.11316742872751169 0.01953125 0.030257186081694403
0 0.9035970356649677 0.10113124082483017 0.01953125 0.030257186081694403
0 0.9237976143071047 0.10113124082483017 0.01953125 0.030257186081694403
0 0.9341568854056367 0.09711917819060303 0.01953125 0.030257186081694403
0 0.950213755608361 0.13242532937180196 0.01953125 0.030257186081694403
0 0.9559113547125534 0.11076019114697537 0.01953125 0.030257186081694403
0 0.9647167351463055 0.1404494546402563 0.01953125 0.030257186081694403
0 0.9859532408982958 0.13804221705972006 0.01953125 0.030257186081694403
0 0.9926867671123416 0.16853389307984637 0.01953125 0.030257186081694403
0 0.9849173137884425 0.19661833151943653 0.01953125 0.030257186081694403
0 0.973004152025131 0.19581591899259107 0.01953125 0.030257186081694403
0 0.9792197146842502 0.16773148055300097 0.01953125 0.030257186081694403
0 0.9704143342504982 0.10113124082483017 0.01953125 0.030257186081694403
0 0.9683424800307916 0.08267575270738522 0.01953125 0.030257186081694403
0 0.9771478604645438 0.06823232722416746 0.01953125 0.030257186081694403
0 0.8461030810681159 0.09310711555637584 0.01953125 0.030257186081694403
0 0.8341899193048042 0.07625645249262179 0.01953125 0.030257186081694403
0 0.8103635957781812 0.07384921491208549 0.01953125 0.030257186081694403
0 0.8139893406626673 0.06582508964363117 0.01953125 0.030257186081694403
0 0.823312684651346 0.05378890174094972 0.01953125 0.030257186081694403
0 0.8341899193048042 0.05378890174094972 0.01953125 0.030257186081694403
0 0.8637138419356201 0.057800964375176914 0.01953125 0.030257186081694403
0 0.9326029947408568 0.0786636900731581 0.01953125 0.030257186081694403
0 0.9408904116196823 0.06341785206309493 0.01953125 0.030257186081694403
0 0.919653905867692 0.050579251633568 0.01953125 0.030257186081694403
0 0.8031121060092088 0.09310711555637584 0.01953125 0.030257186081694403
0 0.7906809806909706 0.07144197733154918 0.01953125 0.030257186081694403
0 0.825902502425979 0.10755054103959359 0.01953125 0.030257186081694403
0 0.8844323841326838 0.19421109393890024 0.01953125 0.030257186081694403
0 0.893237764566436 0.1829773185630642 0.01953125 0.030257186081694403
0 0.9061868534396007 0.15890494275770123 0.01953125 0.030257186081694403
0 0.3664688292060917 0.39080216301603093 0.01953125 0.030257186081694403
0 0.6648158368438087 0.20063039415366365 0.01953125 0.030257186081694403
0 0.7689265113840538 0.1829773185630642 0.01953125 0.030257186081694403
0 0.7855013451417047 0.20303763173419997 0.01953125 0.030257186081694403
0 0.7709983656037601 0.22871483259325376 0.01953125 0.030257186081694403
0 0.7709983656037601 0.24556549565700783 0.01953125 0.030257186081694403
0 0.7451001878574305 0.23112207017379008 0.01953125 0.030257186081694403
0 0.731633135429339 0.22871483259325376 0.01953125 0.030257186081694403
0 0.719202010111101 0.2126665820563452 0.01953125 0.030257186081694403
0 0.7202379372209541 0.1829773185630642 0.01953125 0.030257186081694403
0 0.7160942287815414 0.1773604308751462 0.01953125 0.030257186081694403
0 0.7155762652266148 0.16131218033823755 0.01953125 0.030257186081694403
0 0.7311151718744126 0.16853389307984637 0.01953125 0.030257186081694403
0 0.7399205523081647 0.19019903130467303 0.01953125 0.030257186081694403
0 0.7590852038404484 0.17174354318722818 0.01953125 0.030257186081694403
0 0.8367797370794373 0.43573726451937506 0.01953125 0.030257186081694403
0 0.834707882859731 0.46061205285158346 0.01953125 0.030257186081694403
0 0.8098456322232547 0.46382170295896513 0.01953125 0.030257186081694403
0 0.815543231327447 0.4325276144119933 0.01953125 0.030257186081694403
0 0.8005222882345758 0.4381445020999114 0.01953125 0.030257186081694403
0 0.79534265268531 0.41968901398246644 0.01953125 0.030257186081694403
0 0.7808396731473654 0.4269107267240754 0.01953125 0.030257186081694403
0 0.6627439826241024 0.10113124082483017 0.01953125 0.030257186081694403
0 0.9869891680081491 0.09872400324429387 0.01953125 0.030257186081694403
0 0.9403724480647556 0.15810253023085583 0.01953125 0.030257186081694403
0 0.9543574640477738 0.1452639298013289 0.01953125 0.030257186081694403
0 0.93363892185071 0.14125186716710172 0.01953125 0.030257186081694403
0 0.928459286301444 0.12520361663019314 0.01953125 0.030257186081694403
0 0.9118844525437931 0.14365910474763802 0.01953125 0.030257186081694403
0 0.9263874320817377 0.16853389307984637 0.01953125 0.030257186081694403
0 0.9222437236423251 0.17976766845568243 0.01953125 0.030257186081694403
0 0.9294952134112973 0.21346899458319052 0.01953125 0.030257186081694403
0 0.9450341200590952 0.2110617570026543 0.01953125 0.030257186081694403
0 0.9512496827182142 0.19742074404628196 0.01953125 0.030257186081694403
0 0.9450341200590952 0.23433172028117177 0.01953125 0.030257186081694403
0 0.950213755608361 0.24636790818385323 0.01953125 0.030257186081694403
0 0.9357107760704164 0.24797273323754415 0.01953125 0.030257186081694403
0 0.9227616871972516 0.2447630831301624 0.01953125 0.030257186081694403
0 0.9631628444815258 0.3579032494153682 0.01953125 0.030257186081694403
0 0.9610909902618194 0.3354356986636961 0.01953125 0.030257186081694403
0 0.9616089538167459 0.3089560852777969 0.01953125 0.030257186081694403
0 0.9533215369379203 0.2760571716771342 0.01953125 0.030257186081694403
0 0.9445161565041684 0.2864885345261248 0.01953125 0.030257186081694403
0 0.9326029947408568 0.3145729729657149 0.01953125 0.030257186081694403
0 0.9419263387295356 0.32420192328786007 0.01953125 0.030257186081694403
0 0.9346748489605632 0.35068153667375923 0.01953125 0.030257186081694403
0 0.913438343208573 0.34265741140530503 0.01953125 0.030257186081694403
0 0.9191359423127655 0.31296814791202404 0.01953125 0.030257186081694403
0 0.8953096187861421 0.2977223099019609 0.01953125 0.030257186081694403
0 0.9160281609832059 0.4180841889287755 0.01953125 0.030257186081694403
0 0.9294952134112973 0.3916045755428763 0.01953125 0.030257186081694403
0 0.9041149992198942 0.377963562586504 0.01953125 0.030257186081694403
0 0.8854683112425369 0.4068504135529395 0.01953125 0.030257186081694403
0 0.8771808943637116 0.41968901398246644 0.01953125 0.030257186081694403
0 0.8543904979469414 0.40444317597240315 0.01953125 0.030257186081694403
0 0.8388515912991438 0.39320940059656717 0.01953125 0.030257186081694403
0 0.8461030810681159 0.4100600636603213 0.01953125 0.030257186081694403
0 0.8704473681496657 0.4325276144119933 0.01953125 0.030257186081694403
0 0.8782168214735646 0.4726482407542648 0.01953125 0.030257186081694403
0 0.9020431450001879 0.4702410031737285 0.01953125 0.030257186081694403
0 0.894273691676289 0.4469710398952111 0.01953125 0.030257186081694403
0 0.8927198010115093 0.5159785172039182 0.01953125 0.030257186081694403
0 0.8823605299129773 0.5071519794086184 0.01953125 0.030257186081694403
0 0.8554264250567947 0.5095592169891547 0.01953125 0.030257186081694403
0 0.8445491904033362 0.5095592169891547 0.01953125 0.030257186081694403
0 0.8165791584373003 0.4999302666670095 0.01953125 0.030257186081694403
0 0.7554594589559622 0.19260626888520935 0.01953125 0.030257186081694403
0 0.7580492767305953 0.24877514576438955 0.01953125 0.030257186081694403
0 0.7311151718744126 0.3097584978046424 0.01953125 0.030257186081694403
0 0.7150583016716882 0.49431337897909156 0.01953125 0.030257186081694403
0 0.9098125983240868 0.19982798162681828 0.01953125 0.030257186081694403
0 0.9662706258110854 0.2222955323784903 0.01953125 0.030257186081694403
0 0.9631628444815258 0.20303763173419997 0.01953125 0.030257186081694403
0 0.9020431450001879 0.06181302700940404 0.01953125 0.030257186081694403
0 0.8787347850284912 0.07304680238524007 0.01953125 0.030257186081694403
0 0.9719682249152778 0.2511823833449258 0.01953125 0.030257186081694403
0 0.8357438099695842 0.290500597160352 0.01953125 0.030257186081694403
0 0.6016242831427645 0.3145729729657149 0.01953125 0.030257186081694403
0 0.9610909902618194 0.4734506532811103 0.01953125 0.030257186081694403
0 0.9315670676310036 0.47826512844218294 0.01953125 0.030257186081694403
0 0.9305311405211504 0.43092278935830247 0.01953125 0.030257186081694403
0 0.9383005938450495 0.4469710398952111 0.01953125 0.030257186081694403
0 0.4969956450475929 0.3675321997375134 0.01953125 0.030257186081694403
0 0.2426372444123923 0.11349246110277032 0.01953125 0.030257186081694403
0 0.6108686185609261 0.13302849653725618 0.01953125 0.030257186081694403
0 0.6042905650013732 0.035877182853747504 0.01953125 0.030257186081694403
0 0.6287831123761016 0.0090008424163248 0.01953125 0.030257186081694403
0 0.6400088632561857 0.013743726022928789 0.01953125 0.030257186081694403
0 0.6491935685217087 0.03113429924714351 0.01953125 0.030257186081694403
0 0.6604193194017925 0.035877182853747504 0.01953125 0.030257186081694403
0 0.6614398422090729 0.0026769976075194314 0.01953125 0.030257186081694403
0 0.6736861158964373 0.020067570831734157 0.01953125 0.030257186081694403
0 0.6869529123910819 0.024810454438338146 0.01953125 0.030257186081694403
0 0.6900144808129228 0.024810454438338146 0.01953125 0.030257186081694403
0 0.7043018001148479 0.024810454438338146 0.01953125 0.030257186081694403
0 0.7196096422240532 0.021648532033935533 0.01953125 0.030257186081694403
0 0.7277738246822959 0.010581803618526175 0.01953125 0.030257186081694403
0 0.7369585299478193 0.020067570831734157 0.01953125 0.030257186081694403
0 0.7594100317079869 0.01690564842733154 0.01953125 0.030257186081694403
0 0.7706357825880709 0.024810454438338146 0.01953125 0.030257186081694403
0 0.7920667615409582 0.037458144055948876 0.01953125 0.030257186081694403
0 0.7900257159263975 0.01690564842733154 0.01953125 0.030257186081694403
0 0.7859436246972762 0.0026769976075194314 0.01953125 0.030257186081694403
0 0.8043130352283224 0.020067570831734157 0.01953125 0.030257186081694403
0 0.8043130352283224 0.026391415640539522 0.01953125 0.030257186081694403
0 0.8134977404938457 0.027972376842740898 0.01953125 0.030257186081694403
0 0.8308466282176117 0.020067570831734157 0.01953125 0.030257186081694403
0 0.8390108106758546 0.03113429924714351 0.01953125 0.030257186081694403
0 0.8522776071704992 0.037458144055948876 0.01953125 0.030257186081694403
0 0.8624828352433027 0.035877182853747504 0.01953125 0.030257186081694403
0 0.8686059720869849 0.01690564842733154 0.01953125 0.030257186081694403
0 0.8879959054253116 0.03113429924714351 0.01953125 0.030257186081694403
0 0.9114679299927596 0.035877182853747504 0.01953125 0.030257186081694403
0 0.9308578633310863 0.027972376842740898 0.01953125 0.030257186081694403
0 0.9339194317529275 0.027972376842740898 0.01953125 0.030257186081694403
0 0.9410630914038899 0.024810454438338146 0.01953125 0.030257186081694403
0 0.9451451826330113 0.021648532033935533 0.01953125 0.030257186081694403
0 0.9563709335130953 0.03113429924714351 0.01953125 0.030257186081694403
0 0.9624940703567774 0.035877182853747504 0.01953125 0.030257186081694403
0 0.97065825281502 0.020067570831734157 0.01953125 0.030257186081694403
0 0.9971918458043094 0.042201027662552876 0.01953125 0.030257186081694403
0 0.9941302773824683 0.013743726022928789 0.01953125 0.030257186081694403
0 0.9798429580805433 0.035877182853747504 0.01953125 0.030257186081694403
0 0.9726992984295808 0.04378198886475425 0.01953125 0.030257186081694403
0 0.6951170948493246 0.004257958809720808 0.01953125 0.030257186081694403
0 0.3103799965046314 0.0090008424163248 0.01953125 0.030257186081694403
0 0.7828820562754351 0.5338799615471678 0.01953125 0.030257186081694403
0 0.7787999650463137 0.5370418839515705 0.01953125 0.030257186081694403
0 0.79716937557736 0.5228132331317585 0.01953125 0.030257186081694403
0 0.8002309439992011 0.5243941943339598 0.01953125 0.030257186081694403
0 0.8124772176865653 0.5243941943339598 0.01953125 0.030257186081694403
0 0.828805582603051 0.5449466899625772 0.01953125 0.030257186081694403
0 0.840031333483135 0.5307180391427652 0.01953125 0.030257186081694403
0 0.8512570843632188 0.5338799615471678 0.01953125 0.030257186081694403
0 0.8655444036651437 0.5338799615471678 0.01953125 0.030257186081694403
0 0.4522326667166006 0.28566905280155835 0.01953125 0.030257186081694403
0 0.11035752627768211 0.1433825446034382 0.01953125 0.030257186081694403
0 0.4552942351384416 0.5386228451537719 0.01953125 0.030257186081694403
0 0.43794534741467567 0.5117465047163492 0.01953125 0.030257186081694403
0 0.7461432352133424 0.5591753407823893 0.01953125 0.030257186081694403
0 0.7675742141662298 0.5781468752088053 0.01953125 0.030257186081694403
0 0.7767589194317529 0.5591753407823893 0.01953125 0.030257186081694403
0 0.955350410705815 0.6492901293078653 0.01953125 0.030257186081694403
0 0.39361780053694606 0.019880387180025428 0.01953125 0.030257186081694403
0 0.3727414157501957 0.018178227929955115 0.01953125 0.030257186081694403
0 0.4606419832733553 0.0062631131794633295 0.01953125 0.030257186081694403
0 0.4364693272044864 0.00966743167960382 0.01953125 0.030257186081694403
0 0.17936016719924458 0.00966743167960382 0.01953125 0.030257186081694403
0 0.589196563275976 0.028391183430376724 0.01953125 0.030257186081694403
0 0.606776676780608 0.007965272429533505 0.01953125 0.030257186081694403
0 0.5990853771223317 0.011369590929674133 0.01953125 0.030257186081694403
0 0.6748996166110567 0.042008457430938825 0.01953125 0.030257186081694403
0 0.691380973021649 0.04030629818086851 0.01953125 0.030257186081694403
0 0.9144286631116666 0.011369590929674133 0.01953125 0.030257186081694403
0 0.8990460637951136 0.01307175017974431 0.01953125 0.030257186081694403
0 0.8430094519990995 0.007965272429533505 0.01953125 0.030257186081694403
0 0.9309100195222592 0.011369590929674133 0.01953125 0.030257186081694403
0 0.9891441455063522 0.6003166914539845 0.01953125 0.030257186081694403
0 0.9913416596944312 0.5815929397032116 0.01953125 0.030257186081694403
0 0.9935391738825103 0.63606203570546 0.01953125 0.030257186081694403
