0 0.03919512135804267 0.7621543026152564 0.01953125 0.029282576866764276
0 0.08573191789483921 0.6810250853220566 0.01953125 0.029282576866764276
0 0.0078098399727612984 0.23440874412299226 0.01953125 0.029282576866764276
0 0.0170089741718955 0.23603132846885624 0.01953125 0.029282576866764276
0 0.03053711270003404 0.23603132846885624 0.01953125 0.029282576866764276
0 0.02783148499440632 0.2473894188899042 0.01953125 0.029282576866764276
0 0.013762220925142255 0.2433329580252442 0.01953125 0.029282576866764276
0 0.004563086726008054 0.2595588014838842 0.01953125 0.029282576866764276
0 0.01863235079527212 0.2644265545214762 0.01953125 0.029282576866764276
0 0.013762220925142255 0.2741620605966601 0.01953125 0.029282576866764276
0 0.009433216596137921 0.28876531970943603 0.01953125 0.029282576866764276
0 0.021879104042025366 0.2830862744989121 0.01953125 0.029282576866764276
0 0.028372610535531882 0.28227498232598003 0.01953125 0.029282576866764276
0 0.03540724257016391 0.2968782414387561 0.01953125 0.029282576866764276
0 0.028372610535531882 0.32851863618310395 0.01953125 0.029282576866764276
0 0.019714601877523212 0.327707344010172 0.01953125 0.029282576866764276
0 0.009974342137263479 0.32689605183723996 0.01953125 0.029282576866764276
0 0.01755009971302106 0.3423106031229479 0.01953125 0.029282576866764276
0 0.028372610535531882 0.3398767266041519 0.01953125 0.029282576866764276
0 0.03865399581691715 0.3423106031229479 0.01953125 0.029282576866764276
0 0.05651113867406002 0.35123481702519976 0.01953125 0.029282576866764276
0 0.04190074906367039 0.3609703231003839 0.01953125 0.029282576866764276
0 0.03161936378228513 0.3739509978672958 0.01953125 0.029282576866764276
0 0.05326438542730677 0.3723284135214318 0.01953125 0.029282576866764276
0 0.01809122525414659 0.3609703231003839 0.01953125 0.029282576866764276
0 0.028913736076657412 0.36259290744624784 0.01953125 0.029282576866764276
0 0.04839425555717688 0.28227498232598003 0.01953125 0.029282576866764276
0 0.06084014300306433 0.2871427353635721 0.01953125 0.029282576866764276
0 0.054887762050683395 0.27010559973200016 0.01953125 0.029282576866764276
0 0.04406525122817257 0.26848301538613617 0.01953125 0.029282576866764276
0 0.03757174473466606 0.26280397017561213 0.01953125 0.029282576866764276
0 0.04406525122817257 0.25712492496508815 0.01953125 0.029282576866764276
0 0.05651113867406002 0.25306846410042816 0.01953125 0.029282576866764276
0 0.04352412568704701 0.22629582239367224 0.01953125 0.029282576866764276
0 0.04677087893380026 0.21818290066435228 0.01953125 0.029282576866764276
0 0.03757174473466606 0.21980548501021632 0.01953125 0.029282576866764276
0 0.026749233912155234 0.21980548501021632 0.01953125 0.029282576866764276
0 0.004021961184882522 0.22061677718314832 0.01953125 0.029282576866764276
0 0.08302629018921154 0.2871427353635721 0.01953125 0.029282576866764276
0 0.07112152828444962 0.2814636901530481 0.01953125 0.029282576866764276
0 0.0786972858602072 0.2644265545214762 0.01953125 0.029282576866764276
0 0.06787477503769637 0.2595588014838842 0.01953125 0.029282576866764276
0 0.07003927720219853 0.2473894188899042 0.01953125 0.029282576866764276
0 0.0602990174619388 0.24576683454404022 0.01953125 0.029282576866764276
0 0.06571027287319423 0.23035228325833226 0.01953125 0.029282576866764276
0 0.05813451529743664 0.23197486760419625 0.01953125 0.029282576866764276
0 0.06084014300306433 0.21818290066435228 0.01953125 0.029282576866764276
0 0.06084014300306433 0.20682481024330435 0.01953125 0.029282576866764276
0 0.0749094070723284 0.22710711456660426 0.01953125 0.029282576866764276
0 0.08573191789483922 0.24576683454404022 0.01953125 0.029282576866764276
0 0.07815616031908167 0.23846520498765225 0.01953125 0.029282576866764276
0 0.09547217763509895 0.2798411058071841 0.01953125 0.029282576866764276
0 0.0922254243883457 0.26848301538613617 0.01953125 0.029282576866764276
0 0.08897867114159247 0.26280397017561213 0.01953125 0.029282576866764276
0 0.08897867114159247 0.28227498232598003 0.01953125 0.029282576866764276
0 0.07599165815457949 0.26848301538613617 0.01953125 0.029282576866764276
0 0.12198732915025047 0.2798411058071841 0.01953125 0.029282576866764276
0 0.11278819495111629 0.2871427353635721 0.01953125 0.029282576866764276
0 0.10467131183423317 0.2871427353635721 0.01953125 0.029282576866764276
0 0.10845919062211193 0.2652378466944081 0.01953125 0.029282576866764276
0 0.09493105209397344 0.25712492496508815 0.01953125 0.029282576866764276
0 0.10358906075198206 0.2725394762507961 0.01953125 0.029282576866764276
0 0.09060204776496908 0.2092586867621003 0.01953125 0.029282576866764276
0 0.08735529451821585 0.20033447285984837 0.01953125 0.029282576866764276
0 0.09709555425847557 0.21250385545382836 0.01953125 0.029282576866764276
0 0.09276654992947127 0.22872969891246825 0.01953125 0.029282576866764276
0 0.10142455858747994 0.23116357543126426 0.01953125 0.029282576866764276
0 0.09547217763509895 0.24171037367938022 0.01953125 0.029282576866764276
0 0.09547217763509895 0.23603132846885624 0.01953125 0.029282576866764276
0 0.10467131183423317 0.21493773197262434 0.01953125 0.029282576866764276
0 0.1106236927866141 0.22872969891246825 0.01953125 0.029282576866764276
0 0.11819945036237171 0.22710711456660426 0.01953125 0.029282576866764276
0 0.1317275888905102 0.22710711456660426 0.01953125 0.029282576866764276
0 0.11874057590349722 0.21250385545382836 0.01953125 0.029282576866764276
0 0.11387044603336735 0.21737160849142034 0.01953125 0.029282576866764276
0 0.12793971010263147 0.2400877893335162 0.01953125 0.029282576866764276
0 0.12631633347925483 0.23116357543126426 0.01953125 0.029282576866764276
0 0.12090507806799941 0.24576683454404022 0.01953125 0.029282576866764276
0 0.11224706940999073 0.25306846410042816 0.01953125 0.029282576866764276
0 0.10467131183423317 0.25469104844629215 0.01953125 0.029282576866764276
0 0.11765832482124615 0.23846520498765225 0.01953125 0.029282576866764276
0 0.11332932049224184 0.2400877893335162 0.01953125 0.029282576866764276
0 0.1301042122671336 0.2798411058071841 0.01953125 0.029282576866764276
0 0.1236107057736271 0.2709168919049321 0.01953125 0.029282576866764276
0 0.12631633347925483 0.27010559973200016 0.01953125 0.029282576866764276
0 0.1409267230896444 0.2725394762507961 0.01953125 0.029282576866764276
0 0.1495847317476531 0.2741620605966601 0.01953125 0.029282576866764276
0 0.1457968529597743 0.26118138582974815 0.01953125 0.029282576866764276
0 0.13713884430176562 0.2660491388673401 0.01953125 0.029282576866764276
0 0.13659771876064014 0.25144587975456417 0.01953125 0.029282576866764276
0 0.14471460187752325 0.23765391281472023 0.01953125 0.029282576866764276
0 0.13713884430176562 0.23846520498765225 0.01953125 0.029282576866764276
0 0.1430912252541466 0.22386194587487626 0.01953125 0.029282576866764276
0 0.1495847317476531 0.22061677718314832 0.01953125 0.029282576866764276
0 0.15553711270003404 0.20844739458916836 0.01953125 0.029282576866764276
0 0.15229035945328076 0.20357964155157637 0.01953125 0.029282576866764276
0 0.15878386594678728 0.22061677718314832 0.01953125 0.029282576866764276
0 0.15499598715890847 0.23440874412299226 0.01953125 0.029282576866764276
0 0.168524125687047 0.22061677718314832 0.01953125 0.029282576866764276
0 0.17718213434505567 0.24576683454404022 0.01953125 0.029282576866764276
0 0.168524125687047 0.2400877893335162 0.01953125 0.029282576866764276
0 0.1750176321805535 0.23440874412299226 0.01953125 0.029282576866764276
0 0.16527737244029375 0.2441442501981762 0.01953125 0.029282576866764276
0 0.1566193637822851 0.24576683454404022 0.01953125 0.029282576866764276
0 0.1566193637822851 0.2538797562733602 0.01953125 0.029282576866764276
0 0.16527737244029375 0.25712492496508815 0.01953125 0.029282576866764276
0 0.1706886278515492 0.27821852146132015 0.01953125 0.029282576866764276
0 0.15878386594678728 0.2725394762507961 0.01953125 0.029282576866764276
0 0.17826438542730674 0.2871427353635721 0.01953125 0.029282576866764276
0 0.19179252395544527 0.27659593711545616 0.01953125 0.029282576866764276
0 0.18367564083856217 0.27010559973200016 0.01953125 0.029282576866764276
0 0.1847578919208133 0.2441442501981762 0.01953125 0.029282576866764276
0 0.20045053261345394 0.2871427353635721 0.01953125 0.029282576866764276
0 0.2036972858602072 0.304179870995144 0.01953125 0.029282576866764276
0 0.19990940707232838 0.300123410130484 0.01953125 0.029282576866764276
0 0.18800464516756651 0.2855201510177081 0.01953125 0.029282576866764276
0 0.1950392772021985 0.2595588014838842 0.01953125 0.029282576866764276
0 0.20586178802470936 0.25874750931095214 0.01953125 0.029282576866764276
0 0.2156020477649691 0.2774072292883881 0.01953125 0.029282576866764276
0 0.22155442871735004 0.26848301538613617 0.01953125 0.029282576866764276
0 0.22263667979960114 0.292821780574096 0.01953125 0.029282576866764276
0 0.21614317330609467 0.29444436491996 0.01953125 0.029282576866764276
0 0.20964966681258812 0.29444436491996 0.01953125 0.029282576866764276
0 0.21451979668271803 0.308236331859804 0.01953125 0.029282576866764276
0 0.22534230750522882 0.30580245534100803 0.01953125 0.029282576866764276
0 0.23183581399873535 0.29850082578462 0.01953125 0.029282576866764276
0 0.2415760737389951 0.311481500551532 0.01953125 0.029282576866764276
0 0.2513163334792548 0.31959442228085194 0.01953125 0.029282576866764276
0 0.24644620360912495 0.29119919622823204 0.01953125 0.029282576866764276
0 0.23887044603336738 0.2644265545214762 0.01953125 0.029282576866764276
0 0.2329180650809864 0.2473894188899042 0.01953125 0.029282576866764276
0 0.21884880101172235 0.2433329580252442 0.01953125 0.029282576866764276
0 0.207485164648086 0.21656031631848832 0.01953125 0.029282576866764276
0 0.1950392772021985 0.20033447285984837 0.01953125 0.029282576866764276
0 0.18746351962644098 0.21169256328089633 0.01953125 0.029282576866764276
0 0.17718213434505567 0.20844739458916836 0.01953125 0.029282576866764276
0 0.21127304343596479 0.20276834937864435 0.01953125 0.029282576866764276
0 0.21127304343596479 0.19546671982225639 0.01953125 0.029282576866764276
0 0.20207390923683058 0.1946554276493244 0.01953125 0.029282576866764276
0 0.20640291356583484 0.20601351807037235 0.01953125 0.029282576866764276
0 0.2009916581545795 0.20114576503278037 0.01953125 0.029282576866764276
0 0.21614317330609467 0.1946554276493244 0.01953125 0.029282576866764276
0 0.22317780534072665 0.1946554276493244 0.01953125 0.029282576866764276
0 0.22913018629310763 0.1946554276493244 0.01953125 0.029282576866764276
0 0.22426005642297778 0.20276834937864435 0.01953125 0.029282576866764276
0 0.2193899265528479 0.20601351807037235 0.01953125 0.029282576866764276
0 0.2156020477649691 0.21818290066435228 0.01953125 0.029282576866764276
0 0.22263667979960114 0.22305065370194427 0.01953125 0.029282576866764276
0 0.22263667979960114 0.21656031631848832 0.01953125 0.029282576866764276
0 0.2302124373753587 0.22548453022074028 0.01953125 0.029282576866764276
0 0.23075356291648425 0.21980548501021632 0.01953125 0.029282576866764276
0 0.23508256724548857 0.2141264397996923 0.01953125 0.029282576866764276
0 0.23129468845760975 0.20276834937864435 0.01953125 0.029282576866764276
0 0.23237693953986088 0.23603132846885624 0.01953125 0.029282576866764276
0 0.2415760737389951 0.2400877893335162 0.01953125 0.029282576866764276
0 0.2415760737389951 0.22872969891246825 0.01953125 0.029282576866764276
0 0.24374057590349726 0.21818290066435228 0.01953125 0.029282576866764276
0 0.24049382265674402 0.21088127110796434 0.01953125 0.029282576866764276
0 0.24536395252687387 0.19222155113052838 0.01953125 0.029282576866764276
0 0.23832932049224181 0.19790059634105236 0.01953125 0.029282576866764276
0 0.2513163334792548 0.19141025895759645 0.01953125 0.029282576866764276
0 0.2491518313147527 0.21656031631848832 0.01953125 0.029282576866764276
0 0.2496929568558782 0.23035228325833226 0.01953125 0.029282576866764276
0 0.25564533780825915 0.2400877893335162 0.01953125 0.029282576866764276
0 0.2567275888905102 0.25550234061922417 0.01953125 0.029282576866764276
0 0.2491518313147527 0.25874750931095214 0.01953125 0.029282576866764276
0 0.2415760737389951 0.25306846410042816 0.01953125 0.029282576866764276
0 0.2469873291502505 0.2490120032357682 0.01953125 0.029282576866764276
0 0.26863235079527215 0.2603700936568161 0.01953125 0.029282576866764276
0 0.2702557274186488 0.2482007110628362 0.01953125 0.029282576866764276
0 0.26484447200739336 0.2400877893335162 0.01953125 0.029282576866764276
0 0.2599743421372635 0.2433329580252442 0.01953125 0.029282576866764276
0 0.26213884430176565 0.23603132846885624 0.01953125 0.029282576866764276
0 0.2659267230896445 0.21818290066435228 0.01953125 0.029282576866764276
0 0.2572687144316358 0.21493773197262434 0.01953125 0.029282576866764276
0 0.25564533780825915 0.20601351807037235 0.01953125 0.029282576866764276
0 0.260515467678389 0.2052022258974403 0.01953125 0.029282576866764276
0 0.2572687144316358 0.19222155113052838 0.01953125 0.029282576866764276
0 0.2567275888905102 0.19952318068691638 0.01953125 0.029282576866764276
0 0.25943321659613794 0.19222155113052838 0.01953125 0.029282576866764276
0 0.2615977187606401 0.19952318068691638 0.01953125 0.029282576866764276
0 0.2762081083710297 0.21493773197262434 0.01953125 0.029282576866764276
0 0.2680912252541466 0.21088127110796434 0.01953125 0.029282576866764276
0 0.2799959871589085 0.18897638243880038 0.01953125 0.029282576866764276
0 0.29081849798141934 0.19708930416812037 0.01953125 0.029282576866764276
0 0.2886539958169172 0.20844739458916836 0.01953125 0.029282576866764276
0 0.2827016148645362 0.2092586867621003 0.01953125 0.029282576866764276
0 0.2919007490636704 0.21980548501021632 0.01953125 0.029282576866764276
0 0.27945486161778293 0.23440874412299226 0.01953125 0.029282576866764276
0 0.273502480665402 0.22629582239367224 0.01953125 0.029282576866764276
0 0.2691734763363977 0.23116357543126426 0.01953125 0.029282576866764276
0 0.27404360620652757 0.23603132846885624 0.01953125 0.029282576866764276
0 0.2902773724402938 0.23035228325833226 0.01953125 0.029282576866764276
0 0.30164100880393013 0.21980548501021632 0.01953125 0.029282576866764276
0 0.2983942555571769 0.21250385545382836 0.01953125 0.029282576866764276
0 0.30705226421518556 0.20114576503278037 0.01953125 0.029282576866764276
0 0.3086756408385622 0.22305065370194427 0.01953125 0.029282576866764276
0 0.30813451529743663 0.2141264397996923 0.01953125 0.029282576866764276
0 0.3130046451675665 0.23035228325833226 0.01953125 0.029282576866764276
0 0.32220377936670075 0.22872969891246825 0.01953125 0.029282576866764276
0 0.305428887591809 0.22872969891246825 0.01953125 0.029282576866764276
0 0.2983942555571769 0.23440874412299226 0.01953125 0.029282576866764276
0 0.28486611702903836 0.24171037367938022 0.01953125 0.029282576866764276
0 0.27837261053553186 0.24576683454404022 0.01953125 0.029282576866764276
0 0.2827016148645362 0.2595588014838842 0.01953125 0.029282576866764276
0 0.27512585728877864 0.2595588014838842 0.01953125 0.029282576866764276
0 0.2854072425701639 0.25306846410042816 0.01953125 0.029282576866764276
0 0.29135962352254485 0.2400877893335162 0.01953125 0.029282576866764276
0 0.30326438542730677 0.23765391281472023 0.01953125 0.029282576866764276
0 0.3108401430030644 0.24576683454404022 0.01953125 0.029282576866764276
0 0.3211215282844496 0.2498232954087002 0.01953125 0.029282576866764276
0 0.3086756408385622 0.25712492496508815 0.01953125 0.029282576866764276
0 0.3027232598861812 0.25144587975456417 0.01953125 0.029282576866764276
0 0.29352412568704705 0.25874750931095214 0.01953125 0.029282576866764276
0 0.29785313001605135 0.27010559973200016 0.01953125 0.029282576866764276
0 0.28811287027579163 0.26118138582974815 0.01953125 0.029282576866764276
0 0.2854072425701639 0.2725394762507961 0.01953125 0.029282576866764276
0 0.2799959871589085 0.2717281840778641 0.01953125 0.029282576866764276
0 0.273502480665402 0.2725394762507961 0.01953125 0.029282576866764276
0 0.2637622209251423 0.26848301538613617 0.01953125 0.029282576866764276
0 0.25402196118488257 0.2709168919049321 0.01953125 0.029282576866764276
0 0.25943321659613794 0.2855201510177081 0.01953125 0.029282576866764276
0 0.25943321659613794 0.292821780574096 0.01953125 0.029282576866764276
0 0.2643033464662679 0.2855201510177081 0.01953125 0.029282576866764276
0 0.26863235079527215 0.2968782414387561 0.01953125 0.029282576866764276
0 0.273502480665402 0.2936330727470281 0.01953125 0.029282576866764276
0 0.27404360620652757 0.2830862744989121 0.01953125 0.029282576866764276
0 0.2816193637822851 0.2830862744989121 0.01953125 0.029282576866764276
0 0.2762081083710297 0.308236331859804 0.01953125 0.029282576866764276
0 0.26646784863076994 0.308236331859804 0.01953125 0.029282576866764276
0 0.2431994503623717 0.2968782414387561 0.01953125 0.029282576866764276
0 0.25835096551388687 0.32689605183723996 0.01953125 0.029282576866764276
0 0.28486611702903836 0.30580245534100803 0.01953125 0.029282576866764276
0 0.2799959871589085 0.2968782414387561 0.01953125 0.029282576866764276
0 0.2940652512281726 0.304179870995144 0.01953125 0.029282576866764276
0 0.30109988326280457 0.292821780574096 0.01953125 0.029282576866764276
0 0.29514750231042364 0.29444436491996 0.01953125 0.029282576866764276
0 0.29298300014592144 0.2798411058071841 0.01953125 0.029282576866764276
0 0.30055875772167906 0.27821852146132015 0.01953125 0.029282576866764276
0 0.3043466365095578 0.27821852146132015 0.01953125 0.029282576866764276
0 0.3108401430030644 0.292821780574096 0.01953125 0.029282576866764276
0 0.3048877620506834 0.300934702303416 0.01953125 0.029282576866764276
0 0.3130046451675665 0.313915377070328 0.01953125 0.029282576866764276
0 0.3211215282844496 0.30985891620566797 0.01953125 0.029282576866764276
0 0.32923841140133275 0.30661374751394 0.01953125 0.029282576866764276
0 0.3314029135658349 0.30255728664928 0.01953125 0.029282576866764276
0 0.32382715599007733 0.2871427353635721 0.01953125 0.029282576866764276
0 0.3254505326134539 0.27659593711545616 0.01953125 0.029282576866764276
0 0.319498151661073 0.27659593711545616 0.01953125 0.029282576866764276
0 0.3151691473320687 0.2895766118823681 0.01953125 0.029282576866764276
0 0.30975789192081327 0.27578464494252414 0.01953125 0.029282576866764276
0 0.31354577070869205 0.2644265545214762 0.01953125 0.029282576866764276
0 0.3216626538255752 0.2644265545214762 0.01953125 0.029282576866764276
0 0.31733364949657084 0.25469104844629215 0.01953125 0.029282576866764276
0 0.3286972858602072 0.2660491388673401 0.01953125 0.029282576866764276
0 0.33356741573033705 0.2538797562733602 0.01953125 0.029282576866764276
0 0.3249094070723284 0.25306846410042816 0.01953125 0.029282576866764276
0 0.3281561603190817 0.2400877893335162 0.01953125 0.029282576866764276
0 0.3346496668125881 0.2644265545214762 0.01953125 0.029282576866764276
0 0.3346496668125881 0.2855201510177081 0.01953125 0.029282576866764276
0 0.34330767547059676 0.2498232954087002 0.01953125 0.029282576866764276
0 0.3406020477649691 0.27010559973200016 0.01953125 0.029282576866764276
0 0.3416842988472201 0.28389756667184407 0.01953125 0.029282576866764276
0 0.3411431733060946 0.30985891620566797 0.01953125 0.029282576866764276
0 0.3411431733060946 0.300123410130484 0.01953125 0.029282576866764276
0 0.3503423075052289 0.308236331859804 0.01953125 0.029282576866764276
0 0.3611648183277397 0.300123410130484 0.01953125 0.029282576866764276
0 0.34655442871735 0.25874750931095214 0.01953125 0.029282576866764276
0 0.35250680966973097 0.27010559973200016 0.01953125 0.029282576866764276
0 0.35900031616323747 0.27659593711545616 0.01953125 0.029282576866764276
0 0.3503423075052289 0.2871427353635721 0.01953125 0.029282576866764276
0 0.34871893088185224 0.29444436491996 0.01953125 0.029282576866764276
0 0.35791806508098645 0.2603700936568161 0.01953125 0.029282576866764276
0 0.3698228269857483 0.25874750931095214 0.01953125 0.029282576866764276
0 0.3660349481978696 0.24252166585231222 0.01953125 0.029282576866764276
0 0.3736107057736271 0.2498232954087002 0.01953125 0.029282576866764276
0 0.38064533780825915 0.2473894188899042 0.01953125 0.029282576866764276
0 0.3671171992801206 0.2741620605966601 0.01953125 0.029282576866764276
0 0.3698228269857483 0.2968782414387561 0.01953125 0.029282576866764276
0 0.37902196118488257 0.300934702303416 0.01953125 0.029282576866764276
0 0.38497434213726345 0.28389756667184407 0.01953125 0.029282576866764276
0 0.3893033464662678 0.304179870995144 0.01953125 0.029282576866764276
0 0.39958473174765313 0.304179870995144 0.01953125 0.029282576866764276
0 0.3963379785008998 0.2952556570928921 0.01953125 0.029282576866764276
0 0.39363235079527215 0.2741620605966601 0.01953125 0.029282576866764276
0 0.3957968529597743 0.25874750931095214 0.01953125 0.029282576866764276
0 0.3860565932195145 0.2595588014838842 0.01953125 0.029282576866764276
0 0.3903855975485189 0.2498232954087002 0.01953125 0.029282576866764276
0 0.40391373607665737 0.27578464494252414 0.01953125 0.029282576866764276
0 0.4066193637822851 0.2871427353635721 0.01953125 0.029282576866764276
0 0.4109483681112895 0.304991163168076 0.01953125 0.029282576866764276
0 0.418524125687047 0.30255728664928 0.01953125 0.029282576866764276
0 0.417441874604796 0.2895766118823681 0.01953125 0.029282576866764276
0 0.41311287027579163 0.27659593711545616 0.01953125 0.029282576866764276
0 0.41040724257016387 0.26280397017561213 0.01953125 0.029282576866764276
0 0.4066193637822851 0.2595588014838842 0.01953125 0.029282576866764276
0 0.4066193637822851 0.25306846410042816 0.01953125 0.029282576866764276
0 0.39958473174765313 0.2482007110628362 0.01953125 0.029282576866764276
0 0.4331345152974366 0.29444436491996 0.01953125 0.029282576866764276
0 0.418524125687047 0.26686043104027213 0.01953125 0.029282576866764276
0 0.4239353810983025 0.27578464494252414 0.01953125 0.029282576866764276
0 0.430428887591809 0.2741620605966601 0.01953125 0.029282576866764276
0 0.4201475023104236 0.26686043104027213 0.01953125 0.029282576866764276
0 0.4206886278515492 0.2538797562733602 0.01953125 0.029282576866764276
0 0.41635962352254485 0.24576683454404022 0.01953125 0.029282576866764276
0 0.4374635196264409 0.29119919622823204 0.01953125 0.029282576866764276
0 0.44503927720219855 0.27578464494252414 0.01953125 0.029282576866764276
0 0.4331345152974366 0.2774072292883881 0.01953125 0.029282576866764276
0 0.4434159005788219 0.2644265545214762 0.01953125 0.029282576866764276
0 0.43529901746193883 0.2595588014838842 0.01953125 0.029282576866764276
0 0.43962802179094307 0.25712492496508815 0.01953125 0.029282576866764276
0 0.45532066248358377 0.300934702303416 0.01953125 0.029282576866764276
0 0.44503927720219855 0.30255728664928 0.01953125 0.029282576866764276
0 0.45153278369570504 0.29119919622823204 0.01953125 0.029282576866764276
0 0.45477953694245826 0.27659593711545616 0.01953125 0.029282576866764276
0 0.46019079235371363 0.2774072292883881 0.01953125 0.029282576866764276
0 0.465602047764969 0.27740722928838807 0.01953125 0.029282576866764276
0 0.4623552945182157 0.2628039701756121 0.01953125 0.029282576866764276
0 0.4531561603190815 0.2660491388673401 0.01953125 0.029282576866764276
0 0.45045053261345386 0.2546910484462921 0.01953125 0.029282576866764276
0 0.45099165815457937 0.24982329540870013 0.01953125 0.029282576866764276
0 0.44774490490782615 0.23035228325833224 0.01953125 0.029282576866764276
0 0.46668429884722007 0.24982329540870013 0.01953125 0.029282576866764276
0 0.46289642005934123 0.2376539128147202 0.01953125 0.029282576866764276
0 0.45640291356583473 0.2417103736793802 0.01953125 0.029282576866764276
0 0.4515327836957049 0.23846520498765217 0.01953125 0.029282576866764276
0 0.44125139841431965 0.23197486760419622 0.01953125 0.029282576866764276
0 0.4320522642151854 0.2417103736793802 0.01953125 0.029282576866764276
0 0.42664100880393 0.24901200323576814 0.01953125 0.029282576866764276
0 0.42555875772167895 0.23603132846885616 0.01953125 0.029282576866764276
0 0.4228531300160513 0.22872969891246822 0.01953125 0.029282576866764276
0 0.4201475023104236 0.19708930416812032 0.01953125 0.029282576866764276
0 0.4169007490636703 0.19141025895759636 0.01953125 0.029282576866764276
0 0.41527737244029367 0.18491992157414033 0.01953125 0.029282576866764276
0 0.4082427404056616 0.18573121374707238 0.01953125 0.029282576866764276
0 0.39904360620652746 0.19303284330346032 0.01953125 0.029282576866764276
0 0.39255009971302096 0.19059896678466437 0.01953125 0.029282576866764276
0 0.3849743421372634 0.18978767461173238 0.01953125 0.029282576866764276
0 0.38389209105501226 0.1792408763636164 0.01953125 0.029282576866764276
0 0.3671171992801205 0.19384413547639232 0.01953125 0.029282576866764276
0 0.31895702611994736 0.21250385545382827 0.01953125 0.029282576866764276
0 0.3579180650809863 0.23197486760419622 0.01953125 0.029282576866764276
0 0.3595414417043629 0.21899419283728425 0.01953125 0.029282576866764276
0 0.3530479352108564 0.21818290066435225 0.01953125 0.029282576866764276
0 0.3503423075052287 0.23440874412299223 0.01953125 0.029282576866764276
0 0.3541301862931075 0.25306846410042816 0.01953125 0.029282576866764276
0 0.3562946884576097 0.24008778933351616 0.01953125 0.029282576866764276
0 0.3914678486307699 0.20114576503278028 0.01953125 0.029282576866764276
0 0.4012081083710296 0.20114576503278028 0.01953125 0.029282576866764276
0 0.4082427404056616 0.2019570572057123 0.01953125 0.029282576866764276
0 0.4131128702757916 0.20114576503278028 0.01953125 0.029282576866764276
0 0.4098661170290382 0.19546671982225636 0.01953125 0.029282576866764276
0 0.3974202295831508 0.21088127110796429 0.01953125 0.029282576866764276
0 0.41473624689916816 0.21574902414555627 0.01953125 0.029282576866764276
0 0.4228531300160513 0.21250385545382827 0.01953125 0.029282576866764276
0 0.4098661170290382 0.22872969891246822 0.01953125 0.029282576866764276
0 0.4039137360766573 0.2335974519500602 0.01953125 0.029282576866764276
0 0.4006669828299041 0.2335974519500602 0.01953125 0.029282576866764276
0 0.39796135512427633 0.23927649716058416 0.01953125 0.029282576866764276
0 0.39579685295977424 0.2417103736793802 0.01953125 0.029282576866764276
0 0.4077016148645361 0.2417103736793802 0.01953125 0.029282576866764276
0 0.4320522642151854 0.21412643979969226 0.01953125 0.029282576866764276
0 0.42826438542730666 0.21980548501021624 0.01953125 0.029282576866764276
0 0.47588343304635433 0.27740722928838807 0.01953125 0.029282576866764276
0 0.46993105209397334 0.29850082578462 0.01953125 0.029282576866764276
0 0.4753423075052287 0.301745994476348 0.01953125 0.029282576866764276
0 0.4650609222238435 0.29687824143875596 0.01953125 0.029282576866764276
0 0.48616481832773956 0.287142735363572 0.01953125 0.029282576866764276
0 0.4823769395398608 0.30417987099514393 0.01953125 0.029282576866764276
0 0.49211719928012054 0.301745994476348 0.01953125 0.029282576866764276
0 0.5018574590203803 0.301745994476348 0.01953125 0.029282576866764276
0 0.49265832482124605 0.2628039701756121 0.01953125 0.029282576866764276
0 0.4877881949511162 0.26199267800268006 0.01953125 0.029282576866764276
0 0.4780479352108564 0.26118138582974804 0.01953125 0.029282576866764276
0 0.47588343304635433 0.26199267800268006 0.01953125 0.029282576866764276
0 0.4677665499294712 0.2644265545214761 0.01953125 0.029282576866764276
0 0.47209555425847544 0.25306846410042816 0.01953125 0.029282576866764276
0 0.48021243737535857 0.23603132846885616 0.01953125 0.029282576866764276
0 0.4683076754705967 0.23440874412299223 0.01953125 0.029282576866764276
0 0.46397867114159236 0.21250385545382827 0.01953125 0.029282576866764276
0 0.44936828153120273 0.22142806935608025 0.01953125 0.029282576866764276
0 0.4423336494965708 0.21980548501021624 0.01953125 0.029282576866764276
0 0.4369223940853153 0.21980548501021624 0.01953125 0.029282576866764276
0 0.4358401430030643 0.20763610241623628 0.01953125 0.029282576866764276
0 0.4363812685441898 0.19384413547639232 0.01953125 0.029282576866764276
0 0.43746351962644087 0.17599570767188844 0.01953125 0.029282576866764276
0 0.28107823824115946 0.1500343581380645 0.01953125 0.029282576866764276
0 0.27079685295977424 0.1443553129275405 0.01953125 0.029282576866764276
0 0.2762081083710296 0.16463761725084045 0.01953125 0.029282576866764276
0 0.2821604893234106 0.16950537028843243 0.01953125 0.029282576866764276
0 0.2854072425701638 0.15246823465686052 0.01953125 0.029282576866764276
0 0.2881128702757915 0.16788278594256842 0.01953125 0.029282576866764276
0 0.2886539958169171 0.18735379809293637 0.01953125 0.029282576866764276
0 0.2994765066394279 0.18816509026586836 0.01953125 0.029282576866764276
0 0.2940652512281725 0.18735379809293637 0.01953125 0.029282576866764276
0 0.30434663650955773 0.17599570767188844 0.01953125 0.029282576866764276
0 0.30164100880393 0.16463761725084045 0.01953125 0.029282576866764276
0 0.29893538109830237 0.17112795463429645 0.01953125 0.029282576866764276
0 0.2929830001459214 0.16950537028843243 0.01953125 0.029282576866764276
0 0.3151691473320686 0.19546671982225636 0.01953125 0.029282576866764276
0 0.3124635196264408 0.20114576503278028 0.01953125 0.029282576866764276
0 0.314628021790943 0.21412643979969226 0.01953125 0.029282576866764276
0 0.37685745902038026 0.14760048161926853 0.01953125 0.029282576866764276
0 0.3038055109684322 0.13299722250649246 0.01953125 0.029282576866764276
0 0.29731200447492573 0.13867626771701644 0.01953125 0.029282576866764276
0 0.3876799698428911 0.14760048161926853 0.01953125 0.029282576866764276
0 0.3947146018775231 0.1500343581380645 0.01953125 0.029282576866764276
0 0.4017492339121551 0.14760048161926853 0.01953125 0.029282576866764276
0 0.38930334646626774 0.15976986421324846 0.01953125 0.029282576866764276
0 0.38010421226713353 0.15976986421324846 0.01953125 0.029282576866764276
0 0.39579685295977424 0.15976986421324846 0.01953125 0.029282576866764276
0 0.40229035945328073 0.15895857204031646 0.01953125 0.029282576866764276
0 0.4017492339121551 0.15409081900272445 0.01953125 0.029282576866764276
0 0.40661936378228497 0.1500343581380645 0.01953125 0.029282576866764276
0 0.41203061919354045 0.15246823465686052 0.01953125 0.029282576866764276
0 0.4158184979814192 0.15246823465686052 0.01953125 0.029282576866764276
0 0.42664100880393 0.15409081900272445 0.01953125 0.029282576866764276
0 0.4401691473320685 0.1467891894463365 0.01953125 0.029282576866764276
0 0.464519796682718 0.14516660510047255 0.01953125 0.029282576866764276
0 0.47209555425847544 0.1500343581380645 0.01953125 0.029282576866764276
0 0.47588343304635433 0.1394875598899485 0.01953125 0.029282576866764276
0 0.4840003161632374 0.14192143640874452 0.01953125 0.029282576866764276
0 0.4904938226567439 0.1370536833711525 0.01953125 0.029282576866764276
0 0.4969873291502504 0.1394875598899485 0.01953125 0.029282576866764276
0 0.505645337808259 0.1394875598899485 0.01953125 0.029282576866764276
0 0.5099743421372633 0.1394875598899485 0.01953125 0.029282576866764276
0 0.518632350795272 0.14516660510047255 0.01953125 0.029282576866764276
0 0.5083509655138867 0.15895857204031646 0.01953125 0.029282576866764276
0 0.4910349481978694 0.16382632507790842 0.01953125 0.029282576866764276
0 0.48670594386886507 0.16463761725084045 0.01953125 0.029282576866764276
0 0.47696568412860535 0.17112795463429645 0.01953125 0.029282576866764276
0 0.4618141689770902 0.1816747528824124 0.01953125 0.029282576866764276
0 0.44720377936670064 0.18573121374707238 0.01953125 0.029282576866764276
0 0.44720377936670064 0.17356183115309243 0.01953125 0.029282576866764276
0 0.45423841140133264 0.18410862940120837 0.01953125 0.029282576866764276
0 0.4612730434359646 0.20439093372450834 0.01953125 0.029282576866764276
0 0.45099165815457937 0.19627801199518835 0.01953125 0.029282576866764276
0 0.44449815166107287 0.19546671982225636 0.01953125 0.029282576866764276
0 0.45369728586020713 0.20763610241623628 0.01953125 0.029282576866764276
0 0.445580402743324 0.2019570572057123 0.01953125 0.029282576866764276
0 0.4683076754705967 0.18735379809293637 0.01953125 0.029282576866764276
0 0.46614317330609456 0.19627801199518835 0.01953125 0.029282576866764276
0 0.4558617880247092 0.22142806935608025 0.01953125 0.029282576866764276
0 0.46343754560046685 0.2222393615290122 0.01953125 0.029282576866764276
0 0.47047217763509885 0.20439093372450834 0.01953125 0.029282576866764276
0 0.47209555425847544 0.21250385545382827 0.01953125 0.029282576866764276
0 0.47696568412860535 0.20439093372450834 0.01953125 0.029282576866764276
0 0.4829180650809863 0.20439093372450834 0.01953125 0.029282576866764276
0 0.47913018629310755 0.22629582239367224 0.01953125 0.029282576866764276
0 0.4850825672454884 0.22467323804780823 0.01953125 0.029282576866764276
0 0.4872470694099907 0.21250385545382827 0.01953125 0.029282576866764276
0 0.47967131183423306 0.21574902414555627 0.01953125 0.029282576866764276
0 0.4829180650809863 0.21574902414555627 0.01953125 0.029282576866764276
0 0.4753423075052287 0.22872969891246822 0.01953125 0.029282576866764276
0 0.4915760737389949 0.20520222589744028 0.01953125 0.029282576866764276
0 0.49319945036237156 0.18978767461173238 0.01953125 0.029282576866764276
0 0.48021243737535857 0.17599570767188844 0.01953125 0.029282576866764276
0 0.47317780534072656 0.18005216853654837 0.01953125 0.029282576866764276
0 0.4753423075052287 0.17599570767188844 0.01953125 0.029282576866764276
0 0.47642455858747984 0.18248604505534438 0.01953125 0.029282576866764276
0 0.46668429884722007 0.17680699984482037 0.01953125 0.029282576866764276
0 0.497528454691376 0.16950537028843243 0.01953125 0.029282576866764276
0 0.5018574590203803 0.1703166624613644 0.01953125 0.029282576866764276
0 0.5078098399727613 0.1816747528824124 0.01953125 0.029282576866764276
0 0.504563086726008 0.18735379809293637 0.01953125 0.029282576866764276
0 0.5029397101026313 0.19059896678466437 0.01953125 0.029282576866764276
0 0.5040219611848825 0.1987118885139843 0.01953125 0.029282576866764276
0 0.5083509655138867 0.20520222589744028 0.01953125 0.029282576866764276
0 0.5078098399727613 0.22629582239367224 0.01953125 0.029282576866764276
0 0.5007752079381292 0.21656031631848827 0.01953125 0.029282576866764276
0 0.5013163334792547 0.22710711456660423 0.01953125 0.029282576866764276
0 0.49969295685587806 0.20844739458916833 0.01953125 0.029282576866764276
0 0.4969873291502504 0.22467323804780823 0.01953125 0.029282576866764276
0 0.4915760737389949 0.22467323804780823 0.01953125 0.029282576866764276
0 0.49590507806799927 0.22629582239367224 0.01953125 0.029282576866764276
0 0.5159267230896444 0.18248604505534438 0.01953125 0.029282576866764276
0 0.51159771876064 0.17599570767188844 0.01953125 0.029282576866764276
0 0.5148444720073933 0.2019570572057123 0.01953125 0.029282576866764276
0 0.5207968529597742 0.20439093372450834 0.01953125 0.029282576866764276
0 0.5110565932195145 0.19303284330346032 0.01953125 0.029282576866764276
0 0.5148444720073933 0.21250385545382827 0.01953125 0.029282576866764276
0 0.5251258572887785 0.2133151476267603 0.01953125 0.029282576866764276
0 0.530537112700034 0.21656031631848827 0.01953125 0.029282576866764276
0 0.5251258572887785 0.22629582239367224 0.01953125 0.029282576866764276
0 0.5170089741718955 0.22467323804780823 0.01953125 0.029282576866764276
0 0.5143033464662677 0.23603132846885616 0.01953125 0.029282576866764276
0 0.5067275888905102 0.24008778933351616 0.01953125 0.029282576866764276
0 0.5002340823970036 0.24008778933351616 0.01953125 0.029282576866764276
0 0.49211719928012054 0.24414425019817615 0.01953125 0.029282576866764276
0 0.4850825672454884 0.23603132846885616 0.01953125 0.029282576866764276
0 0.5002340823970036 0.25144587975456417 0.01953125 0.029282576866764276
0 0.4677665499294712 0.2222393615290122 0.01953125 0.029282576866764276
0 0.46993105209397334 0.21899419283728425 0.01953125 0.029282576866764276
0 0.4320522642151854 0.23278615977712822 0.01953125 0.029282576866764276
0 0.4461215282844495 0.24414425019817615 0.01953125 0.029282576866764276
0 0.439628021790943 0.275784644942524 0.01953125 0.029282576866764276
0 0.5051042122671335 0.27010559973200005 0.01953125 0.029282576866764276
0 0.5061864633493846 0.24901200323576814 0.01953125 0.029282576866764276
0 0.5170089741718955 0.2587475093109521 0.01953125 0.029282576866764276
0 0.5143033464662677 0.24982329540870013 0.01953125 0.029282576866764276
0 0.5191734763363977 0.2506345875816321 0.01953125 0.029282576866764276
0 0.5359483681112893 0.24495554237110814 0.01953125 0.029282576866764276
0 0.5299959871589085 0.23197486760419622 0.01953125 0.029282576866764276
0 0.5402773724402937 0.23927649716058416 0.01953125 0.029282576866764276
0 0.5408184979814192 0.24738941888990415 0.01953125 0.029282576866764276
0 0.5483942555571768 0.22710711456660423 0.01953125 0.029282576866764276
0 0.5440652512281724 0.1987118885139843 0.01953125 0.029282576866764276
0 0.5332427404056617 0.20439093372450834 0.01953125 0.029282576866764276
0 0.5391951213580427 0.19059896678466437 0.01953125 0.029282576866764276
0 0.5143033464662677 0.28308627449891205 0.01953125 0.029282576866764276
0 0.5256669828299041 0.287142735363572 0.01953125 0.029282576866764276
0 0.5256669828299041 0.2725394762507961 0.01953125 0.029282576866764276
0 0.5191734763363977 0.2733507684237281 0.01953125 0.029282576866764276
0 0.5262081083710296 0.279841105807184 0.01953125 0.029282576866764276
0 0.5337838659467872 0.284708858844776 0.01953125 0.029282576866764276
0 0.5391951213580427 0.292821780574096 0.01953125 0.029282576866764276
0 0.550558757721679 0.28957661188236805 0.01953125 0.029282576866764276
0 0.5516410088039301 0.27740722928838807 0.01953125 0.029282576866764276
0 0.5337838659467872 0.24901200323576814 0.01953125 0.029282576866764276
0 0.5267492339121552 0.2603700936568161 0.01953125 0.029282576866764276
0 0.532701614864536 0.26199267800268006 0.01953125 0.029282576866764276
0 0.5483942555571768 0.2644265545214761 0.01953125 0.029282576866764276
0 0.5429830001459214 0.26848301538613606 0.01953125 0.029282576866764276
0 0.5429830001459214 0.2741620605966601 0.01953125 0.029282576866764276
0 0.5364894936524149 0.2717281840778641 0.01953125 0.029282576866764276
0 0.5532643854273067 0.24008778933351616 0.01953125 0.029282576866764276
0 0.5586756408385621 0.21980548501021624 0.01953125 0.029282576866764276
0 0.5613812685441898 0.2335974519500602 0.01953125 0.029282576866764276
0 0.5678747750376962 0.21980548501021624 0.01953125 0.029282576866764276
0 0.5689570261199474 0.22629582239367224 0.01953125 0.029282576866764276
0 0.5684159005788219 0.21006997893503226 0.01953125 0.029282576866764276
0 0.5776150347779561 0.21088127110796429 0.01953125 0.029282576866764276
0 0.5846496668125881 0.21088127110796429 0.01953125 0.029282576866764276
0 0.5851907923537136 0.22467323804780823 0.01953125 0.029282576866764276
0 0.5765327836957049 0.23603132846885616 0.01953125 0.029282576866764276
0 0.570580402743324 0.23278615977712822 0.01953125 0.029282576866764276
0 0.5727449049078261 0.24901200323576814 0.01953125 0.029282576866764276
0 0.5678747750376962 0.24982329540870013 0.01953125 0.029282576866764276
0 0.5592167663796876 0.25550234061922417 0.01953125 0.029282576866764276
0 0.5667925239554451 0.26199267800268006 0.01953125 0.029282576866764276
0 0.5689570261199474 0.2717281840778641 0.01953125 0.029282576866764276
0 0.5592167663796876 0.2717281840778641 0.01953125 0.029282576866764276
0 0.5570522642151854 0.2644265545214761 0.01953125 0.029282576866764276
0 0.5673336494965707 0.28957661188236805 0.01953125 0.029282576866764276
0 0.5581345152974365 0.2903879040553 0.01953125 0.029282576866764276
0 0.5316193637822849 0.1816747528824124 0.01953125 0.029282576866764276
0 0.5207968529597742 0.1816747528824124 0.01953125 0.029282576866764276
0 0.5256669828299041 0.1727505389801604 0.01953125 0.029282576866764276
0 0.5419007490636704 0.1792408763636164 0.01953125 0.029282576866764276
0 0.5467708789338002 0.18491992157414033 0.01953125 0.029282576866764276
0 0.5554288875918089 0.17599570767188844 0.01953125 0.029282576866764276
0 0.5586756408385621 0.18248604505534438 0.01953125 0.029282576866764276
0 0.5630046451675664 0.16869407811550044 0.01953125 0.029282576866764276
0 0.5240436062065275 0.1443553129275405 0.01953125 0.029282576866764276
0 0.5332427404056617 0.14273272858167654 0.01953125 0.029282576866764276
0 0.5402773724402937 0.1394875598899485 0.01953125 0.029282576866764276
0 0.5229613551242763 0.15246823465686052 0.01953125 0.029282576866764276
0 0.5164678486307699 0.15814727986738444 0.01953125 0.029282576866764276
0 0.5278314849944062 0.15733598769445248 0.01953125 0.029282576866764276
0 0.5467708789338002 0.15814727986738444 0.01953125 0.029282576866764276
0 0.5424418746047959 0.16139244855911244 0.01953125 0.029282576866764276
0 0.550558757721679 0.1743731233260244 0.01953125 0.029282576866764276
0 0.5527232598861812 0.16139244855911244 0.01953125 0.029282576866764276
0 0.5673336494965707 0.1816747528824124 0.01953125 0.029282576866764276
0 0.5792384114013326 0.18573121374707238 0.01953125 0.029282576866764276
0 0.5732860304489517 0.19546671982225636 0.01953125 0.029282576866764276
0 0.15661936378228503 0.3625929074462478 0.01953125 0.029282576866764276
0 0.5857319178948391 0.18573121374707238 0.01953125 0.029282576866764276
0 0.5781561603190816 0.17112795463429645 0.01953125 0.029282576866764276
0 0.5700392772021984 0.16382632507790842 0.01953125 0.029282576866764276
0 0.5694981516610729 0.17599570767188844 0.01953125 0.029282576866764276
0 0.5873552945182159 0.16788278594256842 0.01953125 0.029282576866764276
0 0.5624635196264409 0.12975205381476454 0.01953125 0.029282576866764276
0 0.5738271559900773 0.13299722250649246 0.01953125 0.029282576866764276
0 0.5830262901892114 0.13056334598769648 0.01953125 0.029282576866764276
0 0.5933076754705966 0.12731817729596853 0.01953125 0.029282576866764276
0 0.6014245585874798 0.1281294694689005 0.01953125 0.029282576866764276
0 0.611705943868865 0.12245042425837657 0.01953125 0.029282576866764276
0 0.6160349481978695 0.16707149376963645 0.01953125 0.029282576866764276
0 0.6122470694099905 0.1727505389801604 0.01953125 0.029282576866764276
0 0.6160349481978695 0.1816747528824124 0.01953125 0.029282576866764276
0 0.6252340823970035 0.17356183115309243 0.01953125 0.029282576866764276
0 0.6111648183277395 0.19627801199518835 0.01953125 0.029282576866764276
0 0.6041301862931076 0.1987118885139843 0.01953125 0.029282576866764276
0 0.6030479352108565 0.21006997893503226 0.01953125 0.029282576866764276
0 0.5943899265528478 0.2133151476267603 0.01953125 0.029282576866764276
0 0.6014245585874798 0.22142806935608025 0.01953125 0.029282576866764276
0 0.5938488010117223 0.21899419283728425 0.01953125 0.029282576866764276
0 0.5770739092368304 0.21656031631848827 0.01953125 0.029282576866764276
0 0.5846496668125881 0.23927649716058416 0.01953125 0.029282576866764276
0 0.5765327836957049 0.2546910484462921 0.01953125 0.029282576866764276
0 0.5830262901892114 0.2644265545214761 0.01953125 0.029282576866764276
0 0.5814029135658348 0.2717281840778641 0.01953125 0.029282576866764276
0 0.5776150347779561 0.292821780574096 0.01953125 0.029282576866764276
0 0.5841085412714626 0.287142735363572 0.01953125 0.029282576866764276
0 0.5927665499294711 0.2903879040553 0.01953125 0.029282576866764276
0 0.6030479352108565 0.2903879040553 0.01953125 0.029282576866764276
0 0.6014245585874798 0.275784644942524 0.01953125 0.029282576866764276
0 0.5976366797996011 0.27010559973200005 0.01953125 0.029282576866764276
0 0.5927665499294711 0.2717281840778641 0.01953125 0.029282576866764276
0 0.5927665499294711 0.2546910484462921 0.01953125 0.029282576866764276
0 0.5938488010117223 0.2376539128147202 0.01953125 0.029282576866764276
0 0.5992600564229776 0.23197486760419622 0.01953125 0.029282576866764276
0 0.6100825672454886 0.23440874412299223 0.01953125 0.029282576866764276
0 0.6154938226567438 0.23603132846885616 0.01953125 0.029282576866764276
0 0.6133293204922418 0.24333295802524416 0.01953125 0.029282576866764276
0 0.6111648183277395 0.2603700936568161 0.01953125 0.029282576866764276
0 0.6160349481978695 0.2587475093109521 0.01953125 0.029282576866764276
0 0.6090003161632374 0.26848301538613606 0.01953125 0.029282576866764276
0 0.6068358139987353 0.2603700936568161 0.01953125 0.029282576866764276
0 0.6079180650809863 0.275784644942524 0.01953125 0.029282576866764276
0 0.590602047764969 0.24738941888990415 0.01953125 0.029282576866764276
0 0.5943899265528478 0.25144587975456417 0.01953125 0.029282576866764276
0 0.6025068096697308 0.2457668345440402 0.01953125 0.029282576866764276
0 0.6003423075052288 0.2644265545214761 0.01953125 0.029282576866764276
0 0.616576073738995 0.2068248102433043 0.01953125 0.029282576866764276
0 0.624692956855878 0.18816509026586836 0.01953125 0.029282576866764276
0 0.622528454691376 0.16382632507790842 0.01953125 0.029282576866764276
0 0.622528454691376 0.15814727986738444 0.01953125 0.029282576866764276
0 0.6360565932195145 0.15165694248392847 0.01953125 0.029282576866764276
0 0.642550099713021 0.16707149376963645 0.01953125 0.029282576866764276
0 0.642550099713021 0.1743731233260244 0.01953125 0.029282576866764276
0 0.6463379785008997 0.15327952682979248 0.01953125 0.029282576866764276
0 0.6387622209251422 0.1792408763636164 0.01953125 0.029282576866764276
0 0.6393033464662677 0.19384413547639232 0.01953125 0.029282576866764276
0 0.630645337808259 0.19059896678466437 0.01953125 0.029282576866764276
0 0.6206345152974364 0.290185081012067 0.01953125 0.029282576866764276
0 0.6122470694099905 0.28693991232033905 0.01953125 0.029282576866764276
0 0.6184700131329343 0.27395923755342705 0.01953125 0.029282576866764276
0 0.6184700131329343 0.2682801923429031 0.01953125 0.029282576866764276
0 0.6238812685441897 0.26178985495944707 0.01953125 0.029282576866764276
0 0.6233401430030642 0.24394142715494316 0.01953125 0.029282576866764276
0 0.627128021790943 0.22933816804216722 0.01953125 0.029282576866764276
0 0.6209050780679992 0.21716878544818727 0.01953125 0.029282576866764276
0 0.6252340823970035 0.2074332793730033 0.01953125 0.029282576866764276
0 0.6306453378082589 0.22203653848577926 0.01953125 0.029282576866764276
0 0.6390327836957049 0.2037824645948093 0.01953125 0.029282576866764276
0 0.648231917894839 0.20905586371886734 0.01953125 0.029282576866764276
0 0.6512081083710295 0.19972600373014937 0.01953125 0.029282576866764276
0 0.6555371127000339 0.20499940285420734 0.01953125 0.029282576866764276
0 0.6501258572887785 0.18958485156849933 0.01953125 0.029282576866764276
0 0.6474202295831507 0.18390580635797538 0.01953125 0.029282576866764276
0 0.6512081083710295 0.17417030028279143 0.01953125 0.029282576866764276
0 0.6539137360766573 0.17133077767752944 0.01953125 0.029282576866764276
0 0.6549959871589083 0.1778211150609854 0.01953125 0.029282576866764276
0 0.6639245585874797 0.17051948550459745 0.01953125 0.029282576866764276
0 0.6747470694099905 0.1745759463692574 0.01953125 0.029282576866764276
0 0.6701475023104234 0.1875566211361694 0.01953125 0.029282576866764276
0 0.6614894936524147 0.19201872808729537 0.01953125 0.029282576866764276
0 0.6614894936524147 0.18633968287677138 0.01953125 0.029282576866764276
0 0.6750176321805533 0.20175423416247928 0.01953125 0.029282576866764276
0 0.6650068096697308 0.21351797066999328 0.01953125 0.029282576866764276
0 0.6558076754705966 0.21554620110232328 0.01953125 0.029282576866764276
0 0.6474202295831507 0.21919701588051727 0.01953125 0.029282576866764276
0 0.6433617880247091 0.23988496629028316 0.01953125 0.029282576866764276
0 0.637679969842891 0.23258333673389522 0.01953125 0.029282576866764276
0 0.6441734763363975 0.23136639847449722 0.01953125 0.029282576866764276
0 0.6406561603190813 0.22081960022638125 0.01953125 0.029282576866764276
0 0.6341626538255749 0.24637530367373914 0.01953125 0.029282576866764276
0 0.6330804027433239 0.26016727061358313 0.01953125 0.029282576866764276
0 0.6347037793667004 0.2767987601586891 0.01953125 0.029282576866764276
0 0.6268574590203801 0.27111971494816506 0.01953125 0.029282576866764276
0 0.6349743421372632 0.286534266233873 0.01953125 0.029282576866764276
0 0.6317275888905101 0.310873031421833 0.01953125 0.029282576866764276
0 0.6273985845615057 0.291807665357931 0.01953125 0.029282576866764276
0 0.6249635196264408 0.304382694038377 0.01953125 0.029282576866764276
0 0.651749233912155 0.303977047951911 0.01953125 0.029282576866764276
0 0.644714601877523 0.288968142752669 0.01953125 0.029282576866764276
0 0.6471496668125879 0.2690914845158351 0.01953125 0.029282576866764276
0 0.6503964200593412 0.25976162452711715 0.01953125 0.029282576866764276
0 0.6398444720073931 0.25976162452711715 0.01953125 0.029282576866764276
0 0.6593249914879126 0.24840353410606913 0.01953125 0.029282576866764276
0 0.6609483681112892 0.26260114713237914 0.01953125 0.029282576866764276
0 0.6574310520939732 0.27233665320756306 0.01953125 0.029282576866764276
0 0.6563488010117221 0.290996373184999 0.01953125 0.029282576866764276
0 0.6593249914879126 0.303165755778979 0.01953125 0.029282576866764276
0 0.667171311834233 0.290996373184999 0.01953125 0.029282576866764276
0 0.6728531300160512 0.295458480136125 0.01953125 0.029282576866764276
0 0.6723120044749257 0.25895033235418513 0.01953125 0.029282576866764276
0 0.6663596235225447 0.2427244888955452 0.01953125 0.029282576866764276
0 0.675558757721679 0.24191319672261322 0.01953125 0.029282576866764276
0 0.6828639525268737 0.25976162452711715 0.01953125 0.029282576866764276
0 0.6831345152974364 0.26990277668876705 0.01953125 0.029282576866764276
0 0.6855695802325013 0.29383589579026104 0.01953125 0.029282576866764276
0 0.6953098399727612 0.2857229740609411 0.01953125 0.029282576866764276
0 0.6915219611848823 0.2670632540835051 0.01953125 0.029282576866764276
0 0.6982860304489517 0.26097856278651516 0.01953125 0.029282576866764276
0 0.7042384114013326 0.25976162452711715 0.01953125 0.029282576866764276
0 0.7107319178948391 0.2694971306023011 0.01953125 0.029282576866764276
0 0.7028855975485188 0.305599632297775 0.01953125 0.029282576866764276
0 0.6907102728731941 0.305193986211309 0.01953125 0.029282576866764276
0 0.7215544287173499 0.303165755778979 0.01953125 0.029282576866764276
0 0.7385998832628045 0.304382694038377 0.01953125 0.029282576866764276
0 0.7477990174619387 0.306816570557173 0.01953125 0.029282576866764276
0 0.7442817014446226 0.28531732797447507 0.01953125 0.029282576866764276
0 0.7331886278515489 0.27193100712109713 0.01953125 0.029282576866764276
0 0.7312946884576096 0.27963828276395103 0.01953125 0.029282576866764276
0 0.7193899265528477 0.26260114713237914 0.01953125 0.029282576866764276
0 0.7196604893234104 0.24840353410606913 0.01953125 0.029282576866764276
0 0.7115436062065273 0.24029061237674923 0.01953125 0.029282576866764276
0 0.7026150347779558 0.2772044062451551 0.01953125 0.029282576866764276
0 0.6966626538255749 0.2406962584632152 0.01953125 0.029282576866764276
0 0.7023444720073931 0.23988496629028316 0.01953125 0.029282576866764276
0 0.6996388443017655 0.23339462890682725 0.01953125 0.029282576866764276
0 0.6874635196264408 0.24353578106847715 0.01953125 0.029282576866764276
0 0.6806994503623716 0.23136639847449722 0.01953125 0.029282576866764276
0 0.6701475023104234 0.23136639847449722 0.01953125 0.029282576866764276
0 0.6606778053407265 0.23258333673389522 0.01953125 0.029282576866764276
0 0.6536431733060943 0.23136639847449722 0.01953125 0.029282576866764276
0 0.6666301862931073 0.22000830805344926 0.01953125 0.029282576866764276
0 0.6769115715744928 0.21432926284292528 0.01953125 0.029282576866764276
0 0.6834050780679993 0.20337681850834335 0.01953125 0.029282576866764276
0 0.680158324821246 0.18796226722263537 0.01953125 0.029282576866764276
0 0.6828639525268737 0.17335900810985944 0.01953125 0.029282576866764276
0 0.6907102728731941 0.17822676114745142 0.01953125 0.029282576866764276
0 0.6888163334792545 0.18917920548203337 0.01953125 0.029282576866764276
0 0.6869223940853152 0.19648083503842137 0.01953125 0.029282576866764276
0 0.7009916581545794 0.20215988024894535 0.01953125 0.029282576866764276
0 0.6909808356437568 0.20459375676774136 0.01953125 0.029282576866764276
0 0.7088379785008997 0.20337681850834335 0.01953125 0.029282576866764276
0 0.6890868962498174 0.22406476891810925 0.01953125 0.029282576866764276
0 0.6907102728731941 0.2127066784970613 0.01953125 0.029282576866764276
0 0.7118141689770902 0.21635749327525527 0.01953125 0.029282576866764276
0 0.7007210953840165 0.22000830805344926 0.01953125 0.029282576866764276
0 0.7158726105355318 0.20783892545946933 0.01953125 0.029282576866764276
0 0.7245306191935403 0.21635749327525527 0.01953125 0.029282576866764276
0 0.7307535629164841 0.23055510630156523 0.01953125 0.029282576866764276
0 0.7156020477649688 0.23136639847449722 0.01953125 0.029282576866764276
0 0.707214601877523 0.23177204456096318 0.01953125 0.029282576866764276
0 0.7361648183277395 0.22487606109104125 0.01953125 0.029282576866764276
0 0.7307535629164841 0.22203653848577926 0.01953125 0.029282576866764276
0 0.7523985845615058 0.2260929993504393 0.01953125 0.029282576866764276
0 0.7448228269857482 0.24637530367373914 0.01953125 0.029282576866764276
0 0.7402232598861811 0.25327128714366115 0.01953125 0.029282576866764276
0 0.7526691473320685 0.26544066973764113 0.01953125 0.029282576866764276
0 0.7518574590203801 0.2605729167000491 0.01953125 0.029282576866764276
0 0.7545630867260079 0.2512430567113312 0.01953125 0.029282576866764276
0 0.7350825672454884 0.24475271932787515 0.01953125 0.029282576866764276
0 0.7553747750376961 0.28410038971507706 0.01953125 0.029282576866764276
0 0.7553747750376961 0.27963828276395103 0.01953125 0.029282576866764276
0 0.7494223940853152 0.1790380533203834 0.01953125 0.029282576866764276
0 0.7334591906221118 0.1822832220121114 0.01953125 0.029282576866764276
0 0.7294007490636703 0.19404695851962536 0.01953125 0.029282576866764276
0 0.7204721776350989 0.19080178982789736 0.01953125 0.029282576866764276
0 0.707214601877523 0.18917920548203337 0.01953125 0.029282576866764276
0 0.6963920910550122 0.18917920548203337 0.01953125 0.029282576866764276
0 0.7088379785008997 0.17051948550459745 0.01953125 0.029282576866764276
0 0.7191193637822849 0.1745759463692574 0.01953125 0.029282576866764276
0 0.7302124373753586 0.17173642376399545 0.01953125 0.029282576866764276
0 0.7239894936524148 0.15997268725648145 0.01953125 0.029282576866764276
0 0.7315652512281724 0.1603783333429475 0.01953125 0.029282576866764276
0 0.7361648183277395 0.14780330466250152 0.01953125 0.029282576866764276
0 0.7342708789338 0.13685086032791957 0.01953125 0.029282576866764276
0 0.7291301862931074 0.1498315350948315 0.01953125 0.029282576866764276
0 0.7174959871589083 0.1526710577000935 0.01953125 0.029282576866764276
0 0.7091085412714624 0.15104847335422947 0.01953125 0.029282576866764276
0 0.7047795369424581 0.15469928813242348 0.01953125 0.029282576866764276
0 0.7020739092368304 0.1498315350948315 0.01953125 0.029282576866764276
0 0.6934159005788216 0.14820895074896748 0.01953125 0.029282576866764276
0 0.6963920910550122 0.16281220986174347 0.01953125 0.029282576866764276
0 0.689628021790943 0.16240656377527746 0.01953125 0.029282576866764276
0 0.6863812685441897 0.1514541194406955 0.01953125 0.029282576866764276
0 0.6779938226567438 0.16281220986174347 0.01953125 0.029282576866764276
0 0.6769115715744928 0.15388799595949149 0.01953125 0.029282576866764276
0 0.6693358139987351 0.15348234987302548 0.01953125 0.029282576866764276
0 0.6717708789338 0.16767996289933546 0.01953125 0.029282576866764276
0 0.7523985845615058 0.15632187247828747 0.01953125 0.029282576866764276
0 0.7540219611848823 0.14658636640310352 0.01953125 0.029282576866764276
0 0.7477990174619387 0.14536942814370551 0.01953125 0.029282576866764276
0 0.7450933897563109 0.14536942814370551 0.01953125 0.029282576866764276
0 0.755645337808259 0.22568735326397324 0.01953125 0.029282576866764276
0 0.34533689624981734 0.2399863778118996 0.01953125 0.029282576866764276
0 0.3366788875918087 0.2405948469415986 0.01953125 0.029282576866764276
0 0.7615977187606401 0.3058024553410079 0.01953125 0.029282576866764276
0 0.764303346466268 0.284708858844776 0.01953125 0.029282576866764276
0 0.7621388443017657 0.2717281840778641 0.01953125 0.029282576866764276
0 0.7729613551242764 0.26767172321320404 0.01953125 0.029282576866764276
0 0.7854072425701639 0.30012341013048394 0.01953125 0.029282576866764276
0 0.7789137360766575 0.28957661188236805 0.01953125 0.029282576866764276
0 0.773502480665402 0.30742503968687196 0.01953125 0.029282576866764276
0 0.7891951213580427 0.287142735363572 0.01953125 0.029282576866764276
0 0.7837838659467873 0.27010559973200005 0.01953125 0.029282576866764276
0 0.7864894936524149 0.2603700936568161 0.01953125 0.029282576866764276
0 0.7789137360766575 0.25306846410042816 0.01953125 0.029282576866764276
0 0.7827016148645362 0.24738941888990415 0.01953125 0.029282576866764276
0 0.7702557274186487 0.24414425019817615 0.01953125 0.029282576866764276
0 0.7707968529597743 0.2603700936568161 0.01953125 0.029282576866764276
0 0.7843249914879128 0.2222393615290122 0.01953125 0.029282576866764276
0 0.7697146018775232 0.23035228325833224 0.01953125 0.029282576866764276
0 0.7724202295831509 0.2019570572057123 0.01953125 0.029282576866764276
0 0.7621388443017657 0.21980548501021624 0.01953125 0.029282576866764276
0 0.7827016148645362 0.20844739458916833 0.01953125 0.029282576866764276
0 0.7762081083710297 0.21250385545382827 0.01953125 0.029282576866764276
0 0.7837838659467873 0.1987118885139843 0.01953125 0.029282576866764276
0 0.7908184979814195 0.1816747528824124 0.01953125 0.029282576866764276
0 0.7891951213580427 0.15976986421324846 0.01953125 0.029282576866764276
0 0.778372610535532 0.16788278594256842 0.01953125 0.029282576866764276
0 0.7648444720073934 0.15652469552152048 0.01953125 0.029282576866764276
0 0.7588920910550124 0.14841177379220052 0.01953125 0.029282576866764276
0 0.7978531300160514 0.1622037407320445 0.01953125 0.029282576866764276
0 0.8043466365095578 0.15571340334858846 0.01953125 0.029282576866764276
0 0.7951475023104236 0.1394875598899485 0.01953125 0.029282576866764276
0 0.8222037793667007 0.12163913208544454 0.01953125 0.029282576866764276
0 0.8216626538255751 0.1370536833711525 0.01953125 0.029282576866764276
0 0.8162513984143197 0.15246823465686052 0.01953125 0.029282576866764276
0 0.8102990174619389 0.15327952682979248 0.01953125 0.029282576866764276
0 0.8222037793667007 0.17356183115309243 0.01953125 0.029282576866764276
0 0.8097578919208133 0.16544890942377244 0.01953125 0.029282576866764276
0 0.8000176321805536 0.1792408763636164 0.01953125 0.029282576866764276
0 0.8075933897563111 0.18410862940120837 0.01953125 0.029282576866764276
0 0.8157102728731942 0.19384413547639232 0.01953125 0.029282576866764276
0 0.8016410088039302 0.19059896678466437 0.01953125 0.029282576866764276
0 0.8108401430030644 0.2027683493786443 0.01953125 0.029282576866764276
0 0.80651113867406 0.20763610241623628 0.01953125 0.029282576866764276
0 0.7994765066394279 0.20520222589744028 0.01953125 0.029282576866764276
0 0.8054288875918089 0.2222393615290122 0.01953125 0.029282576866764276
0 0.7929830001459214 0.2222393615290122 0.01953125 0.029282576866764276
0 0.7946063767692981 0.2417103736793802 0.01953125 0.029282576866764276
0 0.8038055109684323 0.24738941888990415 0.01953125 0.029282576866764276
0 0.7978531300160514 0.2546910484462921 0.01953125 0.029282576866764276
0 0.80651113867406 0.2717281840778641 0.01953125 0.029282576866764276
0 0.7967708789338003 0.2717281840778641 0.01953125 0.029282576866764276
0 0.8005587577216792 0.28552015101770806 0.01953125 0.029282576866764276
0 0.7929830001459214 0.2717281840778641 0.01953125 0.029282576866764276
0 0.8113812685441899 0.2903879040553 0.01953125 0.029282576866764276
0 0.8081345152974366 0.3114815005515319 0.01953125 0.029282576866764276
0 0.7962297533926747 0.30661374751394 0.01953125 0.029282576866764276
0 0.8222037793667007 0.3114815005515319 0.01953125 0.029282576866764276
0 0.8319440391069604 0.30742503968687196 0.01953125 0.029282576866764276
0 0.8438488010117223 0.3268960518372399 0.01953125 0.029282576866764276
0 0.8568358139987353 0.3171605457620559 0.01953125 0.029282576866764276
0 0.8330262901892116 0.292821780574096 0.01953125 0.029282576866764276
0 0.852506809669731 0.29119919622823204 0.01953125 0.029282576866764276
0 0.8427665499294713 0.279841105807184 0.01953125 0.029282576866764276
0 0.8606236927866141 0.292821780574096 0.01953125 0.029282576866764276
0 0.8552124373753588 0.3058024553410079 0.01953125 0.029282576866764276
0 0.8752340823970037 0.3155379614161919 0.01953125 0.029282576866764276
0 0.8746929568558782 0.29606694926582394 0.01953125 0.029282576866764276
0 0.8957968529597742 0.3155379614161919 0.01953125 0.029282576866764276
0 0.8882210953840167 0.292821780574096 0.01953125 0.029282576866764276
0 0.8838920910550124 0.28308627449891205 0.01953125 0.029282576866764276
0 0.8730695802325015 0.28308627449891205 0.01953125 0.029282576866764276
0 0.878480835643757 0.27821852146132 0.01953125 0.029282576866764276
0 0.8676583248212463 0.2733507684237281 0.01953125 0.029282576866764276
0 0.8562946884576098 0.2741620605966601 0.01953125 0.029282576866764276
0 0.8995847317476532 0.29444436491996 0.01953125 0.029282576866764276
0 0.9147362468991682 0.28957661188236805 0.01953125 0.029282576866764276
0 0.9212297533926747 0.30417987099514393 0.01953125 0.029282576866764276
0 0.9342167663796876 0.3058024553410079 0.01953125 0.029282576866764276
0 0.9325933897563111 0.292821780574096 0.01953125 0.029282576866764276
0 0.9271821343450557 0.2725394762507961 0.01953125 0.029282576866764276
0 0.9141951213580427 0.2717281840778641 0.01953125 0.029282576866764276
0 0.9509916581545796 0.3114815005515319 0.01953125 0.029282576866764276
0 0.9672254243883458 0.3139153770703279 0.01953125 0.029282576866764276
0 0.9818358139987353 0.3187831301079199 0.01953125 0.029282576866764276
0 0.998610705773627 0.3122927927244639 0.01953125 0.029282576866764276
0 0.998610705773627 0.29444436491996 0.01953125 0.029282576866764276
0 0.9829180650809863 0.29606694926582394 0.01953125 0.029282576866764276
0 0.9683076754705968 0.29119919622823204 0.01953125 0.029282576866764276
0 0.9569440391069604 0.292821780574096 0.01953125 0.029282576866764276
0 0.9423336494965708 0.29119919622823204 0.01953125 0.029282576866764276
0 0.9439570261199474 0.275784644942524 0.01953125 0.029282576866764276
0 0.9569440391069604 0.2733507684237281 0.01953125 0.029282576866764276
0 0.9710133031762246 0.275784644942524 0.01953125 0.029282576866764276
0 0.9883293204922418 0.2717281840778641 0.01953125 0.029282576866764276
0 0.9980695802325017 0.25550234061922417 0.01953125 0.029282576866764276
0 0.9840003161632376 0.2587475093109521 0.01953125 0.029282576866764276
0 0.9769656841286055 0.2587475093109521 0.01953125 0.029282576866764276
0 0.9677665499294713 0.2644265545214761 0.01953125 0.029282576866764276
0 0.9596496668125881 0.2563136327921561 0.01953125 0.029282576866764276
0 0.9461215282844496 0.2563136327921561 0.01953125 0.029282576866764276
0 0.9320522642151856 0.25550234061922417 0.01953125 0.029282576866764276
0 0.9228531300160514 0.25306846410042816 0.01953125 0.029282576866764276
0 0.9082427404056617 0.2587475093109521 0.01953125 0.029282576866764276
0 0.9147362468991682 0.2587475093109521 0.01953125 0.029282576866764276
0 0.8757752079381292 0.2587475093109521 0.01953125 0.029282576866764276
0 0.8936323507952723 0.25306846410042816 0.01953125 0.029282576866764276
0 0.8990436062065275 0.2376539128147202 0.01953125 0.029282576866764276
0 0.8871388443017657 0.23603132846885616 0.01953125 0.029282576866764276
0 0.8746929568558782 0.2376539128147202 0.01953125 0.029282576866764276
0 0.8638704460333673 0.23927649716058416 0.01953125 0.029282576866764276
0 0.8622470694099907 0.2587475093109521 0.01953125 0.029282576866764276
0 0.8470955542584756 0.23603132846885616 0.01953125 0.029282576866764276
0 0.8443899265528478 0.24495554237110814 0.01953125 0.029282576866764276
0 0.8389786711415925 0.24333295802524416 0.01953125 0.029282576866764276
0 0.8297795369424583 0.24008778933351616 0.01953125 0.029282576866764276
0 0.8216626538255751 0.25550234061922417 0.01953125 0.029282576866764276
0 0.8346496668125881 0.25550234061922417 0.01953125 0.029282576866764276
0 0.8324851646480861 0.2717281840778641 0.01953125 0.029282576866764276
0 0.819498151661073 0.2725394762507961 0.01953125 0.029282576866764276
0 0.8238271559900774 0.2903879040553 0.01953125 0.029282576866764276
0 0.8119223940853154 0.2587475093109521 0.01953125 0.029282576866764276
0 0.8167925239554453 0.24333295802524416 0.01953125 0.029282576866764276
0 0.8184159005788219 0.21899419283728425 0.01953125 0.029282576866764276
0 0.8281561603190816 0.2222393615290122 0.01953125 0.029282576866764276
0 0.8389786711415925 0.22629582239367224 0.01953125 0.029282576866764276
0 0.8222037793667007 0.20439093372450834 0.01953125 0.029282576866764276
0 0.8276150347779561 0.19546671982225636 0.01953125 0.029282576866764276
0 0.8303206624835838 0.1792408763636164 0.01953125 0.029282576866764276
0 0.8308617880247093 0.16544890942377244 0.01953125 0.029282576866764276
0 0.8373552945182159 0.15895857204031646 0.01953125 0.029282576866764276
0 0.8270739092368306 0.1500343581380645 0.01953125 0.029282576866764276
0 0.8314029135658348 0.15165694248392847 0.01953125 0.029282576866764276
0 0.8416842988472201 0.13624239119822049 0.01953125 0.029282576866764276
0 0.8324851646480861 0.13624239119822049 0.01953125 0.029282576866764276
0 0.8303206624835838 0.13624239119822049 0.01953125 0.029282576866764276
0 0.8335674157303371 0.12163913208544454 0.01953125 0.029282576866764276
0 0.8281561603190816 0.11190362601026059 0.01953125 0.029282576866764276
0 0.8422254243883458 0.12163913208544454 0.01953125 0.029282576866764276
0 0.85142455858748 0.11920525556664854 0.01953125 0.029282576866764276
0 0.8492600564229777 0.13624239119822049 0.01953125 0.029282576866764276
0 0.8465544287173501 0.14760048161926853 0.01953125 0.029282576866764276
0 0.8373552945182159 0.14841177379220052 0.01953125 0.029282576866764276
0 0.8481778053407266 0.19627801199518835 0.01953125 0.029282576866764276
0 0.840602047764969 0.17599570767188844 0.01953125 0.029282576866764276
0 0.8373552945182159 0.16707149376963645 0.01953125 0.029282576866764276
0 0.8422254243883458 0.16139244855911244 0.01953125 0.029282576866764276
0 0.8476366797996011 0.15327952682979248 0.01953125 0.029282576866764276
0 0.8600825672454886 0.1622037407320445 0.01953125 0.029282576866764276
0 0.8660349481978695 0.1792408763636164 0.01953125 0.029282576866764276
0 0.8584591906221121 0.19303284330346032 0.01953125 0.029282576866764276
0 0.853589060751982 0.20763610241623628 0.01953125 0.029282576866764276
0 0.8438488010117223 0.20520222589744028 0.01953125 0.029282576866764276
0 0.8400609222238435 0.1987118885139843 0.01953125 0.029282576866764276
0 0.8481778053407266 0.2222393615290122 0.01953125 0.029282576866764276
0 0.864411571574493 0.22305065370194424 0.01953125 0.029282576866764276
0 0.8752340823970037 0.21574902414555627 0.01953125 0.029282576866764276
0 0.8660349481978695 0.2068248102433043 0.01953125 0.029282576866764276
0 0.8703639525268738 0.19303284330346032 0.01953125 0.029282576866764276
0 0.8806453378082593 0.18816509026586836 0.01953125 0.029282576866764276
0 0.8833509655138868 0.15895857204031646 0.01953125 0.029282576866764276
0 0.877398584561506 0.15327952682979248 0.01953125 0.029282576866764276
0 0.8719873291502505 0.13543109902528852 0.01953125 0.029282576866764276
0 0.8676583248212463 0.1443553129275405 0.01953125 0.029282576866764276
0 0.8590003161632376 0.13624239119822049 0.01953125 0.029282576866764276
0 0.8822687144316358 0.1313746381606285 0.01953125 0.029282576866764276
0 0.8730695802325015 0.12894076164183252 0.01953125 0.029282576866764276
0 0.8433076754705968 0.09324390603282469 0.01953125 0.029282576866764276
0 0.853589060751982 0.09405519820575663 0.01953125 0.029282576866764276
0 0.8617059438688652 0.09892295124334861 0.01953125 0.029282576866764276
0 0.8346496668125881 0.09405519820575663 0.01953125 0.029282576866764276
0 0.8211215282844496 0.09892295124334861 0.01953125 0.029282576866764276
0 0.8373552945182159 0.1070358729726686 0.01953125 0.029282576866764276
0 0.8454721776350991 0.10541328862680464 0.01953125 0.029282576866764276
0 0.8541301862931076 0.10460199645387261 0.01953125 0.029282576866764276
0 0.8692817014446228 0.1070358729726686 0.01953125 0.029282576866764276
0 0.8714462036091251 0.09324390603282469 0.01953125 0.029282576866764276
0 0.879563086726008 0.0883761529952327 0.01953125 0.029282576866764276
0 0.8871388443017657 0.12163913208544454 0.01953125 0.029282576866764276
0 0.890385597548519 0.10297941210800865 0.01953125 0.029282576866764276
0 0.8909267230896445 0.08756486082230068 0.01953125 0.029282576866764276
0 0.8135457707086922 0.09892295124334861 0.01953125 0.029282576866764276
0 0.903372610535532 0.08918744516816465 0.01953125 0.029282576866764276
0 0.9196063767692981 0.08188581561177669 0.01953125 0.029282576866764276
0 0.9120306191935404 0.09892295124334861 0.01953125 0.029282576866764276
0 0.9012081083710297 0.09973424341628062 0.01953125 0.029282576866764276
0 0.8811864633493848 0.10135682776214461 0.01953125 0.029282576866764276
0 0.8768574590203803 0.12001654773958058 0.01953125 0.029282576866764276
0 0.8633293204922418 0.12001654773958058 0.01953125 0.029282576866764276
0 0.8568358139987353 0.11839396339371654 0.01953125 0.029282576866764276
0 0.8898444720073933 0.13867626771701644 0.01953125 0.029282576866764276
0 0.9022903594532807 0.12731817729596853 0.01953125 0.029282576866764276
0 0.8941734763363978 0.12731817729596853 0.01953125 0.029282576866764276
0 0.9131128702757917 0.11190362601026059 0.01953125 0.029282576866764276
0 0.9271821343450557 0.1070358729726686 0.01953125 0.029282576866764276
0 0.9304288875918089 0.08918744516816465 0.01953125 0.029282576866764276
0 0.9628964200593414 0.09892295124334861 0.01953125 0.029282576866764276
0 0.9461215282844496 0.09567778255162067 0.01953125 0.029282576866764276
0 0.9477449049078261 0.08026323126591271 0.01953125 0.029282576866764276
0 0.9374635196264409 0.09324390603282469 0.01953125 0.029282576866764276
0 0.9780479352108565 0.08756486082230068 0.01953125 0.029282576866764276
0 0.9856236927866141 0.11109233383732856 0.01953125 0.029282576866764276
0 0.9969873291502506 0.10135682776214461 0.01953125 0.029282576866764276
0 0.9877881949511162 0.1281294694689005 0.01953125 0.029282576866764276
0 0.9780479352108565 0.12326171643130852 0.01953125 0.029282576866764276
0 0.9677665499294713 0.11190362601026059 0.01953125 0.029282576866764276
0 0.9223120044749259 0.13624239119822049 0.01953125 0.029282576866764276
0 0.9131128702757917 0.12894076164183252 0.01953125 0.029282576866764276
0 0.9077016148645362 0.11433750252905658 0.01953125 0.029282576866764276
0 0.898502480665402 0.11352621035612455 0.01953125 0.029282576866764276
0 0.9564029135658348 0.10297941210800865 0.01953125 0.029282576866764276
0 0.9390868962498177 0.11433750252905658 0.01953125 0.029282576866764276
0 0.9407102728731941 0.12407300860424053 0.01953125 0.029282576866764276
0 0.9472037793667006 0.12731817729596853 0.01953125 0.029282576866764276
0 0.9369223940853154 0.1370536833711525 0.01953125 0.029282576866764276
0 0.9309700131329344 0.15733598769445248 0.01953125 0.029282576866764276
0 0.9217708789338002 0.15571340334858846 0.01953125 0.029282576866764276
0 0.9114894936524149 0.14760048161926853 0.01953125 0.029282576866764276
0 0.9039137360766575 0.14841177379220052 0.01953125 0.029282576866764276
0 0.8974202295831509 0.14516660510047255 0.01953125 0.029282576866764276
0 0.9066193637822851 0.16139244855911244 0.01953125 0.029282576866764276
0 0.8947146018775232 0.1792408763636164 0.01953125 0.029282576866764276
0 0.8974202295831509 0.15976986421324846 0.01953125 0.029282576866764276
0 0.8860565932195145 0.17112795463429645 0.01953125 0.029282576866764276
0 0.8995847317476532 0.1784295841906844 0.01953125 0.029282576866764276
0 0.9104072425701639 0.17599570767188844 0.01953125 0.029282576866764276
0 0.9028314849944065 0.18573121374707238 0.01953125 0.029282576866764276
0 0.8936323507952723 0.18816509026586836 0.01953125 0.029282576866764276
0 0.8941734763363978 0.19627801199518835 0.01953125 0.029282576866764276
0 0.8893033464662677 0.19708930416812032 0.01953125 0.029282576866764276
0 0.8909267230896445 0.21006997893503226 0.01953125 0.029282576866764276
0 0.8811864633493848 0.1987118885139843 0.01953125 0.029282576866764276
0 0.898502480665402 0.21980548501021624 0.01953125 0.029282576866764276
0 0.8898444720073933 0.22305065370194424 0.01953125 0.029282576866764276
0 0.9104072425701639 0.21899419283728425 0.01953125 0.029282576866764276
0 0.9125717447346662 0.21006997893503226 0.01953125 0.029282576866764276
0 0.9152773724402937 0.18816509026586836 0.01953125 0.029282576866764276
0 0.9022903594532807 0.20114576503278028 0.01953125 0.029282576866764276
0 0.9315111386740599 0.23278615977712822 0.01953125 0.029282576866764276
0 0.9233942555571769 0.23278615977712822 0.01953125 0.029282576866764276
0 0.917441874604796 0.2376539128147202 0.01953125 0.029282576866764276
0 0.9401691473320687 0.2027683493786443 0.01953125 0.029282576866764276
0 0.9277232598861812 0.18978767461173238 0.01953125 0.029282576866764276
0 0.9260998832628047 0.19952318068691635 0.01953125 0.029282576866764276
0 0.9401691473320687 0.18573121374707238 0.01953125 0.029282576866764276
0 0.9336756408385621 0.17599570767188844 0.01953125 0.029282576866764276
0 0.9228531300160514 0.17356183115309243 0.01953125 0.029282576866764276
0 0.964519796682718 0.22142806935608025 0.01953125 0.029282576866764276
0 0.9526150347779561 0.21899419283728425 0.01953125 0.029282576866764276
0 0.9450392772021986 0.18978767461173238 0.01953125 0.029282576866764276
0 0.9526150347779561 0.2027683493786443 0.01953125 0.029282576866764276
0 0.9639786711415925 0.19708930416812032 0.01953125 0.029282576866764276
0 0.9526150347779561 0.18735379809293637 0.01953125 0.029282576866764276
0 0.9683076754705968 0.1816747528824124 0.01953125 0.029282576866764276
0 0.9585674157303371 0.17112795463429645 0.01953125 0.029282576866764276
0 0.9477449049078261 0.1622037407320445 0.01953125 0.029282576866764276
0 0.9574851646480861 0.15409081900272445 0.01953125 0.029282576866764276
0 0.9444981516610729 0.15165694248392847 0.01953125 0.029282576866764276
0 0.9434159005788219 0.13867626771701644 0.01953125 0.029282576866764276
0 0.9618141689770904 0.14192143640874452 0.01953125 0.029282576866764276
0 0.9509916581545796 0.1394875598899485 0.01953125 0.029282576866764276
0 0.9683076754705968 0.15165694248392847 0.01953125 0.029282576866764276
0 0.9834591906221121 0.1402988520628805 0.01953125 0.029282576866764276
0 0.977506809669731 0.13299722250649246 0.01953125 0.029282576866764276
0 0.997528454691376 0.11677137904785258 0.01953125 0.029282576866764276
0 0.9959050780679993 0.14597789727340452 0.01953125 0.029282576866764276
0 0.9780479352108565 0.1816747528824124 0.01953125 0.029282576866764276
0 0.9818358139987353 0.16869407811550044 0.01953125 0.029282576866764276
0 0.9964462036091251 0.18491992157414033 0.01953125 0.029282576866764276
0 0.9921171992801205 0.2068248102433043 0.01953125 0.029282576866764276
0 0.9829180650809863 0.20763610241623628 0.01953125 0.029282576866764276
0 0.9753423075052288 0.20114576503278028 0.01953125 0.029282576866764276
0 0.9737189308818524 0.2133151476267603 0.01953125 0.029282576866764276
0 0.9877881949511162 0.2133151476267603 0.01953125 0.029282576866764276
0 0.9926583248212463 0.23846520498765217 0.01953125 0.029282576866764276
0 0.9791301862931076 0.23440874412299223 0.01953125 0.029282576866764276
0 0.9520739092368306 0.2417103736793802 0.01953125 0.029282576866764276
0 0.9363812685441899 0.22467323804780823 0.01953125 0.029282576866764276
0 0.9380046451675664 0.2335974519500602 0.01953125 0.029282576866764276
0 0.9250176321805534 0.21899419283728425 0.01953125 0.029282576866764276
0 0.9158184979814195 0.21656031631848827 0.01953125 0.029282576866764276
0 0.10548300014592141 0.3936248330608967 0.01953125 0.029282576866764276
0 0.1184700131329344 0.3956530634932266 0.01953125 0.029282576866764276
0 0.12631633347925475 0.38794578785037265 0.01953125 0.029282576866764276
0 0.13253927720219846 0.3952474174067606 0.01953125 0.029282576866764276
0 0.1376799698428911 0.38632320350450866 0.01953125 0.029282576866764276
0 0.14498516464808595 0.38348368089924667 0.01953125 0.029282576866764276
0 0.14958473174765302 0.39078531045563464 0.01953125 0.029282576866764276
0 0.14092672308964435 0.3936248330608967 0.01953125 0.029282576866764276
0 0.1276691473320686 0.4094450304330706 0.01953125 0.029282576866764276
0 0.1257752079381292 0.42364264345938046 0.01953125 0.029282576866764276
0 0.1360565932195145 0.43013298084283647 0.01953125 0.029282576866764276
0 0.14227953694245823 0.4228313512864485 0.01953125 0.029282576866764276
0 0.15201979668271795 0.4272934582375746 0.01953125 0.029282576866764276
0 0.14444403910696038 0.41025632260600264 0.01953125 0.029282576866764276
0 0.16176005642297772 0.4248595817187786 0.01953125 0.029282576866764276
0 0.15770161486453615 0.42364264345938046 0.01953125 0.029282576866764276
0 0.15337261053553183 0.4179635982488566 0.01953125 0.029282576866764276
0 0.15499598715890844 0.4049829234819446 0.01953125 0.029282576866764276
0 0.15012585728877859 0.40011517044435263 0.01953125 0.029282576866764276
0 0.1593249914879128 0.38104980438045066 0.01953125 0.029282576866764276
0 0.15607823824115952 0.3899740182827026 0.01953125 0.029282576866764276
0 0.16203061919354048 0.3976812939255566 0.01953125 0.029282576866764276
0 0.1663596235225448 0.4045772773954786 0.01953125 0.029282576866764276
0 0.16690074906367036 0.4199918286811866 0.01953125 0.029282576866764276
0 0.17637044603336732 0.4244539356323125 0.01953125 0.029282576866764276
0 0.1758293204922418 0.4171523060759246 0.01953125 0.029282576866764276
0 0.18881633347925475 0.4171523060759246 0.01953125 0.029282576866764276
0 0.18286395252687382 0.4094450304330706 0.01953125 0.029282576866764276
0 0.1766410088039301 0.3993038782714206 0.01953125 0.029282576866764276
0 0.17447650663942793 0.38632320350450866 0.01953125 0.029282576866764276
0 0.16852412568704697 0.38104980438045066 0.01953125 0.029282576866764276
0 0.16527737244029372 0.38794578785037265 0.01953125 0.029282576866764276
0 0.18151113867405996 0.3794272200345867 0.01953125 0.029282576866764276
0 0.18421676637968767 0.38510626524511066 0.01953125 0.029282576866764276
0 0.1847578919208132 0.39200224871503264 0.01953125 0.029282576866764276
0 0.1866518313147526 0.3968700017526246 0.01953125 0.029282576866764276
0 0.19368646334938466 0.4082280921736726 0.01953125 0.029282576866764276
0 0.1958509655138868 0.39078531045563464 0.01953125 0.029282576866764276
0 0.19233364949657078 0.3794272200345867 0.01953125 0.029282576866764276
0 0.19260421226713356 0.3729368826511307 0.01953125 0.029282576866764276
0 0.1996388443017656 0.3721255904781987 0.01953125 0.029282576866764276
0 0.2004505326134539 0.37983286612105266 0.01953125 0.029282576866764276
0 0.22290724257016387 0.3855119113315767 0.01953125 0.029282576866764276
0 0.21154360620652748 0.38956837219623663 0.01953125 0.029282576866764276
0 0.21046135512427644 0.38348368089924667 0.01953125 0.029282576866764276
0 0.20802629018921148 0.36766348352707273 0.01953125 0.029282576866764276
0 0.20829685295977424 0.3782102817751887 0.01953125 0.029282576866764276
0 0.218037112700034 0.3725312365646647 0.01953125 0.029282576866764276
0 0.22750680966973097 0.40254904696314864 0.01953125 0.029282576866764276
0 0.22831849798141926 0.3980869400120226 0.01953125 0.029282576866764276
0 0.2172254243883457 0.4037659852225466 0.01953125 0.029282576866764276
0 0.21614317330609462 0.4130958452112646 0.01953125 0.029282576866764276
0 0.20450897417189548 0.4114732608654006 0.01953125 0.029282576866764276
0 0.20640291356583482 0.4037659852225466 0.01953125 0.029282576866764276
0 0.20559122525414653 0.3924078948014986 0.01953125 0.029282576866764276
0 0.1961215282844496 0.4208031208541185 0.01953125 0.029282576866764276
0 0.22371893088185218 0.4122845530383325 0.01953125 0.029282576866764276
0 0.23183581399873532 0.4114732608654006 0.01953125 0.029282576866764276
0 0.24347001313293445 0.4094450304330706 0.01953125 0.029282576866764276
0 0.23968213434505564 0.40011517044435263 0.01953125 0.029282576866764276
0 0.2399526971156184 0.3924078948014986 0.01953125 0.029282576866764276
0 0.2383293204922418 0.38348368089924667 0.01953125 0.029282576866764276
0 0.23670594386886515 0.3782102817751887 0.01953125 0.029282576866764276
0 0.22940074906367036 0.3838893269857127 0.01953125 0.029282576866764276
0 0.22831849798141926 0.36928606787293666 0.01953125 0.029282576866764276
0 0.22480118196410329 0.3644183148353447 0.01953125 0.029282576866764276
0 0.2364353810983024 0.36644654526767473 0.01953125 0.029282576866764276
0 0.2464462036091249 0.38267238872631465 0.01953125 0.029282576866764276
0 0.2467167663796877 0.3753707591699267 0.01953125 0.029282576866764276
0 0.24563451529743657 0.3652296070082767 0.01953125 0.029282576866764276
0 0.24049382265674396 0.35671103919249075 0.01953125 0.029282576866764276
0 0.25131633347925475 0.35833362353835474 0.01953125 0.029282576866764276
0 0.2632210953840166 0.3721255904781987 0.01953125 0.029282576866764276
0 0.2607860304489517 0.3753707591699267 0.01953125 0.029282576866764276
0 0.2588920910550124 0.3782102817751887 0.01953125 0.029282576866764276
0 0.2588920910550124 0.38794578785037265 0.01953125 0.029282576866764276
0 0.26024490490782626 0.39970952435788665 0.01953125 0.029282576866764276
0 0.25077520793812924 0.3993038782714206 0.01953125 0.029282576866764276
0 0.27133797850089986 0.3838893269857127 0.01953125 0.029282576866764276
0 0.269985164648086 0.3725312365646647 0.01953125 0.029282576866764276
0 0.27945486161778293 0.3924078948014986 0.01953125 0.029282576866764276
0 0.2694440391069604 0.3964643556661586 0.01953125 0.029282576866764276
0 0.2680912252541466 0.39078531045563464 0.01953125 0.029282576866764276
0 0.2583509655138868 0.39484177132029463 0.01953125 0.029282576866764276
0 0.2886539958169172 0.38956837219623663 0.01953125 0.029282576866764276
0 0.28540724257016387 0.3765876974293248 0.01953125 0.029282576866764276
0 0.28676005642297775 0.38510626524511066 0.01953125 0.029282576866764276
0 0.29785313001605135 0.3838893269857127 0.01953125 0.029282576866764276
0 0.3130046451675665 0.3794272200345867 0.01953125 0.029282576866764276
0 0.27999598715890844 0.3924078948014986 0.01953125 0.029282576866764276
0 0.334920229583151 0.41755795216239044 0.01953125 0.029282576866764276
0 0.3487189308818523 0.4378402564856904 0.01953125 0.029282576866764276
0 0.3606236927866142 0.4260765199781764 0.01953125 0.029282576866764276
0 0.3560241256870471 0.4098506765195365 0.01953125 0.029282576866764276
0 0.36982282698574837 0.3871344956774405 0.01953125 0.029282576866764276
0 0.39255009971302113 0.4232369973729143 0.01953125 0.029282576866764276
0 0.3966085412714627 0.4212087669405844 0.01953125 0.029282576866764276
0 0.4074310520939735 0.4289160425834384 0.01953125 0.029282576866764276
0 0.4098661170290384 0.4260765199781764 0.01953125 0.029282576866764276
0 0.4125717447346662 0.4179635982488564 0.01953125 0.029282576866764276
0 0.4171713118342332 0.4130958452112644 0.01953125 0.029282576866764276
0 0.4223120044749259 0.4037659852225465 0.01953125 0.029282576866764276
0 0.4260998832628047 0.4098506765195365 0.01953125 0.029282576866764276
0 0.4288055109684324 0.4297273347563703 0.01953125 0.029282576866764276
0 0.4244765066394281 0.4297273347563703 0.01953125 0.029282576866764276
0 0.41879468845760986 0.4264821660646424 0.01953125 0.029282576866764276
0 0.4366518313147527 0.4264821660646424 0.01953125 0.029282576866764276
0 0.43097001313293454 0.42445393563231243 0.01953125 0.029282576866764276
0 0.43908689624981767 0.41512407564359444 0.01953125 0.029282576866764276
0 0.4461215282844497 0.41106761477893444 0.01953125 0.029282576866764276
0 0.4485565932195146 0.41106761477893444 0.01953125 0.029282576866764276
0 0.4501799698428912 0.40254904696314847 0.01953125 0.029282576866764276
0 0.45261503477795617 0.39687000175262444 0.01953125 0.029282576866764276
0 0.46019079235371374 0.40254904696314847 0.01953125 0.029282576866764276
0 0.46208473174765313 0.3997095243578865 0.01953125 0.029282576866764276
0 0.4593791040420254 0.4232369973729143 0.01953125 0.029282576866764276
0 0.4485565932195146 0.4252652278052444 0.01953125 0.029282576866764276
0 0.44666265382557524 0.4212087669405844 0.01953125 0.029282576866764276
0 0.4407102728731943 0.4289160425834384 0.01953125 0.029282576866764276
0 0.45775572741864884 0.4321612112751664 0.01953125 0.029282576866764276
0 0.466954861617783 0.4049829234819444 0.01953125 0.029282576866764276
0 0.4707427404056618 0.4009264626172845 0.01953125 0.029282576866764276
0 0.4794007490636704 0.40660550782780847 0.01953125 0.029282576866764276
0 0.4783184979814194 0.4232369973729143 0.01953125 0.029282576866764276
0 0.4796713118342333 0.4309442730157684 0.01953125 0.029282576866764276
0 0.4775068096697311 0.42810475041050644 0.01953125 0.029282576866764276
0 0.47317780534072673 0.42810475041050644 0.01953125 0.029282576866764276
0 0.46966048932341076 0.4252652278052444 0.01953125 0.029282576866764276
0 0.4715544287173501 0.41755795216239044 0.01953125 0.029282576866764276
0 0.4877881949511163 0.4337837956210304 0.01953125 0.029282576866764276
0 0.4926583248212463 0.4289160425834384 0.01953125 0.029282576866764276
0 0.49292888759180903 0.41958618259472047 0.01953125 0.029282576866764276
0 0.49211719928012077 0.4122845530383325 0.01953125 0.029282576866764276
0 0.48697650663942804 0.4167466599894584 0.01953125 0.029282576866764276
0 0.49347001313293454 0.3952474174067605 0.01953125 0.029282576866764276
0 0.4945522642151856 0.38956837219623647 0.01953125 0.029282576866764276
0 0.4977990174619389 0.3859175574180426 0.01953125 0.029282576866764276
0 0.5110565932195146 0.38267238872631454 0.01953125 0.029282576866764276
0 0.514032783695705 0.4037659852225465 0.01953125 0.029282576866764276
0 0.5172795369424583 0.4130958452112644 0.01953125 0.029282576866764276
0 0.5045630867260081 0.4240482895458464 0.01953125 0.029282576866764276
0 0.5083509655138869 0.4374346103992244 0.01953125 0.029282576866764276
0 0.518902913565835 0.4394628408315543 0.01953125 0.029282576866764276
0 0.5267492339121553 0.40822809217367245 0.01953125 0.029282576866764276
0 0.5253964200593414 0.3911909565421005 0.01953125 0.029282576866764276
0 0.5237730434359649 0.4029546930496145 0.01953125 0.029282576866764276
0 0.5213379785008999 0.3915966026285665 0.01953125 0.029282576866764276
0 0.4626258572887787 0.45082093125260236 0.01953125 0.029282576866764276
0 0.49671676637968776 0.44919834690673827 0.01953125 0.029282576866764276
0 0.4691193637822852 0.4873290790345422 0.01953125 0.029282576866764276
0 0.42934663650955796 0.5132904285683662 0.01953125 0.029282576866764276
0 0.32436828153120295 0.5222146424706182 0.01953125 0.029282576866764276
0 0.32409771876064014 0.5416856546209861 0.01953125 0.029282576866764276
0 0.2951475023104237 0.5136960746548321 0.01953125 0.029282576866764276
0 0.2908184979814194 0.4792161573052223 0.01953125 0.029282576866764276
0 0.47858906075198215 0.5116678442225021 0.01953125 0.029282576866764276
0 0.47615399581691725 0.51896947377889 0.01953125 0.029282576866764276
0 0.49671676637968776 0.49787587728265814 0.01953125 0.029282576866764276
0 0.525937545600467 0.4873290790345422 0.01953125 0.029282576866764276
0 0.5237730434359649 0.49219683207213416 0.01953125 0.029282576866764276
0 0.5232319178948394 0.5076113833578421 0.01953125 0.029282576866764276
0 0.5115977187606402 0.5031492764067163 0.01953125 0.029282576866764276
0 0.514032783695705 0.4913855398992022 0.01953125 0.029282576866764276
0 0.5097037793667009 0.4930081242450662 0.01953125 0.029282576866764276
0 0.4999635196264411 0.5120734903089682 0.01953125 0.029282576866764276
0 0.4885998832628046 0.516535597260094 0.01953125 0.029282576866764276
0 0.4802124373753588 0.5282993337676081 0.01953125 0.029282576866764276
0 0.46614317330609467 0.5331670868052 0.01953125 0.029282576866764276
0 0.45396784863077 0.544930823312714 0.01953125 0.029282576866764276
0 0.4807535629164843 0.54533646939918 0.01953125 0.029282576866764276
0 0.4940111386740601 0.5461477615721121 0.01953125 0.029282576866764276
0 0.5145739092368306 0.515724305087162 0.01953125 0.029282576866764276
0 0.5229613551242764 0.537629193756326 0.01953125 0.029282576866764276
0 0.5170089741718956 0.5364122554969281 0.01953125 0.029282576866764276
0 0.49211719928012077 0.5254598111623461 0.01953125 0.029282576866764276
0 0.5278314849944065 0.51896947377889 0.01953125 0.029282576866764276
0 0.5321604893234106 0.4191805365082545 0.01953125 0.029282576866764276
0 0.5321604893234106 0.4094450304330705 0.01953125 0.029282576866764276
0 0.5343249914879129 0.3980869400120226 0.01953125 0.029282576866764276
0 0.5351366797996012 0.38226674263984867 0.01953125 0.029282576866764276
0 0.5294548616177831 0.38956837219623663 0.01953125 0.029282576866764276
0 0.5451475023104236 0.38632320350450866 0.01953125 0.029282576866764276
0 0.5429830001459215 0.38226674263984867 0.01953125 0.029282576866764276
0 0.5516410088039303 0.37942722003458657 0.01953125 0.029282576866764276
0 0.5540760737389951 0.37212559047819865 0.01953125 0.029282576866764276
0 0.555428887591809 0.3871344956774406 0.01953125 0.029282576866764276
0 0.5611107057736271 0.38348368089924667 0.01953125 0.029282576866764276
0 0.5632752079381294 0.37577640525639266 0.01953125 0.029282576866764276
0 0.5651691473320687 0.39484177132029463 0.01953125 0.029282576866764276
0 0.5727449049078264 0.39078531045563464 0.01953125 0.029282576866764276
0 0.576532783695705 0.37942722003458657 0.01953125 0.029282576866764276
0 0.5697687144316359 0.3778046356887227 0.01953125 0.029282576866764276
0 0.5713920910550124 0.38388932698571265 0.01953125 0.029282576866764276
0 0.5965544287173501 0.3753707591699267 0.01953125 0.029282576866764276
0 0.5862730434359649 0.3741538209105287 0.01953125 0.029282576866764276
0 0.5827557274186488 0.38916272610977054 0.01953125 0.029282576866764276
0 0.5873552945182159 0.3964643556661586 0.01953125 0.029282576866764276
0 0.5973661170290384 0.38916272610977054 0.01953125 0.029282576866764276
0 0.5924959871589086 0.38388932698571265 0.01953125 0.029282576866764276
0 0.6146821343450558 0.3778046356887227 0.01953125 0.029282576866764276
0 0.6019656841286055 0.3964643556661586 0.01953125 0.029282576866764276
0 0.6106236927866141 0.38348368089924667 0.01953125 0.029282576866764276
0 0.6111648183277397 0.3964643556661586 0.01953125 0.029282576866764276
0 0.6181994503623718 0.38794578785037254 0.01953125 0.029282576866764276
0 0.627398584561506 0.3765876974293247 0.01953125 0.029282576866764276
0 0.6276691473320687 0.38510626524511066 0.01953125 0.029282576866764276
0 0.6328098399727614 0.39484177132029463 0.01953125 0.029282576866764276
0 0.6230695802325016 0.3952474174067606 0.01953125 0.029282576866764276
0 0.6260457707086922 0.4167466599894585 0.01953125 0.029282576866764276
0 0.6149526971156185 0.4187748904217885 0.01953125 0.029282576866764276
0 0.5965544287173501 0.41593536781652657 0.01953125 0.029282576866764276
0 0.5835674157303371 0.41999182868118656 0.01953125 0.029282576866764276
0 0.5592167663796878 0.4220200591135165 0.01953125 0.029282576866764276
0 0.5459591906221121 0.4171523060759246 0.01953125 0.029282576866764276
0 0.53892455858748 0.43013298084283647 0.01953125 0.029282576866764276
0 0.5313488010117224 0.43662331822629247 0.01953125 0.029282576866764276
0 0.5419007490636705 0.43662331822629247 0.01953125 0.029282576866764276
0 0.5429830001459215 0.4414910712638844 0.01953125 0.029282576866764276
0 0.5467708789338003 0.44514188604207844 0.01953125 0.029282576866764276
0 0.5543466365095578 0.4443305938691464 0.01953125 0.029282576866764276
0 0.5559700131329345 0.42932168866990444 0.01953125 0.029282576866764276
0 0.5611107057736271 0.42810475041050655 0.01953125 0.029282576866764276
0 0.503480835643757 0.4114732608654006 0.01953125 0.029282576866764276
0 0.5797795369424583 0.4313499191022344 0.01953125 0.029282576866764276
0 0.575450532613454 0.4272934582375745 0.01953125 0.029282576866764276
0 0.5795089741718956 0.4228313512864485 0.01953125 0.029282576866764276
0 0.5922254243883458 0.4256708738917105 0.01953125 0.029282576866764276
0 0.5941193637822851 0.42810475041050655 0.01953125 0.029282576866764276
0 0.5927665499294713 0.43662331822629247 0.01953125 0.029282576866764276
0 0.5832968529597743 0.4528491616849324 0.01953125 0.029282576866764276
0 0.5681453378082593 0.4483870547338064 0.01953125 0.029282576866764276
0 0.5705804027433241 0.43581202605336045 0.01953125 0.029282576866764276
0 0.5976366797996012 0.4556886842901944 0.01953125 0.029282576866764276
0 0.5892492339121553 0.44351930169621445 0.01953125 0.029282576866764276
0 0.6060241256870471 0.43337814953456444 0.01953125 0.029282576866764276
0 0.6022362468991683 0.44473623995561246 0.01953125 0.029282576866764276
0 0.6138704460333675 0.4418967173503504 0.01953125 0.029282576866764276
0 0.6103531300160514 0.46420725210598035 0.01953125 0.029282576866764276
0 0.5998011819641033 0.46988629731650433 0.01953125 0.029282576866764276
0 0.5914137360766575 0.4706975894894364 0.01953125 0.029282576866764276
0 0.5843791040420254 0.4820556799104842 0.01953125 0.029282576866764276
0 0.576532783695705 0.47556534252702837 0.01953125 0.029282576866764276
0 0.5795089741718956 0.46501854427891226 0.01953125 0.029282576866764276
0 0.5724743421372634 0.46501854427891226 0.01953125 0.029282576866764276
0 0.5708509655138868 0.4613677295007184 0.01953125 0.029282576866764276
0 0.564898584561506 0.4727258199217663 0.01953125 0.029282576866764276
0 0.5556994503623718 0.47191452774883436 0.01953125 0.029282576866764276
0 0.5619223940853155 0.47840486513229036 0.01953125 0.029282576866764276
0 0.5505587577216792 0.4857064946886783 0.01953125 0.029282576866764276
0 0.5437946884576099 0.48692343294807633 0.01953125 0.029282576866764276
0 0.5373011819641034 0.4857064946886783 0.01953125 0.029282576866764276
0 0.5329721776350991 0.4954420007638623 0.01953125 0.029282576866764276
0 0.5462297533926748 0.5035549224931822 0.01953125 0.029282576866764276
0 0.536489493652415 0.5100452598766382 0.01953125 0.029282576866764276
0 0.5305371127000341 0.5076113833578422 0.01953125 0.029282576866764276
0 0.5308076754705969 0.5230259346435502 0.01953125 0.029282576866764276
0 0.60142455858748 0.48773472512100835 0.01953125 0.029282576866764276
0 0.5995306191935406 0.47840486513229036 0.01953125 0.029282576866764276
0 0.5954721776350991 0.49868716945559016 0.01953125 0.029282576866764276
0 0.5800500997130211 0.4954420007638623 0.01953125 0.029282576866764276
0 0.5719332165961379 0.4889516633804063 0.01953125 0.029282576866764276
0 0.5638163334792549 0.4942250625044643 0.01953125 0.029282576866764276
0 0.5565111386740601 0.4897629555533382 0.01953125 0.029282576866764276
0 0.5548877620506835 0.4974702311961922 0.01953125 0.029282576866764276
0 0.5727449049078264 0.5055831529255123 0.01953125 0.029282576866764276
0 0.5786972858602072 0.5145073668277642 0.01953125 0.029282576866764276
0 0.5654397101026315 0.5153186590006961 0.01953125 0.029282576866764276
0 0.5640868962498177 0.5059887990119782 0.01953125 0.029282576866764276
0 0.5638163334792549 0.5218089963841522 0.01953125 0.029282576866764276
0 0.5540760737389951 0.5303275641999382 0.01953125 0.029282576866764276
0 0.5489353810983025 0.5153186590006961 0.01953125 0.029282576866764276
0 0.5521821343450558 0.534789671151064 0.01953125 0.029282576866764276
0 0.5768033464662679 0.5331670868052002 0.01953125 0.029282576866764276
0 0.5868141689770904 0.5327614407187341 0.01953125 0.029282576866764276
0 0.5827557274186488 0.523431580730016 0.01953125 0.029282576866764276
0 0.5916842988472202 0.5193751198653562 0.01953125 0.029282576866764276
0 0.6076475023104236 0.5019323381473183 0.01953125 0.029282576866764276
0 0.6092708789338004 0.5177525355194921 0.01953125 0.029282576866764276
0 0.6125176321805537 0.5266767494217441 0.01953125 0.029282576866764276
0 0.6168466365095578 0.5173468894330262 0.01953125 0.029282576866764276
0 0.6252340823970037 0.5007153998879202 0.01953125 0.029282576866764276
0 0.6236107057736272 0.4917911859856683 0.01953125 0.029282576866764276
0 0.6233401430030644 0.4792161573052223 0.01953125 0.029282576866764276
0 0.6117059438688652 0.4857064946886783 0.01953125 0.029282576866764276
0 0.6079180650809866 0.48002744947815434 0.01953125 0.029282576866764276
0 0.6149526971156185 0.47029194340297037 0.01953125 0.029282576866764276
0 0.6184700131329345 0.4536604538578644 0.01953125 0.029282576866764276
0 0.6133293204922419 0.4508209312526024 0.01953125 0.029282576866764276
0 0.6236107057736272 0.4532548077713984 0.01953125 0.029282576866764276
0 0.630915900578822 0.4390571947450884 0.01953125 0.029282576866764276
0 0.6263163334792549 0.43094427301576843 0.01953125 0.029282576866764276
0 0.6135998832628047 0.43418944170749646 0.01953125 0.029282576866764276
0 0.6349743421372634 0.4508209312526024 0.01953125 0.029282576866764276
0 0.637950532613454 0.46258466776011636 0.01953125 0.029282576866764276
0 0.639032783695705 0.45487739211726236 0.01953125 0.029282576866764276
0 0.6436323507952723 0.46501854427891226 0.01953125 0.029282576866764276
0 0.6398444720073935 0.4820556799104842 0.01953125 0.029282576866764276
0 0.6311864633493848 0.47597098861349435 0.01953125 0.029282576866764276
0 0.622528454691376 0.46826371297064034 0.01953125 0.029282576866764276
0 0.64146784863077 0.4885460172939403 0.01953125 0.029282576866764276
0 0.6430912252541467 0.4950363546773963 0.01953125 0.029282576866764276
0 0.6363271559900774 0.48773472512100835 0.01953125 0.029282576866764276
0 0.6466085412714626 0.47718792687289224 0.01953125 0.029282576866764276
0 0.6560782382411596 0.46461289819244633 0.01953125 0.029282576866764276
0 0.652019796682718 0.4617733755871844 0.01953125 0.029282576866764276
0 0.653102047764969 0.4471701164744084 0.01953125 0.029282576866764276
0 0.6566193637822851 0.43986848691802044 0.01953125 0.029282576866764276
0 0.6501258572887787 0.42526522780524456 0.01953125 0.029282576866764276
0 0.6457968529597743 0.43500073388042854 0.01953125 0.029282576866764276
0 0.6447146018775232 0.3968700017526246 0.01953125 0.029282576866764276
0 0.6374094070723285 0.38672884959097453 0.01953125 0.029282576866764276
0 0.6420089741718956 0.38510626524511066 0.01953125 0.029282576866764276
0 0.6514786711415925 0.37983286612105266 0.01953125 0.029282576866764276
0 0.6609483681112894 0.38551191133157664 0.01953125 0.029282576866764276
0 0.6560782382411596 0.4017377547902166 0.01953125 0.029282576866764276
0 0.6641951213580427 0.3976812939255565 0.01953125 0.029282576866764276
0 0.6693358139987353 0.39362483306089663 0.01953125 0.029282576866764276
0 0.6677124373753588 0.38348368089924667 0.01953125 0.029282576866764276
0 0.6820522642151856 0.38348368089924667 0.01953125 0.029282576866764276
0 0.677993822656744 0.39362483306089663 0.01953125 0.029282576866764276
0 0.6847578919208134 0.3968700017526246 0.01953125 0.029282576866764276
0 0.6871929568558782 0.3968700017526246 0.01953125 0.029282576866764276
0 0.6928747750376963 0.38226674263984867 0.01953125 0.029282576866764276
0 0.6955804027433241 0.39078531045563464 0.01953125 0.029282576866764276
0 0.7034267230896445 0.38794578785037254 0.01953125 0.029282576866764276
0 0.7134375456004669 0.38348368089924667 0.01953125 0.029282576866764276
0 0.7218249914879129 0.38510626524511066 0.01953125 0.029282576866764276
0 0.7220955542584756 0.3956530634932266 0.01953125 0.029282576866764276
0 0.7118141689770904 0.3924078948014986 0.01953125 0.029282576866764276
0 0.7096496668125882 0.4066055078278085 0.01953125 0.029282576866764276
0 0.7204721776350991 0.4094450304330705 0.01953125 0.029282576866764276
0 0.7196604893234106 0.42161441302705044 0.01953125 0.029282576866764276
0 0.7304830001459214 0.4029546930496146 0.01953125 0.029282576866764276
0 0.728589060751982 0.4520378695120004 0.01953125 0.029282576866764276
0 0.6953098399727614 0.4244539356323125 0.01953125 0.029282576866764276
0 0.7331886278515491 0.43216121127516643 0.01953125 0.029282576866764276
0 0.7239894936524149 0.4443305938691464 0.01953125 0.029282576866764276
0 0.7131669828299042 0.4390571947450884 0.01953125 0.029282576866764276
0 0.7166842988472202 0.43621767213982643 0.01953125 0.029282576866764276
0 0.7045089741718955 0.4337837956210304 0.01953125 0.029282576866764276
0 0.7034267230896445 0.4455475321285444 0.01953125 0.029282576866764276
0 0.6866518313147527 0.43581202605336045 0.01953125 0.029282576866764276
0 0.679076073738995 0.43621767213982643 0.01953125 0.029282576866764276
0 0.6715003161632376 0.4220200591135165 0.01953125 0.029282576866764276
0 0.666359623522545 0.43500073388042854 0.01953125 0.029282576866764276
0 0.6750176321805536 0.44514188604207844 0.01953125 0.029282576866764276
0 0.6793466365095578 0.4621790216736504 0.01953125 0.029282576866764276
0 0.6798877620506834 0.4528491616849324 0.01953125 0.029282576866764276
0 0.6706886278515491 0.4479814086473404 0.01953125 0.029282576866764276
0 0.6904397101026315 0.4589338529819224 0.01953125 0.029282576866764276
0 0.6915219611848825 0.43581202605336045 0.01953125 0.029282576866764276
0 0.7277773724402938 0.4917911859856683 0.01953125 0.029282576866764276
0 0.7318358139987353 0.5096396137901722 0.01953125 0.029282576866764276
0 0.6985565932195146 0.4930081242450663 0.01953125 0.029282576866764276
0 0.7026150347779561 0.46988629731650433 0.01953125 0.029282576866764276
0 0.7064029135658348 0.47556534252702837 0.01953125 0.029282576866764276
0 0.6604072425701639 0.4930081242450663 0.01953125 0.029282576866764276
0 0.652019796682718 0.4820556799104842 0.01953125 0.029282576866764276
0 0.6582427404056618 0.4767822807864263 0.01953125 0.029282576866764276
0 0.6723120044749259 0.4804330955646203 0.01953125 0.029282576866764276
0 0.6720414417043631 0.47191452774883436 0.01953125 0.029282576866764276
0 0.6788055109684323 0.47353711209469834 0.01953125 0.029282576866764276
0 0.666089060751982 0.49868716945559016 0.01953125 0.029282576866764276
0 0.6514786711415925 0.5059887990119782 0.01953125 0.029282576866764276
0 0.6325392772021986 0.5043662146661143 0.01953125 0.029282576866764276
0 0.6528314849944065 0.5307332102864042 0.01953125 0.029282576866764276
0 0.6495847317476532 0.5258654572488122 0.01953125 0.029282576866764276
0 0.6709591906221121 0.531544502459336 0.01953125 0.029282576866764276
0 0.6677124373753588 0.5205920581247542 0.01953125 0.029282576866764276
0 0.6731236927866141 0.5096396137901722 0.01953125 0.029282576866764276
0 0.6917925239554453 0.5327614407187341 0.01953125 0.029282576866764276
0 0.6901691473320686 0.523431580730016 0.01953125 0.029282576866764276
0 0.7023444720073934 0.5205920581247542 0.01953125 0.029282576866764276
0 0.7077557274186487 0.5145073668277642 0.01953125 0.029282576866764276
0 0.7312946884576098 0.46258466776011636 0.01953125 0.029282576866764276
0 0.7248011819641033 0.4711032355759024 0.01953125 0.029282576866764276
0 0.728859623522545 0.47556534252702837 0.01953125 0.029282576866764276
0 0.7137081083710297 0.46785806688417436 0.01953125 0.029282576866764276
0 0.6963920910550124 0.46826371297064034 0.01953125 0.029282576866764276
0 0.6963920910550124 0.4857064946886783 0.01953125 0.029282576866764276
0 0.6880046451675667 0.5011210459743862 0.01953125 0.029282576866764276
0 0.6955804027433241 0.5112621981360362 0.01953125 0.029282576866764276
0 0.68151113867406 0.5031492764067163 0.01953125 0.029282576866764276
0 0.7396821343450558 0.3940304791473625 0.01953125 0.029282576866764276
0 0.7459050780679995 0.38956837219623647 0.01953125 0.029282576866764276
0 0.7367059438688652 0.3907853104556345 0.01953125 0.029282576866764276
0 0.7407643854273068 0.40782244608720647 0.01953125 0.029282576866764276
0 0.7496929568558782 0.3936248330608965 0.01953125 0.029282576866764276
0 0.7607860304489519 0.4009264626172845 0.01953125 0.029282576866764276
0 0.7583509655138869 0.39646435566615845 0.01953125 0.029282576866764276
0 0.7526691473320687 0.40822809217367245 0.01953125 0.029282576866764276
0 0.7664678486307701 0.42567087389171043 0.01953125 0.029282576866764276
0 0.7675500997130211 0.40701115391427445 0.01953125 0.029282576866764276
0 0.7735024806654021 0.4033603391360805 0.01953125 0.029282576866764276
0 0.8300500997130211 0.3936248330608965 0.01953125 0.029282576866764276
0 0.8146280217909432 0.40863373826013843 0.01953125 0.029282576866764276
0 0.8102990174619389 0.40782244608720647 0.01953125 0.029282576866764276
0 0.805428887591809 0.41106761477893444 0.01953125 0.029282576866764276
0 0.799476506639428 0.39646435566615845 0.01953125 0.029282576866764276
0 0.7824310520939736 0.3883514339368385 0.01953125 0.029282576866764276
0 0.7848661170290384 0.3980869400120225 0.01953125 0.029282576866764276
0 0.78892455858748 0.4114732608654005 0.01953125 0.029282576866764276
0 0.781889926552848 0.3984925860984885 0.01953125 0.029282576866764276
0 0.7694440391069605 0.39646435566615845 0.01953125 0.029282576866764276
0 0.7948769395398609 0.3993038782714205 0.01953125 0.029282576866764276
0 0.8084050780679995 0.3948417713202945 0.01953125 0.029282576866764276
0 0.8435782382411596 0.3984925860984885 0.01953125 0.029282576866764276
0 0.8330262901892116 0.40417163130901246 0.01953125 0.029282576866764276
0 0.8400609222238435 0.41066196869246846 0.01953125 0.029282576866764276
0 0.8273444720073935 0.4102563226060025 0.01953125 0.029282576866764276
0 0.8519656841286055 0.4009264626172845 0.01953125 0.029282576866764276
0 0.8565652512281726 0.39646435566615845 0.01953125 0.029282576866764276
0 0.8673877620506834 0.4037659852225465 0.01953125 0.029282576866764276
0 0.8730695802325016 0.3993038782714205 0.01953125 0.029282576866764276
0 0.8587297533926748 0.41350149129773034 0.01953125 0.029282576866764276
0 0.8503423075052288 0.4236426434593804 0.01953125 0.029282576866764276
0 0.8865977187606402 0.4130958452112644 0.01953125 0.029282576866764276
0 0.8911972858602072 0.4049829234819445 0.01953125 0.029282576866764276
0 0.8930912252541467 0.3968700017526245 0.01953125 0.029282576866764276
0 0.9017492339121552 0.4122845530383325 0.01953125 0.029282576866764276
0 0.9071604893234106 0.40538856956841046 0.01953125 0.029282576866764276
0 0.9131128702757917 0.40660550782780847 0.01953125 0.029282576866764276
0 0.9266410088039302 0.4049829234819445 0.01953125 0.029282576866764276
0 0.93151113867406 0.41877489042178845 0.01953125 0.029282576866764276
0 0.9217708789338003 0.42445393563231243 0.01953125 0.029282576866764276
0 0.9239353810983024 0.4540660999443303 0.01953125 0.029282576866764276
0 0.9204180650809866 0.45082093125260236 0.01953125 0.029282576866764276
0 0.9187946884576098 0.4447362399556123 0.01953125 0.029282576866764276
0 0.9082427404056618 0.45082093125260236 0.01953125 0.029282576866764276
0 0.9193358139987353 0.46055643732778634 0.01953125 0.029282576866764276
0 0.9225825672454886 0.5120734903089681 0.01953125 0.029282576866764276
0 0.9123011819641033 0.4662354825383102 0.01953125 0.029282576866764276
0 0.9014786711415925 0.45690562254959227 0.01953125 0.029282576866764276
0 0.8917384114013328 0.4500096390796703 0.01953125 0.029282576866764276
0 0.903102047764969 0.4775935729593582 0.01953125 0.029282576866764276
0 0.8955262901892116 0.4686693590571062 0.01953125 0.029282576866764276
0 0.9063488010117223 0.4982815233691241 0.01953125 0.029282576866764276
0 0.9112189308818524 0.532355794632268 0.01953125 0.029282576866764276
0 0.903102047764969 0.5116678442225021 0.01953125 0.029282576866764276
0 0.9301583248212463 0.5254598111623461 0.01953125 0.029282576866764276
0 0.9320522642151856 0.535600963323996 0.01953125 0.029282576866764276
0 0.9250176321805536 0.528704979854074 0.01953125 0.029282576866764276
0 0.9182535629164843 0.54330823896685 0.01953125 0.029282576866764276
0 0.8976907923537137 0.540063070275122 0.01953125 0.029282576866764276
0 0.8893033464662679 0.5173468894330261 0.01953125 0.029282576866764276
0 0.8811864633493848 0.5258654572488121 0.01953125 0.029282576866764276
0 0.8744223940853154 0.534384025064598 0.01953125 0.029282576866764276
0 0.8841626538255752 0.5003097538014541 0.01953125 0.029282576866764276
0 0.8711756408385621 0.5068000911849101 0.01953125 0.029282576866764276
0 0.8668466365095578 0.49260247815860014 0.01953125 0.029282576866764276
0 0.8541301862931077 0.4804330955646202 0.01953125 0.029282576866764276
0 0.8652232598861813 0.46826371297064023 0.01953125 0.029282576866764276
0 0.8646821343450557 0.45568868429019427 0.01953125 0.029282576866764276
0 0.8603531300160514 0.45487739211726236 0.01953125 0.029282576866764276
0 0.865493822656744 0.44149107126388437 0.01953125 0.029282576866764276
0 0.8573769395398609 0.4378402564856904 0.01953125 0.029282576866764276
0 0.8557535629164843 0.44838705473380636 0.01953125 0.029282576866764276
0 0.8427665499294713 0.45325480777139837 0.01953125 0.029282576866764276
0 0.8322146018775232 0.44717011647440824 0.01953125 0.029282576866764276
0 0.8368141689770904 0.4358120260533604 0.01953125 0.029282576866764276
0 0.8276150347779561 0.45325480777139837 0.01953125 0.029282576866764276
0 0.8246388443017657 0.44433059386914636 0.01953125 0.029282576866764276
0 0.8211215282844496 0.4378402564856904 0.01953125 0.029282576866764276
0 0.8157102728731943 0.44798140864734026 0.01953125 0.029282576866764276
0 0.8181453378082593 0.42932168866990444 0.01953125 0.029282576866764276
0 0.7962297533926748 0.4321612112751664 0.01953125 0.029282576866764276
0 0.7962297533926748 0.4500096390796703 0.01953125 0.029282576866764276
0 0.8000176321805536 0.45609433037666025 0.01953125 0.029282576866764276
0 0.8035349481978695 0.47029194340297026 0.01953125 0.029282576866764276
0 0.7975825672454887 0.47191452774883424 0.01953125 0.029282576866764276
0 0.7954180650809866 0.46542419036537824 0.01953125 0.029282576866764276
0 0.7832427404056618 0.45568868429019427 0.01953125 0.029282576866764276
0 0.7824310520939736 0.46704677471124223 0.01953125 0.029282576866764276
0 0.775937545600467 0.46704677471124223 0.01953125 0.029282576866764276
0 0.7726907923537137 0.4840839103428142 0.01953125 0.029282576866764276
0 0.7813488010117224 0.4755653425270282 0.01953125 0.029282576866764276
0 0.7670089741718956 0.4767822807864262 0.01953125 0.029282576866764276
0 0.7583509655138869 0.4816500338240182 0.01953125 0.029282576866764276
0 0.7510457707086922 0.4942250625044642 0.01953125 0.029282576866764276
0 0.7448228269857484 0.4869234329480762 0.01953125 0.029282576866764276
0 0.7372470694099907 0.4804330955646202 0.01953125 0.029282576866764276
0 0.7477990174619389 0.46988629731650433 0.01953125 0.029282576866764276
0 0.7399526971156185 0.45203786951200037 0.01953125 0.029282576866764276
0 0.7467167663796878 0.45366045385786435 0.01953125 0.029282576866764276
0 0.7578098399727614 0.44433059386914636 0.01953125 0.029282576866764276
0 0.7529397101026315 0.45366045385786435 0.01953125 0.029282576866764276
0 0.7624094070723285 0.46055643732778634 0.01953125 0.029282576866764276
0 0.7567275888905104 0.4305386269293024 0.01953125 0.029282576866764276
0 0.7407643854273068 0.4313499191022344 0.01953125 0.029282576866764276
0 0.7507752079381294 0.4435193016962144 0.01953125 0.029282576866764276
0 0.7442817014446229 0.44433059386914636 0.01953125 0.029282576866764276
0 0.7634916581545795 0.4366233182262924 0.01953125 0.029282576866764276
0 0.768902913565835 0.44919834690673827 0.01953125 0.029282576866764276
0 0.781889926552848 0.4423023634368163 0.01953125 0.029282576866764276
0 0.7840544287173502 0.4329725034480984 0.01953125 0.029282576866764276
0 0.7762081083710298 0.4378402564856904 0.01953125 0.029282576866764276
0 0.7946063767692981 0.4451418860420784 0.01953125 0.029282576866764276
0 0.7910890607519822 0.4840839103428142 0.01953125 0.029282576866764276
0 0.7883834330463544 0.4917911859856682 0.01953125 0.029282576866764276
0 0.7726907923537137 0.5104509059631042 0.01953125 0.029282576866764276
0 0.7553747750376965 0.5112621981360361 0.01953125 0.029282576866764276
0 0.7837838659467873 0.5047718607525801 0.01953125 0.029282576866764276
0 0.7837838659467873 0.526676749421744 0.01953125 0.029282576866764276
0 0.7894656841286055 0.542091300707452 0.01953125 0.029282576866764276
0 0.7540219611848826 0.528704979854074 0.01953125 0.029282576866764276
0 0.7607860304489519 0.5230259346435502 0.01953125 0.029282576866764276
0 0.7645739092368306 0.5230259346435502 0.01953125 0.029282576866764276
0 0.7621388443017657 0.531950148545802 0.01953125 0.029282576866764276
0 0.7440111386740601 0.53519531723753 0.01953125 0.029282576866764276
0 0.7321063767692981 0.5364122554969281 0.01953125 0.029282576866764276
0 0.8392492339121553 0.523431580730016 0.01953125 0.029282576866764276
0 0.8046171992801208 0.534384025064598 0.01953125 0.029282576866764276
0 0.8143574590203805 0.5278936876811421 0.01953125 0.029282576866764276
0 0.8084050780679995 0.5015266920608521 0.01953125 0.029282576866764276
0 0.7959591906221121 0.5055831529255121 0.01953125 0.029282576866764276
0 0.815980835643757 0.4812443877375522 0.01953125 0.029282576866764276
0 0.8186864633493848 0.4755653425270282 0.01953125 0.029282576866764276
0 0.8108401430030644 0.45568868429019427 0.01953125 0.029282576866764276
0 0.8330262901892116 0.4861121407751442 0.01953125 0.029282576866764276
0 0.8449310520939736 0.4905742477262701 0.01953125 0.029282576866764276
0 0.8270739092368306 0.4715088816623683 0.01953125 0.029282576866764276
0 0.8341085412714626 0.4743484042676302 0.01953125 0.029282576866764276
0 0.8262622209251423 0.5031492764067161 0.01953125 0.029282576866764276
0 0.9396280217909433 0.506191622055211 0.01953125 0.029282576866764276
0 0.9396280217909433 0.49158836294243496 0.01953125 0.029282576866764276
0 0.951532783695705 0.4834754412131151 0.01953125 0.029282576866764276
0 0.9596496668125881 0.479418980348455 0.01953125 0.029282576866764276
0 0.9650609222238435 0.49321094728829906 0.01953125 0.029282576866764276
0 0.9639786711415925 0.510248082919871 0.01953125 0.029282576866764276
0 0.9688488010117223 0.5207948811679869 0.01953125 0.029282576866764276
0 0.9574851646480861 0.5378320167995588 0.01953125 0.029282576866764276
0 0.9683076754705968 0.5719062880627027 0.01953125 0.029282576866764276
0 0.9477449049078264 0.5808305019649547 0.01953125 0.029282576866764276
0 0.9520739092368306 0.6011128062882547 0.01953125 0.029282576866764276
0 0.9347578919208133 0.6059805593258466 0.01953125 0.029282576866764276
0 0.9396280217909433 0.6173386497468946 0.01953125 0.029282576866764276
0 0.9212297533926748 0.6254515714762146 0.01953125 0.029282576866764276
0 0.918524125687047 0.6035466828070507 0.01953125 0.029282576866764276
0 0.8925500997130211 0.6035466828070507 0.01953125 0.029282576866764276
0 0.9028314849944065 0.6011128062882547 0.01953125 0.029282576866764276
0 0.8795630867260081 0.6076031436717106 0.01953125 0.029282576866764276
0 0.8833509655138868 0.5743401645814987 0.01953125 0.029282576866764276
0 0.9017492339121553 0.5727175802356347 0.01953125 0.029282576866764276
0 0.8985024806654021 0.5556804446040627 0.01953125 0.029282576866764276
0 0.8795630867260081 0.5605481976416548 0.01953125 0.029282576866764276
0 0.8709050780679995 0.5548691524311308 0.01953125 0.029282576866764276
0 0.8492600564229777 0.5516239837394028 0.01953125 0.029282576866764276
0 0.890385597548519 0.48509802555897896 0.01953125 0.029282576866764276
0 0.8876799698428912 0.4761738116567271 0.01953125 0.029282576866764276
0 0.8849743421372634 0.4648157212356791 0.01953125 0.029282576866764276
0 0.8763163334792549 0.4494011699499712 0.01953125 0.029282576866764276
0 0.9309700131329345 0.472928642964999 0.01953125 0.029282576866764276
0 0.9309700131329345 0.4648157212356791 0.01953125 0.029282576866764276
0 0.9428747750376965 0.4550802151604951 0.01953125 0.029282576866764276
0 0.9347578919208133 0.4323640343183993 0.01953125 0.029282576866764276
0 0.9585674157303371 0.4494011699499712 0.01953125 0.029282576866764276
0 0.9558617880247094 0.4591366760251552 0.01953125 0.029282576866764276
0 0.9596496668125881 0.46075926037101916 0.01953125 0.029282576866764276
0 0.9715544287173501 0.4648157212356791 0.01953125 0.029282576866764276
0 0.9829180650809866 0.4704947664462031 0.01953125 0.029282576866764276
0 0.989411571574493 0.4737399351379311 0.01953125 0.029282576866764276
0 0.990493822656744 0.479418980348455 0.01953125 0.029282576866764276
0 0.9888704460333675 0.49483353163416305 0.01953125 0.029282576866764276
0 0.995363952526874 0.49726740815295906 0.01953125 0.029282576866764276
0 0.997528454691376 0.5151158359574629 0.01953125 0.029282576866764276
0 0.9796713118342333 0.49888999249882293 0.01953125 0.029282576866764276
0 0.9926583248212463 0.5345868481078309 0.01953125 0.029282576866764276
0 0.982376939539861 0.519172296822123 0.01953125 0.029282576866764276
0 0.9715544287173501 0.5986789297694587 0.01953125 0.029282576866764276
0 0.9969873291502506 0.6546580897017664 0.01953125 0.029282576866764276
0 0.9331345152974366 0.6497903366641744 0.01953125 0.029282576866764276
0 0.9266410088039302 0.6652048879498824 0.01953125 0.029282576866764276
0 0.9060782382411596 0.6303193245138066 0.01953125 0.029282576866764276
0 0.8925500997130211 0.6465451679724464 0.01953125 0.029282576866764276
0 0.9012081083710298 0.6603371349122904 0.01953125 0.029282576866764276
0 0.8633293204922419 0.6132821888822346 0.01953125 0.029282576866764276
0 0.8638704460333674 0.5978676375965266 0.01953125 0.029282576866764276
0 0.8763163334792549 0.5897547158672066 0.01953125 0.029282576866764276
0 0.8595414417043632 0.6359983697243305 0.01953125 0.029282576866764276
0 0.8416842988472202 0.6530355053559025 0.01953125 0.029282576866764276
0 0.8211215282844496 0.6376209540701946 0.01953125 0.029282576866764276
0 0.8368141689770904 0.6197725262656906 0.01953125 0.029282576866764276
0 0.8346496668125882 0.6124708967093027 0.01953125 0.029282576866764276
0 0.837355294518216 0.6003015141153226 0.01953125 0.029282576866764276
0 0.8097578919208133 0.5970563454235946 0.01953125 0.029282576866764276
0 0.8059700131329345 0.5775853332732267 0.01953125 0.029282576866764276
0 0.793524125687047 0.5662272428521787 0.01953125 0.029282576866764276
0 0.7805371127000341 0.6011128062882547 0.01953125 0.029282576866764276
0 0.7805371127000341 0.5873208393484107 0.01953125 0.029282576866764276
0 0.778372610535532 0.6213951106115546 0.01953125 0.029282576866764276
0 0.7881128702757917 0.6076031436717106 0.01953125 0.029282576866764276
0 0.7956886278515491 0.6230176949574185 0.01953125 0.029282576866764276
0 0.799476506639428 0.6465451679724464 0.01953125 0.029282576866764276
0 0.7751258572887787 0.6595258427393584 0.01953125 0.029282576866764276
0 0.7745847317476531 0.6481677523183105 0.01953125 0.029282576866764276
0 0.7653855975485189 0.6319419088596705 0.01953125 0.029282576866764276
0 0.7653855975485189 0.6230176949574185 0.01953125 0.029282576866764276
0 0.7523985845615059 0.6359983697243305 0.01953125 0.029282576866764276
0 0.7529397101026315 0.6595258427393584 0.01953125 0.029282576866764276
0 0.7442817014446228 0.6603371349122904 0.01953125 0.029282576866764276
0 0.7334591906221121 0.6416774149348544 0.01953125 0.029282576866764276
0 0.7210133031762246 0.6213951106115546 0.01953125 0.029282576866764276
0 0.706402913565835 0.6197725262656906 0.01953125 0.029282576866764276
0 0.715602047764969 0.6684500566416104 0.01953125 0.029282576866764276
0 0.9715544287173501 0.47211735079206707 0.01953125 0.029282576866764276
0 0.9910349481978695 0.4291188656266712 0.01953125 0.029282576866764276
0 0.998610705773627 0.4218172360702832 0.01953125 0.029282576866764276
0 0.9991518313147527 0.3877429648071394 0.01953125 0.029282576866764276
0 0.9872470694099907 0.3917994256717994 0.01953125 0.029282576866764276
0 0.98129468845761 0.4218172360702832 0.01953125 0.029282576866764276
0 0.9748011819641033 0.40640268478457536 0.01953125 0.029282576866764276
0 0.9693899265528481 0.4283075734537392 0.01953125 0.029282576866764276
0 0.9542384114013328 0.40559139261164334 0.01953125 0.029282576866764276
0 0.9439570261199475 0.40640268478457536 0.01953125 0.029282576866764276
0 0.9526150347779562 0.4234398204161473 0.01953125 0.029282576866764276
0 0.943415900578822 0.4331753264913312 0.01953125 0.029282576866764276
0 0.9818358139987353 0.4494011699499712 0.01953125 0.029282576866764276
0 0.9845414417043631 0.5832643784837507 0.01953125 0.029282576866764276
0 0.9764245585874798 0.5443223541830148 0.01953125 0.029282576866764276
0 0.982376939539861 0.5297190950702388 0.01953125 0.029282576866764276
0 0.9363812685441899 0.5719062880627027 0.01953125 0.029282576866764276
0 0.9104072425701639 0.5816417941378866 0.01953125 0.029282576866764276
0 0.8952557274186488 0.6124708967093027 0.01953125 0.029282576866764276
0 0.8898444720073934 0.6335644932055345 0.01953125 0.029282576866764276
0 0.8871388443017657 0.6254515714762146 0.01953125 0.029282576866764276
0 0.424476506639428 0.6579032583934944 0.01953125 0.029282576866764276
0 0.8222037793667007 0.5573030289499268 0.01953125 0.029282576866764276
0 0.8286972858602072 0.5629820741604508 0.01953125 0.029282576866764276
0 0.8481778053407267 0.5345868481078309 0.01953125 0.029282576866764276
0 0.7615977187606401 0.5702837037168388 0.01953125 0.029282576866764276
0 0.76646784863077 0.5970563454235946 0.01953125 0.029282576866764276
0 0.7361648183277396 0.5783966254461588 0.01953125 0.029282576866764276
0 0.7226366797996012 0.5662272428521787 0.01953125 0.029282576866764276
0 0.7323769395398609 0.5556804446040627 0.01953125 0.029282576866764276
0 0.7258834330463544 0.6011128062882547 0.01953125 0.029282576866764276
0 0.7020739092368306 0.6668274722957463 0.01953125 0.029282576866764276
0 0.6852990174619388 0.6668274722957463 0.01953125 0.029282576866764276
0 0.6641951213580427 0.6262628636491465 0.01953125 0.029282576866764276
0 0.6712297533926748 0.6116596045363706 0.01953125 0.029282576866764276
0 0.6658184979814193 0.6652048879498824 0.01953125 0.029282576866764276
0 0.648502480665402 0.6262628636491465 0.01953125 0.029282576866764276
0 0.6398444720073934 0.6295080323408746 0.01953125 0.029282576866764276
0 0.6344332165961379 0.6359983697243305 0.01953125 0.029282576866764276
0 0.6268574590203804 0.6587145505664264 0.01953125 0.029282576866764276
0 0.6246929568558782 0.6262628636491465 0.01953125 0.029282576866764276
0 0.6306453378082592 0.5929998845589347 0.01953125 0.029282576866764276
0 0.6144115715744929 0.5970563454235946 0.01953125 0.029282576866764276
0 0.6079180650809864 0.6116596045363706 0.01953125 0.029282576866764276
0 0.6046713118342332 0.6335644932055345 0.01953125 0.029282576866764276
0 0.6079180650809864 0.6546580897017664 0.01953125 0.029282576866764276
0 0.6041301862931077 0.6652048879498824 0.01953125 0.029282576866764276
0 0.6344332165961379 0.6684500566416104 0.01953125 0.029282576866764276
0 0.5878964200593414 0.6408661227619225 0.01953125 0.029282576866764276
0 0.5678747750376963 0.6522242131829704 0.01953125 0.029282576866764276
0 0.5700392772021986 0.6246402793032825 0.01953125 0.029282576866764276
0 0.543524125687047 0.6481677523183105 0.01953125 0.029282576866764276
0 0.5429830001459214 0.5929998845589347 0.01953125 0.029282576866764276
0 0.5348661170290384 0.5743401645814987 0.01953125 0.029282576866764276
0 0.543524125687047 0.5646046585063147 0.01953125 0.029282576866764276
0 0.5592167663796878 0.5573030289499268 0.01953125 0.029282576866764276
0 0.51646784863077 0.5605481976416548 0.01953125 0.029282576866764276
0 0.5121388443017656 0.5500013993935388 0.01953125 0.029282576866764276
0 0.5067275888905103 0.5800192097920227 0.01953125 0.029282576866764276
0 0.5153855975485189 0.6238289871303505 0.01953125 0.029282576866764276
0 0.694498151661073 0.5500013993935388 0.01953125 0.029282576866764276
0 0.6950392772021986 0.5646046585063147 0.01953125 0.029282576866764276
0 0.6847578919208133 0.5702837037168388 0.01953125 0.029282576866764276
0 0.6712297533926748 0.5775853332732267 0.01953125 0.029282576866764276
0 0.6620306191935406 0.5589256132957908 0.01953125 0.029282576866764276
0 0.6387622209251422 0.5589256132957908 0.01953125 0.029282576866764276
0 0.6263163334792549 0.5443223541830148 0.01953125 0.029282576866764276
0 0.6263163334792549 0.5289078028973069 0.01953125 0.029282576866764276
0 0.6127881949511162 0.5483788150476748 0.01953125 0.029282576866764276
0 0.5927665499294713 0.5573030289499268 0.01953125 0.029282576866764276
0 0.5781561603190816 0.5491901072206068 0.01953125 0.029282576866764276
0 0.5846496668125882 0.5662272428521787 0.01953125 0.029282576866764276
0 0.6041301862931077 0.5743401645814987 0.01953125 0.029282576866764276
0 0.5743682815312029 0.5719062880627027 0.01953125 0.029282576866764276
0 0.5770739092368306 0.5832643784837507 0.01953125 0.029282576866764276
0 0.5841085412714626 0.6067918514987786 0.01953125 0.029282576866764276
0 0.5786972858602072 0.6173386497468946 0.01953125 0.029282576866764276
0 0.5640868962498177 0.6059805593258466 0.01953125 0.029282576866764276
0 0.55651113867406 0.6076031436717106 0.01953125 0.029282576866764276
0 0.4564029135658349 0.6408661227619225 0.01953125 0.029282576866764276
0 0.42664100880393013 0.5021351611905511 0.01953125 0.029282576866764276
0 0.5646280217909432 0.6059805593258466 0.01953125 0.029282576866764276
0 0.7621388443017656 0.5516239837394028 0.01953125 0.029282576866764276
0 0.7507752079381292 0.5483788150476748 0.01953125 0.029282576866764276
0 0.7621388443017656 0.6157160654010306 0.01953125 0.029282576866764276
0 0.7231778053407267 0.5232287576867829 0.01953125 0.029282576866764276
0 0.7161431733060947 0.5232287576867829 0.01953125 0.029282576866764276
0 0.7237189308818522 0.5345868481078309 0.01953125 0.029282576866764276
0 0.7161431733060947 0.5321529715890349 0.01953125 0.029282576866764276
0 0.6766410088039302 0.5402658933183548 0.01953125 0.029282576866764276
0 0.6495847317476531 0.6011128062882547 0.01953125 0.029282576866764276
0 0.6587838659467873 0.5946224689047986 0.01953125 0.029282576866764276
0 0.668524125687047 0.5897547158672066 0.01953125 0.029282576866764276
0 0.6923336494965708 0.6522242131829704 0.01953125 0.029282576866764276
0 0.6447146018775232 0.7325421383032386 0.01953125 0.029282576866764276
0 0.6246929568558781 0.7155050026716666 0.01953125 0.029282576866764276
0 0.5987189308818522 0.7025243279047548 0.01953125 0.029282576866764276
0 0.5987189308818522 0.7390324756866946 0.01953125 0.029282576866764276
0 0.5878964200593413 0.6960339905212988 0.01953125 0.029282576866764276
0 0.5651691473320686 0.6936001140025028 0.01953125 0.029282576866764276
0 0.5456886278515491 0.6846759001002507 0.01953125 0.029282576866764276
0 0.5543466365095577 0.7268630930927147 0.01953125 0.029282576866764276
0 0.530537112700034 0.7228066322280546 0.01953125 0.029282576866764276
0 0.5667925239554452 0.7585034878370625 0.01953125 0.029282576866764276
0 0.6501258572887786 0.7714841626039743 0.01953125 0.029282576866764276
0 0.6658184979814193 0.6960339905212988 0.01953125 0.029282576866764276
0 0.6950392772021985 0.7341647226491026 0.01953125 0.029282576866764276
0 0.6874635196264409 0.7106372496340747 0.01953125 0.029282576866764276
0 0.7172254243883457 0.7585034878370625 0.01953125 0.029282576866764276
0 0.7269656841286054 0.7625599487017226 0.01953125 0.029282576866764276
0 0.7302124373753587 0.7414663522054906 0.01953125 0.029282576866764276
0 0.7399526971156185 0.7211840478821908 0.01953125 0.029282576866764276
0 0.7594332165961379 0.7228066322280546 0.01953125 0.029282576866764276
0 0.7697146018775232 0.7333534304761705 0.01953125 0.029282576866764276
0 0.7707968529597742 0.7585034878370625 0.01953125 0.029282576866764276
0 0.8027232598861812 0.7487679817618785 0.01953125 0.029282576866764276
0 0.8178747750376963 0.7301082617844427 0.01953125 0.029282576866764276
0 0.8119223940853154 0.6992791592130267 0.01953125 0.029282576866764276
0 0.7821604893234106 0.7025243279047548 0.01953125 0.029282576866764276
0 0.7767492339121552 0.6781855627167949 0.01953125 0.029282576866764276
0 0.7615977187606401 0.6903549453107748 0.01953125 0.029282576866764276
0 0.7383293204922418 0.6927888218295708 0.01953125 0.029282576866764276
0 0.8427665499294713 0.7585034878370625 0.01953125 0.029282576866764276
0 0.8649526971156185 0.7439002287242866 0.01953125 0.029282576866764276
0 0.8692817014446228 0.7244292165739187 0.01953125 0.029282576866764276
0 0.8476366797996011 0.7065807887694147 0.01953125 0.029282576866764276
0 0.8389786711415925 0.6936001140025028 0.01953125 0.029282576866764276
0 0.8384375456004668 0.6708839331604068 0.01953125 0.029282576866764276
0 0.8849743421372634 0.6960339905212988 0.01953125 0.029282576866764276
0 0.8887622209251422 0.6733178096792027 0.01953125 0.029282576866764276
0 0.9526150347779561 0.7357873069949666 0.01953125 0.029282576866764276
0 0.9591085412714626 0.7698615782581104 0.01953125 0.029282576866764276
0 0.9363812685441899 0.8112374790776423 0.01953125 0.029282576866764276
0 0.9152773724402937 0.8298971990550783 0.01953125 0.029282576866764276
0 0.8920089741718955 0.8469343346866502 0.01953125 0.029282576866764276
0 0.9304288875918089 0.890744112024978 0.01953125 0.029282576866764276
0 0.9748011819641033 0.890744112024978 0.01953125 0.029282576866764276
0 0.997528454691376 0.9085925398294821 0.01953125 0.029282576866764276
0 0.8882210953840167 0.9580813623783337 0.01953125 0.029282576866764276
0 0.8541301862931076 0.966194284107654 0.01953125 0.029282576866764276
0 0.879563086726008 0.925629675461054 0.01953125 0.029282576866764276
0 0.8151691473320687 0.926440967633986 0.01953125 0.029282576866764276
0 0.7724202295831509 0.9889104649497499 0.01953125 0.029282576866764276
0 0.7523985845615059 0.9037247867918902 0.01953125 0.029282576866764276
0 0.7372470694099906 0.8923666963708421 0.01953125 0.029282576866764276
0 0.6744765066394279 0.8769521450851341 0.01953125 0.029282576866764276
0 0.6593249914879128 0.8810086059497941 0.01953125 0.029282576866764276
0 0.6620306191935404 0.8623488859723581 0.01953125 0.029282576866764276
0 0.5814029135658348 0.8996683259272301 0.01953125 0.029282576866764276
0 0.5391951213580427 0.8371988286114663 0.01953125 0.029282576866764276
0 0.5078098399727613 0.8574811329347661 0.01953125 0.029282576866764276
0 0.1338920910550124 0.6392435384160586 0.01953125 0.029282576866764276
0 0.21073191789483922 0.7317308461303064 0.01953125 0.029282576866764276
0 0.21235529451821586 0.8363875364385341 0.01953125 0.029282576866764276
0 0.1495847317476531 0.7974455121377982 0.01953125 0.029282576866764276
0 0.16960637676929813 0.7325421383032384 0.01953125 0.029282576866764276
0 0.19233364949657084 0.6936001140025025 0.01953125 0.029282576866764276
0 0.1825933897563111 0.6538467975288347 0.01953125 0.029282576866764276
0 0.19828603044895182 0.6635823036040186 0.01953125 0.029282576866764276
0 0.2340003161632375 0.6530355053559027 0.01953125 0.029282576866764276
0 0.2469873291502505 0.6789968548897267 0.01953125 0.029282576866764276
0 0.3259916581545795 0.7236179244009865 0.01953125 0.029282576866764276
0 0.3130046451675665 0.7714841626039742 0.01953125 0.029282576866764276
0 0.36603494819786964 0.82259556949869 0.01953125 0.029282576866764276
0 0.3265327836957051 0.8347649520926702 0.01953125 0.029282576866764276
0 0.3135457707086921 0.8631601781452899 0.01953125 0.029282576866764276
0 0.47263667979960117 0.846123042513718 0.01953125 0.029282576866764276
0 0.4352990174619389 0.827463322536282 0.01953125 0.029282576866764276
0 0.44341590057882196 0.8015019730024583 0.01953125 0.029282576866764276
0 0.4152773724402938 0.8177278164610982 0.01953125 0.029282576866764276
0 0.42664100880393024 0.7658051173934504 0.01953125 0.029282576866764276
0 0.39904360620652757 0.7658051173934504 0.01953125 0.029282576866764276
0 0.4093249914879129 0.7755406234686343 0.01953125 0.029282576866764276
0 0.3741518313147527 0.7503905661077424 0.01953125 0.029282576866764276
0 0.3779397101026315 0.7357873069949663 0.01953125 0.029282576866764276
0 0.3779397101026315 0.7009017435588906 0.01953125 0.029282576866764276
0 0.3579180650809865 0.7228066322280545 0.01953125 0.029282576866764276
0 0.39633797850089997 0.7244292165739185 0.01953125 0.029282576866764276
0 0.42393538109830253 0.7390324756866945 0.01953125 0.029282576866764276
0 0.4320522642151856 0.7219953400551223 0.01953125 0.029282576866764276
0 0.4223120044749259 0.6960339905212987 0.01953125 0.029282576866764276
0 0.4645197966827181 0.7203727557092585 0.01953125 0.029282576866764276
0 0.4807535629164843 0.7033356200776866 0.01953125 0.029282576866764276
0 0.5088920910550124 0.7122598339799385 0.01953125 0.029282576866764276
0 0.5159267230896445 0.7000904513859585 0.01953125 0.029282576866764276
0 0.4959050780679995 0.7041469122506185 0.01953125 0.029282576866764276
0 0.4926583248212463 0.7090146652882104 0.01953125 0.029282576866764276
0 0.4931994503623718 0.6879210687919787 0.01953125 0.029282576866764276
0 0.46884880101172244 0.6700726409874747 0.01953125 0.029282576866764276
0 0.47209555425847566 0.6368096618972627 0.01953125 0.029282576866764276
0 0.45640291356583496 0.6489790444912427 0.01953125 0.029282576866764276
0 0.39850248066540206 0.5792079176190909 0.01953125 0.029282576866764276
0 0.4136539958169172 0.571094995889771 0.01953125 0.029282576866764276
0 0.4320522642151856 0.584886962829615 0.01953125 0.029282576866764276
0 0.44125139841431993 0.574340164581499 0.01953125 0.029282576866764276
0 0.45640291356583496 0.5646046585063149 0.01953125 0.029282576866764276
0 0.46830767547059693 0.5686611193709751 0.01953125 0.029282576866764276
0 0.46506092222384365 0.5905660080401389 0.01953125 0.029282576866764276
0 0.4547795369424583 0.5881321315213429 0.01953125 0.029282576866764276
0 0.47263667979960117 0.5889434236942749 0.01953125 0.029282576866764276
0 0.489411571574493 0.583264378483751 0.01953125 0.029282576866764276
0 0.4823769395398609 0.5662272428521791 0.01953125 0.029282576866764276
0 0.46993105209397357 0.556491736776995 0.01953125 0.029282576866764276
0 0.5191734763363977 0.575962748927363 0.01953125 0.029282576866764276
0 0.5018574590203805 0.573528872408567 0.01953125 0.029282576866764276
0 0.4926583248212463 0.6124708967093029 0.01953125 0.029282576866764276
0 0.49752845469137613 0.6465451679724468 0.01953125 0.029282576866764276
0 0.48562369278661416 0.6351870775513988 0.01953125 0.029282576866764276
0 0.48508256724548865 0.6238289871303508 0.01953125 0.029282576866764276
0 0.4807535629164843 0.6562806740476306 0.01953125 0.029282576866764276
0 0.5148444720073935 0.6506016288371067 0.01953125 0.029282576866764276
0 0.5148444720073935 0.6749403940250666 0.01953125 0.029282576866764276
0 0.28703061919354056 0.6944114061754345 0.01953125 0.029282576866764276
0 0.3649526971156185 0.7057694965964826 0.01953125 0.029282576866764276
0 0.3811864633493847 0.6846759001002506 0.01953125 0.029282576866764276
0 0.36711719928012065 0.6749403940250666 0.01953125 0.029282576866764276
0 0.36278819495111636 0.6392435384160586 0.01953125 0.029282576866764276
0 0.3590003161632375 0.6165273575739628 0.01953125 0.029282576866764276
0 0.3681994503623718 0.5938111767318669 0.01953125 0.029282576866764276
0 0.3546713118342333 0.577585333273227 0.01953125 0.029282576866764276
0 0.3498011819641034 0.5905660080401389 0.01953125 0.029282576866764276
0 0.34114317330609467 0.6011128062882549 0.01953125 0.029282576866764276
0 0.33086178802470934 0.6140934810551668 0.01953125 0.029282576866764276
0 0.3292384114013327 0.6432999992807188 0.01953125 0.029282576866764276
0 0.35142455858748 0.6927888218295706 0.01953125 0.029282576866764276
0 0.2908184979814193 0.6546580897017668 0.01953125 0.029282576866764276
0 0.2848661170290384 0.6108483123634388 0.01953125 0.029282576866764276
0 0.3005587577216791 0.6124708967093029 0.01953125 0.029282576866764276
0 0.31625139841431976 0.6067918514987789 0.01953125 0.029282576866764276
0 0.31192239408531547 0.6295080323408748 0.01953125 0.029282576866764276
0 0.32274490490782626 0.6165273575739628 0.01953125 0.029282576866764276
0 0.30272325988618126 0.584886962829615 0.01953125 0.029282576866764276
0 0.2940652512281727 0.5881321315213429 0.01953125 0.029282576866764276
0 0.2756669828299042 0.585698255002547 0.01953125 0.029282576866764276
0 0.2778314849944063 0.597056345423595 0.01953125 0.029282576866764276
0 0.2621388443017657 0.6189612340927588 0.01953125 0.029282576866764276
0 0.25131633347925486 0.5962450532506629 0.01953125 0.029282576866764276
0 0.2561864633493847 0.567849827198043 0.01953125 0.029282576866764276
0 0.2540219611848825 0.582453086310819 0.01953125 0.029282576866764276
0 0.2529397101026315 0.583264378483751 0.01953125 0.029282576866764276
0 0.24319945036237176 0.576774041100295 0.01953125 0.029282576866764276
0 0.23562369278661416 0.5889434236942749 0.01953125 0.029282576866764276
0 0.23021243737535876 0.577585333273227 0.01953125 0.029282576866764276
0 0.22642455858747995 0.599490221942391 0.01953125 0.029282576866764276
0 0.23887044603336743 0.6254515714762149 0.01953125 0.029282576866764276
0 0.5067275888905104 0.7520131504536064 0.01953125 0.029282576866764276
0 0.4888704460333674 0.7779744999874303 0.01953125 0.029282576866764276
0 0.47804793521085664 0.7925777591002062 0.01953125 0.029282576866764276
0 0.4520739092368306 0.7787857921603623 0.01953125 0.029282576866764276
0 0.19774490490782626 0.6319419088596707 0.01953125 0.029282576866764276
0 0.194498151661073 0.5905660080401389 0.01953125 0.029282576866764276
0 0.2091085412714626 0.582453086310819 0.01953125 0.029282576866764276
0 0.19558040274332414 0.5621707819875189 0.01953125 0.029282576866764276
0 0.19233364949657084 0.571094995889771 0.01953125 0.029282576866764276
0 0.21451979668271803 0.559736905468723 0.01953125 0.029282576866764276
0 0.22804793521085656 0.559736905468723 0.01953125 0.029282576866764276
0 0.1863812685441899 0.5280965107243751 0.01953125 0.029282576866764276
0 0.2540219611848825 0.4834754412131153 0.01953125 0.029282576866764276
0 0.18854577070869208 0.5516239837394031 0.01953125 0.029282576866764276
0 0.13443321659613794 0.587320839348411 0.01953125 0.029282576866764276
0 0.12469295685587821 0.5621707819875189 0.01953125 0.029282576866764276
0 0.12523408239700376 0.548378815047675 0.01953125 0.029282576866764276
0 0.11603494819786955 0.5362094324536951 0.01953125 0.029282576866764276
0 0.11332932049224186 0.573528872408567 0.01953125 0.029282576866764276
0 0.09547217763509899 0.576774041100295 0.01953125 0.029282576866764276
0 0.08248516464808602 0.5662272428521791 0.01953125 0.029282576866764276
0 0.07220377936670072 0.573528872408567 0.01953125 0.029282576866764276
0 0.04731200447492584 0.5646046585063149 0.01953125 0.029282576866764276
0 0.02945486161778297 0.5686611193709751 0.01953125 0.029282576866764276
0 0.03324274040566177 0.6351870775513988 0.01953125 0.029282576866764276
0 0.07112152828444963 0.6311306166867388 0.01953125 0.029282576866764276
0 0.0483942555571769 0.6238289871303508 0.01953125 0.029282576866764276
0 0.09763667979960114 0.6222064027844868 0.01953125 0.029282576866764276
0 0.05705226421518557 0.6879210687919787 0.01953125 0.029282576866764276
0 0.108459190622112 0.6051692671529149 0.01953125 0.029282576866764276
0 0.16094836811128946 0.6108483123634388 0.01953125 0.029282576866764276
0 0.1522903594532808 0.6027353906341189 0.01953125 0.029282576866764276
0 0.14850248066540203 0.571094995889771 0.01953125 0.029282576866764276
0 0.16690074906367044 0.5792079176190909 0.01953125 0.029282576866764276
0 0.16257174473466607 0.5508126915664711 0.01953125 0.029282576866764276
0 0.17285313001605138 0.5475675228747431 0.01953125 0.029282576866764276
0 0.17934663650955787 0.592188592386003 0.01953125 0.029282576866764276
0 0.18529901746193883 0.6205838184386229 0.01953125 0.029282576866764276
0 0.1539137360766574 0.6278854479950108 0.01953125 0.029282576866764276
0 0.39200897417189556 0.6522242131829707 0.01953125 0.029282576866764276
0 0.4033726105355319 0.6449225836265827 0.01953125 0.029282576866764276
0 0.4087838659467873 0.6562806740476306 0.01953125 0.029282576866764276
0 0.4087838659467873 0.6278854479950108 0.01953125 0.029282576866764276
0 0.4288055109684324 0.6051692671529149 0.01953125 0.029282576866764276
0 0.4526150347779562 0.6165273575739628 0.01953125 0.029282576866764276
0 0.017550099713021083 0.5349924941942973 0.01953125 0.029282576866764276
0 0.05001763218055358 0.5447280002694811 0.01953125 0.029282576866764276
0 0.05759338975631113 0.5317473255025692 0.01953125 0.029282576866764276
0 0.00564533780825917 0.5690667654574411 0.01953125 0.029282576866764276
0 0.22101330317622456 0.6696669949010087 0.01953125 0.029282576866764276
0 0.751316333479255 0.8173221703746322 0.01953125 0.029282576866764276
0 0.7080262901892116 0.7994737425701282 0.01953125 0.029282576866764276
0 0.6160349481978696 0.5674441811115771 0.01953125 0.029282576866764276
0 0.740493822656744 0.6047636210664489 0.01953125 0.029282576866764276
0 0.6950392772021986 0.6015184523747209 0.01953125 0.029282576866764276
0 0.6907102728731943 0.6355927236378649 0.01953125 0.029282576866764276
