0 0.028928233984433463 0.615781538442349 0.01953125 0.026041666666666668
0 0.05308138283939531 0.592403675846929 0.01953125 0.026041666666666668
0 0.05057661184702889 0.5995601643965475 0.01953125 0.026041666666666668
0 0.05057661184702889 0.6064781033278451 0.01953125 0.026041666666666668
0 0.04968205077832659 0.6167357369156313 0.01953125 0.026041666666666668
0 0.02660237520580751 0.6229380269919672 0.01953125 0.026041666666666668
0 0.02230848207603652 0.6246078743202115 0.01953125 0.026041666666666668
0 0.01873023780122736 0.6351040575263184 0.01953125 0.026041666666666668
0 0.029822795053135755 0.6269933705034175 0.01953125 0.026041666666666668
0 0.033579951541685374 0.6289017674499825 0.01953125 0.026041666666666668
0 0.03858949352641819 0.625562072793494 0.01953125 0.026041666666666668
0 0.044135772152372396 0.6279475689767 0.01953125 0.026041666666666668
0 0.05504941719054034 0.6098177979843337 0.01953125 0.026041666666666668
0 0.04019970345008232 0.6212681796637229 0.01953125 0.026041666666666668
0 0.0398418790226014 0.6339113094347154 0.01953125 0.026041666666666668
0 0.03232756604550217 0.6334342101980741 0.01953125 0.026041666666666668
0 0.06524741337374644 0.5826231414957841 0.01953125 0.026041666666666668
0 0.06274264238138004 0.581430393404181 0.01953125 0.026041666666666668
0 0.057375275969166285 0.5890639811904406 0.01953125 0.026041666666666668
0 0.057375275969166285 0.5978903170683031 0.01953125 0.026041666666666668
0 0.06095352024397545 0.602899859053036 0.01953125 0.026041666666666668
0 0.06095352024397545 0.6246078743202115 0.01953125 0.026041666666666668
0 0.06954130650351743 0.6188826834805169 0.01953125 0.026041666666666668
0 0.07025695535847927 0.6346269582896772 0.01953125 0.026041666666666668
0 0.0641739400913037 0.6351040575263184 0.01953125 0.026041666666666668
0 0.05665962711420446 0.6367739048545626 0.01953125 0.026041666666666668
0 0.03196974161802125 0.6417834468392954 0.01953125 0.026041666666666668
0 0.02230848207603652 0.6594361185950206 0.01953125 0.026041666666666668
0 0.017298940091303693 0.6529952789003642 0.01953125 0.026041666666666668
0 0.019803711083670104 0.6475086376789901 0.01953125 0.026041666666666668
0 0.01497308131267774 0.6467929888240284 0.01953125 0.026041666666666668
0 0.0067431194806166685 0.6527567292820435 0.01953125 0.026041666666666668
0 0.040915352305044145 0.6501326834805169 0.01953125 0.026041666666666668
0 0.05003987520580751 0.6510868819537993 0.01953125 0.026041666666666668
0 0.05021878741954797 0.6441689430225016 0.01953125 0.026041666666666668
0 0.05970113474779224 0.6456002407324253 0.01953125 0.026041666666666668
0 0.0632793790226014 0.6424990956942572 0.01953125 0.026041666666666668
0 0.07133042864092201 0.6079094010377687 0.01953125 0.026041666666666668
0 0.07186716528214339 0.6012300117247916 0.01953125 0.026041666666666668
0 0.06739435993863194 0.5957433705034175 0.01953125 0.026041666666666668
0 0.062384817953899115 0.5916880269919672 0.01953125 0.026041666666666668
0 0.05415485612183805 0.6551422254652496 0.01953125 0.026041666666666668
0 0.06005895917527316 0.6575277216484557 0.01953125 0.026041666666666668
0 0.04574598207603651 0.6563349735568528 0.01953125 0.026041666666666668
0 0.0444935965798533 0.6630143628698298 0.01953125 0.026041666666666668
0 0.04145208894626552 0.6656384086713566 0.01953125 0.026041666666666668
0 0.025349989709624304 0.6560964239385322 0.01953125 0.026041666666666668
0 0.025707814137105215 0.6484628361522725 0.01953125 0.026041666666666668
0 0.002270314137105216 0.6560964239385322 0.01953125 0.026041666666666668
0 0.010142451541685367 0.6429761949308986 0.01953125 0.026041666666666668
0 0.06989913093099835 0.5883483323354787 0.01953125 0.026041666666666668
0 0.046998367572219715 0.6207910804270818 0.01953125 0.026041666666666668
0 0.03626363474779224 0.6148273399690665 0.01953125 0.026041666666666668
0 0.040915352305044145 0.6045697063812802 0.01953125 0.026041666666666668
0 0.03769493245771591 0.6296174163049444 0.01953125 0.026041666666666668
0 0.04771401642718156 0.6329571109614329 0.01953125 0.026041666666666668
0 0.025349989709624304 0.6401135995110512 0.01953125 0.026041666666666668
0 0.017656764518784604 0.6417834468392954 0.01953125 0.026041666666666668
0 0.023381955358479263 0.6518025308087612 0.01953125 0.026041666666666668
0 0.06936239428977697 0.6479857369156313 0.01953125 0.026041666666666668
0 0.07455084848825025 0.6501326834805169 0.01953125 0.026041666666666668
0 0.08027603932794491 0.6553807750835703 0.01953125 0.026041666666666668
0 0.08278081032031133 0.6439303934041809 0.01953125 0.026041666666666668
0 0.060565877114204435 0.6521603552362422 0.01953125 0.026041666666666668
0 0.0530515641371052 0.6388015766102879 0.01953125 0.026041666666666668
0 0.07416320535847923 0.6216260040912039 0.01953125 0.026041666666666668
0 0.06808019009130367 0.6259198972209751 0.01953125 0.026041666666666668
0 0.07344755650351742 0.6287824926408223 0.01953125 0.026041666666666668
0 0.07022713665618917 0.6430954697400589 0.01953125 0.026041666666666668
0 0.025141258793593736 0.6698130269919673 0.01953125 0.026041666666666668
0 0.01619564810657085 0.6698130269919673 0.01953125 0.026041666666666668
0 0.010828281694357103 0.6545458514194482 0.01953125 0.026041666666666668
0 0.027288205358479246 0.6998702789003644 0.01953125 0.026041666666666668
0 0.021920838946265498 0.6812634086713567 0.01953125 0.026041666666666668
0 0.02585690764855558 0.6898511949308985 0.01953125 0.026041666666666668
0 0.0061765641371051986 0.6745840193583795 0.01953125 0.026041666666666668
0 0.007607861847028865 0.6888969964576162 0.01953125 0.026041666666666668
0 0.013690877114204436 0.7017786758469291 0.01953125 0.026041666666666668
0 0.0376651137554258 0.6769695155415856 0.01953125 0.026041666666666668
0 0.03516034276305939 0.6702901262286085 0.01953125 0.026041666666666668
0 0.02943515192336474 0.6698130269919673 0.01953125 0.026041666666666668
0 0.0619971748241281 0.6707672254652498 0.01953125 0.026041666666666668
0 0.05484068627450977 0.6741069201217383 0.01953125 0.026041666666666668
0 0.04947331986229604 0.6679046300454025 0.01953125 0.026041666666666668
0 0.05484068627450977 0.6664733323354788 0.01953125 0.026041666666666668
0 0.04124335803023496 0.6869885995110513 0.01953125 0.026041666666666668
0 0.030508625205807483 0.6822176071446391 0.01953125 0.026041666666666668
0 0.03015080077832656 0.6488206605797536 0.01953125 0.026041666666666668
0 0.06664889238138001 0.6621794392057078 0.01953125 0.026041666666666668
0 0.036949464900463976 0.7051183705034177 0.01953125 0.026041666666666668
0 0.0376651137554258 0.6955763857705933 0.01953125 0.026041666666666668
0 0.05913457940428077 0.7046412712667766 0.01953125 0.026041666666666668
0 0.04947331986229604 0.7046412712667766 0.01953125 0.026041666666666668
0 0.04732637329741053 0.6989160804270819 0.01953125 0.026041666666666668
0 0.04446377787756321 0.6936679888240284 0.01953125 0.026041666666666668
0 0.007965686274509769 0.6998702789003644 0.01953125 0.026041666666666668
0 0.04240628741954795 0.6787586376789901 0.01953125 0.026041666666666668
0 0.04795256604550215 0.6775658895873873 0.01953125 0.026041666666666668
0 0.05421449352641819 0.6906861185950207 0.01953125 0.026041666666666668
0 0.067811821770693 0.6820983323354789 0.01953125 0.026041666666666668
0 0.07282136375542582 0.6701708514194483 0.01953125 0.026041666666666668
0 0.07765199352641819 0.6634914621064711 0.01953125 0.026041666666666668
0 0.06995876833557849 0.6620601643965475 0.01953125 0.026041666666666668
0 0.07210571490046398 0.7045219964576162 0.01953125 0.026041666666666668
0 0.0894601996332884 0.7007052025644863 0.01953125 0.026041666666666668
0 0.09393300497679986 0.6789971872973108 0.01953125 0.026041666666666668
0 0.0933962683355785 0.6708865002744101 0.01953125 0.026041666666666668
0 0.086955428640922 0.6742261949308985 0.01953125 0.026041666666666668
0 0.08498739428977697 0.6670697063812803 0.01953125 0.026041666666666668
0 0.09894254696153269 0.6446460422591429 0.01953125 0.026041666666666668
0 0.10001602024397545 0.6563349735568528 0.01953125 0.026041666666666668
0 0.10323644009130367 0.6673082559996009 0.01953125 0.026041666666666668
0 0.07783090574015865 0.6930716147782268 0.01953125 0.026041666666666668
0 0.08248262329741056 0.683768179663723 0.01953125 0.026041666666666668
0 0.1100351042134411 0.6730334468392956 0.01953125 0.026041666666666668
0 0.1082459820760365 0.6584819201217383 0.01953125 0.026041666666666668
0 0.058508386656189175 0.6835296300454025 0.01953125 0.026041666666666668
0 0.09518539047298308 0.6947414621064713 0.01953125 0.026041666666666668
0 0.09303844390809758 0.653710927755326 0.01953125 0.026041666666666668
0 0.10681468436611286 0.6498941338621963 0.01953125 0.026041666666666668
0 0.09786907367908992 0.6360582559996009 0.01953125 0.026041666666666668
0 0.07085332940428078 0.6768502407324254 0.01953125 0.026041666666666668
0 0.12631611566382275 0.7007052025644863 0.01953125 0.026041666666666668
0 0.12434808131267774 0.6818597827171581 0.01953125 0.026041666666666668
0 0.12524264238138003 0.6918788666866238 0.01953125 0.026041666666666668
0 0.1162970316943571 0.6539494773736466 0.01953125 0.026041666666666668
0 0.11236096299206703 0.6534723781370054 0.01953125 0.026041666666666668
0 0.10520447444244872 0.6413063476026544 0.01953125 0.026041666666666668
0 0.10162623016763955 0.628663217831662 0.01953125 0.026041666666666668
0 0.09804798589283041 0.6312872636331887 0.01953125 0.026041666666666668
0 0.09930037138901361 0.6176899353889139 0.01953125 0.026041666666666668
0 0.10466773780122736 0.6193597827171582 0.01953125 0.026041666666666668
0 0.11522355841191437 0.6272319201217383 0.01953125 0.026041666666666668
0 0.1100351042134411 0.6217452789003642 0.01953125 0.026041666666666668
0 0.11450790955695253 0.6188826834805169 0.01953125 0.026041666666666668
0 0.11218205077832659 0.6379666529461657 0.01953125 0.026041666666666668
0 0.12649502787756323 0.6568120727934941 0.01953125 0.026041666666666668
0 0.1329358675722197 0.655619324701891 0.01953125 0.026041666666666668
0 0.12595829123634183 0.6692166529461657 0.01953125 0.026041666666666668
0 0.13150456986229606 0.6806670346255551 0.01953125 0.026041666666666668
0 0.13400934085466246 0.6968884086713567 0.01953125 0.026041666666666668
0 0.12202222253405177 0.6479857369156314 0.01953125 0.026041666666666668
0 0.12238004696153269 0.6393979506560894 0.01953125 0.026041666666666668
0 0.12756850116000595 0.6386823018011276 0.01953125 0.026041666666666668
0 0.13400934085466246 0.641544897220975 0.01953125 0.026041666666666668
0 0.13061000879359375 0.6217452789003642 0.01953125 0.026041666666666668
0 0.13275695535847926 0.6176899353889139 0.01953125 0.026041666666666668
0 0.12112766146534948 0.6195983323354788 0.01953125 0.026041666666666668
0 0.13186239428977695 0.6289017674499826 0.01953125 0.026041666666666668
0 0.11826506604550215 0.6284246682133414 0.01953125 0.026041666666666668
0 0.1180861538317617 0.6351040575263185 0.01953125 0.026041666666666668
0 0.12416916909893726 0.6327185613431123 0.01953125 0.026041666666666668
0 0.09912145917527314 0.6226994773736466 0.01953125 0.026041666666666668
0 0.09321735612183803 0.6479857369156314 0.01953125 0.026041666666666668
0 0.0882078141371052 0.6587204697400589 0.01953125 0.026041666666666668
0 0.10733651165618922 0.5893621682133414 0.01953125 0.026041666666666668
0 0.10554738951878465 0.5868573972209751 0.01953125 0.026041666666666668
0 0.10357935516763962 0.5975921300454025 0.01953125 0.026041666666666668
0 0.10858889715237242 0.6043907941675399 0.01953125 0.026041666666666668
0 0.10313207463328845 0.6037944201217383 0.01953125 0.026041666666666668
0 0.10715759944244875 0.6127400308087613 0.01953125 0.026041666666666668
0 0.11395626356458617 0.6040329697400589 0.01953125 0.026041666666666668
0 0.11422463188519685 0.5915091147782269 0.01953125 0.026041666666666668
0 0.11288279028214343 0.581370755999601 0.01953125 0.026041666666666668
0 0.12245459371725793 0.5829213285186848 0.01953125 0.026041666666666668
0 0.12057601547298312 0.5780310613431124 0.01953125 0.026041666666666668
0 0.11753450783939533 0.5893621682133414 0.01953125 0.026041666666666668
0 0.11905526165618922 0.5977114048545629 0.01953125 0.026041666666666668
0 0.12111275211420448 0.6031980460759369 0.01953125 0.026041666666666668
0 0.12093383990046402 0.6104738094347154 0.01953125 0.026041666666666668
0 0.12343861089283044 0.6127400308087613 0.01953125 0.026041666666666668
0 0.12737467959512053 0.6127400308087613 0.01953125 0.026041666666666668
0 0.12907434562565487 0.6041522445492192 0.01953125 0.026041666666666668
0 0.12683794295389916 0.6006932750835704 0.01953125 0.026041666666666668
0 0.1285376089844335 0.5870959468392957 0.01953125 0.026041666666666668
0 0.126390662419548 0.5768383132515094 0.01953125 0.026041666666666668
0 0.1320263971523724 0.5756455651599063 0.01953125 0.026041666666666668
0 0.13122129219054038 0.5873344964576163 0.01953125 0.026041666666666668
0 0.13766213188519685 0.5893621682133414 0.01953125 0.026041666666666668
0 0.1383777807401587 0.5797009086713566 0.01953125 0.026041666666666668
0 0.13980907845008236 0.5848297254652498 0.01953125 0.026041666666666668
0 0.1383777807401587 0.6068955651599063 0.01953125 0.026041666666666668
0 0.13909342959512053 0.6144098781370054 0.01953125 0.026041666666666668
0 0.14168765669435718 0.6109509086713566 0.01953125 0.026041666666666668
0 0.14329786661802127 0.6232362140148681 0.01953125 0.026041666666666668
0 0.15000707463328847 0.581370755999601 0.01953125 0.026041666666666668
0 0.1458026376103877 0.5777925117247918 0.01953125 0.026041666666666668
0 0.14401351547298313 0.5717094964576163 0.01953125 0.026041666666666668
0 0.145534269289777 0.5918669392057078 0.01953125 0.026041666666666668
0 0.14624991814473884 0.6014089239385323 0.01953125 0.026041666666666668
0 0.14902305745771594 0.6041522445492192 0.01953125 0.026041666666666668
0 0.1495597940989373 0.6102352598163948 0.01953125 0.026041666666666668
0 0.14526590096916633 0.6115472827171582 0.01953125 0.026041666666666668
0 0.15313803837374648 0.6185844964576163 0.01953125 0.026041666666666668
0 0.14964925020580755 0.6204928934041811 0.01953125 0.026041666666666668
0 0.16142763761038764 0.5915091147782269 0.01953125 0.026041666666666668
0 0.1622327425722197 0.5819671300454025 0.01953125 0.026041666666666668
0 0.15588135898443345 0.5818478552362422 0.01953125 0.026041666666666668
0 0.15552353455695253 0.5746913666866239 0.01953125 0.026041666666666668
0 0.1636640402821434 0.600931824701891 0.01953125 0.026041666666666668
0 0.15901232272489144 0.6250253361522727 0.01953125 0.026041666666666668
0 0.1505139925722197 0.5912705651599063 0.01953125 0.026041666666666668
0 0.1749355097477922 0.6185844964576163 0.01953125 0.026041666666666668
0 0.16536370631267774 0.6160797254652498 0.01953125 0.026041666666666668
0 0.1803923322668762 0.6252638857705933 0.01953125 0.026041666666666668
0 0.17305693150351742 0.6015281987476926 0.01953125 0.026041666666666668
0 0.17708245631267774 0.6034365956942574 0.01953125 0.026041666666666668
0 0.17779810516763958 0.6088039621064711 0.01953125 0.026041666666666668
0 0.18325492768672352 0.6080883132515094 0.01953125 0.026041666666666668
0 0.1846862253966472 0.6142906033278451 0.01953125 0.026041666666666668
0 0.13949598207603642 0.6451231414957842 0.01953125 0.026041666666666668
0 0.149872890472983 0.632957110961433 0.01953125 0.026041666666666668
0 0.13842250879359366 0.6339113094347154 0.01953125 0.026041666666666668
0 0.1462946461981738 0.642737645312578 0.01953125 0.026041666666666668
0 0.1446844362745097 0.6534723781370054 0.01953125 0.026041666666666668
0 0.13717012329741046 0.6544265766102879 0.01953125 0.026041666666666668
0 0.14486334848825017 0.6634914621064711 0.01953125 0.026041666666666668
0 0.13627556222870818 0.6696937521828071 0.01953125 0.026041666666666668
0 0.13860142100733414 0.6785200880606697 0.01953125 0.026041666666666668
0 0.14915724161802116 0.673987645312578 0.01953125 0.026041666666666668
0 0.14522117291573108 0.6780429888240284 0.01953125 0.026041666666666668
0 0.15380895917527307 0.6527567292820436 0.01953125 0.026041666666666668
0 0.15613481795389902 0.6589590193583795 0.01953125 0.026041666666666668
0 0.1502307149004639 0.6794742865339521 0.01953125 0.026041666666666668
0 0.14665247062565476 0.688777721648456 0.01953125 0.026041666666666668
0 0.14772594390809748 0.698558255999601 0.01953125 0.026041666666666668
0 0.15559808131267763 0.6856765766102879 0.01953125 0.026041666666666668
0 0.15398787138901354 0.6933101643965475 0.01953125 0.026041666666666668
0 0.15506134467145627 0.7016594010377689 0.01953125 0.026041666666666668
0 0.16096544772489138 0.6909246682133414 0.01953125 0.026041666666666668
0 0.16096544772489138 0.6828139811904407 0.01953125 0.026041666666666668
0 0.16364913093099828 0.6799513857705933 0.01953125 0.026041666666666668
0 0.1693743217706929 0.6840067292820438 0.01953125 0.026041666666666668
0 0.173310390472983 0.7023750498927307 0.01953125 0.026041666666666668
0 0.1643647797859601 0.6999895537095245 0.01953125 0.026041666666666668
0 0.15899741337374634 0.6956956605797536 0.01953125 0.026041666666666668
0 0.16454369199970056 0.6596746682133414 0.01953125 0.026041666666666668
0 0.15255657367908987 0.6422605460759369 0.01953125 0.026041666666666668
0 0.16382804314473873 0.6441689430225017 0.01953125 0.026041666666666668
0 0.16830084848825017 0.6444074926408223 0.01953125 0.026041666666666668
0 0.173310390472983 0.6479857369156315 0.01953125 0.026041666666666668
0 0.17098453169435704 0.655619324701891 0.01953125 0.026041666666666668
0 0.17581516146534942 0.6644456605797536 0.01953125 0.026041666666666668
0 0.18243491337374637 0.655619324701891 0.01953125 0.026041666666666668
0 0.1878022797859601 0.6389208514194482 0.01953125 0.026041666666666668
0 0.18315056222870818 0.6343884086713566 0.01953125 0.026041666666666668
0 0.18994922635084557 0.6539494773736468 0.01953125 0.026041666666666668
0 0.196747890472983 0.6506097827171582 0.01953125 0.026041666666666668
0 0.19477985612183796 0.6644456605797536 0.01953125 0.026041666666666668
0 0.18493968436611277 0.684483828518685 0.01953125 0.026041666666666668
0 0.18136144009130362 0.6782815384423491 0.01953125 0.026041666666666668
0 0.17903558131267763 0.6935487140148681 0.01953125 0.026041666666666668
0 0.1946009439080975 0.6217452789003642 0.01953125 0.026041666666666668
0 0.1931696461981738 0.6308101643965475 0.01953125 0.026041666666666668
0 0.19388529505313568 0.6384437521828071 0.01953125 0.026041666666666668
0 0.19996831032031123 0.6367739048545629 0.01953125 0.026041666666666668
0 0.20426220345008222 0.6439303934041811 0.01953125 0.026041666666666668
0 0.20283090574015855 0.655619324701891 0.01953125 0.026041666666666668
0 0.20712479886992957 0.6568120727934941 0.01953125 0.026041666666666668
0 0.21302890192336468 0.6646842101980742 0.01953125 0.026041666666666668
0 0.2180384439080975 0.6799513857705933 0.01953125 0.026041666666666668
0 0.21320781413710513 0.6902090193583795 0.01953125 0.026041666666666668
0 0.22805752787756317 0.6699323018011277 0.01953125 0.026041666666666668
0 0.22591058131267763 0.6589590193583795 0.01953125 0.026041666666666668
0 0.15613481795389902 0.6789971872973108 0.01953125 0.026041666666666668
0 0.1421796652821433 0.6933101643965475 0.01953125 0.026041666666666668
0 0.19102269963328833 0.6921174163049444 0.01953125 0.026041666666666668
0 0.1949587683355784 0.6835296300454025 0.01953125 0.026041666666666668
0 0.19907374925160892 0.6775658895873873 0.01953125 0.026041666666666668
0 0.20784044772489138 0.6856765766102879 0.01953125 0.026041666666666668
0 0.20605132558748682 0.7123941338621963 0.01953125 0.026041666666666668
0 0.2056935011600059 0.6992739048545628 0.01953125 0.026041666666666668
0 0.1954955049767998 0.7002281033278451 0.01953125 0.026041666666666668
0 0.16239674543481505 0.709531538442349 0.01953125 0.026041666666666668
0 0.19567441719054024 0.611487645312578 0.01953125 0.026041666666666668
0 0.198715924824128 0.6284246682133414 0.01953125 0.026041666666666668
0 0.20658806222870818 0.6310487140148681 0.01953125 0.026041666666666668
0 0.2107030431447387 0.6384437521828071 0.01953125 0.026041666666666668
0 0.20032613474779215 0.6646842101980742 0.01953125 0.026041666666666668
0 0.19477985612183796 0.6577662712667766 0.01953125 0.026041666666666668
0 0.16490151642718148 0.6355811567629597 0.01953125 0.026041666666666668
0 0.15631373016763947 0.6377281033278451 0.01953125 0.026041666666666668
0 0.15058853932794483 0.6584819201217383 0.01953125 0.026041666666666668
0 0.17778319581649443 0.6417834468392957 0.01953125 0.026041666666666668
0 0.21553367291573108 0.6234151262286086 0.01953125 0.026041666666666668
0 0.2149969362745097 0.632957110961433 0.01953125 0.026041666666666668
0 0.21732279505313568 0.6384437521828071 0.01953125 0.026041666666666668
0 0.22036430268672344 0.6429761949308986 0.01953125 0.026041666666666668
0 0.2223323370378685 0.6506097827171582 0.01953125 0.026041666666666668
0 0.22161668818290664 0.6682624544728833 0.01953125 0.026041666666666668
0 0.2094506576485555 0.6780429888240284 0.01953125 0.026041666666666668
0 0.2273418790226013 0.6780429888240284 0.01953125 0.026041666666666668
0 0.22197451261038756 0.6856765766102879 0.01953125 0.026041666666666668
0 0.23056229886992954 0.6894933705034177 0.01953125 0.026041666666666668
0 0.22895208894626545 0.6477471872973108 0.01953125 0.026041666666666668
0 0.22752079123634175 0.6405906987476926 0.01953125 0.026041666666666668
0 0.22412145917527307 0.6324800117247918 0.01953125 0.026041666666666668
0 0.23449836757221965 0.6293788666866239 0.01953125 0.026041666666666668
0 0.2189330049767998 0.6274704697400589 0.01953125 0.026041666666666668
0 0.22430037138901354 0.611487645312578 0.01953125 0.026041666666666668
0 0.20157852024397535 0.6217452789003642 0.01953125 0.026041666666666668
0 0.18923357749588376 0.6136345918774636 0.01953125 0.026041666666666668
0 0.18261382558748682 0.5997987140148681 0.01953125 0.026041666666666668
0 0.18762336757221965 0.6038540575263185 0.01953125 0.026041666666666668
0 0.21034521871725778 0.6002758132515094 0.01953125 0.026041666666666668
0 0.19996831032031123 0.5986059659232651 0.01953125 0.026041666666666668
0 0.20837718436611277 0.6164971872973108 0.01953125 0.026041666666666668
0 0.23664531413710513 0.6207910804270819 0.01953125 0.026041666666666668
0 0.2303833866561891 0.6310487140148681 0.01953125 0.026041666666666668
0 0.2359296652821433 0.6391594010377689 0.01953125 0.026041666666666668
0 0.23861334848825017 0.6613445155415857 0.01953125 0.026041666666666668
0 0.23539292864092193 0.6539494773736468 0.01953125 0.026041666666666668
0 0.21034521871725778 0.6541880269919674 0.01953125 0.026041666666666668
0 0.14957470345008242 0.5964590193583795 0.01953125 0.026041666666666668
0 0.13311477978596026 0.6112490956942574 0.01953125 0.026041666666666668
0 0.14420733703786867 0.6164971872973108 0.01953125 0.026041666666666668
0 0.16728701261038775 0.5685487140148681 0.01953125 0.026041666666666668
0 0.14635428360275415 0.5847700880606695 0.01953125 0.026041666666666668
0 0.17963195535847937 0.5695029124881505 0.01953125 0.026041666666666668
0 0.17193873016763964 0.5740353552362422 0.01953125 0.026041666666666668
0 0.1926925469615328 0.5728426071446391 0.01953125 0.026041666666666668
0 0.19913338665618927 0.5757052025644863 0.01953125 0.026041666666666668
0 0.19698644009130378 0.5811918437858604 0.01953125 0.026041666666666668
0 0.19770208894626562 0.5907338285186848 0.01953125 0.026041666666666668
0 0.1798108675722198 0.5823845918774635 0.01953125 0.026041666666666668
0 0.1819578141371053 0.5728426071446391 0.01953125 0.026041666666666668
0 0.18625170726687632 0.5773750498927307 0.01953125 0.026041666666666668
0 0.19036668818290683 0.5783292483660132 0.01953125 0.026041666666666668
0 0.19949121108367018 0.6129189430225017 0.01953125 0.026041666666666668
0 0.20825790955695264 0.5866784850072345 0.01953125 0.026041666666666668
0 0.21720352024397555 0.5745124544728833 0.01953125 0.026041666666666668
0 0.22096067673252517 0.5678330651599063 0.01953125 0.026041666666666668
0 0.20790008512947172 0.5702185613431124 0.01953125 0.026041666666666668
0 0.20772117291573128 0.5799990956942574 0.01953125 0.026041666666666668
0 0.22650695535847937 0.5735582559996009 0.01953125 0.026041666666666668
0 0.2347369171905404 0.5723655079079978 0.01953125 0.026041666666666668
0 0.22400218436611294 0.5740353552362422 0.01953125 0.026041666666666668
0 0.22257088665618927 0.5873941338621963 0.01953125 0.026041666666666668
0 0.22561239428977709 0.5895410804270819 0.01953125 0.026041666666666668
0 0.21469874925160914 0.585724286533952 0.01953125 0.026041666666666668
0 0.21666678360275415 0.5962204697400589 0.01953125 0.026041666666666668
0 0.22740151642718165 0.5962204697400589 0.01953125 0.026041666666666668
0 0.22775934085466257 0.601707110961433 0.01953125 0.026041666666666668
0 0.2136252759691664 0.6079094010377688 0.01953125 0.026041666666666668
0 0.22167632558748698 0.5997987140148681 0.01953125 0.026041666666666668
0 0.22292871108367018 0.6045697063812803 0.01953125 0.026041666666666668
0 0.22990628741954805 0.6229380269919674 0.01953125 0.026041666666666668
0 0.20092250879359388 0.5711727598163948 0.01953125 0.026041666666666668
0 0.17569588665618927 0.5881097827171582 0.01953125 0.026041666666666668
0 0.1778428332210748 0.5740353552362422 0.01953125 0.026041666666666668
0 0.2401937397096244 0.5944313476026541 0.01953125 0.026041666666666668
0 0.2444876328393954 0.5996794392057075 0.01953125 0.026041666666666668
0 0.24055156413710538 0.5796412712667763 0.01953125 0.026041666666666668
0 0.24484545726687634 0.5753473781370053 0.01953125 0.026041666666666668
0 0.24341415955695267 0.5700992865339518 0.01953125 0.026041666666666668
0 0.23303725116000612 0.5829809659232648 0.01953125 0.026041666666666668
0 0.23267942673252517 0.5786870727934937 0.01953125 0.026041666666666668
0 0.2308903045951206 0.6154237140148678 0.01953125 0.026041666666666668
0 0.2108521366561893 0.6273511949308984 0.01953125 0.026041666666666668
0 0.2401937397096244 0.5887061567629596 0.01953125 0.026041666666666668
0 0.24770805268672366 0.5796412712667763 0.01953125 0.026041666666666668
0 0.2512862969615329 0.5753473781370053 0.01953125 0.026041666666666668
0 0.24878152596916644 0.5729618819537993 0.01953125 0.026041666666666668
0 0.2348263732974107 0.5972939430225014 0.01953125 0.026041666666666668
0 0.2387624419997008 0.6039733323354786 0.01953125 0.026041666666666668
0 0.24377198398443362 0.6211489048545625 0.01953125 0.026041666666666668
0 0.24090938856458627 0.6273511949308984 0.01953125 0.026041666666666668
0 0.186520075587487 0.6631336376789899 0.01953125 0.026041666666666668
0 0.19117179314473895 0.6750611185950205 0.01953125 0.026041666666666668
0 0.20476912138901374 0.6774466147782267 0.01953125 0.026041666666666668
0 0.25531182177069317 0.5699800117247914 0.01953125 0.026041666666666668
0 0.25262813856458627 0.5754666529461655 0.01953125 0.026041666666666668
0 0.24600838665618935 0.5916880269919671 0.01953125 0.026041666666666668
0 0.2513757530684031 0.5912109277553259 0.01953125 0.026041666666666668
0 0.2574587683355787 0.583815889587387 0.01953125 0.026041666666666668
0 0.23956754696153287 0.5733197063812802 0.01953125 0.026041666666666668
0 0.22006611566382292 0.5783292483660128 0.01953125 0.026041666666666668
0 0.24529273780122754 0.6098177979843334 0.01953125 0.026041666666666668
0 0.25030227978596037 0.6021842101980739 0.01953125 0.026041666666666668
0 0.23831516146534965 0.6105334468392953 0.01953125 0.026041666666666668
0 0.25674311948061684 0.5988445155415854 0.01953125 0.026041666666666668
0 0.2606791881829069 0.5950277216484556 0.01953125 0.026041666666666668
0 0.2640785202439756 0.5776135995110511 0.01953125 0.026041666666666668
0 0.26640437902260156 0.5733197063812802 0.01953125 0.026041666666666668
0 0.26175266146534965 0.5706956605797533 0.01953125 0.026041666666666668
0 0.2533437874195481 0.6148273399690664 0.01953125 0.026041666666666668
0 0.2572798561218382 0.615065889587387 0.01953125 0.026041666666666668
0 0.256027470625655 0.6079094010377686 0.01953125 0.026041666666666668
0 0.25155466528214354 0.6236536758469289 0.01953125 0.026041666666666668
0 0.2508390164271817 0.6298559659232648 0.01953125 0.026041666666666668
0 0.2427879668088611 0.632718561343112 0.01953125 0.026041666666666668
0 0.24797642100733439 0.6351040575263183 0.01953125 0.026041666666666668
0 0.24779750879359394 0.6420219964576159 0.01953125 0.026041666666666668
0 0.24296687902260156 0.6453616911141045 0.01953125 0.026041666666666668
0 0.2443981767325252 0.6484628361522724 0.01953125 0.026041666666666668
0 0.24940771871725803 0.6489399353889136 0.01953125 0.026041666666666668
0 0.25352269963328855 0.641306347602654 0.01953125 0.026041666666666668
0 0.2599635393279451 0.638920851419448 0.01953125 0.026041666666666668
0 0.2574587683355787 0.631525813251509 0.01953125 0.026041666666666668
0 0.25781659276305957 0.6238922254652496 0.01953125 0.026041666666666668
0 0.2621104858928306 0.6231765766102877 0.01953125 0.026041666666666668
0 0.26729894009130384 0.6305716147782267 0.01953125 0.026041666666666668
0 0.26855132558748707 0.6250849735568526 0.01953125 0.026041666666666668
0 0.26533090574015883 0.6079094010377686 0.01953125 0.026041666666666668
0 0.2606791881829069 0.6067166529461655 0.01953125 0.026041666666666668
0 0.26890915001496796 0.5959819201217381 0.01953125 0.026041666666666668
0 0.26425743245771605 0.583815889587387 0.01953125 0.026041666666666668
0 0.2748132530684031 0.6062395537095243 0.01953125 0.026041666666666668
0 0.27964388283939545 0.6038540575263183 0.01953125 0.026041666666666668
0 0.28519016146534965 0.6122032941675396 0.01953125 0.026041666666666668
0 0.27964388283939545 0.619836881953799 0.01953125 0.026041666666666668
0 0.27284521871725803 0.6234151262286083 0.01953125 0.026041666666666668
0 0.2855479858928306 0.6040926071446389 0.01953125 0.026041666666666668
0 0.2905575278775634 0.6021842101980739 0.01953125 0.026041666666666668
0 0.2808962683355787 0.5909723781370052 0.01953125 0.026041666666666668
0 0.2832221271142046 0.5955048208850968 0.01953125 0.026041666666666668
0 0.28125409276305957 0.5845315384423487 0.01953125 0.026041666666666668
0 0.27785476070199083 0.5771365002744099 0.01953125 0.026041666666666668
0 0.2800017072668764 0.5749895537095243 0.01953125 0.026041666666666668
0 0.2893051423813802 0.5742739048545625 0.01953125 0.026041666666666668
0 0.2905575278775634 0.5809532941675396 0.01953125 0.026041666666666668
0 0.28626363474779243 0.5771365002744099 0.01953125 0.026041666666666668
0 0.288052756885197 0.6241307750835702 0.01953125 0.026041666666666668
0 0.28483233703786875 0.6293788666866236 0.01953125 0.026041666666666668
0 0.27606563856458627 0.626039172030135 0.01953125 0.026041666666666668
0 0.27785476070199083 0.6310487140148678 0.01953125 0.026041666666666668
0 0.2757078141371054 0.6379666529461655 0.01953125 0.026041666666666668
0 0.26980371108367024 0.6441689430225014 0.01953125 0.026041666666666668
0 0.2841166881829069 0.641306347602654 0.01953125 0.026041666666666668
0 0.28858949352641833 0.6374895537095243 0.01953125 0.026041666666666668
0 0.2860847225340519 0.6494170346255549 0.01953125 0.026041666666666668
0 0.2939568599386321 0.6501326834805167 0.01953125 0.026041666666666668
0 0.30504941719054046 0.5733197063812802 0.01953125 0.026041666666666668
0 0.30129226070199083 0.5771365002744099 0.01953125 0.026041666666666668
0 0.31113243245771605 0.5726040575263183 0.01953125 0.026041666666666668
0 0.30558615383176185 0.583815889587387 0.01953125 0.026041666666666668
0 0.3064807149004642 0.5921651262286083 0.01953125 0.026041666666666668
0 0.3118480813126779 0.5804761949308984 0.01953125 0.026041666666666668
0 0.31828892100733436 0.5771365002744099 0.01953125 0.026041666666666668
0 0.31936239428977714 0.5866784850072342 0.01953125 0.026041666666666668
0 0.3168576232974107 0.5912109277553259 0.01953125 0.026041666666666668
0 0.31828892100733436 0.6064781033278449 0.01953125 0.026041666666666668
0 0.3037970316943573 0.6021842101980739 0.01953125 0.026041666666666668
0 0.2866214591752733 0.6172128361522724 0.01953125 0.026041666666666668
0 0.3075541881829069 0.6117261949308984 0.01953125 0.026041666666666668
0 0.3109535202439756 0.6143502407324251 0.01953125 0.026041666666666668
0 0.3080909248241283 0.6226994773736465 0.01953125 0.026041666666666668
0 0.3123848179538993 0.6281861185950205 0.01953125 0.026041666666666668
0 0.3184678332210748 0.6231765766102877 0.01953125 0.026041666666666668
0 0.3093433103203115 0.6351040575263183 0.01953125 0.026041666666666668
0 0.31023787138901376 0.6417834468392953 0.01953125 0.026041666666666668
0 0.3139950278775634 0.6484628361522724 0.01953125 0.026041666666666668
0 0.31864674543481536 0.6436918437858602 0.01953125 0.026041666666666668
0 0.31828892100733436 0.632718561343112 0.01953125 0.026041666666666668
0 0.3179310965798534 0.5733197063812802 0.01953125 0.026041666666666668
0 0.27168228932794497 0.6550229506560895 0.01953125 0.026041666666666668
0 0.25772713665618924 0.6593168437858605 0.01953125 0.026041666666666668
0 0.2641679763508457 0.6459580651599063 0.01953125 0.026041666666666668
0 0.2981612969615327 0.653591652946166 0.01953125 0.026041666666666668
0 0.2523597702439755 0.6669504315721201 0.01953125 0.026041666666666668
0 0.23840461757221978 0.6760153170683033 0.01953125 0.026041666666666668
0 0.25880060993863196 0.6741069201217383 0.01953125 0.026041666666666668
0 0.26309450306840293 0.6860344010377689 0.01953125 0.026041666666666668
0 0.2752605336027541 0.694622187297311 0.01953125 0.026041666666666668
0 0.2752605336027541 0.6826947063812804 0.01953125 0.026041666666666668
0 0.28027007558748696 0.6784008132515095 0.01953125 0.026041666666666668
0 0.27669183131267777 0.6707672254652498 0.01953125 0.026041666666666668
0 0.2906469839844335 0.6736298208850972 0.01953125 0.026041666666666668
0 0.2981612969615327 0.6679046300454026 0.01953125 0.026041666666666668
0 0.2935095794042808 0.6927137903507461 0.01953125 0.026041666666666668
0 0.2906469839844335 0.6836489048545628 0.01953125 0.026041666666666668
0 0.28420614428977703 0.6846031033278451 0.01953125 0.026041666666666668
0 0.3131899229157312 0.6593168437858605 0.01953125 0.026041666666666668
0 0.31497904505313584 0.6636107369156315 0.01953125 0.026041666666666668
0 0.31891511375542586 0.6659962330988376 0.01953125 0.026041666666666668
0 0.32034641146534953 0.6745840193583796 0.01953125 0.026041666666666668
0 0.3156946939080976 0.6803092101980743 0.01953125 0.026041666666666668
0 0.3131899229157312 0.6707672254652498 0.01953125 0.026041666666666668
0 0.3042443122287083 0.6702901262286086 0.01953125 0.026041666666666668
0 0.2995925946714564 0.6779237140148681 0.01953125 0.026041666666666668
0 0.30674908322107475 0.6846031033278451 0.01953125 0.026041666666666668
0 0.30317083894626556 0.6912824926408222 0.01953125 0.026041666666666668
0 0.3088960297859602 0.7036870727934942 0.01953125 0.026041666666666668
0 0.3196307626103877 0.6989160804270819 0.01953125 0.026041666666666668
0 0.3282185488699297 0.6803092101980743 0.01953125 0.026041666666666668
0 0.3253559534500824 0.6626565384423491 0.01953125 0.026041666666666668
0 0.3235668313126778 0.6545458514194483 0.01953125 0.026041666666666668
0 0.31855728932794497 0.6502519582896773 0.01953125 0.026041666666666668
0 0.32678725116000606 0.6416641720301354 0.01953125 0.026041666666666668
0 0.33537503741954805 0.653591652946166 0.01953125 0.026041666666666668
0 0.32857637329741063 0.6512061567629597 0.01953125 0.026041666666666668
0 0.33251244199970065 0.6593168437858605 0.01953125 0.026041666666666668
0 0.3360906862745098 0.6702901262286086 0.01953125 0.026041666666666668
0 0.3414580526867236 0.6693359277553261 0.01953125 0.026041666666666668
0 0.3414580526867236 0.6803092101980743 0.01953125 0.026041666666666668
0 0.33823763283939534 0.6745840193583796 0.01953125 0.026041666666666668
0 0.34610977024397543 0.6803092101980743 0.01953125 0.026041666666666668
0 0.34038457940428085 0.688419897220975 0.01953125 0.026041666666666668
0 0.3428893503966472 0.6993931796637232 0.01953125 0.026041666666666668
0 0.35004583894626556 0.6903282941675398 0.01953125 0.026041666666666668
0 0.2380467931447388 0.6893740956942574 0.01953125 0.026041666666666668
0 0.3572023274958839 0.6912824926408222 0.01953125 0.026041666666666668
0 0.3704418313126778 0.6950992865339521 0.01953125 0.026041666666666668
0 0.3636431671905404 0.6774466147782269 0.01953125 0.026041666666666668
0 0.356844503068403 0.6659962330988376 0.01953125 0.026041666666666668
0 0.34897236566382284 0.6650420346255551 0.01953125 0.026041666666666668
0 0.3446784725340518 0.6578855460759369 0.01953125 0.026041666666666668
0 0.34038457940428085 0.6450038666866239 0.01953125 0.026041666666666668
0 0.33358591528214343 0.6297366911141048 0.01953125 0.026041666666666668
0 0.32786072444244874 0.6292595918774636 0.01953125 0.026041666666666668
0 0.331081144289777 0.6225802025644865 0.01953125 0.026041666666666668
0 0.3249981290226015 0.6254427979843339 0.01953125 0.026041666666666668
0 0.3207042358928304 0.6368931796637232 0.01953125 0.026041666666666668
0 0.32464030459512055 0.6125611185950208 0.01953125 0.026041666666666668
0 0.32705561948061673 0.5804761949308987 0.01953125 0.026041666666666668
0 0.32043586757221976 0.5692643628698301 0.01953125 0.026041666666666668
0 0.3265188828393954 0.5926422254652498 0.01953125 0.026041666666666668
0 0.3238351996332885 0.6024227598163948 0.01953125 0.026041666666666668
0 0.33206516146534953 0.5969361185950208 0.01953125 0.026041666666666668
0 0.3379692645187847 0.5814303934041811 0.01953125 0.026041666666666668
0 0.34029512329741063 0.5881097827171582 0.01953125 0.026041666666666668
0 0.35514483703786864 0.5921651262286086 0.01953125 0.026041666666666668
0 0.35049311948061673 0.5780906987476926 0.01953125 0.026041666666666668
0 0.3483461729157313 0.5690258132515094 0.01953125 0.026041666666666668
0 0.3483461729157313 0.5988445155415857 0.01953125 0.026041666666666668
0 0.3390427378012274 0.6112490956942574 0.01953125 0.026041666666666668
0 0.3354644935264183 0.6179284850072345 0.01953125 0.026041666666666668
0 0.3381481767325251 0.6265162712667766 0.01953125 0.026041666666666668
0 0.3460203141371053 0.6224609277553262 0.01953125 0.026041666666666668
0 0.35407136375542586 0.6098177979843339 0.01953125 0.026041666666666668
0 0.357649608030235 0.6040926071446392 0.01953125 0.026041666666666668
0 0.35800743245771594 0.6191212330988376 0.01953125 0.026041666666666668
0 0.34906182177069306 0.616497187297311 0.01953125 0.026041666666666668
0 0.3503142072668763 0.6284246682133414 0.01953125 0.026041666666666668
0 0.34530466528214343 0.6303330651599063 0.01953125 0.026041666666666668
0 0.3549659248241282 0.6386823018011277 0.01953125 0.026041666666666668
0 0.3621224133737465 0.6195983323354788 0.01953125 0.026041666666666668
0 0.36534283322107475 0.6212681796637232 0.01953125 0.026041666666666668
0 0.3699945507783267 0.623176576610288 0.01953125 0.026041666666666668
0 0.366595218717258 0.6434532941675399 0.01953125 0.026041666666666668
0 0.3757197416180213 0.6482242865339521 0.01953125 0.026041666666666668
0 0.3590809057401587 0.5742739048545629 0.01953125 0.026041666666666668
0 0.3712469362745099 0.6131574926408224 0.01953125 0.026041666666666668
0 0.3680265164271816 0.6040926071446392 0.01953125 0.026041666666666668
0 0.3630169744424488 0.5990830651599063 0.01953125 0.026041666666666668
0 0.36444827215237247 0.5752281033278454 0.01953125 0.026041666666666668
0 0.36570065764855564 0.582146042259143 0.01953125 0.026041666666666668
0 0.36122785230504423 0.5909723781370056 0.01953125 0.026041666666666668
0 0.3667741309309984 0.5902567292820436 0.01953125 0.026041666666666668
0 0.37589865383176174 0.6353426071446392 0.01953125 0.026041666666666668
0 0.3821605813126778 0.6491784850072345 0.01953125 0.026041666666666668
0 0.38878033322107475 0.6456002407324254 0.01953125 0.026041666666666668
0 0.3928953141371052 0.6417834468392957 0.01953125 0.026041666666666668
0 0.3864544744424488 0.6060010040912039 0.01953125 0.026041666666666668
0 0.39396878741954805 0.6296174163049445 0.01953125 0.026041666666666668
0 0.39217966528214343 0.6198368819537995 0.01953125 0.026041666666666668
0 0.3869912110836702 0.6238922254652498 0.01953125 0.026041666666666668
0 0.3923585774958839 0.6102948972209751 0.01953125 0.026041666666666668
0 0.3934320507783267 0.6005143628698301 0.01953125 0.026041666666666668
0 0.3923585774958839 0.5952662712667766 0.01953125 0.026041666666666668
0 0.38717012329741063 0.5986059659232651 0.01953125 0.026041666666666668
0 0.38967489428977703 0.5885868819537995 0.01953125 0.026041666666666668
0 0.3954000851294717 0.5785677979843339 0.01953125 0.026041666666666668
0 0.38090819581649454 0.5737968056179217 0.01953125 0.026041666666666668
0 0.3621224133737465 0.6365353552362423 0.01953125 0.026041666666666668
0 0.3401162110836702 0.6014685613431124 0.01953125 0.026041666666666668
0 0.3639115355111511 0.6102948972209751 0.01953125 0.026041666666666668
0 0.35836525688519694 0.6475086376789904 0.01953125 0.026041666666666668
0 0.35407136375542586 0.6432147445492193 0.01953125 0.026041666666666668
0 0.34709378741954805 0.6415448972209751 0.01953125 0.026041666666666668
0 0.37867179314473903 0.6817405079079978 0.01953125 0.026041666666666668
0 0.3668635870378688 0.6550229506560893 0.01953125 0.026041666666666668
0 0.3797452664271818 0.6574084468392954 0.01953125 0.026041666666666668
0 0.3886908771142047 0.6559771491293719 0.01953125 0.026041666666666668
0 0.3908378236790902 0.6784008132515092 0.01953125 0.026041666666666668
0 0.3851126328393955 0.690805393404181 0.01953125 0.026041666666666668
0 0.39835213665618946 0.6884198972209749 0.01953125 0.026041666666666668
0 0.39692083894626573 0.6650420346255551 0.01953125 0.026041666666666668
0 0.40371950306840315 0.6664733323354787 0.01953125 0.026041666666666668
0 0.3990677855111512 0.6540687521828069 0.01953125 0.026041666666666668
0 0.4108759916180215 0.6860344010377687 0.01953125 0.026041666666666668
0 0.42268419772489174 0.6564542483660131 0.01953125 0.026041666666666668
0 0.41302293818290703 0.6540687521828069 0.01953125 0.026041666666666668
0 0.4062242740607696 0.6531145537095245 0.01953125 0.026041666666666668
0 0.4098025183355788 0.6421412712667763 0.01953125 0.026041666666666668
0 0.404435151923365 0.6383244773736466 0.01953125 0.026041666666666668
0 0.3994256099386322 0.6321221872973107 0.01953125 0.026041666666666668
0 0.40336167864092226 0.6306908895873872 0.01953125 0.026041666666666668
0 0.4019303809309986 0.6182863094347154 0.01953125 0.026041666666666668
0 0.39692083894626573 0.6154237140148681 0.01953125 0.026041666666666668
0 0.39799431222870857 0.6073130269919672 0.01953125 0.026041666666666668
0 0.3994256099386322 0.5953855460759366 0.01953125 0.026041666666666668
0 0.40407732749588404 0.6034962330988375 0.01953125 0.026041666666666668
0 0.4055086252058077 0.5972939430225016 0.01953125 0.026041666666666668
0 0.39692083894626573 0.5844122636331887 0.01953125 0.026041666666666668
0 0.39870996108367035 0.5743931796637229 0.01953125 0.026041666666666668
0 0.4026460297859604 0.576778675846929 0.01953125 0.026041666666666668
0 0.41159164047298336 0.578687072793494 0.01953125 0.026041666666666668
0 0.41159164047298336 0.5672366911141047 0.01953125 0.026041666666666668
0 0.4083712206256551 0.5705763857705932 0.01953125 0.026041666666666668
0 0.4137385870378688 0.6020649353889138 0.01953125 0.026041666666666668
0 0.41194946490046425 0.5887061567629596 0.01953125 0.026041666666666668
0 0.40908686948061684 0.6082672254652497 0.01953125 0.026041666666666668
0 0.4108759916180215 0.6249656987476925 0.01953125 0.026041666666666668
0 0.40872904505313595 0.6182863094347154 0.01953125 0.026041666666666668
0 0.4133807626103879 0.6297366911141047 0.01953125 0.026041666666666668
0 0.4148120603203116 0.6373702789003642 0.01953125 0.026041666666666668
0 0.43887575306840315 0.6828139811904407 0.01953125 0.026041666666666668
0 0.42778319581649477 0.6577662712667763 0.01953125 0.026041666666666668
0 0.431361440091304 0.6515639811904406 0.01953125 0.026041666666666668
0 0.4245627759691666 0.6491784850072345 0.01953125 0.026041666666666668
0 0.4284988446714566 0.642021996457616 0.01953125 0.026041666666666668
0 0.4183008484882505 0.6811441338621962 0.01953125 0.026041666666666668
0 0.41901649734321234 0.6916403170683032 0.01953125 0.026041666666666668
0 0.4420961729157314 0.6744647445492191 0.01953125 0.026041666666666668
0 0.4433485584119147 0.6685010040912039 0.01953125 0.026041666666666668
0 0.43565533322107497 0.6630143628698298 0.01953125 0.026041666666666668
0 0.43994922635084593 0.6539494773736466 0.01953125 0.026041666666666668
0 0.44639006604550246 0.6608674163049444 0.01953125 0.026041666666666668
0 0.4363709820760368 0.6761345918774634 0.01953125 0.026041666666666668
0 0.4342240355111513 0.6742261949308985 0.01953125 0.026041666666666668
0 0.44066487520580777 0.6448845918774635 0.01953125 0.026041666666666668
0 0.435297508793594 0.6434532941675397 0.01953125 0.026041666666666668
0 0.44639006604550246 0.642737645312578 0.01953125 0.026041666666666668
0 0.4499683103203116 0.6541880269919672 0.01953125 0.026041666666666668
0 0.4601663065035177 0.6622987140148681 0.01953125 0.026041666666666668
0 0.4571247988699299 0.6668311567629596 0.01953125 0.026041666666666668
0 0.45551458894626573 0.6773273399690666 0.01953125 0.026041666666666668
0 0.4535465545951207 0.6859151262286085 0.01953125 0.026041666666666668
0 0.44871592482412836 0.6801899353889138 0.01953125 0.026041666666666668
0 0.4274253713890139 0.679474286533952 0.01953125 0.026041666666666668
0 0.4318981767325253 0.6956956605797534 0.01953125 0.026041666666666668
0 0.46785953169435746 0.6813826834805168 0.01953125 0.026041666666666668
0 0.469648653831762 0.6417834468392954 0.01953125 0.026041666666666668
0 0.4607030431447391 0.6434532941675397 0.01953125 0.026041666666666668
0 0.45462002787756356 0.6475086376789901 0.01953125 0.026041666666666668
0 0.4533676423813803 0.6370124544728833 0.01953125 0.026041666666666668
0 0.44639006604550246 0.642021996457616 0.01953125 0.026041666666666668
0 0.4480002759691666 0.624369324701891 0.01953125 0.026041666666666668
0 0.4453165927630597 0.6315258132515092 0.01953125 0.026041666666666668
0 0.43851792864092226 0.6293788666866238 0.01953125 0.026041666666666668
0 0.46857518054931924 0.6906861185950207 0.01953125 0.026041666666666668
0 0.42438386375542564 0.5733197063812803 0.01953125 0.026041666666666668
0 0.4306457912363417 0.571649859053036 0.01953125 0.026041666666666668
0 0.4225947416180211 0.5966975689767001 0.01953125 0.026041666666666668
0 0.4122178332210745 0.5952662712667766 0.01953125 0.026041666666666668
0 0.438160104213441 0.5740353552362422 0.01953125 0.026041666666666668
0 0.4438852950531356 0.5768979506560895 0.01953125 0.026041666666666668
0 0.43118252787756306 0.5811918437858604 0.01953125 0.026041666666666668
0 0.4331505622287081 0.5878712330988375 0.01953125 0.026041666666666668
0 0.440128138564586 0.5869170346255551 0.01953125 0.026041666666666668
0 0.44191726070199056 0.5940735231751735 0.01953125 0.026041666666666668
0 0.4365498942897768 0.5940735231751735 0.01953125 0.026041666666666668
0 0.43762336757221953 0.6033769582896772 0.01953125 0.026041666666666668
0 0.44656897825924247 0.6112490956942574 0.01953125 0.026041666666666668
0 0.446390066045502 0.6045697063812803 0.01953125 0.026041666666666668
0 0.4417383484882501 0.622460927755326 0.01953125 0.026041666666666668
0 0.429572317953899 0.6167357369156314 0.01953125 0.026041666666666668
0 0.4238471271142043 0.6205525308087612 0.01953125 0.026041666666666668
0 0.45175743245771577 0.5745124544728833 0.01953125 0.026041666666666668
0 0.4508628713890135 0.5695029124881505 0.01953125 0.026041666666666668
0 0.4446009439080974 0.5702185613431124 0.01953125 0.026041666666666668
0 0.4447798561218379 0.5625849735568529 0.01953125 0.026041666666666668
0 0.4524730813126776 0.5647319201217383 0.01953125 0.026041666666666668
0 0.4607030431447386 0.5695029124881505 0.01953125 0.026041666666666668
0 0.4580193599386318 0.5711727598163948 0.01953125 0.026041666666666668
0 0.46016630650351725 0.5752281033278451 0.01953125 0.026041666666666668
0 0.45766153551115085 0.5773750498927307 0.01953125 0.026041666666666668
0 0.4539043790226012 0.5807147445492192 0.01953125 0.026041666666666668
0 0.4539043790226012 0.5890639811904406 0.01953125 0.026041666666666668
0 0.4590928332210745 0.5823845918774635 0.01953125 0.026041666666666668
0 0.44782136375542564 0.5873941338621963 0.01953125 0.026041666666666668
0 0.4556935011600058 0.6057624544728833 0.01953125 0.026041666666666668
0 0.459629569862296 0.5978903170683032 0.01953125 0.026041666666666668
0 0.46642823398443334 0.595027721648456 0.01953125 0.026041666666666668
0 0.46338672635084555 0.5878712330988375 0.01953125 0.026041666666666668
0 0.46338672635084555 0.5795219964576163 0.01953125 0.026041666666666668
0 0.46929082940428063 0.5745124544728833 0.01953125 0.026041666666666668
0 0.4725112492516089 0.5714113094347154 0.01953125 0.026041666666666668
0 0.42724645917527304 0.5761823018011276 0.01953125 0.026041666666666668
0 0.44245399734321195 0.6071937521828071 0.01953125 0.026041666666666668
0 0.44406420726687607 0.6174513857705933 0.01953125 0.026041666666666668
0 0.4213423561218379 0.6432147445492192 0.01953125 0.026041666666666668
0 0.41704846299206694 0.6479857369156314 0.01953125 0.026041666666666668
0 0.46249216528214326 0.6172128361522727 0.01953125 0.026041666666666668
0 0.465533672915731 0.6100563476026544 0.01953125 0.026041666666666668
0 0.458913921007334 0.6217452789003642 0.01953125 0.026041666666666668
0 0.4607030431447386 0.6324800117247917 0.01953125 0.026041666666666668
0 0.4726901614653493 0.634149859053036 0.01953125 0.026041666666666668
0 0.4694697416180211 0.6296174163049445 0.01953125 0.026041666666666668
0 0.48302234180886083 0.5723058705034177 0.01953125 0.026041666666666668
0 0.47998083417527304 0.5805358323354788 0.01953125 0.026041666666666668
0 0.474524011656189 0.5875730460759369 0.01953125 0.026041666666666668
0 0.4775655192897768 0.5881694201217383 0.01953125 0.026041666666666668
0 0.47488183608366996 0.5788659850072345 0.01953125 0.026041666666666668
0 0.46065831509130356 0.5922247636331887 0.01953125 0.026041666666666668
0 0.48311179791573106 0.5968764811904406 0.01953125 0.026041666666666668
0 0.4887475326485554 0.5948488094347154 0.01953125 0.026041666666666668
0 0.4866900421905402 0.5844719010377688 0.01953125 0.026041666666666668
0 0.47434509944244857 0.6035558705034177 0.01953125 0.026041666666666668
0 0.4782811681447387 0.6053449926408223 0.01953125 0.026041666666666668
0 0.4826645173813799 0.6116665575263185 0.01953125 0.026041666666666668
0 0.49366761852641805 0.6113087330988375 0.01953125 0.026041666666666668
0 0.4858849372287081 0.6153640766102879 0.01953125 0.026041666666666668
0 0.47738660707603636 0.6110701834805169 0.01953125 0.026041666666666668
0 0.4750607482974104 0.6182266720301354 0.01953125 0.026041666666666668
0 0.48136740383176185 0.6841260040912038 0.01953125 0.026041666666666668
0 0.47063267100733436 0.6645649353889138 0.01953125 0.026041666666666668
0 0.4745687397096245 0.6707672254652497 0.01953125 0.026041666666666668
0 0.47635786184702905 0.6898511949308985 0.01953125 0.026041666666666668
0 0.43198763283939545 0.5992023399690665 0.01953125 0.026041666666666668
0 0.42447331986229625 0.6058817292820435 0.01953125 0.026041666666666668
0 0.45488839619817406 0.6120840193583794 0.01953125 0.026041666666666668
0 0.4714377759691665 0.6274704697400589 0.01953125 0.026041666666666668
0 0.4907602950531359 0.629855965923265 0.01953125 0.026041666666666668
0 0.49630657367909004 0.6272319201217383 0.01953125 0.026041666666666668
0 0.46302890192336493 0.6241307750835703 0.01953125 0.026041666666666668
0 0.501316115663823 0.6315258132515092 0.01953125 0.026041666666666668
0 0.4975589591752733 0.6405906987476925 0.01953125 0.026041666666666668
0 0.48879226070199083 0.6370124544728832 0.01953125 0.026041666666666668
0 0.4843194553584794 0.6360582559996009 0.01953125 0.026041666666666668
0 0.5111562874195481 0.6343884086713566 0.01953125 0.026041666666666668
0 0.49505418818290686 0.6503712330988375 0.01953125 0.026041666666666668
0 0.4871820507783267 0.6453616911141047 0.01953125 0.026041666666666668
0 0.4762684057401588 0.642021996457616 0.01953125 0.026041666666666668
0 0.4750160202439756 0.6642071109614329 0.01953125 0.026041666666666668
0 0.47734187902260156 0.6510868819537993 0.01953125 0.026041666666666668
0 0.4832459820760367 0.6572891720301351 0.01953125 0.026041666666666668
0 0.4832459820760367 0.6663540575263184 0.01953125 0.026041666666666668
0 0.48700313856458627 0.6754189430225016 0.01953125 0.026041666666666668
0 0.49451745154168547 0.6725563476026543 0.01953125 0.026041666666666668
0 0.4972011347477924 0.6835296300454025 0.01953125 0.026041666666666668
0 0.49773787138901376 0.6606288666866238 0.01953125 0.026041666666666668
0 0.4832459820760367 0.6587204697400589 0.01953125 0.026041666666666668
0 0.5063256576485557 0.6487013857705932 0.01953125 0.026041666666666668
0 0.5124086729157312 0.6432147445492192 0.01953125 0.026041666666666668
0 0.5059678332210749 0.6613445155415856 0.01953125 0.026041666666666668
0 0.501316115663823 0.6613445155415856 0.01953125 0.026041666666666668
0 0.5211753713890137 0.6355811567629596 0.01953125 0.026041666666666668
0 0.5175971271142046 0.642021996457616 0.01953125 0.026041666666666668
0 0.517776039327945 0.6513254315721199 0.01953125 0.026041666666666668
0 0.5140188828393953 0.6582433705034175 0.01953125 0.026041666666666668
0 0.518133863755426 0.6625372636331887 0.01953125 0.026041666666666668
0 0.5061914734882503 0.6715425117247916 0.01953125 0.026041666666666668
0 0.5196098895187847 0.6763135040912038 0.01953125 0.026041666666666668
0 0.518894240663823 0.6865711376789901 0.01953125 0.026041666666666668
0 0.5087857005874871 0.6893144582896772 0.01953125 0.026041666666666668
0 0.4981404238699298 0.6796531987476925 0.01953125 0.026041666666666668
0 0.5175523990607694 0.6690377407324252 0.01953125 0.026041666666666668
0 0.5281082196714565 0.6729738094347152 0.01953125 0.026041666666666668
0 0.5281976757783268 0.6810844964576162 0.01953125 0.026041666666666668
0 0.5342806910455024 0.6823965193583795 0.01953125 0.026041666666666668
0 0.49187849638901376 0.6779833514194481 0.01953125 0.026041666666666668
0 0.488479164327945 0.6665329697400589 0.01953125 0.026041666666666668
0 0.5069071223432122 0.6798917483660131 0.01953125 0.026041666666666668
0 0.5285555002058077 0.6542476643965472 0.01953125 0.026041666666666668
0 0.5315075517325253 0.6504308705034175 0.01953125 0.026041666666666668
0 0.5383956719615328 0.6637896491293718 0.01953125 0.026041666666666668
0 0.5371432864653497 0.6721388857705931 0.01953125 0.026041666666666668
0 0.5550792358928306 0.6745840193583795 0.01953125 0.026041666666666668
0 0.5464914496332887 0.652160355236242 0.01953125 0.026041666666666668
0 0.5407662587935939 0.639278675846929 0.01953125 0.026041666666666668
0 0.5332519458164947 0.6364160804270818 0.01953125 0.026041666666666668
0 0.5268111061218382 0.6359389811904405 0.01953125 0.026041666666666668
0 0.5221593885645862 0.6445267674499825 0.01953125 0.026041666666666668
0 0.5239485107019908 0.6512061567629596 0.01953125 0.026041666666666668
0 0.5429132053584794 0.680309210198074 0.01953125 0.026041666666666668
0 0.5522166404729832 0.6655191338621963 0.01953125 0.026041666666666668
0 0.5557948847477924 0.6555000498927306 0.01953125 0.026041666666666668
0 0.5493540450531359 0.645480965923265 0.01953125 0.026041666666666668
0 0.5497118694806168 0.6354618819537993 0.01953125 0.026041666666666668
0 0.5457758007783267 0.6335534850072344 0.01953125 0.026041666666666668
0 0.5439866786409221 0.6225802025644863 0.01953125 0.026041666666666668
0 0.5468492740607694 0.6173321109614328 0.01953125 0.026041666666666668
0 0.5493540450531359 0.6111298208850969 0.01953125 0.026041666666666668
0 0.5368301900913038 0.6364160804270818 0.01953125 0.026041666666666668
0 0.5336097702439756 0.6430954697400589 0.01953125 0.026041666666666668
0 0.5615200755874871 0.6588397445492192 0.01953125 0.026041666666666668
0 0.5751174038317619 0.6812634086713566 0.01953125 0.026041666666666668
0 0.5815582435264184 0.6903282941675397 0.01953125 0.026041666666666668
0 0.5736861061218382 0.6426183705034175 0.01953125 0.026041666666666668
0 0.5665296175722199 0.6445267674499825 0.01953125 0.026041666666666668
0 0.5600887778775634 0.6364160804270818 0.01953125 0.026041666666666668
0 0.5708235107019907 0.6621794392057079 0.01953125 0.026041666666666668
0 0.5751174038317617 0.6512061567629598 0.01953125 0.026041666666666668
0 0.5772643503966471 0.6578855460759369 0.01953125 0.026041666666666668
0 0.5801269458164945 0.6631336376789904 0.01953125 0.026041666666666668
0 0.586567785511151 0.6640878361522727 0.01953125 0.026041666666666668
0 0.595155571770693 0.6588397445492193 0.01953125 0.026041666666666668
0 0.6005229381829067 0.6693359277553261 0.01953125 0.026041666666666668
0 0.595155571770693 0.6741069201217385 0.01953125 0.026041666666666668
0 0.5901460297859601 0.6760153170683033 0.01953125 0.026041666666666668
0 0.5718969839844334 0.673152721648456 0.01953125 0.026041666666666668
0 0.5371880145187846 0.6278282941675399 0.01953125 0.026041666666666668
0 0.5507853427630593 0.5877519582896773 0.01953125 0.026041666666666668
0 0.5461336252058074 0.5810725689767002 0.01953125 0.026041666666666668
0 0.5518588160455021 0.6015878361522727 0.01953125 0.026041666666666668
0 0.556510533602754 0.5930000498927308 0.01953125 0.026041666666666668
0 0.5462230813126777 0.6005143628698301 0.01953125 0.026041666666666668
0 0.5650088637554258 0.5981288666866239 0.01953125 0.026041666666666668
0 0.5578523752058074 0.6021842101980742 0.01953125 0.026041666666666668
0 0.5625040927630593 0.5785677979843339 0.01953125 0.026041666666666668
0 0.5657245126103876 0.5726040575263186 0.01953125 0.026041666666666668
0 0.5601782339844334 0.5747510040912042 0.01953125 0.026041666666666668
0 0.5628619171905402 0.5702185613431124 0.01953125 0.026041666666666668
0 0.5642932149004639 0.5661632178316621 0.01953125 0.026041666666666668
0 0.5578523752058074 0.5644933705034179 0.01953125 0.026041666666666668
0 0.5565999897096242 0.5683101643965476 0.01953125 0.026041666666666668
0 0.5532006576485555 0.5735582559996011 0.01953125 0.026041666666666668
0 0.5558843408546624 0.5726040575263186 0.01953125 0.026041666666666668
0 0.570197317953899 0.5752281033278454 0.01953125 0.026041666666666668
0 0.5743122988699296 0.5716498590530361 0.01953125 0.026041666666666668
0 0.5737755622287082 0.5644933705034179 0.01953125 0.026041666666666668
0 0.576817069862296 0.5687872636331889 0.01953125 0.026041666666666668
0 0.5814687874195479 0.5709342101980744 0.01953125 0.026041666666666668
0 0.5807531385645861 0.575466652946166 0.01953125 0.026041666666666668
0 0.5757435965798532 0.5771365002744102 0.01953125 0.026041666666666668
0 0.5730599133737464 0.5780906987476927 0.01953125 0.026041666666666668
0 0.570197317953899 0.5826231414957842 0.01953125 0.026041666666666668
0 0.5626830049767998 0.5926422254652499 0.01953125 0.026041666666666668
0 0.5644721271142044 0.5847700880606698 0.01953125 0.026041666666666668
0 0.5761014210073342 0.5847700880606698 0.01953125 0.026041666666666668
0 0.5752068599386319 0.5947891720301354 0.01953125 0.026041666666666668
0 0.579142928640922 0.6009914621064713 0.01953125 0.026041666666666668
0 0.5762803332210746 0.6064781033278454 0.01953125 0.026041666666666668
0 0.5689449324577158 0.6060010040912042 0.01953125 0.026041666666666668
0 0.5655456003966471 0.6093406987476927 0.01953125 0.026041666666666668
0 0.567871459175273 0.6174513857705933 0.01953125 0.026041666666666668
0 0.5605360584119143 0.6174513857705933 0.01953125 0.026041666666666668
0 0.553379569862296 0.6174513857705933 0.01953125 0.026041666666666668
0 0.5551686919997005 0.6091021491293721 0.01953125 0.026041666666666668
0 0.5650088637554258 0.6219838285186851 0.01953125 0.026041666666666668
0 0.551411535511151 0.6284246682133415 0.01953125 0.026041666666666668
0 0.5598204095569524 0.6498941338621964 0.01953125 0.026041666666666668
0 0.5558843408546624 0.6439303934041812 0.01953125 0.026041666666666668
0 0.567871459175273 0.632957110961433 0.01953125 0.026041666666666668
0 0.5718075278775632 0.6286632178316621 0.01953125 0.026041666666666668
0 0.5793218408546624 0.6198368819537995 0.01953125 0.026041666666666668
0 0.5766381576485555 0.6269933705034179 0.01953125 0.026041666666666668
0 0.5825422607019907 0.6243693247018911 0.01953125 0.026041666666666668
0 0.5900565736790898 0.6219838285186851 0.01953125 0.026041666666666668
0 0.5870150660455021 0.6358197063812805 0.01953125 0.026041666666666668
0 0.5848681194806166 0.6410677979843339 0.01953125 0.026041666666666668
0 0.5820055240607693 0.6484628361522727 0.01953125 0.026041666666666668
0 0.5800374897096242 0.6487013857705933 0.01953125 0.026041666666666668
0 0.579142928640922 0.6377281033278454 0.01953125 0.026041666666666668
0 0.5798585774958838 0.6310487140148682 0.01953125 0.026041666666666668
0 0.5875518026867235 0.6279475689767002 0.01953125 0.026041666666666668
0 0.5900565736790898 0.6343884086713567 0.01953125 0.026041666666666668
0 0.5585680240607693 0.6279475689767002 0.01953125 0.026041666666666668
0 0.5934559057401585 0.6260391720301354 0.01953125 0.026041666666666668
0 0.6052641118470288 0.6153044392057079 0.01953125 0.026041666666666668
0 0.5941715545951205 0.6358197063812805 0.01953125 0.026041666666666668
0 0.6006123942897769 0.6403521491293721 0.01953125 0.026041666666666668
0 0.6061586729157311 0.633672759816395 0.01953125 0.026041666666666668
0 0.5984654477248914 0.6224609277553262 0.01953125 0.026041666666666668
0 0.5900565736790898 0.6415448972209751 0.01953125 0.026041666666666668
0 0.5866572416180211 0.6482242865339521 0.01953125 0.026041666666666668
0 0.5943504668088609 0.6439303934041812 0.01953125 0.026041666666666668
0 0.6036539019233647 0.6494170346255553 0.01953125 0.026041666666666668
0 0.6081267072668761 0.6436918437858605 0.01953125 0.026041666666666668
0 0.6109893026867235 0.6362968056179217 0.01953125 0.026041666666666668
0 0.6031171652821433 0.627470469740059 0.01953125 0.026041666666666668
0 0.591308959175273 0.6293788666866239 0.01953125 0.026041666666666668
0 0.6029382530684029 0.6382052025644865 0.01953125 0.026041666666666668
0 0.6077688828393952 0.6031384086713567 0.01953125 0.026041666666666668
0 0.6176090545951205 0.6157815384423492 0.01953125 0.026041666666666668
0 0.619756001160006 0.6193597827171583 0.01953125 0.026041666666666668
0 0.6222607721523723 0.6372510040912042 0.01953125 0.026041666666666668
0 0.6058008484882502 0.5590067292820439 0.01953125 0.026041666666666668
0 0.6049062874195479 0.5697414621064713 0.01953125 0.026041666666666668
0 0.6038328141371051 0.576659401037769 0.01953125 0.026041666666666668
0 0.6099158294042807 0.5742739048545629 0.01953125 0.026041666666666668
0 0.6120627759691661 0.5866784850072347 0.01953125 0.026041666666666668
0 0.6136729858928303 0.5921651262286086 0.01953125 0.026041666666666668
0 0.6151042836027539 0.5981288666866239 0.01953125 0.026041666666666668
0 0.6041906385645861 0.5947891720301354 0.01953125 0.026041666666666668
0 0.6038328141371051 0.5826231414957842 0.01953125 0.026041666666666668
0 0.6170723179538989 0.5730811567629598 0.01953125 0.026041666666666668
0 0.6145675469615326 0.5759437521828071 0.01953125 0.026041666666666668
0 0.6222607721523723 0.5747510040912042 0.01953125 0.026041666666666668
0 0.619756001160006 0.5659246682133415 0.01953125 0.026041666666666668
0 0.6213662110836701 0.5893025308087614 0.01953125 0.026041666666666668
0 0.6224396843661127 0.6021842101980742 0.01953125 0.026041666666666668
0 0.6213662110836701 0.5981288666866239 0.01953125 0.026041666666666668
0 0.6226185965798533 0.6148273399690667 0.01953125 0.026041666666666668
0 0.6188614400913036 0.6279475689767002 0.01953125 0.026041666666666668
0 0.6152831958164944 0.6315258132515095 0.01953125 0.026041666666666668
0 0.6154621080302348 0.6432147445492193 0.01953125 0.026041666666666668
0 0.6206505622287082 0.6498941338621964 0.01953125 0.026041666666666668
0 0.6305801900913038 0.6464351643965475 0.01953125 0.026041666666666668
0 0.6309380145187848 0.6335534850072345 0.01953125 0.026041666666666668
0 0.6338006099386321 0.6230573018011277 0.01953125 0.026041666666666668
0 0.6287910679538993 0.6178092101980742 0.01953125 0.026041666666666668
0 0.6330849610836703 0.6120840193583796 0.01953125 0.026041666666666668
0 0.6259284725340519 0.6578855460759369 0.01953125 0.026041666666666668
0 0.6334427855111512 0.6612252407324254 0.01953125 0.026041666666666668
0 0.6244971748241284 0.668858828518685 0.01953125 0.026041666666666668
0 0.6295067168088612 0.679832110961433 0.01953125 0.026041666666666668
0 0.6116154954348153 0.6764924163049444 0.01953125 0.026041666666666668
0 0.6058903045951207 0.6707672254652498 0.01953125 0.026041666666666668
0 0.6080372511600062 0.653591652946166 0.01953125 0.026041666666666668
0 0.6020436919997008 0.6916403170683032 0.01953125 0.026041666666666668
0 0.6193981767325253 0.6854380269919673 0.01953125 0.026041666666666668
0 0.6202927378012275 0.6987968056179216 0.01953125 0.026041666666666668
0 0.6437302378012275 0.6773273399690667 0.01953125 0.026041666666666668
0 0.6414043790226016 0.6484628361522727 0.01953125 0.026041666666666668
0 0.6308485584119145 0.6515639811904406 0.01953125 0.026041666666666668
0 0.5625040927630596 0.6775658895873873 0.01953125 0.026041666666666668
0 0.5612517072668765 0.6687395537095245 0.01953125 0.026041666666666668
0 0.5687660202439756 0.6539494773736468 0.01953125 0.026041666666666668
0 0.5657245126103878 0.6720792483660132 0.01953125 0.026041666666666668
0 0.5569578141371053 0.677088790350746 0.01953125 0.026041666666666668
0 0.6489186919997008 0.655619324701891 0.01953125 0.026041666666666668
0 0.6533914973432123 0.6446460422591429 0.01953125 0.026041666666666668
0 0.6650207912363421 0.6446460422591429 0.01953125 0.026041666666666668
0 0.6700303332210749 0.6456002407324254 0.01953125 0.026041666666666668
0 0.6592956003966475 0.6854380269919673 0.01953125 0.026041666666666668
0 0.6490976042134412 0.6749418437858604 0.01953125 0.026041666666666668
0 0.6759344362745099 0.6849609277553261 0.01953125 0.026041666666666668
0 0.6657364400913038 0.6799513857705933 0.01953125 0.026041666666666668
0 0.6775446461981741 0.6601517674499826 0.01953125 0.026041666666666668
0 0.6761133484882506 0.6720792483660132 0.01953125 0.026041666666666668
0 0.6709248942897771 0.6649227598163948 0.01953125 0.026041666666666668
0 0.6365737492516093 0.672794897220975 0.01953125 0.026041666666666668
0 0.6388996080302352 0.6384437521828071 0.01953125 0.026041666666666668
0 0.6435513255874871 0.63176436286983 0.01953125 0.026041666666666668
0 0.6474873942897771 0.6391594010377689 0.01953125 0.026041666666666668
0 0.6514234629920673 0.6334342101980742 0.01953125 0.026041666666666668
0 0.6573275660455024 0.632957110961433 0.01953125 0.026041666666666668
0 0.6675255622287084 0.6374895537095245 0.01953125 0.026041666666666668
0 0.6748609629920673 0.6367739048545628 0.01953125 0.026041666666666668
0 0.6703881576485557 0.6348655079079979 0.01953125 0.026041666666666668
0 0.6685990355111512 0.6296174163049445 0.01953125 0.026041666666666668
0 0.6614425469615329 0.63176436286983 0.01953125 0.026041666666666668
0 0.6709248942897771 0.683768179663723 0.01953125 0.026041666666666668
0 0.6295961729157311 0.5714113094347154 0.01953125 0.026041666666666668
0 0.6335322416180212 0.5649704697400589 0.01953125 0.026041666666666668
0 0.6399730813126777 0.5704571109614329 0.01953125 0.026041666666666668
0 0.6338900660455021 0.5764208514194481 0.01953125 0.026041666666666668
0 0.6269124897096243 0.5835773399690666 0.01953125 0.026041666666666668
0 0.6272703141371052 0.5969361185950207 0.01953125 0.026041666666666668
0 0.638899608030235 0.5809532941675397 0.01953125 0.026041666666666668
0 0.6437302378012274 0.5788063476026543 0.01953125 0.026041666666666668
0 0.6424778523050442 0.5893025308087612 0.01953125 0.026041666666666668
0 0.6385417836027542 0.5955048208850969 0.01953125 0.026041666666666668
0 0.6333533294042807 0.6017071109614329 0.01953125 0.026041666666666668
0 0.6414043790226014 0.6071937521828069 0.01953125 0.026041666666666668
0 0.6433724133737464 0.6143502407324253 0.01953125 0.026041666666666668
0 0.6555384439080976 0.5893025308087612 0.01953125 0.026041666666666668
0 0.6578643026867235 0.5730811567629596 0.01953125 0.026041666666666668
0 0.6532125851294716 0.5699800117247917 0.01953125 0.026041666666666668
0 0.6467717454348151 0.5737968056179215 0.01953125 0.026041666666666668
0 0.6584010393279448 0.5609151262286084 0.01953125 0.026041666666666668
0 0.6510656385645861 0.5625849735568528 0.01953125 0.026041666666666668
0 0.6542860584119143 0.5633006224118147 0.01953125 0.026041666666666668
0 0.6587588637554259 0.581430393404181 0.01953125 0.026041666666666668
0 0.655717356121838 0.581430393404181 0.01953125 0.026041666666666668
0 0.6675255622287083 0.5859628361522726 0.01953125 0.026041666666666668
0 0.6703881576485556 0.5742739048545626 0.01953125 0.026041666666666668
0 0.6651997034500823 0.5788063476026543 0.01953125 0.026041666666666668
0 0.6621581958164946 0.5709342101980742 0.01953125 0.026041666666666668
0 0.6673466500149678 0.5683101643965475 0.01953125 0.026041666666666668
0 0.6698514210073342 0.5609151262286084 0.01953125 0.026041666666666668
0 0.6618003713890135 0.5644933705034177 0.01953125 0.026041666666666668
0 0.6759344362745098 0.5656861185950207 0.01953125 0.026041666666666668
0 0.6753976996332884 0.5699800117247917 0.01953125 0.026041666666666668
0 0.6753976996332884 0.5764208514194481 0.01953125 0.026041666666666668
0 0.6727140164271815 0.5838158895873872 0.01953125 0.026041666666666668
0 0.6757555240607693 0.5914494773736466 0.01953125 0.026041666666666668
0 0.6657364400913037 0.5964590193583794 0.01953125 0.026041666666666668
0 0.6550017072668761 0.6014685613431123 0.01953125 0.026041666666666668
0 0.6541071461981739 0.6122032941675397 0.01953125 0.026041666666666668
0 0.6646629668088609 0.6143502407324253 0.01953125 0.026041666666666668
0 0.6655575278775633 0.6048082559996009 0.01953125 0.026041666666666668
0 0.6725351042134411 0.6002758132515092 0.01953125 0.026041666666666668
0 0.6807650660455021 0.5926422254652497 0.01953125 0.026041666666666668
0 0.6820174515416855 0.5988445155415856 0.01953125 0.026041666666666668
0 0.6825541881829067 0.6074323018011275 0.01953125 0.026041666666666668
0 0.6721772797859602 0.6153044392057078 0.01953125 0.026041666666666668
0 0.655717356121838 0.6236536758469291 0.01953125 0.026041666666666668
0 0.6399730813126777 0.6191212330988375 0.01953125 0.026041666666666668
0 0.6285226996332884 0.5909723781370054 0.01953125 0.026041666666666668
0 0.6814807149004639 0.6219838285186848 0.01953125 0.026041666666666668
0 0.6764711729157311 0.6207910804270818 0.01953125 0.026041666666666668
0 0.6814807149004639 0.6351040575263184 0.01953125 0.026041666666666668
0 0.679154856121838 0.6398750498927306 0.01953125 0.026041666666666668
0 0.6861324324577159 0.6277090193583794 0.01953125 0.026041666666666668
0 0.6938256576485555 0.6389208514194481 0.01953125 0.026041666666666668
0 0.6988351996332884 0.6358197063812803 0.01953125 0.026041666666666668
0 0.6875637301676396 0.6360582559996009 0.01953125 0.026041666666666668
0 0.6821963637554259 0.6498941338621963 0.01953125 0.026041666666666668
0 0.700266497343212 0.6243693247018909 0.01953125 0.026041666666666668
0 0.6898895889462655 0.6250849735568528 0.01953125 0.026041666666666668
0 0.6829120126103876 0.5709342101980742 0.01953125 0.026041666666666668
0 0.6825541881829067 0.5666403170683032 0.01953125 0.026041666666666668
0 0.6804072416180212 0.5666403170683032 0.01953125 0.026041666666666668
0 0.690068501160006 0.569741462106471 0.01953125 0.026041666666666668
0 0.7077808103203114 0.5633006224118147 0.01953125 0.026041666666666668
0 0.7038447416180211 0.569741462106471 0.01953125 0.026041666666666668
0 0.702592356121838 0.5737968056179215 0.01953125 0.026041666666666668
0 0.6848800469615326 0.5804761949308986 0.01953125 0.026041666666666668
0 0.7142216500149678 0.5652090193583795 0.01953125 0.026041666666666668
0 0.7199468408546624 0.5659246682133413 0.01953125 0.026041666666666668
0 0.717799894289777 0.5611536758469291 0.01953125 0.026041666666666668
0 0.7204835774958838 0.5585296300454023 0.01953125 0.026041666666666668
0 0.717799894289777 0.5759437521828069 0.01953125 0.026041666666666668
0 0.7219148752058074 0.5730811567629596 0.01953125 0.026041666666666668
0 0.7070651614653494 0.5730811567629596 0.01953125 0.026041666666666668
0 0.7047393026867235 0.581430393404181 0.01953125 0.026041666666666668
0 0.7029501805493189 0.58882543157212 0.01953125 0.026041666666666668
0 0.7245985584119143 0.5935964239385322 0.01953125 0.026041666666666668
0 0.7172631576485555 0.5933578743202116 0.01953125 0.026041666666666668
0 0.7126114400913037 0.5926422254652497 0.01953125 0.026041666666666668
0 0.7036658294042807 0.6031384086713566 0.01953125 0.026041666666666668
0 0.7117168790226014 0.6050468056179215 0.01953125 0.026041666666666668
0 0.7020556194806167 0.616974286533952 0.01953125 0.026041666666666668
0 0.7049182149004639 0.6234151262286084 0.01953125 0.026041666666666668
0 0.7072440736790898 0.6327185613431123 0.01953125 0.026041666666666668
0 0.7058127759691663 0.6475086376789901 0.01953125 0.026041666666666668
0 0.6977617263508457 0.6475086376789901 0.01953125 0.026041666666666668
0 0.6920067168088609 0.673152721648456 0.01953125 0.026041666666666668
0 0.6844924038317616 0.6817405079079979 0.01953125 0.026041666666666668
0 0.6898597702439755 0.6869885995110513 0.01953125 0.026041666666666668
0 0.7027414496332883 0.6803092101980742 0.01953125 0.026041666666666668
0 0.7038149229157311 0.6602710422591429 0.01953125 0.026041666666666668
0 0.6934380145187846 0.6578855460759369 0.01953125 0.026041666666666668
0 0.6873549992516089 0.6564542483660132 0.01953125 0.026041666666666668
0 0.7145496557401585 0.6512061567629597 0.01953125 0.026041666666666668
0 0.7202748465798533 0.6459580651599063 0.01953125 0.026041666666666668
0 0.7098979381829067 0.679832110961433 0.01953125 0.026041666666666668
0 0.7202748465798533 0.6903282941675398 0.01953125 0.026041666666666668
0 0.7159809534500823 0.679832110961433 0.01953125 0.026041666666666668
0 0.7285048084119143 0.6807863094347155 0.01953125 0.026041666666666668
0 0.733872174824128 0.671244324701891 0.01953125 0.026041666666666668
0 0.7320830526867235 0.6545458514194483 0.01953125 0.026041666666666668
0 0.7199170221523723 0.6335534850072345 0.01953125 0.026041666666666668
0 0.7141918313126776 0.6325992865339521 0.01953125 0.026041666666666668
0 0.712402709175273 0.6244885995110513 0.01953125 0.026041666666666668
0 0.7152653045951205 0.6225802025644865 0.01953125 0.026041666666666668
0 0.721348319862296 0.6211489048545629 0.01953125 0.026041666666666668
0 0.7270735107019907 0.6249656987476926 0.01953125 0.026041666666666668
0 0.7206326710073342 0.6283053934041811 0.01953125 0.026041666666666668
0 0.7156231290226014 0.6278282941675399 0.01953125 0.026041666666666668
0 0.7242109152821433 0.6120840193583796 0.01953125 0.026041666666666668
0 0.7317252282592425 0.6077901262286086 0.01953125 0.026041666666666668
0 0.7370925946714564 0.6125611185950208 0.01953125 0.026041666666666668
0 0.7370925946714564 0.6221031033278451 0.01953125 0.026041666666666668
0 0.7421021366561892 0.6230573018011276 0.01953125 0.026041666666666668
0 0.7446069076485555 0.6221031033278451 0.01953125 0.026041666666666668
0 0.7442490832210746 0.6321221872973108 0.01953125 0.026041666666666668
0 0.7424599610836701 0.6531145537095245 0.01953125 0.026041666666666668
0 0.754983816045502 0.6411870727934942 0.01953125 0.026041666666666668
0 0.7542681671905402 0.630213790350746 0.01953125 0.026041666666666668
0 0.7503320984882502 0.6254427979843339 0.01953125 0.026041666666666668
0 0.7450541881829066 0.6441689430225017 0.01953125 0.026041666666666668
0 0.7386133484882501 0.6372510040912039 0.01953125 0.026041666666666668
0 0.7463065736790898 0.6649227598163948 0.01953125 0.026041666666666668
0 0.7443385393279448 0.6801899353889139 0.01953125 0.026041666666666668
0 0.7513161156638227 0.6859151262286085 0.01953125 0.026041666666666668
0 0.7493480813126776 0.6797128361522727 0.01953125 0.026041666666666668
0 0.7556100087935936 0.6763731414957842 0.01953125 0.026041666666666668
0 0.760798462992067 0.6766116911141048 0.01953125 0.026041666666666668
0 0.7522106767325248 0.6541880269919674 0.01953125 0.026041666666666668
0 0.7590093408546623 0.6618216147782269 0.01953125 0.026041666666666668
0 0.7536419744424486 0.6646842101980742 0.01953125 0.026041666666666668
0 0.7600828141371051 0.614588790350746 0.01953125 0.026041666666666668
0 0.7550732721523723 0.6155429888240284 0.01953125 0.026041666666666668
0 0.7516739400913035 0.6071937521828071 0.01953125 0.026041666666666668
0 0.7590093408546623 0.6055239048545629 0.01953125 0.026041666666666668
0 0.772964493526418 0.6117261949308986 0.01953125 0.026041666666666668
0 0.7672393026867234 0.6281861185950208 0.01953125 0.026041666666666668
0 0.7631243217706929 0.6382052025644865 0.01953125 0.026041666666666668
0 0.7638399706256547 0.6596746682133414 0.01953125 0.026041666666666668
0 0.7726066690989373 0.6675468056179216 0.01953125 0.026041666666666668
0 0.7747536156638227 0.6298559659232651 0.01953125 0.026041666666666668
0 0.777974035511151 0.6367739048545628 0.01953125 0.026041666666666668
0 0.7695651614653494 0.6432147445492192 0.01953125 0.026041666666666668
0 0.7726066690989373 0.6491784850072345 0.01953125 0.026041666666666668
0 0.7650923561218379 0.6496555842438757 0.01953125 0.026041666666666668
0 0.7826257530684029 0.6463158895873872 0.01953125 0.026041666666666668
0 0.7777951232974105 0.66301436286983 0.01953125 0.026041666666666668
0 0.7756481767325248 0.6785200880606697 0.01953125 0.026041666666666668
0 0.7302939305493189 0.5591260040912038 0.01953125 0.026041666666666668
0 0.7292204572668761 0.5715305842438757 0.01953125 0.026041666666666668
0 0.7277891595569524 0.5987252407324253 0.01953125 0.026041666666666668
0 0.7188435488699296 0.600156538442349 0.01953125 0.026041666666666668
0 0.7091822893279448 0.6020649353889138 0.01953125 0.026041666666666668
0 0.7137445507783265 0.5814303934041809 0.01953125 0.026041666666666668
0 0.731099035511151 0.5764208514194481 0.01953125 0.026041666666666668
0 0.7316357721523724 0.5847700880606695 0.01953125 0.026041666666666668
0 0.7370031385645861 0.5943120727934939 0.01953125 0.026041666666666668
0 0.7414759439080976 0.5842929888240281 0.01953125 0.026041666666666668
0 0.7420126805493189 0.6067166529461656 0.01953125 0.026041666666666668
0 0.7659869171905402 0.5625849735568527 0.01953125 0.026041666666666668
0 0.7713542836027542 0.5523273399690665 0.01953125 0.026041666666666668
0 0.7559678332210746 0.5549513857705931 0.01953125 0.026041666666666668
0 0.7527474133737464 0.5551899353889137 0.01953125 0.026041666666666668
0 0.7463065736790898 0.5568597827171581 0.01953125 0.026041666666666668
0 0.7377187874195479 0.5535200880606695 0.01953125 0.026041666666666668
0 0.7407602950531357 0.5659246682133412 0.01953125 0.026041666666666668
0 0.7355718408546624 0.569741462106471 0.01953125 0.026041666666666668
0 0.7309201232974105 0.5666403170683031 0.01953125 0.026041666666666668
0 0.7040832912363418 0.6081479506560893 0.01953125 0.026041666666666668
0 0.7250160202439755 0.6308101643965472 0.01953125 0.026041666666666668
0 0.731099035511151 0.6320029124881504 0.01953125 0.026041666666666668
0 0.7633032339844333 0.6088635995110511 0.01953125 0.026041666666666668
0 0.7701018981065709 0.5935964239385321 0.01953125 0.026041666666666668
0 0.7727855813126776 0.5983674163049443 0.01953125 0.026041666666666668
0 0.7876352950531357 0.6050468056179213 0.01953125 0.026041666666666668
0 0.7829835774958838 0.5988445155415855 0.01953125 0.026041666666666668
0 0.7820890164271815 0.6169742865339519 0.01953125 0.026041666666666668
0 0.7738590545951205 0.6212681796637229 0.01953125 0.026041666666666668
0 0.7870985584119143 0.6413063476026543 0.01953125 0.026041666666666668
0 0.7930026614653494 0.6384437521828069 0.01953125 0.026041666666666668
0 0.7897822416180211 0.6372510040912038 0.01953125 0.026041666666666668
0 0.7835203141371052 0.6303330651599062 0.01953125 0.026041666666666668
0 0.7912135393279448 0.6277090193583793 0.01953125 0.026041666666666668
0 0.7894244171905402 0.6136345918774634 0.01953125 0.026041666666666668
0 0.7541787110836701 0.5666403170683031 0.01953125 0.026041666666666668
0 0.7575780431447388 0.5730811567629596 0.01953125 0.026041666666666668
0 0.7575780431447388 0.5792834468392954 0.01953125 0.026041666666666668
0 0.7618719362745098 0.5788063476026543 0.01953125 0.026041666666666668
0 0.7659869171905402 0.5792834468392954 0.01953125 0.026041666666666668
0 0.7582936919997006 0.5981288666866237 0.01953125 0.026041666666666668
0 0.7504215545951205 0.5993216147782268 0.01953125 0.026041666666666668
0 0.7840570507783265 0.5592452789003641 0.01953125 0.026041666666666668
0 0.7836992263508457 0.553281538442349 0.01953125 0.026041666666666668
0 0.777974035511151 0.5606765766102878 0.01953125 0.026041666666666668
0 0.7735012301676396 0.5659246682133412 0.01953125 0.026041666666666668
0 0.7713542836027542 0.5726040575263184 0.01953125 0.026041666666666668
0 0.7634821461981739 0.570934210198074 0.01953125 0.026041666666666668
0 0.7611562874195479 0.5664017674499824 0.01953125 0.026041666666666668
0 0.7581147797859601 0.5635391720301351 0.01953125 0.026041666666666668
0 0.7565045698622961 0.5888254315721199 0.01953125 0.026041666666666668
0 0.7624086729157311 0.5885868819537993 0.01953125 0.026041666666666668
0 0.7672393026867235 0.586917034625555 0.01953125 0.026041666666666668
0 0.777974035511151 0.5885868819537993 0.01953125 0.026041666666666668
0 0.7813733675722198 0.5683101643965474 0.01953125 0.026041666666666668
0 0.7833414019233647 0.5759437521828069 0.01953125 0.026041666666666668
0 0.7836992263508457 0.5847700880606695 0.01953125 0.026041666666666668
0 0.7858461729157311 0.5897796300454022 0.01953125 0.026041666666666668
0 0.7913924515416852 0.582623141495784 0.01953125 0.026041666666666668
0 0.7962230813126776 0.5776135995110511 0.01953125 0.026041666666666668
0 0.7913924515416852 0.5749895537095244 0.01953125 0.026041666666666668
0 0.7922870126103876 0.5692643628698298 0.01953125 0.026041666666666668
0 0.79711764238138 0.5609151262286084 0.01953125 0.026041666666666668
0 0.8006958866561892 0.5542357369156313 0.01953125 0.026041666666666668
0 0.8044530431447388 0.5551899353889137 0.01953125 0.026041666666666668
0 0.7969387301676394 0.5535200880606695 0.01953125 0.026041666666666668
0 0.7899611538317616 0.5566212330988375 0.01953125 0.026041666666666668
0 0.790140066045502 0.5635391720301351 0.01953125 0.026041666666666668
0 0.8019482721523724 0.5633006224118146 0.01953125 0.026041666666666668
0 0.8035584820760364 0.5675945155415856 0.01953125 0.026041666666666668
0 0.7983700278775633 0.5714113094347153 0.01953125 0.026041666666666668
0 0.8005169744424487 0.5759437521828069 0.01953125 0.026041666666666668
0 0.8024850087935937 0.5809532941675396 0.01953125 0.026041666666666668
0 0.8042741309309983 0.5900181796637229 0.01953125 0.026041666666666668
0 0.7917502759691663 0.5914494773736466 0.01953125 0.026041666666666668
0 0.7962230813126776 0.5966975689767 0.01953125 0.026041666666666668
0 0.7990856767325251 0.5914494773736466 0.01953125 0.026041666666666668
0 0.7990856767325251 0.6060010040912038 0.01953125 0.026041666666666668
0 0.8044530431447388 0.6019456605797534 0.01953125 0.026041666666666668
0 0.8005169744424487 0.6191212330988375 0.01953125 0.026041666666666668
0 0.7956863446714564 0.6176899353889137 0.01953125 0.026041666666666668
0 0.790140066045502 0.6210296300454022 0.01953125 0.026041666666666668
0 0.7829835774958838 0.623653675846929 0.01953125 0.026041666666666668
0 0.7638399706256548 0.6026613094347153 0.01953125 0.026041666666666668
0 0.8111622511600061 0.5553092101980742 0.01953125 0.026041666666666668
0 0.8150983198622961 0.5572176071446391 0.01953125 0.026041666666666668
0 0.8183187397096243 0.554832110961433 0.01953125 0.026041666666666668
0 0.8186765641371053 0.5514924163049445 0.01953125 0.026041666666666668
0 0.8226126328393953 0.5529237140148681 0.01953125 0.026041666666666668
0 0.8215391595569526 0.5553092101980742 0.01953125 0.026041666666666668
0 0.815813968717258 0.5624656987476925 0.01953125 0.026041666666666668
0 0.811520075587487 0.5705763857705933 0.01953125 0.026041666666666668
0 0.8086574801676397 0.5715305842438757 0.01953125 0.026041666666666668
0 0.819750037419548 0.5705763857705933 0.01953125 0.026041666666666668
0 0.8165296175722198 0.5705763857705933 0.01953125 0.026041666666666668
0 0.8104466023050442 0.5839351643965475 0.01953125 0.026041666666666668
0 0.8140248465798533 0.5796412712667766 0.01953125 0.026041666666666668
0 0.8254752282592428 0.5648511949308986 0.01953125 0.026041666666666668
0 0.8218969839844334 0.5638969964576163 0.01953125 0.026041666666666668
0 0.8290534725340519 0.5638969964576163 0.01953125 0.026041666666666668
0 0.8312004190989374 0.5538779124881505 0.01953125 0.026041666666666668
0 0.8358521366561893 0.5538779124881505 0.01953125 0.026041666666666668
0 0.8143826710073343 0.5896603552362422 0.01953125 0.026041666666666668
0 0.8140248465798533 0.5982481414957841 0.01953125 0.026041666666666668
0 0.8143826710073343 0.6039733323354788 0.01953125 0.026041666666666668
0 0.8118779000149678 0.6092214239385322 0.01953125 0.026041666666666668
0 0.8022166404729832 0.5949084468392957 0.01953125 0.026041666666666668
0 0.806868358030235 0.6230573018011276 0.01953125 0.026041666666666668
0 0.8097309534500824 0.6149466147782269 0.01953125 0.026041666666666668
0 0.7979227473432121 0.6330763857705933 0.01953125 0.026041666666666668
0 0.8122357244424488 0.6316450880606695 0.01953125 0.026041666666666668
0 0.8208235107019908 0.625919897220975 0.01953125 0.026041666666666668
0 0.8172452664271815 0.632599286533952 0.01953125 0.026041666666666668
0 0.8043635870378687 0.6483435613431124 0.01953125 0.026041666666666668
0 0.7914819076485556 0.6574084468392957 0.01953125 0.026041666666666668
0 0.802932289327945 0.6621794392057078 0.01953125 0.026041666666666668
0 0.8075840068851969 0.6555000498927307 0.01953125 0.026041666666666668
0 0.7968492740607693 0.6674275308087613 0.01953125 0.026041666666666668
0 0.7921975565035175 0.6836489048545628 0.01953125 0.026041666666666668
0 0.7886193122287084 0.6812634086713567 0.01953125 0.026041666666666668
0 0.7850410679538992 0.6674275308087613 0.01953125 0.026041666666666668
0 0.8000696939080976 0.6736298208850972 0.01953125 0.026041666666666668
0 0.8143826710073343 0.6679046300454025 0.01953125 0.026041666666666668
0 0.8108044267325252 0.6450038666866238 0.01953125 0.026041666666666668
0 0.8222548084119145 0.6545458514194482 0.01953125 0.026041666666666668
0 0.8269065259691663 0.6526374544728833 0.01953125 0.026041666666666668
0 0.8337051900913037 0.6469122636331887 0.01953125 0.026041666666666668
0 0.8294112969615328 0.632599286533952 0.01953125 0.026041666666666668
0 0.8244017549767999 0.6354618819537994 0.01953125 0.026041666666666668
0 0.8222548084119145 0.6039733323354788 0.01953125 0.026041666666666668
0 0.8226126328393953 0.5839351643965475 0.01953125 0.026041666666666668
0 0.8279799992516091 0.5748702789003642 0.01953125 0.026041666666666668
0 0.8344208389462656 0.5681908895873872 0.01953125 0.026041666666666668
0 0.8186765641371053 0.5786870727934941 0.01953125 0.026041666666666668
0 0.8290534725340519 0.5949084468392957 0.01953125 0.026041666666666668
0 0.8347786633737465 0.5896603552362422 0.01953125 0.026041666666666668
0 0.8397882053584793 0.5772557750835704 0.01953125 0.026041666666666668
0 0.8351364878012274 0.5820267674499826 0.01953125 0.026041666666666668
0 0.8344208389462656 0.6039733323354788 0.01953125 0.026041666666666668
0 0.8297691213890135 0.671244324701891 0.01953125 0.026041666666666668
0 0.8394303809309983 0.6674275308087613 0.01953125 0.026041666666666668
0 0.8490916404729829 0.6564542483660132 0.01953125 0.026041666666666668
0 0.8362099610836701 0.6311679888240285 0.01953125 0.026041666666666668
0 0.8312004190989373 0.6211489048545629 0.01953125 0.026041666666666668
0 0.8236861061218379 0.6120840193583796 0.01953125 0.026041666666666668
0 0.8251174038317616 0.6168550117247918 0.01953125 0.026041666666666668
0 0.8201078618470288 0.6187634086713567 0.01953125 0.026041666666666668
0 0.7857567168088609 0.6721985231751736 0.01953125 0.026041666666666668
0 0.7803893503966471 0.6860344010377689 0.01953125 0.026041666666666668
0 0.819392212992067 0.6774466147782269 0.01953125 0.026041666666666668
0 0.8047214114653494 0.6812634086713567 0.01953125 0.026041666666666668
0 0.8430086252058074 0.6812634086713567 0.01953125 0.026041666666666668
0 0.8326317168088609 0.6846031033278451 0.01953125 0.026041666666666668
0 0.8734237015416852 0.6831718056179216 0.01953125 0.026041666666666668
0 0.8669828618470288 0.6502519582896773 0.01953125 0.026041666666666668
0 0.8562481290226014 0.6664733323354788 0.01953125 0.026041666666666668
0 0.8963244649004639 0.6588397445492193 0.01953125 0.026041666666666668
0 0.8827271366561892 0.6454809659232651 0.01953125 0.026041666666666668
0 0.8770019458164944 0.6359389811904407 0.01953125 0.026041666666666668
0 0.840861678640922 0.6116069201217383 0.01953125 0.026041666666666668
0 0.8444399229157311 0.6139924163049445 0.01953125 0.026041666666666668
0 0.8440820984882502 0.6049275308087613 0.01953125 0.026041666666666668
0 0.8437242740607693 0.6225802025644865 0.01953125 0.026041666666666668
0 0.8498072893279448 0.6244885995110513 0.01953125 0.026041666666666668
0 0.8558903045951205 0.6235344010377689 0.01953125 0.026041666666666668
0 0.8526698847477922 0.6159008132515094 0.01953125 0.026041666666666668
0 0.8412195030684029 0.64738936286983 0.01953125 0.026041666666666668
0 0.8344208389462655 0.6407099735568529 0.01953125 0.026041666666666668
0 0.8215391595569524 0.6488206605797536 0.01953125 0.026041666666666668
0 0.8673406862745098 0.6760153170683032 0.01953125 0.026041666666666668
0 0.858037251160006 0.6760153170683032 0.01953125 0.026041666666666668
0 0.8723502282592426 0.6469122636331887 0.01953125 0.026041666666666668
0 0.8601841977248915 0.6383244773736468 0.01953125 0.026041666666666668
0 0.8651937397096242 0.6268740956942574 0.01953125 0.026041666666666668
0 0.8608998465798533 0.6235344010377689 0.01953125 0.026041666666666668
0 0.8555324801676396 0.6068359277553262 0.01953125 0.026041666666666668
0 0.8494494649004639 0.6073130269919674 0.01953125 0.026041666666666668
0 0.8462290450531357 0.5906145537095245 0.01953125 0.026041666666666668
0 0.8422929763508457 0.5834580651599063 0.01953125 0.026041666666666668
0 0.8508807626103876 0.5557863094347154 0.01953125 0.026041666666666668
0 0.8608998465798533 0.5638969964576163 0.01953125 0.026041666666666668
0 0.8558903045951205 0.5638969964576163 0.01953125 0.026041666666666668
0 0.8573216023050442 0.5572176071446391 0.01953125 0.026041666666666668
0 0.8716345794042807 0.6593168437858605 0.01953125 0.026041666666666668
0 0.8762862969615326 0.6535916529461657 0.01953125 0.026041666666666668
0 0.8505229381829067 0.6407099735568529 0.01953125 0.026041666666666668
0 0.8412195030684029 0.6368931796637232 0.01953125 0.026041666666666668
0 0.8440820984882502 0.6340305842438757 0.01953125 0.026041666666666668
0 0.8595580049767998 0.6434532941675398 0.01953125 0.026041666666666668
0 0.864746459175273 0.6651613094347154 0.01953125 0.026041666666666668
0 0.8554430240607693 0.6518025308087612 0.01953125 0.026041666666666668
0 0.8706505622287083 0.6238922254652497 0.01953125 0.026041666666666668
0 0.8702927378012274 0.6019456605797536 0.01953125 0.026041666666666668
0 0.8651042836027542 0.6110105460759369 0.01953125 0.026041666666666668
0 0.8583056194806167 0.6184055842438757 0.01953125 0.026041666666666668
0 0.8572321461981739 0.5904952789003642 0.01953125 0.026041666666666668
0 0.8676090545951205 0.5881097827171581 0.01953125 0.026041666666666668
0 0.8631362492516091 0.602899859053036 0.01953125 0.026041666666666668
0 0.8769124897096243 0.6086250498927307 0.01953125 0.026041666666666668
0 0.8926567645187846 0.614588790350746 0.01953125 0.026041666666666668
0 0.8847846271142046 0.6300945155415857 0.01953125 0.026041666666666668
0 0.8896152568851968 0.6284246682133413 0.01953125 0.026041666666666668
0 0.8878261347477922 0.6413063476026544 0.01953125 0.026041666666666668
0 0.8831744171905402 0.6818597827171581 0.01953125 0.026041666666666668
0 0.8851424515416854 0.6737490956942573 0.01953125 0.026041666666666668
0 0.8992765164271815 0.6207910804270818 0.01953125 0.026041666666666668
0 0.8971295698622961 0.6267548208850972 0.01953125 0.026041666666666668
0 0.8953404477248915 0.643930393404181 0.01953125 0.026041666666666668
0 0.8939091500149678 0.6367739048545628 0.01953125 0.026041666666666668
0 0.8638518981065709 0.5852471872973108 0.01953125 0.026041666666666668
0 0.8592001805493189 0.5838158895873872 0.01953125 0.026041666666666668
0 0.854548462992067 0.5826231414957841 0.01953125 0.026041666666666668
0 0.8482865355111511 0.5809532941675398 0.01953125 0.026041666666666668
0 0.8498967454348152 0.5869170346255551 0.01953125 0.026041666666666668
0 0.8359415927630593 0.621268179663723 0.01953125 0.026041666666666668
0 0.8878261347477922 0.5943120727934941 0.01953125 0.026041666666666668
0 0.891583291236342 0.6009914621064711 0.01953125 0.026041666666666668
0 0.9139473179538992 0.6155429888240284 0.01953125 0.026041666666666668
0 0.9089377759691663 0.6207910804270818 0.01953125 0.026041666666666668
0 0.9010656385645861 0.6153044392057078 0.01953125 0.026041666666666668
0 0.9185990355111511 0.6136345918774635 0.01953125 0.026041666666666668
0 0.9239664019233648 0.6148273399690666 0.01953125 0.026041666666666668
0 0.9159153523050442 0.6184055842438757 0.01953125 0.026041666666666668
0 0.9232507530684029 0.6246078743202116 0.01953125 0.026041666666666668
0 0.9187779477248915 0.6236536758469291 0.01953125 0.026041666666666668
0 0.9121581958164946 0.6322414621064711 0.01953125 0.026041666666666668
0 0.9075064782592426 0.6346269582896772 0.01953125 0.026041666666666668
0 0.8999921652821433 0.6320029124881504 0.01953125 0.026041666666666668
0 0.9082221271142046 0.6284246682133413 0.01953125 0.026041666666666668
0 0.9121581958164946 0.6434532941675398 0.01953125 0.026041666666666668
0 0.9062540927630593 0.6446460422591429 0.01953125 0.026041666666666668
0 0.9071486538317617 0.6656384086713566 0.01953125 0.026041666666666668
0 0.9171677378012274 0.653710927755326 0.01953125 0.026041666666666668
0 0.9246820507783265 0.6508483323354787 0.01953125 0.026041666666666668
0 0.8362994171905402 0.6828139811904407 0.01953125 0.026041666666666668
0 0.8787016118470289 0.6618216147782269 0.01953125 0.026041666666666668
0 0.9164520889462655 0.6296174163049444 0.01953125 0.026041666666666668
0 0.9191357721523724 0.6420219964576163 0.01953125 0.026041666666666668
0 0.9175255622287083 0.6651613094347154 0.01953125 0.026041666666666668
0 0.8794172607019907 0.6229380269919672 0.01953125 0.026041666666666668
0 0.924860962992067 0.5976517674499826 0.01953125 0.026041666666666668
0 0.9128738446714564 0.6558578743202116 0.01953125 0.026041666666666668
0 0.8534749897096243 0.6768502407324254 0.01953125 0.026041666666666668
0 0.8577688828393952 0.6847223781370055 0.01953125 0.026041666666666668
0 0.846318501160006 0.6639685613431123 0.01953125 0.026041666666666668
0 0.8409511347477922 0.6627758132515092 0.01953125 0.026041666666666668
0 0.8116095316943571 0.6811441338621962 0.01953125 0.026041666666666668
0 0.8940880622287083 0.6787586376789901 0.01953125 0.026041666666666668
0 0.9001710774958839 0.667785355236242 0.01953125 0.026041666666666668
0 0.9202092454348151 0.6291403170683032 0.01953125 0.026041666666666668
0 0.8459010393279448 0.5668788666866238 0.01953125 0.026041666666666668
0 0.8460799515416855 0.5597223781370054 0.01953125 0.026041666666666668
0 0.8516262301676396 0.5721269582896772 0.01953125 0.026041666666666668
0 0.8457221271142044 0.5711727598163948 0.01953125 0.026041666666666668
0 0.8562779477248915 0.5754666529461657 0.01953125 0.026041666666666668
0 0.8648657339844334 0.5675945155415857 0.01953125 0.026041666666666668
0 0.8670126805493189 0.5623464239385322 0.01953125 0.026041666666666668
0 0.8707698370378685 0.5642548208850972 0.01953125 0.026041666666666668
0 0.872558959175273 0.5547128361522726 0.01953125 0.026041666666666668
0 0.8843671652821433 0.5418311567629597 0.01953125 0.026041666666666668
0 0.8789997988699296 0.552088790350746 0.01953125 0.026041666666666668
0 0.8849039019233648 0.5513731414957841 0.01953125 0.026041666666666668
0 0.8816834820760365 0.5551899353889139 0.01953125 0.026041666666666668
0 0.8789997988699296 0.5590067292820436 0.01953125 0.026041666666666668
0 0.8868719362745098 0.5592452789003642 0.01953125 0.026041666666666668
0 0.8832936919997006 0.5625849735568528 0.01953125 0.026041666666666668
0 0.8739902568851968 0.5702185613431123 0.01953125 0.026041666666666668
0 0.870590924824128 0.5754666529461657 0.01953125 0.026041666666666668
0 0.8655813828393952 0.5752281033278451 0.01953125 0.026041666666666668
0 0.8696963637554258 0.570457110961433 0.01953125 0.026041666666666668
0 0.8650446461981739 0.5728426071446391 0.01953125 0.026041666666666668
0 0.8628976996332884 0.5754666529461657 0.01953125 0.026041666666666668
0 0.8596772797859602 0.5718884086713566 0.01953125 0.026041666666666668
0 0.8827569553584792 0.5797605460759369 0.01953125 0.026041666666666668
0 0.8924182149004639 0.5773750498927307 0.01953125 0.026041666666666668
0 0.9405456003966471 0.5406384086713566 0.01953125 0.026041666666666668
0 0.9383986538317617 0.5497032941675398 0.01953125 0.026041666666666668
0 0.9459129668088609 0.5497032941675398 0.01953125 0.026041666666666668
0 0.9532483675722198 0.548987645312578 0.01953125 0.026041666666666668
0 0.9595102950531357 0.5497032941675398 0.01953125 0.026041666666666668
0 0.9568266118470289 0.5563826834805169 0.01953125 0.026041666666666668
0 0.94555514238138 0.5568597827171581 0.01953125 0.026041666666666668
0 0.9333891118470289 0.5523273399690666 0.01953125 0.026041666666666668
0 0.9299897797859602 0.5504189430225017 0.01953125 0.026041666666666668
0 0.9258747988699296 0.5485105460759369 0.01953125 0.026041666666666668
0 0.9353571461981739 0.5613922254652497 0.01953125 0.026041666666666668
0 0.9230122034500824 0.5652090193583795 0.01953125 0.026041666666666668
0 0.8972488446714564 0.570457110961433 0.01953125 0.026041666666666668
0 0.9006481767325251 0.5597223781370054 0.01953125 0.026041666666666668
0 0.8965331958164946 0.5537586376789901 0.01953125 0.026041666666666668
0 0.8918814782592426 0.5609151262286085 0.01953125 0.026041666666666668
0 0.8951018981065709 0.591210927755326 0.01953125 0.026041666666666668
0 0.877568501160006 0.590018179663723 0.01953125 0.026041666666666668
0 0.9215809057401587 0.5792834468392954 0.01953125 0.026041666666666668
0 0.928737394289777 0.5780906987476925 0.01953125 0.026041666666666668
0 0.9323156385645861 0.5759437521828069 0.01953125 0.026041666666666668
0 0.9376830049767998 0.5752281033278451 0.01953125 0.026041666666666668
0 0.9459129668088609 0.5757052025644863 0.01953125 0.026041666666666668
0 0.9441238446714564 0.5695029124881505 0.01953125 0.026041666666666668
0 0.9382197416180211 0.5687872636331887 0.01953125 0.026041666666666668
0 0.9337469362745098 0.5675945155415857 0.01953125 0.026041666666666668
0 0.956110962992067 0.5678330651599063 0.01953125 0.026041666666666668
0 0.9482388255874868 0.581430393404181 0.01953125 0.026041666666666668
0 0.9439449324577159 0.5852471872973108 0.01953125 0.026041666666666668
0 0.9400088637554258 0.5895410804270818 0.01953125 0.026041666666666668
0 0.9337469362745098 0.5916880269919672 0.01953125 0.026041666666666668
0 0.9358938828393952 0.5947891720301353 0.01953125 0.026041666666666668
0 0.9380408294042807 0.6014685613431123 0.01953125 0.026041666666666668
0 0.9450184057401587 0.5978903170683032 0.01953125 0.026041666666666668
0 0.9482388255874868 0.5938349735568528 0.01953125 0.026041666666666668
0 0.9512803332210746 0.5873941338621963 0.01953125 0.026041666666666668
0 0.9570055240607693 0.5869170346255551 0.01953125 0.026041666666666668
0 0.9607626805493189 0.5862013857705933 0.01953125 0.026041666666666668
0 0.9584368217706929 0.5928807750835704 0.01953125 0.026041666666666668
0 0.9530694553584793 0.597413217831662 0.01953125 0.026041666666666668
0 0.946270791236342 0.6038540575263184 0.01953125 0.026041666666666668
0 0.9512803332210746 0.602899859053036 0.01953125 0.026041666666666668
0 0.9611205049767998 0.6064781033278451 0.01953125 0.026041666666666668
0 0.9570055240607693 0.6091021491293719 0.01953125 0.026041666666666668
0 0.9475231767325251 0.6136345918774635 0.01953125 0.026041666666666668
0 0.9405456003966471 0.6162586376789901 0.01953125 0.026041666666666668
0 0.9335680240607693 0.6098177979843338 0.01953125 0.026041666666666668
0 0.9315999897096243 0.6119647445492192 0.01953125 0.026041666666666668
0 0.9242645889462655 0.6098177979843338 0.01953125 0.026041666666666668
0 0.9324945507783265 0.6172128361522726 0.01953125 0.026041666666666668
0 0.9261133484882502 0.6291403170683032 0.01953125 0.026041666666666668
0 0.9236085774958839 0.6384437521828069 0.01953125 0.026041666666666668
0 0.9293337683355785 0.6389208514194482 0.01953125 0.026041666666666668
0 0.9211038065035174 0.6365353552362422 0.01953125 0.026041666666666668
0 0.9347011347477922 0.6236536758469291 0.01953125 0.026041666666666668
0 0.9323752759691663 0.6253235231751735 0.01953125 0.026041666666666668
0 0.9277235584119143 0.6236536758469291 0.01953125 0.026041666666666668
0 0.9359535202439755 0.6358197063812803 0.01953125 0.026041666666666668
0 0.9347011347477922 0.6312872636331887 0.01953125 0.026041666666666668
0 0.929154856121838 0.648224286533952 0.01953125 0.026041666666666668
0 0.9459726042134411 0.6193597827171581 0.01953125 0.026041666666666668
0 0.9491930240607693 0.6186441338621963 0.01953125 0.026041666666666668
0 0.952592356121838 0.6176899353889139 0.01953125 0.026041666666666668
0 0.9577808103203113 0.6238922254652498 0.01953125 0.026041666666666668
0 0.9504454095569526 0.634149859053036 0.01953125 0.026041666666666668
0 0.9422154477248915 0.6398750498927307 0.01953125 0.026041666666666668
0 0.9617168790226014 0.6155429888240284 0.01953125 0.026041666666666668
0 0.9685155431447389 0.6064781033278451 0.01953125 0.026041666666666668
0 0.9661896843661129 0.615781538442349 0.01953125 0.026041666666666668
0 0.965831859938632 0.6207910804270819 0.01953125 0.026041666666666668
0 0.9849754668088609 0.6052853552362422 0.01953125 0.026041666666666668
0 0.9728094362745098 0.6172128361522727 0.01953125 0.026041666666666668
0 0.9742407339844334 0.6064781033278451 0.01953125 0.026041666666666668
0 0.9703046652821433 0.5976517674499826 0.01953125 0.026041666666666668
0 0.9586753713890137 0.5997987140148681 0.01953125 0.026041666666666668
0 0.9656529477248915 0.5914494773736466 0.01953125 0.026041666666666668
0 0.9645794744424487 0.5964590193583795 0.01953125 0.026041666666666668
0 0.976029856121838 0.5873941338621963 0.01953125 0.026041666666666668
0 0.9722726996332884 0.5821460422591429 0.01953125 0.026041666666666668
0 0.9745985584119143 0.5754666529461657 0.01953125 0.026041666666666668
0 0.9645794744424487 0.5780906987476925 0.01953125 0.026041666666666668
0 0.9663685965798533 0.5714113094347154 0.01953125 0.026041666666666668
0 0.9627903523050442 0.5633006224118147 0.01953125 0.026041666666666668
0 0.9543814782592426 0.579044897220975 0.01953125 0.026041666666666668
0 0.9509821461981739 0.5683101643965475 0.01953125 0.026041666666666668
0 0.9491930240607693 0.5556670346255551 0.01953125 0.026041666666666668
0 0.9649372988699296 0.5482719964576163 0.01953125 0.026041666666666668
0 0.9695890164271815 0.5528044392057078 0.01953125 0.026041666666666668
0 0.9833652568851968 0.5501803934041811 0.01953125 0.026041666666666668
0 0.972093787419548 0.5485105460759369 0.01953125 0.026041666666666668
0 0.9790713637554258 0.5580525308087612 0.01953125 0.026041666666666668
0 0.9792502759691663 0.5680716147782269 0.01953125 0.026041666666666668
0 0.9907006576485555 0.559960927755326 0.01953125 0.026041666666666668
0 0.9978571461981739 0.5582910804270819 0.01953125 0.026041666666666668
0 0.9946367263508457 0.5914494773736466 0.01953125 0.026041666666666668
0 0.9885537110836701 0.5902567292820436 0.01953125 0.026041666666666668
0 0.9815761347477922 0.5952662712667766 0.01953125 0.026041666666666668
0 0.9903428332210746 0.5487490956942574 0.01953125 0.026041666666666668
0 0.9828285202439755 0.5656861185950208 0.01953125 0.026041666666666668
0 0.9930265164271815 0.5864399353889139 0.01953125 0.026041666666666668
0 0.9887326232974106 0.5871555842438757 0.01953125 0.026041666666666668
0 0.9844387301676396 0.583338790350746 0.01953125 0.026041666666666668
0 0.9822917836027542 0.5921651262286085 0.01953125 0.026041666666666668
0 0.9753142072668762 0.5981288666866238 0.01953125 0.026041666666666668
0 0.9962469362745098 0.6055239048545628 0.01953125 0.026041666666666668
0 0.997141497343212 0.5513731414957841 0.01953125 0.026041666666666668
0 0.9921319553584793 0.5754666529461657 0.01953125 0.026041666666666668
0 0.9917741309309983 0.5685487140148681 0.01953125 0.026041666666666668
0 0.982649608030235 0.5721269582896772 0.01953125 0.026041666666666668
0 0.512677041236342 0.4949561567629596 0.01953125 0.026041666666666668
0 0.525558720625655 0.5149943247018909 0.01953125 0.026041666666666668
0 0.542734293144739 0.5235821109614328 0.01953125 0.026041666666666668
0 0.49693276642718176 0.5417118819537993 0.01953125 0.026041666666666668
0 0.48261978932794514 0.48827676744998255 0.01953125 0.026041666666666668
0 0.017209483984433487 0.8174752407324252 0.01953125 0.026041666666666668
0 0.051560629022601424 0.8165210422591428 0.01953125 0.026041666666666668
0 0.06515795726687622 0.7917118819537995 0.01953125 0.026041666666666668
0 0.021503377114204473 0.9148034850072345 0.01953125 0.026041666666666668
0 0.07016749925160905 0.8785439430225016 0.01953125 0.026041666666666668
0 0.08877436948061669 0.8432385995110513 0.01953125 0.026041666666666668
0 0.11167513283939533 0.8203378361522726 0.01953125 0.026041666666666668
0 0.07231444581649453 0.9272080651599063 0.01953125 0.026041666666666668
0 0.03867894963328844 0.9815973781370055 0.01953125 0.026041666666666668
0 0.1381541404729831 0.946292034625555 0.01953125 0.026041666666666668
0 0.100224751160006 0.9453378361522727 0.01953125 0.026041666666666668
0 0.1403010870378686 0.8737729506560895 0.01953125 0.026041666666666668
0 0.1674957435264182 0.8613683705034177 0.01953125 0.026041666666666668
0 0.1868182626103877 0.8699561567629597 0.01953125 0.026041666666666668
0 0.15032017100733425 0.7993454697400589 0.01953125 0.026041666666666668
0 0.1295663542134411 0.7964828743202116 0.01953125 0.026041666666666668
0 0.08448047635084571 0.8031622636331887 0.01953125 0.026041666666666668
0 0.2354823847477923 0.8432385995110513 0.01953125 0.026041666666666668
0 0.20399383512947164 0.8165210422591428 0.01953125 0.026041666666666668
0 0.19325910230504414 0.8232004315721201 0.01953125 0.026041666666666668
0 0.2519423084119144 0.8947653170683032 0.01953125 0.026041666666666668
0 0.29917513283939534 0.8499179888240284 0.01953125 0.026041666666666668
0 0.2905873465798534 0.8050706605797536 0.01953125 0.026041666666666668
0 0.3106255145187846 0.8107958514194481 0.01953125 0.026041666666666668
0 0.3392514687172579 0.9424752407324252 0.01953125 0.026041666666666668
0 0.3650148274958839 0.8546889811904407 0.01953125 0.026041666666666668
0 0.3542800946714564 0.8384676071446391 0.01953125 0.026041666666666668
0 0.33782017100733425 0.8336966147782268 0.01953125 0.026041666666666668
0 0.34855490383176174 0.8107958514194481 0.01953125 0.026041666666666668
0 0.3356732244424488 0.806024859053036 0.01953125 0.026041666666666668
0 0.26196139238138 0.8184294392057078 0.01953125 0.026041666666666668
0 0.2548049038317618 0.8012538666866238 0.01953125 0.026041666666666668
0 0.21186597253405184 0.929116462106471 0.01953125 0.026041666666666668
0 0.4351484152821434 0.8499179888240284 0.01953125 0.026041666666666668
0 0.39507207940428085 0.8346508132515092 0.01953125 0.026041666666666668
0 0.38219040001496785 0.8193836376789901 0.01953125 0.026041666666666668
0 0.3743182626103877 0.8107958514194481 0.01953125 0.026041666666666668
0 0.38433734657985336 0.8518263857705933 0.01953125 0.026041666666666668
0 0.35785833894626556 0.8909485231751734 0.01953125 0.026041666666666668
0 0.5126770412363421 0.8079332559996009 0.01953125 0.026041666666666668
0 0.46902246108367035 0.8165210422591428 0.01953125 0.026041666666666668
0 0.4632972702439756 0.8002996682133413 0.01953125 0.026041666666666668
0 0.4919232244424489 0.8184294392057078 0.01953125 0.026041666666666668
0 0.48261978932794514 0.8184294392057078 0.01953125 0.026041666666666668
0 0.5498907816943573 0.8146126453125779 0.01953125 0.026041666666666668
0 0.5713602473432123 0.8127042483660131 0.01953125 0.026041666666666668
0 0.5620568122287085 0.8127042483660131 0.01953125 0.026041666666666668
0 0.5842419267325253 0.8098416529461657 0.01953125 0.026041666666666668
0 0.5913984152821435 0.8298798208850972 0.01953125 0.026041666666666668
0 0.5713602473432123 0.8585057750835704 0.01953125 0.026041666666666668
0 0.564203758793594 0.891902721648456 0.01953125 0.026041666666666668
0 0.6379155908546627 0.847055393404181 0.01953125 0.026041666666666668
0 0.6128678809309985 0.929116462106471 0.01953125 0.026041666666666668
0 0.666541545053136 0.8308340193583795 0.01953125 0.026041666666666668
0 0.6472190259691665 0.8031622636331887 0.01953125 0.026041666666666668
0 0.6386312397096244 0.8050706605797536 0.01953125 0.026041666666666668
0 0.6257495603203115 0.7964828743202116 0.01953125 0.026041666666666668
0 0.6092896366561894 0.8069790575263185 0.01953125 0.026041666666666668
0 0.6100052855111512 0.7898034850072345 0.01953125 0.026041666666666668
0 0.6851484152821435 0.7773989048545626 0.01953125 0.026041666666666668
0 0.708764827495884 0.8069790575263185 0.01953125 0.026041666666666668
0 0.7581445984882506 0.8012538666866238 0.01953125 0.026041666666666668
0 0.7345281862745101 0.853734782717158 0.01953125 0.026041666666666668
0 0.8082400183355788 0.847055393404181 0.01953125 0.026041666666666668
0 0.8118182626103879 0.8823607369156313 0.01953125 0.026041666666666668
0 0.8425911633737466 0.7964828743202116 0.01953125 0.026041666666666668
0 0.8125339114653497 0.8050706605797536 0.01953125 0.026041666666666668
0 0.8053774229157314 0.8127042483660131 0.01953125 0.026041666666666668
0 0.781045361847029 0.8327424163049444 0.01953125 0.026041666666666668
0 0.776751468717258 0.8165210422591428 0.01953125 0.026041666666666668
0 0.5838841023050442 0.8961966147782269 0.01953125 0.026041666666666668
0 0.943139827495884 0.8313111185950208 0.01953125 0.026041666666666668
0 0.163082575587487 0.8179523399690666 0.01953125 0.026041666666666668
