0 0.16041358024691368 0.9172138512496234 0.01953125 0.024390243902439025
0 0.10947817405883252 0.8328977762907943 0.01953125 0.024390243902439025
0 0.049529263831733034 0.7976972790435723 0.01953125 0.024390243902439025
0 0.01975331504343857 0.7783617946401685 0.01953125 0.024390243902439025
0 0.14719437585733885 0.8066213487682201 0.01953125 0.024390243902439025
0 0.17458824874256973 0.8398387194099651 0.01953125 0.024390243902439025
0 0.19801199512269474 0.9013156441797613 0.01953125 0.024390243902439025
0 0.2512116902911141 0.9538684992249098 0.01953125 0.024390243902439025
0 0.3028233348574912 0.9459359928030008 0.01953125 0.024390243902439025
0 0.3329962962962963 0.9583305340872339 0.01953125 0.024390243902439025
0 0.26034298125285776 0.8219905799606693 0.01953125 0.024390243902439025
0 0.24247741197988112 0.7932352441812484 0.01953125 0.024390243902439025
0 0.2095253619875019 0.8100918203278055 0.01953125 0.024390243902439025
0 0.2567698673982624 0.7396908258333613 0.01953125 0.024390243902439025
0 0.22580288065843618 0.7258089395950201 0.01953125 0.024390243902439025
0 0.17339721079103798 0.7034987652834004 0.01953125 0.024390243902439025
0 0.12893179393385157 0.6762307744580874 0.01953125 0.024390243902439025
0 0.32902616979119037 0.7932352441812484 0.01953125 0.024390243902439025
0 0.29289801859472636 0.7208511230813268 0.01953125 0.024390243902439025
0 0.3599931565310166 0.7664630350073047 0.01953125 0.024390243902439025
0 0.3838139155616522 0.7545642753744409 0.01953125 0.024390243902439025
0 0.35919913122999536 0.8507459157400902 0.01953125 0.024390243902439025
0 0.3834169029111415 0.9062734606934547 0.01953125 0.024390243902439025
0 0.2861488035360463 0.6831717175772581 0.01953125 0.024390243902439025
0 0.45120822963226387 0.9405745733005261 0.01953125 0.024390243902439025
0 0.4868127162413136 0.9245039028828064 0.01953125 0.024390243902439025
0 0.5262779303139954 0.9443243963979939 0.01953125 0.024390243902439025
0 0.5983448429684575 0.9593236887878658 0.01953125 0.024390243902439025
0 0.6378100570411391 0.938967506258754 0.01953125 0.024390243902439025
0 0.7012975753319748 0.9266466589385022 0.01953125 0.024390243902439025
0 0.6313755112684193 0.8093307648891479 0.01953125 0.024390243902439025
0 0.5708907810048528 0.8377222826271196 0.01953125 0.024390243902439025
0 0.5520161134048747 0.8039738747499081 0.01953125 0.024390243902439025
0 0.47694641272314325 0.7755823570119365 0.01953125 0.024390243902439025
0 0.44691853245045066 0.7557618634967487 0.01953125 0.024390243902439025
0 0.4053084697868624 0.7755823570119365 0.01953125 0.024390243902439025
0 0.5086901718685611 0.7595116865942165 0.01953125 0.024390243902439025
0 0.5764673873412101 0.7530834184271288 0.01953125 0.024390243902439025
0 0.6399549056320456 0.7686183998309245 0.01953125 0.024390243902439025
0 0.7004396358956122 0.7766537350397845 0.01953125 0.024390243902439025
0 0.7480552746137388 0.8237943682650958 0.01953125 0.024390243902439025
0 0.7613533358773599 0.7895102713739602 0.01953125 0.024390243902439025
0 0.7257488492683102 0.7541547964549766 0.01953125 0.024390243902439025
0 0.7471973351773762 0.7337986139258649 0.01953125 0.024390243902439025
0 0.678991149986546 0.7337986139258649 0.01953125 0.024390243902439025
0 0.7038713936410628 0.7252275897030812 0.01953125 0.024390243902439025
0 0.6506791485865787 0.7134424313967533 0.01953125 0.024390243902439025
0 0.5974869035320948 0.6898721147840975 0.01953125 0.024390243902439025
0 0.5503002345321493 0.6791583345056178 0.01953125 0.024390243902439025
0 0.5254199908776327 0.6796940235195418 0.01953125 0.024390243902439025
0 0.5065453232776544 0.6973717609790335 0.01953125 0.024390243902439025
0 0.43533635005955496 0.6882650477423257 0.01953125 0.024390243902439025
0 0.39415525711414806 0.6807654015473897 0.01953125 0.024390243902439025
0 0.5747515084684847 0.6743371333803019 0.01953125 0.024390243902439025
0 0.6266568443684247 0.6968360719651095 0.01953125 0.024390243902439025
0 0.6266568443684247 0.6630876640878979 0.01953125 0.024390243902439025
0 0.7021555147683375 0.6973717609790335 0.01953125 0.024390243902439025
0 0.7145956365955957 0.6759442004220738 0.01953125 0.024390243902439025
0 0.7579215781319093 0.7112996753410572 0.01953125 0.024390243902439025
0 0.6922892112501671 0.6427314815587863 0.01953125 0.024390243902439025
0 0.8024149528123694 0.838575813789305 0.01953125 0.024390243902439025
0 0.8236308418075772 0.786606836918492 0.01953125 0.024390243902439025
0 0.8666066169517159 0.7760771749381313 0.01953125 0.024390243902439025
0 0.8660626197979927 0.8545401400175939 0.01953125 0.024390243902439025
0 0.8804785443716594 0.893941455815073 0.01953125 0.024390243902439025
0 0.9327022711290941 0.8983571205165146 0.01953125 0.024390243902439025
0 0.9291662896298928 0.85861613820354 0.01953125 0.024390243902439025
0 0.9003344404825592 0.7811721726705638 0.01953125 0.024390243902439025
0 0.7711351164732809 0.7523005188534456 0.01953125 0.024390243902439025
0 0.8655186226442694 0.745846855059031 0.01953125 0.024390243902439025
0 0.8955771694505474 0.716861455873129 0.01953125 0.024390243902439025
0 0.8536101396457819 0.6323725552039496 0.01953125 0.024390243902439025
0 0.9102852406438064 0.6377602532176365 0.01953125 0.024390243902439025
0 0.8940083085232666 0.6380051485818949 0.01953125 0.024390243902439025
0 0.954017238991763 0.6306582876541403 0.01953125 0.024390243902439025
0 0.9571549608463251 0.6735149763993761 0.01953125 0.024390243902439025
0 0.9820606280669102 0.6453520095096498 0.01953125 0.024390243902439025
0 0.9769618300532471 0.6015157393073799 0.01953125 0.024390243902439025
0 0.9646070502509096 0.5789853657955987 0.01953125 0.024390243902439025
0 0.944015750580347 0.5809445287096666 0.01953125 0.024390243902439025
0 0.8732209012367939 0.5797200518883742 0.01953125 0.024390243902439025
0 0.7941556161530862 0.6442499803704864 0.01953125 0.024390243902439025
0 0.7686616260847705 0.632495002886079 0.01953125 0.024390243902439025
0 0.7498352949573991 0.606046303546162 0.01953125 0.024390243902439025
0 0.779251437343917 0.5825363485773469 0.01953125 0.024390243902439025
0 0.7337544704527692 0.6447397710990035 0.01953125 0.024390243902439025
0 0.6364850929613499 0.6339643750716298 0.01953125 0.024390243902439025
0 0.6643323744205869 0.6065360942746788 0.01953125 0.024390243902439025
0 0.6235419903112821 0.601148396260992 0.01953125 0.024390243902439025
0 0.7078682651526335 0.5977198611613732 0.01953125 0.024390243902439025
0 0.6910030101843633 0.5879240465910337 0.01953125 0.024390243902439025
0 0.8853946844552693 0.5547407247340082 0.01953125 0.024390243902439025
0 0.8677449990233583 0.5554754108267836 0.01953125 0.024390243902439025
0 0.8520563897505488 0.5476387591705119 0.01953125 0.024390243902439025
0 0.8759815188915835 0.5300062929439006 0.01953125 0.024390243902439025
0 0.9591311480374741 0.544210224070893 0.01953125 0.024390243902439025
0 0.9246162076372931 0.5380878399644308 0.01953125 0.024390243902439025
0 0.950698520553339 0.5275573393013157 0.01953125 0.024390243902439025
0 0.9081431679008432 0.57065892341081 0.01953125 0.024390243902439025
0 0.9022599394235394 0.5434755379781177 0.01953125 0.024390243902439025
0 0.9004949708803485 0.5118840359887722 0.01953125 0.024390243902439025
0 0.8928467738598538 0.4993943724115892 0.01953125 0.024390243902439025
0 0.8759815188915835 0.5087003962534118 0.01953125 0.024390243902439025
0 0.8622539857778752 0.5025780121469496 0.01953125 0.024390243902439025
0 0.9405009245260129 0.5040473843325005 0.01953125 0.024390243902439025
0 0.9322644046577878 0.4959658373119703 0.01953125 0.024390243902439025
0 0.9199096248554502 0.5150676757241326 0.01953125 0.024390243902439025
0 0.9844290304898795 0.5713936095035855 0.01953125 0.024390243902439025
0 0.9856056761853402 0.5268226532085402 0.01953125 0.024390243902439025
0 0.960700008964755 0.5145778849956156 0.01953125 0.024390243902439025
0 0.9701131745284408 0.504292279696759 0.01953125 0.024390243902439025
0 0.9879099406722841 0.6978820651430959 0.01953125 0.024390243902439025
0 0.6551153164728112 0.5518019803629062 0.01953125 0.024390243902439025
0 0.6568802850160024 0.5263328624800231 0.01953125 0.024390243902439025
0 0.6335434787226981 0.5238839088374383 0.01953125 0.024390243902439025
0 0.6545269936250809 0.5025780121469495 0.01953125 0.024390243902439025
0 0.6160899009066975 0.489353662476991 0.01953125 0.024390243902439025
0 0.6027545830248093 0.49768010486177966 0.01953125 0.024390243902439025
0 0.6347201244181588 0.48812918565569857 0.01953125 0.024390243902439025
0 0.6145210399794165 0.46633349823669284 0.01953125 0.024390243902439025
0 0.6274641426294845 0.463394753865591 0.01953125 0.024390243902439025
0 0.6433488595182041 0.46755797505798535 0.01953125 0.024390243902439025
0 0.6557036393205417 0.47637420817129106 0.01953125 0.024390243902439025
0 0.6882575035616214 0.5689446558610005 0.01953125 0.024390243902439025
0 0.7396376989300728 0.5753119353317213 0.01953125 0.024390243902439025
0 0.7335583628368592 0.5699242373180344 0.01953125 0.024390243902439025
0 0.7737604240984336 0.5598835273834364 0.01953125 0.024390243902439025
0 0.7561107386665229 0.5456795962564439 0.01953125 0.024390243902439025
0 0.6998278529003186 0.556210096919559 0.01953125 0.024390243902439025
0 0.6937485168071048 0.5270675485727986 0.01953125 0.024390243902439025
0 0.518428308183458 0.6382500439461531 0.01953125 0.024390243902439025
0 0.5301947651380651 0.618658414805474 0.01953125 0.024390243902439025
0 0.4848939058628275 0.6020055300358966 0.01953125 0.024390243902439025
0 0.5117606492425139 0.6081279141423589 0.01953125 0.024390243902439025
0 0.45900770056269163 0.6125360306990117 0.01953125 0.024390243902439025
0 0.4750885250673215 0.6473111724237174 0.01953125 0.024390243902439025
0 0.5572576161336616 0.6375153578533777 0.01953125 0.024390243902439025
0 0.5798099919633253 0.6269848571902626 0.01953125 0.024390243902439025
0 0.5976557850111462 0.6110666585134609 0.01953125 0.024390243902439025
0 0.580790530042876 0.5833934823522513 0.01953125 0.024390243902439025
0 0.3627188611508231 0.6130258214275287 0.01953125 0.024390243902439025
0 0.429787665792084 0.60959728632791 0.01953125 0.024390243902439025
0 0.31231920386192236 0.6059238558640325 0.01953125 0.024390243902439025
0 0.29251233465500026 0.6059238558640325 0.01953125 0.024390243902439025
0 0.33840151677796826 0.5944137737438834 0.01953125 0.024390243902439025
0 0.3091814820073604 0.5870669128161287 0.01953125 0.024390243902439025
0 0.30172939260277587 0.5505775035416135 0.01953125 0.024390243902439025
0 0.3242817684324396 0.5505775035416135 0.01953125 0.024390243902439025
0 0.3440886376393617 0.5478836545347702 0.01953125 0.024390243902439025
0 0.3654643677735648 0.5709038187750684 0.01953125 0.024390243902439025
0 0.3672293363167558 0.5926995061940741 0.01953125 0.024390243902439025
0 0.3940960796964422 0.6081279141423589 0.01953125 0.024390243902439025
0 0.41370684128745416 0.6132707167917872 0.01953125 0.024390243902439025
0 0.43370981811028636 0.5853526452663192 0.01953125 0.024390243902439025
0 0.4507711806944668 0.5809445287096664 0.01953125 0.024390243902439025
0 0.43743586281257857 0.5598835273834363 0.01953125 0.024390243902439025
0 0.46547925188772576 0.5500877128130965 0.01953125 0.024390243902439025
0 0.3768386094963516 0.5552305154625249 0.01953125 0.024390243902439025
0 0.4037053528760381 0.564781434668606 0.01953125 0.024390243902439025
0 0.3884089588350487 0.5486183406275457 0.01953125 0.024390243902439025
0 0.15896304822020882 0.6230665313621269 0.01953125 0.024390243902439025
0 0.239563278359268 0.645596904873908 0.01953125 0.024390243902439025
0 0.16406184623387196 0.645107114145391 0.01953125 0.024390243902439025
0 0.20798995219773875 0.6081279141423589 0.01953125 0.024390243902439025
0 0.2687833131298758 0.6135156121560458 0.01953125 0.024390243902439025
0 0.2517219505456954 0.5831485869879929 0.01953125 0.024390243902439025
0 0.22701239094102035 0.580699633345408 0.01953125 0.024390243902439025
0 0.1846531459044345 0.5831485869879929 0.01953125 0.024390243902439025
0 0.152687604511085 0.5897607618229721 0.01953125 0.024390243902439025
0 0.1399406094769272 0.6076381234138419 0.01953125 0.024390243902439025
0 0.12817415252232003 0.5557203061910418 0.01953125 0.024390243902439025
0 0.18641811444762557 0.55278156181994 0.01953125 0.024390243902439025
0 0.247799798227493 0.5554754108267834 0.01953125 0.024390243902439025
0 0.10621009954038667 0.6397194161317042 0.01953125 0.024390243902439025
0 0.10738674523584738 0.5985769949362778 0.01953125 0.024390243902439025
0 0.04541673860824962 0.6170665949377938 0.01953125 0.024390243902439025
0 0.059144271721958026 0.5969851750685975 0.01953125 0.024390243902439025
0 0.002765092577475703 0.6727802903066005 0.01953125 0.024390243902439025
0 0.009824966750240008 0.6024953207644136 0.01953125 0.024390243902439025
0 0.041006077679949036 0.5711487141393268 0.01953125 0.024390243902439025
0 0.05257642701864607 0.5691895512252588 0.01953125 0.024390243902439025
0 0.09454345682341166 0.579230261159857 0.01953125 0.024390243902439025
0 0.056498579336848466 0.5782506797028231 0.01953125 0.024390243902439025
0 0.08003149324606282 0.5882913896374211 0.01953125 0.024390243902439025
0 0.003932098765432083 0.5698678711231555 0.01953125 0.024390243902439025
0 0.019487654320987646 0.5606176452875639 0.01953125 0.024390243902439025
0 0.0389938271604938 0.5405754893104486 0.01953125 0.024390243902439025
0 0.1073888888888889 0.5424255344775669 0.01953125 0.024390243902439025
0 0.07874691358024691 0.5476673291177355 0.01953125 0.024390243902439025
0 0.15800617283950616 0.5452006022282444 0.01953125 0.024390243902439025
0 0.0007222222222222096 0.5532174646190905 0.01953125 0.024390243902439025
0 0.13701851851851854 0.5239250828063836 0.01953125 0.024390243902439025
0 0.11133950617283951 0.5196083107497741 0.01953125 0.024390243902439025
0 0.059734567901234555 0.5100497440529961 0.01953125 0.024390243902439025
0 0.1782530864197531 0.5353336946702799 0.01953125 0.024390243902439025
0 0.21010493827160495 0.529783559168925 0.01953125 0.024390243902439025
0 0.014302469135802446 0.5134414935260462 0.01953125 0.024390243902439025
0 0.045413580246913575 0.5094330623306231 0.01953125 0.024390243902439025
0 0.09726543209876541 0.5041912676904545 0.01953125 0.024390243902439025
0 0.07924074074074074 0.5075059319482081 0.01953125 0.024390243902439025
0 0.08788271604938272 0.4743592893706713 0.01953125 0.024390243902439025
0 0.015166666666666676 0.4782135501355012 0.01953125 0.024390243902439025
0 0.052327160493827164 0.49239722975007505 0.01953125 0.024390243902439025
0 0.05331481481481481 0.4716613068352904 0.01953125 0.024390243902439025
0 0.12541358024691357 0.4997203252032518 0.01953125 0.024390243902439025
0 0.1493641975308642 0.5024953929539293 0.01953125 0.024390243902439025
0 0.11479629629629629 0.49293682625715124 0.01953125 0.024390243902439025
0 0.1733148148148148 0.4987953026196927 0.01953125 0.024390243902439025
0 0.18467283950617286 0.5194541403191808 0.01953125 0.024390243902439025
0 0.19430246913580246 0.4966369165913879 0.01953125 0.024390243902439025
0 0.16096913580246913 0.47474471544715424 0.01953125 0.024390243902439025
0 0.17973456790123457 0.47011960252935847 0.01953125 0.024390243902439025
0 0.13899382716049383 0.475361397169527 0.01953125 0.024390243902439025
0 0.13627777777777778 0.45377753688647987 0.01953125 0.024390243902439025
0 0.12072222222222223 0.4395938572719059 0.01953125 0.024390243902439025
0 0.11208024691358023 0.43311869918699164 0.01953125 0.024390243902439025
0 0.10245061728395059 0.44298560674495624 0.01953125 0.024390243902439025
0 0.04467283950617283 0.45439421860885265 0.01953125 0.024390243902439025
0 0.07241975308641975 0.4601756097560975 0.01953125 0.024390243902439025
0 0.03340740740740742 0.4419834989461005 0.01953125 0.024390243902439025
0 0.0540246913580247 0.4350458295694067 0.01953125 0.024390243902439025
0 0.07155555555555555 0.4412126467931345 0.01953125 0.024390243902439025
0 0.0922962962962963 0.43442914784703385 0.01953125 0.024390243902439025
0 0.022913580246913586 0.46140897320084295 0.01953125 0.024390243902439025
0 0.0020493827160493936 0.4513878952122855 0.01953125 0.024390243902439025
0 0.013160493827160507 0.44044179464016864 0.01953125 0.024390243902439025
0 0.014518518518518533 0.424870581150256 0.01953125 0.024390243902439025
0 0.03143209876543211 0.4190121047877146 0.01953125 0.024390243902439025
0 0.04414814814814816 0.42425389942788316 0.01953125 0.024390243902439025
0 0.050814814814814806 0.41346196928635953 0.01953125 0.024390243902439025
0 0.05451851851851852 0.4012825052694972 0.01953125 0.024390243902439025
0 0.07106172839506172 0.42440806985847634 0.01953125 0.024390243902439025
0 0.0805679012345679 0.42749147847034025 0.01953125 0.024390243902439025
0 0.10130864197530862 0.4282623306233063 0.01953125 0.024390243902439025
0 0.05282098765432098 0.3880238482384824 0.01953125 0.024390243902439025
0 0.06022839506172838 0.3923406202950919 0.01953125 0.024390243902439025
0 0.04985802469135801 0.37892779283348393 0.01953125 0.024390243902439025
0 0.06010493827160492 0.376615236374586 0.01953125 0.024390243902439025
0 0.07652469135802469 0.376615236374586 0.01953125 0.024390243902439025
0 0.07985802469135801 0.37969864498644995 0.01953125 0.024390243902439025
0 0.08516666666666665 0.38370707618187294 0.01953125 0.024390243902439025
0 0.08541358024691355 0.39295730201746465 0.01953125 0.024390243902439025
0 0.07146296296296295 0.40575344775669986 0.01953125 0.024390243902439025
0 0.08689506172839503 0.41438699186991873 0.01953125 0.024390243902439025
0 0.09590740740740739 0.3994324601023788 0.01953125 0.024390243902439025
0 0.11121604938271601 0.4072951520626318 0.01953125 0.024390243902439025
0 0.11615432098765431 0.419320445648901 0.01953125 0.024390243902439025
0 0.13911728395061726 0.4356625112917797 0.01953125 0.024390243902439025
0 0.14973456790123454 0.44044179464016864 0.01953125 0.024390243902439025
0 0.12751234567901232 0.43088322794339057 0.01953125 0.024390243902439025
0 0.1426975308641975 0.4202454682324601 0.01953125 0.024390243902439025
0 0.15763580246913578 0.4281081601927131 0.01953125 0.024390243902439025
0 0.13208024691358022 0.3978907557964469 0.01953125 0.024390243902439025
0 0.1287469135802469 0.37291514604034937 0.01953125 0.024390243902439025
0 0.046895061728395054 0.39650322192110815 0.01953125 0.024390243902439025
0 0.04454938271604937 0.40637012947907264 0.01953125 0.024390243902439025
0 0.06343827160493826 0.40220752785305636 0.01953125 0.024390243902439025
0 0.0010617283950617397 0.4281081601927131 0.01953125 0.024390243902439025
0 0.0006913580246913682 0.4139244805781392 0.01953125 0.024390243902439025
0 0.004024691358024701 0.3988157783800061 0.01953125 0.024390243902439025
0 0.0058765432098765585 0.38463209876543214 0.01953125 0.024390243902439025
0 0.036617283950617294 0.39958663053297205 0.01953125 0.024390243902439025
0 0.06442592592592591 0.4799865100873232 0.01953125 0.024390243902439025
0 0.17343827160493824 0.4310373983739838 0.01953125 0.024390243902439025
0 0.16924074074074075 0.4091451972297502 0.01953125 0.024390243902439025
0 0.1625740740740741 0.3914155977115327 0.01953125 0.024390243902439025
0 0.14319135802469138 0.3770777476663656 0.01953125 0.024390243902439025
0 0.15491975308641975 0.3665941583860284 0.01953125 0.024390243902439025
0 0.16504320987654322 0.36829003312255354 0.01953125 0.024390243902439025
0 0.1724506172839506 0.37661523637458605 0.01953125 0.024390243902439025
0 0.17319135802469138 0.38709882565492326 0.01953125 0.024390243902439025
0 0.1508456790123457 0.39989497139415847 0.01953125 0.024390243902439025
0 0.14220370370370372 0.3923406202950919 0.01953125 0.024390243902439025
0 0.15331481481481482 0.38463209876543214 0.01953125 0.024390243902439025
0 0.18664814814814815 0.36150653417645295 0.01953125 0.024390243902439025
0 0.2009691358024691 0.37661523637458605 0.01953125 0.024390243902439025
0 0.1870185185185185 0.3780027702499248 0.01953125 0.024390243902439025
0 0.1796111111111111 0.4026700391448359 0.01953125 0.024390243902439025
0 0.18751234567901234 0.42656645588678116 0.01953125 0.024390243902439025
0 0.20269753086419753 0.4211704908160193 0.01953125 0.024390243902439025
0 0.20356172839506173 0.43905426076482995 0.01953125 0.024390243902439025
0 0.1933148148148148 0.4398251129177959 0.01953125 0.024390243902439025
0 0.1752901234567901 0.4427543510990666 0.01953125 0.024390243902439025
0 0.19294444444444445 0.39835326708822644 0.01953125 0.024390243902439025
0 0.19442592592592595 0.4080660042155978 0.01953125 0.024390243902439025
0 0.21133950617283948 0.4029783800060224 0.01953125 0.024390243902439025
0 0.21282098765432098 0.39604071062932855 0.01953125 0.024390243902439025
0 0.21664814814814815 0.3863279735019573 0.01953125 0.024390243902439025
0 0.22010493827160493 0.37784859981933155 0.01953125 0.024390243902439025
0 0.21430246913580245 0.3722984643179766 0.01953125 0.024390243902439025
0 0.2192407407407407 0.36088985245408023 0.01953125 0.024390243902439025
0 0.19862345679012344 0.3669024992472148 0.01953125 0.024390243902439025
0 0.23195679012345677 0.40852851550737734 0.01953125 0.024390243902439025
0 0.22232716049382714 0.4163912074676303 0.01953125 0.024390243902439025
0 0.23146296296296295 0.42718313760915394 0.01953125 0.024390243902439025
0 0.21640123456790122 0.43196242095754295 0.01953125 0.024390243902439025
0 0.21627777777777774 0.4455294188497441 0.01953125 0.024390243902439025
0 0.2244259259259259 0.44768780487804877 0.01953125 0.024390243902439025
0 0.2107222222222222 0.45385462210177663 0.01953125 0.024390243902439025
0 0.23553703703703702 0.4543171333935562 0.01953125 0.024390243902439025
0 0.027388888888888876 0.39711990364348093 0.01953125 0.024390243902439025
0 0.07121604938271602 0.39156976814212596 0.01953125 0.024390243902439025
0 0.10800617283950616 0.3854029509183981 0.01953125 0.024390243902439025
0 0.11294444444444442 0.37908196326407717 0.01953125 0.024390243902439025
0 0.012203703703703694 0.39958663053297205 0.01953125 0.024390243902439025
0 0.2012160493827161 0.4816052996085517 0.01953125 0.024390243902439025
0 0.19430246913580249 0.46341318879855475 0.01953125 0.024390243902439025
0 0.21232716049382716 0.4726634146341464 0.01953125 0.024390243902439025
0 0.22430246913580248 0.46387570009033435 0.01953125 0.024390243902439025
0 0.2303518518518519 0.4865387533875339 0.01953125 0.024390243902439025
0 0.21269753086419757 0.5028808190304126 0.01953125 0.024390243902439025
0 0.22010493827160496 0.5223062932851552 0.01953125 0.024390243902439025
0 0.23010493827160497 0.5346399277326107 0.01953125 0.024390243902439025
0 0.2436851851851852 0.5423484492622704 0.01953125 0.024390243902439025
0 0.27232716049382716 0.5425026196928637 0.01953125 0.024390243902439025
0 0.25701851851851854 0.5323273712737128 0.01953125 0.024390243902439025
0 0.24701851851851855 0.5221521228545619 0.01953125 0.024390243902439025
0 0.23232716049382718 0.5055017163504969 0.01953125 0.024390243902439025
0 0.2726975308641975 0.48114278831677215 0.01953125 0.024390243902439025
0 0.2865246913580247 0.48684709424872036 0.01953125 0.024390243902439025
0 0.28590740740740744 0.5099726588376996 0.01953125 0.024390243902439025
0 0.26232716049382715 0.4723550737729601 0.01953125 0.024390243902439025
0 0.24393209876543212 0.46649659741041866 0.01953125 0.024390243902439025
0 0.282820987654321 0.46418404095152077 0.01953125 0.024390243902439025
0 0.20726543209876547 0.5785785004516713 0.01953125 0.024390243902439025
0 0.21664814814814815 0.5566862993074375 0.01953125 0.024390243902439025
0 0.18010493827160493 0.646413489912677 0.01953125 0.024390243902439025
0 0.49461111111111117 0.5676323998795544 0.01953125 0.024390243902439025
0 0.5209074074074074 0.5500569707919302 0.01953125 0.024390243902439025
0 0.5539938271604938 0.5532945498343873 0.01953125 0.024390243902439025
0 0.5365864197530864 0.5873662149954832 0.01953125 0.024390243902439025
0 0.5647345679012346 0.5714866606443844 0.01953125 0.024390243902439025
0 0.5639938271604938 0.5440443239987957 0.01953125 0.024390243902439025
0 0.48016666666666663 0.5679407407407409 0.01953125 0.024390243902439025
0 0.4731296296296296 0.5310940078289672 0.01953125 0.024390243902439025
0 0.47300617283950624 0.5090476362541404 0.01953125 0.024390243902439025
0 0.5946111111111111 0.5549133393556158 0.01953125 0.024390243902439025
0 0.5805370370370371 0.5302460704607047 0.01953125 0.024390243902439025
0 0.3722654320987655 0.5204562481180367 0.01953125 0.024390243902439025
0 0.3458456790123457 0.5130560674495634 0.01953125 0.024390243902439025
0 0.3612777777777778 0.5102809996988859 0.01953125 0.024390243902439025
0 0.3638703703703704 0.49393893405600725 0.01953125 0.024390243902439025
0 0.33917901234567904 0.493784763625414 0.01953125 0.024390243902439025
0 0.3494259259259259 0.4871554351099066 0.01953125 0.024390243902439025
0 0.3769567901234568 0.4769801866907558 0.01953125 0.024390243902439025
0 0.40300617283950624 0.49255140018066845 0.01953125 0.024390243902439025
0 0.4112777777777778 0.5085851249623607 0.01953125 0.024390243902439025
0 0.4397962962962963 0.5085851249623607 0.01953125 0.024390243902439025
0 0.40115432098765436 0.533406564287865 0.01953125 0.024390243902439025
0 0.4217716049382716 0.5420401084010841 0.01953125 0.024390243902439025
0 0.3800432098765433 0.5309398373983739 0.01953125 0.024390243902439025
0 0.41164814814814815 0.5358732911773563 0.01953125 0.024390243902439025
0 0.3875740740740741 0.5278564287865101 0.01953125 0.024390243902439025
0 0.3888086419753087 0.5216896115627823 0.01953125 0.024390243902439025
0 0.3062160493827161 0.5169103282143932 0.01953125 0.024390243902439025
0 0.31621604938271614 0.4701966877446552 0.01953125 0.024390243902439025
0 0.265104938271605 0.45632134899126764 0.01953125 0.024390243902439025
0 0.3006604938271606 0.4686549834387233 0.01953125 0.024390243902439025
0 0.29374691358024696 0.4651090635350798 0.01953125 0.024390243902439025
0 0.2997962962962964 0.45801722372779285 0.01953125 0.024390243902439025
0 0.3078209876543211 0.4405959650707619 0.01953125 0.024390243902439025
0 0.28843827160493835 0.4367417043059319 0.01953125 0.024390243902439025
0 0.23831481481481492 0.4389000903342367 0.01953125 0.024390243902439025
0 0.24942592592592602 0.4449127371273713 0.01953125 0.024390243902439025
0 0.26288271604938285 0.44691695272508286 0.01953125 0.024390243902439025
0 0.2689320987654322 0.439208431195423 0.01953125 0.024390243902439025
0 0.2617716049382717 0.42610394459500156 0.01953125 0.024390243902439025
0 0.24436419753086427 0.422558024691358 0.01953125 0.024390243902439025
0 0.2806604938271606 0.4277998193315266 0.01953125 0.024390243902439025
0 0.27448765432098776 0.4188579343571214 0.01953125 0.024390243902439025
0 0.2917716049382717 0.4199371273712737 0.01953125 0.024390243902439025
0 0.30596913580246926 0.41854959349593496 0.01953125 0.024390243902439025
0 0.3172037037037038 0.41361613971695277 0.01953125 0.024390243902439025
0 0.323746913580247 0.42224968383017164 0.01953125 0.024390243902439025
0 0.32893209876543217 0.43766672688949115 0.01953125 0.024390243902439025
0 0.33991975308641986 0.464492381812707 0.01953125 0.024390243902439025
0 0.3459691358024693 0.47482180066245105 0.01953125 0.024390243902439025
0 0.35633950617283966 0.4611006323396567 0.01953125 0.024390243902439025
0 0.34263580246913594 0.45477964468533566 0.01953125 0.024390243902439025
0 0.3490555555555556 0.4410584763625414 0.01953125 0.024390243902439025
0 0.3632530864197532 0.44044179464016864 0.01953125 0.024390243902439025
0 0.38547530864197543 0.4592505871725384 0.01953125 0.024390243902439025
0 0.40152469135802477 0.465263233965673 0.01953125 0.024390243902439025
0 0.4175740740740742 0.47975525444143324 0.01953125 0.024390243902439025
0 0.4184382716049384 0.46279650707618186 0.01953125 0.024390243902439025
0 0.4316481481481482 0.4725092442035531 0.01953125 0.024390243902439025
0 0.4157222222222223 0.45215874736525136 0.01953125 0.024390243902439025
0 0.3878209876543211 0.4389000903342367 0.01953125 0.024390243902439025
0 0.39535185185185195 0.43319578440228845 0.01953125 0.024390243902439025
0 0.3700432098765433 0.4276456489009334 0.01953125 0.024390243902439025
0 0.41720370370370374 0.4338124661246613 0.01953125 0.024390243902439025
0 0.46177160493827174 0.4789844022884672 0.01953125 0.024390243902439025
0 0.4511543209876545 0.46217982535380897 0.01953125 0.024390243902439025
0 0.44461111111111123 0.470967539897621 0.01953125 0.024390243902439025
0 0.43350000000000016 0.45709220114423355 0.01953125 0.024390243902439025
0 0.4418950617283952 0.45647551942186076 0.01953125 0.024390243902439025
0 0.43831481481481493 0.444758566696778 0.01953125 0.024390243902439025
0 0.5068333333333335 0.49116386630532965 0.01953125 0.024390243902439025
0 0.5172037037037038 0.4809886178861788 0.01953125 0.024390243902439025
0 0.49522839506172855 0.4681924721469436 0.01953125 0.024390243902439025
0 0.47436419753086434 0.4655715748268593 0.01953125 0.024390243902439025
0 0.48066049382716064 0.44660861186389633 0.01953125 0.024390243902439025
0 0.4574506172839507 0.4429085215296596 0.01953125 0.024390243902439025
0 0.4694259259259261 0.4412126467931345 0.01953125 0.024390243902439025
0 0.526462962962963 0.4996432399879553 0.01953125 0.024390243902439025
0 0.5079444444444445 0.5101268292682926 0.01953125 0.024390243902439025
0 0.5299197530864198 0.46063812104787705 0.01953125 0.024390243902439025
0 0.5068333333333335 0.45755471243601314 0.01953125 0.024390243902439025
0 0.5032530864197532 0.43951677205660933 0.01953125 0.024390243902439025
0 0.42350000000000015 0.4365875338753387 0.01953125 0.024390243902439025
0 0.4332530864197532 0.4296498644986449 0.01953125 0.024390243902439025
0 0.4473271604938273 0.4196287865100873 0.01953125 0.024390243902439025
0 0.4638703703703705 0.42348304727491715 0.01953125 0.024390243902439025
0 0.5065864197530865 0.4180870822041553 0.01953125 0.024390243902439025
0 0.48226543209876555 0.4197829569406804 0.01953125 0.024390243902439025
0 0.47238888888888897 0.4168537187594098 0.01953125 0.024390243902439025
0 0.49152469135802485 0.4342749774164408 0.01953125 0.024390243902439025
0 0.5274506172839507 0.43951677205660933 0.01953125 0.024390243902439025
0 0.535351851851852 0.42733730803974695 0.01953125 0.024390243902439025
0 0.5272037037037038 0.4180870822041553 0.01953125 0.024390243902439025
0 0.5151049382716051 0.42810816019271297 0.01953125 0.024390243902439025
0 0.51670987654321 0.46032978018669063 0.01953125 0.024390243902439025
0 0.4527592592592594 0.4953264679313459 0.01953125 0.024390243902439025
0 0.5342407407407409 0.5318648599819331 0.01953125 0.024390243902439025
0 0.5615246913580249 0.5099726588376994 0.01953125 0.024390243902439025
0 0.5884382716049384 0.5007224330021078 0.01953125 0.024390243902439025
0 0.5525123456790124 0.46156314363143625 0.01953125 0.024390243902439025
0 0.5633765432098766 0.47297175549533266 0.01953125 0.024390243902439025
0 0.5830061728395063 0.4689633242999096 0.01953125 0.024390243902439025
0 0.5897962962962965 0.4839178560674495 0.01953125 0.024390243902439025
0 0.5906604938271607 0.46510906353507975 0.01953125 0.024390243902439025
0 0.5758456790123457 0.45123372478169227 0.01953125 0.024390243902439025
0 0.5642407407407408 0.4535462812405901 0.01953125 0.024390243902439025
0 0.5497962962962964 0.4441418849744052 0.01953125 0.024390243902439025
0 0.5617716049382717 0.43319578440228845 0.01953125 0.024390243902439025
0 0.555104938271605 0.41731623005118934 0.01953125 0.024390243902439025
0 0.5722654320987656 0.42224968383017164 0.01953125 0.024390243902439025
0 0.6027592592592594 0.41870376392652814 0.01953125 0.024390243902439025
0 0.5897962962962965 0.42610394459500145 0.01953125 0.024390243902439025
0 0.6206604938271606 0.4262581150255947 0.01953125 0.024390243902439025
0 0.6157222222222223 0.4347374887082203 0.01953125 0.024390243902439025
0 0.6084382716049384 0.44506690755796446 0.01953125 0.024390243902439025
0 0.6296728395061729 0.4399792833483889 0.01953125 0.024390243902439025
0 0.5459691358024693 0.4917805480277025 0.01953125 0.024390243902439025
0 0.5738703703703705 0.4925514001806684 0.01953125 0.024390243902439025
0 0.7001666666666668 0.4903930141523634 0.01953125 0.024390243902439025
0 0.6833765432098766 0.4919347184582954 0.01953125 0.024390243902439025
0 0.6846111111111112 0.46896332429990933 0.01953125 0.024390243902439025
0 0.7381913580246914 0.4700425173140617 0.01953125 0.024390243902439025
0 0.7284382716049383 0.4914722071665158 0.01953125 0.024390243902439025
0 0.7537469135802469 0.4984098765432096 0.01953125 0.024390243902439025
0 0.7304135802469136 0.5190687142426976 0.01953125 0.024390243902439025
0 0.7243641975308643 0.5081226136705809 0.01953125 0.024390243902439025
0 0.7209074074074076 0.500259921710328 0.01953125 0.024390243902439025
0 0.7407839506172841 0.5352566094549832 0.01953125 0.024390243902439025
0 0.7126358024691359 0.4771343571213488 0.01953125 0.024390243902439025
0 0.6890555555555556 0.4900846732911771 0.01953125 0.024390243902439025
0 0.8007839506172839 0.5778847335140015 0.01953125 0.024390243902439025
0 0.8000432098765432 0.5544508280638358 0.01953125 0.024390243902439025
0 0.8025123456790123 0.5325586269196021 0.01953125 0.024390243902439025
0 0.7714012345679013 0.5202249924721466 0.01953125 0.024390243902439025
0 0.7551049382716049 0.5208416741945194 0.01953125 0.024390243902439025
0 0.7753518518518518 0.49894947305028575 0.01953125 0.024390243902439025
0 0.7936234567901235 0.4937076784101171 0.01953125 0.024390243902439025
0 0.6630061728395062 0.4418293285155073 0.01953125 0.024390243902439025
0 0.6658456790123457 0.4236372177055104 0.01953125 0.024390243902439025
0 0.6673271604938271 0.41068690153568205 0.01953125 0.024390243902439025
0 0.6779444444444445 0.42317470641373084 0.01953125 0.024390243902439025
0 0.6825123456790124 0.4148495031616982 0.01953125 0.024390243902439025
0 0.6760925925925926 0.40421174345076777 0.01953125 0.024390243902439025
0 0.6849814814814814 0.4352 0.01953125 0.024390243902439025
0 0.6999197530864197 0.433658295694068 0.01953125 0.024390243902439025
0 0.7016481481481481 0.46032978018669063 0.01953125 0.024390243902439025
0 0.6758456790123457 0.4523129177958446 0.01953125 0.024390243902439025
0 0.7131296296296297 0.4486128274616079 0.01953125 0.024390243902439025
0 0.7186851851851852 0.47143005118940073 0.01953125 0.024390243902439025
0 0.7241172839506173 0.4620256549232158 0.01953125 0.024390243902439025
0 0.7288086419753087 0.43627919301415236 0.01953125 0.024390243902439025
0 0.7422654320987655 0.4382834086118639 0.01953125 0.024390243902439025
0 0.7504135802469136 0.45000036133694665 0.01953125 0.024390243902439025
0 0.7622654320987655 0.4691174947305028 0.01953125 0.024390243902439025
0 0.7684382716049383 0.456629689852454 0.01953125 0.024390243902439025
0 0.7675740740740741 0.44105847636254136 0.01953125 0.024390243902439025
0 0.7506604938271606 0.43134573923517006 0.01953125 0.024390243902439025
0 0.7442407407407406 0.4191662752183077 0.01953125 0.024390243902439025
0 0.7122654320987655 0.4180870822041553 0.01953125 0.024390243902439025
0 0.7272037037037038 0.41608286660644384 0.01953125 0.024390243902439025
0 0.6909074074074074 0.39727407407407406 0.01953125 0.024390243902439025
0 0.6753518518518519 0.392494790725685 0.01953125 0.024390243902439025
0 0.6742407407407407 0.38447792833483885 0.01953125 0.024390243902439025
0 0.6838703703703705 0.3801611562782294 0.01953125 0.024390243902439025
0 0.7086851851851852 0.4049825956037338 0.01953125 0.024390243902439025
0 0.7196728395061729 0.39789075579644684 0.01953125 0.024390243902439025
0 0.7281913580246913 0.3929573020174646 0.01953125 0.024390243902439025
0 0.7410308641975308 0.39326564287865096 0.01953125 0.024390243902439025
0 0.6573271604938271 0.4055992773261065 0.01953125 0.024390243902439025
0 0.6609074074074074 0.39326564287865096 0.01953125 0.024390243902439025
0 0.6618950617283951 0.37954447455585666 0.01953125 0.024390243902439025
0 0.7122654320987655 0.3810861788617886 0.01953125 0.024390243902439025
0 0.702141975308642 0.37831111111111104 0.01953125 0.024390243902439025
0 0.7401666666666666 0.37599855465221316 0.01953125 0.024390243902439025
0 0.7551049382716049 0.38062366757000904 0.01953125 0.024390243902439025
0 0.7722654320987655 0.3789277928334839 0.01953125 0.024390243902439025
0 0.7610308641975309 0.3926489611562782 0.01953125 0.024390243902439025
0 0.773006172839506 0.3992782896717856 0.01953125 0.024390243902439025
0 0.7493024691358025 0.386173803071364 0.01953125 0.024390243902439025
0 0.7536234567901234 0.40744932249322485 0.01953125 0.024390243902439025
0 0.7626358024691358 0.4123827762722071 0.01953125 0.024390243902439025
0 0.7695493827160494 0.4171620596205961 0.01953125 0.024390243902439025
0 0.7704135802469136 0.42440806985847634 0.01953125 0.024390243902439025
0 0.7818950617283952 0.4584797350195724 0.01953125 0.024390243902439025
0 0.7958456790123458 0.4530837699488105 0.01953125 0.024390243902439025
0 0.8039938271604938 0.4649548931044865 0.01953125 0.024390243902439025
0 0.7863395061728395 0.4412126467931345 0.01953125 0.024390243902439025
0 0.7949814814814816 0.4316540800963564 0.01953125 0.024390243902439025
0 0.7804135802469137 0.414695332731105 0.01953125 0.024390243902439025
0 0.7918950617283952 0.4111494128274616 0.01953125 0.024390243902439025
0 0.7959691358024693 0.39912411924119234 0.01953125 0.024390243902439025
0 0.8062160493827161 0.41932044564890086 0.01953125 0.024390243902439025
0 0.8086851851851854 0.44044179464016864 0.01953125 0.024390243902439025
0 0.7989320987654321 0.41423282143932544 0.01953125 0.024390243902439025
0 0.8094259259259261 0.4012825052694971 0.01953125 0.024390243902439025
0 0.8091790123456791 0.3892572116832279 0.01953125 0.024390243902439025
0 0.8041172839506173 0.3793903041252634 0.01953125 0.024390243902439025
0 0.7890555555555556 0.38016115627822944 0.01953125 0.024390243902439025
0 0.7820185185185187 0.3929573020174646 0.01953125 0.024390243902439025
0 0.7896728395061728 0.39465317675398975 0.01953125 0.024390243902439025
0 0.7835000000000001 0.47405094850948504 0.01953125 0.024390243902439025
0 0.7672037037037037 0.5348711833785004 0.01953125 0.024390243902439025
0 0.8966790123456789 0.483609515206263 0.01953125 0.024390243902439025
0 0.9233456790123457 0.4779052092743148 0.01953125 0.024390243902439025
0 0.9035925925925926 0.4695800060222822 0.01953125 0.024390243902439025
0 0.9168024691358024 0.4496920204757602 0.01953125 0.024390243902439025
0 0.909641975308642 0.44136681722372767 0.01953125 0.024390243902439025
0 0.9161851851851852 0.4648007226738933 0.01953125 0.024390243902439025
0 0.9371728395061729 0.4812969587473651 0.01953125 0.024390243902439025
0 0.9570493827160493 0.4714300511894006 0.01953125 0.024390243902439025
0 0.9495185185185185 0.45462547425474237 0.01953125 0.024390243902439025
0 0.9387777777777778 0.4422918398072868 0.01953125 0.024390243902439025
0 0.9282839506172839 0.4351999999999999 0.01953125 0.024390243902439025
0 0.936432098765432 0.41947461607949404 0.01953125 0.024390243902439025
0 0.9626049382716049 0.4316540800963564 0.01953125 0.024390243902439025
0 0.9560617283950618 0.41484950316169816 0.01953125 0.024390243902439025
0 0.953716049382716 0.42517892201144225 0.01953125 0.024390243902439025
0 0.9913703703703705 0.4873096055404997 0.01953125 0.024390243902439025
0 0.9756913580246913 0.4631048479373681 0.01953125 0.024390243902439025
0 0.9889012345679011 0.4607922914784701 0.01953125 0.024390243902439025
0 0.9811234567901235 0.44737946401686224 0.01953125 0.024390243902439025
0 0.9801358024691358 0.43705004516711815 0.01953125 0.024390243902439025
0 0.9890246913580246 0.4355083408611862 0.01953125 0.024390243902439025
0 0.9889012345679011 0.42487058115025583 0.01953125 0.024390243902439025
0 0.9743333333333333 0.42055380909364637 0.01953125 0.024390243902439025
0 0.9740864197530863 0.4106869015356819 0.01953125 0.024390243902439025
0 0.9860617283950617 0.4062159590484793 0.01953125 0.024390243902439025
0 0.9117407407407407 0.4199371273712736 0.01953125 0.024390243902439025
0 0.9022345679012346 0.4277998193315265 0.01953125 0.024390243902439025
0 0.880969135802469 0.4714300511894006 0.01953125 0.024390243902439025
0 0.8896111111111111 0.45678386028304707 0.01953125 0.024390243902439025
0 0.8584999999999999 0.4603297801866906 0.01953125 0.024390243902439025
0 0.8707222222222223 0.44306269196025283 0.01953125 0.024390243902439025
0 0.8745493827160494 0.4245622402890694 0.01953125 0.024390243902439025
0 0.8680061728395062 0.40143667570009023 0.01953125 0.024390243902439025
0 0.8777592592592592 0.4062159590484793 0.01953125 0.024390243902439025
0 0.897141975308642 0.40791183378500445 0.01953125 0.024390243902439025
0 0.8975123456790124 0.41854959349593485 0.01953125 0.024390243902439025
0 0.946679012345679 0.4020533574224629 0.01953125 0.024390243902439025
0 0.9261851851851852 0.40035748268593774 0.01953125 0.024390243902439025
0 0.9322345679012346 0.3929573020174644 0.01953125 0.024390243902439025
0 0.9109999999999999 0.39095308641975296 0.01953125 0.024390243902439025
0 0.9184074074074073 0.38093200843119523 0.01953125 0.024390243902439025
0 0.8887777777777778 0.38432375790424556 0.01953125 0.024390243902439025
0 0.9897654320987654 0.39465317675398953 0.01953125 0.024390243902439025
0 0.9774197530864197 0.3699859078590784 0.01953125 0.024390243902439025
0 0.9891481481481481 0.37507353206865385 0.01953125 0.024390243902439025
0 0.9949506172839505 0.3675191809695873 0.01953125 0.024390243902439025
0 0.9884074074074074 0.352256308340861 0.01953125 0.024390243902439025
0 0.9755679012345678 0.34747702499247196 0.01953125 0.024390243902439025
0 0.969641975308642 0.3416185486299306 0.01953125 0.024390243902439025
0 0.9742098765432098 0.3399226738934054 0.01953125 0.024390243902439025
0 0.9534691358024691 0.3550313760915385 0.01953125 0.024390243902439025
0 0.9439629629629629 0.3595023185787412 0.01953125 0.024390243902439025
0 0.9370493827160494 0.3763068955133994 0.01953125 0.024390243902439025
0 0.9171728395061729 0.3581147847034024 0.01953125 0.024390243902439025
0 0.9082839506172838 0.360119000301114 0.01953125 0.024390243902439025
0 0.9014938271604938 0.3675191809695873 0.01953125 0.024390243902439025
0 0.9037160493827161 0.3800069858476361 0.01953125 0.024390243902439025
0 0.8827283950617284 0.3707567600120444 0.01953125 0.024390243902439025
0 0.8780370370370371 0.3764610659439926 0.01953125 0.024390243902439025
0 0.8834691358024691 0.3571897621198433 0.01953125 0.024390243902439025
0 0.8975432098765431 0.3558022282445045 0.01953125 0.024390243902439025
0 0.9342098765432099 0.34531863896416726 0.01953125 0.024390243902439025
0 0.9186543209876543 0.35102294489611546 0.01953125 0.024390243902439025
0 0.956679012345679 0.38971972297500734 0.01953125 0.024390243902439025
0 0.9455679012345679 0.33791845829569395 0.01953125 0.024390243902439025
0 0.9608765432098765 0.33776428786510077 0.01953125 0.024390243902439025
0 0.8652901234567901 0.3638961758506472 0.01953125 0.024390243902439025
0 0.8902283950617284 0.3246598012646791 0.01953125 0.024390243902439025
0 0.8762777777777778 0.32635567600120424 0.01953125 0.024390243902439025
0 0.8698580246913581 0.33699343571213475 0.01953125 0.024390243902439025
0 0.8644259259259259 0.34238940078289654 0.01953125 0.024390243902439025
0 0.8644259259259259 0.33036410719662734 0.01953125 0.024390243902439025
0 0.8796111111111111 0.31587208672086703 0.01953125 0.024390243902439025
0 0.905537037037037 0.339614333032219 0.01953125 0.024390243902439025
0 0.8960308641975309 0.31618042758205345 0.01953125 0.024390243902439025
0 0.8920802469135802 0.30739271303824134 0.01953125 0.024390243902439025
0 0.894425925925926 0.3001467028003612 0.01953125 0.024390243902439025
0 0.9086234567901235 0.3226555856669676 0.01953125 0.024390243902439025
0 0.9222037037037037 0.3252764829870519 0.01953125 0.024390243902439025
0 0.9312160493827161 0.31741379102679895 0.01953125 0.024390243902439025
0 0.9165246913580246 0.31263450767840995 0.01953125 0.024390243902439025
0 0.9175123456790124 0.33853514001806667 0.01953125 0.024390243902439025
0 0.8899814814814814 0.3397685034628122 0.01953125 0.024390243902439025
0 0.897141975308642 0.33051827762722047 0.01953125 0.024390243902439025
0 0.905783950617284 0.33190581150255927 0.01953125 0.024390243902439025
0 0.8994876543209877 0.3454728093947604 0.01953125 0.024390243902439025
0 0.8766481481481483 0.34716868413128554 0.01953125 0.024390243902439025
0 0.867141975308642 0.32188473351400165 0.01953125 0.024390243902439025
0 0.8689938271604939 0.30693020174646174 0.01953125 0.024390243902439025
0 0.8828209876543209 0.3001467028003612 0.01953125 0.024390243902439025
0 0.8913395061728395 0.29228401084010824 0.01953125 0.024390243902439025
0 0.8722037037037037 0.29089647696476945 0.01953125 0.024390243902439025
0 0.8743024691358025 0.28550051189400766 0.01953125 0.024390243902439025
0 0.9207222222222223 0.2982966576332428 0.01953125 0.024390243902439025
0 0.9320802469135803 0.30276760012044546 0.01953125 0.024390243902439025
0 0.9276358024691358 0.30862607648298684 0.01953125 0.024390243902439025
0 0.9446728395061729 0.3109386329418848 0.01953125 0.024390243902439025
0 0.947141975308642 0.31772213188798537 0.01953125 0.024390243902439025
0 0.9429444444444445 0.3009175549533271 0.01953125 0.024390243902439025
0 0.932574074074074 0.29567576031315856 0.01953125 0.024390243902439025
0 0.943067901234568 0.2924381812707014 0.01953125 0.024390243902439025
0 0.9217098765432098 0.28195459199036416 0.01953125 0.024390243902439025
0 0.9091172839506174 0.27948786510087303 0.01953125 0.024390243902439025
0 0.9085 0.2720876844323997 0.01953125 0.024390243902439025
0 0.9009691358024691 0.2787170129479071 0.01953125 0.024390243902439025
0 0.8923271604938272 0.2776378199337547 0.01953125 0.024390243902439025
0 0.8810925925925925 0.2702376392652814 0.01953125 0.024390243902439025
0 0.8801049382716049 0.2790253538090935 0.01953125 0.024390243902439025
0 0.8839320987654321 0.2901256248118035 0.01953125 0.024390243902439025
0 0.8770185185185185 0.2941340560072266 0.01953125 0.024390243902439025
0 0.871462962962963 0.30030087323095433 0.01953125 0.024390243902439025
0 0.8704753086419753 0.2773294790725684 0.01953125 0.024390243902439025
0 0.9373888888888889 0.2748627521830772 0.01953125 0.024390243902439025
0 0.9305987654320989 0.2748627521830772 0.01953125 0.024390243902439025
0 0.9234382716049382 0.27702113821138197 0.01953125 0.024390243902439025
0 0.9192407407407407 0.2736293887383317 0.01953125 0.024390243902439025
0 0.9480061728395062 0.2787170129479071 0.01953125 0.024390243902439025
0 0.9499814814814814 0.2933632038542606 0.01953125 0.024390243902439025
0 0.9096111111111111 0.3050801565793434 0.01953125 0.024390243902439025
0 0.9043024691358025 0.311092803372478 0.01953125 0.024390243902439025
0 0.9034382716049383 0.29906750978620883 0.01953125 0.024390243902439025
0 0.9013395061728395 0.29567576031315856 0.01953125 0.024390243902439025
0 0.8805987654320988 0.3294390846130682 0.01953125 0.024390243902439025
0 0.9477592592592592 0.3274348690153566 0.01953125 0.024390243902439025
0 0.9040555555555556 0.28827557964468514 0.01953125 0.024390243902439025
0 0.8859074074074074 0.2842671484492621 0.01953125 0.024390243902439025
0 0.9354135802469136 0.28858392050587156 0.01953125 0.024390243902439025
0 0.9553209876543209 0.3191096657633241 0.01953125 0.024390243902439025
0 0.956432098765432 0.3255848238482382 0.01953125 0.024390243902439025
0 0.9687777777777778 0.33067244805781365 0.01953125 0.024390243902439025
0 0.9658148148148148 0.31849298404095133 0.01953125 0.024390243902439025
0 0.9758148148148148 0.3288224028906953 0.01953125 0.024390243902439025
0 0.9814938271604937 0.3255848238482382 0.01953125 0.024390243902439025
0 0.9902592592592593 0.3292849141824749 0.01953125 0.024390243902439025
0 0.9916172839506172 0.34146437819933734 0.01953125 0.024390243902439025
0 0.9735925925925926 0.3114011442336644 0.01953125 0.024390243902439025
0 0.9813703703703704 0.30862607648298684 0.01953125 0.024390243902439025
0 0.9854444444444443 0.31556374585968056 0.01953125 0.024390243902439025
0 0.9692716049382716 0.30030087323095433 0.01953125 0.024390243902439025
0 0.9492716049382716 0.3087802469135801 0.01953125 0.024390243902439025
0 0.960506172839506 0.3052343270099365 0.01953125 0.024390243902439025
0 0.9813703703703704 0.3015342366756999 0.01953125 0.024390243902439025
0 0.9886543209876543 0.3052343270099365 0.01953125 0.024390243902439025
0 0.9722345679012344 0.2879672387834988 0.01953125 0.024390243902439025
0 0.9670493827160493 0.29197566997892177 0.01953125 0.024390243902439025
0 0.9792716049382716 0.29305486299307415 0.01953125 0.024390243902439025
0 0.9923580246913579 0.29475073772959937 0.01953125 0.024390243902439025
0 0.9832222222222221 0.2892006022282443 0.01953125 0.024390243902439025
0 0.985074074074074 0.2799503763926526 0.01953125 0.024390243902439025
0 0.9729753086419753 0.2771753086419751 0.01953125 0.024390243902439025
0 0.9576666666666667 0.2952132490213789 0.01953125 0.024390243902439025
0 0.9595185185185185 0.28735055706112594 0.01953125 0.024390243902439025
0 0.988037037037037 0.26992929840409496 0.01953125 0.024390243902439025
0 0.990506172839506 0.28596302318578726 0.01953125 0.024390243902439025
0 0.9935925925925926 0.2770211382113819 0.01953125 0.024390243902439025
0 0.9617407407407407 0.27794616079494106 0.01953125 0.024390243902439025
0 0.9105061728395062 0.29552158988256527 0.01953125 0.024390243902439025
0 0.8907222222222223 0.27054598012646774 0.01953125 0.024390243902439025
0 0.9007222222222221 0.2671542306534175 0.01953125 0.024390243902439025
0 0.908253086419753 0.26376248118036716 0.01953125 0.024390243902439025
0 0.9064012345679012 0.2574414935260462 0.01953125 0.024390243902439025
0 0.9017098765432098 0.25404974405299585 0.01953125 0.024390243902439025
0 0.9018333333333333 0.24387449563384506 0.01953125 0.024390243902439025
0 0.8905987654320988 0.23739933754893083 0.01953125 0.024390243902439025
0 0.8860308641975309 0.25605395965070743 0.01953125 0.024390243902439025
0 0.8797345679012346 0.2605249021379101 0.01953125 0.024390243902439025
0 0.8750432098765432 0.2538955736224027 0.01953125 0.024390243902439025
0 0.8692407407407406 0.25065799457994564 0.01953125 0.024390243902439025
0 0.8681296296296297 0.25805817524841895 0.01953125 0.024390243902439025
0 0.8724506172839506 0.26746257151460384 0.01953125 0.024390243902439025
0 0.9122037037037037 0.25512893706714823 0.01953125 0.024390243902439025
0 0.9188703703703704 0.25821234567901213 0.01953125 0.024390243902439025
0 0.9275123456790123 0.2662292080698583 0.01953125 0.024390243902439025
0 0.9364012345679011 0.25852068654019855 0.01953125 0.024390243902439025
0 0.9293641975308642 0.2592915386931645 0.01953125 0.024390243902439025
0 0.9430679012345677 0.2645333333333331 0.01953125 0.024390243902439025
0 0.9440555555555556 0.27224185486299285 0.01953125 0.024390243902439025
0 0.9491481481481481 0.2605249021379101 0.01953125 0.024390243902439025
0 0.9584074074074074 0.26021656127672366 0.01953125 0.024390243902439025
0 0.9659382716049383 0.2583665161096053 0.01953125 0.024390243902439025
0 0.9782839506172839 0.262066606443842 0.01953125 0.024390243902439025
0 0.9856913580246913 0.262066606443842 0.01953125 0.024390243902439025
0 0.9718641975308642 0.2649958446251127 0.01953125 0.024390243902439025
0 0.9748271604938271 0.2702376392652814 0.01953125 0.024390243902439025
0 0.9581604938271604 0.26915844625112895 0.01953125 0.024390243902439025
0 0.9932222222222221 0.2707001505570609 0.01953125 0.024390243902439025
0 0.9969259259259259 0.2674625715146038 0.01953125 0.024390243902439025
0 0.9571728395061728 0.2773294790725683 0.01953125 0.024390243902439025
0 0.9964320987654322 0.3069302017464617 0.01953125 0.024390243902439025
0 0.9671728395061727 0.30723854260764805 0.01953125 0.024390243902439025
0 0.9121111111111111 0.4341208069858473 0.01953125 0.024390243902439025
0 0.941 0.43535417043059293 0.01953125 0.024390243902439025
0 0.925074074074074 0.36489828364950294 0.01953125 0.024390243902439025
0 0.9790246913580246 0.38339873532068625 0.01953125 0.024390243902439025
0 0.9584074074074074 0.3678275218307736 0.01953125 0.024390243902439025
0 0.9490246913580246 0.38956555254441405 0.01953125 0.024390243902439025
0 0.9628518518518518 0.37306931647094227 0.01953125 0.024390243902439025
0 0.9740864197530863 0.4005116531165309 0.01953125 0.024390243902439025
0 0.41362345679012347 0.4131536284251729 0.01953125 0.024390243902439025
0 0.4235 0.41438699186991845 0.01953125 0.024390243902439025
0 0.4306604938271605 0.4091451972297499 0.01953125 0.024390243902439025
0 0.413253086419753 0.3957323697681419 0.01953125 0.024390243902439025
0 0.43300617283950615 0.38925721168322774 0.01953125 0.024390243902439025
0 0.4542407407407407 0.3904905751279733 0.01953125 0.024390243902439025
0 0.45387037037037037 0.4052909364649199 0.01953125 0.024390243902439025
0 0.4099197530864197 0.37414850948509465 0.01953125 0.024390243902439025
0 0.4217716049382716 0.3780027702499245 0.01953125 0.024390243902439025
0 0.43016666666666664 0.37414850948509465 0.01953125 0.024390243902439025
0 0.4199197530864197 0.3595023185787411 0.01953125 0.024390243902439025
0 0.4512777777777777 0.3722984643179763 0.01953125 0.024390243902439025
0 0.4512777777777777 0.3627398976211982 0.01953125 0.024390243902439025
0 0.4422654320987654 0.3595023185787411 0.01953125 0.024390243902439025
0 0.43300617283950615 0.36381909063535056 0.01953125 0.024390243902439025
0 0.4314012345679012 0.35703559168925 0.01953125 0.024390243902439025
0 0.40843827160493823 0.3582689551339956 0.01953125 0.024390243902439025
0 0.4522654320987654 0.3505604336043358 0.01953125 0.024390243902439025
0 0.47140123456790123 0.3645899427883165 0.01953125 0.024390243902439025
0 0.47745061728395055 0.35919397771755474 0.01953125 0.024390243902439025
0 0.4806604938271604 0.375998554652213 0.01953125 0.024390243902439025
0 0.46893209876543207 0.385557121348991 0.01953125 0.024390243902439025
0 0.47572222222222216 0.3864821439325502 0.01953125 0.024390243902439025
0 0.4817716049382716 0.39203227943390523 0.01953125 0.024390243902439025
0 0.4906604938271604 0.3837070761818727 0.01953125 0.024390243902439025
0 0.49127777777777776 0.4062159590484791 0.01953125 0.024390243902439025
0 0.5202901234567902 0.3932656428786508 0.01953125 0.024390243902439025
0 0.5116481481481481 0.3960407106293283 0.01953125 0.024390243902439025
0 0.5085617283950618 0.4043659138813608 0.01953125 0.024390243902439025
0 0.49831481481481477 0.3951156880457692 0.01953125 0.024390243902439025
0 0.5021419753086419 0.3864821439325502 0.01953125 0.024390243902439025
0 0.49979629629629624 0.37060258958145115 0.01953125 0.024390243902439025
0 0.4844876543209876 0.3676733514001805 0.01953125 0.024390243902439025
0 0.49745061728395057 0.35071460403492905 0.01953125 0.024390243902439025
0 0.5101666666666667 0.36705666967780765 0.01953125 0.024390243902439025
0 0.34424074074074074 0.41438699186991845 0.01953125 0.024390243902439025
0 0.3531296296296296 0.42024546823245984 0.01953125 0.024390243902439025
0 0.3381913580246913 0.43119156880457665 0.01953125 0.024390243902439025
0 0.3302901234567901 0.4049825956037335 0.01953125 0.024390243902439025
0 0.30238888888888893 0.40544510689551316 0.01953125 0.024390243902439025
0 0.2935 0.4079118337850043 0.01953125 0.024390243902439025
0 0.2876975308641975 0.39742824450466696 0.01953125 0.024390243902439025
0 0.2972037037037037 0.3923406202950916 0.01953125 0.024390243902439025
0 0.3063395061728395 0.3900280638361937 0.01953125 0.024390243902439025
0 0.3086851851851852 0.4026700391448356 0.01953125 0.024390243902439025
0 0.3035 0.37538187292984015 0.01953125 0.024390243902439025
0 0.2858456790123457 0.37630689551339935 0.01953125 0.024390243902439025
0 0.31103086419753084 0.36952339656729877 0.01953125 0.024390243902439025
0 0.3073271604938272 0.361044022884673 0.01953125 0.024390243902439025
0 0.2911543209876543 0.3508687744655222 0.01953125 0.024390243902439025
0 0.3275740740740741 0.3500979223125562 0.01953125 0.024390243902439025
0 0.3242407407407407 0.36643998795543486 0.01953125 0.024390243902439025
0 0.32090740740740736 0.35919397771755474 0.01953125 0.024390243902439025
0 0.31732716049382714 0.34948124059018343 0.01953125 0.024390243902439025
0 0.3083148148148148 0.3500979223125562 0.01953125 0.024390243902439025
0 0.3446111111111111 0.3567272508280636 0.01953125 0.024390243902439025
0 0.3394259259259259 0.3480937067148447 0.01953125 0.024390243902439025
0 0.35053703703703704 0.3477853658536584 0.01953125 0.024390243902439025
0 0.35917901234567895 0.34747702499247196 0.01953125 0.024390243902439025
0 0.37127777777777776 0.3473228545618787 0.01953125 0.024390243902439025
0 0.3616481481481481 0.37029424872026473 0.01953125 0.024390243902439025
0 0.35041358024691355 0.374456850346281 0.01953125 0.024390243902439025
0 0.3367098765432099 0.37676940680517895 0.01953125 0.024390243902439025
0 0.3235 0.3832445648900931 0.01953125 0.024390243902439025
0 0.3431296296296296 0.39526985847636226 0.01953125 0.024390243902439025
0 0.34498148148148144 0.385557121348991 0.01953125 0.024390243902439025
0 0.3615246913580247 0.39789075579644656 0.01953125 0.024390243902439025
0 0.3527592592592593 0.3923406202950916 0.01953125 0.024390243902439025
0 0.3660925925925926 0.37769442938873804 0.01953125 0.024390243902439025
0 0.3689320987654321 0.3854029509183978 0.01953125 0.024390243902439025
0 0.3799197530864197 0.39295730201746437 0.01953125 0.024390243902439025
0 0.2167098765432099 0.3537980126467929 0.01953125 0.024390243902439025
0 0.2320185185185185 0.3685983739837395 0.01953125 0.024390243902439025
0 0.23448765432098764 0.37892779283348366 0.01953125 0.024390243902439025
0 0.2535 0.3667483288166213 0.01953125 0.024390243902439025
0 0.24757407407407406 0.3713734417344171 0.01953125 0.024390243902439025
0 0.24683333333333332 0.385557121348991 0.01953125 0.024390243902439025
0 0.25214197530864196 0.3946531767539895 0.01953125 0.024390243902439025
0 0.2306604938271605 0.39542402890695544 0.01953125 0.024390243902439025
0 0.2411543209876543 0.39742824450466696 0.01953125 0.024390243902439025
0 0.24720370370370368 0.4062159590484791 0.01953125 0.024390243902439025
0 0.2642407407407407 0.40652429990966543 0.01953125 0.024390243902439025
0 0.26374691358024693 0.39943246010237854 0.01953125 0.024390243902439025
0 0.2773271604938271 0.3971199036434806 0.01953125 0.024390243902439025
0 0.2712777777777778 0.3844779283348386 0.01953125 0.024390243902439025
0 0.2711543209876543 0.3716817825956035 0.01953125 0.024390243902439025
0 0.2620185185185185 0.38247371273712705 0.01953125 0.024390243902439025
0 0.26535185185185184 0.3596564890093343 0.01953125 0.024390243902439025
0 0.27806790123456787 0.36027317073170706 0.01953125 0.024390243902439025
0 0.18251234567901234 0.3900280638361936 0.01953125 0.024390243902439025
0 0.19140123456790123 0.39079891598915956 0.01953125 0.024390243902439025
0 0.17535185185185187 0.3739943390545014 0.01953125 0.024390243902439025
0 0.17572222222222225 0.38740716651610935 0.01953125 0.024390243902439025
0 0.2465864197530864 0.3556480578139112 0.01953125 0.024390243902439025
0 0.11535185185185183 0.4039804878048778 0.01953125 0.024390243902439025
0 0.1588086419753086 0.4064472146943689 0.01953125 0.024390243902439025
0 0.25337654320987657 0.3340641975308639 0.01953125 0.024390243902439025
0 0.2783148148148149 0.33452670882264346 0.01953125 0.024390243902439025
0 0.28930246913580254 0.31833881361035804 0.01953125 0.024390243902439025
0 0.2791790123456791 0.3154095754290873 0.01953125 0.024390243902439025
0 0.29893209876543214 0.3134053598313758 0.01953125 0.024390243902439025
0 0.26782098765432105 0.30754688346883435 0.01953125 0.024390243902439025
0 0.25732716049382726 0.30245925925925893 0.01953125 0.024390243902439025
0 0.2579444444444445 0.29351737428485364 0.01953125 0.024390243902439025
0 0.25337654320987657 0.28812140921409185 0.01953125 0.024390243902439025
0 0.24917901234567905 0.29953002107798826 0.01953125 0.024390243902439025
0 0.2512777777777778 0.2744002408912975 0.01953125 0.024390243902439025
0 0.2588086419753087 0.2825712737127368 0.01953125 0.024390243902439025
0 0.27275925925925937 0.2884297500752782 0.01953125 0.024390243902439025
0 0.27757407407407414 0.278717012947907 0.01953125 0.024390243902439025
0 0.27066049382716056 0.27563360433604306 0.01953125 0.024390243902439025
0 0.266462962962963 0.28087539897621167 0.01953125 0.024390243902439025
0 0.2722654320987655 0.29644661246612436 0.01953125 0.024390243902439025
0 0.2674506172839507 0.2932090334236673 0.01953125 0.024390243902439025
0 0.27954938271604945 0.30107172538392024 0.01953125 0.024390243902439025
0 0.28584567901234575 0.30677603131586845 0.01953125 0.024390243902439025
0 0.2922654320987655 0.30245925925925893 0.01953125 0.024390243902439025
0 0.2731296296296297 0.30739271303824117 0.01953125 0.024390243902439025
0 0.3076975308641976 0.3144845528455281 0.01953125 0.024390243902439025
0 0.31436419753086425 0.3189554953327308 0.01953125 0.024390243902439025
0 0.31609259259259265 0.33899765130984616 0.01953125 0.024390243902439025
0 0.3255987654320988 0.324659801264679 0.01953125 0.024390243902439025
0 0.32806790123456797 0.33915182174043934 0.01953125 0.024390243902439025
0 0.3426358024691359 0.33745594700391424 0.01953125 0.024390243902439025
0 0.3586851851851853 0.3334475158084911 0.01953125 0.024390243902439025
0 0.35189506172839513 0.33098078891899996 0.01953125 0.024390243902439025
0 0.3452283950617285 0.32173056308340836 0.01953125 0.024390243902439025
0 0.3354753086419754 0.30693020174646163 0.01953125 0.024390243902439025
0 0.32263580246913587 0.31016778078891866 0.01953125 0.024390243902439025
0 0.32251234567901244 0.30245925925925893 0.01953125 0.024390243902439025
0 0.3210308641975309 0.29798831677205634 0.01953125 0.024390243902439025
0 0.3068333333333334 0.30569683830171607 0.01953125 0.024390243902439025
0 0.30893209876543215 0.29999253236976786 0.01953125 0.024390243902439025
0 0.300783950617284 0.2972174646190903 0.01953125 0.024390243902439025
0 0.3033765432098766 0.2941340560072264 0.01953125 0.024390243902439025
0 0.295351851851852 0.294596567299006 0.01953125 0.024390243902439025
0 0.28930246913580254 0.2899714543812102 0.01953125 0.024390243902439025
0 0.29485802469135813 0.2844213188798552 0.01953125 0.024390243902439025
0 0.2797962962962964 0.28472965974104153 0.01953125 0.024390243902439025
0 0.2843641975308643 0.28025871725383894 0.01953125 0.024390243902439025
0 0.278067901234568 0.27208768443239956 0.01953125 0.024390243902439025
0 0.2959691358024692 0.2754794339054499 0.01953125 0.024390243902439025
0 0.3000432098765433 0.2717793435712132 0.01953125 0.024390243902439025
0 0.3076975308641976 0.27270436615477234 0.01953125 0.024390243902439025
0 0.3102901234567902 0.29382571514604006 0.01953125 0.024390243902439025
0 0.31708024691358033 0.28781306835290543 0.01953125 0.024390243902439025
0 0.31189506172839515 0.28025871725383894 0.01953125 0.024390243902439025
0 0.3132530864197532 0.27625028605841584 0.01953125 0.024390243902439025
0 0.31078395061728403 0.28503800060222795 0.01953125 0.024390243902439025
0 0.3138703703703704 0.2717793435712132 0.01953125 0.024390243902439025
0 0.3205370370370371 0.27671279735019544 0.01953125 0.024390243902439025
0 0.3295493827160495 0.27563360433604306 0.01953125 0.024390243902439025
0 0.33535185185185196 0.2770211382113818 0.01953125 0.024390243902439025
0 0.32695679012345685 0.28365046672688915 0.01953125 0.024390243902439025
0 0.31967283950617287 0.2841129780186688 0.01953125 0.024390243902439025
0 0.33522839506172847 0.28488383017163477 0.01953125 0.024390243902439025
0 0.32794444444444454 0.2892006022282442 0.01953125 0.024390243902439025
0 0.3222654320987655 0.2922840108401081 0.01953125 0.024390243902439025
0 0.3301666666666667 0.29752580548027674 0.01953125 0.024390243902439025
0 0.3330061728395063 0.29351737428485364 0.01953125 0.024390243902439025
0 0.34177160493827163 0.29906750978620866 0.01953125 0.024390243902439025
0 0.34016666666666673 0.2967549533273108 0.01953125 0.024390243902439025
0 0.34127777777777785 0.27532526347485664 0.01953125 0.024390243902439025
0 0.3410308641975309 0.284267148449262 0.01953125 0.024390243902439025
0 0.3452283950617285 0.2893547726588374 0.01953125 0.024390243902439025
0 0.3491790123456791 0.3019967479674794 0.01953125 0.024390243902439025
0 0.3443641975308643 0.30492598614875005 0.01953125 0.024390243902439025
0 0.34942592592592603 0.2936715447154469 0.01953125 0.024390243902439025
0 0.3514012345679013 0.28087539897621167 0.01953125 0.024390243902439025
0 0.3522654320987655 0.27517109304426346 0.01953125 0.024390243902439025
0 0.3616481481481483 0.2750169226136703 0.01953125 0.024390243902439025
0 0.35621604938271617 0.2864255344775667 0.01953125 0.024390243902439025
0 0.35893209876543214 0.29706329418849714 0.01953125 0.024390243902439025
0 0.359425925925926 0.3066218608852752 0.01953125 0.024390243902439025
0 0.1988086419753087 0.3079323095453174 0.01953125 0.024390243902439025
0 0.21609259259259264 0.3017654923215896 0.01953125 0.024390243902439025
0 0.1797962962962963 0.287890153568202 0.01953125 0.024390243902439025
0 0.19584567901234573 0.2835733815115926 0.01953125 0.024390243902439025
0 0.18621604938271608 0.2666146341463412 0.01953125 0.024390243902439025
0 0.16041358024691363 0.28920060222824423 0.01953125 0.024390243902439025
0 0.17547530864197536 0.27501692261367033 0.01953125 0.024390243902439025
0 0.1579444444444445 0.2666917193616378 0.01953125 0.024390243902439025
0 0.20633950617283955 0.2930548629930741 0.01953125 0.024390243902439025
0 0.21201851851851855 0.28704221619993947 0.01953125 0.024390243902439025
0 0.21510493827160498 0.27702113821138186 0.01953125 0.024390243902439025
0 0.23522839506172843 0.2939798855766333 0.01953125 0.024390243902439025
0 0.22905555555555562 0.3023050888286658 0.01953125 0.024390243902439025
0 0.2327592592592593 0.284267148449262 0.01953125 0.024390243902439025
0 0.22757407407407412 0.2796420355314662 0.01953125 0.024390243902439025
0 0.23300617283950623 0.2782545016561274 0.01953125 0.024390243902439025
0 0.2295493827160494 0.27193351400180643 0.01953125 0.024390243902439025
0 0.2144876543209877 0.2642249924721467 0.01953125 0.024390243902439025
0 0.20670987654320994 0.2699292984040949 0.01953125 0.024390243902439025
0 0.1668333333333334 0.2648416741945195 0.01953125 0.024390243902439025
0 0.17979629629629634 0.26515001505570585 0.01953125 0.024390243902439025
0 0.17473456790123462 0.26037073170731684 0.01953125 0.024390243902439025
0 0.1579444444444445 0.25404974405299585 0.01953125 0.024390243902439025
0 0.15090740740740746 0.24927046070460682 0.01953125 0.024390243902439025
0 0.15819135802469142 0.2463412225233361 0.01953125 0.024390243902439025
0 0.1642407407407408 0.24942463113520003 0.01953125 0.024390243902439025
0 0.18177160493827166 0.2548205962059618 0.01953125 0.024390243902439025
0 0.19473456790123458 0.256516470942487 0.01953125 0.024390243902439025
0 0.18856172839506177 0.2529705510388435 0.01953125 0.024390243902439025
0 0.186462962962963 0.24942463113520003 0.01953125 0.024390243902439025
0 0.21905555555555561 0.2412535983137607 0.01953125 0.024390243902439025
0 0.20399382716049388 0.23832436013249 0.01953125 0.024390243902439025
0 0.1981913580246914 0.23709099668774444 0.01953125 0.024390243902439025
0 0.1895493827160494 0.23940355314664236 0.01953125 0.024390243902439025
0 0.1714012345679013 0.2386327009936764 0.01953125 0.024390243902439025
0 0.166462962962963 0.2353951219512193 0.01953125 0.024390243902439025
0 0.15547530864197537 0.2406369165913879 0.01953125 0.024390243902439025
0 0.15806790123456796 0.2358576332429989 0.01953125 0.024390243902439025
0 0.17559876543209885 0.24649539295392933 0.01953125 0.024390243902439025
0 0.18177160493827166 0.24402866606443818 0.01953125 0.024390243902439025
0 0.18745061728395065 0.2472662451068953 0.01953125 0.024390243902439025
0 0.19670987654320993 0.24680373381511572 0.01953125 0.024390243902439025
0 0.20066049382716053 0.24618705209274294 0.01953125 0.024390243902439025
0 0.2105370370370371 0.24849960855164085 0.01953125 0.024390243902439025
0 0.21004320987654326 0.243874495633845 0.01953125 0.024390243902439025
0 0.21041358024691362 0.23940355314664236 0.01953125 0.024390243902439025
0 0.21387037037037043 0.2353951219512193 0.01953125 0.024390243902439025
0 0.21905555555555561 0.23308256549232134 0.01953125 0.024390243902439025
0 0.22979629629629633 0.23801601927130364 0.01953125 0.024390243902439025
0 0.22757407407407412 0.2412535983137607 0.01953125 0.024390243902439025
0 0.22547530864197535 0.24587871123155652 0.01953125 0.024390243902439025
0 0.20720370370370375 0.2591373682625713 0.01953125 0.024390243902439025
0 0.2567098765432099 0.26283745859680796 0.01953125 0.024390243902439025
0 0.26609259259259266 0.2649958446251127 0.01953125 0.024390243902439025
0 0.26683333333333337 0.25451225534477545 0.01953125 0.024390243902439025
0 0.2663395061728395 0.24325781391147222 0.01953125 0.024390243902439025
0 0.2618950617283951 0.24510785907859056 0.01953125 0.024390243902439025
0 0.25658641975308644 0.21095910870219792 0.01953125 0.024390243902439025
0 0.058438271604938315 0.2844213188798552 0.01953125 0.024390243902439025
0 0.03559876543209881 0.27717530864197504 0.01953125 0.024390243902439025
0 0.040537037037037094 0.2670000602228242 0.01953125 0.024390243902439025
0 0.07041358024691362 0.2941340560072264 0.01953125 0.024390243902439025
0 0.07831481481481486 0.285038000602228 0.01953125 0.024390243902439025
0 0.09189506172839511 0.28889226136705787 0.01953125 0.024390243902439025
0 0.10967283950617286 0.2839588075880756 0.01953125 0.024390243902439025
0 0.13004320987654325 0.2845754893104484 0.01953125 0.024390243902439025
0 0.1336234567901235 0.27609611562782266 0.01953125 0.024390243902439025
0 0.1347345679012346 0.26607503763926504 0.01953125 0.024390243902439025
0 0.14695679012345683 0.261295754290876 0.01953125 0.024390243902439025
0 0.142141975308642 0.25404974405299585 0.01953125 0.024390243902439025
0 0.13769753086419756 0.25774983438723253 0.01953125 0.024390243902439025
0 0.12757407407407412 0.2579040048178257 0.01953125 0.024390243902439025
0 0.12979629629629633 0.2525080397470639 0.01953125 0.024390243902439025
0 0.13794444444444448 0.2497329719963864 0.01953125 0.024390243902439025
0 0.11880864197530867 0.2514288467329115 0.01953125 0.024390243902439025
0 0.11411728395061732 0.2634541403191807 0.01953125 0.024390243902439025
0 0.10140123456790126 0.2722418548629928 0.01953125 0.024390243902439025
0 0.0993024691358025 0.26191243601324876 0.01953125 0.024390243902439025
0 0.09670987654320992 0.25204552845528433 0.01953125 0.024390243902439025
0 0.08436419753086424 0.2595998795543509 0.01953125 0.024390243902439025
0 0.07880864197530868 0.26915844625112895 0.01953125 0.024390243902439025
0 0.08325308641975313 0.2756336043360431 0.01953125 0.024390243902439025
0 0.07029012345679017 0.27486275218307715 0.01953125 0.024390243902439025
0 0.053870370370370416 0.2665375489310446 0.01953125 0.024390243902439025
0 0.06263580246913585 0.2639166516109603 0.01953125 0.024390243902439025
0 0.06312962962962967 0.25805817524841895 0.01953125 0.024390243902439025
0 0.050290123456790174 0.2579040048178257 0.01953125 0.024390243902439025
0 0.04350000000000005 0.25204552845528433 0.01953125 0.024390243902439025
0 0.0370802469135803 0.256516470942487 0.01953125 0.024390243902439025
0 0.0325123456790124 0.2586748569707917 0.01953125 0.024390243902439025
0 0.039919753086419804 0.24402866606443818 0.01953125 0.024390243902439025
0 0.0544876543209877 0.2497329719963864 0.01953125 0.024390243902439025
0 0.06288271604938277 0.25466642577536863 0.01953125 0.024390243902439025
0 0.06584567901234573 0.2484996085516408 0.01953125 0.024390243902439025
0 0.027358024691358035 0.28072122854561854 0.01953125 0.024390243902439025
0 0.006617283950617301 0.27917952423968656 0.01953125 0.024390243902439025
0 0.006864197530864213 0.26391665161096023 0.01953125 0.024390243902439025
0 0.022172839506172853 0.2548205962059618 0.01953125 0.024390243902439025
0 0.027728395061728407 0.24772875639867484 0.01953125 0.024390243902439025
0 0.03217283950617284 0.24819126769045438 0.01953125 0.024390243902439025
0 0.02624691358024692 0.24048274616079462 0.01953125 0.024390243902439025
0 0.025629629629629638 0.23369924721469412 0.01953125 0.024390243902439025
0 0.015135802469135816 0.23184920204757575 0.01953125 0.024390243902439025
0 0.007234567901234583 0.23369924721469412 0.01953125 0.024390243902439025
0 0.011308641975308651 0.22984498644986423 0.01953125 0.024390243902439025
0 0.0027901234567901364 0.2290741342968982 0.01953125 0.024390243902439025
0 0.0020493827160493936 0.23955772357723548 0.01953125 0.024390243902439025
0 0.00637037037037038 0.2505038241493523 0.01953125 0.024390243902439025
0 0.01637037037037038 0.22398651008732282 0.01953125 0.024390243902439025
0 0.012296296296296305 0.21828220415537458 0.01953125 0.024390243902439025
0 0.020197530864197535 0.21704884071062908 0.01953125 0.024390243902439025
0 0.02587654320987655 0.21843637458596782 0.01953125 0.024390243902439025
0 0.027481481481481485 0.22861162300511867 0.01953125 0.024390243902439025
0 0.03748148148148149 0.2290741342968982 0.01953125 0.024390243902439025
0 0.03575308641975309 0.23724516711833757 0.01953125 0.024390243902439025
0 0.04649382716049383 0.236782655826558 0.01953125 0.024390243902439025
0 0.05686419753086419 0.2309241794640166 0.01953125 0.024390243902439025
0 0.05130864197530865 0.2264532369768139 0.01953125 0.024390243902439025
0 0.06575308641975308 0.23030749774164383 0.01953125 0.024390243902439025
0 0.055382716049382726 0.23909521228545588 0.01953125 0.024390243902439025
0 0.04982716049382716 0.25034965371875906 0.01953125 0.024390243902439025
0 0.06279012345679011 0.23863270099367634 0.01953125 0.024390243902439025
0 0.0653827160493827 0.24310364348087893 0.01953125 0.024390243902439025
0 0.07143209876543209 0.241561939174947 0.01953125 0.024390243902439025
0 0.07859259259259259 0.23909521228545588 0.01953125 0.024390243902439025
0 0.07661728395061727 0.23570346281240565 0.01953125 0.024390243902439025
0 0.07377777777777778 0.23354507678410089 0.01953125 0.024390243902439025
0 0.07192592592592593 0.22383233965672963 0.01953125 0.024390243902439025
0 0.08093827160493827 0.22676157783800033 0.01953125 0.024390243902439025
0 0.08476543209876541 0.22599072568503434 0.01953125 0.024390243902439025
0 0.08958024691358026 0.22306148750376367 0.01953125 0.024390243902439025
0 0.10316049382716047 0.23416175850647367 0.01953125 0.024390243902439025
0 0.09637037037037036 0.23693682625715115 0.01953125 0.024390243902439025
0 0.09303703703703703 0.2309241794640166 0.01953125 0.024390243902439025
0 0.08748148148148148 0.2340075880758805 0.01953125 0.024390243902439025
0 0.08711111111111113 0.24372032520325174 0.01953125 0.024390243902439025
0 0.09575308641975308 0.2444911773562177 0.01953125 0.024390243902439025
0 0.10007407407407405 0.24264113218909938 0.01953125 0.024390243902439025
0 0.10760493827160493 0.24803709725986123 0.01953125 0.024390243902439025
0 0.10377777777777775 0.2505038241493523 0.01953125 0.024390243902439025
0 0.1110617283950617 0.2417161096055402 0.01953125 0.024390243902439025
0 0.10834567901234568 0.23554929238181244 0.01953125 0.024390243902439025
0 0.11772839506172836 0.23184920204757575 0.01953125 0.024390243902439025
0 0.10488888888888888 0.22845745257452546 0.01953125 0.024390243902439025
0 0.10846913580246913 0.22614489611562757 0.01953125 0.024390243902439025
0 0.09797530864197529 0.22676157783800033 0.01953125 0.024390243902439025
0 0.11464197530864195 0.22383233965672963 0.01953125 0.024390243902439025
0 0.11624691358024691 0.2195155676001202 0.01953125 0.024390243902439025
0 0.10204938271604938 0.21781969286359504 0.01953125 0.024390243902439025
0 0.09513580246913579 0.2219822944896113 0.01953125 0.024390243902439025
0 0.07809876543209876 0.2176655224330018 0.01953125 0.024390243902439025
0 0.08562962962962964 0.218590545016561 0.01953125 0.024390243902439025
0 0.06464197530864198 0.21489045468232432 0.01953125 0.024390243902439025
0 0.05822222222222222 0.2190530563083406 0.01953125 0.024390243902439025
0 0.04674074074074075 0.21612381812706988 0.01953125 0.024390243902439025
0 0.043283950617283955 0.2219822944896113 0.01953125 0.024390243902439025
0 0.04871604938271606 0.20564022884673264 0.01953125 0.024390243902439025
0 0.11649382716049379 0.23847853056308313 0.01953125 0.024390243902439025
0 0.11846913580246912 0.21350292080698555 0.01953125 0.024390243902439025
0 0.13183333333333333 0.24248696175850618 0.01953125 0.024390243902439025
0 0.12442592592592594 0.2389410418548627 0.01953125 0.024390243902439025
0 0.12726543209876542 0.23570346281240565 0.01953125 0.024390243902439025
0 0.1293641975308642 0.23030749774164383 0.01953125 0.024390243902439025
0 0.144179012345679 0.2441828364950313 0.01953125 0.024390243902439025
0 0.14096913580246911 0.23832436013248992 0.01953125 0.024390243902439025
0 0.13948765432098767 0.23200337247816893 0.01953125 0.024390243902439025
0 0.14899382716049384 0.23878687142426952 0.01953125 0.024390243902439025
0 0.14800617283950618 0.2329283950617281 0.01953125 0.024390243902439025
0 0.14442592592592593 0.22583655525444116 0.01953125 0.024390243902439025
0 0.15726543209876542 0.23030749774164383 0.01953125 0.024390243902439025
0 0.15368518518518517 0.22629906654622073 0.01953125 0.024390243902439025
0 0.17232716049382718 0.2329283950617281 0.01953125 0.024390243902439025
0 0.17232716049382718 0.22629906654622073 0.01953125 0.024390243902439025
0 0.1817098765432099 0.236011803673592 0.01953125 0.024390243902439025
0 0.17837654320987656 0.23477844022884645 0.01953125 0.024390243902439025
0 0.1970185185185185 0.2310783498946098 0.01953125 0.024390243902439025
0 0.18467283950617283 0.23061583860283014 0.01953125 0.024390243902439025
0 0.18973456790123455 0.22629906654622073 0.01953125 0.024390243902439025
0 0.18405555555555553 0.2236781692261364 0.01953125 0.024390243902439025
0 0.1356604938271605 0.22753242999096626 0.01953125 0.024390243902439025
0 0.1285 0.22259897621198407 0.01953125 0.024390243902439025
0 0.12751234567901235 0.21720301114122223 0.01953125 0.024390243902439025
0 0.13467283950617287 0.22136561276723848 0.01953125 0.024390243902439025
0 0.2862777777777778 0.27625028605841584 0.01953125 0.024390243902439025
0 0.27603086419753087 0.2632999698885875 0.01953125 0.024390243902439025
0 0.287141975308642 0.25990822041553724 0.01953125 0.024390243902439025
0 0.2765246913580247 0.25543727792833454 0.01953125 0.024390243902439025
0 0.2839320987654321 0.25235386931647064 0.01953125 0.024390243902439025
0 0.2778827160493827 0.25034965371875917 0.01953125 0.024390243902439025
0 0.2818333333333333 0.24449117735621778 0.01953125 0.024390243902439025
0 0.2708456790123457 0.24572454080096331 0.01953125 0.024390243902439025
0 0.2770185185185185 0.23554929238181244 0.01953125 0.024390243902439025
0 0.27689506172839506 0.23955772357723548 0.01953125 0.024390243902439025
0 0.2924506172839506 0.2420244504667266 0.01953125 0.024390243902439025
0 0.291462962962963 0.24587871123155647 0.01953125 0.024390243902439025
0 0.2925740740740741 0.25404974405299585 0.01953125 0.024390243902439025
0 0.26491975308641974 0.22475736224028883 0.01953125 0.024390243902439025
0 0.26985802469135806 0.22814911171333907 0.01953125 0.024390243902439025
0 0.27924074074074073 0.23077000903342337 0.01953125 0.024390243902439025
0 0.28072222222222226 0.22845745257452546 0.01953125 0.024390243902439025
0 0.2885 0.23570346281240567 0.01953125 0.024390243902439025
0 0.2844259259259259 0.2401744052996083 0.01953125 0.024390243902439025
0 0.28664814814814815 0.23077000903342337 0.01953125 0.024390243902439025
0 0.2968950617283951 0.23030749774164383 0.01953125 0.024390243902439025
0 0.2319567901234568 0.23323673592291452 0.01953125 0.024390243902439025
0 0.2233148148148148 0.23369924721469412 0.01953125 0.024390243902439025
0 0.21269753086419754 0.22660740740740712 0.01953125 0.024390243902439025
0 0.20714197530864198 0.22429485094850923 0.01953125 0.024390243902439025
0 0.2191172839506173 0.22676157783800033 0.01953125 0.024390243902439025
0 0.20170987654320988 0.22722408912977993 0.01953125 0.024390243902439025
0 0.2293641975308642 0.22491153267088201 0.01953125 0.024390243902439025
0 0.23677160493827162 0.22722408912977993 0.01953125 0.024390243902439025
0 0.27035185185185184 0.25898319783197804 0.01953125 0.024390243902439025
0 0.3888086419753087 0.38447792833483885 0.01953125 0.024390243902439025
0 0.38350000000000006 0.3701400782896717 0.01953125 0.024390243902439025
0 0.39843827160493833 0.37553604336043356 0.01953125 0.024390243902439025
0 0.3909074074074074 0.3670566696778078 0.01953125 0.024390243902439025
0 0.39991975308641975 0.3598106594399277 0.01953125 0.024390243902439025
0 0.3939938271604938 0.3539521830773863 0.01953125 0.024390243902439025
0 0.38374691358024693 0.3502520927431496 0.01953125 0.024390243902439025
0 0.37880864197530867 0.3410018669075579 0.01953125 0.024390243902439025
0 0.3749814814814815 0.33144330021077983 0.01953125 0.024390243902439025
0 0.35387037037037045 0.3644357723577235 0.01953125 0.024390243902439025
0 0.40732716049382717 0.3932656428786509 0.01953125 0.024390243902439025
0 0.41387037037037044 0.34408527551942175 0.01953125 0.024390243902439025
0 0.4068333333333333 0.33868931044865996 0.01953125 0.024390243902439025
0 0.3159691358024692 0.39496151761517606 0.01953125 0.024390243902439025
0 0.31251234567901237 0.3718359530261968 0.01953125 0.024390243902439025
0 0.3979444444444445 0.3437769346582354 0.01953125 0.024390243902439025
0 0.3889320987654321 0.337918458295694 0.01953125 0.024390243902439025
0 0.3979444444444445 0.3328308340861186 0.01953125 0.024390243902439025
0 0.42633950617283956 0.3351433905450165 0.01953125 0.024390243902439025
0 0.4341172839506173 0.3399226738934056 0.01953125 0.024390243902439025
0 0.3202901234567902 0.37969864498644973 0.01953125 0.024390243902439025
0 0.3660925925925926 0.36104402288467324 0.01953125 0.024390243902439025
0 0.3815246913580247 0.32519939777175544 0.01953125 0.024390243902439025
0 0.3879444444444445 0.32519939777175544 0.01953125 0.024390243902439025
0 0.38177160493827167 0.31502414935260453 0.01953125 0.024390243902439025
0 0.37411728395061733 0.3113240590183679 0.01953125 0.024390243902439025
0 0.37090740740740746 0.3045405600722673 0.01953125 0.024390243902439025
0 0.37115432098765433 0.30022378801565786 0.01953125 0.024390243902439025
0 0.3728827160493827 0.2888151761517615 0.01953125 0.024390243902439025
0 0.3825123456790124 0.29652369768142117 0.01953125 0.024390243902439025
0 0.38275925925925924 0.3005321288768442 0.01953125 0.024390243902439025
0 0.3854753086419754 0.29189858476362535 0.01953125 0.024390243902439025
0 0.38596913580246917 0.30639060523938566 0.01953125 0.024390243902439025
0 0.3931296296296296 0.3137907859078591 0.01953125 0.024390243902439025
0 0.397820987654321 0.3103990364348087 0.01953125 0.024390243902439025
0 0.40177160493827163 0.306698946100572 0.01953125 0.024390243902439025
0 0.40275925925925926 0.30084046973803064 0.01953125 0.024390243902439025
0 0.3941172839506173 0.29929876543209866 0.01953125 0.024390243902439025
0 0.39757407407407414 0.2946736525143029 0.01953125 0.024390243902439025
0 0.4101666666666667 0.31317410418548625 0.01953125 0.024390243902439025
0 0.4104135802469136 0.324891056910569 0.01953125 0.024390243902439025
0 0.41609259259259257 0.3202659439927732 0.01953125 0.024390243902439025
0 0.42547530864197536 0.3211909665763324 0.01953125 0.024390243902439025
0 0.4232530864197531 0.31224908160192705 0.01953125 0.024390243902439025
0 0.4370802469135803 0.3177992171032821 0.01953125 0.024390243902439025
0 0.440783950617284 0.3304411924119241 0.01953125 0.024390243902439025
0 0.4543641975308642 0.32828280638361934 0.01953125 0.024390243902439025
0 0.46547530864197534 0.34369984944293874 0.01953125 0.024390243902439025
0 0.45263580246913576 0.3399997591087021 0.01953125 0.024390243902439025
0 0.4701666666666667 0.3350663053297199 0.01953125 0.024390243902439025
0 0.4815246913580248 0.34647491719361634 0.01953125 0.024390243902439025
0 0.4839938271604939 0.33969141824751575 0.01953125 0.024390243902439025
0 0.47708024691358025 0.3285911472448057 0.01953125 0.024390243902439025
0 0.4906604938271606 0.3316745558566696 0.01953125 0.024390243902439025
0 0.5012777777777778 0.33475796446853345 0.01953125 0.024390243902439025
0 0.49880864197530866 0.34462487202649794 0.01953125 0.024390243902439025
0 0.5012777777777778 0.32519939777175544 0.01953125 0.024390243902439025
0 0.4867098765432099 0.3236576934658235 0.01953125 0.024390243902439025
0 0.4689320987654322 0.32057428485395967 0.01953125 0.024390243902439025
0 0.46152469135802476 0.31903258054802763 0.01953125 0.024390243902439025
0 0.45115432098765434 0.31872423968684127 0.01953125 0.024390243902439025
0 0.4462160493827161 0.31224908160192705 0.01953125 0.024390243902439025
0 0.44942592592592595 0.3054655826558265 0.01953125 0.024390243902439025
0 0.4509074074074075 0.29775706112616673 0.01953125 0.024390243902439025
0 0.4430061728395062 0.2946736525143029 0.01953125 0.024390243902439025
0 0.437820987654321 0.30084046973803064 0.01953125 0.024390243902439025
0 0.4286851851851852 0.30207383318277614 0.01953125 0.024390243902439025
0 0.43189506172839504 0.29498199337548925 0.01953125 0.024390243902439025
0 0.4227592592592593 0.29683203854260753 0.01953125 0.024390243902439025
0 0.41930246913580244 0.2952903342366756 0.01953125 0.024390243902439025
0 0.4126358024691358 0.29097356218006615 0.01953125 0.024390243902439025
0 0.4284382716049383 0.28819849442938866 0.01953125 0.024390243902439025
0 0.45979629629629637 0.2934402890695573 0.01953125 0.024390243902439025
0 0.47090740740740744 0.2946736525143029 0.01953125 0.024390243902439025
0 0.4642407407407408 0.2996071062932851 0.01953125 0.024390243902439025
0 0.4748580246913581 0.3054655826558265 0.01953125 0.024390243902439025
0 0.47189506172839507 0.3045405600722673 0.01953125 0.024390243902439025
0 0.475104938271605 0.29991544715447144 0.01953125 0.024390243902439025
0 0.4839938271604939 0.3036155374887081 0.01953125 0.024390243902439025
0 0.4827592592592593 0.3103990364348087 0.01953125 0.024390243902439025
0 0.47930246913580243 0.3140991267690454 0.01953125 0.024390243902439025
0 0.47806790123456794 0.3218076482987051 0.01953125 0.024390243902439025
0 0.49337654320987656 0.31502414935260453 0.01953125 0.024390243902439025
0 0.4896728395061729 0.31194074074074063 0.01953125 0.024390243902439025
0 0.5025123456790124 0.3137907859078591 0.01953125 0.024390243902439025
0 0.4958456790123457 0.3076239686841312 0.01953125 0.024390243902439025
0 0.49337654320987656 0.3036155374887081 0.01953125 0.024390243902439025
0 0.49930246913580245 0.29991544715447144 0.01953125 0.024390243902439025
0 0.492388888888889 0.2891235170129478 0.01953125 0.024390243902439025
0 0.538067901234568 0.4041346582354712 0.01953125 0.024390243902439025
0 0.5299197530864199 0.4062930442637759 0.01953125 0.024390243902439025
0 0.5499197530864199 0.4090681120144533 0.01953125 0.024390243902439025
0 0.5597962962962965 0.3988928635953025 0.01953125 0.024390243902439025
0 0.5686851851851854 0.4062930442637759 0.01953125 0.024390243902439025
0 0.583993827160494 0.40290129479072556 0.01953125 0.024390243902439025
0 0.5751049382716051 0.3995095453176753 0.01953125 0.024390243902439025
0 0.5649814814814816 0.3868675700090333 0.01953125 0.024390243902439025
0 0.5427592592592594 0.3899509786208972 0.01953125 0.024390243902439025
0 0.5435000000000001 0.373917253839205 0.01953125 0.024390243902439025
0 0.5235000000000002 0.3757672990063233 0.01953125 0.024390243902439025
0 0.5289320987654322 0.37052550436615467 0.01953125 0.024390243902439025
0 0.5316481481481483 0.3526417344173441 0.01953125 0.024390243902439025
0 0.5575740740740742 0.36775043661547707 0.01953125 0.024390243902439025
0 0.5489320987654323 0.35911689250225826 0.01953125 0.024390243902439025
0 0.5476975308641977 0.3473999397771754 0.01953125 0.024390243902439025
0 0.5405370370370373 0.34616657633242987 0.01953125 0.024390243902439025
0 0.5447345679012346 0.3384580548027702 0.01953125 0.024390243902439025
0 0.5326358024691359 0.3396914182475157 0.01953125 0.024390243902439025
0 0.5202901234567903 0.33475796446853345 0.01953125 0.024390243902439025
0 0.518314814814815 0.33938307738632933 0.01953125 0.024390243902439025
0 0.5133765432098767 0.32797446552243287 0.01953125 0.024390243902439025
0 0.5304135802469138 0.32242433002107784 0.01953125 0.024390243902439025
0 0.5385617283950619 0.3282828063836193 0.01953125 0.024390243902439025
0 0.5499197530864199 0.3239660343270098 0.01953125 0.024390243902439025
0 0.558314814814815 0.3168741945197229 0.01953125 0.024390243902439025
0 0.5585617283950619 0.33784137308039736 0.01953125 0.024390243902439025
0 0.5701666666666668 0.36004191508581734 0.01953125 0.024390243902439025
0 0.5778209876543211 0.36805877747666355 0.01953125 0.024390243902439025
0 0.5807839506172842 0.3548001204456488 0.01953125 0.024390243902439025
0 0.5864629629629631 0.39241770551038835 0.01953125 0.024390243902439025
0 0.5820185185185187 0.3800840710629328 0.01953125 0.024390243902439025
0 0.6257222222222224 0.4093764528756398 0.01953125 0.024390243902439025
0 0.6158456790123459 0.40598470340258946 0.01953125 0.024390243902439025
0 0.6035000000000001 0.39334272809394755 0.01953125 0.024390243902439025
0 0.6005370370370372 0.3800840710629328 0.01953125 0.024390243902439025
0 0.5997962962962964 0.3634336645588677 0.01953125 0.024390243902439025
0 0.5864629629629631 0.3708338452273411 0.01953125 0.024390243902439025
0 0.647203703703704 0.426951881963264 0.01953125 0.024390243902439025
0 0.6393024691358027 0.4170849744052995 0.01953125 0.024390243902439025
0 0.6427592592592594 0.4053680216802167 0.01953125 0.024390243902439025
0 0.6346111111111112 0.3970428184281842 0.01953125 0.024390243902439025
0 0.6397962962962965 0.38625088828666054 0.01953125 0.024390243902439025
0 0.626956790123457 0.38532586570310134 0.01953125 0.024390243902439025
0 0.6190555555555557 0.3803924119241191 0.01953125 0.024390243902439025
0 0.623993827160494 0.3714505269497138 0.01953125 0.024390243902439025
0 0.6222654320987656 0.3634336645588677 0.01953125 0.024390243902439025
0 0.6420185185185187 0.37268389039445937 0.01953125 0.024390243902439025
0 0.6353518518518521 0.36127527853056296 0.01953125 0.024390243902439025
0 0.649672839506173 0.3665170731707316 0.01953125 0.024390243902439025
0 0.6632530864197532 0.3622003011141221 0.01953125 0.024390243902439025
0 0.678314814814815 0.3615836193917494 0.01953125 0.024390243902439025
0 0.7000432098765434 0.3631253236976813 0.01953125 0.024390243902439025
0 0.6916481481481483 0.3569585064739535 0.01953125 0.024390243902439025
0 0.6906604938271607 0.34986666666666655 0.01953125 0.024390243902439025
0 0.6775740740740742 0.34955832580548013 0.01953125 0.024390243902439025
0 0.7104135802469137 0.3569585064739535 0.01953125 0.024390243902439025
0 0.7151049382716053 0.36127527853056296 0.01953125 0.024390243902439025
0 0.726956790123457 0.36960048178259547 0.01953125 0.024390243902439025
0 0.7205370370370372 0.354183438723276 0.01953125 0.024390243902439025
0 0.7333765432098768 0.3560334838903943 0.01953125 0.024390243902439025
0 0.7333765432098768 0.34616657633242987 0.01953125 0.024390243902439025
0 0.7242407407407409 0.3412331225534476 0.01953125 0.024390243902439025
0 0.7257222222222225 0.33599132791327896 0.01953125 0.024390243902439025
0 0.7333765432098768 0.3295161698283648 0.01953125 0.024390243902439025
0 0.7235000000000003 0.3245827160493826 0.01953125 0.024390243902439025
0 0.7160925925925927 0.32581607949412816 0.01953125 0.024390243902439025
0 0.7123888888888891 0.3270494429388737 0.01953125 0.024390243902439025
0 0.7072037037037039 0.31533249021379084 0.01953125 0.024390243902439025
0 0.7178209876543211 0.31132405901836785 0.01953125 0.024390243902439025
0 0.7336234567901238 0.31564083107497726 0.01953125 0.024390243902439025
0 0.7284382716049386 0.30299885576633534 0.01953125 0.024390243902439025
0 0.7338703703703706 0.29251526648599807 0.01953125 0.024390243902439025
0 0.7272037037037039 0.2801816320385425 0.01953125 0.024390243902439025
0 0.7193024691358025 0.28974019873532053 0.01953125 0.024390243902439025
0 0.7151049382716053 0.29467365251430283 0.01953125 0.024390243902439025
0 0.7042407407407408 0.2952903342366756 0.01953125 0.024390243902439025
0 0.7042407407407408 0.29066522131887973 0.01953125 0.024390243902439025
0 0.7109074074074075 0.2869651309846431 0.01953125 0.024390243902439025
0 0.7111543209876545 0.2820316772056608 0.01953125 0.024390243902439025
0 0.7052283950617287 0.27863992773261054 0.01953125 0.024390243902439025
0 0.698561728395062 0.2832650406504064 0.01953125 0.024390243902439025
0 0.698314814814815 0.2737064739536283 0.01953125 0.024390243902439025
0 0.6980679012345681 0.26877302017464605 0.01953125 0.024390243902439025
0 0.7017716049382718 0.26661463414634134 0.01953125 0.024390243902439025
0 0.7111543209876545 0.27031472448057803 0.01953125 0.024390243902439025
0 0.6852283950617287 0.27339813309244193 0.01953125 0.024390243902439025
0 0.6857222222222223 0.2672313158687141 0.01953125 0.024390243902439025
0 0.6916481481481483 0.28295669978921995 0.01953125 0.024390243902439025
0 0.6918950617283953 0.29159024390243893 0.01953125 0.024390243902439025
0 0.6965864197530867 0.3005321288768442 0.01953125 0.024390243902439025
0 0.6978209876543211 0.3088573321288767 0.01953125 0.024390243902439025
0 0.6978209876543211 0.3128657633242998 0.01953125 0.024390243902439025
0 0.6990555555555557 0.3221159891598914 0.01953125 0.024390243902439025
0 0.7035000000000002 0.3316745558566696 0.01953125 0.024390243902439025
0 0.6973271604938274 0.33784137308039736 0.01953125 0.024390243902439025
0 0.6894259259259261 0.32581607949412816 0.01953125 0.024390243902439025
0 0.6780679012345681 0.3276661246612465 0.01953125 0.024390243902439025
0 0.6738703703703706 0.3362996687744654 0.01953125 0.024390243902439025
0 0.675351851851852 0.3387663956639565 0.01953125 0.024390243902439025
0 0.6615246913580248 0.3477082806383618 0.01953125 0.024390243902439025
0 0.6657222222222223 0.3366080096356518 0.01953125 0.024390243902439025
0 0.6506604938271606 0.3455498946100571 0.01953125 0.024390243902439025
0 0.6541172839506174 0.3372246913580246 0.01953125 0.024390243902439025
0 0.6506604938271606 0.3341412827461607 0.01953125 0.024390243902439025
0 0.6521419753086422 0.32427437518819624 0.01953125 0.024390243902439025
0 0.6420185185185187 0.3221159891598914 0.01953125 0.024390243902439025
0 0.6331296296296298 0.319340921409214 0.01953125 0.024390243902439025
0 0.6405370370370372 0.3125574224631134 0.01953125 0.024390243902439025
0 0.6565864197530866 0.3094740138512495 0.01953125 0.024390243902439025
0 0.641277777777778 0.3063906052393856 0.01953125 0.024390243902439025
0 0.6551049382716051 0.29929876543209866 0.01953125 0.024390243902439025
0 0.6590555555555557 0.2965236976814211 0.01953125 0.024390243902439025
0 0.6501666666666669 0.29251526648599807 0.01953125 0.024390243902439025
0 0.6575740740740743 0.28912351701294775 0.01953125 0.024390243902439025
0 0.6625123456790125 0.2835733815115928 0.01953125 0.024390243902439025
0 0.655351851851852 0.2835733815115928 0.01953125 0.024390243902439025
0 0.6546111111111113 0.2749398373983739 0.01953125 0.024390243902439025
0 0.6637469135802471 0.27648154170430583 0.01953125 0.024390243902439025
0 0.6551049382716051 0.26877302017464605 0.01953125 0.024390243902439025
0 0.6301666666666669 0.35048334838903933 0.01953125 0.024390243902439025
0 0.6395493827160496 0.34400819030412516 0.01953125 0.024390243902439025
0 0.6205370370370372 0.3606585968081902 0.01953125 0.024390243902439025
0 0.6123888888888891 0.3615836193917494 0.01953125 0.024390243902439025
0 0.6101666666666669 0.354183438723276 0.01953125 0.024390243902439025
0 0.618314814814815 0.34277482685937954 0.01953125 0.024390243902439025
0 0.6185617283950618 0.33599132791327896 0.01953125 0.024390243902439025
0 0.6099197530864199 0.3387663956639565 0.01953125 0.024390243902439025
0 0.6017716049382718 0.34616657633242987 0.01953125 0.024390243902439025
0 0.6020185185185187 0.3554168021680215 0.01953125 0.024390243902439025
0 0.5928827160493829 0.3433915085817524 0.01953125 0.024390243902439025
0 0.5820185185185187 0.3412331225534476 0.01953125 0.024390243902439025
0 0.5768333333333334 0.33352460102378784 0.01953125 0.024390243902439025
0 0.5854753086419755 0.33229123757904233 0.01953125 0.024390243902439025
0 0.5891790123456792 0.3270494429388737 0.01953125 0.024390243902439025
0 0.604240740740741 0.32581607949412816 0.01953125 0.024390243902439025
0 0.5788086419753088 0.31718253538090924 0.01953125 0.024390243902439025
0 0.5659691358024692 0.31440746763023175 0.01953125 0.024390243902439025
0 0.5755987654320989 0.3088573321288767 0.01953125 0.024390243902439025
0 0.5862160493827162 0.3091656729900631 0.01953125 0.024390243902439025
0 0.589425925925926 0.31564083107497726 0.01953125 0.024390243902439025
0 0.5968333333333334 0.30299885576633534 0.01953125 0.024390243902439025
0 0.5985617283950618 0.31440746763023175 0.01953125 0.024390243902439025
0 0.604240740740741 0.3026905149051489 0.01953125 0.024390243902439025
0 0.6035000000000001 0.29251526648599807 0.01953125 0.024390243902439025
0 0.6072037037037039 0.28974019873532053 0.01953125 0.024390243902439025
0 0.5978209876543211 0.2857317675398975 0.01953125 0.024390243902439025
0 0.6015246913580249 0.27863992773261054 0.01953125 0.024390243902439025
0 0.6047345679012348 0.27709822342667856 0.01953125 0.024390243902439025
0 0.5946111111111113 0.2730897922312555 0.01953125 0.024390243902439025
0 0.5889320987654323 0.2712397470641372 0.01953125 0.024390243902439025
0 0.5864629629629631 0.2807983137609153 0.01953125 0.024390243902439025
0 0.5844876543209878 0.28665679012345663 0.01953125 0.024390243902439025
0 0.5891790123456792 0.29066522131887973 0.01953125 0.024390243902439025
0 0.5830061728395064 0.30207383318277614 0.01953125 0.024390243902439025
0 0.5770802469135804 0.2986820837097258 0.01953125 0.024390243902439025
0 0.5714012345679014 0.3036155374887081 0.01953125 0.024390243902439025
0 0.5148580246913582 0.3572668473351399 0.01953125 0.024390243902439025
0 0.523746913580247 0.30731562782294475 0.01953125 0.024390243902439025
0 0.518067901234568 0.31409912676904533 0.01953125 0.024390243902439025
0 0.512635802469136 0.3033071966275217 0.01953125 0.024390243902439025
0 0.5163395061728397 0.3005321288768442 0.01953125 0.024390243902439025
0 0.5089320987654322 0.2980654019873531 0.01953125 0.024390243902439025
0 0.5027592592592595 0.28974019873532053 0.01953125 0.024390243902439025
0 0.49782098765432115 0.28665679012345663 0.01953125 0.024390243902439025
0 0.49683333333333346 0.2761732008431194 0.01953125 0.024390243902439025
0 0.5052283950617286 0.27247311050888273 0.01953125 0.024390243902439025
0 0.5121419753086421 0.2653812707015958 0.01953125 0.024390243902439025
0 0.5131296296296298 0.2749398373983739 0.01953125 0.024390243902439025
0 0.5074506172839508 0.28388172237277914 0.01953125 0.024390243902439025
0 0.521030864197531 0.2737064739536283 0.01953125 0.024390243902439025
0 0.5259691358024693 0.26908136103583247 0.01953125 0.024390243902439025
0 0.5318950617283952 0.26846467931345963 0.01953125 0.024390243902439025
0 0.5402901234567903 0.26969804275820525 0.01953125 0.024390243902439025
0 0.5402901234567903 0.288506835290575 0.01953125 0.024390243902439025
0 0.5432530864197532 0.2832650406504064 0.01953125 0.024390243902439025
0 0.5304135802469138 0.29498199337548914 0.01953125 0.024390243902439025
0 0.5351049382716051 0.3070072869617584 0.01953125 0.024390243902439025
0 0.5499197530864199 0.295598675097862 0.01953125 0.024390243902439025
0 0.5578209876543212 0.29004853959650695 0.01953125 0.024390243902439025
0 0.5514012345679014 0.284498404095152 0.01953125 0.024390243902439025
0 0.5536234567901236 0.275864859981933 0.01953125 0.024390243902439025
0 0.5528827160493829 0.2672313158687141 0.01953125 0.024390243902439025
0 0.5607839506172841 0.2737064739536283 0.01953125 0.024390243902439025
0 0.5620185185185187 0.27863992773261054 0.01953125 0.024390243902439025
0 0.5627592592592594 0.28295669978921995 0.01953125 0.024390243902439025
0 0.5652283950617285 0.28912351701294775 0.01953125 0.024390243902439025
0 0.5714012345679014 0.28388172237277914 0.01953125 0.024390243902439025
0 0.5768333333333334 0.27956495031616974 0.01953125 0.024390243902439025
0 0.575351851851852 0.27185642878651 0.01953125 0.024390243902439025
0 0.5644876543209878 0.2980654019873531 0.01953125 0.024390243902439025
0 0.5726358024691359 0.2934402890695572 0.01953125 0.024390243902439025
0 0.5595493827160496 0.29683203854260753 0.01953125 0.024390243902439025
0 0.5521419753086422 0.30824065040650395 0.01953125 0.024390243902439025
0 0.5363395061728397 0.31656585365853646 0.01953125 0.024390243902439025
0 0.6237469135802471 0.32643276121650094 0.01953125 0.024390243902439025
0 0.6128827160493829 0.3218076482987051 0.01953125 0.024390243902439025
0 0.6254753086419755 0.31564083107497726 0.01953125 0.024390243902439025
0 0.6264629629629631 0.3085489912676903 0.01953125 0.024390243902439025
0 0.6286851851851853 0.3033071966275217 0.01953125 0.024390243902439025
0 0.6351049382716051 0.3002237880156578 0.01953125 0.024390243902439025
0 0.6351049382716051 0.29220692562481165 0.01953125 0.024390243902439025
0 0.6351049382716051 0.28819849442938855 0.01953125 0.024390243902439025
0 0.6314012345679014 0.2826483589280336 0.01953125 0.024390243902439025
0 0.6385617283950619 0.27555651912074663 0.01953125 0.024390243902439025
0 0.6286851851851853 0.2700063836193916 0.01953125 0.024390243902439025
0 0.6232530864197533 0.26969804275820525 0.01953125 0.024390243902439025
0 0.6207839506172841 0.2740148148148147 0.01953125 0.024390243902439025
0 0.6148580246913582 0.2789482685937969 0.01953125 0.024390243902439025
0 0.6173271604938273 0.28727347184582946 0.01953125 0.024390243902439025
0 0.6131296296296298 0.3002237880156578 0.01953125 0.024390243902439025
0 0.6133765432098768 0.3103990364348087 0.01953125 0.024390243902439025
0 0.6659691358024693 0.32797446552243287 0.01953125 0.024390243902439025
0 0.6635000000000002 0.30608226437819924 0.01953125 0.024390243902439025
0 0.6743641975308644 0.2965236976814211 0.01953125 0.024390243902439025
0 0.6662160493827162 0.29405697079193005 0.01953125 0.024390243902439025
0 0.6751049382716051 0.2832650406504064 0.01953125 0.024390243902439025
0 0.7074506172839508 0.3026905149051489 0.01953125 0.024390243902439025
0 0.6790555555555555 0.3088573321288767 0.01953125 0.024390243902439025
0 0.6800432098765432 0.3140991267690454 0.01953125 0.024390243902439025
0 0.7854753086419753 0.3649753688647997 0.01953125 0.024390243902439025
0 0.7970802469135803 0.3538750978620896 0.01953125 0.024390243902439025
0 0.8104135802469136 0.365283709725986 0.01953125 0.024390243902439025
0 0.8027592592592593 0.34986666666666655 0.01953125 0.024390243902439025
0 0.8106604938271605 0.3517167118337849 0.01953125 0.024390243902439025
0 0.7995493827160494 0.3399997591087021 0.01953125 0.024390243902439025
0 0.7551049382716049 0.36836711833784985 0.01953125 0.024390243902439025
0 0.7560925925925925 0.36096693766937665 0.01953125 0.024390243902439025
0 0.7738703703703704 0.365283709725986 0.01953125 0.024390243902439025
0 0.7669567901234567 0.3492499849442937 0.01953125 0.024390243902439025
0 0.7496728395061729 0.3489416440831074 0.01953125 0.024390243902439025
0 0.7427592592592592 0.34092478169226126 0.01953125 0.024390243902439025
0 0.7563395061728395 0.3366080096356518 0.01953125 0.024390243902439025
0 0.7437469135802469 0.32581607949412816 0.01953125 0.024390243902439025
0 0.7444876543209876 0.3159491719361637 0.01953125 0.024390243902439025
0 0.7442407407407406 0.29991544715447144 0.01953125 0.024390243902439025
0 0.7563395061728395 0.3214993074375187 0.01953125 0.024390243902439025
0 0.7847345679012346 0.30608226437819924 0.01953125 0.024390243902439025
0 0.7946111111111112 0.29744872026498037 0.01953125 0.024390243902439025
0 0.7963395061728396 0.310707377295995 0.01953125 0.024390243902439025
0 0.8109074074074074 0.31964926227040036 0.01953125 0.024390243902439025
0 0.8168333333333333 0.324891056910569 0.01953125 0.024390243902439025
0 0.8128827160493828 0.34092478169226126 0.01953125 0.024390243902439025
0 0.8059691358024691 0.33784137308039736 0.01953125 0.024390243902439025
0 0.8123888888888889 0.3091656729900631 0.01953125 0.024390243902439025
0 0.8123888888888889 0.302690514905149 0.01953125 0.024390243902439025
0 0.8131296296296296 0.29467365251430283 0.01953125 0.024390243902439025
0 0.803746913580247 0.29097356218006615 0.01953125 0.024390243902439025
0 0.814858024691358 0.2826483589280336 0.01953125 0.024390243902439025
0 0.7923888888888889 0.2817233363444745 0.01953125 0.024390243902439025
0 0.786216049382716 0.29313194820837085 0.01953125 0.024390243902439025
0 0.7802901234567902 0.28480674495633834 0.01953125 0.024390243902439025
0 0.7686851851851851 0.275864859981933 0.01953125 0.024390243902439025
0 0.7718950617283951 0.2807983137609153 0.01953125 0.024390243902439025
0 0.7605370370370371 0.2866567901234567 0.01953125 0.024390243902439025
0 0.7691790123456791 0.2869651309846431 0.01953125 0.024390243902439025
0 0.7612777777777778 0.30145715146040336 0.01953125 0.024390243902439025
0 0.752388888888889 0.29159024390243893 0.01953125 0.024390243902439025
0 0.7360925925925926 0.2823400180668473 0.01953125 0.024390243902439025
0 0.7452283950617283 0.28480674495633834 0.01953125 0.024390243902439025
0 0.7501666666666666 0.2786399277326106 0.01953125 0.024390243902439025
0 0.7748580246913581 0.2724731105088828 0.01953125 0.024390243902439025
0 0.7988086419753087 0.2721647696476963 0.01953125 0.024390243902439025
0 0.7899197530864198 0.2740148148148147 0.01953125 0.024390243902439025
0 0.7605370370370371 0.27370647395362835 0.01953125 0.024390243902439025
0 0.8079444444444445 0.2712397470641372 0.01953125 0.024390243902439025
0 0.8185617283950617 0.27648154170430583 0.01953125 0.024390243902439025
0 0.7430061728395062 0.2721647696476963 0.01953125 0.024390243902439025
0 0.7360925925925926 0.2724731105088828 0.01953125 0.024390243902439025
0 0.7886851851851852 0.32643276121650094 0.01953125 0.024390243902439025
0 0.7990555555555556 0.3230410117434506 0.01953125 0.024390243902439025
0 0.7936234567901235 0.3387663956639565 0.01953125 0.024390243902439025
0 0.7876975308641975 0.339074736525143 0.01953125 0.024390243902439025
0 0.7812777777777778 0.3406164408310749 0.01953125 0.024390243902439025
0 0.7691790123456791 0.33599132791327907 0.01953125 0.024390243902439025
0 0.7793024691358025 0.3313662149954832 0.01953125 0.024390243902439025
0 0.7669567901234567 0.3111698885877746 0.01953125 0.024390243902439025
0 0.6654753086419753 0.2650729298404094 0.01953125 0.024390243902439025
0 0.6684382716049383 0.26383956639566386 0.01953125 0.024390243902439025
0 0.6686851851851852 0.26075615778379996 0.01953125 0.024390243902439025
0 0.6667098765432099 0.25767274917193606 0.01953125 0.024390243902439025
0 0.6765864197530864 0.2542809996988858 0.01953125 0.024390243902439025
0 0.680537037037037 0.25828943089430884 0.01953125 0.024390243902439025
0 0.6849814814814815 0.2505809093646491 0.01953125 0.024390243902439025
0 0.6891790123456791 0.25582270400481777 0.01953125 0.024390243902439025
0 0.698067901234568 0.25335597711532654 0.01953125 0.024390243902439025
0 0.6941172839506173 0.24934754591990352 0.01953125 0.024390243902439025
0 0.7054753086419754 0.25273929539295387 0.01953125 0.024390243902439025
0 0.7131296296296297 0.2548976814212585 0.01953125 0.024390243902439025
0 0.7128827160493827 0.2641479072568503 0.01953125 0.024390243902439025
0 0.7217716049382715 0.26445624811803664 0.01953125 0.024390243902439025
0 0.7220185185185185 0.2595227943390544 0.01953125 0.024390243902439025
0 0.7267098765432098 0.25458934056007215 0.01953125 0.024390243902439025
0 0.732388888888889 0.25582270400481777 0.01953125 0.024390243902439025
0 0.732388888888889 0.2650729298404094 0.01953125 0.024390243902439025
0 0.7704135802469136 0.26599795242396856 0.01953125 0.024390243902439025
0 0.7827592592592593 0.2650729298404094 0.01953125 0.024390243902439025
0 0.7802901234567902 0.26753965672990054 0.01953125 0.024390243902439025
0 0.7528827160493827 0.26753965672990054 0.01953125 0.024390243902439025
0 0.7595493827160494 0.2632228846732911 0.01953125 0.024390243902439025
0 0.7909074074074075 0.2681563384522733 0.01953125 0.024390243902439025
0 0.7951049382716049 0.2641479072568503 0.01953125 0.024390243902439025
0 0.7876975308641977 0.26137283950617274 0.01953125 0.024390243902439025
0 0.7970802469135803 0.2555143631436313 0.01953125 0.024390243902439025
0 0.7894259259259259 0.25397265883769937 0.01953125 0.024390243902439025
0 0.8047345679012347 0.26075615778379996 0.01953125 0.024390243902439025
0 0.8067098765432098 0.2656896115627822 0.01953125 0.024390243902439025
0 0.8044876543209877 0.2524309545317674 0.01953125 0.024390243902439025
0 0.8133765432098765 0.2561310448660041 0.01953125 0.024390243902439025
0 0.8133765432098765 0.25273929539295387 0.01953125 0.024390243902439025
0 0.7852283950617284 0.24595579644685328 0.01953125 0.024390243902439025
0 0.7958456790123458 0.24657247816922603 0.01953125 0.024390243902439025
0 0.8062160493827161 0.24410575127973488 0.01953125 0.024390243902439025
0 0.8155987654320989 0.24811418247515798 0.01953125 0.024390243902439025
0 0.7430061728395062 0.2595227943390544 0.01953125 0.024390243902439025
0 0.7501666666666666 0.25767274917193606 0.01953125 0.024390243902439025
0 0.7459691358024693 0.2530476362541402 0.01953125 0.024390243902439025
0 0.7420185185185185 0.2471891598915988 0.01953125 0.024390243902439025
0 0.7484382716049383 0.24842252333634438 0.01953125 0.024390243902439025
0 0.7383148148148149 0.2471891598915988 0.01953125 0.024390243902439025
0 0.7420185185185185 0.24194736525143012 0.01953125 0.024390243902439025
0 0.7536234567901234 0.24163902439024382 0.01953125 0.024390243902439025
0 0.7400432098765432 0.22930538994278823 0.01953125 0.024390243902439025
0 0.7676975308641977 0.21604673291177345 0.01953125 0.024390243902439025
0 0.731895061728395 0.2499642276422763 0.01953125 0.024390243902439025
0 0.7279444444444445 0.2478058416139716 0.01953125 0.024390243902439025
0 0.7328827160493827 0.24194736525143012 0.01953125 0.024390243902439025
0 0.7155987654320988 0.24903920505871718 0.01953125 0.024390243902439025
0 0.7032530864197531 0.24595579644685328 0.01953125 0.024390243902439025
0 0.7074506172839508 0.24379741041854852 0.01953125 0.024390243902439025
0 0.7049814814814815 0.23701391147244796 0.01953125 0.024390243902439025
0 0.7128827160493827 0.23948063836193906 0.01953125 0.024390243902439025
0 0.718067901234568 0.23732225233363433 0.01953125 0.024390243902439025
0 0.7225123456790125 0.24194736525143012 0.01953125 0.024390243902439025
0 0.7239938271604939 0.2404056609454982 0.01953125 0.024390243902439025
0 0.6983148148148149 0.241022342667871 0.01953125 0.024390243902439025
0 0.698067901234568 0.22899704908160182 0.01953125 0.024390243902439025
0 0.6872037037037038 0.2422557061126166 0.01953125 0.024390243902439025
0 0.6901666666666666 0.23763059319482074 0.01953125 0.024390243902439025
0 0.6839938271604938 0.22776368563685628 0.01953125 0.024390243902439025
0 0.6714012345679012 0.23023041252634738 0.01953125 0.024390243902439025
0 0.669179012345679 0.23824727491719352 0.01953125 0.024390243902439025
0 0.6654753086419753 0.2447224330021077 0.01953125 0.024390243902439025
0 0.6635000000000001 0.25273929539295387 0.01953125 0.024390243902439025
0 0.6583148148148148 0.2518142728093946 0.01953125 0.024390243902439025
0 0.677820987654321 0.24688081903041242 0.01953125 0.024390243902439025
0 0.6484382716049383 0.26538127070159584 0.01953125 0.024390243902439025
0 0.6430061728395062 0.2663062932851549 0.01953125 0.024390243902439025
0 0.634858024691358 0.26168118036735916 0.01953125 0.024390243902439025
0 0.5817716049382716 0.26353122553447744 0.01953125 0.024390243902439025
0 0.5899197530864198 0.26075615778379996 0.01953125 0.024390243902439025
0 0.5835 0.2561310448660041 0.01953125 0.024390243902439025
0 0.5884382716049383 0.2524309545317674 0.01953125 0.024390243902439025
0 0.5817716049382716 0.24256404697380293 0.01953125 0.024390243902439025
0 0.574858024691358 0.2447224330021077 0.01953125 0.024390243902439025
0 0.5800432098765432 0.23053875338753374 0.01953125 0.024390243902439025
0 0.5758456790123457 0.23331382113821125 0.01953125 0.024390243902439025
0 0.5793024691358025 0.23331382113821125 0.01953125 0.024390243902439025
0 0.5862160493827161 0.23331382113821125 0.01953125 0.024390243902439025
0 0.5926358024691358 0.23454718458295687 0.01953125 0.024390243902439025
0 0.5975740740740741 0.24657247816922603 0.01953125 0.024390243902439025
0 0.5973271604938272 0.24965588678109 0.01953125 0.024390243902439025
0 0.5955987654320988 0.2530476362541402 0.01953125 0.024390243902439025
0 0.5973271604938272 0.2573644083107497 0.01953125 0.024390243902439025
0 0.6049814814814815 0.2542809996988858 0.01953125 0.024390243902439025
0 0.6015246913580247 0.2542809996988858 0.01953125 0.024390243902439025
0 0.6015246913580247 0.2502725685034627 0.01953125 0.024390243902439025
0 0.6079444444444445 0.24688081903041242 0.01953125 0.024390243902439025
0 0.6076975308641976 0.2632228846732911 0.01953125 0.024390243902439025
0 0.6039938271604938 0.26137283950617274 0.01953125 0.024390243902439025
0 0.6079444444444445 0.27000638361939167 0.01953125 0.024390243902439025
0 0.6141172839506173 0.26538127070159584 0.01953125 0.024390243902439025
0 0.6163395061728395 0.2585977717554953 0.01953125 0.024390243902439025
0 0.6220185185185185 0.25767274917193606 0.01953125 0.024390243902439025
0 0.6284382716049384 0.25582270400481777 0.01953125 0.024390243902439025
0 0.6230061728395062 0.2502725685034627 0.01953125 0.024390243902439025
0 0.6212777777777778 0.24626413730803962 0.01953125 0.024390243902439025
0 0.6193024691358026 0.24194736525143012 0.01953125 0.024390243902439025
0 0.6173271604938272 0.23578054802770235 0.01953125 0.024390243902439025
0 0.632141975308642 0.23732225233363433 0.01953125 0.024390243902439025
0 0.634858024691358 0.25397265883769937 0.01953125 0.024390243902439025
0 0.6388086419753086 0.2511975910870219 0.01953125 0.024390243902439025
0 0.6486851851851851 0.24379741041854852 0.01953125 0.024390243902439025
0 0.6415246913580247 0.24256404697380293 0.01953125 0.024390243902439025
0 0.6388086419753086 0.2379389340560071 0.01953125 0.024390243902439025
0 0.6469567901234567 0.23547220716651604 0.01953125 0.024390243902439025
0 0.6442407407407408 0.2320804576934657 0.01953125 0.024390243902439025
0 0.6632530864197531 0.23547220716651604 0.01953125 0.024390243902439025
0 0.6590555555555555 0.23763059319482074 0.01953125 0.024390243902439025
0 0.6531296296296297 0.2351638663053296 0.01953125 0.024390243902439025
0 0.3949814814814814 0.28650261969286367 0.01953125 0.024390243902439025
0 0.3794259259259258 0.2824941884974406 0.01953125 0.024390243902439025
0 0.3720185185185184 0.2744773261065945 0.01953125 0.024390243902439025
0 0.3779444444444443 0.2750940078289672 0.01953125 0.024390243902439025
0 0.38856172839506165 0.2720105992171033 0.01953125 0.024390243902439025
0 0.3848580246913579 0.2636853959650708 0.01953125 0.024390243902439025
0 0.3957222222222221 0.2732439626618489 0.01953125 0.024390243902439025
0 0.39374691358024677 0.2775607347184584 0.01953125 0.024390243902439025
0 0.42905555555555547 0.2655354411321892 0.01953125 0.024390243902439025
0 0.4169567901234567 0.2689271906052394 0.01953125 0.024390243902439025
0 0.4302901234567901 0.2760190304125264 0.01953125 0.024390243902439025
0 0.42436419753086413 0.2821858476362542 0.01953125 0.024390243902439025
0 0.418932098765432 0.27786907557964474 0.01953125 0.024390243902439025
0 0.4065864197530863 0.2797191207467631 0.01953125 0.024390243902439025
0 0.40856172839506166 0.2698522131887986 0.01953125 0.024390243902439025
0 0.4112777777777777 0.2750940078289672 0.01953125 0.024390243902439025
0 0.3734999999999999 0.2652271002710027 0.01953125 0.024390243902439025
0 0.3725123456790122 0.2572102378801567 0.01953125 0.024390243902439025
0 0.3734999999999999 0.25104342065642876 0.01953125 0.024390243902439025
0 0.3737469135802468 0.24395158084914187 0.01953125 0.024390243902439025
0 0.381895061728395 0.2461099668774466 0.01953125 0.024390243902439025
0 0.35967283950617274 0.25351014754592 0.01953125 0.024390243902439025
0 0.3584382716049382 0.2667688045769347 0.01953125 0.024390243902439025
0 0.3537469135802468 0.2612186690755797 0.01953125 0.024390243902439025
0 0.3426358024691356 0.26245203252032523 0.01953125 0.024390243902439025
0 0.3451049382716048 0.22976790123456792 0.01953125 0.024390243902439025
0 0.3455987654320986 0.23439301415236374 0.01953125 0.024390243902439025
0 0.3458456790123456 0.2377847636254141 0.01953125 0.024390243902439025
0 0.347327160493827 0.21897597109304429 0.01953125 0.024390243902439025
0 0.35695679012345666 0.22976790123456792 0.01953125 0.024390243902439025
0 0.36066049382716037 0.23716808190304128 0.01953125 0.024390243902439025
0 0.3611543209876542 0.2442599217103282 0.01953125 0.024390243902439025
0 0.3727592592592591 0.22144269798253538 0.01953125 0.024390243902439025
0 0.37745061728395046 0.2334679915688046 0.01953125 0.024390243902439025
0 0.3621419753086419 0.18814188497440532 0.01953125 0.024390243902439025
0 0.3621419753086419 0.21990099367660346 0.01953125 0.024390243902439025
0 0.3653518518518517 0.22976790123456792 0.01953125 0.024390243902439025
0 0.3888086419753085 0.23500969587473652 0.01953125 0.024390243902439025
0 0.38411728395061717 0.2365514001806685 0.01953125 0.024390243902439025
0 0.3870802469135801 0.24703498946100577 0.01953125 0.024390243902439025
0 0.3927592592592592 0.24580162601626018 0.01953125 0.024390243902439025
0 0.3979444444444443 0.24919337548931048 0.01953125 0.024390243902439025
0 0.39300617283950606 0.25474351099066544 0.01953125 0.024390243902439025
0 0.41029012345679006 0.24456826257151468 0.01953125 0.024390243902439025
0 0.40708024691358013 0.2593686239084613 0.01953125 0.024390243902439025
0 0.3991790123456789 0.26276037338151165 0.01953125 0.024390243902439025
0 0.41572222222222216 0.2581352604637158 0.01953125 0.024390243902439025
0 0.41942592592592587 0.2532018066847335 0.01953125 0.024390243902439025
0 0.41967283950617273 0.24456826257151468 0.01953125 0.024390243902439025
0 0.43004320987654315 0.24981005721168328 0.01953125 0.024390243902439025
0 0.43300617283950604 0.24518494429388746 0.01953125 0.024390243902439025
0 0.4379444444444443 0.2436432399879555 0.01953125 0.024390243902439025
0 0.42411728395061715 0.23994314965371882 0.01953125 0.024390243902439025
0 0.4174506172839505 0.23716808190304128 0.01953125 0.024390243902439025
0 0.415969135802469 0.22976790123456792 0.01953125 0.024390243902439025
0 0.41794444444444434 0.22360108401084014 0.01953125 0.024390243902439025
0 0.42411728395061715 0.2017088828666065 0.01953125 0.024390243902439025
0 0.3794259259259258 0.20448395061728397 0.01953125 0.024390243902439025
0 0.3715246913580246 0.20849238181270702 0.01953125 0.024390243902439025
0 0.35078395061728385 0.1906086118638964 0.01953125 0.024390243902439025
0 0.43942592592592583 0.21620090334236677 0.01953125 0.024390243902439025
0 0.4426358024691358 0.22175103884372177 0.01953125 0.024390243902439025
0 0.44856172839506164 0.19615874736525143 0.01953125 0.024390243902439025
0 0.4364629629629629 0.233776332429991 0.01953125 0.024390243902439025
0 0.4334999999999999 0.22637615176151765 0.01953125 0.024390243902439025
0 0.4470802469135801 0.22760951520626316 0.01953125 0.024390243902439025
0 0.45004320987654317 0.23192628726287265 0.01953125 0.024390243902439025
0 0.4552283950617283 0.22822619692863597 0.01953125 0.024390243902439025
0 0.45349999999999996 0.22390942487202647 0.01953125 0.024390243902439025
0 0.45695679012345675 0.21311749473050287 0.01953125 0.024390243902439025
0 0.46288271604938264 0.2128091538693165 0.01953125 0.024390243902439025
0 0.47399382716049376 0.2149675398976212 0.01953125 0.024390243902439025
0 0.48041358024691355 0.21835928937067148 0.01953125 0.024390243902439025
0 0.4860925925925926 0.2177426076482987 0.01953125 0.024390243902439025
0 0.493253086419753 0.22051767539897624 0.01953125 0.024390243902439025
0 0.49745061728395057 0.21928431195423065 0.01953125 0.024390243902439025
0 0.5058456790123457 0.2177426076482987 0.01953125 0.024390243902439025
0 0.5100432098765432 0.22175103884372177 0.01953125 0.024390243902439025
0 0.519425925925926 0.22113435712134905 0.01953125 0.024390243902439025
0 0.5270802469135802 0.21250081300813012 0.01953125 0.024390243902439025
0 0.3241172839506171 0.2609103282143933 0.01953125 0.024390243902439025
0 0.44485802469135793 0.23994314965371882 0.01953125 0.024390243902439025
0 0.4433765432098765 0.2609103282143933 0.01953125 0.024390243902439025
0 0.4480679012345678 0.26214369165913887 0.01953125 0.024390243902439025
0 0.44214197530864185 0.27786907557964474 0.01953125 0.024390243902439025
0 0.45127777777777767 0.2821858476362542 0.01953125 0.024390243902439025
0 0.45572222222222214 0.2769440529960856 0.01953125 0.024390243902439025
0 0.4680679012345678 0.2720105992171033 0.01953125 0.024390243902439025
0 0.47226543209876537 0.2821858476362542 0.01953125 0.024390243902439025
0 0.48288271604938265 0.28033580246913586 0.01953125 0.024390243902439025
0 0.4754753086419752 0.2775607347184584 0.01953125 0.024390243902439025
0 0.47720370370370363 0.26861884974405303 0.01953125 0.024390243902439025
0 0.4715246913580246 0.263068714242698 0.01953125 0.024390243902439025
0 0.4663395061728394 0.26183535079795245 0.01953125 0.024390243902439025
0 0.46140123456790116 0.26183535079795245 0.01953125 0.024390243902439025
0 0.4544876543209876 0.2683105088828666 0.01953125 0.024390243902439025
0 0.4544876543209876 0.2602936464920205 0.01953125 0.024390243902439025
0 0.44312962962962954 0.2532018066847335 0.01953125 0.024390243902439025
0 0.45053703703703696 0.2550518518518519 0.01953125 0.024390243902439025
0 0.45868518518518514 0.24888503462812409 0.01953125 0.024390243902439025
0 0.46559876543209866 0.2522767841011744 0.01953125 0.024390243902439025
0 0.4552283950617283 0.24487660343270098 0.01953125 0.024390243902439025
0 0.47201851851851845 0.2411765130984643 0.01953125 0.024390243902439025
0 0.47646296296296287 0.24981005721168328 0.01953125 0.024390243902439025
0 0.47374691358024684 0.2516601023788016 0.01953125 0.024390243902439025
0 0.48115432098765426 0.25597687443541106 0.01953125 0.024390243902439025
0 0.48658641975308636 0.2485766937669377 0.01953125 0.024390243902439025
0 0.4972037037037036 0.24518494429388746 0.01953125 0.024390243902439025
0 0.4917716049382716 0.24333489912676906 0.01953125 0.024390243902439025
0 0.4799197530864197 0.24271821740439628 0.01953125 0.024390243902439025
0 0.458932098765432 0.23901812707015963 0.01953125 0.024390243902439025
0 0.46485802469135795 0.2359347184582957 0.01953125 0.024390243902439025
0 0.5001666666666666 0.23562637759710933 0.01953125 0.024390243902439025
0 0.49053703703703694 0.23500969587473652 0.01953125 0.024390243902439025
0 0.4831296296296295 0.23439301415236374 0.01953125 0.024390243902439025
0 0.48979629629629623 0.23038458295694073 0.01953125 0.024390243902439025
0 0.476216049382716 0.22976790123456792 0.01953125 0.024390243902439025
0 0.5026358024691358 0.22791785606744963 0.01953125 0.024390243902439025
0 0.5110308641975309 0.2340846732911774 0.01953125 0.024390243902439025
0 0.5181913580246913 0.24055983137609158 0.01953125 0.024390243902439025
0 0.5125123456790123 0.24240987654320992 0.01953125 0.024390243902439025
0 0.5038703703703703 0.2461099668774466 0.01953125 0.024390243902439025
0 0.5112777777777778 0.24826835290575136 0.01953125 0.024390243902439025
0 0.5169567901234567 0.24950171635049684 0.01953125 0.024390243902439025
0 0.5085617283950618 0.25659355615778384 0.01953125 0.024390243902439025
0 0.4979444444444444 0.25443517012947914 0.01953125 0.024390243902439025
0 0.49127777777777776 0.2612186690755797 0.01953125 0.024390243902439025
0 0.49991975308641967 0.2609103282143933 0.01953125 0.024390243902439025
0 0.4964629629629629 0.2670771454381211 0.01953125 0.024390243902439025
0 0.3310308641975307 0.2824941884974406 0.01953125 0.024390243902439025
0 0.4253518518518517 0.23130960554049984 0.01953125 0.024390243902439025
0 0.42485802469135797 0.22699283348389043 0.01953125 0.024390243902439025
0 0.40164814814814803 0.23038458295694073 0.01953125 0.024390243902439025
0 0.39695679012345664 0.23531803673592294 0.01953125 0.024390243902439025
0 0.3949814814814814 0.23038458295694073 0.01953125 0.024390243902439025
0 0.3949814814814814 0.22514278831677206 0.01953125 0.024390243902439025
0 0.38683333333333325 0.22606781090033123 0.01953125 0.024390243902439025
0 0.4895493827160493 0.22514278831677206 0.01953125 0.024390243902439025
0 0.44140123456790115 0.22945956037338155 0.01953125 0.024390243902439025
0 0.5204135802469136 0.23562637759710933 0.01953125 0.024390243902439025
0 0.5258456790123456 0.2340846732911774 0.01953125 0.024390243902439025
0 0.5320185185185186 0.23439301415236374 0.01953125 0.024390243902439025
0 0.5307839506172839 0.2436432399879555 0.01953125 0.024390243902439025
0 0.5238703703703704 0.24487660343270098 0.01953125 0.024390243902439025
0 0.5312777777777778 0.25443517012947914 0.01953125 0.024390243902439025
0 0.5344876543209877 0.24981005721168328 0.01953125 0.024390243902439025
0 0.5367098765432098 0.2442599217103282 0.01953125 0.024390243902439025
0 0.5414012345679012 0.2461099668774466 0.01953125 0.024390243902439025
0 0.5483148148148148 0.2454932851550738 0.01953125 0.024390243902439025
0 0.5520185185185186 0.24580162601626018 0.01953125 0.024390243902439025
0 0.5488086419753087 0.25381848840710636 0.01953125 0.024390243902439025
0 0.5436234567901235 0.26152700993676603 0.01953125 0.024390243902439025
0 0.5576975308641975 0.2550518518518519 0.01953125 0.024390243902439025
0 0.5569567901234568 0.2504267389340561 0.01953125 0.024390243902439025
0 0.5584382716049382 0.24580162601626018 0.01953125 0.024390243902439025
0 0.5542407407407407 0.2411765130984643 0.01953125 0.024390243902439025
0 0.32806790123456775 0.2966778681120145 0.01953125 0.024390243902439025
0 0.40880864197530853 0.22360108401084014 0.01953125 0.024390243902439025
0 0.39448765432098754 0.2195926528154171 0.01953125 0.024390243902439025
0 0.39942592592592585 0.21373417645287568 0.01953125 0.024390243902439025
0 0.4063395061728394 0.21342583559168926 0.01953125 0.024390243902439025
0 0.40387037037037027 0.2088007226738934 0.01953125 0.024390243902439025
0 0.39053703703703696 0.20633399578440229 0.01953125 0.024390243902439025
0 0.36238888888888876 0.2121924721469437 0.01953125 0.024390243902439025
0 0.34436419753086406 0.20201722372779285 0.01953125 0.024390243902439025
0 0.46115432098765424 0.22144269798253538 0.01953125 0.024390243902439025
0 0.4710308641975309 0.22144269798253538 0.01953125 0.024390243902439025
0 0.5100432098765432 0.22760951520626316 0.01953125 0.024390243902439025
0 0.5293024691358025 0.22144269798253538 0.01953125 0.024390243902439025
0 0.5372037037037037 0.22298440228846733 0.01953125 0.024390243902439025
0 0.5490555555555555 0.22329274314965375 0.01953125 0.024390243902439025
0 0.5520185185185186 0.22945956037338155 0.01953125 0.024390243902439025
0 0.5554753086419754 0.23439301415236374 0.01953125 0.024390243902439025
0 0.5438703703703704 0.23315965070761824 0.01953125 0.024390243902439025
0 0.536462962962963 0.22945956037338155 0.01953125 0.024390243902439025
0 0.5633765432098765 0.2310012646793135 0.01953125 0.024390243902439025
0 0.5670802469135803 0.2359347184582957 0.01953125 0.024390243902439025
0 0.5725123456790123 0.23223462812405904 0.01953125 0.024390243902439025
0 0.5641172839506172 0.24333489912676906 0.01953125 0.024390243902439025
0 0.5707839506172839 0.24518494429388746 0.01953125 0.024390243902439025
0 0.5690555555555556 0.2485766937669377 0.01953125 0.024390243902439025
0 0.5727592592592593 0.2562852152965974 0.01953125 0.024390243902439025
0 0.5754753086419754 0.2516601023788016 0.01953125 0.024390243902439025
0 0.3342407407407407 0.26306871424269807 0.01953125 0.024390243902439025
0 0.3275740740740741 0.2581352604637158 0.01953125 0.024390243902439025
0 0.3174506172839506 0.2516601023788016 0.01953125 0.024390243902439025
0 0.3097962962962963 0.2522767841011744 0.01953125 0.024390243902439025
0 0.31547530864197526 0.2581352604637158 0.01953125 0.024390243902439025
0 0.3053518518518518 0.25597687443541106 0.01953125 0.024390243902439025
0 0.30337654320987645 0.26306871424269807 0.01953125 0.024390243902439025
0 0.3078209876543209 0.2652271002710027 0.01953125 0.024390243902439025
0 0.290537037037037 0.2661521228545619 0.01953125 0.024390243902439025
0 0.2836234567901234 0.2673854862993075 0.01953125 0.024390243902439025
0 0.3043641975308642 0.24734333032219216 0.01953125 0.024390243902439025
0 0.3053518518518518 0.2430265582655827 0.01953125 0.024390243902439025
0 0.30683333333333335 0.2359347184582957 0.01953125 0.024390243902439025
0 0.30559876543209874 0.22822619692863597 0.01953125 0.024390243902439025
0 0.31374691358024687 0.22791785606744963 0.01953125 0.024390243902439025
0 0.3073271604938271 0.22390942487202647 0.01953125 0.024390243902439025
0 0.2880679012345678 0.22082601626016257 0.01953125 0.024390243902439025
0 0.3181913580246913 0.22637615176151762 0.01953125 0.024390243902439025
0 0.32189506172839505 0.2291512195121951 0.01953125 0.024390243902439025
0 0.3214012345679012 0.2365514001806685 0.01953125 0.024390243902439025
0 0.32411728395061723 0.24364323998795548 0.01953125 0.024390243902439025
0 0.33251234567901233 0.24981005721168328 0.01953125 0.024390243902439025
0 0.3381913580246913 0.2485766937669377 0.01953125 0.024390243902439025
0 0.34831481481481474 0.2467266485998193 0.01953125 0.024390243902439025
0 0.33498148148148144 0.23377633242999094 0.01953125 0.024390243902439025
0 0.3310308641975308 0.23161794640168623 0.01953125 0.024390243902439025
0 0.33177160493827157 0.2220593797049082 0.01953125 0.024390243902439025
0 0.32708024691358023 0.22175103884372174 0.01953125 0.024390243902439025
0 0.3127592592592592 0.21835928937067148 0.01953125 0.024390243902439025
0 0.31374691358024687 0.2146591990364348 0.01953125 0.024390243902439025
0 0.29720370370370364 0.2180509485094851 0.01953125 0.024390243902439025
0 0.29473456790123453 0.22514278831677206 0.01953125 0.024390243902439025
0 0.26856172839506165 0.21959265281541704 0.01953125 0.024390243902439025
0 0.22905555555555546 0.21681758506473955 0.01953125 0.024390243902439025
0 0.23424074074074064 0.2152758807588076 0.01953125 0.024390243902439025
0 0.238932098765432 0.21558422161999397 0.01953125 0.024390243902439025
0 0.24164814814814806 0.21620090334236677 0.01953125 0.024390243902439025
0 0.22411728395061717 0.22082601626016257 0.01953125 0.024390243902439025
0 0.20016666666666655 0.21835928937067148 0.01953125 0.024390243902439025
0 0.19226543209876532 0.21835928937067148 0.01953125 0.024390243902439025
0 0.19448765432098752 0.22421776573321295 0.01953125 0.024390243902439025
0 0.18708024691358013 0.21404251731406204 0.01953125 0.024390243902439025
0 0.1826358024691357 0.21620090334236677 0.01953125 0.024390243902439025
0 0.281895061728395 0.22175103884372174 0.01953125 0.024390243902439025
0 0.27695679012345675 0.22082601626016257 0.01953125 0.024390243902439025
0 0.2752283950617283 0.22360108401084014 0.01953125 0.024390243902439025
0 0.3120185185185185 0.2353180367359229 0.01953125 0.024390243902439025
0 0.34066049382716046 0.22360108401084014 0.01953125 0.024390243902439025
0 0.3394259259259259 0.21743426678711236 0.01953125 0.024390243902439025
0 0.35473456790123453 0.2461099668774466 0.01953125 0.024390243902439025
0 0.08195679012345677 0.20540897320084314 0.01953125 0.024390243902439025
0 0.07183333333333332 0.21034242697982536 0.01953125 0.024390243902439025
0 0.07257407407407407 0.20540897320084314 0.01953125 0.024390243902439025
0 0.06294444444444443 0.20510063233965672 0.01953125 0.024390243902439025
0 0.057512345679012346 0.20787570009033426 0.01953125 0.024390243902439025
0 0.05380864197530863 0.20170888286660643 0.01953125 0.024390243902439025
0 0.03652469135802467 0.19893381511592895 0.01953125 0.024390243902439025
0 0.026401234567901218 0.1998588376994881 0.01953125 0.024390243902439025
0 0.04096913580246911 0.20849238181270702 0.01953125 0.024390243902439025
0 0.028870370370370366 0.2094174043962662 0.01953125 0.024390243902439025
0 0.016524691358024673 0.20325058717253838 0.01953125 0.024390243902439025
0 0.0029444444444444388 0.2023255645889792 0.01953125 0.024390243902439025
0 0.003438271604938261 0.19492538392050582 0.01953125 0.024390243902439025
0 0.09084567901234566 0.20170888286660643 0.01953125 0.024390243902439025
0 0.09158641975308643 0.21095910870219814 0.01953125 0.024390243902439025
0 0.09948765432098766 0.20325058717253838 0.01953125 0.024390243902439025
0 0.1004753086419753 0.20849238181270702 0.01953125 0.024390243902439025
0 0.10491975308641976 0.20849238181270702 0.01953125 0.024390243902439025
0 0.11158641975308643 0.21003408611863894 0.01953125 0.024390243902439025
0 0.14072222222222225 0.2112674495633845 0.01953125 0.024390243902439025
0 0.14442592592592593 0.21681758506473953 0.01953125 0.024390243902439025
0 0.13232716049382715 0.2121924721469437 0.01953125 0.024390243902439025
0 0.16195679012345676 0.21095910870219814 0.01953125 0.024390243902439025
0 0.15356172839506174 0.21712592592592592 0.01953125 0.024390243902439025
0 0.16640123456790124 0.2146591990364348 0.01953125 0.024390243902439025
0 0.1703518518518518 0.21897597109304426 0.01953125 0.024390243902439025
0 0.19998148148148148 0.21157579042457092 0.01953125 0.024390243902439025
0 0.2224506172839506 0.21527588075880758 0.01953125 0.024390243902439025
0 0.20911728395061727 0.21157579042457092 0.01953125 0.024390243902439025
0 0.12738888888888888 0.20972574525745258 0.01953125 0.024390243902439025
0 0.7767098765432098 0.23146377597109308 0.01953125 0.024390243902439025
0 0.7984382716049382 0.2265303221921109 0.01953125 0.024390243902439025
0 0.8191790123456788 0.23269713941583867 0.01953125 0.024390243902439025
0 0.6483148148148148 0.2240635953026197 0.01953125 0.024390243902439025
0 0.5683148148148148 0.22159686841312862 0.01953125 0.024390243902439025
0 0.576216049382716 0.2252969587473653 0.01953125 0.024390243902439025
0 0.03571200175208062 0.19154558721408507 0.01953125 0.024390243902439025
0 0.04359636443276393 0.1895764195592022 0.01953125 0.024390243902439025
0 0.03413512921594393 0.18366891659455364 0.01953125 0.024390243902439025
0 0.030455759964958418 0.18366891659455364 0.01953125 0.024390243902439025
0 0.024673893999123966 0.18366891659455364 0.01953125 0.024390243902439025
0 0.026250766535260633 0.17579224597502224 0.01953125 0.024390243902439025
0 0.02152014892685065 0.17776141362990508 0.01953125 0.024390243902439025
0 0.01678953131844067 0.18432530581284792 0.01953125 0.024390243902439025
0 0.010482041173894022 0.18104335972137647 0.01953125 0.024390243902439025
0 0.004174551029347356 0.1790741920664936 0.01953125 0.024390243902439025
0 0.00837954445904514 0.1902328087774965 0.01953125 0.024390243902439025
0 0.012584537888742905 0.1902328087774965 0.01953125 0.024390243902439025
0 0.0178407796758651 0.1948275333055565 0.01953125 0.024390243902439025
0 0.02204577310556287 0.1902328087774965 0.01953125 0.024390243902439025
0 0.004174551029347356 0.16922835379207934 0.01953125 0.024390243902439025
0 0.009956416995181787 0.1705411322286679 0.01953125 0.024390243902439025
0 0.01573828296101622 0.1725102998835508 0.01953125 0.024390243902439025
0 0.03834012264564169 0.17579224597502224 0.01953125 0.024390243902439025
0 0.04096824353920281 0.1705411322286679 0.01953125 0.024390243902439025
0 0.045173236968900576 0.17841780284819936 0.01953125 0.024390243902439025
0 0.05148072711344724 0.1751358567567279 0.01953125 0.024390243902439025
0 0.054108848007008326 0.18038697050308222 0.01953125 0.024390243902439025
0 0.05305759964958389 0.18498169503114223 0.01953125 0.024390243902439025
0 0.05305759964958389 0.19154558721408507 0.01953125 0.024390243902439025
0 0.04307074025405171 0.20139142548849934 0.01953125 0.024390243902439025
0 0.06304445904511606 0.19679670096043936 0.01953125 0.024390243902439025
0 0.06199321068769164 0.18760725190431934 0.01953125 0.024390243902439025
0 0.06882632501095051 0.18366891659455364 0.01953125 0.024390243902439025
0 0.06199321068769164 0.1751358567567279 0.01953125 0.024390243902439025
0 0.07040319754708717 0.17316668910184504 0.01953125 0.024390243902439025
0 0.07723631187034605 0.1725102998835508 0.01953125 0.024390243902439025
0 0.07460819097678494 0.18432530581284792 0.01953125 0.024390243902439025
0 0.0683007008322383 0.1902328087774965 0.01953125 0.024390243902439025
0 0.06882632501095051 0.19614031174214505 0.01953125 0.024390243902439025
0 0.07723631187034605 0.18826364112261365 0.01953125 0.024390243902439025
0 0.07671068769163383 0.1987658686153222 0.01953125 0.024390243902439025
0 0.07776193604905826 0.1935147548689679 0.01953125 0.024390243902439025
0 0.0861719229084538 0.18892003034090793 0.01953125 0.024390243902439025
0 0.09247941305300046 0.1862944734677308 0.01953125 0.024390243902439025
0 0.08774879544459044 0.1790741920664936 0.01953125 0.024390243902439025
0 0.08354380201489267 0.1679155753554908 0.01953125 0.024390243902439025
0 0.09773565484012266 0.18301252737625937 0.01953125 0.024390243902439025
0 0.09773565484012266 0.1895764195592022 0.01953125 0.024390243902439025
0 0.0919537888742882 0.19417114408726222 0.01953125 0.024390243902439025
0 0.08406942619360493 0.19417114408726222 0.01953125 0.024390243902439025
0 0.10299189662724485 0.19614031174214505 0.01953125 0.024390243902439025
0 0.10719689005694262 0.19810947939702792 0.01953125 0.024390243902439025
0 0.1119275076653526 0.20270420392508792 0.01953125 0.024390243902439025
0 0.11770937363118705 0.19088919799579077 0.01953125 0.024390243902439025
0 0.11350438020148929 0.19088919799579077 0.01953125 0.024390243902439025
0 0.10351752080595707 0.18695086268602504 0.01953125 0.024390243902439025
0 0.10246627244853264 0.17973058128478792 0.01953125 0.024390243902439025
0 0.1087737625930793 0.17973058128478792 0.01953125 0.024390243902439025
0 0.10824813841436705 0.18563808424943648 0.01953125 0.024390243902439025
0 0.11245313184406482 0.18498169503114223 0.01953125 0.024390243902439025
0 0.1192862461673237 0.17973058128478792 0.01953125 0.024390243902439025
0 0.12191436706088482 0.18826364112261365 0.01953125 0.024390243902439025
0 0.12296561541830925 0.18366891659455364 0.01953125 0.024390243902439025
0 0.13190122645641697 0.17973058128478792 0.01953125 0.024390243902439025
0 0.127170608848007 0.1902328087774965 0.01953125 0.024390243902439025
0 0.12191436706088482 0.19285836565067363 0.01953125 0.024390243902439025
0 0.11770937363118705 0.19614031174214505 0.01953125 0.024390243902439025
0 0.12033749452474814 0.20401698236167648 0.01953125 0.024390243902439025
0 0.12664498466929477 0.19810947939702792 0.01953125 0.024390243902439025
0 0.13242685063512924 0.19285836565067363 0.01953125 0.024390243902439025
0 0.13295247481384145 0.18432530581284792 0.01953125 0.024390243902439025
0 0.13715746824353922 0.18301252737625937 0.01953125 0.024390243902439025
0 0.15345181778361805 0.20729892845314793 0.01953125 0.024390243902439025
0 0.14504183092422251 0.20401698236167648 0.01953125 0.024390243902439025
0 0.13610621988611474 0.20401698236167648 0.01953125 0.024390243902439025
0 0.13820871660096368 0.1987658686153222 0.01953125 0.024390243902439025
0 0.1455674551029347 0.19417114408726222 0.01953125 0.024390243902439025
0 0.1439905825667981 0.18695086268602504 0.01953125 0.024390243902439025
0 0.1455674551029347 0.18301252737625937 0.01953125 0.024390243902439025
0 0.15082369689005695 0.18301252737625937 0.01953125 0.024390243902439025
0 0.14241371003066142 0.17644863519331647 0.01953125 0.024390243902439025
0 0.15660556285589136 0.18826364112261365 0.01953125 0.024390243902439025
0 0.15187494524748138 0.19548392252385077 0.01953125 0.024390243902439025
0 0.1597593079281647 0.19614031174214505 0.01953125 0.024390243902439025
0 0.16291305300043807 0.1987658686153222 0.01953125 0.024390243902439025
0 0.15923368374945251 0.20401698236167648 0.01953125 0.024390243902439025
0 0.16186180464301356 0.18563808424943648 0.01953125 0.024390243902439025
0 0.16291305300043807 0.17776141362990508 0.01953125 0.024390243902439025
0 0.17500240911081907 0.19614031174214505 0.01953125 0.024390243902439025
0 0.18078427507665354 0.20007864705191078 0.01953125 0.024390243902439025
0 0.1797330267192291 0.20926809610803077 0.01953125 0.024390243902439025
0 0.17605365746824356 0.20401698236167648 0.01953125 0.024390243902439025
0 0.17500240911081907 0.20795531767144224 0.01953125 0.024390243902439025
0 0.18709176522120013 0.2033605931433822 0.01953125 0.024390243902439025
0 0.18866863775733683 0.20926809610803077 0.01953125 0.024390243902439025
0 0.19445050372317124 0.20073503627020506 0.01953125 0.024390243902439025
0 0.20075799386771792 0.20073503627020506 0.01953125 0.024390243902439025
0 0.19602737625930794 0.19285836565067363 0.01953125 0.024390243902439025
0 0.1902455102934735 0.19220197643237935 0.01953125 0.024390243902439025
0 0.18551489268506352 0.19285836565067363 0.01953125 0.024390243902439025
0 0.19602737625930794 0.18563808424943648 0.01953125 0.024390243902439025
0 0.20338611476127902 0.18432530581284792 0.01953125 0.024390243902439025
0 0.20969360490582561 0.18432530581284792 0.01953125 0.024390243902439025
0 0.20706548401226457 0.1902328087774965 0.01953125 0.024390243902439025
0 0.2054886114761279 0.19679670096043936 0.01953125 0.024390243902439025
0 0.20969360490582561 0.20401698236167648 0.01953125 0.024390243902439025
0 0.21494984669294784 0.19942225783361647 0.01953125 0.024390243902439025
0 0.21021922908453786 0.19285836565067363 0.01953125 0.024390243902439025
0 0.2154754708716601 0.19088919799579077 0.01953125 0.024390243902439025
0 0.21337297415681117 0.1948275333055565 0.01953125 0.024390243902439025
0 0.21968046430135782 0.18760725190431934 0.01953125 0.024390243902439025
0 0.22230858519491895 0.1895764195592022 0.01953125 0.024390243902439025
0 0.22230858519491895 0.19548392252385077 0.01953125 0.024390243902439025
0 0.21810359176522115 0.20204781470679367 0.01953125 0.024390243902439025
0 0.2154754708716601 0.2086117068897365 0.01953125 0.024390243902439025
0 0.22073171265878228 0.2086117068897365 0.01953125 0.024390243902439025
0 0.2259879544459045 0.20467337157997076 0.01953125 0.024390243902439025
0 0.2275648269820412 0.19745309017873364 0.01953125 0.024390243902439025
0 0.22914169951817778 0.19154558721408507 0.01953125 0.024390243902439025
0 0.23124419623302672 0.18695086268602504 0.01953125 0.024390243902439025
0 0.23387231712658776 0.19548392252385077 0.01953125 0.024390243902439025
0 0.2333466929478756 0.20007864705191078 0.01953125 0.024390243902439025
0 0.23229544459045118 0.20664253923485365 0.01953125 0.024390243902439025
0 0.23755168637757332 0.20664253923485365 0.01953125 0.024390243902439025
0 0.2433335523434078 0.20401698236167648 0.01953125 0.024390243902439025
0 0.24123105562855887 0.19679670096043936 0.01953125 0.024390243902439025
0 0.23912855891371002 0.1895764195592022 0.01953125 0.024390243902439025
0 0.24438480070083224 0.19285836565067363 0.01953125 0.024390243902439025
0 0.25016666666666665 0.19220197643237935 0.01953125 0.024390243902439025
0 0.24858979413052998 0.19745309017873364 0.01953125 0.024390243902439025
0 0.24596167323696885 0.20139142548849934 0.01953125 0.024390243902439025
0 0.2564741568112133 0.19548392252385077 0.01953125 0.024390243902439025
0 0.2612047744196233 0.19417114408726222 0.01953125 0.024390243902439025
0 0.2643585194918966 0.1987658686153222 0.01953125 0.024390243902439025
0 0.26646101620674545 0.20401698236167648 0.01953125 0.024390243902439025
0 0.2764478756022777 0.20729892845314793 0.01953125 0.024390243902439025
0 0.27960162067455097 0.205329760798265 0.01953125 0.024390243902439025
0 0.28590911081909764 0.20401698236167648 0.01953125 0.024390243902439025
0 0.28748598335523434 0.20992448532632504 0.01953125 0.024390243902439025
0 0.27960162067455097 0.21517559907267933 0.01953125 0.024390243902439025
0 0.2764478756022777 0.21451920985438505 0.01953125 0.024390243902439025
0 0.27119163381515543 0.20795531767144224 0.01953125 0.024390243902439025
0 0.27855037231712654 0.19679670096043936 0.01953125 0.024390243902439025
0 0.2948447218572054 0.19548392252385077 0.01953125 0.024390243902439025
0 0.30062658782303986 0.19745309017873364 0.01953125 0.024390243902439025
0 0.2974728427507665 0.20664253923485365 0.01953125 0.024390243902439025
0 0.2922166009636443 0.21255004219950221 0.01953125 0.024390243902439025
0 0.2953703460359176 0.21648837750926786 0.01953125 0.024390243902439025
0 0.3016778361804643 0.2132064314177965 0.01953125 0.024390243902439025
0 0.30430595707402536 0.20401698236167648 0.01953125 0.024390243902439025
0 0.3100878230398598 0.20270420392508792 0.01953125 0.024390243902439025
0 0.3069340779675865 0.20992448532632504 0.01953125 0.024390243902439025
0 0.3137671922908453 0.20795531767144224 0.01953125 0.024390243902439025
0 0.3184978098992553 0.20729892845314793 0.01953125 0.024390243902439025
0 0.3206003066141042 0.20073503627020506 0.01953125 0.024390243902439025
0 0.32690779675865084 0.20729892845314793 0.01953125 0.024390243902439025
0 0.32375405168637755 0.2105808745446193 0.01953125 0.024390243902439025
0 0.3321640385457731 0.19679670096043936 0.01953125 0.024390243902439025
0 0.3321640385457731 0.20467337157997076 0.01953125 0.024390243902439025
0 0.3573939991239597 0.21255004219950221 0.01953125 0.024390243902439025
0 0.351086508979413 0.2105808745446193 0.01953125 0.024390243902439025
0 0.3410996495838808 0.2086117068897365 0.01953125 0.024390243902439025
0 0.33426653526062194 0.20992448532632504 0.01953125 0.024390243902439025
