0 0.010562908199421607 0.47607165251677597 0.01953125 0.030721966205837174
0 0.02872283902143511 0.4675021736403973 0.01953125 0.030721966205837174
0 0.0464287715728983 0.4560762018052256 0.01953125 0.030721966205837174
0 0.07185267472371724 0.47749989899617257 0.01953125 0.030721966205837174
0 0.08547262284022737 0.478928145475569 0.01953125 0.030721966205837174
0 0.09500658652178447 0.4910682405504389 0.01953125 0.030721966205837174
0 0.09092060208683142 0.4575044482846221 0.01953125 0.030721966205837174
0 0.11634450523765037 0.46821629688009553 0.01953125 0.030721966205837174
0 0.13632042914186523 0.4739292827976813 0.01953125 0.030721966205837174
0 0.14903238071727468 0.4560762018052256 0.01953125 0.030721966205837174
0 0.1667383132687379 0.4660739271610009 0.01953125 0.030721966205837174
0 0.17218629251534193 0.48892587083134414 0.01953125 0.030721966205837174
0 0.18444424582020105 0.48249876167406014 0.01953125 0.030721966205837174
0 0.19170821814900646 0.4589326947640186 0.01953125 0.030721966205837174
0 0.18716823544350308 0.43893724405246826 0.01953125 0.030721966205837174
0 0.23256806249853687 0.4910682405504389 0.01953125 0.030721966205837174
0 0.24891200023834903 0.4675021736403973 0.01953125 0.030721966205837174
0 0.22212610227587912 0.4410796137715629 0.01953125 0.030721966205837174
0 0.2266660849813825 0.4253689024982019 0.01953125 0.030721966205837174
0 0.20532816626551662 0.4310818884157877 0.01953125 0.030721966205837174
0 0.27388190511861765 0.4632174342022079 0.01953125 0.030721966205837174
0 0.2856858601529264 0.4924964870298353 0.01953125 0.030721966205837174
0 0.2779678895535707 0.43750899757307177 0.01953125 0.030721966205837174
0 0.3083857736804433 0.46250331096250974 0.01953125 0.030721966205837174
0 0.3020297978927386 0.48321288491375836 0.01953125 0.030721966205837174
0 0.32518370969080584 0.4675021736403973 0.01953125 0.030721966205837174
0 0.3301776906668596 0.4846411313931548 0.01953125 0.030721966205837174
0 0.3351716716429133 0.46821629688009553 0.01953125 0.030721966205837174
0 0.35378560073547716 0.4489349694082434 0.01953125 0.030721966205837174
0 0.37058353674583966 0.48821174759164593 0.01953125 0.030721966205837174
0 0.3796635021568464 0.48178463843436187 0.01953125 0.030721966205837174
0 0.3978234329788599 0.478928145475569 0.01953125 0.030721966205837174
0 0.39055946065005454 0.49178236379013707 0.01953125 0.030721966205837174
0 0.3742155229102424 0.46678805040069904 0.01953125 0.030721966205837174
0 0.3950994433555579 0.4310818884157877 0.01953125 0.030721966205837174
0 0.4173453586125245 0.47607165251677597 0.01953125 0.030721966205837174
0 0.41643736207142384 0.46107506448311325 0.01953125 0.030721966205837174
0 0.4282413171057326 0.43322425813488236 0.01953125 0.030721966205837174
0 0.40826539320151767 0.41894179334091786 0.01953125 0.030721966205837174
0 0.42597132575298086 0.40751582150574617 0.01953125 0.030721966205837174
0 0.4141673707186721 0.40251695882785854 0.01953125 0.030721966205837174
0 0.39282945200280617 0.363240180644456 0.01953125 0.030721966205837174
0 0.42233933958857817 0.37966501515751533 0.01953125 0.030721966205837174
0 0.4309653067290346 0.37966501515751533 0.01953125 0.030721966205837174
0 0.3592335799820812 0.3825215081163082 0.01953125 0.030721966205837174
0 0.34198164570116835 0.34324472993290567 0.01953125 0.030721966205837174
0 0.3310856872079603 0.37252378276053305 0.01953125 0.030721966205837174
0 0.3360796681840139 0.3925192334720834 0.01953125 0.030721966205837174
0 0.341527647430618 0.4103723144645391 0.01953125 0.030721966205837174
0 0.32518370969080584 0.42037003982031423 0.01953125 0.030721966205837174
0 0.2970358169166849 0.41751354686152137 0.01953125 0.030721966205837174
0 0.2970358169166849 0.3996604658690657 0.01953125 0.030721966205837174
0 0.2961278203755842 0.36895316656204186 0.01953125 0.030721966205837174
0 0.2979438134577856 0.3546707017680773 0.01953125 0.030721966205837174
0 0.26298594662540953 0.3925192334720834 0.01953125 0.030721966205837174
0 0.2507279933205504 0.4110864377042373 0.01953125 0.030721966205837174
0 0.2352920521218389 0.3903768637529887 0.01953125 0.030721966205837174
0 0.2539059812144028 0.37252378276053305 0.01953125 0.030721966205837174
0 0.2638939431665102 0.3525283320489826 0.01953125 0.030721966205837174
0 0.23983203482734228 0.3525283320489826 0.01953125 0.030721966205837174
0 0.21849411611147643 0.35609894824747373 0.01953125 0.030721966205837174
0 0.23256806249853687 0.3461012228916986 0.01953125 0.030721966205837174
0 0.21032214724157033 0.33967411373441453 0.01953125 0.030721966205837174
0 0.19670219912506018 0.37323790600023127 0.01953125 0.030721966205837174
0 0.2157701264881744 0.3825215081163082 0.01953125 0.030721966205837174
0 0.20396617145386559 0.40251695882785854 0.01953125 0.030721966205837174
0 0.1826282527379997 0.3946616031911781 0.01953125 0.030721966205837174
0 0.17945026484414733 0.4239406560188054 0.01953125 0.030721966205837174
0 0.15584235477552974 0.4103723144645391 0.01953125 0.030721966205837174
0 0.16900830462148958 0.4239406560188054 0.01953125 0.030721966205837174
0 0.11362051561434834 0.44322198349065756 0.01953125 0.030721966205837174
0 0.10454055020334155 0.4410796137715629 0.01953125 0.030721966205837174
0 0.11952249313150273 0.4239406560188054 0.01953125 0.030721966205837174
0 0.11770650004930139 0.40108871234846216 0.01953125 0.030721966205837174
0 0.09273659516903278 0.41394293066303023 0.01953125 0.030721966205837174
0 0.10408655193279122 0.3903768637529887 0.01953125 0.030721966205837174
0 0.09319059343958311 0.3839497545957047 0.01953125 0.030721966205837174
0 0.10681054155609324 0.37252378276053305 0.01953125 0.030721966205837174
0 0.12224648275480476 0.3639543038841543 0.01953125 0.030721966205837174
0 0.14403839974122096 0.3489577158504915 0.01953125 0.030721966205837174
0 0.06595069720656285 0.43750899757307177 0.01953125 0.030721966205837174
0 0.05369274390170372 0.43322425813488236 0.01953125 0.030721966205837174
0 0.08229463494637501 0.4153711771424267 0.01953125 0.030721966205837174
0 0.033716819997488844 0.4417937370112611 0.01953125 0.030721966205837174
0 0.03099283037418682 0.4089440679851426 0.01953125 0.030721966205837174
0 0.013740896093273969 0.40394520530725503 0.01953125 0.030721966205837174
0 0.013286897822723631 0.3825215081163082 0.01953125 0.030721966205837174
0 0.025544851127582747 0.37323790600023127 0.01953125 0.030721966205837174
0 0.03644080962079087 0.37466615247962776 0.01953125 0.030721966205837174
0 0.05187675081950235 0.38823449403389404 0.01953125 0.030721966205837174
0 0.07049067991206623 0.39109098699268696 0.01953125 0.030721966205837174
0 0.008292916846669917 0.36752492008264537 0.01953125 0.030721966205837174
0 0.002390939329515509 0.3511000855695862 0.01953125 0.030721966205837174
0 0.004660930682267197 0.3225351559816571 0.01953125 0.030721966205837174
0 0.024182856315931735 0.33967411373441453 0.01953125 0.030721966205837174
0 0.03053883210363648 0.3525283320489826 0.01953125 0.030721966205837174
0 0.053238745631153384 0.3461012228916986 0.01953125 0.030721966205837174
0 0.04325078367904593 0.3325328813374323 0.01953125 0.030721966205837174
0 0.06731269201821387 0.3296763883786394 0.01953125 0.030721966205837174
0 0.0664046954771132 0.3132515538655801 0.01953125 0.030721966205837174
0 0.02327485977483106 0.31967866302286424 0.01953125 0.030721966205837174
0 0.039618797514643235 0.3075385679479943 0.01953125 0.030721966205837174
0 0.08501862456967704 0.3089668144273907 0.01953125 0.030721966205837174
0 0.09727657787453615 0.3111091841464855 0.01953125 0.030721966205837174
0 0.09273659516903278 0.35609894824747373 0.01953125 0.030721966205837174
0 0.11407451388489868 0.3225351559816571 0.01953125 0.030721966205837174
0 0.12951045508361017 0.33967411373441453 0.01953125 0.030721966205837174
0 0.14812438417617402 0.32396340246105354 0.01953125 0.030721966205837174
0 0.13904441876516727 0.2996832123113138 0.01953125 0.030721966205837174
0 0.11589050696710003 0.29896908907161557 0.01953125 0.030721966205837174
0 0.10908053290884492 0.29825496583191735 0.01953125 0.030721966205837174
0 0.15357236342277805 0.3025397052701067 0.01953125 0.030721966205837174
0 0.13041845162471083 0.28754311723644393 0.01953125 0.030721966205837174
0 0.15221036861112705 0.28611487075704745 0.01953125 0.030721966205837174
0 0.1730942890564426 0.30111145879071033 0.01953125 0.030721966205837174
0 0.1717322942447916 0.3332470045771306 0.01953125 0.030721966205837174
0 0.1944322077723085 0.3089668144273907 0.01953125 0.030721966205837174
0 0.17990426311469768 0.2911137334349351 0.01953125 0.030721966205837174
0 0.1971561973956105 0.28754311723644393 0.01953125 0.030721966205837174
0 0.2157701264881744 0.29611259611282265 0.01953125 0.030721966205837174
0 0.21304613686487237 0.3111091841464855 0.01953125 0.030721966205837174
0 0.20578216453606696 0.2925419799143315 0.01953125 0.030721966205837174
0 0.22167210400532877 0.2832583777982546 0.01953125 0.030721966205837174
0 0.23211406422798656 0.27897363836006517 0.01953125 0.030721966205837174
0 0.23710804520404025 0.2925419799143315 0.01953125 0.030721966205837174
0 0.24119402963899333 0.30611032146859785 0.01953125 0.030721966205837174
0 0.23347605903963756 0.3261057721801482 0.01953125 0.030721966205837174
0 0.26434794143706053 0.3075385679479943 0.01953125 0.030721966205837174
0 0.26207795008430884 0.28397250103795274 0.01953125 0.030721966205837174
0 0.2539059812144028 0.29825496583191735 0.01953125 0.030721966205837174
0 0.26298594662540953 0.26754766652489353 0.01953125 0.030721966205837174
0 0.2539059812144028 0.253265201730929 0.01953125 0.030721966205837174
0 0.2697959206836646 0.23826861369726618 0.01953125 0.030721966205837174
0 0.2788758860946714 0.2711182827233847 0.01953125 0.030721966205837174
0 0.27751389128302034 0.2911137334349351 0.01953125 0.030721966205837174
0 0.2861398584234768 0.3075385679479943 0.01953125 0.030721966205837174
0 0.27705989301247 0.3111091841464855 0.01953125 0.030721966205837174
0 0.2752438999302687 0.3325328813374323 0.01953125 0.030721966205837174
0 0.2934038307522822 0.3375317440153199 0.01953125 0.030721966205837174
0 0.30747777713934266 0.3261057721801482 0.01953125 0.030721966205837174
0 0.30883977195099366 0.2996832123113138 0.01953125 0.030721966205837174
0 0.2979438134577856 0.28825724047614215 0.01953125 0.030721966205837174
0 0.3006678030810876 0.26611942004549705 0.01953125 0.030721966205837174
0 0.3165577425503494 0.2975408425922191 0.01953125 0.030721966205837174
0 0.3192817321736514 0.2582640644088166 0.01953125 0.030721966205837174
0 0.3329016802901616 0.28397250103795274 0.01953125 0.030721966205837174
0 0.3306316889374099 0.309680937667089 0.01953125 0.030721966205837174
0 0.3156497460092487 0.34467297641230216 0.01953125 0.030721966205837174
0 0.36150357133483285 0.3332470045771306 0.01953125 0.030721966205837174
0 0.3660435540403362 0.3175362933037695 0.01953125 0.030721966205837174
0 0.3406196508895173 0.29611259611282265 0.01953125 0.030721966205837174
0 0.36513555749923554 0.28754311723644393 0.01953125 0.030721966205837174
0 0.34016565261896703 0.32324927922135527 0.01953125 0.030721966205837174
0 0.38783547102675253 0.3275340186595446 0.01953125 0.030721966205837174
0 0.39055946065005454 0.34253060669320745 0.01953125 0.030721966205837174
0 0.4055414035782156 0.32467752570075176 0.01953125 0.030721966205837174
0 0.403271412225464 0.3525283320489826 0.01953125 0.030721966205837174
0 0.42324733612967885 0.34324472993290567 0.01953125 0.030721966205837174
0 0.43459729289343735 0.33467525105652696 0.01953125 0.030721966205837174
0 0.4386832773283903 0.3575271947268702 0.01953125 0.030721966205837174
0 0.4209773447769272 0.30396795174950314 0.01953125 0.030721966205837174
0 0.4291493136468333 0.2925419799143315 0.01953125 0.030721966205837174
0 0.40871939147206804 0.309680937667089 0.01953125 0.030721966205837174
0 0.39464544508500754 0.2975408425922191 0.01953125 0.030721966205837174
0 0.4105353845542694 0.28897136371584037 0.01953125 0.030721966205837174
0 0.43641328597563867 0.26754766652489353 0.01953125 0.030721966205837174
0 0.4282413171057326 0.2461239693339467 0.01953125 0.030721966205837174
0 0.4055414035782156 0.2632629270867042 0.01953125 0.030721966205837174
0 0.40826539320151767 0.23826861369726618 0.01953125 0.030721966205837174
0 0.3846574831329001 0.26754766652489353 0.01953125 0.030721966205837174
0 0.3846574831329001 0.27968776159976344 0.01953125 0.030721966205837174
0 0.3969154364377593 0.2261285186223963 0.01953125 0.030721966205837174
0 0.4246093309413299 0.2054189446711477 0.01953125 0.030721966205837174
0 0.436867284246189 0.20898956086963894 0.01953125 0.030721966205837174
0 0.44231526349279304 0.18756586367869202 0.01953125 0.030721966205837174
0 0.38601947794455116 0.20898956086963894 0.01953125 0.030721966205837174
0 0.37103753501639 0.19613534255507076 0.01953125 0.030721966205837174
0 0.3542395990060274 0.2232720256636034 0.01953125 0.030721966205837174
0 0.32790769931410785 0.23684036721786977 0.01953125 0.030721966205837174
0 0.3333556785607119 0.2261285186223963 0.01953125 0.030721966205837174
0 0.3056617840571413 0.24112510665605913 0.01953125 0.030721966205837174
0 0.30974776849209434 0.2232720256636034 0.01953125 0.030721966205837174
0 0.30883977195099366 0.21256017706812996 0.01953125 0.030721966205837174
0 0.32382171487915484 0.20684719115054417 0.01953125 0.030721966205837174
0 0.2856858601529264 0.21327430030782824 0.01953125 0.030721966205837174
0 0.29521982383448353 0.2025624517123548 0.01953125 0.030721966205837174
0 0.2974898151872352 0.23684036721786977 0.01953125 0.030721966205837174
0 0.25662997083770483 0.22827088834149098 0.01953125 0.030721966205837174
0 0.25208998813220146 0.2204155327048105 0.01953125 0.030721966205837174
0 0.2511819915911008 0.2054189446711477 0.01953125 0.030721966205837174
0 0.2697959206836646 0.19327884959627784 0.01953125 0.030721966205837174
0 0.2257580884402818 0.2511228320118343 0.01953125 0.030721966205837174
0 0.24164802790954362 0.23684036721786977 0.01953125 0.030721966205837174
0 0.24391801926229537 0.1918506031168814 0.01953125 0.030721966205837174
0 0.24119402963899333 0.1789963848023133 0.01953125 0.030721966205837174
0 0.24981999677944972 0.1704269059259346 0.01953125 0.030721966205837174
0 0.23256806249853687 0.1975635890344672 0.01953125 0.030721966205837174
0 0.2316600659574362 0.2204155327048105 0.01953125 0.030721966205837174
0 0.22348809708753012 0.20184832847265657 0.01953125 0.030721966205837174
0 0.2157701264881744 0.18899411015808848 0.01953125 0.030721966205837174
0 0.2253040901697315 0.17256927564502925 0.01953125 0.030721966205837174
0 0.21440813167652337 0.20113420523295833 0.01953125 0.030721966205837174
0 0.21395413340597305 0.21398842354752645 0.01953125 0.030721966205837174
0 0.20260417664221456 0.21398842354752645 0.01953125 0.030721966205837174
0 0.2048741679949663 0.253265201730929 0.01953125 0.030721966205837174
0 0.18444424582020105 0.26897591300429 0.01953125 0.030721966205837174
0 0.1839902475496507 0.23684036721786977 0.01953125 0.030721966205837174
0 0.19670219912506018 0.23826861369726618 0.01953125 0.030721966205837174
0 0.1921622164195568 0.21398842354752645 0.01953125 0.030721966205837174
0 0.2030581749127649 0.19827771227416544 0.01953125 0.030721966205837174
0 0.1935242112312078 0.20113420523295833 0.01953125 0.030721966205837174
0 0.2048741679949663 0.17828226156261506 0.01953125 0.030721966205837174
0 0.21440813167652337 0.16614216648774516 0.01953125 0.030721966205837174
0 0.1944322077723085 0.17756813832291687 0.01953125 0.030721966205837174
0 0.18308225100855005 0.19327884959627784 0.01953125 0.030721966205837174
0 0.17082429770369092 0.19399297283597608 0.01953125 0.030721966205837174
0 0.16719231153928824 0.21541667002692286 0.01953125 0.030721966205837174
0 0.17127829597424127 0.23684036721786977 0.01953125 0.030721966205837174
0 0.16038233748103317 0.253265201730929 0.01953125 0.030721966205837174
0 0.1658303167276372 0.27897363836006517 0.01953125 0.030721966205837174
0 0.16265232883378486 0.29825496583191735 0.01953125 0.030721966205837174
0 0.1349584343302142 0.26754766652489353 0.01953125 0.030721966205837174
0 0.11861449659040206 0.2811160080791599 0.01953125 0.030721966205837174
0 0.12451647410755645 0.2639770503264024 0.01953125 0.030721966205837174
0 0.10590254501499256 0.26897591300429 0.01953125 0.030721966205837174
0 0.08638061938132804 0.2832583777982546 0.01953125 0.030721966205837174
0 0.09455258825123412 0.2554075714500237 0.01953125 0.030721966205837174
0 0.11997649140205308 0.24041098341636088 0.01953125 0.030721966205837174
0 0.13405043778911355 0.23326975101937863 0.01953125 0.030721966205837174
0 0.1408604118473686 0.23112738130028393 0.01953125 0.030721966205837174
0 0.1503943755289257 0.2261285186223963 0.01953125 0.030721966205837174
0 0.14176840838846927 0.21398842354752645 0.01953125 0.030721966205837174
0 0.15947434093993249 0.20042008199326009 0.01953125 0.030721966205837174
0 0.1517563703405767 0.1704269059259346 0.01953125 0.030721966205837174
0 0.177634271761946 0.17256927564502925 0.01953125 0.030721966205837174
0 0.18989222506680511 0.16114330380985764 0.01953125 0.030721966205837174
0 0.20941415070046968 0.14186197633800546 0.01953125 0.030721966205837174
0 0.22348809708753012 0.13614899042041964 0.01953125 0.030721966205837174
0 0.19806419393671118 0.13614899042041964 0.01953125 0.030721966205837174
0 0.0750306626175696 0.2554075714500237 0.01953125 0.030721966205837174
0 0.062318711042160115 0.2696900362439882 0.01953125 0.030721966205837174
0 0.062318711042160115 0.2925419799143315 0.01953125 0.030721966205837174
0 0.05187675081950235 0.29397022639372794 0.01953125 0.030721966205837174
0 0.02872283902143511 0.2911137334349351 0.01953125 0.030721966205837174
0 0.013740896093273969 0.2811160080791599 0.01953125 0.030721966205837174
0 0.009200913387770593 0.26469117356610067 0.01953125 0.030721966205837174
0 0.0032989358706161844 0.2554075714500237 0.01953125 0.030721966205837174
0 0.018734877069327683 0.253265201730929 0.01953125 0.030721966205837174
0 0.024182856315931735 0.2489804622927396 0.01953125 0.030721966205837174
0 0.03190082691528749 0.23326975101937863 0.01953125 0.030721966205837174
0 0.02872283902143511 0.20684719115054417 0.01953125 0.030721966205837174
0 0.056416733525005744 0.253265201730929 0.01953125 0.030721966205837174
0 0.05777872833665674 0.23184150453998215 0.01953125 0.030721966205837174
0 0.0700366816415159 0.2082754376299406 0.01953125 0.030721966205837174
0 0.053238745631153384 0.20898956086963894 0.01953125 0.030721966205837174
0 0.09137460035738176 0.22684264186209455 0.01953125 0.030721966205837174
0 0.0845646262991267 0.2232720256636034 0.01953125 0.030721966205837174
0 0.10499454847389189 0.2032765749520531 0.01953125 0.030721966205837174
0 0.12133848621370409 0.21041780734903534 0.01953125 0.030721966205837174
0 0.11225852080269734 0.2261285186223963 0.01953125 0.030721966205837174
0 0.13178044643636186 0.19542121931537254 0.01953125 0.030721966205837174
0 0.13904441876516727 0.18899411015808848 0.01953125 0.030721966205837174
0 0.12678646546030814 0.17185515240533103 0.01953125 0.030721966205837174
0 0.11634450523765037 0.17685401508321863 0.01953125 0.030721966205837174
0 0.11316651734379801 0.19042235663748494 0.01953125 0.030721966205837174
0 0.09591458306288514 0.19827771227416544 0.01953125 0.030721966205837174
0 0.08955860727518042 0.18113875452140799 0.01953125 0.030721966205837174
0 0.07957064532307298 0.17613989184352039 0.01953125 0.030721966205837174
0 0.056870731795556066 0.17756813832291687 0.01953125 0.030721966205837174
0 0.03780280443244188 0.18899411015808848 0.01953125 0.030721966205837174
0 0.04960675946675066 0.1839952474802009 0.01953125 0.030721966205837174
0 0.01555688917547532 0.18899411015808848 0.01953125 0.030721966205837174
0 0.0032989358706161844 0.23826861369726618 0.01953125 0.030721966205837174
0 0.011924903011072619 0.15614444113196999 0.01953125 0.030721966205837174
0 0.026452847668683423 0.1711410291656328 0.01953125 0.030721966205837174
0 0.02463685458648207 0.19542121931537254 0.01953125 0.030721966205837174
0 0.04597477330234796 0.15257382493347885 0.01953125 0.030721966205837174
0 0.06277270931271045 0.1540020714128753 0.01953125 0.030721966205837174
0 0.0845646262991267 0.15828681085106472 0.01953125 0.030721966205837174
0 0.08865061073407973 0.14043372985860897 0.01953125 0.030721966205837174
0 0.09455258825123412 0.12258064886615332 0.01953125 0.030721966205837174
0 0.080932640134724 0.12615126506464444 0.01953125 0.030721966205837174
0 0.08365662975802603 0.09258747279882773 0.01953125 0.030721966205837174
0 0.06368070585381112 0.1275795115440409 0.01953125 0.030721966205837174
0 0.06368070585381112 0.10758406083249049 0.01953125 0.030721966205837174
0 0.05142275254895201 0.12615126506464444 0.01953125 0.030721966205837174
0 0.03780280443244188 0.1275795115440409 0.01953125 0.030721966205837174
0 0.032354825185837835 0.12258064886615332 0.01953125 0.030721966205837174
0 0.014648892634374645 0.12115240238675686 0.01953125 0.030721966205837174
0 0.018280878798777347 0.09615808899731887 0.01953125 0.030721966205837174
0 0.032354825185837835 0.084017993922449 0.01953125 0.030721966205837174
0 0.026906845939233762 0.0704496523681827 0.01953125 0.030721966205837174
0 0.011470904740522281 0.07259202208727737 0.01953125 0.030721966205837174
0 0.05369274390170372 0.06330841997120042 0.01953125 0.030721966205837174
0 0.07230667299426759 0.07116377560788091 0.01953125 0.030721966205837174
0 0.06504270066546218 0.07901913124456142 0.01953125 0.030721966205837174
0 0.06368070585381112 0.08830273336063836 0.01953125 0.030721966205837174
0 0.04415878022014661 0.09758633547671532 0.01953125 0.030721966205837174
0 0.039618797514643235 0.10544169111339581 0.01953125 0.030721966205837174
0 0.0954605847923348 0.06759315940938979 0.01953125 0.030721966205837174
0 0.1086265346382946 0.08044737772395787 0.01953125 0.030721966205837174
0 0.10363255366224088 0.10758406083249049 0.01953125 0.030721966205837174
0 0.10953453117939527 0.1354348671807214 0.01953125 0.030721966205837174
0 0.12951045508361017 0.109012307311887 0.01953125 0.030721966205837174
0 0.13677442741241558 0.10758406083249049 0.01953125 0.030721966205837174
0 0.1276944620014088 0.08258974744305256 0.01953125 0.030721966205837174
0 0.13268844297746252 0.07544851504607028 0.01953125 0.030721966205837174
0 0.15448035996387874 0.09901458195611178 0.01953125 0.030721966205837174
0 0.15584235477552974 0.08758861012094013 0.01953125 0.030721966205837174
0 0.15765834785773114 0.06545078969029511 0.01953125 0.030721966205837174
0 0.13768242395351624 0.1275795115440409 0.01953125 0.030721966205837174
0 0.12905645681305983 0.1454325925364966 0.01953125 0.030721966205837174
0 0.11952249313150273 0.15614444113196999 0.01953125 0.030721966205837174
0 0.0990925709567375 0.165428043248047 0.01953125 0.030721966205837174
0 0.14040641357681827 0.15828681085106472 0.01953125 0.030721966205837174
0 0.14358440147067064 0.1411478530983072 0.01953125 0.030721966205837174
0 0.15811234612828148 0.1482890854952895 0.01953125 0.030721966205837174
0 0.1503943755289257 0.11758178618826573 0.01953125 0.030721966205837174
0 0.15493435823442908 0.13043600450283382 0.01953125 0.030721966205837174
0 0.16991630116259024 0.12543714182494622 0.01953125 0.030721966205837174
0 0.16537631845708686 0.10615581435309404 0.01953125 0.030721966205837174
0 0.178996266573597 0.09401571927822418 0.01953125 0.030721966205837174
0 0.178996266573597 0.1325783742219285 0.01953125 0.030721966205837174
0 0.19170821814900646 0.12115240238675686 0.01953125 0.030721966205837174
0 0.20805215588881865 0.10544169111339581 0.01953125 0.030721966205837174
0 0.207144159347718 0.12258064886615332 0.01953125 0.030721966205837174
0 0.21758611957037574 0.10544169111339581 0.01953125 0.030721966205837174
0 0.22893607633413418 0.11115467703098163 0.01953125 0.030721966205837174
0 0.24074003136844296 0.11258292351037807 0.01953125 0.030721966205837174
0 0.2362000486629396 0.09330159603852596 0.01953125 0.030721966205837174
0 0.19806419393671118 0.08830273336063836 0.01953125 0.030721966205837174
0 0.21395413340597305 0.07901913124456142 0.01953125 0.030721966205837174
0 0.25935396046100684 0.07402026856667382 0.01953125 0.030721966205837174
0 0.24800400369724837 0.06545078969029511 0.01953125 0.030721966205837174
0 0.2543599794849531 0.09615808899731887 0.01953125 0.030721966205837174
0 0.24028603309789265 0.08258974744305256 0.01953125 0.030721966205837174
0 0.2529979846733021 0.12115240238675686 0.01953125 0.030721966205837174
0 0.2602619570021075 0.11543941646917104 0.01953125 0.030721966205837174
0 0.24800400369724837 0.1454325925364966 0.01953125 0.030721966205837174
0 0.2657099362487116 0.16685628972744346 0.01953125 0.030721966205837174
0 0.27388190511861765 0.17756813832291687 0.01953125 0.030721966205837174
0 0.2820538739885237 0.18256700100080445 0.01953125 0.030721966205837174
0 0.3042997892454903 0.18542349395959734 0.01953125 0.030721966205837174
0 0.2943118272933829 0.17542576860382217 0.01953125 0.030721966205837174
0 0.32518370969080584 0.17828226156261506 0.01953125 0.030721966205837174
0 0.3306316889374099 0.16685628972744346 0.01953125 0.030721966205837174
0 0.31746573909145004 0.1625715502892541 0.01953125 0.030721966205837174
0 0.3192817321736514 0.15043145521438417 0.01953125 0.030721966205837174
0 0.31020176676264466 0.14043372985860897 0.01953125 0.030721966205837174
0 0.3029377944338393 0.1454325925364966 0.01953125 0.030721966205837174
0 0.2943118272933829 0.13186425098223026 0.01953125 0.030721966205837174
0 0.2875018532351278 0.14757496225559127 0.01953125 0.030721966205837174
0 0.2847778636118257 0.15828681085106472 0.01953125 0.030721966205837174
0 0.2707039172247652 0.13614899042041964 0.01953125 0.030721966205837174
0 0.27842188782412103 0.1275795115440409 0.01953125 0.030721966205837174
0 0.2725199103069666 0.10044282843550822 0.01953125 0.030721966205837174
0 0.27297390857751697 0.0704496523681827 0.01953125 0.030721966205837174
0 0.29113383939953047 0.0704496523681827 0.01953125 0.030721966205837174
0 0.2934038307522822 0.10401344463399936 0.01953125 0.030721966205837174
0 0.30248379616328896 0.08758861012094013 0.01953125 0.030721966205837174
0 0.31020176676264466 0.09401571927822418 0.01953125 0.030721966205837174
0 0.3056617840571413 0.11258292351037807 0.01953125 0.030721966205837174
0 0.3229137183380542 0.10115695167520644 0.01953125 0.030721966205837174
0 0.32790769931410785 0.08616036364154368 0.01953125 0.030721966205837174
0 0.3165577425503494 0.07901913124456142 0.01953125 0.030721966205837174
0 0.3333556785607119 0.11115467703098163 0.01953125 0.030721966205837174
0 0.32881569585520853 0.13043600450283382 0.01953125 0.030721966205837174
0 0.35015361457107447 0.13614899042041964 0.01953125 0.030721966205837174
0 0.341527647430618 0.14043372985860897 0.01953125 0.030721966205837174
0 0.33744166299566497 0.15043145521438417 0.01953125 0.030721966205837174
0 0.3492456180299738 0.17828226156261506 0.01953125 0.030721966205837174
0 0.39010546237950416 0.18542349395959734 0.01953125 0.030721966205837174
0 0.3778475090746451 0.16328567352895226 0.01953125 0.030721966205837174
0 0.3701295384752893 0.14686083901589303 0.01953125 0.030721966205837174
0 0.3801175004273967 0.13043600450283382 0.01953125 0.030721966205837174
0 0.3882894692973028 0.12829363478373912 0.01953125 0.030721966205837174
0 0.3923754537322559 0.109012307311887 0.01953125 0.030721966205837174
0 0.3969154364377593 0.14686083901589303 0.01953125 0.030721966205837174
0 0.39328345027335654 0.1618574270495558 0.01953125 0.030721966205837174
0 0.41552936553032316 0.17756813832291687 0.01953125 0.030721966205837174
0 0.42324733612967885 0.13186425098223026 0.01953125 0.030721966205837174
0 0.4159833638008734 0.13757723689981607 0.01953125 0.030721966205837174
0 0.4064494001193163 0.11829590942796396 0.01953125 0.030721966205837174
0 0.4159833638008734 0.11615353970886928 0.01953125 0.030721966205837174
0 0.43051130845848423 0.11044055379128345 0.01953125 0.030721966205837174
0 0.4350512911639876 0.09544396575762062 0.01953125 0.030721966205837174
0 0.44231526349279304 0.0704496523681827 0.01953125 0.030721966205837174
0 0.42506332921188017 0.07402026856667382 0.01953125 0.030721966205837174
0 0.41144338109537004 0.06902140588878623 0.01953125 0.030721966205837174
0 0.40826539320151767 0.08258974744305256 0.01953125 0.030721966205837174
0 0.38601947794455116 0.09044510307973305 0.01953125 0.030721966205837174
0 0.39055946065005454 0.07616263828576851 0.01953125 0.030721966205837174
0 0.3805714986979471 0.0704496523681827 0.01953125 0.030721966205837174
0 0.3637735626875846 0.06545078969029511 0.01953125 0.030721966205837174
0 0.36150357133483285 0.08616036364154368 0.01953125 0.030721966205837174
0 0.36014157652318185 0.11543941646917104 0.01953125 0.030721966205837174
0 0.34288964224226903 0.07901913124456142 0.01953125 0.030721966205837174
0 0.3569635886293295 0.07259202208727737 0.01953125 0.030721966205837174
0 0.2543983455359855 0.04720985601378744 0.01953125 0.030721966205837174
0 0.2740009997353641 0.04638760848075462 0.01953125 0.030721966205837174
0 0.2800124803565069 0.029120410287065433 0.01953125 0.030721966205837174
0 0.2672054129462462 0.026653667687967 0.01953125 0.030721966205837174
0 0.2530915019226936 0.02788703898751623 0.01953125 0.030721966205837174
0 0.24185264684838323 0.021309058723253678 0.01953125 0.030721966205837174
0 0.22015904286773758 0.01760894482460598 0.01953125 0.030721966205837174
0 0.2083974503481104 0.04638760848075462 0.01953125 0.030721966205837174
0 0.19454490804721622 0.05954356900927972 0.01953125 0.030721966205837174
0 0.19140848337531563 0.06899941563915714 0.01953125 0.030721966205837174
0 0.19428353932455783 0.07804413850251816 0.01953125 0.030721966205837174
0 0.28393301119638265 0.06118806407534536 0.01953125 0.030721966205837174
0 0.29726281605196003 0.03775400938391004 0.01953125 0.030721966205837174
0 0.29569460371600975 0.0184311923576388 0.01953125 0.030721966205837174
0 0.306149352622345 0.03199827665268031 0.01953125 0.030721966205837174
0 0.3124222019661462 0.02418692508886853 0.01953125 0.030721966205837174
0 0.31947915747792244 0.03487614301829516 0.01953125 0.030721966205837174
0 0.3113767270755126 0.043920865881656175 0.01953125 0.030721966205837174
0 0.3176495764193138 0.05954356900927972 0.01953125 0.030721966205837174
0 0.3388204429546427 0.0624214353748946 0.01953125 0.030721966205837174
0 0.33045664382957446 0.04926547484636949 0.01953125 0.030721966205837174
0 0.3398659178452762 0.042687494582106945 0.01953125 0.030721966205837174
0 0.3495365605836363 0.036931761850877216 0.01953125 0.030721966205837174
0 0.358945834599338 0.04433198964817259 0.01953125 0.030721966205837174
0 0.3741052205135241 0.03775400938391004 0.01953125 0.030721966205837174
0 0.38403723197454265 0.03199827665268031 0.01953125 0.030721966205837174
0 0.35999130948997154 0.0184311923576388 0.01953125 0.030721966205837174
0 0.34849108569300274 0.015553325992023952 0.01953125 0.030721966205837174
0 0.32993390638425774 0.019253439890671624 0.01953125 0.030721966205837174
0 0.3594685720446548 0.1557465303741195 0.01953125 0.030721966205837174
0 0.37149153328694035 0.11011179229079807 0.01953125 0.030721966205837174
0 0.3908328187636606 0.05748795017669769 0.01953125 0.030721966205837174
0 0.38560544431049293 0.04803210354682026 0.01953125 0.030721966205837174
0 0.008189008791790419 0.04063187574952492 0.01953125 0.030721966205837174
0 0.006098059010523358 0.02418692508886853 0.01953125 0.030721966205837174
0 0.021780182370026234 0.05748795017669769 0.01953125 0.030721966205837174
0 0.03275766872167826 0.0578990739432141 0.01953125 0.030721966205837174
0 0.03798504317484588 0.05378783627805002 0.01953125 0.030721966205837174
0 0.040860099124088084 0.04063187574952492 0.01953125 0.030721966205837174
0 0.03171219383104473 0.02788703898751623 0.01953125 0.030721966205837174
0 0.057849066096882854 0.02788703898751623 0.01953125 0.030721966205837174
0 0.06176959693675857 0.055432331344115626 0.01953125 0.030721966205837174
0 0.07222434584309384 0.05502120757759922 0.01953125 0.030721966205837174
0 0.08450867580803775 0.046798732247271026 0.01953125 0.030721966205837174
0 0.08633825686664642 0.06118806407534536 0.01953125 0.030721966205837174
0 0.09444068726905627 0.02213130625628647 0.01953125 0.030721966205837174
0 0.10986144190590076 0.02788703898751623 0.01953125 0.030721966205837174
0 0.11665702869501866 0.014731078458991131 0.01953125 0.030721966205837174
0 0.13233915205452154 0.019253439890671624 0.01953125 0.030721966205837174
0 0.12240714059350305 0.057076826410181275 0.01953125 0.030721966205837174
0 0.10646364851134178 0.05132109367895155 0.01953125 0.030721966205837174
0 0.14619169435541574 0.05461008381108281 0.01953125 0.030721966205837174
0 0.13678242033971402 0.06118806407534536 0.01953125 0.030721966205837174
0 0.1746808851251793 0.057076826410181275 0.01953125 0.030721966205837174
0 0.18069236574632208 0.058721321476246896 0.01953125 0.030721966205837174
0 0.19506764549253305 0.04227637081559053 0.01953125 0.030721966205837174
0 0.1812151031916388 0.026242543921450583 0.01953125 0.030721966205837174
0 0.16030560537896832 0.020486811190220857 0.01953125 0.030721966205837174
0 0.1537713873125088 0.03282052418571313 0.01953125 0.030721966205837174
0 0.14174842607022325 0.02213130625628647 0.01953125 0.030721966205837174
0 0.20107912611367582 0.011030964560343429 0.01953125 0.030721966205837174
0 0.18670384636746484 0.014731078458991131 0.01953125 0.030721966205837174
0 0.21467029969191162 0.0624214353748946 0.01953125 0.030721966205837174
0 0.08764510047993831 0.03055934346987294 0.01953125 0.030721966205837174
0 0.2256477860435636 0.04618204659749644 0.01953125 0.030721966205837174
0 0.23610253494989888 0.040426313866266744 0.01953125 0.030721966205837174
0 0.16919214194935325 0.16294119628815665 0.01953125 0.030721966205837174
0 0.42167432803734956 0.03302608606897134 0.01953125 0.030721966205837174
0 0.39919661788872884 0.03487614301829516 0.01953125 0.030721966205837174
0 0.3976284055527785 0.014731078458991131 0.01953125 0.030721966205837174
0 0.4065149421231635 0.013497707159441895 0.01953125 0.030721966205837174
0 0.4336972892796352 0.016786697291573158 0.01953125 0.030721966205837174
0 0.4376178201195109 0.012264335859892662 0.01953125 0.030721966205837174
0 0.41121957913101437 0.032409400419196724 0.01953125 0.030721966205837174
0 0.43265181438900163 0.05461008381108281 0.01953125 0.030721966205837174
0 0.40337851745126296 0.05502120757759922 0.01953125 0.030721966205837174
0 0.42089022186937447 0.05461008381108281 0.01953125 0.030721966205837174
0 0.4336972892796352 0.169313614669161 0.01953125 0.030721966205837174
0 0.2747851059033393 0.01760894482460598 0.01953125 0.030721966205837174
0 0.2894217543722087 0.09325571786362528 0.01953125 0.030721966205837174
0 0.19820407016443356 0.02706479145448341 0.01953125 0.030721966205837174
0 0.23793211600850753 0.05748795017669769 0.01953125 0.030721966205837174
0 0.231397897942048 0.07681076720296894 0.01953125 0.030721966205837174
0 0.22486367987558847 0.0883222326654284 0.01953125 0.030721966205837174
0 0.03537135594826208 0.26901112804939026 0.01953125 0.030721966205837174
0 0.009234483682423938 0.31670148496529377 0.01953125 0.030721966205837174
0 0.006098059010523387 0.45072783284964313 0.01953125 0.030721966205837174
0 0.04478062996396377 0.5140408928931701 0.01953125 0.030721966205837174
0 0.035894093393578845 0.5049961700298091 0.01953125 0.030721966205837174
0 0.013939120690274786 0.5082851601619404 0.01953125 0.030721966205837174
0 0.0672583401125846 0.5181521305583342 0.01953125 0.030721966205837174
0 0.08555415069867126 0.5123963978271044 0.01953125 0.030721966205837174
0 0.10646364851134175 0.5000626848316122 0.01953125 0.030721966205837174
0 0.12057755953489437 0.5066406650958748 0.01953125 0.030721966205837174
0 0.13469147055844696 0.5066406650958748 0.01953125 0.030721966205837174
0 0.16396476749618563 0.505818417562842 0.01953125 0.030721966205837174
0 0.17232856662125384 0.523907863289564 0.01953125 0.030721966205837174
0 0.1963744891058249 0.5197966256243999 0.01953125 0.030721966205837174
0 0.2915127041534757 0.514863140426203 0.01953125 0.030721966205837174
0 0.30719482751297855 0.5066406650958748 0.01953125 0.030721966205837174
0 0.3354226495600837 0.5165076354922685 0.01953125 0.030721966205837174
0 0.3918782936542941 0.5132186453601373 0.01953125 0.030721966205837174
0 0.4368337139515357 0.5123963978271044 0.01953125 0.030721966205837174
0 0.44258382585002004 0.4367496247880852 0.01953125 0.030721966205837174
0 0.39658293066214495 0.39892623826857554 0.01953125 0.030721966205837174
0 0.3176495764193138 0.3997484858016084 0.01953125 0.030721966205837174
0 0.34535466102110224 0.11853982950438446 0.01953125 0.030721966205837174
0 0.49934894611303804 0.7359489734252828 0.01953125 0.030721966205837174
0 0.14127557198461796 0.3647501607602711 0.01953125 0.030721966205837174
0 0.05513897667371073 0.5291017190153512 0.01953125 0.030721966205837174
0 0.03831940480826729 0.5459377323000179 0.01953125 0.030721966205837174
0 0.030674144869429362 0.5788080439510339 0.01953125 0.030721966205837174
0 0.0031512090896128452 0.5788080439510339 0.01953125 0.030721966205837174
0 0.002641525093690317 0.6052646362555102 0.01953125 0.030721966205837174
0 0.011815837020295823 0.6196955047852245 0.01953125 0.030721966205837174
0 0.024048252922436498 0.6148852152753197 0.01953125 0.030721966205837174
0 0.00722868105699307 0.6461520970897007 0.01953125 0.030721966205837174
0 0.017932044971366162 0.6702035446392248 0.01953125 0.030721966205837174
0 0.004170577081457901 0.6870395579238915 0.01953125 0.030721966205837174
0 0.0031512090896128452 0.71590129498332 0.01953125 0.030721966205837174
0 0.00722868105699307 0.7768316287754474 0.01953125 0.030721966205837174
0 0.07042949655138654 0.8273396686294475 0.01953125 0.030721966205837174
0 0.058197080649245905 0.8032882210799237 0.01953125 0.030721966205837174
0 0.06991981255546403 0.7760299138571299 0.01953125 0.030721966205837174
0 0.057687396653323356 0.7696161945105902 0.01953125 0.030721966205837174
0 0.06329392060847115 0.7287287336763995 0.01953125 0.030721966205837174
0 0.04749371673487279 0.7656076199190028 0.01953125 0.030721966205837174
0 0.053100240690020624 0.696660136943701 0.01953125 0.030721966205837174
0 0.07654570450245687 0.7094875756367803 0.01953125 0.030721966205837174
0 0.05564866066963324 0.6557726761095104 0.01953125 0.030721966205837174
0 0.058197080649245905 0.632522943478304 0.01953125 0.030721966205837174
0 0.06125518462478103 0.5619720306663671 0.01953125 0.030721966205837174
0 0.06788107657177392 0.5371188681985258 0.01953125 0.030721966205837174
0 0.07858444048614699 0.5202828549138591 0.01953125 0.030721966205837174
0 0.09132654038421022 0.5363171532802083 0.01953125 0.030721966205837174
0 0.09081685638828767 0.5515497367282401 0.01953125 0.030721966205837174
0 0.10355895628635088 0.5234897145871289 0.01953125 0.030721966205837174
0 0.11222358421703384 0.5395240129534782 0.01953125 0.030721966205837174
0 0.12343663212732946 0.556360026238145 0.01953125 0.030721966205837174
0 0.10814611224965362 0.5860234782158911 0.01953125 0.030721966205837174
0 0.09438464435974538 0.5699891798495418 0.01953125 0.030721966205837174
0 0.09183622438013272 0.599652631827288 0.01953125 0.030721966205837174
0 0.08673938442090744 0.610074925765415 0.01953125 0.030721966205837174
0 0.10355895628635088 0.6309195136416691 0.01953125 0.030721966205837174
0 0.10050085231081572 0.6517641015179231 0.01953125 0.030721966205837174
0 0.13057220807024486 0.6309195136416691 0.01953125 0.030721966205837174
0 0.12292694813140695 0.5884286229708433 0.01953125 0.030721966205837174
0 0.1473917799356883 0.6501606716812882 0.01953125 0.030721966205837174
0 0.1290431560824773 0.6758155490674469 0.01953125 0.030721966205837174
0 0.11732042417625912 0.7231167292481773 0.01953125 0.030721966205837174
0 0.09030717239236516 0.7471681767977012 0.01953125 0.030721966205837174
0 0.09744274833528055 0.8297448133844001 0.01953125 0.030721966205837174
0 0.14688209593976576 0.808900225508146 0.01953125 0.030721966205837174
0 0.15809514385006138 0.7760299138571299 0.01953125 0.030721966205837174
0 0.16777913977258943 0.7487716066343361 0.01953125 0.030721966205837174
0 0.1295528400783998 0.7207115844932249 0.01953125 0.030721966205837174
0 0.14637241194384323 0.717504724819955 0.01953125 0.030721966205837174
0 0.16828882376851192 0.7207115844932249 0.01953125 0.030721966205837174
0 0.17950187167880755 0.7070824308818281 0.01953125 0.030721966205837174
0 0.14331430796830807 0.6926515623521138 0.01953125 0.030721966205837174
0 0.1565660918622938 0.6686001148025899 0.01953125 0.030721966205837174
0 0.18103092366657517 0.6108766406837325 0.01953125 0.030721966205837174
0 0.15911451184190642 0.6124800705203673 0.01953125 0.030721966205837174
0 0.1346496800376251 0.5699891798495418 0.01953125 0.030721966205837174
0 0.13261094405393498 0.533912008525256 0.01953125 0.030721966205837174
0 0.16268229981336416 0.5739977544411291 0.01953125 0.030721966205837174
0 0.1545273558786037 0.5419291577084306 0.01953125 0.030721966205837174
0 0.18612776362580044 0.5499463068916052 0.01953125 0.030721966205837174
0 0.18154060766249766 0.5675840350945893 0.01953125 0.030721966205837174
0 0.18816649960949056 0.5972474870723355 0.01953125 0.030721966205837174
0 0.19937954751978612 0.5675840350945893 0.01953125 0.030721966205837174
0 0.21416038340153948 0.575601184277764 0.01953125 0.030721966205837174
0 0.20090859950755374 0.6068680660921452 0.01953125 0.030721966205837174
0 0.20702480745862406 0.6405400926614786 0.01953125 0.030721966205837174
0 0.21976690735668725 0.6261092241317643 0.01953125 0.030721966205837174
0 0.2039667034830889 0.6798241236590343 0.01953125 0.030721966205837174
0 0.20447638747901142 0.7094875756367803 0.01953125 0.030721966205837174
0 0.19581175954832847 0.7503750364709711 0.01953125 0.030721966205837174
0 0.19224397157687073 0.6926515623521138 0.01953125 0.030721966205837174
0 0.18612776362580044 0.8121070851814156 0.01953125 0.030721966205837174
0 0.2284315352873702 0.7936676420601141 0.01953125 0.030721966205837174
0 0.22333469532814498 0.7752281989388123 0.01953125 0.030721966205837174
0 0.22690248329960266 0.7319355933496694 0.01953125 0.030721966205837174
0 0.24321237116912356 0.6661949700476374 0.01953125 0.030721966205837174
0 0.23862521520582078 0.5739977544411291 0.01953125 0.030721966205837174
0 0.22588311530775765 0.5307051488519862 0.01953125 0.030721966205837174
0 0.23862521520582078 0.5419291577084306 0.01953125 0.030721966205837174
0 0.22078627534853232 0.5146708504856369 0.01953125 0.030721966205837174
0 0.2508576311079615 0.5242914295054464 0.01953125 0.030721966205837174
0 0.2635997310060247 0.5395240129534782 0.01953125 0.030721966205837174
0 0.26716751897748237 0.5884286229708433 0.01953125 0.030721966205837174
0 0.2651287829937922 0.6044629213371928 0.01953125 0.030721966205837174
0 0.25442541907941923 0.5956440572357006 0.01953125 0.030721966205837174
0 0.28806456281030607 0.6613846805377327 0.01953125 0.030721966205837174
0 0.261051311026412 0.7118927203917328 0.01953125 0.030721966205837174
0 0.2737934109244752 0.7054790010451931 0.01953125 0.030721966205837174
0 0.2661481509856374 0.7471681767977012 0.01953125 0.030721966205837174
0 0.26309004701010213 0.7760299138571299 0.01953125 0.030721966205837174
0 0.2635997310060247 0.8313482432210348 0.01953125 0.030721966205837174
0 0.2906129827899187 0.8313482432210348 0.01953125 0.030721966205837174
0 0.287045194818461 0.7832453481219871 0.01953125 0.030721966205837174
0 0.20192796749939879 0.8377619625675745 0.01953125 0.030721966205837174
0 0.31507781459420003 0.7752281989388123 0.01953125 0.030721966205837174
0 0.30539381867167203 0.7503750364709711 0.01953125 0.030721966205837174
0 0.30539381867167203 0.7102892905550978 0.01953125 0.030721966205837174
0 0.30692287065943963 0.6766172639857644 0.01953125 0.030721966205837174
0 0.3074325546553622 0.6589795357827801 0.01953125 0.030721966205837174
0 0.29265171877360874 0.6012560616639228 0.01953125 0.030721966205837174
0 0.287045194818461 0.5868251931342086 0.01953125 0.030721966205837174
0 0.29774855873283407 0.553153166564875 0.01953125 0.030721966205837174
0 0.3064131866635171 0.533912008525256 0.01953125 0.030721966205837174
0 0.30080666270836925 0.5186794250772241 0.01953125 0.030721966205837174
0 0.34565885434955174 0.533912008525256 0.01953125 0.030721966205837174
0 0.33495549043517864 0.5731960395228116 0.01953125 0.030721966205837174
0 0.34005233039440386 0.6445486672530659 0.01953125 0.030721966205837174
0 0.35126537830469945 0.6068680660921452 0.01953125 0.030721966205837174
0 0.3466782223413968 0.6597812507010976 0.01953125 0.030721966205837174
0 0.33189738645964334 0.6854361280872565 0.01953125 0.030721966205837174
0 0.32832959848818577 0.7231167292481773 0.01953125 0.030721966205837174
0 0.3369942264188687 0.7928659271417966 0.01953125 0.030721966205837174
0 0.3232327585289605 0.7920642122234792 0.01953125 0.030721966205837174
0 0.3634977942068402 0.7335390231863044 0.01953125 0.030721966205837174
0 0.37165273814160066 0.7191081546565901 0.01953125 0.030721966205837174
0 0.3742011581212133 0.7487716066343361 0.01953125 0.030721966205837174
0 0.377768946092671 0.7976762166517014 0.01953125 0.030721966205837174
0 0.3573815862557698 0.8225293791195429 0.01953125 0.030721966205837174
0 0.34718790633731933 0.71590129498332 0.01953125 0.030721966205837174
0 0.4251695577134661 0.8032882210799237 0.01953125 0.030721966205837174
0 0.43383418564414905 0.7912624973051617 0.01953125 0.030721966205837174
0 0.4124274578154029 0.7503750364709711 0.01953125 0.030721966205837174
0 0.3925497819744243 0.7287287336763995 0.01953125 0.030721966205837174
0 0.38898199400296657 0.6870395579238915 0.01953125 0.030721966205837174
0 0.3772592620967484 0.674212119230812 0.01953125 0.030721966205837174
0 0.36910431816198797 0.6373332329882089 0.01953125 0.030721966205837174
0 0.38898199400296657 0.60847149592878 0.01953125 0.030721966205837174
0 0.3991756739214171 0.6421435224981135 0.01953125 0.030721966205837174
0 0.414466193799093 0.6830309833323042 0.01953125 0.030721966205837174
0 0.404782197876565 0.6798241236590343 0.01953125 0.030721966205837174
0 0.4292470296808463 0.7062807159635106 0.01953125 0.030721966205837174
0 0.4384213416074518 0.7271253038397646 0.01953125 0.030721966205837174
0 0.4450472335544447 0.7632024751640506 0.01953125 0.030721966205837174
0 0.48225416525678916 0.7688144795922728 0.01953125 0.030721966205837174
0 0.48938974119970463 0.6990652816986535 0.01953125 0.030721966205837174
0 0.49754468513446504 0.6798241236590343 0.01953125 0.030721966205837174
0 0.44759565353405734 0.6718069744758596 0.01953125 0.030721966205837174
0 0.44198912957890946 0.6517641015179231 0.01953125 0.030721966205837174
0 0.4124274578154029 0.5988509169089705 0.01953125 0.030721966205837174
0 0.3905110459907342 0.5804114737876688 0.01953125 0.030721966205837174
0 0.38133673406412866 0.5699891798495418 0.01953125 0.030721966205837174
0 0.3696140021579105 0.5363171532802083 0.01953125 0.030721966205837174
0 0.3609493742272275 0.5283000040970337 0.01953125 0.030721966205837174
0 0.41701461377870563 0.5403257278717957 0.01953125 0.030721966205837174
0 0.40529188187248744 0.5731960395228116 0.01953125 0.030721966205837174
0 0.4307760816686139 0.5900320528074784 0.01953125 0.030721966205837174
0 0.42618892570531114 0.5667823201762718 0.01953125 0.030721966205837174
0 0.4435181815666771 0.5900320528074784 0.01953125 0.030721966205837174
0 0.44759565353405734 0.5595668859114148 0.01953125 0.030721966205837174
0 0.4501440735136699 0.5419291577084306 0.01953125 0.030721966205837174
0 0.45065375750959247 0.5074554162207797 0.01953125 0.030721966205837174
0 0.4633958574076557 0.5050502714658273 0.01953125 0.030721966205837174
0 0.47053143335057107 0.5146708504856369 0.01953125 0.030721966205837174
0 0.48480258523640185 0.5146708504856369 0.01953125 0.030721966205837174
0 0.479196061281254 0.5307051488519862 0.01953125 0.030721966205837174
0 0.4756282733097964 0.575601184277764 0.01953125 0.030721966205837174
0 0.4873510052160145 0.5844200483792561 0.01953125 0.030721966205837174
0 0.48327353324863426 0.575601184277764 0.01953125 0.030721966205837174
0 0.4659442773872683 0.6012560616639228 0.01953125 0.030721966205837174
0 0.48582195322824695 0.6477555269263358 0.01953125 0.030721966205837174
0 0.46135712142396557 0.6589795357827801 0.01953125 0.030721966205837174
0 0.49754468513446504 0.6277126539683991 0.01953125 0.030721966205837174
0 0.46747332937503594 0.4681713852232239 0.01953125 0.030721966205837174
0 0.44810533752997983 0.46175766587668415 0.01953125 0.030721966205837174
0 0.4730798533301837 0.4433182227553826 0.01953125 0.030721966205837174
0 0.4827638492527117 0.4745851045697636 0.01953125 0.030721966205837174
0 0.48225416525678916 0.4176633453692237 0.01953125 0.030721966205837174
0 0.47257016933426116 0.42487877963408094 0.01953125 0.030721966205837174
0 0.4623764894158106 0.39120675306474745 0.01953125 0.030721966205837174
0 0.44198912957890946 0.3759741696167156 0.01953125 0.030721966205837174
0 0.4720604853383386 0.3703621651884934 0.01953125 0.030721966205837174
0 0.4807251132690216 0.3687587353518585 0.01953125 0.030721966205837174
0 0.49550594915077495 0.3727673099434458 0.01953125 0.030721966205837174
0 0.02353856892651397 0.8663349818328284 0.01953125 0.030721966205837174
0 0.1061073762659635 0.8807658503625426 0.01953125 0.030721966205837174
0 0.03984845679603487 0.9521184780927969 0.01953125 0.030721966205837174
0 0.03271288085311947 0.9881956494170829 0.01953125 0.030721966205837174
0 0.002131841097767789 0.972963065969051 0.01953125 0.030721966205837174
0 0.006209313065148014 0.9248601708700033 0.01953125 0.030721966205837174
0 0.05462929267778818 0.9705579212140987 0.01953125 0.030721966205837174
0 0.06788107657177392 0.9721613510507335 0.01953125 0.030721966205837174
0 0.08572001642906238 0.9801785002339082 0.01953125 0.030721966205837174
0 0.12088821214771685 0.974566495805686 0.01953125 0.030721966205837174
0 0.1290431560824773 0.9408944692363526 0.01953125 0.030721966205837174
0 0.123946316123252 0.9048172979120667 0.01953125 0.030721966205837174
0 0.15554672387044874 0.9681527764591463 0.01953125 0.030721966205837174
0 0.16421135180113172 0.9585321974393367 0.01953125 0.030721966205837174
0 0.19020523559318062 0.9897990792537178 0.01953125 0.030721966205837174
0 0.22996058727513785 0.9649459167858764 0.01953125 0.030721966205837174
0 0.25238668309572904 0.9881956494170829 0.01953125 0.030721966205837174
0 0.2666578349815599 0.9970145135185751 0.01953125 0.030721966205837174
0 0.32374244252488293 0.9970145135185751 0.01953125 0.030721966205837174
0 0.31201971061866485 0.9897990792537178 0.01953125 0.030721966205837174
0 0.31456813059827743 0.962540772030924 0.01953125 0.030721966205837174
0 0.2819483548592357 0.9424978990729875 0.01953125 0.030721966205837174
0 0.3405620143903264 0.9769716405606383 0.01953125 0.030721966205837174
0 0.37063337014975556 0.9777733554789558 0.01953125 0.030721966205837174
0 0.41038872183171277 0.9897990792537178 0.01953125 0.030721966205837174
0 0.4159952457868606 0.9697562062957812 0.01953125 0.030721966205837174
0 0.43026639767269137 0.9914025090903525 0.01953125 0.030721966205837174
0 0.47257016933426116 0.9801785002339082 0.01953125 0.030721966205837174
0 0.4873510052160145 0.99220422400867 0.01953125 0.030721966205837174
0 0.44657628554221224 0.9914025090903525 0.01953125 0.030721966205837174
0 0.4644152253995007 0.9328773200531779 0.01953125 0.030721966205837174
0 0.4730798533301837 0.9104293023402888 0.01953125 0.030721966205837174
0 0.4720604853383386 0.8823692801991776 0.01953125 0.030721966205837174
0 0.46288617341173316 0.8623264072412411 0.01953125 0.030721966205837174
0 0.4353632376319167 0.8559126878947014 0.01953125 0.030721966205837174
0 0.3609493742272275 0.9272653156249556 0.01953125 0.030721966205837174
0 0.3415813823821715 0.9048172979120667 0.01953125 0.030721966205837174
0 0.3940788339621919 0.843085249201622 0.01953125 0.030721966205837174
0 0.3273102304963407 0.8302578105085425 0.01953125 0.030721966205837174
0 0.278380566887778 0.8791624205259079 0.01953125 0.030721966205837174
0 0.241683319181356 0.9184464515234636 0.01953125 0.030721966205837174
0 0.15401767188268115 0.8158269419788283 0.01953125 0.030721966205837174
0 0.39968535791733967 0.7164142921074627 0.01953125 0.030721966205837174
0 0.5171675189774825 0.9914025090903525 0.01953125 0.030721966205837174
0 0.5543744506798269 0.9801785002339082 0.01953125 0.030721966205837174
0 0.5431614027695313 0.99220422400867 0.01953125 0.030721966205837174
0 0.5334774068470034 0.9465064736645746 0.01953125 0.030721966205837174
0 0.5380645628103061 0.9016104382387967 0.01953125 0.030721966205837174
0 0.5492776107206017 0.8839727100358127 0.01953125 0.030721966205837174
0 0.5411226667858412 0.8567144028130188 0.01953125 0.030721966205837174
0 0.5105416270304896 0.8342663851001298 0.01953125 0.030721966205837174
0 0.45957322743823675 0.8262492359169553 0.01953125 0.030721966205837174
0 0.5426517187736088 0.7837583452461298 0.01953125 0.030721966205837174
0 0.5130900470101022 0.8118183673872408 0.01953125 0.030721966205837174
0 0.5655874985901226 0.8398783895283521 0.01953125 0.030721966205837174
0 0.562019710618665 0.7989909286941616 0.01953125 0.030721966205837174
0 0.5869942264188688 0.7981892137758441 0.01953125 0.030721966205837174
0 0.5961685383454742 0.8358698149367647 0.01953125 0.030721966205837174
0 0.6196140021579105 0.8190338016520979 0.01953125 0.030721966205837174
0 0.6089106382435374 0.7765429109812725 0.01953125 0.030721966205837174
0 0.61145905822315 0.7573017529416534 0.01953125 0.030721966205837174
0 0.6160462141864529 0.7340520203104469 0.01953125 0.030721966205837174
0 0.5854651744311011 0.7356554501470818 0.01953125 0.030721966205837174
0 0.5732327585289605 0.766922331961463 0.01953125 0.030721966205837174
0 0.5324580388551583 0.7075954280059708 0.01953125 0.030721966205837174
0 0.5411226667858412 0.7196211517807326 0.01953125 0.030721966205837174
0 0.5146190989978698 0.7003799937411135 0.01953125 0.030721966205837174
0 0.5395936147980736 0.6723199716000022 0.01953125 0.030721966205837174
0 0.5319483548592358 0.6675096820900975 0.01953125 0.030721966205837174
0 0.5222643589367076 0.6506736688054308 0.01953125 0.030721966205837174
0 0.5350064588347709 0.6105879228895577 0.01953125 0.030721966205837174
0 0.5105416270304896 0.5921484797682559 0.01953125 0.030721966205837174
0 0.5263418309040879 0.5472524443424779 0.01953125 0.030721966205837174
0 0.5141094150019473 0.5280112863028588 0.01953125 0.030721966205837174
0 0.5416323507817637 0.5721056068103193 0.01953125 0.030721966205837174
0 0.5436710867654538 0.5961570543598432 0.01953125 0.030721966205837174
0 0.5513163467042917 0.6226136466643195 0.01953125 0.030721966205837174
0 0.581387702463721 0.6602942478252403 0.01953125 0.030721966205837174
0 0.5676262345738127 0.6482685240504783 0.01953125 0.030721966205837174
0 0.5773102304963407 0.6097862079712402 0.01953125 0.030721966205837174
0 0.5885232784066363 0.6129930676445099 0.01953125 0.030721966205837174
0 0.6140074782027628 0.656285673233653 0.01953125 0.030721966205837174
0 0.5971879063373193 0.6915611296396212 0.01953125 0.030721966205837174
0 0.627768946092671 0.6610959627435578 0.01953125 0.030721966205837174
0 0.6175752661742204 0.6426565196222561 0.01953125 0.030721966205837174
0 0.5803683344718759 0.7100005727609231 0.01953125 0.030721966205837174
0 0.6226721061334457 0.7156125771891453 0.01953125 0.030721966205837174
0 0.6430594659703469 0.7188194368624151 0.01953125 0.030721966205837174
0 0.6466272539418045 0.7797497706545423 0.01953125 0.030721966205837174
0 0.6410207299866567 0.8607229774046062 0.01953125 0.030721966205837174
0 0.6257302101089809 0.8783607056075903 0.01953125 0.030721966205837174
0 0.6292979980804385 0.9601356272759716 0.01953125 0.030721966205837174
0 0.6705824017501634 0.9537219079294319 0.01953125 0.030721966205837174
0 0.6904600775911419 0.9881956494170829 0.01953125 0.030721966205837174
0 0.7154345933913459 0.9938076538453051 0.01953125 0.030721966205837174
0 0.7215508013424162 0.8935932890556221 0.01953125 0.030721966205837174
0 0.6909697615870645 0.8775589906892728 0.01953125 0.030721966205837174
0 0.6751695577134661 0.8903864293823522 0.01953125 0.030721966205837174
0 0.6614080898235579 0.853507543139749 0.01953125 0.030721966205837174
0 0.7526415250936904 0.9160413067685111 0.01953125 0.030721966205837174
0 0.7317444812608668 0.8847744249541302 0.01953125 0.030721966205837174
0 0.756209313065148 0.8470938237932093 0.01953125 0.030721966205837174
0 0.7694610969591339 0.8478955387115268 0.01953125 0.030721966205837174
0 0.7684417289672888 0.8727487011793682 0.01953125 0.030721966205837174
0 0.772519200934669 0.895196718892257 0.01953125 0.030721966205837174
0 0.7658933089876762 0.9200498813600985 0.01953125 0.030721966205837174
0 0.7771063568979717 0.9753682107240035 0.01953125 0.030721966205837174
0 0.7959646647471053 0.9633424869492415 0.01953125 0.030721966205837174
0 0.7934162447674926 0.9368858946447652 0.01953125 0.030721966205837174
0 0.8061583446655557 0.8879812846274 0.01953125 0.030721966205837174
0 0.7959646647471053 0.9032138680754317 0.01953125 0.030721966205837174
0 0.8311328604657597 0.9144378769318762 0.01953125 0.030721966205837174
0 0.8316425444616822 0.9360841797264478 0.01953125 0.030721966205837174
0 0.8464233803434356 0.9473081885828921 0.01953125 0.030721966205837174
0 0.845913696347513 0.8679384116694634 0.01953125 0.030721966205837174
0 0.8173713925758515 0.8214389464070505 0.01953125 0.030721966205837174
0 0.8061583446655557 0.810214937550606 0.01953125 0.030721966205837174
0 0.8112551846247812 0.7797497706545423 0.01953125 0.030721966205837174
0 0.7964743487430278 0.7629137573698755 0.01953125 0.030721966205837174
0 0.7893387728001124 0.7821549154094948 0.01953125 0.030721966205837174
0 0.7806741448694294 0.8190338016520979 0.01953125 0.030721966205837174
0 0.735821953228247 0.7861634900010821 0.01953125 0.030721966205837174
0 0.7307251132690217 0.7581034678599708 0.01953125 0.030721966205837174
0 0.7169636453791135 0.7781463408179075 0.01953125 0.030721966205837174
0 0.719512065358726 0.8262492359169553 0.01953125 0.030721966205837174
0 0.7072796494565854 0.8503006834664789 0.01953125 0.030721966205837174
0 0.6710920857460859 0.8062063629590185 0.01953125 0.030721966205837174
0 0.6986150215259024 0.8021977883674314 0.01953125 0.030721966205837174
0 0.6812857656645364 0.7837583452461298 0.01953125 0.030721966205837174
0 0.6858729216278392 0.7573017529416534 0.01953125 0.030721966205837174
0 0.7057505974688179 0.7645171872065106 0.01953125 0.030721966205837174
0 0.6991247055218249 0.744474314248574 0.01953125 0.030721966205837174
0 0.6965762855422123 0.7252331562089549 0.01953125 0.030721966205837174
0 0.6624274578154029 0.7252331562089549 0.01953125 0.030721966205837174
0 0.6593693538398677 0.6843456953747642 0.01953125 0.030721966205837174
0 0.6624274578154029 0.6723199716000022 0.01953125 0.030721966205837174
0 0.6369432580192766 0.6346393704390814 0.01953125 0.030721966205837174
0 0.6440788339621918 0.6178033571544148 0.01953125 0.030721966205837174
0 0.6685436657664733 0.6314325107658116 0.01953125 0.030721966205837174
0 0.6787373456849238 0.6258205063375893 0.01953125 0.030721966205837174
0 0.7144152253995008 0.6386479450306688 0.01953125 0.030721966205837174
0 0.7200217493546486 0.623415361582637 0.01953125 0.030721966205837174
0 0.7220604853383387 0.6659062522534624 0.01953125 0.030721966205837174
0 0.7587577330447608 0.6626993925801927 0.01953125 0.030721966205837174
0 0.7587577330447608 0.6795354058648594 0.01953125 0.030721966205837174
0 0.7506027891100003 0.6883542699663515 0.01953125 0.030721966205837174
0 0.7765966729020491 0.7019834235777483 0.01953125 0.030721966205837174
0 0.7857709848286547 0.7156125771891453 0.01953125 0.030721966205837174
0 0.8122745526166262 0.7019834235777483 0.01953125 0.030721966205837174
0 0.8112551846247812 0.6795354058648594 0.01953125 0.030721966205837174
0 0.7949452967552603 0.6779319760282245 0.01953125 0.030721966205837174
0 0.7827128808531194 0.6570873881519703 0.01953125 0.030721966205837174
0 0.7995324527185631 0.6522770986420657 0.01953125 0.030721966205837174
0 0.8255263365106119 0.6739234014366372 0.01953125 0.030721966205837174
0 0.8387781204045975 0.6626993925801927 0.01953125 0.030721966205837174
0 0.8357200164290626 0.6378462301123513 0.01953125 0.030721966205837174
0 0.8489718003230482 0.6763285461915896 0.01953125 0.030721966205837174
0 0.8479524323312031 0.7460777440852089 0.01953125 0.030721966205837174
0 0.8367393844209075 0.7388623098203518 0.01953125 0.030721966205837174
0 0.819919812555464 0.7540948932683835 0.01953125 0.030721966205837174
0 0.8127842366125487 0.6274239361742242 0.01953125 0.030721966205837174
0 0.8250166525146894 0.5897433350133034 0.01953125 0.030721966205837174
0 0.7944356127593376 0.6033724886247004 0.01953125 0.030721966205837174
0 0.7816935128612743 0.6033724886247004 0.01953125 0.030721966205837174
0 0.7607964690284509 0.6266222212559068 0.01953125 0.030721966205837174
0 0.7409187931874721 0.6161999273177798 0.01953125 0.030721966205837174
0 0.7490737371222326 0.5953553394415257 0.01953125 0.030721966205837174
0 0.7694610969591339 0.5809244709118114 0.01953125 0.030721966205837174
0 0.7765966729020491 0.5608815979538748 0.01953125 0.030721966205837174
0 0.7776160408938942 0.5480541592607955 0.01953125 0.030721966205837174
0 0.7495834211181552 0.5664936023820971 0.01953125 0.030721966205837174
0 0.7144152253995008 0.6017690587880654 0.01953125 0.030721966205837174
0 0.6716017697420085 0.5945536245232083 0.01953125 0.030721966205837174
0 0.6721114537379309 0.5721056068103193 0.01953125 0.030721966205837174
0 0.6450982019540369 0.5753124664835892 0.01953125 0.030721966205837174
0 0.6527434618928749 0.5584764531989225 0.01953125 0.030721966205837174
0 0.6369432580192766 0.5817261858301289 0.01953125 0.030721966205837174
0 0.6134977942068403 0.5977604841964782 0.01953125 0.030721966205837174
0 0.6104396902313051 0.5777176112385415 0.01953125 0.030721966205837174
0 0.5808780184677984 0.5672953173004146 0.01953125 0.030721966205837174
0 0.5625293946145874 0.5664936023820971 0.01953125 0.030721966205837174
0 0.5711940225452704 0.5400370100776208 0.01953125 0.030721966205837174
0 0.6002460103128545 0.5392352951593034 0.01953125 0.030721966205837174
0 0.5880135944107139 0.5400370100776208 0.01953125 0.030721966205837174
0 0.6425497819744244 0.5167872774464144 0.01953125 0.030721966205837174
0 0.6287883140845161 0.5360284354860334 0.01953125 0.030721966205837174
0 0.6323561020559738 0.5608815979538748 0.01953125 0.030721966205837174
0 0.683834185644149 0.5288130012211762 0.01953125 0.030721966205837174
0 0.6823051336563815 0.5640884576271445 0.01953125 0.030721966205837174
0 0.7082990174484304 0.588941620094986 0.01953125 0.030721966205837174
0 0.7179830133709586 0.5697004620553668 0.01953125 0.030721966205837174
0 0.7042215454810502 0.5640884576271445 0.01953125 0.030721966205837174
0 0.7240992213220289 0.5440455846692082 0.01953125 0.030721966205837174
0 0.7342929012404794 0.5472524443424779 0.01953125 0.030721966205837174
0 0.7490737371222326 0.5280112863028588 0.01953125 0.030721966205837174
0 0.7857709848286547 0.5384335802409859 0.01953125 0.030721966205837174
0 0.791887192779725 0.5328215758127636 0.01953125 0.030721966205837174
0 0.7750676209142817 0.5159855625280968 0.01953125 0.030721966205837174
0 0.8061583446655557 0.5336232907310811 0.01953125 0.030721966205837174
0 0.8183907605676966 0.5360284354860334 0.01953125 0.030721966205837174
0 0.8331715964494498 0.5512610189340652 0.01953125 0.030721966205837174
0 0.8081970806492459 0.5705021769736843 0.01953125 0.030721966205837174
0 0.8474427483352807 0.5721056068103193 0.01953125 0.030721966205837174
0 0.8798076820763611 0.9160413067685111 0.01953125 0.030721966205837174
0 0.9042725138806424 0.9352824648081302 0.01953125 0.030721966205837174
0 0.8736914741252909 0.9857905046621305 0.01953125 0.030721966205837174
0 0.8950982019540369 0.9897990792537178 0.01953125 0.030721966205837174
0 0.8655365301905305 0.8992052934838446 0.01953125 0.030721966205837174
0 0.8889819940029666 0.8735504160976857 0.01953125 0.030721966205837174
0 0.9129371418113255 0.8671366967511459 0.01953125 0.030721966205837174
0 0.9103887218317127 0.8438869641199394 0.01953125 0.030721966205837174
0 0.9103887218317127 0.8206372314887329 0.01953125 0.030721966205837174
0 0.9088596698439453 0.810214937550606 0.01953125 0.030721966205837174
0 0.9526924934932827 0.8230423762436853 0.01953125 0.030721966205837174
0 0.9603377534321205 0.8703435564244157 0.01953125 0.030721966205837174
0 0.9914284771833949 0.8270509508352728 0.01953125 0.030721966205837174
0 0.9786863772853316 0.8134217972238759 0.01953125 0.030721966205837174
0 0.9710411173464936 0.77413776622632 0.01953125 0.030721966205837174
0 0.9633958574076558 0.7460777440852089 0.01953125 0.030721966205837174
0 0.947085969538135 0.7468794590035264 0.01953125 0.030721966205837174
0 0.9399503935952194 0.787766919837717 0.01953125 0.030721966205837174
0 0.924150189721621 0.7797497706545423 0.01953125 0.030721966205837174
0 0.9216017697420085 0.7244314412906374 0.01953125 0.030721966205837174
0 0.8864335740233541 0.7228280114540023 0.01953125 0.030721966205837174
0 0.8833754700478188 0.7597068976966058 0.01953125 0.030721966205837174
0 0.8624784262149952 0.7420691694936216 0.01953125 0.030721966205837174
0 0.8660462141864528 0.8174303718154632 0.01953125 0.030721966205837174
0 0.8553428502720798 0.8342663851001298 0.01953125 0.030721966205837174
0 0.8609493742272276 0.6915611296396212 0.01953125 0.030721966205837174
0 0.8803173660722836 0.6763285461915896 0.01953125 0.030721966205837174
0 0.868084950170143 0.6651045373351451 0.01953125 0.030721966205837174
0 0.9063112498643326 0.6522770986420657 0.01953125 0.030721966205837174
0 0.9256792417093885 0.6827422655381292 0.01953125 0.030721966205837174
0 0.9226211377338536 0.6675096820900975 0.01953125 0.030721966205837174
0 0.9251695577134661 0.6554839583153356 0.01953125 0.030721966205837174
0 0.9537118614851275 0.6651045373351451 0.01953125 0.030721966205837174
0 0.9771573252975639 0.6883542699663515 0.01953125 0.030721966205837174
0 0.9944865811589298 0.7188194368624151 0.01953125 0.030721966205837174
0 0.9598280694361979 0.6402513748673037 0.01953125 0.030721966205837174
0 0.9924478451752398 0.644259949458891 0.01953125 0.030721966205837174
0 0.9970350011385426 0.6153982123994624 0.01953125 0.030721966205837174
0 0.975118589313874 0.5697004620553668 0.01953125 0.030721966205837174
0 0.9684926973668809 0.6033724886247004 0.01953125 0.030721966205837174
0 0.9613571214239656 0.5865364753400336 0.01953125 0.030721966205837174
0 0.9261889257053112 0.5865364753400336 0.01953125 0.030721966205837174
0 0.9343438696400717 0.5664936023820971 0.01953125 0.030721966205837174
0 0.9175242977746281 0.5640884576271445 0.01953125 0.030721966205837174
0 0.8966272539418045 0.5881399051766687 0.01953125 0.030721966205837174
0 0.9063112498643326 0.6330359406024466 0.01953125 0.030721966205837174
0 0.8624784262149952 0.5961570543598432 0.01953125 0.030721966205837174
0 0.8803173660722836 0.5624850277905098 0.01953125 0.030721966205837174
0 0.8696140021579105 0.5336232907310811 0.01953125 0.030721966205837174
0 0.8522847462965445 0.5272095713845414 0.01953125 0.030721966205837174
0 0.8925497819744244 0.5416404399142557 0.01953125 0.030721966205837174
0 0.8833754700478188 0.5135804177731444 0.01953125 0.030721966205837174
0 0.878788314084516 0.5232009967929541 0.01953125 0.030721966205837174
0 0.8981563059295722 0.5119769879365096 0.01953125 0.030721966205837174
0 0.9210920857460859 0.5199941371196841 0.01953125 0.030721966205837174
0 0.9343438696400717 0.5440455846692082 0.01953125 0.030721966205837174
0 0.9532021774892052 0.5392352951593034 0.01953125 0.030721966205837174
0 0.9761379573057188 0.5191924222013667 0.01953125 0.030721966205837174
0 0.9786863772853316 0.545649014505843 0.01953125 0.030721966205837174
0 0.5426517187736087 0.5178777101589066 0.01953125 0.030721966205837174
0 0.5676262345738127 0.508257131139097 0.01953125 0.030721966205837174
0 0.5497872947165242 0.47779196424303344 0.01953125 0.030721966205837174
0 0.5049351030753417 0.5122657057306844 0.01953125 0.030721966205837174
0 0.5090125750427219 0.48981768801779535 0.01953125 0.030721966205837174
0 0.5141094150019472 0.5002399819559223 0.01953125 0.030721966205837174
0 0.49983826311611645 0.45213708685687454 0.01953125 0.030721966205837174
0 0.501367315103884 0.41205134094100143 0.01953125 0.030721966205837174
0 0.5181868869693274 0.432094213898938 0.01953125 0.030721966205837174
0 0.5212449909448625 0.45213708685687454 0.01953125 0.030721966205837174
0 0.5436710867654538 0.45454223161182705 0.01953125 0.030721966205837174
0 0.5462195067450664 0.4433182227553825 0.01953125 0.030721966205837174
0 0.5559035026675945 0.4401113630821127 0.01953125 0.030721966205837174
0 0.5635487626064324 0.45774909128509683 0.01953125 0.030721966205837174
0 0.5742521265208055 0.47298167473312863 0.01953125 0.030721966205837174
0 0.5834264384474109 0.49382626260938267 0.01953125 0.030721966205837174
0 0.6033041142883896 0.49703312228265256 0.01953125 0.030721966205837174
0 0.628788314084516 0.5002399819559223 0.01953125 0.030721966205837174
0 0.6410207299866567 0.48821425818116043 0.01953125 0.030721966205837174
0 0.6501950419132623 0.46576624046827136 0.01953125 0.030721966205837174
0 0.6282786300885934 0.4601542360400492 0.01953125 0.030721966205837174
0 0.6129881102109177 0.4697748150598588 0.01953125 0.030721966205837174
0 0.6038137982843121 0.44973194210192213 0.01953125 0.030721966205837174
0 0.5956588543495517 0.44973194210192213 0.01953125 0.030721966205837174
0 0.5762908625044957 0.42888735422566815 0.01953125 0.030721966205837174
0 0.5875039104147912 0.4128530558593189 0.01953125 0.030721966205837174
0 0.5671165505778901 0.38078445912662034 0.01953125 0.030721966205837174
0 0.5615100266227423 0.40884448126773154 0.01953125 0.030721966205837174
0 0.6221624221375232 0.4344993586538904 0.01953125 0.030721966205837174
0 0.6496853579173397 0.4136547707776364 0.01953125 0.030721966205837174
0 0.621143054145678 0.4064393365127792 0.01953125 0.030721966205837174
0 0.6272592620967485 0.4024307619211918 0.01953125 0.030721966205837174
0 0.6450982019540369 0.38479303371820767 0.01953125 0.030721966205837174
0 0.6624274578154028 0.38158617404493783 0.01953125 0.030721966205837174
0 0.6644661937990929 0.3968187574929696 0.01953125 0.030721966205837174
0 0.6797567136767688 0.38639646355484253 0.01953125 0.030721966205837174
0 0.6909697615870644 0.3968187574929696 0.01953125 0.030721966205837174
0 0.6909697615870644 0.42888735422566815 0.01953125 0.030721966205837174
0 0.6756792417093886 0.4761885344063985 0.01953125 0.030721966205837174
0 0.6608984058276353 0.4745851045697635 0.01953125 0.030721966205837174
0 0.683834185644149 0.5002399819559223 0.01953125 0.030721966205837174
0 0.7062602814647403 0.5002399819559223 0.01953125 0.030721966205837174
0 0.7164539613831907 0.49302454769106524 0.01953125 0.030721966205837174
0 0.7072796494565853 0.4785936791613508 0.01953125 0.030721966205837174
0 0.737860689211937 0.4665679553865889 0.01953125 0.030721966205837174
0 0.7312347972649442 0.4377062183271602 0.01953125 0.030721966205837174
0 0.7337832172445568 0.42648220947071575 0.01953125 0.030721966205837174
0 0.7286863772853316 0.5122657057306844 0.01953125 0.030721966205837174
0 0.7485640531263101 0.5026451267108748 0.01953125 0.030721966205837174
0 0.7653836249917535 0.4818005388346207 0.01953125 0.030721966205837174
0 0.757228681056993 0.45694737636677935 0.01953125 0.030721966205837174
0 0.7745579369183591 0.4954296924460176 0.01953125 0.030721966205837174
0 0.7954549807511827 0.47298167473312863 0.01953125 0.030721966205837174
0 0.8153326565921613 0.5050502714658271 0.01953125 0.030721966205837174
0 0.8382684364086751 0.4713782448964937 0.01953125 0.030721966205837174
0 0.8107455006288585 0.4681713852232239 0.01953125 0.030721966205837174
0 0.8148229725962387 0.4377062183271602 0.01953125 0.030721966205837174
0 0.8041196086818657 0.4409130780004301 0.01953125 0.030721966205837174
0 0.7939259287634152 0.42728392438903323 0.01953125 0.030721966205837174
0 0.7791450928816618 0.42968906914398564 0.01953125 0.030721966205837174
0 0.7704804649509788 0.4417147929187476 0.01953125 0.030721966205837174
0 0.7664029929835986 0.40884448126773154 0.01953125 0.030721966205837174
0 0.7465253171426199 0.38559474863652515 0.01953125 0.030721966205837174
0 0.7465253171426199 0.41605991553258875 0.01953125 0.030721966205837174
0 0.7317444812608666 0.4024307619211918 0.01953125 0.030721966205837174
0 0.7307251132690217 0.3727673099434457 0.01953125 0.030721966205837174
0 0.7159442773872684 0.3791810292899854 0.01953125 0.030721966205837174
0 0.7067699654606628 0.4104479111043665 0.01953125 0.030721966205837174
0 0.6991247055218248 0.36715530551522346 0.01953125 0.030721966205837174
0 0.7072796494565853 0.33989699829242975 0.01953125 0.030721966205837174
0 0.6950472335544446 0.32947470435430265 0.01953125 0.030721966205837174
0 0.6812857656645364 0.31744898057954074 0.01953125 0.030721966205837174
0 0.6685436657664732 0.35192272206719166 0.01953125 0.030721966205837174
0 0.6568209338602551 0.3423021430473821 0.01953125 0.030721966205837174
0 0.6364335740233539 0.3535261519038266 0.01953125 0.030721966205837174
0 0.6119687422190726 0.3727673099434457 0.01953125 0.030721966205837174
0 0.6048331662761572 0.37356902486176313 0.01953125 0.030721966205837174
0 0.6043234822802347 0.3535261519038266 0.01953125 0.030721966205837174
0 0.5818973864596434 0.35753472649541385 0.01953125 0.030721966205837174
0 0.5875039104147912 0.33989699829242975 0.01953125 0.030721966205837174
0 0.5788392824841083 0.3206558402528106 0.01953125 0.030721966205837174
0 0.5717037065411928 0.33909528337411227 0.01953125 0.030721966205837174
0 0.5604906586308973 0.33909528337411227 0.01953125 0.030721966205837174
0 0.547748558732834 0.3431038579656996 0.01953125 0.030721966205837174
0 0.5768005465004182 0.3896033232281124 0.01953125 0.030721966205837174
0 0.547748558732834 0.376775884535033 0.01953125 0.030721966205837174
0 0.5324580388551583 0.4072410514310967 0.01953125 0.030721966205837174
0 0.5263418309040878 0.39281018290138225 0.01953125 0.030721966205837174
0 0.5186965709652499 0.38479303371820767 0.01953125 0.030721966205837174
0 0.5288902508837005 0.3591381563320489 0.01953125 0.030721966205837174
0 0.5166578349815599 0.35673301157709647 0.01953125 0.030721966205837174
0 0.4983092111283488 0.3511210071488741 0.01953125 0.030721966205837174
0 0.47741216729552516 0.3415004281290646 0.01953125 0.030721966205837174
0 0.4600829114341592 0.34470728780233445 0.01953125 0.030721966205837174
0 0.45243765149532134 0.33348327894589 0.01953125 0.030721966205837174
0 0.4554957554708565 0.29981125237655654 0.01953125 0.030721966205837174
0 0.44988923151570864 0.2813718092552549 0.01953125 0.030721966205837174
0 0.46619911938522957 0.26694094072554053 0.01953125 0.030721966205837174
0 0.46314101540969443 0.2549152169507786 0.01953125 0.030721966205837174
0 0.46721848737707466 0.2941992479483343 0.01953125 0.030721966205837174
0 0.47282501133222243 0.3086301164780486 0.01953125 0.030721966205837174
0 0.47180564334037745 0.32947470435430265 0.01953125 0.030721966205837174
0 0.4932123711691236 0.30622497172309626 0.01953125 0.030721966205837174
0 0.4993285791201939 0.3310781341909376 0.01953125 0.030721966205837174
0 0.5100319430345669 0.31103526123300107 0.01953125 0.030721966205837174
0 0.48760584721397576 0.28297523909188976 0.01953125 0.030721966205837174
0 0.48352837524659553 0.25170835727750873 0.01953125 0.030721966205837174
0 0.5054447870712643 0.2605272213790008 0.01953125 0.030721966205837174
0 0.5171675189774824 0.28538038384684217 0.01953125 0.030721966205837174
0 0.5232837269285527 0.30061296729487397 0.01953125 0.030721966205837174
0 0.5278708828918555 0.2950009628666518 0.01953125 0.030721966205837174
0 0.5304193028714681 0.3134404059879534 0.01953125 0.030721966205837174
0 0.5370451948184609 0.3423021430473821 0.01953125 0.030721966205837174
0 0.519715938957095 0.3423021430473821 0.01953125 0.030721966205837174
0 0.5452001387532214 0.2837769540102073 0.01953125 0.030721966205837174
0 0.5538647666839044 0.3086301164780486 0.01953125 0.030721966205837174
0 0.5630390786105098 0.28698381368347714 0.01953125 0.030721966205837174
0 0.5604906586308973 0.2661392258072231 0.01953125 0.030721966205837174
0 0.5717037065411928 0.2909923882750644 0.01953125 0.030721966205837174
0 0.582407070455566 0.2773632346636676 0.01953125 0.030721966205837174
0 0.5278708828918555 0.26934608548049294 0.01953125 0.030721966205837174
0 0.5151287829937923 0.2613289362973183 0.01953125 0.030721966205837174
0 0.600755694308777 0.2893889584384295 0.01953125 0.030721966205837174
0 0.6084009542476149 0.28538038384684217 0.01953125 0.030721966205837174
0 0.621143054145678 0.2941992479483343 0.01953125 0.030721966205837174
0 0.6206333701497555 0.32225927008944544 0.01953125 0.030721966205837174
0 0.6033041142883896 0.32225927008944544 0.01953125 0.030721966205837174
0 0.6084009542476149 0.33669013861915986 0.01953125 0.030721966205837174
0 0.6364335740233539 0.3262678446810328 0.01953125 0.030721966205837174
0 0.6410207299866567 0.3134404059879534 0.01953125 0.030721966205837174
0 0.6588596698439452 0.3142421209062709 0.01953125 0.030721966205837174
0 0.6665049297827831 0.31504383582458834 0.01953125 0.030721966205837174
0 0.6608984058276353 0.32867298943598516 0.01953125 0.030721966205837174
0 0.6736405057256984 0.3022163971315089 0.01953125 0.030721966205837174
0 0.6894407095992968 0.2982078225399216 0.01953125 0.030721966205837174
0 0.7052409134728952 0.30381982696814386 0.01953125 0.030721966205837174
0 0.7164539613831907 0.3190524104161756 0.01953125 0.030721966205837174
0 0.7205314333505711 0.2909923882750644 0.01953125 0.030721966205837174
0 0.7342929012404793 0.27014780039881037 0.01953125 0.030721966205837174
0 0.7210411173464936 0.25170835727750873 0.01953125 0.030721966205837174
0 0.6970859695381347 0.2749580899087152 0.01953125 0.030721966205837174
0 0.7047312294769728 0.2605272213790008 0.01953125 0.030721966205837174
0 0.6899503935952194 0.2549152169507786 0.01953125 0.030721966205837174
0 0.6823051336563815 0.2717512302354453 0.01953125 0.030721966205837174
0 0.6614080898235578 0.255716931869096 0.01953125 0.030721966205837174
0 0.6568209338602551 0.2749580899087152 0.01953125 0.030721966205837174
0 0.6318464180600512 0.2661392258072231 0.01953125 0.030721966205837174
0 0.621143054145678 0.24930321252255633 0.01953125 0.030721966205837174
0 0.7353122692323244 0.3246644148443979 0.01953125 0.030721966205837174
0 0.7286863772853316 0.3078284015597312 0.01953125 0.030721966205837174
0 0.7424478451752398 0.30381982696814386 0.01953125 0.030721966205837174
0 0.7653836249917535 0.2717512302354453 0.01953125 0.030721966205837174
0 0.7704804649509788 0.2966043927032867 0.01953125 0.030721966205837174
0 0.7628352050121409 0.29981125237655654 0.01953125 0.030721966205837174
0 0.757228681056993 0.34470728780233445 0.01953125 0.030721966205837174
0 0.7429575291711623 0.36795702043354095 0.01953125 0.030721966205837174
0 0.7704804649509788 0.3743707397800807 0.01953125 0.030721966205837174
0 0.7923968767756474 0.3896033232281124 0.01953125 0.030721966205837174
0 0.809216448641091 0.36394844584195357 0.01953125 0.030721966205837174
0 0.8081970806492459 0.40082733208455695 0.01953125 0.030721966205837174
0 0.8148229725962387 0.3896033232281124 0.01953125 0.030721966205837174
0 0.8204294965513865 0.354327866822144 0.01953125 0.030721966205837174
0 0.8046292926777883 0.3431038579656996 0.01953125 0.030721966205837174
0 0.785261300832732 0.3358884237008424 0.01953125 0.030721966205837174
0 0.7822031968571971 0.31664726566122325 0.01953125 0.030721966205837174
0 0.7709901489469013 0.3463107176389694 0.01953125 0.030721966205837174
0 0.7653836249917535 0.32867298943598516 0.01953125 0.030721966205837174
0 0.7801644608735069 0.2725529451537628 0.01953125 0.030721966205837174
0 0.7796547768775843 0.2525100721958262 0.01953125 0.030721966205837174
0 0.8066680286614782 0.25732036170573097 0.01953125 0.030721966205837174
0 0.8046292926777883 0.28858724352011206 0.01953125 0.030721966205837174
0 0.8163520245840064 0.28618209876515965 0.01953125 0.030721966205837174
0 0.8143132886003162 0.31504383582458834 0.01953125 0.030721966205837174
0 0.8224682325350766 0.32546612976271533 0.01953125 0.030721966205837174
0 0.6389819940029665 0.41605991553258875 0.01953125 0.030721966205837174
0 0.6226721061334457 0.5908337677257958 0.01953125 0.030721966205837174
0 0.4534570194871663 0.24077306621523914 0.01953125 0.030721966205837174
0 0.4519279674993988 0.21191132915581043 0.01953125 0.030721966205837174
0 0.4483601795279411 0.18304959209638177 0.01953125 0.030721966205837174
0 0.44632144354425096 0.15979985946517536 0.01953125 0.030721966205837174
0 0.4458117595483284 0.14857585060873088 0.01953125 0.030721966205837174
0 0.4417342875809482 0.13414498207901654 0.01953125 0.030721966205837174
0 0.45090859950755374 0.13414498207901654 0.01953125 0.030721966205837174
0 0.456005439466779 0.10688667485622275 0.01953125 0.030721966205837174
0 0.45090859950755374 0.09486095108146084 0.01953125 0.030721966205837174
0 0.45753449145454655 0.08764551681660362 0.01953125 0.030721966205837174
0 0.457024807458624 0.06680092894034959 0.01953125 0.030721966205837174
0 0.4407149195891031 0.03874090679923839 0.01953125 0.030721966205837174
0 0.4483601795279411 0.017896318922984333 0.01953125 0.030721966205837174
0 0.46110227942600424 0.036335762044285964 0.01953125 0.030721966205837174
0 0.456005439466779 0.03072375761606375 0.01953125 0.030721966205837174
0 0.465689435389307 0.014689459249714478 0.01953125 0.030721966205837174
0 0.4784315352873702 0.017896318922984333 0.01953125 0.030721966205837174
0 0.45651512346270157 0.013887744331396983 0.01953125 0.030721966205837174
0 0.483018691250673 0.036335762044285964 0.01953125 0.030721966205837174
0 0.4799605872751378 0.06519749910371467 0.01953125 0.030721966205837174
0 0.48047027127106035 0.05637863500222258 0.01953125 0.030721966205837174
0 0.4728250113322224 0.07000778861361943 0.01953125 0.030721966205837174
0 0.4723153273362999 0.10608495993790527 0.01953125 0.030721966205837174
0 0.484038059242518 0.11169696436612754 0.01953125 0.030721966205837174
0 0.47588311530775756 0.12051582846761966 0.01953125 0.030721966205837174
0 0.4723153273362999 0.14697242077209594 0.01953125 0.030721966205837174
0 0.49117363518543344 0.12612783289584187 0.01953125 0.030721966205837174
0 0.491683319181356 0.11249867928444497 0.01953125 0.030721966205837174
0 0.502386683095729 0.10929181961117511 0.01953125 0.030721966205837174
0 0.5115609950223345 0.10768838977454025 0.01953125 0.030721966205837174
0 0.4906639511895109 0.079628367633429 0.01953125 0.030721966205837174
0 0.4962704751446587 0.05878377975717494 0.01953125 0.030721966205837174
0 0.5064641550631093 0.061188924512127374 0.01953125 0.030721966205837174
0 0.5085028910467994 0.07241293336857185 0.01953125 0.030721966205837174
0 0.519715938957095 0.07802493779679408 0.01953125 0.030721966205837174
0 0.5039157350834966 0.03312890237101611 0.01953125 0.030721966205837174
0 0.5186965709652499 0.02591346810615897 0.01953125 0.030721966205837174
0 0.5299096188755456 0.016292889086349405 0.01953125 0.030721966205837174
0 0.5212449909448625 0.04755977090073046 0.01953125 0.030721966205837174
0 0.529399934879623 0.05397349024727017 0.01953125 0.030721966205837174
0 0.5258321469081653 0.08924894665323856 0.01953125 0.030721966205837174
0 0.5288902508837005 0.10207638534631798 0.01953125 0.030721966205837174
0 0.5202256229530174 0.12612783289584187 0.01953125 0.030721966205837174
0 0.5370451948184609 0.1381535566706038 0.01953125 0.030721966205837174
0 0.5395936147980736 0.12933469256911173 0.01953125 0.030721966205837174
0 0.5441807707613764 0.1317398373240641 0.01953125 0.030721966205837174
0 0.5401032987939961 0.079628367633429 0.01953125 0.030721966205837174
0 0.5411226667858412 0.06439578418539722 0.01953125 0.030721966205837174
0 0.5513163467042917 0.06760264385866707 0.01953125 0.030721966205837174
0 0.5559035026675945 0.055576920083905086 0.01953125 0.030721966205837174
0 0.5671165505778901 0.05718034992054002 0.01953125 0.030721966205837174
0 0.572723074533038 0.07080950353193692 0.01953125 0.030721966205837174
0 0.574761810516728 0.04755977090073046 0.01953125 0.030721966205837174
0 0.5543744506798269 0.02912032777942882 0.01953125 0.030721966205837174
0 0.5385742468062286 0.017896318922984333 0.01953125 0.030721966205837174
0 0.5426517187736087 0.03713747696260346 0.01953125 0.030721966205837174
0 0.5717037065411928 0.02030146367793669 0.01953125 0.030721966205837174
0 0.5630390786105098 0.013887744331396983 0.01953125 0.030721966205837174
0 0.5569228706594396 0.013887744331396983 0.01953125 0.030721966205837174
0 0.5635487626064324 0.09005066157155599 0.01953125 0.030721966205837174
0 0.5793489664800308 0.10367981518295291 0.01953125 0.030721966205837174
0 0.5701746545534253 0.10768838977454025 0.01953125 0.030721966205837174
0 0.5630390786105098 0.12612783289584187 0.01953125 0.030721966205837174
0 0.5829167544514885 0.12131754338593709 0.01953125 0.030721966205837174
0 0.5742521265208055 0.13254155224238157 0.01953125 0.030721966205837174
0 0.5732327585289604 0.1686187235666675 0.01953125 0.030721966205837174
0 0.5574325546553621 0.16300671913844522 0.01953125 0.030721966205837174
0 0.5472388747369115 0.15579128487358807 0.01953125 0.030721966205837174
0 0.5202256229530174 0.15498956995527058 0.01953125 0.030721966205837174
0 0.491683319181356 0.1525844252003182 0.01953125 0.030721966205837174
0 0.4983092111283488 0.1445672760171435 0.01953125 0.030721966205837174
0 0.49678015914058127 0.17743758766815956 0.01953125 0.030721966205837174
0 0.4794509032792153 0.1798427324231119 0.01953125 0.030721966205837174
0 0.4616119634219268 0.1750324429132072 0.01953125 0.030721966205837174
0 0.49270268717320104 0.21672161866571524 0.01953125 0.030721966205837174
0 0.4921930031772785 0.19427360095282634 0.01953125 0.030721966205837174
0 0.5054447870712643 0.20068732029936603 0.01953125 0.030721966205837174
0 0.5181868869693274 0.22233362309393748 0.01953125 0.030721966205837174
0 0.5181868869693274 0.19908389046273106 0.01953125 0.030721966205837174
0 0.5309289868673907 0.19988560538104855 0.01953125 0.030721966205837174
0 0.539083930802151 0.18465302193301675 0.01953125 0.030721966205837174
0 0.5395936147980736 0.23355763195038196 0.01953125 0.030721966205837174
0 0.5426517187736087 0.21752333358403267 0.01953125 0.030721966205837174
0 0.4932123711691235 0.23355763195038196 0.01953125 0.030721966205837174
0 0.5095222590386445 0.2311524871954296 0.01953125 0.030721966205837174
0 0.5095222590386445 0.27845366737615995 0.01953125 0.030721966205837174
0 0.529399934879623 0.2519970750716836 0.01953125 0.030721966205837174
0 0.5599809746349748 0.24317821097019154 0.01953125 0.030721966205837174
0 0.5528453986920593 0.23596277670533436 0.01953125 0.030721966205837174
0 0.5676262345738127 0.22473876784888988 0.01953125 0.030721966205837174
0 0.5579422386512847 0.21191132915581043 0.01953125 0.030721966205837174
0 0.5594712906390522 0.2022907501360009 0.01953125 0.030721966205837174
0 0.5452001387532214 0.17262729815825475 0.01953125 0.030721966205837174
0 0.5834264384474109 0.18866159652460404 0.01953125 0.030721966205837174
0 0.566097182586045 0.19106674127955647 0.01953125 0.030721966205837174
0 0.5834264384474109 0.20790275456422316 0.01953125 0.030721966205837174
0 0.5941298023617841 0.2447816408068265 0.01953125 0.030721966205837174
0 0.5834264384474109 0.2447816408068265 0.01953125 0.030721966205837174
0 0.5859748584270237 0.22233362309393748 0.01953125 0.030721966205837174
0 0.6033041142883896 0.21672161866571524 0.01953125 0.030721966205837174
0 0.6491756739214172 0.23916963637860422 0.01953125 0.030721966205837174
0 0.6379626260111215 0.22794562752215974 0.01953125 0.030721966205837174
0 0.6242011581212132 0.2143164739107628 0.01953125 0.030721966205837174
0 0.6338851540437412 0.19667874570777868 0.01953125 0.030721966205837174
0 0.6303173660722836 0.17904101750479448 0.01953125 0.030721966205837174
0 0.6221624221375232 0.18224787717806434 0.01953125 0.030721966205837174
0 0.601775062300622 0.18465302193301675 0.01953125 0.030721966205837174
0 0.6063622182639247 0.1742307279948897 0.01953125 0.030721966205837174
0 0.5997363263169319 0.1581964296285404 0.01953125 0.030721966205837174
0 0.5900523303944039 0.16140328930181028 0.01953125 0.030721966205837174
0 0.5997363263169319 0.13735184175228637 0.01953125 0.030721966205837174
0 0.5966782223413968 0.12292097322257202 0.01953125 0.030721966205837174
0 0.6129881102109177 0.1317398373240641 0.01953125 0.030721966205837174
0 0.5885232784066363 0.12051582846761966 0.01953125 0.030721966205837174
0 0.5956588543495517 0.079628367633429 0.01953125 0.030721966205837174
0 0.5966782223413968 0.06680092894034959 0.01953125 0.030721966205837174
0 0.591071698386249 0.04274948139082567 0.01953125 0.030721966205837174
0 0.5818973864596434 0.02912032777942882 0.01953125 0.030721966205837174
0 0.591071698386249 0.019499748759619257 0.01953125 0.030721966205837174
0 0.5788392824841083 0.010680884658127129 0.01953125 0.030721966205837174
0 0.6058525342680021 0.028318612861111328 0.01953125 0.030721966205837174
0 0.6002460103128544 0.04755977090073046 0.01953125 0.030721966205837174
0 0.6150268461946078 0.055576920083905086 0.01953125 0.030721966205837174
0 0.6221624221375232 0.04755977090073046 0.01953125 0.030721966205837174
0 0.6303173660722836 0.0339306172893336 0.01953125 0.030721966205837174
0 0.620123686153833 0.07321464828688928 0.01953125 0.030721966205837174
0 0.6124784262149952 0.09325752124482585 0.01953125 0.030721966205837174
0 0.6170655821782979 0.10127467042800055 0.01953125 0.030721966205837174
0 0.6242011581212132 0.12612783289584187 0.01953125 0.030721966205837174
0 0.6175752661742203 0.13975698650723878 0.01953125 0.030721966205837174
0 0.6216527381416006 0.1525844252003182 0.01953125 0.030721966205837174
0 0.6394916779988891 0.15418785503695306 0.01953125 0.030721966205837174
0 0.6512144099051073 0.15498956995527058 0.01953125 0.030721966205837174
0 0.6400013619948116 0.11169696436612754 0.01953125 0.030721966205837174
0 0.6221624221375232 0.10528324501958784 0.01953125 0.030721966205837174
0 0.6405110459907342 0.08924894665323856 0.01953125 0.030721966205837174
0 0.6379626260111215 0.06680092894034959 0.01953125 0.030721966205837174
0 0.6318464180600512 0.08203351238838143 0.01953125 0.030721966205837174
0 0.6547821978765649 0.08684380189828614 0.01953125 0.030721966205837174
0 0.6450982019540369 0.11009353452949261 0.01953125 0.030721966205837174
0 0.6318464180600512 0.11249867928444497 0.01953125 0.030721966205837174
0 0.6619177738194804 0.12051582846761966 0.01953125 0.030721966205837174
0 0.6522337778969522 0.11169696436612754 0.01953125 0.030721966205837174
0 0.6639565098031704 0.09245580632650842 0.01953125 0.030721966205837174
0 0.6756792417093886 0.12452440305920695 0.01953125 0.030721966205837174
0 0.6593693538398677 0.16541186389339765 0.01953125 0.030721966205837174
0 0.6527434618928748 0.18866159652460404 0.01953125 0.030721966205837174
0 0.6639565098031704 0.19988560538104855 0.01953125 0.030721966205837174
0 0.6481563059295721 0.21912676342066767 0.01953125 0.030721966205837174
0 0.6644661937990929 0.23355763195038196 0.01953125 0.030721966205837174
0 0.6960666015462897 0.23435934686869944 0.01953125 0.030721966205837174
0 0.6853632376319166 0.22554048276720734 0.01953125 0.030721966205837174
0 0.6766986097012336 0.2046958948909533 0.01953125 0.030721966205837174
0 0.7001440735136699 0.2135147589924454 0.01953125 0.030721966205837174
0 0.6884213416074518 0.18545473685133418 0.01953125 0.030721966205837174
0 0.6950472335544446 0.17823930258647705 0.01953125 0.030721966205837174
0 0.6731308217297759 0.1622050042201278 0.01953125 0.030721966205837174
0 0.6792470296808463 0.17663587274984205 0.01953125 0.030721966205837174
0 0.6868922896196842 0.12372268814088952 0.01953125 0.030721966205837174
0 0.6960666015462897 0.1333432671606991 0.01953125 0.030721966205837174
0 0.6955569175503672 0.1149038240393974 0.01953125 0.030721966205837174
0 0.6970859695381347 0.15979985946517536 0.01953125 0.030721966205837174
0 0.7159442773872684 0.13494669699733397 0.01953125 0.030721966205837174
0 0.7118668054198881 0.11169696436612754 0.01953125 0.030721966205837174
0 0.7169636453791135 0.10367981518295291 0.01953125 0.030721966205837174
0 0.7113571214239656 0.15498956995527058 0.01953125 0.030721966205837174
0 0.7200217493546485 0.17904101750479448 0.01953125 0.030721966205837174
0 0.7164539613831907 0.17182558323993732 0.01953125 0.030721966205837174
0 0.7220604853383387 0.20790275456422316 0.01953125 0.030721966205837174
0 0.7246089053179512 0.23035077227711215 0.01953125 0.030721966205837174
0 0.7307251132690217 0.22473876784888988 0.01953125 0.030721966205837174
0 0.7057505974688177 0.23596277670533436 0.01953125 0.030721966205837174
0 0.7470350011385425 0.22794562752215974 0.01953125 0.030721966205837174
0 0.7582480490488381 0.24718678556177884 0.01953125 0.030721966205837174
0 0.7704804649509788 0.2447816408068265 0.01953125 0.030721966205837174
0 0.7526415250936902 0.21672161866571524 0.01953125 0.030721966205837174
0 0.757228681056993 0.18946331144292147 0.01953125 0.030721966205837174
0 0.7419381611793172 0.18946331144292147 0.01953125 0.030721966205837174
0 0.7348025852364019 0.16541186389339765 0.01953125 0.030721966205837174
0 0.7373510052160145 0.1333432671606991 0.01953125 0.030721966205837174
0 0.7521318410977679 0.12933469256911173 0.01953125 0.030721966205837174
0 0.7587577330447607 0.14376556109882607 0.01953125 0.030721966205837174
0 0.7643642569999084 0.12612783289584187 0.01953125 0.030721966205837174
0 0.7704804649509788 0.14376556109882607 0.01953125 0.030721966205837174
0 0.7684417289672888 0.1750324429132072 0.01953125 0.030721966205837174
0 0.7587577330447607 0.17102386832161984 0.01953125 0.030721966205837174
0 0.7511124731059228 0.08924894665323856 0.01953125 0.030721966205837174
0 0.7567189970610706 0.09005066157155599 0.01953125 0.030721966205837174
0 0.7699707809550562 0.09005066157155599 0.01953125 0.030721966205837174
0 0.7393897411997046 0.09245580632650842 0.01953125 0.030721966205837174
0 0.7383703732078596 0.1149038240393974 0.01953125 0.030721966205837174
0 0.7307251132690217 0.079628367633429 0.01953125 0.030721966205837174
0 0.7144152253995008 0.08123179747006393 0.01953125 0.030721966205837174
0 0.7006537575095925 0.08123179747006393 0.01953125 0.030721966205837174
0 0.6817954496604589 0.09486095108146084 0.01953125 0.030721966205837174
0 0.683834185644149 0.08123179747006393 0.01953125 0.030721966205837174
0 0.674150189721621 0.08123179747006393 0.01953125 0.030721966205837174
0 0.6690533497623957 0.06680092894034959 0.01953125 0.030721966205837174
0 0.6634468258072479 0.06760264385866707 0.01953125 0.030721966205837174
0 0.6726211377338533 0.0339306172893336 0.01953125 0.030721966205837174
0 0.6593693538398677 0.028318612861111328 0.01953125 0.030721966205837174
0 0.6486659899254946 0.05878377975717494 0.01953125 0.030721966205837174
0 0.6456078859499594 0.04274948139082567 0.01953125 0.030721966205837174
0 0.6461175699458819 0.017896318922984333 0.01953125 0.030721966205837174
0 0.620123686153833 0.010680884658127129 0.01953125 0.030721966205837174
0 0.6853632376319166 0.049964915655682875 0.01953125 0.030721966205837174
0 0.6981053375299798 0.05317177532895274 0.01953125 0.030721966205837174
0 0.7098280694361979 0.050766630574000306 0.01953125 0.030721966205837174
0 0.6909697615870644 0.07241293336857185 0.01953125 0.030721966205837174
0 0.6945375495585222 0.03072375761606375 0.01953125 0.030721966205837174
0 0.6828148176523039 0.013887744331396983 0.01953125 0.030721966205837174
0 0.6965762855422123 0.013887744331396983 0.01953125 0.030721966205837174
0 0.674150189721621 0.012284314494762055 0.01953125 0.030721966205837174
0 0.7159442773872684 0.02190489351457162 0.01953125 0.030721966205837174
0 0.7256282733097963 0.03954262171755582 0.01953125 0.030721966205837174
0 0.7373510052160145 0.061188924512127374 0.01953125 0.030721966205837174
0 0.7424478451752398 0.051568345492317806 0.01953125 0.030721966205837174
0 0.7342929012404793 0.03713747696260346 0.01953125 0.030721966205837174
0 0.7312347972649442 0.025111753187841476 0.01953125 0.030721966205837174
0 0.7240992213220289 0.010680884658127129 0.01953125 0.030721966205837174
0 0.7363316372241694 0.012284314494762055 0.01953125 0.030721966205837174
0 0.7618158370202958 0.045154626145778094 0.01953125 0.030721966205837174
0 0.7490737371222326 0.07000778861361943 0.01953125 0.030721966205837174
0 0.7597771010366056 0.06439578418539722 0.01953125 0.030721966205837174
0 0.7664029929835986 0.0684043587769845 0.01953125 0.030721966205837174
0 0.7704804649509788 0.019499748759619257 0.01953125 0.030721966205837174
0 0.7623255210162183 0.012284314494762055 0.01953125 0.030721966205837174
0 0.8426007503740165 0.4401113630821127 0.01953125 0.030721966205837174
0 0.8385232784066363 0.42648220947071586 0.01953125 0.030721966205837174
0 0.8502460103128544 0.41525820061427143 0.01953125 0.030721966205837174
0 0.843110434369939 0.3928101829013824 0.01953125 0.030721966205837174
0 0.8558525342680023 0.3992239022479221 0.01953125 0.030721966205837174
0 0.8691043181619881 0.4401113630821127 0.01953125 0.030721966205837174
0 0.8798076820763611 0.4208702050424936 0.01953125 0.030721966205837174
0 0.8782786300885936 0.47699024932471606 0.01953125 0.030721966205837174
0 0.85738158625577 0.5082571311390972 0.01953125 0.030721966205837174
0 0.8446394863577067 0.5066537013024622 0.01953125 0.030721966205837174
0 0.9430084975707546 0.5138691355673194 0.01953125 0.030721966205837174
0 0.9440278655625997 0.4994382670376051 0.01953125 0.030721966205837174
0 0.9639055414035782 0.5154725654039544 0.01953125 0.030721966205837174
0 0.9644152253995008 0.4737833896514463 0.01953125 0.030721966205837174
0 0.941479445582987 0.45774909128509694 0.01953125 0.030721966205837174
0 0.9358729216278392 0.42968906914398575 0.01953125 0.030721966205837174
0 0.9068209338602551 0.435301073572208 0.01953125 0.030721966205837174
0 0.9149758777950155 0.41686163045090624 0.01953125 0.030721966205837174
0 0.8950982019540369 0.4433182227553826 0.01953125 0.030721966205837174
0 0.9037628298847199 0.478593679161351 0.01953125 0.030721966205837174
0 0.9154855617909381 0.4729816747331288 0.01953125 0.030721966205837174
0 0.8976466219336495 0.4072410514310967 0.01953125 0.030721966205837174
0 0.8869432580192764 0.40563762159446176 0.01953125 0.030721966205837174
0 0.8736914741252909 0.39521532765633477 0.01953125 0.030721966205837174
0 0.8772592620967485 0.3727673099434458 0.01953125 0.030721966205837174
0 0.8436201183658616 0.3647501607602712 0.01953125 0.030721966205837174
0 0.851775062300622 0.34470728780233456 0.01953125 0.030721966205837174
0 0.8415813823821714 0.3054232568047789 0.01953125 0.030721966205837174
0 0.8395426463984814 0.28858724352011217 0.01953125 0.030721966205837174
0 0.8538137982843123 0.29981125237655665 0.01953125 0.030721966205837174
0 0.85942032223946 0.2925958181116995 0.01953125 0.030721966205837174
0 0.8655365301905305 0.2741563749903978 0.01953125 0.030721966205837174
0 0.8660462141864528 0.24449292301265166 0.01953125 0.030721966205837174
0 0.8578912702516923 0.23888091858442945 0.01953125 0.030721966205837174
0 0.8410716983862491 0.2468980677676041 0.01953125 0.030721966205837174
0 0.8303683344718759 0.2468980677676041 0.01953125 0.030721966205837174
0 0.8380135944107138 0.23807920366611193 0.01953125 0.030721966205837174
0 0.8089616066431297 0.2124243262799531 0.01953125 0.030721966205837174
0 0.8043744506798268 0.23727748874779453 0.01953125 0.030721966205837174
0 0.7977485587328341 0.2132260411982706 0.01953125 0.030721966205837174
0 0.7916323507817636 0.20200203234182612 0.01953125 0.030721966205837174
0 0.7702256229530176 0.2236483351363976 0.01953125 0.030721966205837174
0 0.7722643589367078 0.20360546217846104 0.01953125 0.030721966205837174
0 0.8186456025656578 0.18757116381211178 0.01953125 0.030721966205837174
0 0.7977485587328341 0.1883728787304292 0.01953125 0.030721966205837174
0 0.7997872947165241 0.17394201020071487 0.01953125 0.030721966205837174
0 0.8390329624025589 0.18436430413884192 0.01953125 0.030721966205837174
0 0.8476975903332419 0.18115744446557205 0.01953125 0.030721966205837174
0 0.8476975903332419 0.20520889201509598 0.01953125 0.030721966205837174
0 0.8329167544514886 0.22044147546312773 0.01953125 0.030721966205837174
0 0.8660462141864528 0.17314029528239744 0.01953125 0.030721966205837174
0 0.8665558981823753 0.18436430413884192 0.01953125 0.030721966205837174
0 0.8859238900274313 0.1867694488937943 0.01953125 0.030721966205837174
0 0.8966272539418045 0.1755454400373498 0.01953125 0.030721966205837174
0 0.8894916779988891 0.20761403677004833 0.01953125 0.030721966205837174
0 0.8833754700478188 0.23246719923788972 0.01953125 0.030721966205837174
0 0.8813367340641286 0.2517083572775088 0.01953125 0.030721966205837174
0 0.8782786300885936 0.2749580899087153 0.01953125 0.030721966205837174
0 0.8798076820763611 0.28137180925525496 0.01953125 0.030721966205837174
0 0.8915304139825793 0.29660439270328676 0.01953125 0.030721966205837174
0 0.8849045220355862 0.30221639713150905 0.01953125 0.030721966205837174
0 0.8833754700478188 0.32546612976271544 0.01953125 0.030721966205837174
0 0.8808270500682062 0.3382935684557949 0.01953125 0.030721966205837174
0 0.8950982019540369 0.35031929223055686 0.01953125 0.030721966205837174
0 0.9083499858480227 0.3767758845350331 0.01953125 0.030721966205837174
0 0.9180339817705507 0.36154330108700133 0.01953125 0.030721966205837174
0 0.9348535536359941 0.39601704257465226 0.01953125 0.030721966205837174
0 0.9256792417093885 0.3839913187998903 0.01953125 0.030721966205837174
0 0.9475956535340573 0.4136547707776364 0.01953125 0.030721966205837174
0 0.9603377534321205 0.42247363487912853 0.01953125 0.030721966205837174
0 0.9766476413016414 0.4393096481637952 0.01953125 0.030721966205837174
0 0.9914284771833949 0.43209421389893815 0.01953125 0.030721966205837174
0 0.9827638492527117 0.41686163045090624 0.01953125 0.030721966205837174
0 0.9914284771833949 0.411249626022684 0.01953125 0.030721966205837174
0 0.9705314333505711 0.3928101829013824 0.01953125 0.030721966205837174
0 0.9664539613831907 0.35593129665877915 0.01953125 0.030721966205837174
0 0.9939768971630074 0.3671553055152236 0.01953125 0.030721966205837174
0 0.9924478451752398 0.35272443698550926 0.01953125 0.030721966205837174
0 0.9827638492527117 0.31985412533449326 0.01953125 0.030721966205837174
0 0.961866805419888 0.33348327894589014 0.01953125 0.030721966205837174
0 0.9633958574076558 0.31344040598795353 0.01953125 0.030721966205837174
0 0.9404600775911419 0.34871586239392194 0.01953125 0.030721966205837174
0 0.9435181815666772 0.3262678446810329 0.01953125 0.030721966205837174
0 0.9343438696400717 0.31504383582458845 0.01953125 0.030721966205837174
0 0.9205824017501634 0.3094318313963662 0.01953125 0.030721966205837174
0 0.90580156586841 0.31985412533449326 0.01953125 0.030721966205837174
0 0.9149758777950155 0.3415004281290647 0.01953125 0.030721966205837174
0 0.951163441505515 0.37837931437166805 0.01953125 0.030721966205837174
0 0.9450472335544448 0.2869838136834772 0.01953125 0.030721966205837174
0 0.9837832172445568 0.26854437056217556 0.01953125 0.030721966205837174
0 0.9939768971630074 0.27175123023544545 0.01953125 0.030721966205837174
0 0.9572796494565854 0.2757598048270328 0.01953125 0.030721966205837174
0 0.9537118614851275 0.25411350203246125 0.01953125 0.030721966205837174
0 0.9394407095992968 0.24369120809433426 0.01953125 0.030721966205837174
0 0.941479445582987 0.2637340810522708 0.01953125 0.030721966205837174
0 0.9261889257053112 0.23727748874779453 0.01953125 0.030721966205837174
0 0.9159952457868606 0.23807920366611193 0.01953125 0.030721966205837174
0 0.9205824017501634 0.2597255064606835 0.01953125 0.030721966205837174
0 0.9210920857460859 0.27976837941862004 0.01953125 0.030721966205837174
0 0.9037628298847199 0.26132893629731835 0.01953125 0.030721966205837174
0 0.8910207299866567 0.2629323661339534 0.01953125 0.030721966205837174
0 0.8966272539418045 0.23166548431957226 0.01953125 0.030721966205837174
0 0.9042725138806424 0.2108208964433182 0.01953125 0.030721966205837174
0 0.9114080898235578 0.1955883129952864 0.01953125 0.030721966205837174
0 0.9633958574076558 0.20120031742350863 0.01953125 0.030721966205837174
0 0.9679830133709584 0.21563118595322298 0.01953125 0.030721966205837174
0 0.9700217493546485 0.2460963528492866 0.01953125 0.030721966205837174
0 0.9822541652567893 0.2460963528492866 0.01953125 0.030721966205837174
0 0.995505949150775 0.23487234399284207 0.01953125 0.030721966205837174
0 0.9827638492527117 0.18997630856706413 0.01953125 0.030721966205837174
0 0.9735895373261063 0.18997630856706413 0.01953125 0.030721966205837174
0 0.9532021774892052 0.193183168240334 0.01953125 0.030721966205837174
0 0.9496343895177475 0.20520889201509598 0.01953125 0.030721966205837174
0 0.9312857656645364 0.21482947103490557 0.01953125 0.030721966205837174
0 0.9460666015462899 0.22765690972798494 0.01953125 0.030721966205837174
0 0.958808701444353 0.1867694488937943 0.01953125 0.030721966205837174
0 0.7967291907409891 0.1501792804453658 0.01953125 0.030721966205837174
0 0.7931614027695314 0.13574841191565146 0.01953125 0.030721966205837174
0 0.7829677228510808 0.12292097322257202 0.01953125 0.030721966205837174
0 0.7855161428306934 0.10768838977454025 0.01953125 0.030721966205837174
0 0.7997872947165241 0.08363694222501629 0.01953125 0.030721966205837174
0 0.7865355108225385 0.09566266599977827 0.01953125 0.030721966205837174
0 0.7885742468062287 0.06439578418539722 0.01953125 0.030721966205837174
0 0.7967291907409891 0.03473233220765103 0.01953125 0.030721966205837174
0 0.7829677228510808 0.027516897942793897 0.01953125 0.030721966205837174
0 0.8145681305982775 0.06519749910371467 0.01953125 0.030721966205837174
0 0.8140584466023549 0.05397349024727017 0.01953125 0.030721966205837174
0 0.8288392824841082 0.045154626145778094 0.01953125 0.030721966205837174
0 0.8181359185697352 0.017896318922984333 0.01953125 0.030721966205837174
0 0.8074325546553621 0.023508323351206548 0.01953125 0.030721966205837174
0 0.7844967748388483 0.009077454821492201 0.01953125 0.030721966205837174
0 0.8074325546553621 0.010680884658127129 0.01953125 0.030721966205837174
0 0.8308780184677984 0.014689459249714478 0.01953125 0.030721966205837174
0 0.8247618105167281 0.013887744331396983 0.01953125 0.030721966205837174
0 0.8426007503740165 0.02190489351457162 0.01953125 0.030721966205837174
0 0.8364845424229462 0.045956341064095525 0.01953125 0.030721966205837174
0 0.8354651744311012 0.07000778861361943 0.01953125 0.030721966205837174
0 0.8471879063373193 0.08844723173492113 0.01953125 0.030721966205837174
0 0.8099809746349748 0.11330039420276247 0.01953125 0.030721966205837174
0 0.8252714945126506 0.10207638534631798 0.01953125 0.030721966205837174
0 0.8344458064392561 0.12452440305920695 0.01953125 0.030721966205837174
0 0.8476975903332419 0.11811068371266725 0.01953125 0.030721966205837174
0 0.8298586504759533 0.1581964296285404 0.01953125 0.030721966205837174
0 0.8257811785085731 0.14136041634387367 0.01953125 0.030721966205837174
0 0.812019710618665 0.15418785503695306 0.01953125 0.030721966205837174
0 0.8471879063373193 0.15178271028200074 0.01953125 0.030721966205837174
0 0.8262908625044957 0.17102386832161984 0.01953125 0.030721966205837174
0 0.8048841346757496 0.1333432671606991 0.01953125 0.030721966205837174
0 0.7860258268266159 0.049964915655682875 0.01953125 0.030721966205837174
0 0.7926517187736087 0.017896318922984333 0.01953125 0.030721966205837174
0 0.7707353069489401 0.045956341064095525 0.01953125 0.030721966205837174
0 0.7477995271324265 0.02190489351457162 0.01953125 0.030721966205837174
0 0.72435406331999 0.028318612861111328 0.01953125 0.030721966205837174
0 0.7024376514953213 0.0443529112274606 0.01953125 0.030721966205837174
0 0.8548331662761572 0.027516897942793897 0.01953125 0.030721966205837174
0 0.8675752661742204 0.028318612861111328 0.01953125 0.030721966205837174
0 0.8624784262149952 0.013887744331396983 0.01953125 0.030721966205837174
0 0.8767495781008259 0.016292889086349405 0.01953125 0.030721966205837174
0 0.8889819940029666 0.02190489351457162 0.01953125 0.030721966205837174
0 0.8645171621986854 0.049964915655682875 0.01953125 0.030721966205837174
0 0.878788314084516 0.06680092894034959 0.01953125 0.030721966205837174
0 0.8828657860518963 0.08844723173492113 0.01953125 0.030721966205837174
0 0.8767495781008259 0.10608495993790527 0.01953125 0.030721966205837174
0 0.8685946341660654 0.09245580632650842 0.01953125 0.030721966205837174
0 0.8584009542476149 0.10448153010127038 0.01953125 0.030721966205837174
0 0.8629881102109177 0.08684380189828614 0.01953125 0.030721966205837174
0 0.8543234822802347 0.13414498207901654 0.01953125 0.030721966205837174
0 0.8364845424229462 0.1445672760171435 0.01953125 0.030721966205837174
0 0.8818464180600513 0.14376556109882607 0.01953125 0.030721966205837174
0 0.8736914741252909 0.14296384618050864 0.01953125 0.030721966205837174
0 0.8950982019540369 0.11009353452949261 0.01953125 0.030721966205837174
0 0.9083499858480227 0.15579128487358807 0.01953125 0.030721966205837174
0 0.9221114537379308 0.17743758766815956 0.01953125 0.030721966205837174
0 0.9287373456849238 0.19427360095282634 0.01953125 0.030721966205837174
0 0.9266986097012336 0.16621357881171508 0.01953125 0.030721966205837174
0 0.9159952457868606 0.14136041634387367 0.01953125 0.030721966205837174
0 0.9052918818724875 0.12131754338593709 0.01953125 0.030721966205837174
0 0.902743461892875 0.09566266599977827 0.01953125 0.030721966205837174
0 0.8966272539418045 0.09245580632650842 0.01953125 0.030721966205837174
0 0.9042725138806424 0.05958549467549244 0.01953125 0.030721966205837174
0 0.8849045220355862 0.055576920083905086 0.01953125 0.030721966205837174
0 0.8996853579173397 0.036335762044285964 0.01953125 0.030721966205837174
0 0.9088596698439453 0.02591346810615897 0.01953125 0.030721966205837174
0 0.9154855617909381 0.04194776647250824 0.01953125 0.030721966205837174
0 0.9180339817705507 0.013887744331396983 0.01953125 0.030721966205837174
0 0.9348535536359941 0.02190489351457162 0.01953125 0.030721966205837174
0 0.9312857656645364 0.010680884658127129 0.01953125 0.030721966205837174
0 0.9287373456849238 0.03954262171755582 0.01953125 0.030721966205837174
0 0.9435181815666772 0.05637863500222258 0.01953125 0.030721966205837174
0 0.9363826056237617 0.07000778861361943 0.01953125 0.030721966205837174
0 0.9221114537379308 0.07321464828688928 0.01953125 0.030721966205837174
0 0.9266986097012336 0.10047295550968305 0.01953125 0.030721966205837174
0 0.9368922896196843 0.09967124059136556 0.01953125 0.030721966205837174
0 0.9582990174484304 0.10608495993790527 0.01953125 0.030721966205837174
0 0.9532021774892052 0.11811068371266725 0.01953125 0.030721966205837174
0 0.9333245016482266 0.12051582846761966 0.01953125 0.030721966205837174
0 0.933834185644149 0.1333432671606991 0.01953125 0.030721966205837174
0 0.9399503935952194 0.15579128487358807 0.01953125 0.030721966205837174
0 0.9577893334525079 0.1381535566706038 0.01953125 0.030721966205837174
0 0.9674733293750358 0.13735184175228637 0.01953125 0.030721966205837174
0 0.9873510052160145 0.13254155224238157 0.01953125 0.030721966205837174
0 0.9766476413016414 0.16621357881171508 0.01953125 0.030721966205837174
0 0.9970350011385426 0.16701529373003252 0.01953125 0.030721966205837174
0 0.9842929012404793 0.16701529373003252 0.01953125 0.030721966205837174
0 0.9679830133709584 0.09405923616314334 0.01953125 0.030721966205837174
0 0.9684926973668809 0.07000778861361943 0.01953125 0.030721966205837174
0 0.9501440735136699 0.07882665271511156 0.01953125 0.030721966205837174
0 0.9557505974688177 0.08524037206165126 0.01953125 0.030721966205837174
0 0.9644152253995008 0.027516897942793897 0.01953125 0.030721966205837174
0 0.9521828094973601 0.02591346810615897 0.01953125 0.030721966205837174
0 0.9440278655625997 0.013887744331396983 0.01953125 0.030721966205837174
0 0.9674733293750358 0.012284314494762055 0.01953125 0.030721966205837174
0 0.979196061281254 0.027516897942793897 0.01953125 0.030721966205837174
0 0.9949962651548525 0.025111753187841476 0.01953125 0.030721966205837174
0 0.997544685134465 0.04755977090073046 0.01953125 0.030721966205837174
0 0.9802154292730991 0.05878377975717494 0.01953125 0.030721966205837174
0 0.9893897411997047 0.079628367633429 0.01953125 0.030721966205837174
0 0.9909187931874721 0.0964643809180957 0.01953125 0.030721966205837174
0 0.9929575291711623 0.1149038240393974 0.01953125 0.030721966205837174
0 0.43026639767269137 0.7188194368624151 0.01953125 0.030721966205837174
0 0.32017465455342525 0.5849330455033988 0.01953125 0.030721966205837174
0 0.27889025088370056 0.9104293023402888 0.01953125 0.030721966205837174
0 0.2406639511895109 0.6525658164362406 0.01953125 0.030721966205837174
0 0.12190758013956189 0.31504383582458845 0.01953125 0.030721966205837174
0 0.07603602050653437 0.3759741696167157 0.01953125 0.030721966205837174
0 0.10253958829450582 0.33187984910925517 0.01953125 0.030721966205837174
0 0.05157118870225302 0.22765690972798494 0.01953125 0.030721966205837174
0 0.04902276872264039 0.21563118595322298 0.01953125 0.030721966205837174
0 0.01283520501214088 0.24288949317601674 0.01953125 0.030721966205837174
0 0.14943051591937842 0.2404843484210644 0.01953125 0.030721966205837174
0 0.15146925190306854 0.20120031742350863 0.01953125 0.030721966205837174
0 0.242702687173201 0.5234897145871289 0.01953125 0.030721966205837174
0 0.42720829369715624 0.5234897145871289 0.01953125 0.030721966205837174
0 0.46645396138319084 0.22765690972798494 0.01953125 0.030721966205837174
0 0.052590556694098074 0.10608495993790527 0.01953125 0.030721966205837174
0 0.042396876775647505 0.009077454821492201 0.01953125 0.030721966205837174
0 0.03831940480826729 0.023508323351206548 0.01953125 0.030721966205837174
0 0.07552633651061182 0.016292889086349405 0.01953125 0.030721966205837174
0 0.10406864028227339 0.016292889086349405 0.01953125 0.030721966205837174
0 0.07756507249430193 0.036335762044285964 0.01953125 0.030721966205837174
0 0.12343663212732946 0.03874090679923839 0.01953125 0.030721966205837174
0 0.12088821214771685 0.13895527158892132 0.01953125 0.030721966205837174
0 0.17542439971142731 0.08203351238838143 0.01953125 0.030721966205837174
0 0.2187475393648422 0.2672296585197155 0.01953125 0.030721966205837174
0 0.1621726158174416 0.3385822862499697 0.01953125 0.030721966205837174
0 0.3064131866635171 0.365038878554446 0.01953125 0.030721966205837174
0 0.368084950170143 0.4492189449777797 0.01953125 0.030721966205837174
0 0.3742011581212133 0.010680884658127129 0.01953125 0.030721966205837174
0 0.36604621418645283 0.014689459249714478 0.01953125 0.030721966205837174
0 0.2564641550631093 0.008275739903174768 0.01953125 0.030721966205837174
0 0.4055467238704487 0.13895527158892132 0.01953125 0.030721966205837174
0 0.42950187167880755 0.18866159652460404 0.01953125 0.030721966205837174
0 0.410643563829674 0.04755977090073046 0.01953125 0.030721966205837174
0 0.44988923151570864 0.040344336635873314 0.01953125 0.030721966205837174
0 0.5141094150019472 0.17663587274984205 0.01953125 0.030721966205837174
0 0.4549860714749339 0.4468138002228273 0.01953125 0.030721966205837174
0 0.4351083956339553 0.42436578250993834 0.01953125 0.030721966205837174
0 0.7490737371222326 0.49491669532187504 0.01953125 0.030721966205837174
0 0.5691552865615802 0.12211925830425455 0.01953125 0.030721966205837174
0 0.5584519226472071 0.1862564517696516 0.01953125 0.030721966205837174
0 0.574761810516728 0.1862564517696516 0.01953125 0.030721966205837174
0 0.6160462141864528 0.21912676342066767 0.01953125 0.030721966205837174
0 0.6140074782027627 0.24317821097019154 0.01953125 0.030721966205837174
0 0.5365355108225384 0.2896776762326045 0.01953125 0.030721966205837174
0 0.3515202203026607 0.36584059347276343 0.01953125 0.030721966205837174
0 0.5306741448694294 0.17102386832161984 0.01953125 0.030721966205837174
0 0.5220095169387464 0.5817261858301289 0.01953125 0.030721966205837174
0 0.9516731255014376 0.5664936023820971 0.01953125 0.030721966205837174
0 0.7788902508837006 0.3647501607602711 0.01953125 0.030721966205837174
0 0.9919381611793172 0.4842056835895732 0.01953125 0.030721966205837174
0 0.6779728196910401 0.21242432627995306 0.01953125 0.030721966205837174
0 0.5798586504759533 0.9956998014761148 0.01953125 0.030721966205837174
0 0.2297057452771765 0.7244314412906374 0.01953125 0.030721966205837174
0 0.9358729216278392 0.48340396867125573 0.01953125 0.030721966205837174
0 0.9842929012404793 0.017896318922984333 0.01953125 0.030721966205837174
0 0.00722868105699307 0.21001918152500063 0.01953125 0.030721966205837174
