0 0.05712124400571365 0.9723971453595659 0.01953125 0.029282576866764276
0 0.020757607642077472 0.9443116854093384 0.01953125 0.029282576866764276
0 0.042796175135190406 0.9393554277710627 0.01953125 0.029282576866764276
0 0.07365016962554852 0.9393554277710627 0.01953125 0.029282576866764276
0 0.12323694648505269 0.9443116854093384 0.01953125 0.029282576866764276
0 0.1364600869809204 0.9707450594801408 0.01953125 0.029282576866764276
0 0.1452755139781656 0.9938742617920931 0.01953125 0.029282576866764276
0 0.17392565171921243 0.9773534029978416 0.01953125 0.029282576866764276
0 0.2235124285787165 0.9806575747566918 0.01953125 0.029282576866764276
0 0.2653857068156312 0.9657888018418656 0.01953125 0.029282576866764276
0 0.23893942582389563 0.9410075136504881 0.01953125 0.029282576866764276
0 0.22130857182940528 0.9228345689768114 0.01953125 0.029282576866764276
0 0.18163915034180195 0.9277908266150867 0.01953125 0.029282576866764276
0 0.14968322747678822 0.9327470842533624 0.01953125 0.029282576866764276
0 0.16290636797265595 0.9030095384237093 0.01953125 0.029282576866764276
0 0.13205237348229787 0.8897928513883082 0.01953125 0.029282576866764276
0 0.11552344786246309 0.9162262254591108 0.01953125 0.029282576866764276
0 0.11993116136108571 0.8699678208352062 0.01953125 0.029282576866764276
0 0.0824655966227937 0.8683157349557812 0.01953125 0.029282576866764276
0 0.06924245612692598 0.8831845078706076 0.01953125 0.029282576866764276
0 0.04830581700846866 0.8798803361117572 0.01953125 0.029282576866764276
0 0.022961464391388742 0.9046616243031347 0.01953125 0.029282576866764276
0 0.0031267536475871197 0.899705366664859 0.01953125 0.029282576866764276
0 0.02736917789001133 0.8567511337998048 0.01953125 0.029282576866764276
0 0.004228682022242777 0.8584032196792302 0.01953125 0.029282576866764276
0 0.04500003188450168 0.7890156127433734 0.01953125 0.029282576866764276
0 0.020757607642077472 0.7857114409845233 0.01953125 0.029282576866764276
0 0.057121244005713834 0.7576259810342956 0.01953125 0.029282576866764276
0 0.054917387256402515 0.8187531585730264 0.01953125 0.029282576866764276
0 0.038388461636567825 0.8204052444524514 0.01953125 0.029282576866764276
0 0.0714463128762372 0.8088406432964754 0.01953125 0.029282576866764276
0 0.0769559547495155 0.7791030974668226 0.01953125 0.029282576866764276
0 0.07254824125089286 0.7378009504811935 0.01953125 0.029282576866764276
0 0.01745182251811054 0.7642343245519961 0.01953125 0.029282576866764276
0 0.030674963013978304 0.7642343245519961 0.01953125 0.029282576866764276
0 0.026267249515355716 0.7378009504811935 0.01953125 0.029282576866764276
0 0.05050967375777997 0.7328446928429181 0.01953125 0.029282576866764276
0 0.01745182251811054 0.7080634046515407 0.01953125 0.029282576866764276
0 0.008636395520865365 0.7179759199280916 0.01953125 0.029282576866764276
0 0.032878819763289574 0.7146717481692414 0.01953125 0.029282576866764276
0 0.04940774538312431 0.6948467176161396 0.01953125 0.029282576866764276
0 0.03398074813794524 0.6898904599778639 0.01953125 0.029282576866764276
0 0.038388461636567825 0.668413343545337 0.01953125 0.029282576866764276
0 0.013044109019487953 0.6783258588218879 0.01953125 0.029282576866764276
0 0.21690085833078265 0.8600553055586553 0.01953125 0.029282576866764276
0 0.17612950846852374 0.8584032196792302 0.01953125 0.029282576866764276
0 0.15519286935006643 0.8501427902821045 0.01953125 0.029282576866764276
0 0.16511022472196726 0.8137969009347509 0.01953125 0.029282576866764276
0 0.19265843408835845 0.8220573303318768 0.01953125 0.029282576866764276
0 0.2400413541985512 0.8699678208352062 0.01953125 0.029282576866764276
0 0.3083609134272014 0.9129220537002604 0.01953125 0.029282576866764276
0 0.29293391618202236 0.9112699678208351 0.01953125 0.029282576866764276
0 0.29183198780736674 0.8716199067146313 0.01953125 0.029282576866764276
0 0.2598760649423528 0.8451865326438289 0.01953125 0.029282576866764276
0 0.23012399882665047 0.8187531585730264 0.01953125 0.029282576866764276
0 0.22130857182940528 0.7989281280199246 0.01953125 0.029282576866764276
0 0.20918735970819313 0.8005802138993495 0.01953125 0.029282576866764276
0 0.20918735970819313 0.8435344467644037 0.01953125 0.029282576866764276
0 0.1805372219671463 0.7873635268639483 0.01953125 0.029282576866764276
0 0.10450416411590668 0.8121448150553258 0.01953125 0.029282576866764276
0 0.13866394373023172 0.7906676986227987 0.01953125 0.029282576866764276
0 0.12433887485970826 0.7559738951548705 0.01953125 0.029282576866764276
0 0.11442151948780752 0.7576259810342956 0.01953125 0.029282576866764276
0 0.10560609249056226 0.7824072692256728 0.01953125 0.029282576866764276
0 0.09458680874400585 0.7394530363606188 0.01953125 0.029282576866764276
0 0.09568873711866151 0.7196280058075168 0.01953125 0.029282576866764276
0 0.08907716687072756 0.6915425458572891 0.01953125 0.029282576866764276
0 0.0714463128762372 0.6816300305807382 0.01953125 0.029282576866764276
0 0.06373281425364768 0.6931946317367144 0.01953125 0.029282576866764276
0 0.05381545888174686 0.6667612576659118 0.01953125 0.029282576866764276
0 0.14637744235282124 0.7394530363606188 0.01953125 0.029282576866764276
0 0.18274107871645762 0.7526697233960201 0.01953125 0.029282576866764276
0 0.1992700043362923 0.7757989257079723 0.01953125 0.029282576866764276
0 0.24444906769717384 0.8005802138993495 0.01953125 0.029282576866764276
0 0.2598760649423528 0.7906676986227987 0.01953125 0.029282576866764276
0 0.2521625663197633 0.7675384963108466 0.01953125 0.029282576866764276
0 0.24114328257320686 0.7642343245519961 0.01953125 0.029282576866764276
0 0.2180027867054383 0.7493655516371697 0.01953125 0.029282576866764276
0 0.2290220704519948 0.7493655516371697 0.01953125 0.029282576866764276
0 0.24114328257320686 0.7378009504811935 0.01953125 0.029282576866764276
0 0.3292975525456587 0.9096178819414101 0.01953125 0.029282576866764276
0 0.3502341916641159 0.9013574525442843 0.01953125 0.029282576866764276
0 0.3590496186613611 0.9575283724447397 0.01953125 0.029282576866764276
0 0.39210746990103057 0.9426595995299132 0.01953125 0.029282576866764276
0 0.4383884616365677 0.9889180041538177 0.01953125 0.029282576866764276
0 0.45822317238036936 0.9459637712887635 0.01953125 0.029282576866764276
0 0.4306749630139782 0.9244866548562365 0.01953125 0.029282576866764276
0 0.3711708307825733 0.7972760421404993 0.01953125 0.029282576866764276
0 0.37006890240791757 0.8501427902821045 0.01953125 0.029282576866764276
0 0.3502341916641159 0.8683157349557812 0.01953125 0.029282576866764276
0 0.32268598229772477 0.8402302750055535 0.01953125 0.029282576866764276
0 0.3039531999285787 0.8435344467644037 0.01953125 0.029282576866764276
0 0.2830165608101215 0.8237094162113019 0.01953125 0.029282576866764276
0 0.287424274308744 0.8534469620409546 0.01953125 0.029282576866764276
0 0.2719972770635651 0.7972760421404993 0.01953125 0.029282576866764276
0 0.28411848918477717 0.8005802138993495 0.01953125 0.029282576866764276
0 0.29183198780736674 0.7774510115873974 0.01953125 0.029282576866764276
0 0.2962397013059892 0.7923197845022238 0.01953125 0.029282576866764276
0 0.290730059432711 0.7576259810342956 0.01953125 0.029282576866764276
0 0.3403168362922151 0.7559738951548705 0.01953125 0.029282576866764276
0 0.40422868202224266 0.8947491090265837 0.01953125 0.029282576866764276
0 0.42075760764207737 0.8699678208352062 0.01953125 0.029282576866764276
0 0.4339807481379451 0.815448986814176 0.01953125 0.029282576866764276
0 0.4747520980002041 0.8104927291759007 0.01953125 0.029282576866764276
0 0.5111157343638404 0.8848365937500328 0.01953125 0.029282576866764276
0 0.5265427316090194 0.9657888018418656 0.01953125 0.029282576866764276
0 0.49348488036935007 0.9740492312389912 0.01953125 0.029282576866764276
0 0.4494077453831243 0.7873635268639483 0.01953125 0.029282576866764276
0 0.5827410787164575 0.9575283724447397 0.01953125 0.029282576866764276
0 0.5364600869809203 0.8964011949060088 0.01953125 0.029282576866764276
0 0.5573967260993777 0.8864886796294578 0.01953125 0.029282576866764276
0 0.6003719327109479 0.899705366664859 0.01953125 0.029282576866764276
0 0.5915565057137027 0.8930970231471586 0.01953125 0.029282576866764276
0 0.575027580093868 0.8402302750055535 0.01953125 0.029282576866764276
0 0.6146970015814712 0.8385781891261284 0.01953125 0.029282576866764276
0 0.6345317123252728 0.9129220537002604 0.01953125 0.029282576866764276
0 0.6565702798183859 0.9690929736007157 0.01953125 0.029282576866764276
0 0.6576722081930414 0.9244866548562365 0.01953125 0.029282576866764276
0 0.7105647701765124 0.9294429124945119 0.01953125 0.029282576866764276
0 0.7348071944189368 0.9872659182743926 0.01953125 0.029282576866764276
0 0.6609779933170085 0.8600553055586553 0.01953125 0.029282576866764276
0 0.6940358445566779 0.835274017367278 0.01953125 0.029282576866764276
0 0.6808127040608102 0.8385781891261284 0.01953125 0.029282576866764276
0 0.6532644946944189 0.8071885574170503 0.01953125 0.029282576866764276
0 0.6367355690745842 0.8286656738495772 0.01953125 0.029282576866764276
0 0.6301239988266503 0.8022322997787749 0.01953125 0.029282576866764276
0 0.6202066434547496 0.7840593551050982 0.01953125 0.029282576866764276
0 0.7502341916641159 0.8848365937500328 0.01953125 0.029282576866764276
0 0.7337052660442812 0.9211824830973863 0.01953125 0.029282576866764276
0 0.7678650456586061 0.9294429124945119 0.01953125 0.029282576866764276
0 0.796515183399653 0.9410075136504881 0.01953125 0.029282576866764276
0 0.7998209685236201 0.9955263476715183 0.01953125 0.029282576866764276
0 0.8174518225181102 0.9641367159624404 0.01953125 0.029282576866764276
0 0.8262672495153555 0.9195303972179609 0.01953125 0.029282576866764276
0 0.8483058170084683 0.9244866548562365 0.01953125 0.029282576866764276
0 0.8725482412508926 0.9839617465155422 0.01953125 0.029282576866764276
0 0.9287465883583306 0.9690929736007157 0.01953125 0.029282576866764276
0 0.9551928693500663 0.9905700900332428 0.01953125 0.029282576866764276
0 0.9805372219671462 0.9938742617920931 0.01953125 0.029282576866764276
0 0.9618044395980001 0.9410075136504881 0.01953125 0.029282576866764276
0 0.9441735856035096 0.9211824830973863 0.01953125 0.029282576866764276
0 0.9144215194878075 0.899705366664859 0.01953125 0.029282576866764276
0 0.8835675249974491 0.9277908266150867 0.01953125 0.029282576866764276
0 0.8989945222426281 0.9129220537002604 0.01953125 0.029282576866764276
0 0.9331543018569531 0.8633594773175056 0.01953125 0.029282576866764276
0 0.8780578831241708 0.8732719925940566 0.01953125 0.029282576866764276
0 0.8461019602591572 0.8600553055586553 0.01953125 0.029282576866764276
0 0.8130441090194876 0.8567511337998048 0.01953125 0.029282576866764276
0 0.7766804726558514 0.8765761643529069 0.01953125 0.029282576866764276
0 0.7414187646668707 0.8418823608849786 0.01953125 0.029282576866764276
0 0.7645592605346393 0.8071885574170503 0.01953125 0.029282576866764276
0 0.740316836292215 0.8022322997787749 0.01953125 0.029282576866764276
0 0.8020248252729312 0.805536471537625 0.01953125 0.029282576866764276
0 0.8207576076420773 0.8071885574170503 0.01953125 0.029282576866764276
0 0.8339807481379452 0.8270135879701522 0.01953125 0.029282576866764276
0 0.8934848803693498 0.8088406432964754 0.01953125 0.029282576866764276
0 0.9045041641159066 0.8187531585730264 0.01953125 0.029282576866764276
0 0.9562947977247219 0.8270135879701522 0.01953125 0.029282576866764276
0 0.943071657228854 0.8171010726936011 0.01953125 0.029282576866764276
0 0.9893526489643911 0.8699678208352062 0.01953125 0.029282576866764276
0 0.9618044395980001 0.8815324219911825 0.01953125 0.029282576866764276
0 0.9926584340883582 0.805536471537625 0.01953125 0.029282576866764276
0 0.9794352935924903 0.7873635268639483 0.01953125 0.029282576866764276
0 0.9496832274767881 0.7791030974668226 0.01953125 0.029282576866764276
0 0.8934848803693498 0.762582238672571 0.01953125 0.029282576866764276
0 0.8857713817467605 0.793971870381649 0.01953125 0.029282576866764276
0 0.8637328142536473 0.7741468398285469 0.01953125 0.029282576866764276
0 0.8450000318845016 0.7857114409845233 0.01953125 0.029282576866764276
0 0.8240633927660443 0.7691905821902717 0.01953125 0.029282576866764276
0 0.7876997564024079 0.7774510115873974 0.01953125 0.029282576866764276
0 0.7987190401489644 0.7675384963108466 0.01953125 0.029282576866764276
0 0.7700689024079175 0.7757989257079723 0.01953125 0.029282576866764276
0 0.5276446599836752 0.8418823608849786 0.01953125 0.029282576866764276
0 0.5023003073665954 0.8617073914380805 0.01953125 0.029282576866764276
0 0.5452755139781655 0.8121448150553258 0.01953125 0.029282576866764276
0 0.5629063679726559 0.825361502090727 0.01953125 0.029282576866764276
0 0.5640082963473114 0.7890156127433734 0.01953125 0.029282576866764276
0 0.5970661475869808 0.8171010726936011 0.01953125 0.029282576866764276
0 0.5849449354657688 0.7708426680696967 0.01953125 0.029282576866764276
0 0.6003719327109479 0.7675384963108466 0.01953125 0.029282576866764276
0 0.6345317123252728 0.7196280058075168 0.01953125 0.029282576866764276
0 0.6433471393225182 0.762582238672571 0.01953125 0.029282576866764276
0 0.6422452109478624 0.7890156127433734 0.01953125 0.029282576866764276
0 0.6609779933170085 0.7196280058075168 0.01953125 0.029282576866764276
0 0.668691491939598 0.7559738951548705 0.01953125 0.029282576866764276
0 0.6929339161820222 0.7543218092754451 0.01953125 0.029282576866764276
0 0.7017493431792674 0.7890156127433734 0.01953125 0.029282576866764276
0 0.7138705553004795 0.7642343245519961 0.01953125 0.029282576866764276
0 0.7381129795429037 0.762582238672571 0.01953125 0.029282576866764276
0 0.7281956241710028 0.7658864104314212 0.01953125 0.029282576866764276
0 0.7755785442811957 0.7378009504811935 0.01953125 0.029282576866764276
0 0.7678650456586061 0.7576259810342956 0.01953125 0.029282576866764276
0 0.7348071944189368 0.7394530363606188 0.01953125 0.029282576866764276
0 0.7513361200387716 0.7378009504811935 0.01953125 0.029282576866764276
0 0.7689669740332619 0.7229321775663672 0.01953125 0.029282576866764276
0 0.852713530507091 0.762582238672571 0.01953125 0.029282576866764276
0 0.8736501696255482 0.751017637516595 0.01953125 0.029282576866764276
0 0.8549173872564024 0.7427572081194692 0.01953125 0.029282576866764276
0 0.8328788197632893 0.7543218092754451 0.01953125 0.029282576866764276
0 0.808636395520865 0.7361488646017685 0.01953125 0.029282576866764276
0 0.8416942467605345 0.7245842634457924 0.01953125 0.029282576866764276
0 0.9133195911131515 0.7658864104314212 0.01953125 0.029282576866764276
0 0.9210330897357412 0.7493655516371697 0.01953125 0.029282576866764276
0 0.9397658721048873 0.7609301527931458 0.01953125 0.029282576866764276
0 0.9562947977247219 0.7444092939988943 0.01953125 0.029282576866764276
0 0.9794352935924903 0.741105122240044 0.01953125 0.029282576866764276
0 0.9441735856035096 0.7311926069634929 0.01953125 0.029282576866764276
0 0.8978925938679725 0.7130196622898163 0.01953125 0.029282576866764276
0 0.8604270291296806 0.7262363493252175 0.01953125 0.029282576866764276
0 0.8736501696255482 0.7229321775663672 0.01953125 0.029282576866764276
0 0.8593251007550251 0.7031071470132653 0.01953125 0.029282576866764276
0 0.8549173872564024 0.6882383740984389 0.01953125 0.029282576866764276
0 0.8394903900112234 0.6981508893749898 0.01953125 0.029282576866764276
0 0.8295730346393225 0.6948467176161396 0.01953125 0.029282576866764276
0 0.8174518225181102 0.6882383740984389 0.01953125 0.029282576866764276
0 0.8097383238955209 0.6783258588218879 0.01953125 0.029282576866764276
0 0.796515183399653 0.6816300305807382 0.01953125 0.029282576866764276
0 0.7976171117743086 0.7097154905309659 0.01953125 0.029282576866764276
0 0.7976171117743086 0.7097154905309659 0.01953125 0.029282576866764276
0 0.7899036131517192 0.741105122240044 0.01953125 0.029282576866764276
0 0.7821901145291297 0.7031071470132653 0.01953125 0.029282576866764276
0 0.7678650456586061 0.6882383740984389 0.01953125 0.029282576866764276
0 0.9177273046117741 0.6931946317367144 0.01953125 0.029282576866764276
0 0.9056060924905621 0.7014550611338403 0.01953125 0.029282576866764276
0 0.9034022357412507 0.679977944701313 0.01953125 0.029282576866764276
0 0.8890771668707276 0.6898904599778639 0.01953125 0.029282576866764276
0 0.86814052775227 0.6750216870630377 0.01953125 0.029282576866764276
0 0.8780578831241708 0.6849342023395886 0.01953125 0.029282576866764276
0 0.9320523734822976 0.6915425458572891 0.01953125 0.029282576866764276
0 0.9397658721048873 0.7047592328926904 0.01953125 0.029282576866764276
0 0.9573967260993774 0.7097154905309659 0.01953125 0.029282576866764276
0 0.9695179382205898 0.6948467176161396 0.01953125 0.029282576866764276
0 0.9937603624630138 0.7097154905309659 0.01953125 0.029282576866764276
0 0.9783333652178348 0.6849342023395886 0.01953125 0.029282576866764276
0 0.9904545773390471 0.6882383740984389 0.01953125 0.029282576866764276
0 0.9948622908376696 0.6717175153041873 0.01953125 0.029282576866764276
0 0.9849449354657689 0.64693622711281 0.01953125 0.029282576866764276
0 0.9485812991021322 0.6750216870630377 0.01953125 0.029282576866764276
0 0.9618044395980001 0.6750216870630377 0.01953125 0.029282576866764276
0 0.48026173987348236 0.7675384963108466 0.01953125 0.029282576866764276
0 0.5320523734822976 0.7708426680696967 0.01953125 0.029282576866764276
0 0.5188292329864299 0.7477134657577446 0.01953125 0.029282576866764276
0 0.48907716687072744 0.7460613798783193 0.01953125 0.029282576866764276
0 0.5298485167329865 0.7295405210840679 0.01953125 0.029282576866764276
0 0.5056060924905622 0.7444092939988943 0.01953125 0.029282576866764276
0 0.46152895750433626 0.7444092939988943 0.01953125 0.029282576866764276
0 0.4416942467605346 0.7576259810342956 0.01953125 0.029282576866764276
0 0.41855375089276614 0.7741468398285469 0.01953125 0.029282576866764276
0 0.4273691778900113 0.7477134657577446 0.01953125 0.029282576866764276
0 0.4053306103968983 0.7675384963108466 0.01953125 0.029282576866764276
0 0.3667631172839506 0.7741468398285469 0.01953125 0.029282576866764276
0 0.3359091227935926 0.7857114409845233 0.01953125 0.029282576866764276
0 0.3832920429037853 0.7609301527931458 0.01953125 0.029282576866764276
0 0.125027580093868 0.721280091686942 0.01953125 0.029282576866764276
0 0.13219011452912968 0.705585275832403 0.01953125 0.029282576866764276
0 0.14100554152637484 0.7006290181941274 0.01953125 0.029282576866764276
0 0.1206198665952454 0.6865862882190137 0.01953125 0.029282576866764276
0 0.10353997678808284 0.6915425458572891 0.01953125 0.029282576866764276
0 0.10519286935006633 0.6791519017616005 0.01953125 0.029282576866764276
0 0.09252069304152635 0.6675873006056243 0.01953125 0.029282576866764276
0 0.09803033491480459 0.6717175153041872 0.01953125 0.029282576866764276
0 0.06882923298642998 0.664283128846774 0.01953125 0.029282576866764276
0 0.07874658835833075 0.6634570859070614 0.01953125 0.029282576866764276
0 0.08315430185695334 0.6502403988716602 0.01953125 0.029282576866764276
0 0.09252069304152635 0.6527185276907979 0.01953125 0.029282576866764276
0 0.10409094097541066 0.6527185276907979 0.01953125 0.029282576866764276
0 0.11400829634731151 0.642806012414247 0.01953125 0.029282576866764276
0 0.12833336521783492 0.6609789570879238 0.01953125 0.029282576866764276
0 0.11896697403326192 0.6725435582438998 0.01953125 0.029282576866764276
0 0.1112534754106724 0.6717175153041872 0.01953125 0.029282576866764276
0 0.131088186154474 0.6931946317367141 0.01953125 0.029282576866764276
0 0.1514738610856035 0.679977944701313 0.01953125 0.029282576866764276
0 0.1448622908376696 0.6758477300027502 0.01953125 0.029282576866764276
0 0.16579892995612694 0.6865862882190137 0.01953125 0.029282576866764276
0 0.16800278670543822 0.7287144781443552 0.01953125 0.029282576866764276
0 0.171859536016733 0.7121936193501036 0.01953125 0.029282576866764276
0 0.14982096852362004 0.7130196622898163 0.01953125 0.029282576866764276
0 0.15918735970819303 0.6998029752544148 0.01953125 0.029282576866764276
0 0.15312675364758702 0.70145506113384 0.01953125 0.029282576866764276
0 0.18618460488725644 0.7097154905309659 0.01953125 0.029282576866764276
0 0.18398074813794513 0.6865862882190137 0.01953125 0.029282576866764276
0 0.20106063794510765 0.7254103063855049 0.01953125 0.029282576866764276
0 0.20601931563105805 0.742757208119469 0.01953125 0.029282576866764276
0 0.21263088587899195 0.7171498769883792 0.01953125 0.029282576866764276
0 0.22750691893684322 0.721280091686942 0.01953125 0.029282576866764276
0 0.2506474148046117 0.7146717481692413 0.01953125 0.029282576866764276
0 0.24734162968064488 0.6948467176161396 0.01953125 0.029282576866764276
0 0.23246559662279362 0.6948467176161396 0.01953125 0.029282576866764276
0 0.22144631287623714 0.6882383740984388 0.01953125 0.029282576866764276
0 0.2087741365676972 0.6948467176161396 0.01953125 0.029282576866764276
0 0.20657027981838588 0.679977944701313 0.01953125 0.029282576866764276
0 0.21428377844097546 0.6609789570879238 0.01953125 0.029282576866764276
0 0.19555099607182944 0.6989769323147024 0.01953125 0.029282576866764276
0 0.2633195911131518 0.7411051222400438 0.01953125 0.029282576866764276
0 0.2781956241710029 0.7295405210840678 0.01953125 0.029282576866764276
0 0.2704821255484134 0.7047592328926904 0.01953125 0.029282576866764276
0 0.2572589850525457 0.6915425458572891 0.01953125 0.029282576866764276
0 0.2440358445566779 0.668413343545337 0.01953125 0.029282576866764276
0 0.22971077568615453 0.6692393864850495 0.01953125 0.029282576866764276
0 0.228057883124171 0.6593268712084984 0.01953125 0.029282576866764276
0 0.22144631287623714 0.6469362271128098 0.01953125 0.029282576866764276
0 0.2820523734822978 0.6898904599778639 0.01953125 0.029282576866764276
0 0.2919697288541986 0.6717175153041872 0.01953125 0.029282576866764276
0 0.30629479772472207 0.6890644170381514 0.01953125 0.029282576866764276
0 0.3118044395980002 0.7146717481692413 0.01953125 0.029282576866764276
0 0.31896697403326196 0.7146717481692413 0.01953125 0.029282576866764276
0 0.2930716572288542 0.7204540487472294 0.01953125 0.029282576866764276
0 0.2930716572288542 0.7402790793003313 0.01953125 0.029282576866764276
0 0.3118044395980002 0.7477134657577446 0.01953125 0.029282576866764276
0 0.35863639552086524 0.7543218092754451 0.01953125 0.029282576866764276
0 0.34045457733904705 0.7411051222400438 0.01953125 0.029282576866764276
0 0.33163915034180186 0.7179759199280916 0.01953125 0.029282576866764276
0 0.34871904014896443 0.7237582205060796 0.01953125 0.029282576866764276
0 0.3630441090194878 0.7138457052295287 0.01953125 0.029282576866764276
0 0.3509228968982757 0.6915425458572891 0.01953125 0.029282576866764276
0 0.3206198665952454 0.6931946317367141 0.01953125 0.029282576866764276
0 0.37461435695337225 0.705585275832403 0.01953125 0.029282576866764276
0 0.38563364069992867 0.7353228216620558 0.01953125 0.029282576866764276
0 0.3729614643913887 0.7493655516371697 0.01953125 0.029282576866764276
0 0.4049173872564024 0.7221061346266545 0.01953125 0.029282576866764276
0 0.38949039001122343 0.7278884352046427 0.01953125 0.029282576866764276
0 0.4236501696255485 0.7254103063855049 0.01953125 0.029282576866764276
0 0.4005096737577798 0.7477134657577446 0.01953125 0.029282576866764276
0 0.45340223574125105 0.7262363493252174 0.01953125 0.029282576866764276
0 0.4429339161820222 0.711367576410391 0.01953125 0.029282576866764276
0 0.4506474148046119 0.6940206746764268 0.01953125 0.029282576866764276
0 0.46938019717375784 0.705585275832403 0.01953125 0.029282576866764276
0 0.46993116136108565 0.7295405210840678 0.01953125 0.029282576866764276
0 0.4781956241710031 0.7254103063855049 0.01953125 0.029282576866764276
0 0.4005096737577798 0.6915425458572891 0.01953125 0.029282576866764276
0 0.40106063794510777 0.6783258588218878 0.01953125 0.029282576866764276
0 0.3900413541985512 0.6708914723644746 0.01953125 0.029282576866764276
0 0.3702066434547496 0.6758477300027502 0.01953125 0.029282576866764276
0 0.36690085833078273 0.6923685887970017 0.01953125 0.029282576866764276
0 0.32337468753188453 0.8104927291759007 0.01953125 0.029282576866764276
0 0.421997277063565 0.6527185276907979 0.01953125 0.029282576866764276
0 0.40932510075502504 0.6601529141482111 0.01953125 0.029282576866764276
0 0.40987606494235285 0.6774998158821752 0.01953125 0.029282576866764276
0 0.38122592720130605 0.6667612576659117 0.01953125 0.029282576866764276
0 0.3652479657687992 0.6551966565099356 0.01953125 0.029282576866764276
0 0.34706614758698107 0.6576747853290734 0.01953125 0.029282576866764276
0 0.35863639552086524 0.6601529141482111 0.01953125 0.029282576866764276
0 0.3713085718294052 0.6551966565099356 0.01953125 0.029282576866764276
0 0.3393526489643914 0.6601529141482111 0.01953125 0.029282576866764276
0 0.32888432940516277 0.6717175153041872 0.01953125 0.029282576866764276
0 0.3156611889092951 0.6766737729424627 0.01953125 0.029282576866764276
0 0.3057438335373942 0.6651091717864867 0.01953125 0.029282576866764276
0 0.3145592605346394 0.6510664418113727 0.01953125 0.029282576866764276
0 0.328333365217835 0.6576747853290734 0.01953125 0.029282576866764276
0 0.3200689024079176 0.6378497547759715 0.01953125 0.029282576866764276
0 0.3261295084685237 0.6461101841730973 0.01953125 0.029282576866764276
0 0.3597383238955209 0.6345455830171213 0.01953125 0.029282576866764276
0 0.35202482527293144 0.6411539265348217 0.01953125 0.029282576866764276
0 0.3388016847770636 0.6378497547759715 0.01953125 0.029282576866764276
0 0.36965567926742177 0.6295893253788456 0.01953125 0.029282576866764276
0 0.37406339276604433 0.6411539265348217 0.01953125 0.029282576866764276
0 0.3790220704519947 0.6320674541979834 0.01953125 0.029282576866764276
0 0.3878374974492399 0.6312414112582708 0.01953125 0.029282576866764276
0 0.3944490676971739 0.6386757977156841 0.01953125 0.029282576866764276
0 0.4076722081930415 0.6436320553539595 0.01953125 0.029282576866764276
0 0.40381545888174686 0.6378497547759715 0.01953125 0.029282576866764276
0 0.384531712325273 0.6502403988716602 0.01953125 0.029282576866764276
0 0.43466945337210494 0.6452841412333847 0.01953125 0.029282576866764276
0 0.44128102362003885 0.679977944701313 0.01953125 0.029282576866764276
0 0.4302617398734823 0.6964988034955646 0.01953125 0.029282576866764276
0 0.42034438450158146 0.6841081593998759 0.01953125 0.029282576866764276
0 0.4186914919395981 0.7006290181941274 0.01953125 0.029282576866764276
0 0.4076722081930415 0.70145506113384 0.01953125 0.029282576866764276
0 0.4253030621875319 0.6783258588218878 0.01953125 0.029282576866764276
0 0.4330165608101216 0.6758477300027502 0.01953125 0.029282576866764276
0 0.4297107756861545 0.6651091717864867 0.01953125 0.029282576866764276
0 0.4396281310580553 0.6667612576659117 0.01953125 0.029282576866764276
0 0.46056477017651276 0.679977944701313 0.01953125 0.029282576866764276
0 0.4583609134272014 0.6634570859070614 0.01953125 0.029282576866764276
0 0.4715840539230692 0.6791519017616005 0.01953125 0.029282576866764276
0 0.4848071944189369 0.6708914723644746 0.01953125 0.029282576866764276
0 0.487562015355576 0.6849342023395885 0.01953125 0.029282576866764276
0 0.4963774423528212 0.6717175153041872 0.01953125 0.029282576866764276
0 0.4848071944189369 0.6419799694745345 0.01953125 0.029282576866764276
0 0.1206198665952454 0.8600553055586553 0.01953125 0.029282576866764276
0 0.08590912279359249 0.8427084038246911 0.01953125 0.029282576866764276
0 0.07764465998367513 0.642806012414247 0.01953125 0.029282576866764276
0 0.053953199928578714 0.6494143559319475 0.01953125 0.029282576866764276
0 0.039077166870727466 0.6535445706305106 0.01953125 0.029282576866764276
0 0.14045457733904704 0.6361976688965463 0.01953125 0.029282576866764276
0 0.14706614758698094 0.6560226994496482 0.01953125 0.029282576866764276
0 0.13769975640240792 0.6609789570879238 0.01953125 0.029282576866764276
0 0.15753446714620958 0.6543706135702231 0.01953125 0.029282576866764276
0 0.1669008583307826 0.6618050000276363 0.01953125 0.029282576866764276
0 0.1586363955208652 0.6717175153041872 0.01953125 0.029282576866764276
0 0.18012399882665037 0.6725435582438998 0.01953125 0.029282576866764276
0 0.17461435695337213 0.6535445706305106 0.01953125 0.029282576866764276
0 0.18287881976328946 0.6403278835951092 0.01953125 0.029282576866764276
0 0.15973832389552087 0.6403278835951092 0.01953125 0.029282576866764276
0 0.16800278670543822 0.628763282439133 0.01953125 0.029282576866764276
0 0.17020664345474953 0.6138945095243067 0.01953125 0.029282576866764276
0 0.17681821370268344 0.6320674541979834 0.01953125 0.029282576866764276
0 0.18949039001122336 0.6205028530420074 0.01953125 0.029282576866764276
0 0.18618460488725644 0.622980981861145 0.01953125 0.029282576866764276
0 0.19720388863381288 0.642806012414247 0.01953125 0.029282576866764276
0 0.18949039001122336 0.6469362271128098 0.01953125 0.029282576866764276
0 0.20712124400571372 0.6238070248008577 0.01953125 0.029282576866764276
0 0.20657027981838588 0.6370237118362588 0.01953125 0.029282576866764276
0 0.20491738725640243 0.6576747853290734 0.01953125 0.029282576866764276
0 0.2225482412508928 0.6320674541979834 0.01953125 0.029282576866764276
0 0.7496832274767883 0.7113675764103912 0.01953125 0.029282576866764276
0 0.7262672495153557 0.7035201684831216 0.01953125 0.029282576866764276
0 0.7089118776145293 0.7014550611338403 0.01953125 0.029282576866764276
0 0.6945868087440059 0.7026941255434089 0.01953125 0.029282576866764276
0 0.6934848803693503 0.7175628984582354 0.01953125 0.029282576866764276
0 0.6808127040608103 0.7146717481692413 0.01953125 0.029282576866764276
0 0.6733746875318847 0.7316056284333492 0.01953125 0.029282576866764276
0 0.6634573321599838 0.7014550611338403 0.01953125 0.029282576866764276
0 0.6678650456586065 0.6841081593998759 0.01953125 0.029282576866764276
0 0.6596005828486892 0.6762607514726064 0.01953125 0.029282576866764276
0 0.6824655966227938 0.6915425458572891 0.01953125 0.029282576866764276
0 0.6857713817467608 0.6733696011836123 0.01953125 0.029282576866764276
0 0.6932093982756864 0.6779128373520316 0.01953125 0.029282576866764276
0 0.697617111774309 0.6663482361960555 0.01953125 0.029282576866764276
0 0.6791598114988269 0.6671742791357681 0.01953125 0.029282576866764276
0 0.684944935465769 0.6399148621252531 0.01953125 0.029282576866764276
0 0.6923829519946946 0.649827377401804 0.01953125 0.029282576866764276
0 0.7000964506172842 0.6456971627032411 0.01953125 0.029282576866764276
0 0.7091873597081932 0.6395018406553966 0.01953125 0.029282576866764276
0 0.7122176627384963 0.6531315491606543 0.01953125 0.029282576866764276
0 0.7279201420773392 0.6448711197635284 0.01953125 0.029282576866764276
0 0.7243388748597084 0.6667612576659118 0.01953125 0.029282576866764276
0 0.7339807481379453 0.6651091717864867 0.01953125 0.029282576866764276
0 0.7491322632894605 0.6506534203415165 0.01953125 0.029282576866764276
0 0.7452755139781657 0.6779128373520316 0.01953125 0.029282576866764276
0 0.7359091227935927 0.6853472238094448 0.01953125 0.029282576866764276
0 0.7607025112233448 0.6770867944123191 0.01953125 0.029282576866764276
0 0.7546419051627387 0.6721305367740437 0.01953125 0.029282576866764276
0 0.7714463128762373 0.6597398926783549 0.01953125 0.029282576866764276
0 0.7744766159065404 0.6721305367740437 0.01953125 0.029282576866764276
0 0.7901790952453834 0.6605659356180674 0.01953125 0.029282576866764276
0 0.7868733101214164 0.6580878067989298 0.01953125 0.029282576866764276
0 0.7769559547495156 0.6518924847510854 0.01953125 0.029282576866764276
0 0.7708953486889095 0.6461101841730973 0.01953125 0.029282576866764276
0 0.784944935465769 0.642806012414247 0.01953125 0.029282576866764276
0 0.7904545773390472 0.6353716259568338 0.01953125 0.029282576866764276
0 0.8017493431792676 0.6469362271128098 0.01953125 0.029282576866764276
0 0.7965151833996533 0.6432190338841033 0.01953125 0.029282576866764276
0 0.8028512715539233 0.6646961503166304 0.01953125 0.029282576866764276
0 0.8237879106723806 0.6618050000276363 0.01953125 0.029282576866764276
0 0.815798929956127 0.6465232056429536 0.01953125 0.029282576866764276
0 0.829297552545659 0.6411539265348217 0.01953125 0.029282576866764276
0 0.844449067697174 0.6543706135702231 0.01953125 0.029282576866764276
0 0.8554683514437303 0.6490013344620913 0.01953125 0.029282576866764276
0 0.8557438335373944 0.6667612576659118 0.01953125 0.029282576866764276
0 0.8458264781654935 0.681217009110882 0.01953125 0.029282576866764276
0 0.8810881861544743 0.6667612576659118 0.01953125 0.029282576866764276
0 0.8918319878073668 0.6680003220754807 0.01953125 0.029282576866764276
0 0.8777824010305073 0.6506534203415165 0.01953125 0.029282576866764276
0 0.8681405277522704 0.6568487423893609 0.01953125 0.029282576866764276
0 0.8692424561269261 0.6386757977156841 0.01953125 0.029282576866764276
0 0.8888016847770638 0.6411539265348217 0.01953125 0.029282576866764276
0 0.8805372219671465 0.6295893253788457 0.01953125 0.029282576866764276
0 0.9031267536475872 0.6324804756678398 0.01953125 0.029282576866764276
0 0.8750275800938683 0.7064113187721156 0.01953125 0.029282576866764276
0 0.754090940975411 0.6295893253788457 0.01953125 0.029282576866764276
0 0.7438981035098462 0.6366106903664027 0.01953125 0.029282576866764276
0 0.7337052660442814 0.6407409050649656 0.01953125 0.029282576866764276
0 0.7706198665952456 0.6291763039089895 0.01953125 0.029282576866764276
0 0.7551928693500665 0.6147205524640192 0.01953125 0.029282576866764276
0 0.7378374974492401 0.6122424236448817 0.01953125 0.029282576866764276
0 0.7301239988266506 0.6209158745118637 0.01953125 0.029282576866764276
0 0.7182782687991024 0.6333065186075524 0.01953125 0.029282576866764276
0 0.7124931448321602 0.6217419174515763 0.01953125 0.029282576866764276
0 0.6987190401489646 0.6229809818611451 0.01953125 0.029282576866764276
0 0.6954132550249977 0.632893497137696 0.01953125 0.029282576866764276
0 0.6860468638404247 0.6254591106802828 0.01953125 0.029282576866764276
0 0.6805372219671464 0.6415669480046781 0.01953125 0.029282576866764276
0 0.6629063679726561 0.6287632824391333 0.01953125 0.029282576866764276
0 0.6719972770635652 0.6283502609692769 0.01953125 0.029282576866764276
0 0.6587741365676975 0.6452841412333848 0.01953125 0.029282576866764276
0 0.6645592605346395 0.6539575921003667 0.01953125 0.029282576866764276
0 0.6637328142536478 0.607286166006606 0.01953125 0.029282576866764276
0 0.6791598114988269 0.6147205524640192 0.01953125 0.029282576866764276
0 0.6857713817467608 0.6167856598133008 0.01953125 0.029282576866764276
0 0.6956887371186615 0.6126554451147378 0.01953125 0.029282576866764276
0 0.6901790952453833 0.6114163807051689 0.01953125 0.029282576866764276
0 0.7080854313335376 0.6076991874764623 0.01953125 0.029282576866764276
0 0.7199311613610858 0.614307530994163 0.01953125 0.029282576866764276
0 0.722410500204061 0.6048080371874683 0.01953125 0.029282576866764276
0 0.7328788197632897 0.6010908439587618 0.01953125 0.029282576866764276
0 0.7648347426283035 0.6118294021750253 0.01953125 0.029282576866764276
0 0.7645592605346395 0.6213288959817199 0.01953125 0.029282576866764276
0 0.7893526489643916 0.6176117027530134 0.01953125 0.029282576866764276
0 0.7843939712784412 0.6126554451147378 0.01953125 0.029282576866764276
0 0.7788843294051631 0.6068731445367498 0.01953125 0.029282576866764276
0 0.7742011338128765 0.6126554451147378 0.01953125 0.029282576866764276
0 0.7846694533721051 0.6027429298381869 0.01953125 0.029282576866764276
0 0.7899036131517194 0.6076991874764623 0.01953125 0.029282576866764276
0 0.8014738610856038 0.5990257366094803 0.01953125 0.029282576866764276
0 0.7995454864299565 0.5911783286822109 0.01953125 0.029282576866764276
0 0.7912810236200389 0.5932434360314923 0.01953125 0.029282576866764276
0 0.8078099492398737 0.6076991874764623 0.01953125 0.029282576866764276
0 0.829297552545659 0.6238070248008577 0.01953125 0.029282576866764276
0 0.8284711062646671 0.6320674541979834 0.01953125 0.029282576866764276
0 0.8295730346393227 0.6151335739338756 0.01953125 0.029282576866764276
0 0.8438981035098462 0.6341325615472649 0.01953125 0.029282576866764276
0 0.8584986544740335 0.6345455830171213 0.01953125 0.029282576866764276
0 0.8725482412508929 0.6209158745118637 0.01953125 0.029282576866764276
0 0.8675895635649425 0.6043950157176121 0.01953125 0.029282576866764276
0 0.8573967260993779 0.6110033592353127 0.01953125 0.029282576866764276
0 0.8656611889092952 0.6213288959817199 0.01953125 0.029282576866764276
0 0.8810881861544743 0.6163726383434445 0.01953125 0.029282576866764276
0 0.8885262026834 0.6122424236448817 0.01953125 0.029282576866764276
0 0.8824655966227938 0.6056340801271809 0.01953125 0.029282576866764276
0 0.8824655966227938 0.6056340801271809 0.01953125 0.029282576866764276
0 0.8764049905621878 0.6039819942477558 0.01953125 0.029282576866764276
0 0.8846694533721051 0.5953085433807738 0.01953125 0.029282576866764276
0 0.8934848803693504 0.5986127151396241 0.01953125 0.029282576866764276
0 0.9009228968982759 0.6023299083683306 0.01953125 0.029282576866764276
0 0.8788843294051629 0.5866350925137916 0.01953125 0.029282576866764276
0 0.8695179382205899 0.5874611354535042 0.01953125 0.029282576866764276
0 0.8642837784409757 0.5915913501520671 0.01953125 0.029282576866764276
0 0.853815458881747 0.5903522857424982 0.01953125 0.029282576866764276
0 0.8510606379451079 0.5965476077903425 0.01953125 0.029282576866764276
0 0.8452755139781658 0.5990257366094803 0.01953125 0.029282576866764276
0 0.8480303349148048 0.6068731445367498 0.01953125 0.029282576866764276
0 0.8414187646668709 0.6039819942477558 0.01953125 0.029282576866764276
0 0.8350826765126009 0.6064601230668936 0.01953125 0.029282576866764276
0 0.8262672495153559 0.6064601230668936 0.01953125 0.029282576866764276
0 0.8295730346393227 0.6006778224889056 0.01953125 0.029282576866764276
0 0.8273691778900114 0.5940694789712049 0.01953125 0.029282576866764276
0 0.8345317123252731 0.5948955219109173 0.01953125 0.029282576866764276
0 0.8323278555759619 0.5853960281042228 0.01953125 0.029282576866764276
0 0.8383884616365679 0.5870481139836479 0.01953125 0.029282576866764276
0 0.8232369464850527 0.5820918563453724 0.01953125 0.029282576866764276
0 0.8135950732068159 0.5845699851645102 0.01953125 0.029282576866764276
0 0.8058815745842264 0.5853960281042228 0.01953125 0.029282576866764276
0 0.7948622908376698 0.5725923625386777 0.01953125 0.029282576866764276
0 0.772548241250893 0.5932434360314923 0.01953125 0.029282576866764276
0 0.772823723344557 0.5986127151396241 0.01953125 0.029282576866764276
0 0.760151547036017 0.5990257366094803 0.01953125 0.029282576866764276
0 0.7551928693500665 0.6027429298381869 0.01953125 0.029282576866764276
0 0.7496832274767883 0.6052210586573247 0.01953125 0.029282576866764276
0 0.741418764666871 0.601503865428618 0.01953125 0.029282576866764276
0 0.6989945222426286 0.5998517795491929 0.01953125 0.029282576866764276
0 0.6907300594327112 0.5990257366094803 0.01953125 0.029282576866764276
0 0.6824655966227938 0.5986127151396241 0.01953125 0.029282576866764276
0 0.6799862577798186 0.6056340801271809 0.01953125 0.029282576866764276
0 0.6747520980002043 0.6048080371874683 0.01953125 0.029282576866764276
0 0.669242456126926 0.5986127151396241 0.01953125 0.029282576866764276
0 0.6725482412508931 0.5895262428027856 0.01953125 0.029282576866764276
0 0.6653857068156313 0.582917899285085 0.01953125 0.029282576866764276
0 0.6626308858789922 0.5763095557673844 0.01953125 0.029282576866764276
0 0.6918319878073668 0.5453329455281627 0.01953125 0.029282576866764276
0 0.8921074699010306 0.5882871783932168 0.01953125 0.029282576866764276
0 0.8854958996530968 0.5853960281042228 0.01953125 0.029282576866764276
0 0.9009228968982759 0.5792007060563784 0.01953125 0.029282576866764276
0 0.8965151833996533 0.5721793410688215 0.01953125 0.029282576866764276
0 0.8656611889092952 0.5742444484181028 0.01953125 0.029282576866764276
0 0.8783333652178351 0.5668100619606897 0.01953125 0.029282576866764276
0 0.8450000318845018 0.577135598707097 0.01953125 0.029282576866764276
0 0.8094628418018572 0.6242200462707139 0.01953125 0.029282576866764276
0 0.5755785442811959 0.7353228216620558 0.01953125 0.029282576866764276
0 0.5573967260993777 0.7576259810342953 0.01953125 0.029282576866764276
0 0.5678650456586064 0.7700166251299841 0.01953125 0.029282576866764276
0 0.5436226214161821 0.7501915945768822 0.01953125 0.029282576866764276
0 0.5480303349148047 0.7361488646017685 0.01953125 0.029282576866764276
0 0.5551928693500664 0.7221061346266545 0.01953125 0.029282576866764276
0 0.5419697288541987 0.7196280058075168 0.01953125 0.029282576866764276
0 0.5584986544740334 0.7031071470132653 0.01953125 0.029282576866764276
0 0.5832920429037854 0.6849342023395885 0.01953125 0.029282576866764276
0 0.5744766159065403 0.6750216870630376 0.01953125 0.029282576866764276
0 0.5513361200387716 0.6708914723644746 0.01953125 0.029282576866764276
0 0.5640082963473115 0.6667612576659117 0.01953125 0.029282576866764276
0 0.5078099492398735 0.7039331899529778 0.01953125 0.029282576866764276
0 0.5182782687991022 0.6576747853290734 0.01953125 0.029282576866764276
0 0.5094628418018571 0.6585008282687859 0.01953125 0.029282576866764276
0 0.5430716572288543 0.6609789570879238 0.01953125 0.029282576866764276
0 0.5315014092949699 0.6766737729424627 0.01953125 0.029282576866764276
0 0.559600582848689 0.6477622700525224 0.01953125 0.029282576866764276
0 0.5645592605346395 0.6378497547759715 0.01953125 0.029282576866764276
0 0.5761295084685237 0.6370237118362588 0.01953125 0.029282576866764276
0 0.5854958996530968 0.6436320553539595 0.01953125 0.029282576866764276
0 0.5893526489643915 0.6527185276907979 0.01953125 0.029282576866764276
0 0.5871487922150802 0.6659352147261991 0.01953125 0.029282576866764276
0 0.6042286820222428 0.6725435582438998 0.01953125 0.029282576866764276
0 0.6014738610856035 0.6551966565099356 0.01953125 0.029282576866764276
0 0.6235124285787166 0.6601529141482111 0.01953125 0.029282576866764276
0 0.6367355690745844 0.6675873006056243 0.01953125 0.029282576866764276
0 0.6400413541985512 0.6808039876410256 0.01953125 0.029282576866764276
0 0.6499587095704522 0.7022811040735527 0.01953125 0.029282576866764276
0 0.6499587095704522 0.6436320553539595 0.01953125 0.029282576866764276
0 0.6427961751351904 0.6312414112582708 0.01953125 0.029282576866764276
0 0.6262672495153556 0.628763282439133 0.01953125 0.029282576866764276
0 0.6146970015814713 0.642806012414247 0.01953125 0.029282576866764276
0 0.6025757894602592 0.6411539265348217 0.01953125 0.029282576866764276
0 0.5976171117743088 0.6320674541979834 0.01953125 0.029282576866764276
0 0.5904545773390472 0.6304153683185583 0.01953125 0.029282576866764276
0 0.5832920429037854 0.6295893253788456 0.01953125 0.029282576866764276
0 0.5315014092949699 0.6436320553539595 0.01953125 0.029282576866764276
0 0.48246559662279365 0.7848853980448107 0.01953125 0.029282576866764276
0 0.7089118776145293 0.8195792015127389 0.01953125 0.029282576866764276
0 0.7072589850525458 0.7402790793003313 0.01953125 0.029282576866764276
0 0.4890771668707275 0.6130684665845941 0.01953125 0.029282576866764276
0 0.4791598114988267 0.6295893253788456 0.01953125 0.029282576866764276
0 0.4879752384960719 0.6271111965597079 0.01953125 0.029282576866764276
0 0.4758540263748598 0.6064601230668935 0.01953125 0.029282576866764276
0 0.46648763519028674 0.6081122089463186 0.01953125 0.029282576866764276
0 0.4604270291296807 0.6361976688965463 0.01953125 0.029282576866764276
0 0.4444490676971738 0.6395018406553966 0.01953125 0.029282576866764276
0 0.45216256631976337 0.644458098293672 0.01953125 0.029282576866764276
0 0.42847110626466695 0.6337195400774086 0.01953125 0.029282576866764276
0 0.4224105002040609 0.6378497547759715 0.01953125 0.029282576866764276
0 0.42020664345474956 0.6221549389214324 0.01953125 0.029282576866764276
0 0.4119421806448322 0.6138945095243067 0.01953125 0.029282576866764276
0 0.40147386108560357 0.6271111965597079 0.01953125 0.029282576866764276
0 0.2390771668707275 0.6502403988716604 0.01953125 0.029282576866764276
0 0.23191463243546576 0.6403278835951094 0.01953125 0.029282576866764276
0 0.2495454864299562 0.6444580982936723 0.01953125 0.029282576866764276
0 0.24238295199469445 0.6328934971376963 0.01953125 0.029282576866764276
0 0.2556060924905622 0.6337195400774088 0.01953125 0.029282576866764276
0 0.2649724836751352 0.6403278835951094 0.01953125 0.029282576866764276
0 0.26111573436384045 0.6477622700525226 0.01953125 0.029282576866764276
0 0.2715840539230691 0.6659352147261994 0.01953125 0.029282576866764276
0 0.30298901260075506 0.6320674541979837 0.01953125 0.029282576866764276
0 0.3134573321599837 0.6320674541979837 0.01953125 0.029282576866764276
0 0.3272314368431793 0.6155465954037321 0.01953125 0.029282576866764276
0 0.3217217949699011 0.6155465954037321 0.01953125 0.029282576866764276
0 0.3360468638404245 0.6180247242228698 0.01953125 0.029282576866764276
0 0.34761711177430876 0.6196768101022951 0.01953125 0.029282576866764276
0 0.35918735970819304 0.6163726383434447 0.01953125 0.029282576866764276
0 0.3525757894602592 0.6295893253788458 0.01953125 0.029282576866764276
0 0.3735124285787165 0.6130684665845944 0.01953125 0.029282576866764276
0 0.38122592720130605 0.6205028530420076 0.01953125 0.029282576866764276
0 0.3922452109478625 0.609764294825744 0.01953125 0.029282576866764276
0 0.39114328257320685 0.6238070248008579 0.01953125 0.029282576866764276
0 0.38177689138863385 0.6056340801271812 0.01953125 0.029282576866764276
0 0.37571628532802787 0.5915913501520673 0.01953125 0.029282576866764276
0 0.3718595360167331 0.603981994247756 0.01953125 0.029282576866764276
0 0.36634989414345476 0.603981994247756 0.01953125 0.029282576866764276
0 0.3569835029588818 0.599851779549193 0.01953125 0.029282576866764276
0 0.3498209685236201 0.6006778224889057 0.01953125 0.029282576866764276
0 0.3432093982756863 0.6031559513080433 0.01953125 0.029282576866764276
0 0.3834297839506174 0.5924173930917798 0.01953125 0.029282576866764276
0 0.38838846163656776 0.5973736507300554 0.01953125 0.029282576866764276
0 0.39555099607182953 0.598199693669768 0.01953125 0.029282576866764276
0 0.28921490791755944 0.625459110680283 0.01953125 0.029282576866764276
0 0.2815014092949699 0.6361976688965465 0.01953125 0.029282576866764276
0 0.2605647701765126 0.6155465954037321 0.01953125 0.029282576866764276
0 0.22750691893684322 0.603981994247756 0.01953125 0.029282576866764276
0 0.028608847311498802 0.6114163807051692 0.01953125 0.029282576866764276
0 0.03466945337210488 0.6147205524640195 0.01953125 0.029282576866764276
0 0.04679066549331698 0.6295893253788458 0.01953125 0.029282576866764276
0 0.4484435580553006 0.6196768101022951 0.01953125 0.029282576866764276
0 0.44238295199469446 0.6122424236448819 0.01953125 0.029282576866764276
0 0.43852620268339976 0.6023299083683308 0.01953125 0.029282576866764276
0 0.42585402637485986 0.609764294825744 0.01953125 0.029282576866764276
0 0.8802617398734823 0.836926103246703 0.01953125 0.029282576866764276
0 0.5050551283032343 0.6361976688965463 0.01953125 0.029282576866764276
0 0.4901790952453831 0.6477622700525224 0.01953125 0.029282576866764276
0 0.5111157343638405 0.6378497547759713 0.01953125 0.029282576866764276
0 0.5259917674216917 0.634545583017121 0.01953125 0.029282576866764276
0 0.5430716572288541 0.6370237118362588 0.01953125 0.029282576866764276
0 0.5303994809203142 0.6238070248008576 0.01953125 0.029282576866764276
0 0.5359091227935926 0.6130684665845941 0.01953125 0.029282576866764276
0 0.5463774423528212 0.6196768101022947 0.01953125 0.029282576866764276
0 0.5640082963473115 0.6254591106802827 0.01953125 0.029282576866764276
0 0.556294797724722 0.6312414112582708 0.01953125 0.029282576866764276
0 0.5607025112233445 0.6097642948257438 0.01953125 0.029282576866764276
0 0.5667631172839507 0.5940694789712047 0.01953125 0.029282576866764276
0 0.571721794969901 0.6039819942477556 0.01953125 0.029282576866764276
0 0.5772314368431792 0.5940694789712047 0.01953125 0.029282576866764276
0 0.5871487922150801 0.6048080371874682 0.01953125 0.029282576866764276
0 0.5810881861544741 0.6064601230668935 0.01953125 0.029282576866764276
0 0.4940358445566779 0.5957215648506299 0.01953125 0.029282576866764276
0 0.5017493431792674 0.6163726383434444 0.01953125 0.029282576866764276
0 0.5127686269258238 0.6155465954037317 0.01953125 0.029282576866764276
0 0.45657027981838594 0.6039819942477556 0.01953125 0.029282576866764276
0 0.4505096737577798 0.6023299083683306 0.01953125 0.029282576866764276
0 0.44500003188450155 0.5924173930917795 0.01953125 0.029282576866764276
0 0.47695595474951535 0.5948955219109173 0.01953125 0.029282576866764276
0 0.47034438450158145 0.5849830066343663 0.01953125 0.029282576866764276
0 0.3832920429037853 0.5825048778152286 0.01953125 0.029282576866764276
0 0.39651518339965314 0.5717663195989651 0.01953125 0.029282576866764276
0 0.3871487922150801 0.5717663195989651 0.01953125 0.029282576866764276
0 0.4058815745842261 0.5659840190209771 0.01953125 0.029282576866764276
0 0.4020248252729313 0.581678834875516 0.01953125 0.029282576866764276
0 0.4091873597081931 0.575896534297528 0.01953125 0.029282576866764276
0 0.42351242857871646 0.5734184054783902 0.01953125 0.029282576866764276
0 0.42075760764207737 0.5618538043224142 0.01953125 0.029282576866764276
0 0.42571628532802774 0.5585496325635638 0.01953125 0.029282576866764276
0 0.43453171232527293 0.5783746631166657 0.01953125 0.029282576866764276
0 0.43453171232527293 0.5684621478401147 0.01953125 0.029282576866764276
0 0.44224521094786245 0.5684621478401147 0.01953125 0.029282576866764276
0 0.4472038886338129 0.5643319331415518 0.01953125 0.029282576866764276
0 0.45822317238036936 0.5692881907798273 0.01953125 0.029282576866764276
0 0.46428377844097546 0.5527673319855757 0.01953125 0.029282576866764276
0 0.47750691893684316 0.5684621478401147 0.01953125 0.029282576866764276
0 0.4846694533721049 0.5668100619606896 0.01953125 0.029282576866764276
0 0.49348488036935007 0.5767225772372405 0.01953125 0.029282576866764276
0 0.5000964506172839 0.5668100619606896 0.01953125 0.029282576866764276
0 0.49458680874400573 0.5643319331415518 0.01953125 0.029282576866764276
0 0.5932093982756861 0.6122424236448815 0.01953125 0.029282576866764276
0 0.5882507205897357 0.6147205524640191 0.01953125 0.029282576866764276
0 0.577782401030507 0.6171986812831569 0.01953125 0.029282576866764276
0 0.6113912164575044 0.6238070248008576 0.01953125 0.029282576866764276
0 0.6014738610856035 0.6147205524640191 0.01953125 0.029282576866764276
0 0.609187359708193 0.6048080371874682 0.01953125 0.029282576866764276
0 0.6003719327109478 0.6015038654286179 0.01953125 0.029282576866764276
0 0.5981680759616365 0.5891132213329293 0.01953125 0.029282576866764276
0 0.5926584340883583 0.5907653072123544 0.01953125 0.029282576866764276
0 0.6130441090194878 0.5940694789712047 0.01953125 0.029282576866764276
0 0.6058815745842262 0.5924173930917795 0.01953125 0.029282576866764276
0 0.6202066434547495 0.618850767162582 0.01953125 0.029282576866764276
0 0.615247965768799 0.6171986812831569 0.01953125 0.029282576866764276
0 0.627920142077339 0.6039819942477556 0.01953125 0.029282576866764276
0 0.6328788197632894 0.5973736507300551 0.01953125 0.029282576866764276
0 0.6472038886338128 0.6097642948257438 0.01953125 0.029282576866764276
0 0.6339807481379451 0.6262851536199953 0.01953125 0.029282576866764276
0 0.6472038886338128 0.5866350925137914 0.01953125 0.029282576866764276
0 0.6494077453831242 0.5932434360314921 0.01953125 0.029282576866764276
0 0.31993116136108557 0.5858090495740789 0.01953125 0.029282576866764276
0 0.31497248367513514 0.5783746631166657 0.01953125 0.029282576866764276
0 0.3359091227935925 0.5767225772372405 0.01953125 0.029282576866764276
0 0.47860884731149883 0.5519412890458631 0.01953125 0.029282576866764276
0 0.5359091227935926 0.5948955219109173 0.01953125 0.029282576866764276
0 0.5425206930415264 0.5924173930917795 0.01953125 0.029282576866764276
0 0.5491322632894603 0.5990257366094802 0.01953125 0.029282576866764276
0 0.5436226214161821 0.6039819942477556 0.01953125 0.029282576866764276
0 0.5436226214161821 0.6039819942477556 0.01953125 0.029282576866764276
0 0.5485812991021325 0.5891132213329293 0.01953125 0.029282576866764276
0 0.5612534754106725 0.575896534297528 0.01953125 0.029282576866764276
0 0.6229614643913886 0.707237361711828 0.01953125 0.029282576866764276
0 0.6163498941434549 0.7237582205060796 0.01953125 0.029282576866764276
0 0.5959642192123253 0.7361488646017685 0.01953125 0.029282576866764276
0 0.5959642192123253 0.7179759199280916 0.01953125 0.029282576866764276
0 0.5888016847770636 0.7146717481692413 0.01953125 0.029282576866764276
0 0.5915565057137028 0.6948467176161394 0.01953125 0.029282576866764276
0 0.6075344671462095 0.7047592328926903 0.01953125 0.029282576866764276
0 0.6108402522701766 0.6874123311587261 0.01953125 0.029282576866764276
0 0.6157989299561271 0.6857602452793009 0.01953125 0.029282576866764276
0 0.6295730346393226 0.6783258588218878 0.01953125 0.029282576866764276
0 0.6587741365676972 0.6659352147261991 0.01953125 0.029282576866764276
0 0.6483058170084687 0.6618050000276363 0.01953125 0.029282576866764276
0 0.7006474148046118 0.5882871783932166 0.01953125 0.029282576866764276
0 0.6901790952453832 0.5899392642726419 0.01953125 0.029282576866764276
0 0.6835675249974492 0.5849830066343663 0.01953125 0.029282576866764276
0 0.6521625663197633 0.5668100619606896 0.01953125 0.029282576866764276
0 0.6163498941434549 0.5618538043224142 0.01953125 0.029282576866764276
0 0.5783333652178351 0.5775486201769531 0.01953125 0.029282576866764276
0 0.5821901145291297 0.5866350925137914 0.01953125 0.029282576866764276
0 0.5733746875318846 0.5849830066343663 0.01953125 0.029282576866764276
0 0.5695179382205897 0.5783746631166657 0.01953125 0.029282576866764276
0 0.5204821255484133 0.5899392642726419 0.01953125 0.029282576866764276
0 0.5056060924905622 0.5973736507300551 0.01953125 0.029282576866764276
0 0.5144215194878073 0.5725923625386777 0.01953125 0.029282576866764276
0 0.5011983789919395 0.5544194178650009 0.01953125 0.029282576866764276
0 0.3331543018569533 0.5973736507300551 0.01953125 0.029282576866764276
0 0.3111157343638404 0.6056340801271809 0.01953125 0.029282576866764276
0 0.29789259386797257 0.6130684665845941 0.01953125 0.029282576866764276
0 0.2973416296806448 0.5940694789712047 0.01953125 0.029282576866764276
0 0.302851271553923 0.5891132213329293 0.01953125 0.029282576866764276
0 0.28907716687072743 0.5792007060563782 0.01953125 0.029282576866764276
0 0.29348488036935005 0.5668100619606896 0.01953125 0.029282576866764276
0 0.3089118776145291 0.5626798472621266 0.01953125 0.029282576866764276
0 0.31331959111315166 0.5676361049004022 0.01953125 0.029282576866764276
0 0.3188292329864299 0.5725923625386777 0.01953125 0.029282576866764276
0 0.33039948092031424 0.5767225772372405 0.01953125 0.029282576866764276
0 0.3326033376696255 0.5602017184429889 0.01953125 0.029282576866764276
0 0.3188292329864299 0.5511152461061506 0.01953125 0.029282576866764276
0 0.3270936957963473 0.550289203166438 0.01953125 0.029282576866764276
0 0.32268598229772466 0.5378985590707492 0.01953125 0.029282576866764276
0 0.3590496186613611 0.5635058902018393 0.01953125 0.029282576866764276
0 0.3700689024079175 0.5767225772372405 0.01953125 0.029282576866764276
0 0.3766804726558514 0.5453329455281625 0.01953125 0.029282576866764276
0 0.3733746875318845 0.5725923625386777 0.01953125 0.029282576866764276
0 0.3733746875318845 0.5362464731913241 0.01953125 0.029282576866764276
0 0.4119421806448322 0.5676361049004022 0.01953125 0.029282576866764276
0 0.41800278670543817 0.6097642948257438 0.01953125 0.029282576866764276
0 0.4169008583307826 0.5990257366094802 0.01953125 0.029282576866764276
0 0.4224105002040608 0.5924173930917795 0.01953125 0.029282576866764276
0 0.4328788197632894 0.6196768101022947 0.01953125 0.029282576866764276
0 0.5706198665952453 0.5618538043224142 0.01953125 0.029282576866764276
0 0.5766804726558515 0.5552454608047135 0.01953125 0.029282576866764276
0 0.5849449354657688 0.5527673319855757 0.01953125 0.029282576866764276
0 0.5888016847770636 0.5420287737693122 0.01953125 0.029282576866764276
0 0.5711708307825732 0.6163726383434444 0.01953125 0.029282576866764276
0 0.5667631172839507 0.6130684665845941 0.01953125 0.029282576866764276
0 0.653264494694419 0.5841569636946538 0.01953125 0.029282576866764276
0 0.6295730346393226 0.5568975466841386 0.01953125 0.029282576866764276
0 0.6361846048872565 0.5560715037444262 0.01953125 0.029282576866764276
0 0.6422452109478625 0.5560715037444262 0.01953125 0.029282576866764276
0 0.5832920429037854 0.5635058902018393 0.01953125 0.029282576866764276
0 0.5926584340883583 0.5684621478401147 0.01953125 0.029282576866764276
0 0.5976171117743088 0.5651579760812645 0.01953125 0.029282576866764276
0 0.5943113266503418 0.5602017184429889 0.01953125 0.029282576866764276
0 0.5921074699010305 0.5552454608047135 0.01953125 0.029282576866764276
0 0.6009228968982758 0.5577235896238513 0.01953125 0.029282576866764276
0 0.4003719327109478 0.5577235896238513 0.01953125 0.029282576866764276
0 0.41028928808284865 0.5511152461061506 0.01953125 0.029282576866764276
0 0.3485812991021324 0.5734184054783902 0.01953125 0.029282576866764276
0 0.34582647816549333 0.5593756755032764 0.01953125 0.029282576866764276
0 0.3596005828486889 0.5858090495740789 0.01953125 0.029282576866764276
0 0.34913226328946023 0.5866350925137914 0.01953125 0.029282576866764276
0 0.3392149079175594 0.5998517795491928 0.01953125 0.029282576866764276
0 0.33811297954290376 0.5882871783932166 0.01953125 0.029282576866764276
0 0.33095044510764204 0.5841569636946538 0.01953125 0.029282576866764276
0 0.3370110511682481 0.6064601230668935 0.01953125 0.029282576866764276
0 0.1354958996530966 0.6155465954037318 0.01953125 0.029282576866764276
0 0.1465151833996531 0.6196768101022947 0.01953125 0.029282576866764276
0 0.15312675364758702 0.6196768101022947 0.01953125 0.029282576866764276
0 0.10519286935006633 0.618850767162582 0.01953125 0.029282576866764276
0 0.09252069304152635 0.6089382518860312 0.01953125 0.029282576866764276
0 0.08535815860626465 0.6138945095243067 0.01953125 0.029282576866764276
0 0.07488983904703601 0.6205028530420074 0.01953125 0.029282576866764276
0 0.06938019717375775 0.6171986812831569 0.01953125 0.029282576866764276
0 0.06442151948780733 0.6238070248008576 0.01953125 0.029282576866764276
0 0.060013805989184744 0.603155951308043 0.01953125 0.029282576866764276
0 0.04844355805530047 0.5924173930917795 0.01953125 0.029282576866764276
0 0.03411848918477705 0.5940694789712049 0.01953125 0.029282576866764276
0 0.18618460488725644 0.6097642948257438 0.01953125 0.029282576866764276
0 0.1900413541985512 0.6039819942477556 0.01953125 0.029282576866764276
0 0.16249314483216 0.5940694789712049 0.01953125 0.029282576866764276
0 0.1630441090194878 0.6089382518860312 0.01953125 0.029282576866764276
0 0.10794769028670542 0.5990257366094802 0.01953125 0.029282576866764276
0 0.10684576191204977 0.5907653072123544 0.01953125 0.029282576866764276
0 0.09803033491480459 0.5874611354535041 0.01953125 0.029282576866764276
0 0.08260333766962556 0.5734184054783902 0.01953125 0.029282576866764276
0 0.08260333766962556 0.5849830066343664 0.01953125 0.029282576866764276
0 0.2506474148046117 0.6163726383434444 0.01953125 0.029282576866764276
0 0.24238295199469445 0.5932434360314921 0.01953125 0.029282576866764276
0 0.25395319992857873 0.6056340801271809 0.01953125 0.029282576866764276
0 0.2638705553004796 0.5981996936697677 0.01953125 0.029282576866764276
0 0.2572589850525457 0.5882871783932166 0.01953125 0.029282576866764276
0 0.2605647701765126 0.5725923625386777 0.01953125 0.029282576866764276
0 0.23632234593408838 0.5808527919358034 0.01953125 0.029282576866764276
0 0.22034438450158148 0.580026748996091 0.01953125 0.029282576866764276
0 0.22475209800020413 0.580026748996091 0.01953125 0.029282576866764276
0 0.22199727706356492 0.591591350152067 0.01953125 0.029282576866764276
0 0.21483474262830324 0.5891132213329292 0.01953125 0.029282576866764276
0 0.20491738725640243 0.5825048778152286 0.01953125 0.029282576866764276
0 0.17351242857871646 0.5940694789712047 0.01953125 0.029282576866764276
0 0.14871904014896442 0.5948955219109173 0.01953125 0.029282576866764276
0 0.143760362463014 0.5932434360314921 0.01953125 0.029282576866764276
0 0.1305372219671462 0.5882871783932166 0.01953125 0.029282576866764276
0 0.11400829634731151 0.5891132213329292 0.01953125 0.029282576866764276
0 0.11015154703601675 0.5717663195989651 0.01953125 0.029282576866764276
0 0.05119837899193957 0.5668100619606895 0.01953125 0.029282576866764276
0 0.047341629680644814 0.5602017184429889 0.01953125 0.029282576866764276
0 0.11235540378532802 0.6213288959817199 0.01953125 0.029282576866764276
0 0.10629479772472199 0.628763282439133 0.01953125 0.029282576866764276
0 0.1883884616365677 0.591591350152067 0.01953125 0.029282576866764276
0 0.18453171232527296 0.5825048778152286 0.01953125 0.029282576866764276
0 0.21263088587899195 0.6056340801271809 0.01953125 0.029282576866764276
0 0.21593667100295888 0.6155465954037318 0.01953125 0.029282576866764276
0 0.20767220819304155 0.6097642948257438 0.01953125 0.029282576866764276
0 0.19995870957045203 0.6155465954037318 0.01953125 0.029282576866764276
0 0.20106063794510765 0.5973736507300551 0.01953125 0.029282576866764276
0 0.19555099607182944 0.5882871783932166 0.01953125 0.029282576866764276
0 0.20050967375777987 0.5907653072123544 0.01953125 0.029282576866764276
0 0.1944490676971738 0.5816788348755161 0.01953125 0.029282576866764276
0 0.1889394258238955 0.5717663195989651 0.01953125 0.029282576866764276
0 0.18508267651260077 0.5725923625386777 0.01953125 0.029282576866764276
0 0.21593667100295888 0.5676361049004022 0.01953125 0.029282576866764276
0 0.07323694648505255 0.5626798472621268 0.01953125 0.029282576866764276
0 0.0908678004795429 0.5602017184429889 0.01953125 0.029282576866764276
0 0.06552344786246299 0.5684621478401148 0.01953125 0.029282576866764276
0 0.06772730461177431 0.5808527919358034 0.01953125 0.029282576866764276
0 0.061666698551168235 0.5825048778152286 0.01953125 0.029282576866764276
0 0.006570279818385864 0.5742444484181028 0.01953125 0.029282576866764276
0 0.013181850066319745 0.591591350152067 0.01953125 0.029282576866764276
0 0.020895348688909264 0.5899392642726419 0.01953125 0.029282576866764276
0 0.006019315631058035 0.6023299083683306 0.01953125 0.029282576866764276
0 0.915385706815631 0.6527185276907979 0.01953125 0.029282576866764276
0 0.9054683514437302 0.6634570859070613 0.01953125 0.029282576866764276
0 0.9104270291296807 0.6403278835951092 0.01953125 0.029282576866764276
0 0.9236501696255485 0.6461101841730973 0.01953125 0.029282576866764276
0 0.944035844556678 0.6568487423893608 0.01953125 0.029282576866764276
0 0.9390771668707275 0.6469362271128098 0.01953125 0.029282576866764276
0 0.931363668248138 0.6353716259568338 0.01953125 0.029282576866764276
0 0.9264049905621876 0.6304153683185583 0.01953125 0.029282576866764276
0 0.9203443845015814 0.6171986812831569 0.01953125 0.029282576866764276
0 0.9175895635649424 0.6122424236448817 0.01953125 0.029282576866764276
0 0.928608847311499 0.5965476077903425 0.01953125 0.029282576866764276
0 0.9341184891847771 0.5965476077903425 0.01953125 0.029282576866764276
0 0.9644215194878074 0.6551966565099356 0.01953125 0.029282576866764276
0 0.946790665493317 0.6006778224889053 0.01953125 0.029282576866764276
0 0.9622176627384961 0.6320674541979834 0.01953125 0.029282576866764276
0 0.974889839047036 0.6361976688965463 0.01953125 0.029282576866764276
0 0.9826033376696255 0.6130684665845941 0.01953125 0.029282576866764276
0 0.9699311613610856 0.6081122089463186 0.01953125 0.029282576866764276
0 0.9649724836751352 0.6147205524640191 0.01953125 0.029282576866764276
0 0.987562015355576 0.6155465954037318 0.01953125 0.029282576866764276
0 0.9963774423528212 0.6279372394994206 0.01953125 0.029282576866764276
0 0.9958264781654934 0.6006778224889053 0.01953125 0.029282576866764276
0 0.9859091227935926 0.5940694789712049 0.01953125 0.029282576866764276
0 0.9517493431792675 0.591591350152067 0.01953125 0.029282576866764276
0 0.959462841801857 0.5973736507300551 0.01953125 0.029282576866764276
0 0.9495454864299562 0.6386757977156841 0.01953125 0.029282576866764276
0 0.9175895635649424 0.5899392642726419 0.01953125 0.029282576866764276
0 0.9060193156310582 0.5825048778152286 0.01953125 0.029282576866764276
0 0.9065702798183859 0.5742444484181028 0.01953125 0.029282576866764276
0 0.9242011338128763 0.5792007060563783 0.01953125 0.029282576866764276
0 0.9352204175594326 0.5816788348755161 0.01953125 0.029282576866764276
0 0.9087741365676972 0.6122424236448817 0.01953125 0.029282576866764276
0 0.9043664230690747 0.6147205524640191 0.01953125 0.029282576866764276
0 0.940730059432711 0.5783746631166657 0.01953125 0.029282576866764276
0 0.9578099492398735 0.5775486201769532 0.01953125 0.029282576866764276
0 0.7770936957963474 0.5825048778152286 0.01953125 0.029282576866764276
0 0.7693801971737578 0.5734184054783903 0.01953125 0.029282576866764276
0 0.7616666985511683 0.5783746631166657 0.01953125 0.029282576866764276
0 0.7462397013059893 0.5725923625386777 0.01953125 0.029282576866764276
0 0.7589118776145292 0.5668100619606896 0.01953125 0.029282576866764276
0 0.7120799216916641 0.5684621478401148 0.01953125 0.029282576866764276
0 0.7308127040608102 0.5568975466841387 0.01953125 0.029282576866764276
0 0.8007851558514438 0.5618538043224142 0.01953125 0.029282576866764276
0 0.9302617398734823 0.6097642948257438 0.01953125 0.029282576866764276
0 0.952851271553923 0.5684621478401148 0.01953125 0.029282576866764276
0 0.0917547922756256 0.5717935517837909 0.01953125 0.029282576866764276
0 0.0907557912766246 0.5807801727762685 0.01953125 0.029282576866764276
0 0.0912552917761251 0.5875201385206266 0.01953125 0.029282576866764276
0 0.10624030676114009 0.5725424368664974 0.01953125 0.029282576866764276
0 0.10174480226563559 0.5800312876935619 0.01953125 0.029282576866764276
0 0.0967497972706306 0.578533517528149 0.01953125 0.029282576866764276
0 0.0992472997681331 0.5643047009567264 0.01953125 0.029282576866764276
0 0.1032433037641371 0.5598113904604876 0.01953125 0.029282576866764276
0 0.13321333373416702 0.5777846324454426 0.01953125 0.029282576866764276
0 0.12871782923866257 0.5807801727762685 0.01953125 0.029282576866764276
0 0.11972682024765359 0.5852734832725072 0.01953125 0.029282576866764276
0 0.13770883822967153 0.5807801727762685 0.01953125 0.029282576866764276
0 0.14420234472317803 0.5740402070319104 0.01953125 0.029282576866764276
0 0.14719934772018103 0.5710446667010844 0.01953125 0.029282576866764276
0 0.15319335371418702 0.5755379771973234 0.01953125 0.029282576866764276
0 0.15169485221568552 0.5815290578589749 0.01953125 0.029282576866764276
0 0.15718935771019102 0.5815290578589749 0.01953125 0.029282576866764276
0 0.24610044662127994 0.5695468965356715 0.01953125 0.029282576866764276
0 0.23611043663126993 0.5717935517837909 0.01953125 0.029282576866764276
0 0.2495969501177835 0.5725424368664974 0.01953125 0.029282576866764276
0 0.25609045661128993 0.5643047009567264 0.01953125 0.029282576866764276
0 0.2286179291387625 0.5643047009567264 0.01953125 0.029282576866764276
0 0.2336129341337675 0.5575647352123682 0.01953125 0.029282576866764276
0 0.03730923783007113 0.5732913219492038 0.01953125 0.029282576866764276
0 0.02482172534255864 0.578533517528149 0.01953125 0.029282576866764276
0 0.014332214853048147 0.5680491263702586 0.01953125 0.029282576866764276
0 0.022823723344556644 0.570295781618378 0.01953125 0.029282576866764276
0 0.018827719348552648 0.5613091606259005 0.01953125 0.029282576866764276
0 0.021325221846055144 0.5613091606259005 0.01953125 0.029282576866764276
0 0.02831822883906214 0.5658024711221393 0.01953125 0.029282576866764276
0 0.03231423283506614 0.5658024711221393 0.01953125 0.029282576866764276
0 0.03181473233556563 0.5538203097988359 0.01953125 0.029282576866764276
0 0.004841705362538654 0.5463314589717714 0.01953125 0.029282576866764276
0 0.004841705362538654 0.5568158501296617 0.01953125 0.029282576866764276
0 0.013333213854047149 0.5508247694680101 0.01953125 0.029282576866764276
0 0.020825721346554645 0.5508247694680101 0.01953125 0.029282576866764276
0 0.04130524182607513 0.5478292291371842 0.01953125 0.029282576866764276
0 0.04480174532257863 0.5478292291371842 0.01953125 0.029282576866764276
0 0.03830823882907214 0.5403403783101196 0.01953125 0.029282576866764276
0 0.01932721984805314 0.5358470678138808 0.01953125 0.029282576866764276
0 0.014332214853048147 0.5298559871522293 0.01953125 0.029282576866764276
0 0.02731922784006114 0.542587033558239 0.01953125 0.029282576866764276
0 0.02532122584205914 0.5246137915732839 0.01953125 0.029282576866764276
0 0.02432222484305814 0.5306048722349356 0.01953125 0.029282576866764276
0 0.04580074632157963 0.5321026424003485 0.01953125 0.029282576866764276
0 0.035810736331569636 0.5321026424003485 0.01953125 0.029282576866764276
0 0.053792754313587626 0.5395914932274132 0.01953125 0.029282576866764276
0 0.05029625081708412 0.5403403783101196 0.01953125 0.029282576866764276
0 0.06178476230559562 0.5515736545507165 0.01953125 0.029282576866764276
0 0.06228426280509612 0.5455825738890648 0.01953125 0.029282576866764276
0 0.06677976730060062 0.5470803440544778 0.01953125 0.029282576866764276
0 0.0682782687991021 0.5410892633928261 0.01953125 0.029282576866764276
0 0.06328326380409711 0.5388426081447067 0.01953125 0.029282576866764276
0 0.05978676030759362 0.5365959528965873 0.01953125 0.029282576866764276
0 0.07277377329460659 0.542587033558239 0.01953125 0.029282576866764276
0 0.06677976730060062 0.5568158501296617 0.01953125 0.029282576866764276
0 0.05329325381408712 0.559062505377781 0.01953125 0.029282576866764276
0 0.0847617852826186 0.5665513562048458 0.01953125 0.029282576866764276
0 0.0782682787891121 0.568798011452965 0.01953125 0.029282576866764276
0 0.0842622847831181 0.5568158501296617 0.01953125 0.029282576866764276
0 0.0802662807871141 0.559062505377781 0.01953125 0.029282576866764276
0 0.07776877828961161 0.559062505377781 0.01953125 0.029282576866764276
0 0.0807657812866146 0.5470803440544778 0.01953125 0.029282576866764276
0 0.07676977729061062 0.5455825738890648 0.01953125 0.029282576866764276
0 0.0882582887791221 0.5508247694680101 0.01953125 0.029282576866764276
0 0.0922542927751261 0.5530714247161295 0.01953125 0.029282576866764276
0 0.0987477992686326 0.5538203097988359 0.01953125 0.029282576866764276
0 0.1092373097581431 0.5523225396334229 0.01953125 0.029282576866764276
0 0.11323331375414708 0.5538203097988359 0.01953125 0.029282576866764276
0 0.11672981725065058 0.5575647352123682 0.01953125 0.029282576866764276
0 0.12022632074715409 0.5613091606259005 0.01953125 0.029282576866764276
0 0.11223431275514609 0.5635558158740199 0.01953125 0.029282576866764276
0 0.12422232474315809 0.5635558158740199 0.01953125 0.029282576866764276
0 0.12272382324465658 0.5717935517837909 0.01953125 0.029282576866764276
0 0.12821832873916209 0.5583136202950747 0.01953125 0.029282576866764276
0 0.13271383323466654 0.5665513562048458 0.01953125 0.029282576866764276
0 0.13521133573216904 0.5613091606259005 0.01953125 0.029282576866764276
0 0.13471183523266853 0.5560669650469554 0.01953125 0.029282576866764276
0 0.13171483223566552 0.5508247694680101 0.01953125 0.029282576866764276
0 0.12372282424365758 0.5500758843853036 0.01953125 0.029282576866764276
0 0.11972682024765359 0.5463314589717714 0.01953125 0.029282576866764276
0 0.11323331375414708 0.544084803723652 0.01953125 0.029282576866764276
0 0.11473181525264858 0.5478292291371842 0.01953125 0.029282576866764276
0 0.1032433037641371 0.5478292291371842 0.01953125 0.029282576866764276
0 0.163183363704197 0.5665513562048458 0.01953125 0.029282576866764276
0 0.15219435271518603 0.5658024711221393 0.01953125 0.029282576866764276
0 0.14470184522267854 0.5568158501296617 0.01953125 0.029282576866764276
0 0.13670983723067054 0.5500758843853036 0.01953125 0.029282576866764276
0 0.13720933773017102 0.5373448379792938 0.01953125 0.029282576866764276
0 0.1566898572106905 0.5575647352123682 0.01953125 0.029282576866764276
0 0.15868785920869252 0.5515736545507165 0.01953125 0.029282576866764276
0 0.1646818652026985 0.5515736545507165 0.01953125 0.029282576866764276
0 0.1696768701977035 0.5538203097988359 0.01953125 0.029282576866764276
0 0.16667986720070052 0.5658024711221393 0.01953125 0.029282576866764276
0 0.172174372695206 0.5815290578589749 0.01953125 0.029282576866764276
0 0.16518136570219902 0.5822779429416814 0.01953125 0.029282576866764276
0 0.16118536170619502 0.5740402070319104 0.01953125 0.029282576866764276
0 0.1756708761917095 0.5635558158740199 0.01953125 0.029282576866764276
0 0.1776688781897115 0.5732913219492038 0.01953125 0.029282576866764276
0 0.18116538168621502 0.568798011452965 0.01953125 0.029282576866764276
0 0.18665988718072046 0.5560669650469554 0.01953125 0.029282576866764276
0 0.1916548921757255 0.5545691948815424 0.01953125 0.029282576866764276
0 0.190156390677224 0.5575647352123682 0.01953125 0.029282576866764276
0 0.0942522947731281 0.5380937230620002 0.01953125 0.029282576866764276
0 0.0867597872806206 0.5365959528965873 0.01953125 0.029282576866764276
0 0.0762702767911101 0.5365959528965873 0.01953125 0.029282576866764276
0 0.07027627079710409 0.5283582169868163 0.01953125 0.029282576866764276
0 0.13221433273516603 0.5373448379792938 0.01953125 0.029282576866764276
0 0.12821832873916209 0.5403403783101196 0.01953125 0.029282576866764276
0 0.12122532174615508 0.5321026424003485 0.01953125 0.029282576866764276
0 0.10773880825964159 0.5350981827311744 0.01953125 0.029282576866764276
0 0.1007458012666346 0.5388426081447067 0.01953125 0.029282576866764276
0 0.09774879826963159 0.542587033558239 0.01953125 0.029282576866764276
0 0.10424230476313809 0.5336004125657614 0.01953125 0.029282576866764276
0 0.14669984722068052 0.5500758843853036 0.01953125 0.029282576866764276
0 0.14819834871918203 0.5455825738890648 0.01953125 0.029282576866764276
0 0.14669984722068052 0.532851527483055 0.01953125 0.029282576866764276
0 0.15569085621168952 0.5418381484755326 0.01953125 0.029282576866764276
0 0.167179367700201 0.5433359186409454 0.01953125 0.029282576866764276
0 0.17467187519270852 0.5455825738890648 0.01953125 0.029282576866764276
0 0.20114540166623496 0.5740402070319104 0.01953125 0.029282576866764276
0 0.2006459011667345 0.5665513562048458 0.01953125 0.029282576866764276
0 0.1946518951727285 0.5717935517837909 0.01953125 0.029282576866764276
0 0.20614040666123998 0.5628069307913135 0.01953125 0.029282576866764276
0 0.19764889816973152 0.5628069307913135 0.01953125 0.029282576866764276
0 0.1936528941737275 0.5628069307913135 0.01953125 0.029282576866764276
0 0.19615039667123 0.5530714247161295 0.01953125 0.029282576866764276
0 0.2116349121557455 0.5568158501296617 0.01953125 0.029282576866764276
0 0.20663990716074052 0.5508247694680101 0.01953125 0.029282576866764276
0 0.183163383684217 0.5463314589717714 0.01953125 0.029282576866764276
0 0.1806658811867145 0.5418381484755326 0.01953125 0.029282576866764276
0 0.24510144562227895 0.5568158501296617 0.01953125 0.029282576866764276
0 0.2376089381297715 0.5500758843853036 0.01953125 0.029282576866764276
0 0.2406059411267745 0.5605602755431941 0.01953125 0.029282576866764276
0 0.2820644825853159 0.5747890921146167 0.01953125 0.029282576866764276
0 0.2750714755923089 0.5890179086860394 0.01953125 0.029282576866764276
0 0.2685779690988025 0.6197221970770044 0.01953125 0.029282576866764276
0 0.2790674795883129 0.5942601042649847 0.01953125 0.029282576866764276
0 0.2900564905773239 0.588269023603333 0.01953125 0.029282576866764276
0 0.2820644825853159 0.5837757131070943 0.01953125 0.029282576866764276
0 0.2775689780898114 0.5837757131070943 0.01953125 0.029282576866764276
0 0.2660804666012999 0.5792824026108555 0.01953125 0.029282576866764276
0 0.2690774695983029 0.5747890921146167 0.01953125 0.029282576866764276
0 0.26508146560229895 0.5717935517837909 0.01953125 0.029282576866764276
0 0.26458196510279847 0.5650535860394328 0.01953125 0.029282576866764276
0 0.27157497209580533 0.5650535860394328 0.01953125 0.029282576866764276
0 0.2610854616062949 0.5665513562048458 0.01953125 0.029282576866764276
0 0.27856797908881237 0.5560669650469554 0.01953125 0.029282576866764276
0 0.2690774695983029 0.5545691948815424 0.01953125 0.029282576866764276
0 0.25209445261528596 0.5463314589717714 0.01953125 0.029282576866764276
0 0.24759894811978148 0.542587033558239 0.01953125 0.029282576866764276
0 0.23511143563226894 0.5403403783101196 0.01953125 0.029282576866764276
0 0.2286179291387625 0.544084803723652 0.01953125 0.029282576866764276
0 0.22711942764026094 0.5470803440544778 0.01953125 0.029282576866764276
0 0.23810843862927195 0.5395914932274132 0.01953125 0.029282576866764276
0 0.24310344362427694 0.542587033558239 0.01953125 0.029282576866764276
0 0.28306348358431693 0.5523225396334229 0.01953125 0.029282576866764276
0 0.27806847858931194 0.5478292291371842 0.01953125 0.029282576866764276
0 0.2745719750928084 0.5410892633928261 0.01953125 0.029282576866764276
0 0.2670794676003009 0.5455825738890648 0.01953125 0.029282576866764276
0 0.28056598108681435 0.5410892633928261 0.01953125 0.029282576866764276
0 0.2850614855823189 0.5455825738890648 0.01953125 0.029282576866764276
0 0.28655998708082037 0.5470803440544778 0.01953125 0.029282576866764276
0 0.2905559910768244 0.542587033558239 0.01953125 0.029282576866764276
0 0.2960504965713299 0.5575647352123682 0.01953125 0.029282576866764276
0 0.2940524945733279 0.5508247694680101 0.01953125 0.029282576866764276
0 0.2975489980698314 0.5403403783101196 0.01953125 0.029282576866764276
0 0.3000465005673339 0.5455825738890648 0.01953125 0.029282576866764276
0 0.3000465005673339 0.5515736545507165 0.01953125 0.029282576866764276
0 0.29654999707083035 0.5321026424003485 0.01953125 0.029282576866764276
0 0.28655998708082037 0.5643047009567264 0.01953125 0.029282576866764276
0 0.27806847858931194 0.5665513562048458 0.01953125 0.029282576866764276
0 0.22137517189600522 0.549326999302597 0.01953125 0.029282576866764276
0 0.21687966740050074 0.5515736545507165 0.01953125 0.029282576866764276
0 0.21438216490299822 0.5425870335582389 0.01953125 0.029282576866764276
0 0.21837816889900222 0.5395914932274131 0.01953125 0.029282576866764276
0 0.19090564142647473 0.5358470678138808 0.01953125 0.029282576866764276
0 0.17841812893896225 0.5336004125657614 0.01953125 0.029282576866764276
0 0.17242412294495627 0.5276093319041097 0.01953125 0.029282576866764276
0 0.16593061645144977 0.5350981827311744 0.01953125 0.029282576866764276
0 0.16193461245544577 0.5350981827311744 0.01953125 0.029282576866764276
0 0.15544110596193927 0.5261115617386969 0.01953125 0.029282576866764276
0 0.15993661045744376 0.5276093319041097 0.01953125 0.029282576866764276
0 0.16393261445344776 0.5246137915732839 0.01953125 0.029282576866764276
0 0.1374590879799213 0.5306048722349356 0.01953125 0.029282576866764276
0 0.2408556913765247 0.532851527483055 0.01953125 0.029282576866764276
0 0.23885768937852273 0.5358470678138808 0.01953125 0.029282576866764276
0 0.23636018688102026 0.5283582169868162 0.01953125 0.029282576866764276
0 0.22237417289500622 0.5358470678138808 0.01953125 0.029282576866764276
0 0.22387267439350772 0.5321026424003485 0.01953125 0.029282576866764276
0 0.22836817888901223 0.5291071020695227 0.01953125 0.029282576866764276
0 0.25833820885904224 0.541089263392826 0.01953125 0.029282576866764276
0 0.2528437033645367 0.5365959528965872 0.01953125 0.029282576866764276
0 0.35474180526263865 0.5515736545507165 0.01953125 0.029282576866764276
0 0.35973681025764365 0.5523225396334229 0.01953125 0.029282576866764276
0 0.36423231475314816 0.5560669650469552 0.01953125 0.029282576866764276
0 0.36922731974815315 0.5643047009567262 0.01953125 0.029282576866764276
0 0.3702263207471541 0.5553180799642488 0.01953125 0.029282576866764276
0 0.37572082624165964 0.5560669650469552 0.01953125 0.029282576866764276
0 0.3882083387291721 0.549326999302597 0.01953125 0.029282576866764276
0 0.37921732973816313 0.5673002412875521 0.01953125 0.029282576866764276
0 0.3827138332346666 0.5673002412875521 0.01953125 0.029282576866764276
0 0.3027937533145867 0.531353757317642 0.01953125 0.029282576866764276
0 0.3057907563115897 0.5388426081447065 0.01953125 0.029282576866764276
0 0.3142822648030981 0.5373448379792937 0.01953125 0.029282576866764276
0 0.30978676030759367 0.532851527483055 0.01953125 0.029282576866764276
0 0.19640014692098023 0.5418381484755324 0.01953125 0.029282576866764276
0 0.18990664042747374 0.5470803440544777 0.01953125 0.029282576866764276
0 0.18541113593196926 0.5403403783101195 0.01953125 0.029282576866764276
0 0.20938715990799323 0.541089263392826 0.01953125 0.029282576866764276
0 0.20439215491298823 0.5440848037236519 0.01953125 0.029282576866764276
0 0.20139515191598523 0.5373448379792937 0.01953125 0.029282576866764276
0 0.20439215491298823 0.531353757317642 0.01953125 0.029282576866764276
0 0.21388266440349774 0.5283582169868162 0.01953125 0.029282576866764276
0 0.21937716989800324 0.531353757317642 0.01953125 0.029282576866764276
0 0.33376278428361766 0.5455825738890648 0.01953125 0.029282576866764276
0 0.3332632837841172 0.5350981827311744 0.01953125 0.029282576866764276
0 0.3292672797881131 0.5373448379792937 0.01953125 0.029282576866764276
0 0.34425229477312813 0.5365959528965872 0.01953125 0.029282576866764276
0 0.35773880825964166 0.541089263392826 0.01953125 0.029282576866764276
0 0.34874779926863264 0.5336004125657614 0.01953125 0.029282576866764276
0 0.35374280426363763 0.5350981827311744 0.01953125 0.029282576866764276
0 0.35524130576213914 0.5291071020695227 0.01953125 0.029282576866764276
0 0.36173481225564563 0.5358470678138808 0.01953125 0.029282576866764276
0 0.36722931775015116 0.5365959528965872 0.01953125 0.029282576866764276
0 0.3587378092586426 0.5343492976484678 0.01953125 0.029282576866764276
0 0.4011953517161851 0.5440848037236519 0.01953125 0.029282576866764276
0 0.3952013457221791 0.5583136202950745 0.01953125 0.029282576866764276
0 0.38670983723067065 0.5575647352123682 0.01953125 0.029282576866764276
0 0.39320334372417715 0.5365959528965872 0.01953125 0.029282576866764276
0 0.38720933773017113 0.5373448379792937 0.01953125 0.029282576866764276
0 0.3797168302376636 0.5380937230620002 0.01953125 0.029282576866764276
0 0.3842123347331681 0.5440848037236519 0.01953125 0.029282576866764276
0 0.39570084622167956 0.5403403783101195 0.01953125 0.029282576866764276
0 0.43516138568221907 0.5568158501296616 0.01953125 0.029282576866764276
0 0.43316338368421703 0.5635558158740198 0.01953125 0.029282576866764276
0 0.4316648821857155 0.55082476946801 0.01953125 0.029282576866764276
0 0.4356608861817195 0.549326999302597 0.01953125 0.029282576866764276
0 0.42617037669121016 0.5500758843853035 0.01953125 0.029282576866764276
0 0.4161803667012002 0.5433359186409453 0.01953125 0.029282576866764276
0 0.42167487219570554 0.5380937230620002 0.01953125 0.029282576866764276
0 0.42716937769021107 0.5373448379792937 0.01953125 0.029282576866764276
0 0.4326638831847166 0.5321026424003485 0.01953125 0.029282576866764276
0 0.4406558911767246 0.5433359186409453 0.01953125 0.029282576866764276
0 0.4501464006672341 0.5613091606259003 0.01953125 0.029282576866764276
0 0.44215439267522616 0.5545691948815422 0.01953125 0.029282576866764276
0 0.45414240466323813 0.5545691948815422 0.01953125 0.029282576866764276
0 0.45414240466323813 0.5455825738890648 0.01953125 0.029282576866764276
0 0.44615039667123013 0.5455825738890648 0.01953125 0.029282576866764276
0 0.457139407660241 0.5425870335582389 0.01953125 0.029282576866764276
0 0.4496469001677335 0.5418381484755324 0.01953125 0.029282576866764276
0 0.4661304166512501 0.5455825738890648 0.01953125 0.029282576866764276
0 0.46912741964825305 0.5470803440544777 0.01953125 0.029282576866764276
0 0.47112542164625504 0.5665513562048456 0.01953125 0.029282576866764276
0 0.4661304166512501 0.5628069307913133 0.01953125 0.029282576866764276
0 0.46363291415374747 0.5702957816183779 0.01953125 0.029282576866764276
0 0.46912741964825305 0.5747890921146166 0.01953125 0.029282576866764276
0 0.481115431636265 0.5777846324454424 0.01953125 0.029282576866764276
0 0.4741224246432581 0.5822779429416812 0.01953125 0.029282576866764276
0 0.48660993713077055 0.5987534147612233 0.01953125 0.029282576866764276
0 0.489107439628273 0.5920134490168653 0.01953125 0.029282576866764276
0 0.4821144326352661 0.5860223683552136 0.01953125 0.029282576866764276
0 0.4056908562116896 0.6017489550920492 0.01953125 0.029282576866764276
0 0.4026938532146866 0.5912645639341587 0.01953125 0.029282576866764276
0 0.4116848622056955 0.5950089893476911 0.01953125 0.029282576866764276
0 0.41318336370419706 0.6039956103401687 0.01953125 0.029282576866764276
0 0.3082882588090921 0.6137311164153525 0.01953125 0.029282576866764276
0 0.3082882588090921 0.6212199672424171 0.01953125 0.029282576866764276
0 0.5570395075603412 0.5845245981898007 0.01953125 0.029282576866764276
0 0.5495470000678336 0.5725424368664973 0.01953125 0.029282576866764276
0 0.5510455015663351 0.5792824026108554 0.01953125 0.029282576866764276
0 0.5430534935743272 0.5755379771973231 0.01953125 0.029282576866764276
0 0.5570395075603412 0.5755379771973231 0.01953125 0.029282576866764276
0 0.5260704765913101 0.5837757131070942 0.01953125 0.029282576866764276
0 0.512084462605296 0.5830268280243878 0.01953125 0.029282576866764276
0 0.5240724745933081 0.5725424368664973 0.01953125 0.029282576866764276
0 0.5215749720958055 0.5725424368664973 0.01953125 0.029282576866764276
0 0.5135829641037974 0.5650535860394328 0.01953125 0.029282576866764276
0 0.519077469598303 0.5650535860394328 0.01953125 0.029282576866764276
0 0.5075889581097914 0.5665513562048456 0.01953125 0.029282576866764276
0 0.5085879591087925 0.5568158501296616 0.01953125 0.029282576866764276
0 0.5175789680998014 0.5545691948815422 0.01953125 0.029282576866764276
0 0.5235729740938074 0.5538203097988358 0.01953125 0.029282576866764276
0 0.5510455015663351 0.5575647352123682 0.01953125 0.029282576866764276
0 0.5460504965713301 0.5530714247161294 0.01953125 0.029282576866764276
0 0.544052494573328 0.560560275543194 0.01953125 0.029282576866764276
0 0.5400564905773241 0.5545691948815422 0.01953125 0.029282576866764276
0 0.5465499970708305 0.5470803440544777 0.01953125 0.029282576866764276
0 0.5520445025653361 0.5478292291371841 0.01953125 0.029282576866764276
0 0.5565400070608405 0.5530714247161294 0.01953125 0.029282576866764276
0 0.5615350120558456 0.5650535860394328 0.01953125 0.029282576866764276
0 0.5620345125553461 0.5575647352123682 0.01953125 0.029282576866764276
0 0.5555410060618396 0.5598113904604874 0.01953125 0.029282576866764276
0 0.621974572495406 0.5560669650469552 0.01953125 0.029282576866764276
0 0.6289675794884131 0.5695468965356715 0.01953125 0.029282576866764276
0 0.6294670799879135 0.5695468965356715 0.01953125 0.029282576866764276
0 0.592004542525376 0.5777846324454424 0.01953125 0.029282576866764276
0 0.6084880590088925 0.5762868622800295 0.01953125 0.029282576866764276
0 0.6014950520158856 0.5740402070319102 0.01953125 0.029282576866764276
0 0.6039925545133881 0.55082476946801 0.01953125 0.029282576866764276
0 0.6004960510168845 0.5403403783101195 0.01953125 0.029282576866764276
0 0.5950015455223792 0.5440848037236519 0.01953125 0.029282576866764276
0 0.5730235235443571 0.5418381484755324 0.01953125 0.029282576866764276
0 0.517079467600301 0.5388426081447065 0.01953125 0.029282576866764276
0 0.5215749720958055 0.5478292291371841 0.01953125 0.029282576866764276
0 0.4746219251427586 0.5343492976484678 0.01953125 0.029282576866764276
0 0.45514140566223904 0.5321026424003485 0.01953125 0.029282576866764276
0 0.45264390316473657 0.5321026424003485 0.01953125 0.029282576866764276
0 0.44515139567222906 0.5343492976484678 0.01953125 0.029282576866764276
0 0.4916049421257755 0.5365959528965872 0.01953125 0.029282576866764276
0 0.4881084386292721 0.5448336888063583 0.01953125 0.029282576866764276
0 0.4826139331347666 0.5440848037236519 0.01953125 0.029282576866764276
0 0.47911742963826304 0.5433359186409453 0.01953125 0.029282576866764276
0 0.659187359708193 0.5658024711221391 0.01953125 0.029282576866764276
0 0.671175371696205 0.5635558158740198 0.01953125 0.029282576866764276
0 0.665181365702199 0.5643047009567264 0.01953125 0.029282576866764276
0 0.659187359708193 0.5485781142198907 0.01953125 0.029282576866764276
0 0.6496968502176835 0.5553180799642488 0.01953125 0.029282576866764276
0 0.6666798672007005 0.5515736545507165 0.01953125 0.029282576866764276
0 0.6696768701977035 0.5560669650469552 0.01953125 0.029282576866764276
0 0.6771693776902109 0.5553180799642488 0.01953125 0.029282576866764276
0 0.685161385682219 0.5613091606259005 0.01953125 0.029282576866764276
0 0.679167379688213 0.5650535860394328 0.01953125 0.029282576866764276
0 0.6866598871807205 0.5695468965356715 0.01953125 0.029282576866764276
0 0.6806658811867144 0.5740402070319102 0.01953125 0.029282576866764276
0 0.6726738731947065 0.5770357473627361 0.01953125 0.029282576866764276
0 0.6926538931747265 0.5770357473627361 0.01953125 0.029282576866764276
0 0.6861603866812199 0.5530714247161294 0.01953125 0.029282576866764276
0 0.7086379091587425 0.5800312876935619 0.01953125 0.029282576866764276
0 0.7096369101577434 0.5702957816183779 0.01953125 0.029282576866764276
0 0.7146319151527485 0.5777846324454426 0.01953125 0.029282576866764276
0 0.720126420647254 0.5860223683552136 0.01953125 0.029282576866764276
0 0.7166299171507505 0.588269023603333 0.01953125 0.029282576866764276
0 0.707139407660241 0.5598113904604874 0.01953125 0.029282576866764276
0 0.7066399071607404 0.5538203097988358 0.01953125 0.029282576866764276
0 0.7266199271407605 0.5702957816183779 0.01953125 0.029282576866764276
0 0.739107439628273 0.5702957816183779 0.01953125 0.029282576866764276
0 0.733113433634267 0.5792824026108555 0.01953125 0.029282576866764276
0 0.7371094376302709 0.5845245981898007 0.01953125 0.029282576866764276
0 0.7381084386292719 0.5598113904604874 0.01953125 0.029282576866764276
0 0.7875589880798214 0.560560275543194 0.01953125 0.029282576866764276
0 0.7890574895783229 0.5717935517837909 0.01953125 0.029282576866764276
0 0.7775689780898114 0.5710446667010843 0.01953125 0.029282576866764276
0 0.7765699770908103 0.560560275543194 0.01953125 0.029282576866764276
0 0.7655809661017995 0.559062505377781 0.01953125 0.029282576866764276
0 0.7615849621057954 0.5658024711221391 0.01953125 0.029282576866764276
0 0.7590874596082929 0.5553180799642488 0.01953125 0.029282576866764276
0 0.7500964506172839 0.559062505377781 0.01953125 0.029282576866764276
0 0.752094452615286 0.5687980114529649 0.01953125 0.029282576866764276
0 0.7545919551127885 0.5755379771973231 0.01953125 0.029282576866764276
0 0.7495969501177835 0.5800312876935619 0.01953125 0.029282576866764276
0 0.7510954516162849 0.5912645639341588 0.01953125 0.029282576866764276
0 0.7446019451227784 0.5927623340995718 0.01953125 0.029282576866764276
0 0.7470994476202809 0.5920134490168653 0.01953125 0.029282576866764276
0 0.7396069401277735 0.5905156788514523 0.01953125 0.029282576866764276
0 0.7625839631047965 0.589766793768746 0.01953125 0.029282576866764276
0 0.5617847623055956 0.5440848037236519 0.01953125 0.029282576866764276
0 0.5467997473205806 0.5395914932274131 0.01953125 0.029282576866764276
0 0.6232233237441571 0.5403403783101195 0.01953125 0.029282576866764276
0 0.6272193277401611 0.5403403783101195 0.01953125 0.029282576866764276
0 0.6177288182496515 0.5463314589717712 0.01953125 0.029282576866764276
0 0.633213333734167 0.5455825738890648 0.01953125 0.029282576866764276
0 0.6307158312366645 0.5395914932274131 0.01953125 0.029282576866764276
0 0.6317148322356655 0.5336004125657614 0.01953125 0.029282576866764276
0 0.6377088382296715 0.5336004125657614 0.01953125 0.029282576866764276
0 0.6387078392286725 0.5478292291371841 0.01953125 0.029282576866764276
0 0.637209337730171 0.5418381484755326 0.01953125 0.029282576866764276
0 0.6496968502176835 0.5463314589717712 0.01953125 0.029282576866764276
0 0.6437028442236775 0.5463314589717712 0.01953125 0.029282576866764276
0 0.6541923547131879 0.5365959528965872 0.01953125 0.029282576866764276
0 0.650196350717184 0.5358470678138808 0.01953125 0.029282576866764276
0 0.647199347720181 0.5358470678138808 0.01953125 0.029282576866764276
0 0.658188358709192 0.541089263392826 0.01953125 0.029282576866764276
0 0.6626838632046965 0.5388426081447066 0.01953125 0.029282576866764276
0 0.665181365702199 0.5425870335582389 0.01953125 0.029282576866764276
0 0.6731733736942069 0.5388426081447066 0.01953125 0.029282576866764276
0 0.6696768701977035 0.5373448379792937 0.01953125 0.029282576866764276
0 0.6771693776902109 0.5455825738890648 0.01953125 0.029282576866764276
0 0.6816648821857155 0.5455825738890648 0.01953125 0.029282576866764276
0 0.6861603866812199 0.5463314589717712 0.01953125 0.029282576866764276
0 0.6876588881797215 0.5365959528965872 0.01953125 0.029282576866764276
0 0.7161304166512499 0.5425870335582389 0.01953125 0.029282576866764276
0 0.7311154316362649 0.5463314589717712 0.01953125 0.029282576866764276
0 0.7241224246432579 0.5470803440544777 0.01953125 0.029282576866764276
0 0.7211254216462549 0.5418381484755326 0.01953125 0.029282576866764276
0 0.720126420647254 0.5365959528965872 0.01953125 0.029282576866764276
0 0.7146319151527485 0.5321026424003485 0.01953125 0.029282576866764276
0 0.7401064406272739 0.5485781142198907 0.01953125 0.029282576866764276
0 0.73611043663127 0.5485781142198907 0.01953125 0.029282576866764276
0 0.7530934536142869 0.5470803440544777 0.01953125 0.029282576866764276
0 0.7530934536142869 0.5380937230620002 0.01953125 0.029282576866764276
0 0.7625839631047965 0.5478292291371841 0.01953125 0.029282576866764276
0 0.7635829641037974 0.5553180799642488 0.01953125 0.029282576866764276
0 0.7715749720958053 0.5485781142198907 0.01953125 0.029282576866764276
0 0.765081465602299 0.541089263392826 0.01953125 0.029282576866764276
0 0.7810654815863148 0.5500758843853035 0.01953125 0.029282576866764276
0 0.7925539930748263 0.5463314589717712 0.01953125 0.029282576866764276
0 0.7820644825853159 0.5403403783101195 0.01953125 0.029282576866764276
0 0.8040425045633379 0.5523225396334229 0.01953125 0.029282576866764276
0 0.8005460010668344 0.5470803440544777 0.01953125 0.029282576866764276
0 0.8005460010668344 0.5388426081447066 0.01953125 0.029282576866764276
0 0.8085380090588423 0.5358470678138808 0.01953125 0.029282576866764276
0 0.8125340130548463 0.5463314589717712 0.01953125 0.029282576866764276
0 0.8120345125553459 0.5545691948815422 0.01953125 0.029282576866764276
0 0.8230235235443568 0.5635558158740198 0.01953125 0.029282576866764276
0 0.8255210260418593 0.5568158501296616 0.01953125 0.029282576866764276
0 0.8190275195483527 0.5568158501296616 0.01953125 0.029282576866764276
0 0.8175290180498512 0.5500758843853035 0.01953125 0.029282576866764276
0 0.8130335135543469 0.5725424368664973 0.01953125 0.029282576866764276
0 0.8085380090588423 0.5620580457086068 0.01953125 0.029282576866764276
0 0.8125340130548463 0.5635558158740198 0.01953125 0.029282576866764276
0 0.8385080390288723 0.5575647352123682 0.01953125 0.029282576866764276
0 0.8415050420258752 0.5665513562048456 0.01953125 0.029282576866764276
0 0.8390075395283728 0.5747890921146167 0.01953125 0.029282576866764276
0 0.8275190280398614 0.5725424368664973 0.01953125 0.029282576866764276
0 0.8325140330348663 0.5658024711221391 0.01953125 0.029282576866764276
0 0.8315150320358654 0.549326999302597 0.01953125 0.029282576866764276
0 0.8784680789889123 0.559062505377781 0.01953125 0.029282576866764276
0 0.8869595874804207 0.5560669650469552 0.01953125 0.029282576866764276
0 0.8624840630048963 0.5568158501296616 0.01953125 0.029282576866764276
0 0.8574890580098912 0.5650535860394328 0.01953125 0.029282576866764276
0 0.8519945525153858 0.5560669650469552 0.01953125 0.029282576866764276
0 0.8549915555123887 0.5568158501296616 0.01953125 0.029282576866764276
0 0.8554910560118894 0.5463314589717712 0.01953125 0.029282576866764276
0 0.8589875595083928 0.5515736545507165 0.01953125 0.029282576866764276
0 0.8644820650028983 0.5433359186409454 0.01953125 0.029282576866764276
0 0.8699765704974038 0.5500758843853035 0.01953125 0.029282576866764276
0 0.8734730739939072 0.5478292291371841 0.01953125 0.029282576866764276
0 0.9184281189489523 0.5613091606259005 0.01953125 0.029282576866764276
0 0.9179286184494518 0.6024978401747557 0.01953125 0.029282576866764276
0 0.9678786683995018 0.5665513562048456 0.01953125 0.029282576866764276
0 0.9628836634044967 0.5673002412875521 0.01953125 0.029282576866764276
0 0.9668796674005007 0.5845245981898007 0.01953125 0.029282576866764276
0 0.9648816654024989 0.5770357473627361 0.01953125 0.029282576866764276
0 0.9708756713965047 0.5800312876935619 0.01953125 0.029282576866764276
0 0.9718746723955057 0.5800312876935619 0.01953125 0.029282576866764276
0 0.9778686783895117 0.5837757131070943 0.01953125 0.029282576866764276
0 0.9878586883795217 0.5837757131070943 0.01953125 0.029282576866764276
0 0.9738726743935078 0.5942601042649845 0.01953125 0.029282576866764276
0 0.9713751718960053 0.5852734832725072 0.01953125 0.029282576866764276
0 0.9823641828850163 0.5710446667010843 0.01953125 0.029282576866764276
0 0.9743721748930082 0.5710446667010843 0.01953125 0.029282576866764276
0 0.9748716753925086 0.560560275543194 0.01953125 0.029282576866764276
0 0.9828636833845167 0.5635558158740198 0.01953125 0.029282576866764276
0 0.9349116354324687 0.5658024711221391 0.01953125 0.029282576866764276
0 0.9194271199479533 0.5725424368664973 0.01953125 0.029282576866764276
0 0.9264201269409602 0.5695468965356715 0.01953125 0.029282576866764276
0 0.9119346124554458 0.559062505377781 0.01953125 0.029282576866764276
0 0.9054411059619392 0.5628069307913135 0.01953125 0.029282576866764276
0 0.8984480989689323 0.5635558158740198 0.01953125 0.029282576866764276
0 0.8959505964714298 0.5575647352123682 0.01953125 0.029282576866764276
0 0.9049416054624388 0.5530714247161294 0.01953125 0.029282576866764276
0 0.9219246224454558 0.5515736545507165 0.01953125 0.029282576866764276
0 0.9284181289389623 0.5538203097988358 0.01953125 0.029282576866764276
0 0.9394071399279733 0.5545691948815422 0.01953125 0.029282576866764276
0 0.9483981489189822 0.5568158501296616 0.01953125 0.029282576866764276
0 0.9434031439239773 0.5643047009567264 0.01953125 0.029282576866764276
0 0.9573891579099911 0.5575647352123682 0.01953125 0.029282576866764276
0 0.8689775694984029 0.5620580457086068 0.01953125 0.029282576866764276
0 0.7291174296382629 0.5373448379792937 0.01953125 0.029282576866764276
0 0.9873591878800213 0.5485781142198907 0.01953125 0.029282576866764276
0 0.9618846624054957 0.5440848037236519 0.01953125 0.029282576866764276
0 0.9758706763915098 0.5478292291371841 0.01953125 0.029282576866764276
0 0.9523941529149862 0.5530714247161294 0.01953125 0.029282576866764276
0 0.9354111359319693 0.541089263392826 0.01953125 0.029282576866764276
0 0.9084381089589423 0.5433359186409454 0.01953125 0.029282576866764276
0 0.9014451019659352 0.5433359186409454 0.01953125 0.029282576866764276
0 0.9184281189489523 0.5470803440544777 0.01953125 0.029282576866764276
0 0.9264201269409602 0.5403403783101195 0.01953125 0.029282576866764276
0 0.9139326144534478 0.5395914932274131 0.01953125 0.029282576866764276
0 0.8839625844834178 0.5388426081447066 0.01953125 0.029282576866764276
0 0.8420045425253758 0.5365959528965872 0.01953125 0.029282576866764276
0 0.8519945525153858 0.5365959528965872 0.01953125 0.029282576866764276
0 0.5650315155523489 0.5365959528965875 0.01953125 0.029282576866764276
0 0.5680285185493519 0.5399659357687665 0.01953125 0.029282576866764276
0 0.5433032438240771 0.5343492976484681 0.01953125 0.029282576866764276
0 0.5475489980698315 0.5272348893627568 0.01953125 0.029282576866764276
0 0.5500465005673338 0.5268604468214034 0.01953125 0.029282576866764276
0 0.5555410060618394 0.5246137915732841 0.01953125 0.029282576866764276
0 0.5495470000678334 0.5193715959943389 0.01953125 0.029282576866764276
0 0.5752712757921091 0.5272348893627568 0.01953125 0.029282576866764276
0 0.5717747722956056 0.5182482683702792 0.01953125 0.029282576866764276
0 0.6277188282396615 0.4778084739041304 0.01953125 0.029282576866764276
0 0.6304660809869143 0.4774340313627772 0.01953125 0.029282576866764276
0 0.6359605864814198 0.47593626119736426 0.01953125 0.029282576866764276
0 0.6369595874804208 0.47593626119736426 0.01953125 0.029282576866764276
0 0.6409555914764249 0.4781829164454836 0.01953125 0.029282576866764276
0 0.6501963507171841 0.47668514628007075 0.01953125 0.029282576866764276
0 0.658188358709192 0.4763107037387175 0.01953125 0.029282576866764276
0 0.6459505964714298 0.48941619268608055 0.01953125 0.029282576866764276
0 0.6504461009669343 0.49353506064096603 0.01953125 0.029282576866764276
0 0.6526938532146865 0.48342511202442884 0.01953125 0.029282576866764276
0 0.6576888582096915 0.48342511202442884 0.01953125 0.029282576866764276
0 0.6784181289389623 0.48716953743796115 0.01953125 0.029282576866764276
0 0.6759206264414598 0.48230178440036914 0.01953125 0.029282576866764276
0 0.6751713756922091 0.4733151634078916 0.01953125 0.029282576866764276
0 0.6709256214464548 0.47481293357330456 0.01953125 0.029282576866764276
0 0.6781683786892121 0.47593626119736426 0.01953125 0.029282576866764276
0 0.6806658811867144 0.47069406561841903 0.01953125 0.029282576866764276
0 0.683163383684217 0.47181739324247873 0.01953125 0.029282576866764276
0 0.6886578891787225 0.47181739324247873 0.01953125 0.029282576866764276
0 0.6911553916762251 0.4725662783251853 0.01953125 0.029282576866764276
0 0.6624341129549463 0.4763107037387175 0.01953125 0.029282576866764276
0 0.6661803667012001 0.47668514628007075 0.01953125 0.029282576866764276
0 0.6934031439239773 0.472191835783832 0.01953125 0.029282576866764276
0 0.6944021449229782 0.47181739324247873 0.01953125 0.029282576866764276
0 0.6973991479199813 0.47181739324247873 0.01953125 0.029282576866764276
0 0.7008956514164848 0.47144295070112546 0.01953125 0.029282576866764276
0 0.7023941529149863 0.47144295070112546 0.01953125 0.029282576866764276
0 0.7043921549129882 0.4725662783251853 0.01953125 0.029282576866764276
0 0.7118846624054957 0.47144295070112546 0.01953125 0.029282576866764276
0 0.642204342725176 0.5088872048364484 0.01953125 0.029282576866764276
0 0.6392073397281731 0.513006072791334 0.01953125 0.029282576866764276
0 0.6347118352326686 0.5111338600845678 0.01953125 0.029282576866764276
0 0.6299665804874138 0.5141294004153937 0.01953125 0.029282576866764276
0 0.6277188282396615 0.5272348893627568 0.01953125 0.029282576866764276
0 0.658188358709192 0.519746038535692 0.01953125 0.029282576866764276
0 0.6556908562116895 0.52760933190411 0.01953125 0.029282576866764276
0 0.5875090380298713 0.5283582169868164 0.01953125 0.029282576866764276
0 0.5807657812866146 0.5268604468214034 0.01953125 0.029282576866764276
0 0.5972492977701311 0.5336004125657616 0.01953125 0.029282576866764276
0 0.5945020450228783 0.5208693661597519 0.01953125 0.029282576866764276
0 0.5974990480198813 0.5152527280394534 0.01953125 0.029282576866764276
0 0.5930035435243769 0.5145038429567469 0.01953125 0.029282576866764276
0 0.5892572897781231 0.5122571877086275 0.01953125 0.029282576866764276
0 0.5830135335343669 0.5156271705808066 0.01953125 0.029282576866764276
0 0.5765200270408604 0.5118827451672743 0.01953125 0.029282576866764276
0 0.5830135335343669 0.5103849750018614 0.01953125 0.029282576866764276
0 0.5185779690988024 0.5231160214078713 0.01953125 0.029282576866764276
0 0.5095869601077935 0.5294815446108762 0.01953125 0.029282576866764276
0 0.5123342128550461 0.5388426081447069 0.01953125 0.029282576866764276
0 0.6824141329349662 0.5302304296935826 0.01953125 0.029282576866764276
0 0.702144402665236 0.5234904639492245 0.01953125 0.029282576866764276
0 0.697149397670231 0.5287326595281696 0.01953125 0.029282576866764276
0 0.7193771698980033 0.5291071020695228 0.01953125 0.029282576866764276
0 0.724122424643258 0.5291071020695228 0.01953125 0.029282576866764276
0 0.7256209261417594 0.5328515274830552 0.01953125 0.029282576866764276
0 0.7393571898780232 0.5336004125657616 0.01953125 0.029282576866764276
0 0.7376089381297715 0.5242393490319308 0.01953125 0.029282576866764276
0 0.74610044662128 0.521243808701105 0.01953125 0.029282576866764276
0 0.7183781688990022 0.5684235689116119 0.01953125 0.029282576866764276
0 0.7176289181497515 0.5601858330018409 0.01953125 0.029282576866764276
0 0.5897567902776235 0.4826762269417224 0.01953125 0.029282576866764276
0 0.5927537932746266 0.48342511202442884 0.01953125 0.029282576866764276
0 0.6054910560118894 0.47593626119736426 0.01953125 0.029282576866764276
0 0.5802662807871141 0.48230178440036914 0.01953125 0.029282576866764276
0 0.5560405065613399 0.4763107037387175 0.01953125 0.029282576866764276
0 0.5527937533145867 0.47181739324247873 0.01953125 0.029282576866764276
0 0.8457507962716295 0.5890179086860394 0.01953125 0.029282576866764276
0 0.8549915555123887 0.5744146495732635 0.01953125 0.029282576866764276
0 0.8764700769909103 0.5774101899040893 0.01953125 0.029282576866764276
0 0.8679785684994017 0.570295781618378 0.01953125 0.029282576866764276
0 0.8722243227451559 0.5759124197386765 0.01953125 0.029282576866764276
0 0.8817148322356655 0.5777846324454426 0.01953125 0.029282576866764276
0 0.8569895575103907 0.6219688523251237 0.01953125 0.029282576866764276
0 0.843253293774127 0.6219688523251237 0.01953125 0.029282576866764276
0 0.8499965505173837 0.6189733119942978 0.01953125 0.029282576866764276
0 0.8367597872806205 0.542587033558239 0.01953125 0.029282576866764276
0 0.8340125345333677 0.5448336888063584 0.01953125 0.029282576866764276
0 0.8315150320358652 0.5410892633928261 0.01953125 0.029282576866764276
0 0.824272274793108 0.5399659357687664 0.01953125 0.029282576866764276
0 0.8487477992686324 0.5384681656033535 0.01953125 0.029282576866764276
0 0.8452512957721289 0.5407148208514728 0.01953125 0.029282576866764276
0 0.8400065405273737 0.5422125910168858 0.01953125 0.029282576866764276
0 0.8420045425253757 0.5422125910168858 0.01953125 0.029282576866764276
0 0.892204342725176 0.5362215103552341 0.01953125 0.029282576866764276
0 0.8869595874804207 0.5354726252725277 0.01953125 0.029282576866764276
0 0.8971993477201808 0.537719280520647 0.01953125 0.029282576866764276
0 0.9031933537141869 0.5369703954379407 0.01953125 0.029282576866764276
0 0.9074391079599412 0.5350981827311744 0.01953125 0.029282576866764276
0 0.9074391079599412 0.5350981827311744 0.01953125 0.029282576866764276
0 0.9436528941737274 0.5358470678138808 0.01953125 0.029282576866764276
0 0.9099366104574437 0.534349297648468 0.01953125 0.029282576866764276
0 0.950396150916984 0.5369703954379407 0.01953125 0.029282576866764276
0 0.9571394076602409 0.5358470678138808 0.01953125 0.029282576866764276
0 0.9513951519159851 0.5306048722349357 0.01953125 0.029282576866764276
0 0.9721244226452559 0.5264860042800501 0.01953125 0.029282576866764276
0 0.9628836634044967 0.5306048722349357 0.01953125 0.029282576866764276
0 0.9766199271407604 0.5399659357687664 0.01953125 0.029282576866764276
0 0.9851114356322688 0.5437103611822987 0.01953125 0.029282576866764276
0 0.9818646823855157 0.542587033558239 0.01953125 0.029282576866764276
0 0.9778686783895117 0.544084803723652 0.01953125 0.029282576866764276
0 0.9681284186492519 0.5422125910168858 0.01953125 0.029282576866764276
0 0.9586379091587424 0.5478292291371842 0.01953125 0.029282576866764276
0 0.9506459011667344 0.5422125910168858 0.01953125 0.029282576866764276
0 0.9104361109569442 0.5253626766559905 0.01953125 0.029282576866764276
0 0.9406558911767244 0.5276093319041099 0.01953125 0.029282576866764276
0 0.8360105365313697 0.5354726252725277 0.01953125 0.029282576866764276
0 0.8405060410268743 0.5332259700244082 0.01953125 0.029282576866764276
0 0.8437527942736275 0.5253626766559905 0.01953125 0.029282576866764276
0 0.8477487982696316 0.5216182512424582 0.01953125 0.029282576866764276
0 0.771325221846055 0.5306048722349357 0.01953125 0.029282576866764276
0 0.7690774695983028 0.5369703954379407 0.01953125 0.029282576866764276
0 0.7728237233445566 0.5369703954379407 0.01953125 0.029282576866764276
0 0.7745719750928084 0.5822779429416814 0.01953125 0.029282576866764276
0 0.764332214853048 0.5961323169717508 0.01953125 0.029282576866764276
0 0.8887078392286725 0.6365721114378996 0.01953125 0.029282576866764276
0 0.9116848622056954 0.6369465539792528 0.01953125 0.029282576866764276
0 0.7870594875803208 0.5332259700244082 0.01953125 0.029282576866764276
0 0.7810654815863148 0.5336004125657614 0.01953125 0.029282576866764276
0 0.7770694775903108 0.5313537573176421 0.01953125 0.029282576866764276
0 0.762334212855046 0.5317281998589953 0.01953125 0.029282576866764276
0 0.7560904566112898 0.5339748551071148 0.01953125 0.029282576866764276
0 0.7588377093585426 0.5384681656033535 0.01953125 0.029282576866764276
0 0.7665799671008003 0.5291071020695228 0.01953125 0.029282576866764276
0 0.7568397073605406 0.5264860042800501 0.01953125 0.029282576866764276
0 0.7618347123555456 0.5261115617386969 0.01953125 0.029282576866764276
0 0.7793172298380631 0.5261115617386969 0.01953125 0.029282576866764276
0 0.7928037433245765 0.5249882341146372 0.01953125 0.029282576866764276
0 0.7950514955723288 0.5133805153326871 0.01953125 0.029282576866764276
0 0.7950514955723288 0.5204949236183986 0.01953125 0.029282576866764276
0 0.7820644825853158 0.5257371191973437 0.01953125 0.029282576866764276
0 0.7828137333345666 0.5193715959943388 0.01953125 0.029282576866764276
0 0.7890574895783228 0.5193715959943388 0.01953125 0.029282576866764276
0 0.8012952518160851 0.5219926937838114 0.01953125 0.029282576866764276
0 0.8177787682996015 0.5264860042800501 0.01953125 0.029282576866764276
0 0.8212752717961049 0.5264860042800501 0.01953125 0.029282576866764276
0 0.8212752717961049 0.5201204810770452 0.01953125 0.029282576866764276
0 0.8157807663015996 0.5092616473778016 0.01953125 0.029282576866764276
0 0.8110355115563448 0.5111338600845677 0.01953125 0.029282576866764276
0 0.8095370100578433 0.5216182512424582 0.01953125 0.029282576866764276
0 0.8375090380298712 0.5160016131221598 0.01953125 0.029282576866764276
0 0.8315150320358652 0.5216182512424582 0.01953125 0.029282576866764276
0 0.8629835635043968 0.5242393490319307 0.01953125 0.029282576866764276
0 0.858238308759142 0.5283582169868163 0.01953125 0.029282576866764276
0 0.8392572897781231 0.5264860042800501 0.01953125 0.029282576866764276
0 0.8330135335343668 0.5283582169868163 0.01953125 0.029282576866764276
0 0.8667298172506505 0.5332259700244082 0.01953125 0.029282576866764276
0 0.8996968502176835 0.5257371191973437 0.01953125 0.029282576866764276
0 0.8872093377301709 0.5272348893627565 0.01953125 0.029282576866764276
0 0.8897068402276735 0.5231160214078711 0.01953125 0.029282576866764276
0 0.8939525944734277 0.5231160214078711 0.01953125 0.029282576866764276
0 0.8807158312366644 0.5231160214078711 0.01953125 0.029282576866764276
0 0.9216748721957055 0.5279837744454631 0.01953125 0.029282576866764276
0 0.9356608861817195 0.5291071020695228 0.01953125 0.029282576866764276
0 0.9271693776902109 0.5313537573176421 0.01953125 0.029282576866764276
0 0.9686279191487523 0.5302304296935824 0.01953125 0.029282576866764276
0 0.9706259211467544 0.5339748551071148 0.01953125 0.029282576866764276
0 0.9738726743935078 0.5309793147762889 0.01953125 0.029282576866764276
0 0.9781184286392619 0.534349297648468 0.01953125 0.029282576866764276
0 0.980116430637264 0.5362215103552341 0.01953125 0.029282576866764276
0 0.9841124346332679 0.5302304296935824 0.01953125 0.029282576866764276
0 0.9896069401277734 0.5302304296935824 0.01953125 0.029282576866764276
0 0.9866099371307704 0.5302304296935824 0.01953125 0.029282576866764276
0 0.9941024446232779 0.5306048722349357 0.01953125 0.029282576866764276
0 0.8517448022656355 0.5276093319041099 0.01953125 0.029282576866764276
0 0.8579885585093917 0.5204949236183986 0.01953125 0.029282576866764276
0 0.8734730739939072 0.5324770849417019 0.01953125 0.029282576866764276
0 0.8709755714964047 0.5279837744454631 0.01953125 0.029282576866764276
0 0.7590874596082928 0.5107594175432144 0.01953125 0.029282576866764276
0 0.755341205862039 0.5133805153326871 0.01953125 0.029282576866764276
0 0.7578387083595416 0.5133805153326871 0.01953125 0.029282576866764276
0 0.7545919551127883 0.5193715959943388 0.01953125 0.029282576866764276
0 0.7615849621057953 0.5189971534529856 0.01953125 0.029282576866764276
0 0.767329217850051 0.5171249407462194 0.01953125 0.029282576866764276
0 0.768328218849052 0.521243808701105 0.01953125 0.029282576866764276
0 0.7710754715963049 0.5107594175432144 0.01953125 0.029282576866764276
0 0.773323223844057 0.5103849750018613 0.01953125 0.029282576866764276
0 0.7770694775903108 0.5111338600845677 0.01953125 0.029282576866764276
0 0.7760704765913098 0.5186227109116323 0.01953125 0.029282576866764276
0 0.771325221846055 0.5238649064905775 0.01953125 0.029282576866764276
0 0.7808157313365646 0.5118827451672742 0.01953125 0.029282576866764276
0 0.784312234833068 0.5118827451672742 0.01953125 0.029282576866764276
0 0.7875589880798213 0.5126316302499807 0.01953125 0.029282576866764276
0 0.8235230240438572 0.5111338600845677 0.01953125 0.029282576866764276
0 0.8205260210468543 0.5133805153326871 0.01953125 0.029282576866764276
0 0.8235230240438572 0.5145038429567469 0.01953125 0.029282576866764276
0 0.8130335135543468 0.5189971534529856 0.01953125 0.029282576866764276
0 0.8020445025653359 0.5122571877086274 0.01953125 0.029282576866764276
0 0.6586878592086925 0.5852734832725072 0.01953125 0.029282576866764276
0 0.7058906564114897 0.5261115617386969 0.01953125 0.029282576866764276
0 0.7083881589089922 0.5268604468214034 0.01953125 0.029282576866764276
0 0.7028936534144867 0.5306048722349357 0.01953125 0.029282576866764276
0 0.699147399668233 0.5354726252725277 0.01953125 0.029282576866764276
0 0.7033931539139873 0.5362215103552341 0.01953125 0.029282576866764276
0 0.702144402665236 0.5403403783101196 0.01953125 0.029282576866764276
0 0.697149397670231 0.5429614760995922 0.01953125 0.029282576866764276
0 0.6939026444234777 0.5369703954379407 0.01953125 0.029282576866764276
0 0.6966498971707304 0.5332259700244082 0.01953125 0.029282576866764276
0 0.6626838632046965 0.5306048722349357 0.01953125 0.029282576866764276
0 0.6626838632046965 0.524613791573284 0.01953125 0.029282576866764276
0 0.6789176294384627 0.524613791573284 0.01953125 0.029282576866764276
0 0.6799166304374639 0.5216182512424582 0.01953125 0.029282576866764276
0 0.6644321149529483 0.5167504982048662 0.01953125 0.029282576866764276
0 0.6724241229449562 0.5118827451672742 0.01953125 0.029282576866764276
0 0.6699266204474538 0.5201204810770452 0.01953125 0.029282576866764276
0 0.6794171299379632 0.5160016131221598 0.01953125 0.029282576866764276
0 0.68616038668122 0.5167504982048662 0.01953125 0.029282576866764276
0 0.6194770699979033 0.532851527483055 0.01953125 0.029282576866764276
0 0.6054910560118894 0.5302304296935824 0.01953125 0.029282576866764276
0 0.6044920550128883 0.5388426081447067 0.01953125 0.029282576866764276
0 0.6009955515163848 0.5234904639492243 0.01953125 0.029282576866764276
0 0.5999965505173839 0.5208693661597517 0.01953125 0.029282576866764276
0 0.6024940530148863 0.5152527280394532 0.01953125 0.029282576866764276
0 0.6057408062616395 0.5257371191973437 0.01953125 0.029282576866764276
0 0.6167298172506506 0.5249882341146372 0.01953125 0.029282576866764276
0 0.61623031675115 0.5186227109116323 0.01953125 0.029282576866764276
0 0.6357108362316696 0.5249882341146372 0.01953125 0.029282576866764276
0 0.6314650819859153 0.5306048722349357 0.01953125 0.029282576866764276
0 0.641205341726175 0.524613791573284 0.01953125 0.029282576866764276
0 0.6329635834844167 0.5189971534529856 0.01953125 0.029282576866764276
0 0.6397068402276735 0.5189971534529856 0.01953125 0.029282576866764276
0 0.6464500969709303 0.5208693661597517 0.01953125 0.029282576866764276
0 0.6524441029649363 0.5201204810770452 0.01953125 0.029282576866764276
0 0.6526938532146865 0.5141294004153936 0.01953125 0.029282576866764276
0 0.6464500969709303 0.5148782854981 0.01953125 0.029282576866764276
0 0.6526938532146865 0.5055172219642693 0.01953125 0.029282576866764276
0 0.6516948522156855 0.5088872048364483 0.01953125 0.029282576866764276
0 0.6589376094584427 0.5081383197537419 0.01953125 0.029282576866764276
0 0.658188358709192 0.5130060727913339 0.01953125 0.029282576866764276
0 0.6661803667012001 0.5081383197537419 0.01953125 0.029282576866764276
0 0.6496968502176835 0.49952614130261763 0.01953125 0.029282576866764276
0 0.6334630839839173 0.493535060640966 0.01953125 0.029282576866764276
0 0.6279685784894119 0.4931606180996127 0.01953125 0.029282576866764276
0 0.6189775694984029 0.49428394572367235 0.01953125 0.029282576866764276
0 0.6157308162516495 0.4845484396484884 0.01953125 0.029282576866764276
0 0.6212253217461551 0.4819273418590158 0.01953125 0.029282576866764276
0 0.6122343127551461 0.48305066948307557 0.01953125 0.029282576866764276
0 0.6074890580098913 0.49390950318231913 0.01953125 0.029282576866764276
0 0.6212253217461551 0.48979063522743366 0.01953125 0.029282576866764276
0 0.6756708761917095 0.4860462098139014 0.01953125 0.029282576866764276
0 0.7008956514164847 0.5066405495883289 0.01953125 0.029282576866764276
0 0.6976488981697315 0.5167504982048662 0.01953125 0.029282576866764276
0 0.6899066404274738 0.524613791573284 0.01953125 0.029282576866764276
0 0.6881583886792221 0.5291071020695228 0.01953125 0.029282576866764276
0 0.7448516953725287 0.5081383197537419 0.01953125 0.029282576866764276
0 0.7368596873805207 0.5122571877086274 0.01953125 0.029282576866764276
0 0.7323641828850163 0.5100105324605081 0.01953125 0.029282576866764276
0 0.7308656813865146 0.5174993832875727 0.01953125 0.029282576866764276
0 0.7243721748930082 0.519746038535692 0.01953125 0.029282576866764276
0 0.7206259211467545 0.5208693661597517 0.01953125 0.029282576866764276
0 0.7223741728950063 0.5073894346710355 0.01953125 0.029282576866764276
0 0.7116349121557455 0.5070149921296822 0.01953125 0.029282576866764276
0 0.7056409061617395 0.5085127622950951 0.01953125 0.029282576866764276
0 0.7128836634044967 0.5107594175432144 0.01953125 0.029282576866764276
0 0.7068896574104907 0.5148782854981 0.01953125 0.029282576866764276
0 0.6876588881797215 0.5096360899191549 0.01953125 0.029282576866764276
0 0.6854111359319692 0.5077638772123886 0.01953125 0.029282576866764276
0 0.6756708761917095 0.5058916645056225 0.01953125 0.029282576866764276
0 0.671175371696205 0.5032705667161499 0.01953125 0.029282576866764276
0 0.6669296174504508 0.49990058384397085 0.01953125 0.029282576866764276
0 0.6784181289389623 0.49952614130261763 0.01953125 0.029282576866764276
0 0.6434530939739272 0.5028961241747967 0.01953125 0.029282576866764276
0 0.6259705764914099 0.5107594175432144 0.01953125 0.029282576866764276
0 0.6232233237441571 0.5073894346710355 0.01953125 0.029282576866764276
0 0.6182283187491521 0.49990058384397085 0.01953125 0.029282576866764276
0 0.6052413057621391 0.5066405495883289 0.01953125 0.029282576866764276
0 0.6012453017661351 0.5051427794229161 0.01953125 0.029282576866764276
0 0.5912552917761251 0.5047683368815629 0.01953125 0.029282576866764276
0 0.5900065405273739 0.49915169876126436 0.01953125 0.029282576866764276
0 0.5650315155523489 0.5118827451672742 0.01953125 0.029282576866764276
0 0.5662802668011001 0.5189971534529856 0.01953125 0.029282576866764276
0 0.5605360110568444 0.5309793147762889 0.01953125 0.029282576866764276
0 0.5620345125553459 0.5013983540093837 0.01953125 0.029282576866764276
0 0.5677787682996016 0.5006494689266773 0.01953125 0.029282576866764276
0 0.5580385085593419 0.5111338600845677 0.01953125 0.029282576866764276
0 0.5590375095583429 0.5047683368815629 0.01953125 0.029282576866764276
0 0.5747717752926087 0.49690504351314496 0.01953125 0.029282576866764276
0 0.5665300170508504 0.49278617555825943 0.01953125 0.029282576866764276
0 0.6299665804874138 0.5021472390920902 0.01953125 0.029282576866764276
0 0.6342123347331681 0.5021472390920902 0.01953125 0.029282576866764276
0 0.5957507962716295 0.5077638772123886 0.01953125 0.029282576866764276
0 0.5957507962716295 0.49802837113720466 0.01953125 0.029282576866764276
0 0.5937527942736276 0.49840281367855793 0.01953125 0.029282576866764276
0 0.5992472997681331 0.49727948605449823 0.01953125 0.029282576866764276
0 0.6002463007671341 0.4976539285958515 0.01953125 0.029282576866764276
0 0.6027438032646366 0.49802837113720466 0.01953125 0.029282576866764276
0 0.6067398072606406 0.4987772562199111 0.01953125 0.029282576866764276
0 0.5720245225453559 0.5066405495883289 0.01953125 0.029282576866764276
0 0.5730235235443569 0.49915169876126436 0.01953125 0.029282576866764276
0 0.5740225245433579 0.49952614130261763 0.01953125 0.029282576866764276
0 0.5767697772906106 0.5013983540093837 0.01953125 0.029282576866764276
0 0.5675290180498513 0.5238649064905775 0.01953125 0.029282576866764276
0 0.5717747722956056 0.5242393490319307 0.01953125 0.029282576866764276
0 0.6736728741937075 0.5309793147762889 0.01953125 0.029282576866764276
0 0.7156309161517495 0.5085127622950951 0.01953125 0.029282576866764276
0 0.7171294176502511 0.5073894346710355 0.01953125 0.029282576866764276
0 0.7246219251427585 0.5160016131221598 0.01953125 0.029282576866764276
0 0.7343621848830182 0.529481544610876 0.01953125 0.029282576866764276
0 0.7428536933745267 0.5261115617386969 0.01953125 0.029282576866764276
0 0.7416049421257754 0.5156271705808064 0.01953125 0.029282576866764276
0 0.3689775694984029 0.5276093319041096 0.01953125 0.029282576866764276
0 0.3749715754924089 0.5276093319041096 0.01953125 0.029282576866764276
0 0.37721932774016115 0.5276093319041096 0.01953125 0.029282576866764276
0 0.3812153317361652 0.529855987152229 0.01953125 0.029282576866764276
0 0.39120534172617516 0.5242393490319306 0.01953125 0.029282576866764276
0 0.39170484222567564 0.527983774445463 0.01953125 0.029282576866764276
0 0.3929535934744269 0.4781829164454834 0.01953125 0.029282576866764276
0 0.311035511556345 0.4755618186560108 0.01953125 0.029282576866764276
0 0.315031515552349 0.47631070373871714 0.01953125 0.029282576866764276
0 0.31952702004785344 0.4781829164454834 0.01953125 0.029282576866764276
0 0.3250215255423589 0.47705958882142374 0.01953125 0.029282576866764276
0 0.328018528539362 0.47705958882142374 0.01953125 0.029282576866764276
0 0.33800853852937196 0.4736896059492446 0.01953125 0.029282576866764276
0 0.4451513956722291 0.5227415788665177 0.01953125 0.029282576866764276
0 0.4404061409269744 0.5287326595281694 0.01953125 0.029282576866764276
0 0.43890763942847283 0.5306048722349356 0.01953125 0.029282576866764276
0 0.4648816654024988 0.5219926937838113 0.01953125 0.029282576866764276
0 0.4738726743935078 0.5253626766559903 0.01953125 0.029282576866764276
0 0.4648816654024988 0.5264860042800501 0.01953125 0.029282576866764276
0 0.4566399071607406 0.5268604468214032 0.01953125 0.029282576866764276
0 0.47362292414375756 0.5182482683702789 0.01953125 0.029282576866764276
0 0.4883581888790223 0.5242393490319306 0.01953125 0.029282576866764276
0 0.48361293413376755 0.5141294004153935 0.01953125 0.029282576866764276
0 0.4861104366312701 0.5115083026259208 0.01953125 0.029282576866764276
0 0.4881084386292721 0.5111338600845676 0.01953125 0.029282576866764276
0 0.31578076630159974 0.5219926937838113 0.01953125 0.029282576866764276
0 0.3122842628050962 0.5261115617386968 0.01953125 0.029282576866764276
0 0.3105360110568444 0.5223671363251644 0.01953125 0.029282576866764276
0 0.30604050656133996 0.5242393490319306 0.01953125 0.029282576866764276
0 0.32227427279510623 0.5264860042800501 0.01953125 0.029282576866764276
0 0.3250215255423589 0.5294815446108758 0.01953125 0.029282576866764276
0 0.3272692777901112 0.5324770849417017 0.01953125 0.029282576866764276
0 0.3292672797881132 0.5264860042800501 0.01953125 0.029282576866764276
0 0.329017529538363 0.5182482683702789 0.01953125 0.029282576866764276
0 0.33551103603186944 0.5186227109116323 0.01953125 0.029282576866764276
0 0.3387577892786227 0.5234904639492243 0.01953125 0.029282576866764276
0 0.3442522947731282 0.5204949236183983 0.01953125 0.029282576866764276
0 0.3537428042636377 0.5174993832875725 0.01953125 0.029282576866764276
0 0.35099555151638495 0.5223671363251644 0.01953125 0.029282576866764276
0 0.36598056650139993 0.5238649064905774 0.01953125 0.029282576866764276
0 0.3612353117561452 0.5238649064905774 0.01953125 0.029282576866764276
0 0.3779685784894119 0.5219926937838113 0.01953125 0.029282576866764276
0 0.3822143327351662 0.5212438087011048 0.01953125 0.029282576866764276
0 0.3924540929749264 0.5208693661597515 0.01953125 0.029282576866764276
0 0.3952013457221792 0.5208693661597515 0.01953125 0.029282576866764276
0 0.4001963507171842 0.5249882341146371 0.01953125 0.029282576866764276
0 0.4116848622056956 0.527983774445463 0.01953125 0.029282576866764276
0 0.4214251219459554 0.5249882341146371 0.01953125 0.029282576866764276
0 0.40594060646143987 0.5354726252725275 0.01953125 0.029282576866764276
0 0.41018636070719416 0.5388426081447065 0.01953125 0.029282576866764276
0 0.4066898572106906 0.5403403783101195 0.01953125 0.029282576866764276
0 0.4326638831847166 0.5197460385356918 0.01953125 0.029282576866764276
0 0.4379086384294718 0.5227415788665177 0.01953125 0.029282576866764276
0 0.44140514192597535 0.5227415788665177 0.01953125 0.029282576866764276
0 0.43840813892897235 0.508512762295095 0.01953125 0.029282576866764276
0 0.4329136334344668 0.5148782854980999 0.01953125 0.029282576866764276
0 0.43690963743047084 0.5028961241747966 0.01953125 0.029282576866764276
0 0.4306658811867146 0.5058916645056224 0.01953125 0.029282576866764276
0 0.4156808662016996 0.5051427794229159 0.01953125 0.029282576866764276
0 0.4194271199479534 0.5025216816334434 0.01953125 0.029282576866764276
0 0.41243411295494636 0.503645009257503 0.01953125 0.029282576866764276
0 0.4036928542136876 0.5006494689266772 0.01953125 0.029282576866764276
0 0.39919734971818316 0.5006494689266772 0.01953125 0.029282576866764276
0 0.3919545924754259 0.5006494689266772 0.01953125 0.029282576866764276
0 0.3892073397281732 0.5013983540093836 0.01953125 0.029282576866764276
0 0.3784680789889124 0.5013983540093836 0.01953125 0.029282576866764276
0 0.3854610859819194 0.49802837113720455 0.01953125 0.029282576866764276
0 0.3817148322356656 0.49840281367855777 0.01953125 0.029282576866764276
0 0.3709755714964049 0.5047683368815626 0.01953125 0.029282576866764276
0 0.3639825645033979 0.5051427794229159 0.01953125 0.029282576866764276
0 0.35773880825964166 0.5047683368815626 0.01953125 0.029282576866764276
0 0.36098556150639494 0.5028961241747966 0.01953125 0.029282576866764276
0 0.35274380326463667 0.5051427794229159 0.01953125 0.029282576866764276
0 0.3482482987691322 0.5051427794229159 0.01953125 0.029282576866764276
0 0.3477487982696317 0.5032705667161498 0.01953125 0.029282576866764276
0 0.3412552917761252 0.5032705667161498 0.01953125 0.029282576866764276
0 0.5003462008670343 0.5197460385356918 0.01953125 0.029282576866764276
0 0.5080884586092921 0.5204949236183983 0.01953125 0.029282576866764276
0 0.5133332138540473 0.5212438087011048 0.01953125 0.029282576866764276
0 0.4956009461217796 0.5343492976484678 0.01953125 0.029282576866764276
0 0.5043422048630384 0.5395914932274131 0.01953125 0.029282576866764276
0 0.5100864606072941 0.5414637059341791 0.01953125 0.029282576866764276
0 0.5070894576102911 0.529855987152229 0.01953125 0.029282576866764276
0 0.5275689780898115 0.5238649064905774 0.01953125 0.029282576866764276
0 0.5225739730948066 0.5238649064905774 0.01953125 0.029282576866764276
0 0.5208257213465548 0.5189971534529855 0.01953125 0.029282576866764276
0 0.5270694775903111 0.5182482683702789 0.01953125 0.029282576866764276
0 0.5318147323355658 0.513380515332687 0.01953125 0.029282576866764276
0 0.5395569900778235 0.5137549578740401 0.01953125 0.029282576866764276
0 0.5243222248430583 0.5354726252725275 0.01953125 0.029282576866764276
0 0.5258207263415597 0.5452081313477115 0.01953125 0.029282576866764276
0 0.5300664805873141 0.5467059015131244 0.01953125 0.029282576866764276
0 0.512084462605296 0.5088872048364482 0.01953125 0.029282576866764276
0 0.4990974496182831 0.5107594175432144 0.01953125 0.029282576866764276
0 0.5003462008670343 0.5107594175432144 0.01953125 0.029282576866764276
0 0.4941024446232781 0.5032705667161498 0.01953125 0.029282576866764276
0 0.4921044426252761 0.5103849750018611 0.01953125 0.029282576866764276
0 0.5055909561117895 0.5107594175432144 0.01953125 0.029282576866764276
0 0.5078387083595418 0.5051427794229159 0.01953125 0.029282576866764276
0 0.3679785684994019 0.5189971534529855 0.01953125 0.029282576866764276
0 0.36173481225564563 0.5171249407462193 0.01953125 0.029282576866764276
0 0.3322642827851162 0.5283582169868162 0.01953125 0.029282576866764276
0 0.3854610859819194 0.5137549578740401 0.01953125 0.029282576866764276
0 0.3742223247431582 0.5171249407462193 0.01953125 0.029282576866764276
0 0.3812153317361652 0.508512762295095 0.01953125 0.029282576866764276
0 0.3854610859819194 0.508512762295095 0.01953125 0.029282576866764276
0 0.3709755714964049 0.5103849750018611 0.01953125 0.029282576866764276
0 0.38820833872917215 0.5137549578740401 0.01953125 0.029282576866764276
0 0.3767198272406606 0.5122571877086273 0.01953125 0.029282576866764276
0 0.39420234472317817 0.5122571877086273 0.01953125 0.029282576866764276
0 0.40194460246543584 0.5156271705808064 0.01953125 0.029282576866764276
0 0.40793860845944185 0.5156271705808064 0.01953125 0.029282576866764276
0 0.40718935771019116 0.5201204810770451 0.01953125 0.029282576866764276
0 0.40619035671119014 0.5264860042800501 0.01953125 0.029282576866764276
0 0.41518136570219916 0.5197460385356918 0.01953125 0.029282576866764276
0 0.4194271199479534 0.5122571877086273 0.01953125 0.029282576866764276
0 0.41243411295494636 0.5107594175432144 0.01953125 0.029282576866764276
0 0.4199266204474538 0.5178738258289257 0.01953125 0.029282576866764276
0 0.42492162544245893 0.5178738258289257 0.01953125 0.029282576866764276
0 0.42492162544245893 0.5234904639492243 0.01953125 0.029282576866764276
0 0.4459006464214798 0.5145038429567467 0.01953125 0.029282576866764276
0 0.45214440266523614 0.5141294004153935 0.01953125 0.029282576866764276
0 0.4488976494184828 0.5137549578740401 0.01953125 0.029282576866764276
0 0.47037617089700434 0.5081383197537417 0.01953125 0.029282576866764276
0 0.4748716753925088 0.5070149921296822 0.01953125 0.029282576866764276
0 0.4761204266412601 0.5088872048364482 0.01953125 0.029282576866764276
0 0.47861792913876255 0.5073894346710353 0.01953125 0.029282576866764276
0 0.4581384086592421 0.5227415788665177 0.01953125 0.029282576866764276
0 0.45214440266523614 0.5204949236183983 0.01953125 0.029282576866764276
0 0.46013641065724414 0.5058916645056224 0.01953125 0.029282576866764276
0 0.45464190516273856 0.5073894346710353 0.01953125 0.029282576866764276
0 0.3357607862816197 0.5092616473778014 0.01953125 0.029282576866764276
0 0.31578076630159974 0.5077638772123885 0.01953125 0.029282576866764276
0 0.3185280190488524 0.5073894346710353 0.01953125 0.029282576866764276
0 0.32252402304485644 0.5111338600845676 0.01953125 0.029282576866764276
0 0.32751902803986144 0.5073894346710353 0.01953125 0.029282576866764276
0 0.300046500567334 0.5193715959943387 0.01953125 0.029282576866764276
0 0.29480174532257875 0.5160016131221596 0.01953125 0.029282576866764276
0 0.30154500206583545 0.5103849750018611 0.01953125 0.029282576866764276
0 0.31253401305484646 0.49840281367855777 0.01953125 0.029282576866764276
0 0.3167797673006007 0.49765392859585134 0.01953125 0.029282576866764276
0 0.31752901804985145 0.4999005838439707 0.01953125 0.029282576866764276
0 0.320026520547354 0.4999005838439707 0.01953125 0.029282576866764276
0 0.321025521546355 0.5010239114680304 0.01953125 0.029282576866764276
0 0.3227737732946067 0.5010239114680304 0.01953125 0.029282576866764276
0 0.3247717752926087 0.5010239114680304 0.01953125 0.029282576866764276
0 0.3257707762916097 0.5006494689266772 0.01953125 0.029282576866764276
0 0.32077577129660473 0.4957817158890851 0.01953125 0.029282576866764276
0 0.32052602104685446 0.4957817158890851 0.01953125 0.029282576866764276
0 0.31153501205584544 0.5028961241747966 0.01953125 0.029282576866764276
0 0.3132832638040972 0.5017727965507368 0.01953125 0.029282576866764276
0 0.31428226480309823 0.5017727965507368 0.01953125 0.029282576866764276
0 0.3182782687991022 0.503645009257503 0.01953125 0.029282576866764276
0 0.3322642827851162 0.5025216816334434 0.01953125 0.029282576866764276
0 0.3250215255423589 0.5032705667161498 0.01953125 0.029282576866764276
0 0.29480174532257875 0.4969050435131449 0.01953125 0.029282576866764276
0 0.29180474232557574 0.4995261413026175 0.01953125 0.029282576866764276
0 0.293053493574327 0.5073894346710353 0.01953125 0.029282576866764276
0 0.30129525181608524 0.5032705667161498 0.01953125 0.029282576866764276
0 0.297049497570331 0.5103849750018611 0.01953125 0.029282576866764276
0 0.3057907563115897 0.4995261413026175 0.01953125 0.029282576866764276
0 0.3057907563115897 0.5070149921296822 0.01953125 0.029282576866764276
0 0.29180474232557574 0.5249882341146371 0.01953125 0.029282576866764276
0 0.292054492575326 0.544459246265005 0.01953125 0.029282576866764276
0 0.3135330140538474 0.5515736545507164 0.01953125 0.029282576866764276
0 0.31453201505284845 0.5571902926710148 0.01953125 0.029282576866764276
0 0.3182782687991022 0.5568158501296616 0.01953125 0.029282576866764276
0 0.3162802668011002 0.5616836031672536 0.01953125 0.029282576866764276
0 0.320026520547354 0.5631813733326665 0.01953125 0.029282576866764276
0 0.313033513554347 0.5609347180845471 0.01953125 0.029282576866764276
0 0.30354300406383744 0.5616836031672536 0.01953125 0.029282576866764276
0 0.3067897573105907 0.5571902926710148 0.01953125 0.029282576866764276
0 0.3067897573105907 0.552696982174776 0.01953125 0.029282576866764276
0 0.308038508559342 0.5474547865958309 0.01953125 0.029282576866764276
0 0.30629025681109023 0.5455825738890646 0.01953125 0.029282576866764276
0 0.30853800905884243 0.5422125910168857 0.01953125 0.029282576866764276
0 0.3002962508170842 0.5620580457086067 0.01953125 0.029282576866764276
0 0.30629025681109023 0.5774101899040892 0.01953125 0.029282576866764276
0 0.311035511556345 0.5725424368664972 0.01953125 0.029282576866764276
0 0.3272692777901112 0.5680491263702584 0.01953125 0.029282576866764276
0 0.35449205501288844 0.5759124197386762 0.01953125 0.029282576866764276
0 0.3462502967711302 0.5811546153176216 0.01953125 0.029282576866764276
0 0.35199455251538597 0.5837757131070942 0.01953125 0.029282576866764276
0 0.35923730975814316 0.577035747362736 0.01953125 0.029282576866764276
0 0.3504960510168844 0.5673002412875521 0.01953125 0.029282576866764276
0 0.35599055651138994 0.5695468965356714 0.01953125 0.029282576866764276
0 0.35199455251538597 0.5590625053777809 0.01953125 0.029282576866764276
0 0.3919545924754259 0.5856479258138603 0.01953125 0.029282576866764276
0 0.3907058412266746 0.5886434661446861 0.01953125 0.029282576866764276
0 0.39819834871918214 0.5938856617236312 0.01953125 0.029282576866764276
0 0.44964690016773357 0.5871456959792731 0.01953125 0.029282576866764276
0 0.4399066404274738 0.5871456959792731 0.01953125 0.029282576866764276
0 0.44340314392397734 0.5789079600695022 0.01953125 0.029282576866764276
0 0.4466498971707306 0.5695468965356714 0.01953125 0.029282576866764276
0 0.4488976494184828 0.5800312876935617 0.01953125 0.029282576866764276
0 0.4164301169509504 0.5564414075883083 0.01953125 0.029282576866764276
0 0.4119346124554458 0.5601858330018407 0.01953125 0.029282576866764276
0 0.4166798672007006 0.5665513562048455 0.01953125 0.029282576866764276
0 0.3077887583095917 0.5163760556635127 0.01953125 0.029282576866764276
0 0.3152812658020992 0.5163760556635127 0.01953125 0.029282576866764276
0 0.32227427279510623 0.5171249407462192 0.01953125 0.029282576866764276
0 0.3402562907771242 0.5126316302499804 0.01953125 0.029282576866764276
0 0.3452512957721292 0.5073894346710353 0.01953125 0.029282576866764276
0 0.3477487982696317 0.5096360899191545 0.01953125 0.029282576866764276
0 0.35474180526263865 0.5081383197537417 0.01953125 0.029282576866764276
0 0.36573081625164966 0.5126316302499804 0.01953125 0.029282576866764276
0 0.3582383087591422 0.5111338600845675 0.01953125 0.029282576866764276
0 0.39370284422367763 0.5073894346710353 0.01953125 0.029282576866764276
0 0.3986978492186826 0.5081383197537417 0.01953125 0.029282576866764276
0 0.26932721984805325 0.5328515274830549 0.01953125 0.029282576866764276
0 0.26633021685105024 0.5350981827311743 0.01953125 0.029282576866764276
0 0.26083571135654476 0.5328515274830549 0.01953125 0.029282576866764276
0 0.28980674032757375 0.5321026424003483 0.01953125 0.029282576866764276
0 0.29280374332457676 0.5261115617386967 0.01953125 0.029282576866764276
0 0.28181473233556575 0.5268604468214031 0.01953125 0.029282576866764276
0 0.2733232238440572 0.5343492976484677 0.01953125 0.029282576866764276
0 0.28031623083706425 0.5208693661597515 0.01953125 0.029282576866764276
0 0.2683282188490522 0.523116021407871 0.01953125 0.029282576866764276
0 0.26383271435354777 0.523116021407871 0.01953125 0.029282576866764276
0 0.26133521185604525 0.5238649064905774 0.01953125 0.029282576866764276
0 0.2523442028650362 0.5276093319041096 0.01953125 0.029282576866764276
0 0.27182472234555577 0.521618251242458 0.01953125 0.029282576866764276
0 0.27232422284505625 0.511882745167274 0.01953125 0.029282576866764276
0 0.26882771934855276 0.5103849750018611 0.01953125 0.029282576866764276
0 0.25584070636153977 0.5186227109116321 0.01953125 0.029282576866764276
0 0.25034620086703424 0.5201204810770451 0.01953125 0.029282576866764276
0 0.2398566903775238 0.5223671363251644 0.01953125 0.029282576866764276
0 0.23336318388401725 0.5223671363251644 0.01953125 0.029282576866764276
0 0.28780873832957177 0.5111338600845675 0.01953125 0.029282576866764276
0 0.2783182288390622 0.5178738258289257 0.01953125 0.029282576866764276
0 0.2843122348330682 0.5178738258289257 0.01953125 0.029282576866764276
0 0.2813152318360652 0.5163760556635127 0.01953125 0.029282576866764276
0 0.27981673033756377 0.5073894346710353 0.01953125 0.029282576866764276
0 0.1534431039639374 0.523490463949224 0.01953125 0.029282576866764276
0 0.17367287419370764 0.5189971534529852 0.01953125 0.029282576866764276
0 0.17966688018771362 0.5276093319041096 0.01953125 0.029282576866764276
0 0.18291363343446687 0.5223671363251644 0.01953125 0.029282576866764276
0 0.1864101369309704 0.5223671363251644 0.01953125 0.029282576866764276
0 0.1909056414264749 0.521618251242458 0.01953125 0.029282576866764276
0 0.19240414292497635 0.521618251242458 0.01953125 0.029282576866764276
0 0.18466188518271864 0.5294815446108758 0.01953125 0.029282576866764276
0 0.19065589117672463 0.5317281998589951 0.01953125 0.029282576866764276
0 0.19065589117672463 0.5321026424003483 0.01953125 0.029282576866764276
0 0.18765888817972162 0.5362215103552338 0.01953125 0.029282576866764276
0 0.19739914791998137 0.5306048722349355 0.01953125 0.029282576866764276
0 0.20464190516273859 0.5238649064905774 0.01953125 0.029282576866764276
0 0.2081384086592421 0.523490463949224 0.01953125 0.029282576866764276
0 0.20888765940849285 0.5751635346559697 0.01953125 0.029282576866764276
0 0.19615039667123013 0.6294577031521881 0.01953125 0.029282576866764276
0 0.08750903802987144 0.6010000700093426 0.01953125 0.029282576866764276
0 0.0767697772906107 0.5916390064755118 0.01953125 0.029282576866764276
0 0.0732732737941072 0.6006256274679893 0.01953125 0.029282576866764276
0 0.11747906799990142 0.5010239114680303 0.01953125 0.029282576866764276
0 0.0682782687991022 0.5006494689266772 0.01953125 0.029282576866764276
0 0.0712752717961052 0.5002750263853238 0.01953125 0.029282576866764276
0 0.0722742727951062 0.5002750263853238 0.01953125 0.029282576866764276
0 0.07552102604185945 0.5002750263853238 0.01953125 0.029282576866764276
0 0.07552102604185945 0.5002750263853238 0.01953125 0.029282576866764276
0 0.07652002704086044 0.5006494689266772 0.01953125 0.029282576866764276
0 0.09275379327462668 0.5032705667161497 0.01953125 0.029282576866764276
0 0.09674979727063068 0.5047683368815625 0.01953125 0.029282576866764276
0 0.10224430276513619 0.5055172219642691 0.01953125 0.029282576866764276
0 0.10649005701089043 0.5070149921296819 0.01953125 0.029282576866764276
0 0.12771882823966169 0.5028961241747965 0.01953125 0.029282576866764276
0 0.1484480989689324 0.5238649064905774 0.01953125 0.029282576866764276
0 0.1414550919759254 0.5253626766559902 0.01953125 0.029282576866764276
0 0.1334630839839174 0.5253626766559902 0.01953125 0.029282576866764276
0 0.1284680789889124 0.5302304296935823 0.01953125 0.029282576866764276
0 0.13546108598191942 0.5186227109116321 0.01953125 0.029282576866764276
0 0.13720933773017113 0.5186227109116321 0.01953125 0.029282576866764276
0 0.1309655814864149 0.5201204810770451 0.01953125 0.029282576866764276
0 0.14270384322467664 0.5197460385356918 0.01953125 0.029282576866764276
0 0.14769884821968163 0.5186227109116321 0.01953125 0.029282576866764276
0 0.15818835870919212 0.5156271705808063 0.01953125 0.029282576866764276
0 0.15219435271518614 0.5100105324605079 0.01953125 0.029282576866764276
0 0.14345309397392741 0.50214723909209 0.01953125 0.029282576866764276
0 0.14669984722068063 0.50214723909209 0.01953125 0.029282576866764276
0 0.13571083623166963 0.510384975001861 0.01953125 0.029282576866764276
0 0.13521133573216915 0.5013983540093836 0.01953125 0.029282576866764276
0 0.12622032674116018 0.5130060727913337 0.01953125 0.029282576866764276
0 0.11997657049740391 0.5182482683702788 0.01953125 0.029282576866764276
0 0.11897756949840292 0.523116021407871 0.01953125 0.029282576866764276
0 0.1252213257421592 0.5201204810770451 0.01953125 0.029282576866764276
0 0.1424540929749264 0.5137549578740401 0.01953125 0.029282576866764276
0 0.15968686020769363 0.5066405495883287 0.01953125 0.029282576866764276
0 0.11098556150639492 0.5279837744454629 0.01953125 0.029282576866764276
0 0.10998656050739393 0.5261115617386967 0.01953125 0.029282576866764276
0 0.10499155551238892 0.5268604468214031 0.01953125 0.029282576866764276
0 0.09924729976813318 0.5283582169868161 0.01953125 0.029282576866764276
0 0.0932532937741272 0.5306048722349355 0.01953125 0.029282576866764276
0 0.09050604102687444 0.5276093319041096 0.01953125 0.029282576866764276
0 0.09250404302487644 0.5182482683702788 0.01953125 0.029282576866764276
0 0.09874779926863268 0.5246137915732838 0.01953125 0.029282576866764276
0 0.09674979727063068 0.5197460385356918 0.01953125 0.029282576866764276
0 0.10174480226563568 0.516750498204866 0.01953125 0.029282576866764276
0 0.10673980726064068 0.5171249407462192 0.01953125 0.029282576866764276
0 0.11148506200589542 0.5145038429567466 0.01953125 0.029282576866764276
0 0.09824829876913219 0.5126316302499804 0.01953125 0.029282576866764276
0 0.09075579127662468 0.5126316302499804 0.01953125 0.029282576866764276
0 0.0847617852826187 0.5197460385356918 0.01953125 0.029282576866764276
0 0.08051603103686444 0.523490463949224 0.01953125 0.029282576866764276
0 0.07976678028761369 0.5268604468214031 0.01953125 0.029282576866764276
0 0.08451203503286844 0.5257371191973434 0.01953125 0.029282576866764276
0 0.08201453253536595 0.5122571877086272 0.01953125 0.029282576866764276
0 0.07602052654135995 0.5126316302499804 0.01953125 0.029282576866764276
0 0.0702762707971042 0.510384975001861 0.01953125 0.029282576866764276
0 0.07352302404385745 0.5073894346710353 0.01953125 0.029282576866764276
0 0.07377277429360769 0.5174993832875724 0.01953125 0.029282576866764276
0 0.0772692777901112 0.5178738258289257 0.01953125 0.029282576866764276
0 0.07052602104685445 0.5223671363251644 0.01953125 0.029282576866764276
0 0.07577077629160969 0.5238649064905774 0.01953125 0.029282576866764276
0 0.08251403303486644 0.5208693661597515 0.01953125 0.029282576866764276
0 0.0847617852826187 0.5126316302499804 0.01953125 0.029282576866764276
0 0.08501153553236894 0.5055172219642691 0.01953125 0.029282576866764276
0 0.07976678028761369 0.5055172219642691 0.01953125 0.029282576866764276
0 0.11573081625164959 0.5096360899191545 0.01953125 0.029282576866764276
0 0.11173481225564559 0.5171249407462192 0.01953125 0.029282576866764276
0 0.10773880825964159 0.5178738258289256 0.01953125 0.029282576866764276
0 0.05092062644145978 0.4751873761146577 0.01953125 0.029282576866764276
0 0.05391762943846278 0.4751873761146577 0.01953125 0.029282576866764276
0 0.05491663043746378 0.4755618186560109 0.01953125 0.029282576866764276
0 0.05691463243546578 0.4755618186560109 0.01953125 0.029282576866764276
0 0.06016138568221903 0.4755618186560109 0.01953125 0.029282576866764276
0 0.06315838867922202 0.4755618186560109 0.01953125 0.029282576866764276
0 0.06715439267522601 0.48305066948307557 0.01953125 0.029282576866764276
0 0.06215938768022103 0.4800551291522497 0.01953125 0.029282576866764276
0 0.06790364342447675 0.47481293357330456 0.01953125 0.029282576866764276
0 0.07239914791998125 0.47481293357330456 0.01953125 0.029282576866764276
0 0.07389764941848274 0.47481293357330456 0.01953125 0.029282576866764276
0 0.05616538168621503 0.5291071020695228 0.01953125 0.029282576866764276
0 0.05616538168621503 0.5313537573176421 0.01953125 0.029282576866764276
0 0.031440106960940295 0.5377192805206471 0.01953125 0.029282576866764276
0 0.02319834871918205 0.5339748551071148 0.01953125 0.029282576866764276
0 0.024447099967933303 0.5178738258289259 0.01953125 0.029282576866764276
0 0.03218935771019105 0.5118827451672742 0.01953125 0.029282576866764276
0 0.03218935771019105 0.506640549588329 0.01953125 0.029282576866764276
0 0.03543611095694429 0.5058916645056226 0.01953125 0.029282576866764276
0 0.033937609458442784 0.5219926937838114 0.01953125 0.029282576866764276
0 0.03568586120669453 0.5242393490319308 0.01953125 0.029282576866764276
0 0.03918236470319804 0.522741578866518 0.01953125 0.029282576866764276
0 0.038433113953947294 0.5171249407462194 0.01953125 0.029282576866764276
0 0.047424122944956286 0.5122571877086275 0.01953125 0.029282576866764276
0 0.05092062644145978 0.5152527280394534 0.01953125 0.029282576866764276
0 0.044676870197703535 0.521243808701105 0.01953125 0.029282576866764276
0 0.046674872195705534 0.5145038429567469 0.01953125 0.029282576866764276
0 0.04892262444345778 0.5204949236183986 0.01953125 0.029282576866764276
0 0.05017137569220903 0.5223671363251647 0.01953125 0.029282576866764276
0 0.05916238468321803 0.5156271705808065 0.01953125 0.029282576866764276
0 0.05916238468321803 0.5126316302499807 0.01953125 0.029282576866764276
0 0.06340813892897228 0.5096360899191549 0.01953125 0.029282576866764276
0 0.06540614092697428 0.5186227109116324 0.01953125 0.029282576866764276
0 0.05991163543246878 0.5234904639492243 0.01953125 0.029282576866764276
0 0.014956590477423806 0.511508302625921 0.01953125 0.029282576866764276
0 0.0032183287391620626 0.5047683368815629 0.01953125 0.029282576866764276
0 0.00821333373416706 0.5021472390920902 0.01953125 0.029282576866764276
0 0.010461085981919308 0.5040194517988563 0.01953125 0.029282576866764276
0 0.015206340727174056 0.5036450092575032 0.01953125 0.029282576866764276
0 0.018952594473427804 0.5036450092575032 0.01953125 0.029282576866764276
0 0.0269446024654358 0.5036450092575032 0.01953125 0.029282576866764276
0 0.0229485984694318 0.5092616473778017 0.01953125 0.029282576866764276
0 0.018952594473427804 0.511508302625921 0.01953125 0.029282576866764276
0 0.012958588479421806 0.522741578866518 0.01953125 0.029282576866764276
0 0.009212334733168058 0.5343492976484681 0.01953125 0.029282576866764276
0 0.04043111595194929 0.5092616473778017 0.01953125 0.029282576866764276
0 0.04442711994795329 0.5092616473778017 0.01953125 0.029282576866764276
0 0.03993161545244879 0.5021472390920902 0.01953125 0.029282576866764276
0 0.04642512194595528 0.5047683368815629 0.01953125 0.029282576866764276
0 0.049671875192708534 0.5021472390920902 0.01953125 0.029282576866764276
0 0.05416737968821303 0.5028961241747968 0.01953125 0.029282576866764276
0 0.036435111955945274 0.5523225396334229 0.01953125 0.029282576866764276
0 0.033188358709192047 0.5448336888063584 0.01953125 0.029282576866764276
0 0.04093061645144979 0.529481544610876 0.01953125 0.029282576866764276
0 0.05191962744046078 0.5100105324605081 0.01953125 0.029282576866764276
0 0.052668878189711534 0.5137549578740405 0.01953125 0.029282576866764276
0 0.05816338368421703 0.5043938943402096 0.01953125 0.029282576866764276
0 0.017703843224676555 0.5171249407462194 0.01953125 0.029282576866764276
0 0.016455091975925307 0.5186227109116324 0.01953125 0.029282576866764276
