0 0.4540313852813853 0.5282931807089933 0.01953125 0.029282576866764276
0 0.4620129870129871 0.4591305229665406 0.01953125 0.029282576866764276
0 0.4515963203463204 0.4546684160154145 0.01953125 0.029282576866764276
0 0.44429112554112565 0.4708942594740545 0.01953125 0.029282576866764276
0 0.4561958874458875 0.48265799598156844 0.01953125 0.029282576866764276
0 0.48676948051948055 0.5051713537804314 0.01953125 0.029282576866764276
0 0.47662337662337667 0.49381326335938336 0.01953125 0.029282576866764276
0 0.4733766233766234 0.5272790654928284 0.01953125 0.029282576866764276
0 0.4699945887445888 0.5471557237296623 0.01953125 0.029282576866764276
0 0.49055735930735933 0.5258593041901973 0.01953125 0.029282576866764276
0 0.5077380952380953 0.49949230856990734 0.01953125 0.029282576866764276
0 0.5007034632034633 0.4830636420680344 0.01953125 0.029282576866764276
0 0.5113906926406927 0.4708942594740545 0.01953125 0.029282576866764276
0 0.5184253246753248 0.4538571238424825 0.01953125 0.029282576866764276
0 0.4785173160173161 0.43965951081617255 0.01953125 0.029282576866764276
0 0.4419913419913421 0.4463526712428616 0.01953125 0.029282576866764276
0 0.02951839826839822 0.8677175435594177 0.01953125 0.029282576866764276
0 0.037150376679597495 0.2776552635501884 0.01953125 0.029282576866764276
0 0.05050282509698096 0.2728507280845132 0.01953125 0.029282576866764276
0 0.01952514476865131 0.2912681140362681 0.01953125 0.029282576866764276
0 0.0061726963512678075 0.29767416132383506 0.01953125 0.029282576866764276
0 0.04729823747680892 0.3232983504741028 0.01953125 0.029282576866764276
0 0.03982086636307418 0.3096854999880231 0.01953125 0.029282576866764276
0 0.044627747793332236 0.30007642905667264 0.01953125 0.029282576866764276
0 0.02059334064204198 0.304080208611402 0.01953125 0.029282576866764276
0 0.023263830325518667 0.3216968386522111 0.01953125 0.029282576866764276
0 0.009911381908135196 0.3393134686930202 0.01953125 0.029282576866764276
0 0.004570402541181787 0.3248998622959946 0.01953125 0.029282576866764276
0 0.016320557148479273 0.3273021300288322 0.01953125 0.029282576866764276
0 0.03661627874290214 0.3425164923368037 0.01953125 0.029282576866764276
0 0.029138907629167394 0.3457195159805871 0.01953125 0.029282576866764276
0 0.05691200033732503 0.37534748468558427 0.01953125 0.029282576866764276
0 0.06171888176758309 0.3593323664666669 0.01953125 0.029282576866764276
0 0.053173314780457684 0.3481217837134247 0.01953125 0.029282576866764276
0 0.03982086636307418 0.35853161055572097 0.01953125 0.029282576866764276
0 0.0344798869961208 0.36173463419950447 0.01953125 0.029282576866764276
0 0.010445479844830513 0.3793512642403135 0.01953125 0.029282576866764276
0 0.026468417945690704 0.37694899650747593 0.01953125 0.029282576866764276
0 0.030207103502558095 0.3929641147263933 0.01953125 0.029282576866764276
0 0.00350220666779112 0.37614824059653007 0.01953125 0.029282576866764276
0 0.01792285095856529 0.39856940610301433 0.01953125 0.029282576866764276
0 0.07667362399505258 0.35853161055572097 0.01953125 0.029282576866764276
0 0.06759395907123182 0.3417157364258578 0.01953125 0.029282576866764276
0 0.08735558272895937 0.26884694852978386 0.01953125 0.029282576866764276
0 0.06759395907123182 0.280057531283026 0.01953125 0.029282576866764276
0 0.053173314780457684 0.2872643344815388 0.01953125 0.029282576866764276
0 0.11352638162703099 0.26564392488600036 0.01953125 0.029282576866764276
0 0.09696934558947548 0.2784560194611343 0.01953125 0.029282576866764276
0 0.11138998988024966 0.2824597990158636 0.01953125 0.029282576866764276
0 0.12527653623432847 0.26884694852978386 0.01953125 0.029282576866764276
0 0.1295493197278912 0.280057531283026 0.01953125 0.029282576866764276
0 0.1514473351324001 0.26884694852978386 0.01953125 0.029282576866764276
0 0.1626633918030022 0.27445223990640494 0.01953125 0.029282576866764276
0 0.18616370101759716 0.25843712168748756 0.01953125 0.029282576866764276
0 0.2091299122954967 0.2576363657765417 0.01953125 0.029282576866764276
0 0.22461875245966156 0.23041066480438221 0.01953125 0.029282576866764276
0 0.2438462781806938 0.2408204916466785 0.01953125 0.029282576866764276
0 0.23476661325687304 0.2408204916466785 0.01953125 0.029282576866764276
0 0.24491447405408442 0.27445223990640494 0.01953125 0.029282576866764276
0 0.24598266992747514 0.2576363657765417 0.01953125 0.029282576866764276
0 0.22248236071288022 0.23761746800289502 0.01953125 0.029282576866764276
0 0.21981187102940353 0.27445223990640494 0.01953125 0.029282576866764276
0 0.022147080094246607 0.3473886240806756 0.01953125 0.029282576866764276
0 0.008413133150652187 0.36485966213767634 0.01953125 0.029282576866764276
0 0.01569628683286135 0.35456422899694373 0.01953125 0.029282576866764276
0 0.021106629568216736 0.3813947517273377 0.01953125 0.029282576866764276
0 0.04545317187731595 0.36267578238055126 0.01953125 0.029282576866764276
0 0.05398486619076098 0.35893198851119396 0.01953125 0.029282576866764276
0 0.07333724597491677 0.3670435418948014 0.01953125 0.029282576866764276
0 0.07333724597491677 0.3283576719114426 0.01953125 0.029282576866764276
0 0.06168420008338209 0.33303741424813926 0.01953125 0.029282576866764276
0 0.07853949860506618 0.33646922529505013 0.01953125 0.029282576866764276
0 0.07541814702697652 0.27781645467511906 0.01953125 0.029282576866764276
0 0.1045507617558132 0.272824729515976 0.01953125 0.029282576866764276
0 0.12244651080352716 0.28280817983426215 0.01953125 0.029282576866764276
0 0.12265460090873313 0.29310361297499476 0.01953125 0.029282576866764276
0 0.13222674574820803 0.29778335531169137 0.01953125 0.029282576866764276
0 0.13763708848356343 0.28904783628319103 0.01953125 0.029282576866764276
0 0.13201865564300203 0.2865519737036194 0.01953125 0.029282576866764276
0 0.1428393411137128 0.2800003344322442 0.01953125 0.029282576866764276
0 0.16094318026663276 0.2874879221709588 0.01953125 0.029282576866764276
0 0.11453908680570005 0.3005912007137093 0.01953125 0.029282576866764276
0 0.10871256385993272 0.29435154426478055 0.01953125 0.029282576866764276
0 0.1070478430182849 0.3230539639298531 0.01953125 0.029282576866764276
0 0.1155795373317299 0.33303741424813926 0.01953125 0.029282576866764276
0 0.12182224048790921 0.3283576719114426 0.01953125 0.029282576866764276
0 0.13347528637944386 0.326485774976764 0.01953125 0.029282576866764276
0 0.1309782051169722 0.31119861667688836 0.01953125 0.029282576866764276
0 0.12515168217120484 0.3040230117606202 0.01953125 0.029282576866764276
0 0.1053831221766371 0.33584525965015727 0.01953125 0.029282576866764276
0 0.11058537480678651 0.34208491609908603 0.01953125 0.029282576866764276
0 0.08894400386536498 0.3501964694826935 0.01953125 0.029282576866764276
0 0.08561456218206936 0.363923713670337 0.01953125 0.029282576866764276
0 0.10496694196622518 0.36205181673565834 0.01953125 0.029282576866764276
0 0.1255678623816168 0.35893198851119396 0.01953125 0.029282576866764276
0 0.15740564847813115 0.34208491609908603 0.01953125 0.029282576866764276
0 0.1553247474260714 0.35550017746428303 0.01953125 0.029282576866764276
0 0.1428393411137128 0.36173983391321185 0.01953125 0.029282576866764276
0 0.1474173234282443 0.37921087197021264 0.01953125 0.029282576866764276
0 0.12868921395970645 0.37921087197021264 0.01953125 0.029282576866764276
0 0.12098988006708532 0.3776509578579804 0.01953125 0.029282576866764276
0 0.026933152513984066 0.4157128621964463 0.01953125 0.029282576866764276
0 0.03733765777428288 0.4166488106637856 0.01953125 0.029282576866764276
0 0.040459009352372524 0.4166488106637856 0.01953125 0.029282576866764276
0 0.05190396513870121 0.4266322609820717 0.01953125 0.029282576866764276
0 0.044204631246080095 0.4266322609820717 0.01953125 0.029282576866764276
0 0.041499459878402395 0.43692769412280436 0.01953125 0.029282576866764276
0 0.07437769650094664 0.4275682094494111 0.01953125 0.029282576866764276
0 0.07271297565929885 0.41384096526176767 0.01953125 0.029282576866764276
0 0.07354533608012273 0.3994897554292313 0.01953125 0.029282576866764276
0 0.07937185902589008 0.38888233946605233 0.01953125 0.029282576866764276
0 0.0879035533393351 0.3873224253538201 0.01953125 0.029282576866764276
0 0.10829638364952074 0.37515509527840885 0.01953125 0.029282576866764276
0 0.1168280779629658 0.37047535294171224 0.01953125 0.029282576866764276
0 0.09643524765278011 0.36173983391321185 0.01953125 0.029282576866764276
0 0.1744690371050212 0.30620689151774527 0.01953125 0.029282576866764276
0 0.17530139752584512 0.2987193037790307 0.01953125 0.029282576866764276
0 0.16947487458007776 0.3118225823217813 0.01953125 0.029282576866764276
0 0.18965961478505747 0.29372757861988763 0.01953125 0.029282576866764276
0 0.18841107415382163 0.2703288669364045 0.01953125 0.029282576866764276
0 0.17530139752584512 0.2612813650854577 0.01953125 0.029282576866764276
0 0.18071174026120052 0.29247964733010184 0.01953125 0.029282576866764276
0 0.18404118194449612 0.31088663385444193 0.01953125 0.029282576866764276
0 0.18216837099764233 0.329293620378782 0.01953125 0.029282576866764276
0 0.17738229857790488 0.3442687958562112 0.01953125 0.029282576866764276
0 0.17488521731543316 0.3595559541560868 0.01953125 0.029282576866764276
0 0.17821465899872876 0.37203526705394446 0.01953125 0.029282576866764276
0 0.18466545226011405 0.39356208180274893 0.01953125 0.029282576866764276
0 0.17592566784146305 0.4169607934862321 0.01953125 0.029282576866764276
0 0.18008746994558256 0.43474381436567927 0.01953125 0.029282576866764276
0 0.18549781268093796 0.41134510268219615 0.01953125 0.029282576866764276
0 0.16531307247595825 0.40260958365369576 0.01953125 0.029282576866764276
0 0.16635352300198814 0.4316239861412148 0.01953125 0.029282576866764276
0 0.15220339584798176 0.3988657897843385 0.01953125 0.029282576866764276
0 0.16510498237075227 0.37921087197021264 0.01953125 0.029282576866764276
0 0.15948654953019092 0.37047535294171224 0.01953125 0.029282576866764276
0 0.17259622615816742 0.33366137989303213 0.01953125 0.029282576866764276
0 0.13763708848356343 0.38357863148446286 0.01953125 0.029282576866764276
0 0.13201865564300203 0.39668191002721337 0.01953125 0.029282576866764276
0 0.1403422598512411 0.39792984131699916 0.01953125 0.029282576866764276
0 0.13576427753670964 0.42819217509430396 0.01953125 0.029282576866764276
0 0.12369505143476302 0.42975208920653624 0.01953125 0.029282576866764276
0 0.12868921395970645 0.4384876082350365 0.01953125 0.029282576866764276
0 0.14783350363865627 0.43567976283301857 0.01953125 0.029282576866764276
0 0.12078178996187935 0.41477691372910697 0.01953125 0.029282576866764276
0 0.11349863627967018 0.395745961559874 0.01953125 0.029282576866764276
0 0.1089206539651387 0.3863864768864808 0.01953125 0.029282576866764276
0 0.09955659923086978 0.435991745655465 0.01953125 0.029282576866764276
0 0.07729095797383032 0.43755165976769717 0.01953125 0.029282576866764276
0 0.09019254449660084 0.4125930339719819 0.01953125 0.029282576866764276
0 0.10142941017772356 0.41477691372910697 0.01953125 0.029282576866764276
0 0.10725593312349088 0.40604139470060663 0.01953125 0.029282576866764276
0 0.10038895965169368 0.3988657897843385 0.01953125 0.029282576866764276
0 0.09102490491742475 0.3988657897843385 0.01953125 0.029282576866764276
0 0.07645859755300641 0.377338975035534 0.01953125 0.029282576866764276
0 0.05918711882091039 0.43692769412280436 0.01953125 0.029282576866764276
0 0.06043565945214624 0.42944010638408975 0.01953125 0.029282576866764276
0 0.1669777933176061 0.35456422899694373 0.01953125 0.029282576866764276
0 0.017538675249714263 0.45091531169377197 0.01953125 0.029282576866764276
0 0.028853118382339192 0.45091531169377197 0.01953125 0.029282576866764276
0 0.03343277393602071 0.44929975152256546 0.01953125 0.029282576866764276
0 0.05606166020127059 0.45091531169377197 0.01953125 0.029282576866764276
0 0.004338491594985174 0.47272537400506065 0.01953125 0.029282576866764276
0 0.012150845186559525 0.4658592432774328 0.01953125 0.029282576866764276
0 0.022118330803395772 0.4723214839622591 0.01953125 0.029282576866764276
0 0.024004071325499934 0.4646475731490279 0.01953125 0.029282576866764276
0 0.030469467401285623 0.4703020337482509 0.01953125 0.029282576866764276
0 0.08192324450441331 0.4686864735770443 0.01953125 0.029282576866764276
0 0.09943369220966616 0.46626313332023445 0.01953125 0.029282576866764276
0 0.1158665739022881 0.4646475731490279 0.01953125 0.029282576866764276
0 0.12475649350649344 0.4537425419933835 0.01953125 0.029282576866764276
0 0.12771980004122852 0.46666702336303606 0.01953125 0.029282576866764276
0 0.13768728565806476 0.46182034284941637 0.01953125 0.029282576866764276
0 0.1349933706264874 0.4755526043046723 0.01953125 0.029282576866764276
0 0.14549963924963916 0.48847708567432485 0.01953125 0.029282576866764276
0 0.14496085624332364 0.47636038439027556 0.01953125 0.029282576866764276
0 0.08946620659282992 0.47595649434747395 0.01953125 0.029282576866764276
0 0.09727856018440427 0.4840342952035068 0.01953125 0.029282576866764276
0 0.10293578175071676 0.4941315462735478 0.01953125 0.029282576866764276
0 0.0590249667360057 0.48282262507510176 0.01953125 0.029282576866764276
0 0.05713922621390154 0.46222423289221803 0.01953125 0.029282576866764276
0 0.023734679822342203 0.49049653588833303 0.01953125 0.029282576866764276
0 0.002452751072881011 0.4973626666159609 0.01953125 0.029282576866764276
0 0.006493623620247053 0.5284621999116875 0.01953125 0.029282576866764276
0 0.03235520792338977 0.536943890810522 0.01953125 0.029282576866764276
0 0.043400259552856965 0.5357322206821171 0.01953125 0.029282576866764276
0 0.041245127527595085 0.519980509012853 0.01953125 0.029282576866764276
0 0.03316338243286299 0.5228077393124645 0.01953125 0.029282576866764276
0 0.02077137328760709 0.5349244405965138 0.01953125 0.029282576866764276
0 0.028314335376023726 0.5300777600828941 0.01953125 0.029282576866764276
0 0.013497802702348205 0.5240194094408693 0.01953125 0.029282576866764276
0 0.01134267067708631 0.5530994925225876 0.01953125 0.029282576866764276
0 0.002722142576038744 0.5518878223941828 0.01953125 0.029282576866764276
0 0.016461109237083316 0.5672356440206452 0.01953125 0.029282576866764276
0 0.025889811847604097 0.5947001669311569 0.01953125 0.029282576866764276
0 0.022657113809711256 0.5866223660751241 0.01953125 0.029282576866764276
0 0.03208581642023203 0.6076246483008095 0.01953125 0.029282576866764276
0 0.06252705627705625 0.5975273972307684 0.01953125 0.029282576866764276
0 0.05552287719495512 0.5983351773163716 0.01953125 0.029282576866764276
0 0.06171888176758306 0.5781406751762895 0.01953125 0.029282576866764276
0 0.05956374974232116 0.5692550942346534 0.01953125 0.029282576866764276
0 0.05229017915706228 0.536943890810522 0.01953125 0.029282576866764276
0 0.03343277393602071 0.6427630820245523 0.01953125 0.029282576866764276
0 0.03289399092970525 0.6516486629661886 0.01953125 0.029282576866764276
0 0.021579547797080306 0.633069720997313 0.01953125 0.029282576866764276
0 0.023465288319184468 0.626203590269685 0.01953125 0.029282576866764276
0 0.021579547797080306 0.644378642195759 0.01953125 0.029282576866764276
0 0.04393904255917244 0.655687563394205 0.01953125 0.029282576866764276
0 0.07033940986863062 0.6140868889856358 0.01953125 0.029282576866764276
0 0.07949872097599367 0.650033102794982 0.01953125 0.029282576866764276
0 0.08838864058019899 0.6528603330945935 0.01953125 0.029282576866764276
0 0.08057628698862461 0.6257997002268835 0.01953125 0.029282576866764276
0 0.0840783765296752 0.6334736110401146 0.01953125 0.029282576866764276
0 0.09458464515282691 0.6298386006548999 0.01953125 0.029282576866764276
0 0.10940117782650241 0.6573031235654115 0.01953125 0.029282576866764276
0 0.05552287719495512 0.6649770343786429 0.01953125 0.029282576866764276
0 0.049596264125484915 0.587834036203529 0.01953125 0.029282576866764276
0 0.038281820992859976 0.5999507374875783 0.01953125 0.029282576866764276
0 0.09700916868124654 0.5874301461607273 0.01953125 0.029282576866764276
0 0.08919681508967219 0.5623889635070256 0.01953125 0.029282576866764276
0 0.08811924907704122 0.5086715878144069 0.01953125 0.029282576866764276
0 0.08515594254230613 0.49574710644475434 0.01953125 0.029282576866764276
0 0.058486183729690215 0.5058443575147955 0.01953125 0.029282576866764276
0 0.10859300331702922 0.5304816501256957 0.01953125 0.029282576866764276
0 0.09943369220966616 0.5296738700400924 0.01953125 0.029282576866764276
0 0.12098501246228509 0.4977665566587625 0.01953125 0.029282576866764276
0 0.10832361181387148 0.49130431597393637 0.01953125 0.029282576866764276
0 0.12718101703491305 0.5070560276432003 0.01953125 0.029282576866764276
0 0.1193686634433387 0.5086715878144069 0.01953125 0.029282576866764276
0 0.11317265887071074 0.503017127215184 0.01953125 0.029282576866764276
0 0.12798919154438623 0.4941315462735478 0.01953125 0.029282576866764276
0 0.15573651636963315 0.4921120960595396 0.01953125 0.029282576866764276
0 0.1648958274769962 0.49453543631634944 0.01953125 0.029282576866764276
0 0.1511568608159516 0.5086715878144069 0.01953125 0.029282576866764276
0 0.14873233728753196 0.5296738700400924 0.01953125 0.029282576866764276
0 0.17190000655909732 0.5312894302112989 0.01953125 0.029282576866764276
0 0.11963805494649643 0.5312894302112989 0.01953125 0.029282576866764276
0 0.11802170592755 0.5462333617949597 0.01953125 0.029282576866764276
0 0.12179318697175832 0.5587539531218106 0.01953125 0.029282576866764276
0 0.11425022488334168 0.5660239738922404 0.01953125 0.029282576866764276
0 0.10616847978860959 0.5547150526937943 0.01953125 0.029282576866764276
0 0.11263387586439527 0.5805640154330994 0.01953125 0.029282576866764276
0 0.10805422031071375 0.5680434241062484 0.01953125 0.029282576866764276
0 0.09323768763703824 0.5728901046198682 0.01953125 0.029282576866764276
0 0.13391580461385644 0.6363008413397262 0.01953125 0.029282576866764276
0 0.16462643597383844 0.6484175426237755 0.01953125 0.029282576866764276
0 0.16785913401173125 0.655687563394205 0.01953125 0.029282576866764276
0 0.15896921440752593 0.6641692542930395 0.01953125 0.029282576866764276
0 0.16678156799910032 0.6338775010829163 0.01953125 0.029282576866764276
0 0.15735286538857954 0.6419553019389491 0.01953125 0.029282576866764276
0 0.15169564382226705 0.6278191504408915 0.01953125 0.029282576866764276
0 0.15896921440752593 0.603585747872793 0.01953125 0.029282576866764276
0 0.18348384119488 0.6157024491568424 0.01953125 0.029282576866764276
0 0.1902186287738234 0.634281391125718 0.01953125 0.029282576866764276
0 0.2187741281085435 0.6480136525809739 0.01953125 0.029282576866764276
0 0.20180246340960606 0.6472058724953705 0.01953125 0.029282576866764276
0 0.2163496045801238 0.6358969512969245 0.01953125 0.029282576866764276
0 0.23332126927906124 0.6472058724953705 0.01953125 0.029282576866764276
0 0.2109617745169691 0.626203590269685 0.01953125 0.029282576866764276
0 0.16166312943910333 0.4614164528066148 0.01953125 0.029282576866764276
0 0.1562752993759486 0.44041417058092935 0.01953125 0.029282576866764276
0 0.19210436929592753 0.44081806062373097 0.01953125 0.029282576866764276
0 0.20395759543486797 0.4448569610517474 0.01953125 0.029282576866764276
0 0.1859083647232996 0.46383979306342454 0.01953125 0.029282576866764276
0 0.20880664249170725 0.47353315409066404 0.01953125 0.029282576866764276
0 0.20611272746012985 0.5114988181140184 0.01953125 0.029282576866764276
0 0.2139250810517042 0.536943890810522 0.01953125 0.029282576866764276
0 0.21823534510222803 0.519980509012853 0.01953125 0.029282576866764276
0 0.22631709019696014 0.5397711211101335 0.01953125 0.029282576866764276
0 0.20314942092539479 0.5526956024797861 0.01953125 0.029282576866764276
0 0.19964733138434418 0.5749095548338764 0.01953125 0.029282576866764276
0 0.22523952418432913 0.5680434241062484 0.01953125 0.029282576866764276
0 0.21338629804538875 0.5934884968027521 0.01953125 0.029282576866764276
0 0.18456140720751094 0.5894495963747355 0.01953125 0.029282576866764276
0 0.18025114315698715 0.5918729366315455 0.01953125 0.029282576866764276
0 0.1586998229043682 0.5862184760323225 0.01953125 0.029282576866764276
0 0.24571327842431717 0.6253958101840817 0.01953125 0.029282576866764276
0 0.23412944378853445 0.6007585175731815 0.01953125 0.029282576866764276
0 0.19937793988118646 0.4198157783980455 0.01953125 0.029282576866764276
0 0.008955627705628088 0.697346187243698 0.01953125 0.029282576866764276
0 0.0070441193006130585 0.6777803487354549 0.01953125 0.029282576866764276
0 0.019862469781301177 0.7096420049815114 0.01953125 0.029282576866764276
0 0.027958270084893655 0.7025616369268323 0.01953125 0.029282576866764276
0 0.025596994996345844 0.6777803487354549 0.01953125 0.029282576866764276
0 0.032343495249339584 0.6767688675847865 0.01953125 0.029282576866764276
0 0.041788595603530834 0.6747459052834496 0.01953125 0.029282576866764276
0 0.048535095856524574 0.7015501557761639 0.01953125 0.029282576866764276
0 0.03740337043908489 0.7061018209541718 0.01953125 0.029282576866764276
0 0.038752670489683644 0.7187453353375276 0.01953125 0.029282576866764276
0 0.03639139540113583 0.7253199628168726 0.01953125 0.029282576866764276
0 0.028970245122842714 0.7495955104329157 0.01953125 0.029282576866764276
0 0.04988439590712331 0.7981466056650018 0.01953125 0.029282576866764276
0 0.051233695957722064 0.7860088318569802 0.01953125 0.029282576866764276
0 0.040439295552932075 0.794100681062328 0.01953125 0.029282576866764276
0 0.021211769831899915 0.8092728983223549 0.01953125 0.029282576866764276
0 0.044824520717378004 0.7364462554742257 0.01953125 0.029282576866764276
0 0.06405204643841017 0.7566758784875949 0.01953125 0.029282576866764276
0 0.06472669646370956 0.743526623528905 0.01953125 0.029282576866764276
0 0.051908345983021444 0.7404921800768995 0.01953125 0.029282576866764276
0 0.05798019621071579 0.6858721979408027 0.01953125 0.029282576866764276
0 0.07214784674200267 0.6717114618314441 0.01953125 0.029282576866764276
0 0.08294224714679263 0.6696884995301072 0.01953125 0.029282576866764276
0 0.08968874739978637 0.6818262733381287 0.01953125 0.029282576866764276
0 0.09407397256423233 0.7298716279948807 0.01953125 0.029282576866764276
0 0.09542327261483105 0.7076190426801746 0.01953125 0.029282576866764276
0 0.08193027210884357 0.7111592267075142 0.01953125 0.029282576866764276
0 0.11330149828526447 0.7222855193648672 0.01953125 0.029282576866764276
0 0.10891627312081853 0.7157108918855223 0.01953125 0.029282576866764276
0 0.11195219823466575 0.6853664573654685 0.01953125 0.029282576866764276
0 0.10082047281722607 0.7450438452549076 0.01953125 0.029282576866764276
0 0.07417179681790077 0.7450438452549076 0.01953125 0.029282576866764276
0 0.07552109686849953 0.7652734682682768 0.01953125 0.029282576866764276
0 0.08833944734918765 0.7708366145969535 0.01953125 0.029282576866764276
0 0.11026557317141729 0.7662849494189454 0.01953125 0.029282576866764276
0 0.10183244785517513 0.7723538363229562 0.01953125 0.029282576866764276
0 0.1281437988418507 0.7384692177755627 0.01953125 0.029282576866764276
0 0.1328663490189463 0.7187453353375276 0.01953125 0.029282576866764276
0 0.12173462360150665 0.7556643973369265 0.01953125 0.029282576866764276
0 0.11431347332321355 0.8026982708430099 0.01953125 0.029282576866764276
0 0.11026557317141729 0.800675308541673 0.01953125 0.029282576866764276
0 0.09542327261483105 0.78954901588432 0.01953125 0.029282576866764276
0 0.09373664755158263 0.7981466056650018 0.01953125 0.029282576866764276
0 0.09710989767807951 0.8092728983223549 0.01953125 0.029282576866764276
0 0.06708797155225735 0.8067441954456838 0.01953125 0.029282576866764276
0 0.15715374992972378 0.7283544062688779 0.01953125 0.029282576866764276
0 0.16794815033451377 0.7243084816662042 0.01953125 0.029282576866764276
0 0.15681642491707412 0.7005386746254952 0.01953125 0.029282576866764276
0 0.14872062461348162 0.6990214528994927 0.01953125 0.029282576866764276
0 0.13320367403159603 0.6944697877214845 0.01953125 0.029282576866764276
0 0.11532544836116261 0.6803090516121261 0.01953125 0.029282576866764276
0 0.13455297408219477 0.7986523462403361 0.01953125 0.029282576866764276
0 0.15006992466408037 0.7844916101309777 0.01953125 0.029282576866764276
0 0.1598523500309213 0.7834801289803093 0.01953125 0.029282576866764276
0 0.16929745038511254 0.7865145724323146 0.01953125 0.029282576866764276
0 0.14028749929723947 0.7723538363229562 0.01953125 0.029282576866764276
0 0.16862280035981317 0.7025616369268323 0.01953125 0.029282576866764276
0 0.177393250688705 0.6767688675847865 0.01953125 0.029282576866764276
0 0.18818765109349497 0.6848607167901342 0.01953125 0.029282576866764276
0 0.19392217630853967 0.704078858652835 0.01953125 0.029282576866764276
0 0.20606587676392843 0.7131821890088511 0.01953125 0.029282576866764276
0 0.2013433265868328 0.758698840788932 0.01953125 0.029282576866764276
0 0.1922355512452913 0.7566758784875949 0.01953125 0.029282576866764276
0 0.17233337549895972 0.7581931002135975 0.01953125 0.029282576866764276
0 0.17705592567605535 0.7875260535829829 0.01953125 0.029282576866764276
0 0.18683835104289626 0.7900547564596541 0.01953125 0.029282576866764276
0 0.19527147635913844 0.7996638273910046 0.01953125 0.029282576866764276
0 0.18413975094169874 0.8092728983223549 0.01953125 0.029282576866764276
0 0.2202335272952153 0.8087671577470207 0.01953125 0.029282576866764276
0 0.1362395991454432 0.8143303040756972 0.01953125 0.029282576866764276
0 0.2357504778771009 0.7672964305696137 0.01953125 0.029282576866764276
0 0.24958080339573804 0.776905501500964 0.01953125 0.029282576866764276
0 0.26745902906617147 0.800675308541673 0.01953125 0.029282576866764276
0 0.29410770506549677 0.7657792088436111 0.01953125 0.029282576866764276
0 0.21517365210547001 0.6717114618314441 0.01953125 0.029282576866764276
0 0.20943912689042532 0.6610909097494254 0.01953125 0.029282576866764276
0 0.22428142744701152 0.6661483155027675 0.01953125 0.029282576866764276
0 0.21989620228256562 0.695481268872153 0.01953125 0.029282576866764276
0 0.2337265278012028 0.6969984905981558 0.01953125 0.029282576866764276
0 0.24721952830719027 0.7177338541868592 0.01953125 0.029282576866764276
0 0.2826386546354074 0.725825703392207 0.01953125 0.029282576866764276
0 0.28365062967335647 0.7121707078581826 0.01953125 0.029282576866764276
0 0.2947823550907961 0.7207682976388645 0.01953125 0.029282576866764276
0 0.2954570051160955 0.7425151423782365 0.01953125 0.029282576866764276
0 0.29275840501489797 0.7354347743235573 0.01953125 0.029282576866764276
0 0.3005168803058408 0.7531356944602553 0.01953125 0.029282576866764276
0 0.30996198066003205 0.7495955104329157 0.01953125 0.029282576866764276
0 0.23946105301624745 0.7308831091455491 0.01953125 0.029282576866764276
0 0.24249697813009463 0.6661483155027675 0.01953125 0.029282576866764276
0 0.24249697813009463 0.6464244330647327 0.01953125 0.029282576866764276
0 0.26745902906617147 0.675757386434118 0.01953125 0.029282576866764276
0 0.25767660369933054 0.6722172024067784 0.01953125 0.029282576866764276
0 0.2637484539270249 0.6555277634207488 0.01953125 0.029282576866764276
0 0.27960272952156023 0.6545162822700803 0.01953125 0.029282576866764276
0 0.29309573002754774 0.647435914215401 0.01953125 0.029282576866764276
0 0.3028781553943886 0.6494588765167381 0.01953125 0.029282576866764276
0 0.29950490526789175 0.6752516458587837 0.01953125 0.029282576866764276
0 0.28230132962275767 0.6858721979408027 0.01953125 0.029282576866764276
0 0.2900598049137005 0.6782860893107892 0.01953125 0.029282576866764276
0 0.2661097290155728 0.5963561161066439 0.01953125 0.029282576866764276
0 0.24924347838308838 0.5948388943806411 0.01953125 0.029282576866764276
0 0.25227940349693556 0.5756207525179403 0.01953125 0.029282576866764276
0 0.22326945240906243 0.5655059410112558 0.01953125 0.029282576866764276
0 0.2168602771687184 0.5584255729565765 0.01953125 0.029282576866764276
0 0.21787225220666745 0.5776437148192773 0.01953125 0.029282576866764276
0 0.24317162815539403 0.7440323641042391 0.01953125 0.029282576866764276
0 0.2799400545342099 0.638332583859385 0.01953125 0.029282576866764276
0 0.27116960420531805 0.638332583859385 0.01953125 0.029282576866764276
0 0.2630738039017255 0.6287235129280345 0.01953125 0.029282576866764276
0 0.21146307696632344 0.5781494553946115 0.01953125 0.029282576866764276
0 0.2779161044583118 0.620631663722687 0.01953125 0.029282576866764276
0 0.29781828020464335 0.5852298234492908 0.01953125 0.029282576866764276
0 0.3059140805082358 0.5811838988466169 0.01953125 0.029282576866764276
0 0.2903971299263502 0.5735977902166034 0.01953125 0.029282576866764276
0 0.2772414544330124 0.5751150119426062 0.01953125 0.029282576866764276
0 0.2772414544330124 0.5644944598605872 0.01953125 0.029282576866764276
0 0.27825342947096143 0.5488165020252261 0.01953125 0.029282576866764276
0 0.3072633805588345 0.544264836847218 0.01953125 0.029282576866764276
0 0.29309573002754774 0.515437624053167 0.01953125 0.029282576866764276
0 0.26847100410412056 0.5225179921078461 0.01953125 0.029282576866764276
0 0.2489061533704387 0.5417361339705469 0.01953125 0.029282576866764276
0 0.2489061533704387 0.5417361339705469 0.01953125 0.029282576866764276
0 0.01714278686681297 0.8723060856543765 0.01953125 0.029282576866764276
0 0.04422717434081077 0.8460602570469273 0.01953125 0.029282576866764276
0 0.05677847585315122 0.8297185147064398 0.01953125 0.029282576866764276
0 0.05578758362849276 0.8188240198127816 0.01953125 0.029282576866764276
0 0.07098126440658908 0.8728012899677247 0.01953125 0.029282576866764276
0 0.04620895879012767 0.8668588382075475 0.01953125 0.029282576866764276
0 0.08287197110249055 0.8832005805480349 0.01953125 0.029282576866764276
0 0.08055988924495418 0.8643828166408069 0.01953125 0.029282576866764276
0 0.0640450188339799 0.8599259778206741 0.01953125 0.029282576866764276
0 0.06536620846685783 0.8391273966600539 0.01953125 0.029282576866764276
0 0.0841931607353685 0.8128815680526045 0.01953125 0.029282576866764276
0 0.08551435036824645 0.7549426633908767 0.01953125 0.029282576866764276
0 0.12713182380390162 0.7886165566985474 0.01953125 0.029282576866764276
0 0.10434130263675709 0.8336801492132248 0.01953125 0.029282576866764276
0 0.1092957637600494 0.8455650527335791 0.01953125 0.029282576866764276
0 0.11391992747512218 0.8802293546679463 0.01953125 0.029282576866764276
0 0.13241658233541337 0.8901334409349082 0.01953125 0.029282576866764276
0 0.14893145274638764 0.8871622150548195 0.01953125 0.029282576866764276
0 0.13836193568336408 0.8678492468342437 0.01953125 0.029282576866764276
0 0.1433163968066564 0.8529931174338007 0.01953125 0.029282576866764276
0 0.09641416483948946 0.8371465794066614 0.01953125 0.029282576866764276
0 0.18163089616011668 0.8163479982460412 0.01953125 0.029282576866764276
0 0.17139167650531265 0.8138719766793007 0.01953125 0.029282576866764276
0 0.15652829313543581 0.8574499562539336 0.01953125 0.029282576866764276
0 0.1452981812559733 0.834670557839921 0.01953125 0.029282576866764276
0 0.1314256901107549 0.8361561707799652 0.01953125 0.029282576866764276
0 0.17931881430258031 0.8624019993874146 0.01953125 0.029282576866764276
0 0.18295208579299466 0.869334859774288 0.01953125 0.029282576866764276
0 0.17205227132175163 0.8529931174338007 0.01953125 0.029282576866764276
0 0.18394297801765305 0.8321945362731803 0.01953125 0.029282576866764276
0 0.19153981840670123 0.8213000413795222 0.01953125 0.029282576866764276
0 0.23811175296564874 0.8331849448998765 0.01953125 0.029282576866764276
0 0.24174502445606308 0.8747821072211172 0.01953125 0.029282576866764276
0 0.2823716056670597 0.8658684295808513 0.01953125 0.029282576866764276
0 0.2830322004834987 0.8767629244745094 0.01953125 0.029282576866764276
0 0.28732606679035205 0.884190989174731 0.01953125 0.029282576866764276
0 0.2863351745656936 0.9134080436622689 0.01953125 0.029282576866764276
0 0.3031803423848873 0.8832005805480349 0.01953125 0.029282576866764276
0 0.21532123179850424 0.8965710970084336 0.01953125 0.029282576866764276
0 0.2698203041547193 0.7381057167370412 0.01953125 0.029282576866764276
0 0.24504799853825793 0.7153263183230285 0.01953125 0.029282576866764276
0 0.1928610080395792 0.8718108813410287 0.01953125 0.029282576866764276
0 0.22027569292179647 0.8312041276464842 0.01953125 0.029282576866764276
0 0.21036677067521192 0.8242712672596109 0.01953125 0.029282576866764276
0 0.2836927952999377 0.8420986225401423 0.01953125 0.029282576866764276
0 0.21044173178913464 0.35064170637177455 0.01953125 0.029282576866764276
0 0.2111655750454454 0.32531955673177587 0.01953125 0.029282576866764276
0 0.24180827289593543 0.3589618412534884 0.01953125 0.029282576866764276
0 0.2538723271677819 0.34413029646434634 0.01953125 0.029282576866764276
0 0.2422908350668093 0.34195982649520357 0.01953125 0.029282576866764276
0 0.24856414328816948 0.3365336515723467 0.01953125 0.029282576866764276
0 0.24735773786098478 0.32278734176777596 0.01953125 0.029282576866764276
0 0.253389764996908 0.31519069687577644 0.01953125 0.029282576866764276
0 0.24687517569011097 0.3047000920249198 0.01953125 0.029282576866764276
0 0.23843033769981842 0.308317541973491 0.01953125 0.029282576866764276
0 0.26135204081632674 0.308317541973491 0.01953125 0.029282576866764276
0 0.27003815989205615 0.3274900267009186 0.01953125 0.029282576866764276
0 0.2635235705852591 0.33689539656720385 0.01953125 0.029282576866764276
0 0.2560438569367142 0.32857526168548995 0.01953125 0.029282576866764276
0 0.2632822894998222 0.3184464018294905 0.01953125 0.029282576866764276
0 0.21092429396000845 0.3292987516752042 0.01953125 0.029282576866764276
0 0.1940346179794234 0.34919472639234606 0.01953125 0.029282576866764276
0 0.2048922668240852 0.37849607097577315 0.01953125 0.029282576866764276
0 0.20923532636194994 0.35932358624834554 0.01953125 0.029282576866764276
0 0.2032032992260267 0.3571531162792028 0.01953125 0.029282576866764276
0 0.1916218071250541 0.357876606268917 0.01953125 0.029282576866764276
0 0.20923532636194994 0.3889866758266297 0.01953125 0.029282576866764276
0 0.1991015207735989 0.40888265054377154 0.01953125 0.029282576866764276
0 0.23143318622214748 0.3542591563203458 0.01953125 0.029282576866764276
0 0.2333634349056429 0.33255445662891836 0.01953125 0.029282576866764276
0 0.22636628342797194 0.3238725767523473 0.01953125 0.029282576866764276
0 0.21816272652311633 0.39622157572377215 0.01953125 0.029282576866764276
0 0.22781396994059355 0.40635043557977163 0.01953125 0.029282576866764276
0 0.26135204081632674 0.39007191081120113 0.01953125 0.029282576866764276
0 0.2719684085755516 0.3821135209243443 0.01953125 0.029282576866764276
0 0.27944812222409643 0.36438801617634525 0.01953125 0.029282576866764276
0 0.27462250051535786 0.3560678812946314 0.01953125 0.029282576866764276
0 0.280895808736718 0.3459390214386319 0.01953125 0.029282576866764276
0 0.291029614325069 0.3571531162792028 0.01953125 0.029282576866764276
0 0.3134687552707035 0.32495781173691873 0.01953125 0.029282576866764276
0 0.32046590674837444 0.31338197190149075 0.01953125 0.029282576866764276
0 0.3141925985270142 0.31084975693749084 0.01953125 0.029282576866764276
0 0.3334950853619686 0.3137437168963479 0.01953125 0.029282576866764276
0 0.3400096746687657 0.30397660203520555 0.01953125 0.029282576866764276
0 0.3486957937444951 0.3032531120454913 0.01953125 0.029282576866764276
0 0.26979687880661923 0.3394276115312037 0.01953125 0.029282576866764276
0 0.21743888326680558 0.3047000920249198 0.01953125 0.029282576866764276
0 0.21068301287457153 0.2996356620969201 0.01953125 0.029282576866764276
0 0.30188726316973086 0.37560211101691615 0.01953125 0.029282576866764276
0 0.2717271274901147 0.3680054661249165 0.01953125 0.029282576866764276
0 0.2690730355503085 0.3734316410477734 0.01953125 0.029282576866764276
0 0.23987802421244 0.4258846653020564 0.01953125 0.029282576866764276
0 0.23456984033282754 0.39875379068777206 0.01953125 0.029282576866764276
0 0.2635235705852591 0.41069137551805707 0.01953125 0.029282576866764276
0 0.2562851380221512 0.39875379068777206 0.01953125 0.029282576866764276
0 0.2504943919716649 0.4070739255694859 0.01953125 0.029282576866764276
0 0.2599043543037052 0.4602504398134832 0.01953125 0.029282576866764276
0 0.25797410562020967 0.47218802464376824 0.01953125 0.029282576866764276
0 0.2688317544648715 0.47435849461291096 0.01953125 0.029282576866764276
0 0.2813783709075918 0.45699473485976905 0.01953125 0.029282576866764276
0 0.22950293753865206 0.4779759445614822 0.01953125 0.029282576866764276
0 0.2302267807949628 0.49606319430433843 0.01953125 0.029282576866764276
0 0.28210221416390263 0.5040215841911951 0.01953125 0.029282576866764276
0 0.291029614325069 0.4909987643763387 0.01953125 0.029282576866764276
0 0.2825847763347765 0.4808699045203391 0.01953125 0.029282576866764276
0 0.2992331712299246 0.4754437295974823 0.01953125 0.029282576866764276
0 0.2968203603755553 0.4627826547774831 0.01953125 0.029282576866764276
0 0.27727659245516406 0.4056269455900574 0.01953125 0.029282576866764276
0 0.28934064672701054 0.41213835549748556 0.01953125 0.029282576866764276
0 0.2939249873503122 0.3687289561146308 0.01953125 0.029282576866764276
0 0.30623032270759565 0.39730681070834356 0.01953125 0.029282576866764276
0 0.2905470521541952 0.3278517716957758 0.01953125 0.029282576866764276
0 0.280895808736718 0.31663767685520494 0.01953125 0.029282576866764276
0 0.27341609508817316 0.31663767685520494 0.01953125 0.029282576866764276
0 0.2825847763347765 0.3014443870712057 0.01953125 0.029282576866764276
0 0.2565264191075881 0.3007208970814914 0.01953125 0.029282576866764276
0 0.2874103980435151 0.3047000920249198 0.01953125 0.029282576866764276
0 0.287651679128952 0.31482895188091925 0.01953125 0.029282576866764276
0 0.30236982534060475 0.3021678770609199 0.01953125 0.029282576866764276
0 0.29513139277749684 0.30506183701977696 0.01953125 0.029282576866764276
0 0.30840185247652796 0.3021678770609199 0.01953125 0.029282576866764276
0 0.3168466904668205 0.3032531120454913 0.01953125 0.029282576866764276
0 0.31708797155225743 0.3538974113254887 0.01953125 0.029282576866764276
0 0.29850932797361385 0.3387041215414895 0.01953125 0.029282576866764276
0 0.3441114531211935 0.3209786167934904 0.01953125 0.029282576866764276
0 0.3499021991716798 0.31482895188091925 0.01953125 0.029282576866764276
0 0.2027207370551529 0.2925816346972061 0.01953125 0.029282576866764276
0 0.23650008901632302 0.29041116472806344 0.01953125 0.029282576866764276
0 0.2215406617192334 0.2911346547177776 0.01953125 0.029282576866764276
0 0.28234349524933966 0.2549601552320652 0.01953125 0.029282576866764276
0 0.29971573340079855 0.2549601552320652 0.01953125 0.029282576866764276
0 0.30647160379303257 0.2650890150880647 0.01953125 0.029282576866764276
0 0.29923317122992465 0.2658125050777789 0.01953125 0.029282576866764276
0 0.32915202582410397 0.2527896852629225 0.01953125 0.029282576866764276
0 0.32529152845711307 0.2549601552320652 0.01953125 0.029282576866764276
0 0.2799306843949704 0.4343856726811988 0.01953125 0.029282576866764276
0 0.2562851380221512 0.41412795296919985 0.01953125 0.029282576866764276
0 0.2239534725736027 0.362036673709774 0.01953125 0.029282576866764276
0 0.2191278508648641 0.38229439342177296 0.01953125 0.029282576866764276
0 0.9505140692640689 0.9829210321157611 0.01953125 0.029282576866764276
0 0.9699945887445882 0.9683177730029849 0.01953125 0.029282576866764276
0 0.9559253246753242 0.9261305800105212 0.01953125 0.029282576866764276
0 0.9418560606060602 0.953714513890209 0.01953125 0.029282576866764276
0 0.9580898268398264 0.8742078809428734 0.01953125 0.029282576866764276
0 0.9851461038961035 0.8871885557097854 0.01953125 0.029282576866764276
0 0.9883928571428567 0.8482465314090495 0.01953125 0.029282576866764276
0 0.9948863636363632 0.8417561940255937 0.01953125 0.029282576866764276
0 0.9764880952380948 0.8368884409880015 0.01953125 0.029282576866764276
0 0.9505140692640689 0.8482465314090495 0.01953125 0.029282576866764276
0 0.9624188311688308 0.8255303505669537 0.01953125 0.029282576866764276
0 0.9894751082251079 0.7963238323414016 0.01953125 0.029282576866764276
0 0.979734848484848 0.7930786636496737 0.01953125 0.029282576866764276
0 0.9948863636363632 0.7525140550030739 0.01953125 0.029282576866764276
0 0.9526785714285709 0.7736076514993059 0.01953125 0.029282576866764276
0 0.9548430735930733 0.8044367540707216 0.01953125 0.029282576866764276
0 0.9505140692640689 0.8239077662210895 0.01953125 0.029282576866764276
0 0.9267045454545451 0.9715629416947131 0.01953125 0.029282576866764276
0 0.8985660173160169 0.948846760852617 0.01953125 0.029282576866764276
0 0.9256222943722939 0.9504693451984811 0.01953125 0.029282576866764276
0 0.9288690476190472 0.8725852965970093 0.01953125 0.029282576866764276
0 0.9353625541125538 0.8385110253338655 0.01953125 0.029282576866764276
0 0.9018127705627702 0.8806982183263293 0.01953125 0.029282576866764276
0 0.9061417748917745 0.8612272061759614 0.01953125 0.029282576866764276
0 0.8790854978354976 0.953714513890209 0.01953125 0.029282576866764276
0 0.8823322510822508 0.9082821522060173 0.01953125 0.029282576866764276
0 0.9050595238095235 0.9034143991684254 0.01953125 0.029282576866764276
0 0.9147997835497832 0.8174174288376338 0.01953125 0.029282576866764276
0 0.9256222943722939 0.8109270914541777 0.01953125 0.029282576866764276
0 0.9267045454545451 0.7508914706572098 0.01953125 0.029282576866764276
0 0.9580898268398264 0.7525140550030739 0.01953125 0.029282576866764276
0 0.9548430735930733 0.7135720307023381 0.01953125 0.029282576866764276
0 0.9829816017316013 0.6827429281309221 0.01953125 0.029282576866764276
0 0.9829816017316013 0.6567815785970983 0.01953125 0.029282576866764276
0 0.99163961038961 0.72655270546925 0.01953125 0.029282576866764276
0 0.9818993506493502 0.6016137108377225 0.01953125 0.029282576866764276
0 0.993804112554112 0.5464458430783466 0.01953125 0.029282576866764276
0 0.9894751082251079 0.5237296622362508 0.01953125 0.029282576866764276
0 0.9894751082251079 0.5123715718152029 0.01953125 0.029282576866764276
0 0.993804112554112 0.476674716206195 0.01953125 0.029282576866764276
0 0.9883928571428567 0.46369404143928306 0.01953125 0.029282576866764276
0 0.9883928571428567 0.4377326919054592 0.01953125 0.029282576866764276
0 0.9754058441558439 0.43611010755959523 0.01953125 0.029282576866764276
0 0.99163961038961 0.34524538419121165 0.01953125 0.029282576866764276
0 0.9959686147186144 0.27060650428146793 0.01953125 0.029282576866764276
0 0.9981331168831165 0.2933226851235639 0.01953125 0.029282576866764276
0 0.9894751082251079 0.25762582951455604 0.01953125 0.029282576866764276
0 0.979734848484848 0.25438066082282795 0.01953125 0.029282576866764276
0 0.9927218614718611 0.22679672694314013 0.01953125 0.029282576866764276
0 0.9873106060606058 0.21219346783036416 0.01953125 0.029282576866764276
0 0.9948863636363632 0.12944166619130054 0.01953125 0.029282576866764276
0 0.9288690476190472 0.18947728698826832 0.01953125 0.029282576866764276
0 0.9364448051948049 0.2770968416649239 0.01953125 0.029282576866764276
0 0.9537608225108222 0.22030638955968415 0.01953125 0.029282576866764276
0 0.9526785714285709 0.23490964867246003 0.01953125 0.029282576866764276
0 0.9710768398268395 0.2738516729731959 0.01953125 0.029282576866764276
0 0.9667478354978353 0.2884549320859719 0.01953125 0.029282576866764276
0 0.9699945887445882 0.30792594423633973 0.01953125 0.029282576866764276
0 0.963501082251082 0.2998130225070198 0.01953125 0.029282576866764276
0 0.9829816017316013 0.30468077554461176 0.01953125 0.029282576866764276
0 0.2566892252768876 0.27907502485281954 0.01953125 0.029282576866764276
0 0.2732919407432394 0.26801194976738324 0.01953125 0.029282576866764276
0 0.25036438128970595 0.2802603543262592 0.01953125 0.029282576866764276
0 0.3217824113116321 0.2861870016934572 0.01953125 0.029282576866764276
0 0.3154575673244504 0.2846065623955377 0.01953125 0.029282576866764276
0 0.30834211783887105 0.28737233116689676 0.01953125 0.029282576866764276
0 0.3526160257491427 0.2668266202939436 0.01953125 0.029282576866764276
0 0.38529438634958113 0.2529977764371482 0.01953125 0.029282576866764276
0 0.3934639764996908 0.24825645854338974 0.01953125 0.029282576866764276
0 0.4261423371001293 0.24825645854338974 0.01953125 0.029282576866764276
0 0.43483899758250405 0.24983689784130925 0.01953125 0.029282576866764276
0 0.4163915359532243 0.2620853024001852 0.01953125 0.029282576866764276
0 0.39847114465620953 0.26643151046946373 0.01953125 0.029282576866764276
0 0.37949661269466467 0.2830261230976182 0.01953125 0.029282576866764276
0 0.3773883313656041 0.2541831059105878 0.01953125 0.029282576866764276
0 0.371327022544555 0.2510222273147488 0.01953125 0.029282576866764276
0 0.375016514870411 0.265641290820504 0.01953125 0.029282576866764276
0 0.3660563192219036 0.26643151046946373 0.01953125 0.029282576866764276
0 0.3679010653848316 0.2861870016934572 0.01953125 0.029282576866764276
0 0.37580712036880864 0.2751239266080208 0.01953125 0.029282576866764276
0 0.3789695423623995 0.30278161432161166 0.01953125 0.029282576866764276
0 0.38424024568505083 0.3012011750236922 0.01953125 0.029282576866764276
0 0.3850308511834486 0.29013809993825584 0.01953125 0.029282576866764276
0 0.39188276550289536 0.30041095537473245 0.01953125 0.029282576866764276
0 0.39847114465620953 0.3122642501091285 0.01953125 0.029282576866764276
0 0.35129834991847975 0.28184079362417863 0.01953125 0.029282576866764276
0 0.34497350593129816 0.2648510711715442 0.01953125 0.029282576866764276
0 0.35129834991847975 0.3371561690513602 0.01953125 0.029282576866764276
0 0.3494536037555518 0.3304393020352025 0.01953125 0.029282576866764276
0 0.354197236745938 0.32372243501904474 0.01953125 0.029282576866764276
0 0.3644751082251082 0.31858600730080644 0.01953125 0.029282576866764276
0 0.36157622139765 0.28895277046481627 0.01953125 0.029282576866764276
0 0.3610491510653849 0.2695923890653027 0.01953125 0.029282576866764276
0 0.38107782369146004 0.3146349090560077 0.01953125 0.029282576866764276
0 0.3916192303367628 0.31305446975808826 0.01953125 0.029282576866764276
0 0.39583579299488386 0.3513801227326355 0.01953125 0.029282576866764276
0 0.3692187412154945 0.34268770659407843 0.01953125 0.029282576866764276
0 0.36157622139765 0.34347792624303813 0.01953125 0.029282576866764276
0 0.3692187412154945 0.3292539725617629 0.01953125 0.029282576866764276
0 0.3410204784393096 0.3403170476471992 0.01953125 0.029282576866764276
0 0.33285088828919995 0.35335567185503486 0.01953125 0.029282576866764276
0 0.3262625091358857 0.3545410013284745 0.01953125 0.029282576866764276
0 0.3283707904649463 0.37153072378110885 0.01953125 0.029282576866764276
0 0.3346956344521279 0.3754818220259075 0.01953125 0.029282576866764276
0 0.33601331028279086 0.39010088553166267 0.01953125 0.029282576866764276
0 0.35340663124754035 0.3782475907972666 0.01953125 0.029282576866764276
0 0.3660563192219036 0.3580969897487933 0.01953125 0.029282576866764276
0 0.3744894445381458 0.371135613956629 0.01953125 0.029282576866764276
0 0.3729082335413504 0.3616529781691121 0.01953125 0.029282576866764276
0 0.3805507533591949 0.356121440626394 0.01953125 0.029282576866764276
0 0.36157622139765 0.27828480520385984 0.01953125 0.029282576866764276
0 0.4474886855568674 0.26366574169810464 0.01953125 0.029282576866764276
0 0.44511686906167425 0.28658211151793705 0.01953125 0.029282576866764276
0 0.453813529544049 0.27907502485281954 0.01953125 0.029282576866764276
0 0.4625101900264238 0.2723581578366618 0.01953125 0.029282576866764276
0 0.4688350340136055 0.26248041222466506 0.01953125 0.029282576866764276
0 0.46514554168774946 0.24707112906995013 0.01953125 0.029282576866764276
0 0.4725245263394614 0.24707112906995013 0.01953125 0.029282576866764276
0 0.48201179232023394 0.24588579959651055 0.01953125 0.029282576866764276
0 0.47779522966211274 0.2648510711715442 0.01953125 0.029282576866764276
0 0.47884937032664315 0.28223590344865845 0.01953125 0.029282576866764276
0 0.4680444285152077 0.27828480520385984 0.01953125 0.029282576866764276
0 0.4722609911733288 0.29448430800753445 0.01953125 0.029282576866764276
0 0.46119251419576096 0.2913234294116955 0.01953125 0.029282576866764276
0 0.45170524821498853 0.30001584555025257 0.01953125 0.029282576866764276
0 0.4625101900264238 0.31305446975808826 0.01953125 0.029282576866764276
0 0.47832229999437786 0.3075229322153701 0.01953125 0.029282576866764276
0 0.44274505256648117 0.3043620536195311 0.01953125 0.029282576866764276
0 0.4261423371001293 0.27038260871426245 0.01953125 0.029282576866764276
0 0.4332577865857087 0.29013809993825584 0.01953125 0.029282576866764276
0 0.4282506184291898 0.28500167222001754 0.01953125 0.029282576866764276
0 0.42034456344521276 0.27472881678354094 0.01953125 0.029282576866764276
0 0.4090125513015123 0.2802603543262592 0.01953125 0.029282576866764276
0 0.40637719964018665 0.26248041222466506 0.01953125 0.029282576866764276
0 0.411647902962838 0.28895277046481627 0.01953125 0.029282576866764276
0 0.42087163377747794 0.304757163444011 0.01953125 0.029282576866764276
0 0.4169186062854894 0.29725007677889353 0.01953125 0.029282576866764276
0 0.40057942598527013 0.2996207357257727 0.01953125 0.029282576866764276
0 0.40295124248046327 0.3659991862383907 0.01953125 0.029282576866764276
0 0.42113516894361047 0.3656040764139108 0.01953125 0.029282576866764276
0 0.43800141957609495 0.35335567185503486 0.01953125 0.029282576866764276
0 0.45328645921178384 0.34347792624303813 0.01953125 0.029282576866764276
0 0.4445897987294091 0.34347792624303813 0.01953125 0.029282576866764276
0 0.4461710097262046 0.32293221537008493 0.01953125 0.029282576866764276
0 0.46593614718614723 0.35335567185503486 0.01953125 0.029282576866764276
0 0.48385653848316185 0.33320507080656153 0.01953125 0.029282576866764276
0 0.48306593298476413 0.3177957876518467 0.01953125 0.029282576866764276
0 0.4627737251925564 0.2612950827512254 0.01953125 0.029282576866764276
0 0.4424815174003485 0.2616901925757053 0.01953125 0.029282576866764276
0 0.4601383735312307 0.39128621500510224 0.01953125 0.029282576866764276
0 0.47015270984426827 0.39958352131917957 0.01953125 0.029282576866764276
0 0.46040190869736325 0.377062261323827 0.01953125 0.029282576866764276
0 0.45434059987631414 0.3683698451852699 0.01953125 0.029282576866764276
0 0.4472251503907348 0.34979968343471607 0.01953125 0.029282576866764276
0 0.4833294681508967 0.3462436950143973 0.01953125 0.029282576866764276
0 0.47779522966211274 0.3359708395779207 0.01953125 0.029282576866764276
0 0.43167657558891326 0.38931066588270297 0.01953125 0.029282576866764276
0 0.42245284477427336 0.38931066588270297 0.01953125 0.029282576866764276
0 0.41138436779670545 0.39010088553166267 0.01953125 0.029282576866764276
0 0.40927608646764485 0.41894390271869314 0.01953125 0.029282576866764276
0 0.3808142885253275 0.3948422034254211 0.01953125 0.029282576866764276
0 0.3823954995221229 0.3727160532545485 0.01953125 0.029282576866764276
0 0.37079995221228984 0.4106465964046158 0.01953125 0.029282576866764276
0 0.35735965873952885 0.39563242307438085 0.01953125 0.029282576866764276
0 0.3420746191038399 0.35691166027535376 0.01953125 0.029282576866764276
0 0.336540380615056 0.4007688507926191 0.01953125 0.029282576866764276
0 0.3447099707651656 0.41696835359629375 0.01953125 0.029282576866764276
0 0.3410204784393096 0.4260558795593307 0.01953125 0.029282576866764276
0 0.3433922949345027 0.43277274657548853 0.01953125 0.029282576866764276
0 0.35709612357339626 0.4106465964046158 0.01953125 0.029282576866764276
0 0.3652657137235059 0.39958352131917957 0.01953125 0.029282576866764276
0 0.3860849918479789 0.41420258482493466 0.01953125 0.029282576866764276
0 0.3937275116658233 0.4209194518410925 0.01953125 0.029282576866764276
0 0.38160489402372516 0.4315874171020489 0.01953125 0.029282576866764276
0 0.3752800500365436 0.4244754402614112 0.01953125 0.029282576866764276
0 0.3647386433912408 0.42645098938381065 0.01953125 0.029282576866764276
0 0.4435356580648789 0.42724120903277035 0.01953125 0.029282576866764276
0 0.45170524821498853 0.3845693479889445 0.01953125 0.029282576866764276
0 0.45196878338112106 0.3968177525478204 0.01953125 0.029282576866764276
0 0.4793764406589082 0.43079719745308914 0.01953125 0.029282576866764276
0 0.4796399758250408 0.40946126693117624 0.01953125 0.029282576866764276
0 0.4345754624163715 0.43079719745308914 0.01953125 0.029282576866764276
0 0.42561526676786415 0.4221047813145321 0.01953125 0.029282576866764276
0 0.31747566106332337 0.45148339181919084 0.01953125 0.029282576866764276
0 0.312728514270722 0.4545336396641753 0.01953125 0.029282576866764276
0 0.32357913551095363 0.44572181255644217 0.01953125 0.029282576866764276
0 0.35093174322070425 0.494864694503416 0.01953125 0.029282576866764276
0 0.34392405033638795 0.4704627117435393 0.01953125 0.029282576866764276
0 0.3699203303911096 0.4609730517813651 0.01953125 0.029282576866764276
0 0.37489353179288243 0.4528390575280728 0.01953125 0.029282576866764276
0 0.3864223168606285 0.45622822180027794 0.01953125 0.029282576866764276
0 0.371954821873653 0.47995237170571364 0.01953125 0.029282576866764276
0 0.3369163574520717 0.5219780086810568 0.01953125 0.029282576866764276
0 0.3294565553494125 0.5168942622727491 0.01953125 0.029282576866764276
0 0.3231270262926107 0.514860763709426 0.01953125 0.029282576866764276
0 0.3364642482337287 0.49011986452232886 0.01953125 0.029282576866764276
0 0.3294565553494125 0.5833218820079691 0.01953125 0.029282576866764276
0 0.3210925348100672 0.5541750692670052 0.01953125 0.029282576866764276
0 0.3296826099585839 0.5450243257320514 0.01953125 0.029282576866764276
0 0.3396290127621296 0.5331622507793337 0.01953125 0.029282576866764276
0 0.35093174322070425 0.532145501497672 0.01953125 0.029282576866764276
0 0.34098534041715856 0.5518026542764617 0.01953125 0.029282576866764276
0 0.3534183439215907 0.5575642335392104 0.01953125 0.029282576866764276
0 0.344376159554731 0.564681478510841 0.01953125 0.029282576866764276
0 0.3459585418189314 0.6202637725750046 0.01953125 0.029282576866764276
0 0.36313869211596483 0.6182302740116815 0.01953125 0.029282576866764276
0 0.3559049446224771 0.6216194382838867 0.01953125 0.029282576866764276
0 0.36313869211596483 0.597895288378451 0.01953125 0.029282576866764276
0 0.36494712898933673 0.5873888791346152 0.01953125 0.029282576866764276
0 0.32425729933846814 0.6229751039927686 0.01953125 0.029282576866764276
0 0.31951015254586684 0.614502193312256 0.01953125 0.029282576866764276
0 0.3699203303911096 0.5185888444088516 0.01953125 0.029282576866764276
0 0.3592957637600494 0.5158775129910876 0.01953125 0.029282576866764276
0 0.35206201626656164 0.4748686252974059 0.01953125 0.029282576866764276
0 0.37986673319465525 0.4796134552784931 0.01953125 0.029282576866764276
0 0.39614266505500273 0.4609730517813651 0.01953125 0.029282576866764276
0 0.4078975047319203 0.4860528673956827 0.01953125 0.029282576866764276
0 0.4029243033301475 0.4663957146168932 0.01953125 0.029282576866764276
0 0.42033050823635243 0.4426715647114575 0.01953125 0.029282576866764276
0 0.431181129476584 0.4565671382274984 0.01953125 0.029282576866764276
0 0.42417343659226775 0.47181837745242133 0.01953125 0.029282576866764276
0 0.43050296564906954 0.4752075417246265 0.01953125 0.029282576866764276
0 0.4343458940049849 0.5006262737661646 0.01953125 0.029282576866764276
0 0.42304316354641025 0.5040154380383698 0.01953125 0.029282576866764276
0 0.40382852176683337 0.48368045240513924 0.01953125 0.029282576866764276
0 0.388004699124829 0.5229947579627183 0.01953125 0.029282576866764276
0 0.3762498594479114 0.5277395879438055 0.01953125 0.029282576866764276
0 0.4126446515245217 0.5518026542764617 0.01953125 0.029282576866764276
0 0.40880172316860625 0.5562085678303282 0.01953125 0.029282576866764276
0 0.42892058338486905 0.5707819742008101 0.01953125 0.029282576866764276
0 0.4262079280748111 0.5534972364125642 0.01953125 0.029282576866764276
0 0.44587467907273104 0.5785770520268819 0.01953125 0.029282576866764276
0 0.458759791795506 0.5416351614598464 0.01953125 0.029282576866764276
0 0.4646372116339649 0.5006262737661646 0.01953125 0.029282576866764276
0 0.41490519761623657 0.5701041413463692 0.01953125 0.029282576866764276
0 0.43140718408575546 0.6002677033689946 0.01953125 0.029282576866764276
0 0.38483993459642807 0.6053514497773022 0.01953125 0.029282576866764276
0 0.3837096615505706 0.5778992191724409 0.01953125 0.029282576866764276
0 0.36743372969022314 0.5806105505902049 0.01953125 0.029282576866764276
0 0.4015679756751185 0.5802716341629846 0.01953125 0.029282576866764276
0 0.41377492457037907 0.5968785390967895 0.01953125 0.029282576866764276
0 0.3898131359982009 0.6294145161099584 0.01953125 0.029282576866764276
0 0.38235333389554166 0.6172135247300201 0.01953125 0.029282576866764276
0 0.4232692181555818 0.6253475189833122 0.01953125 0.029282576866764276
0 0.37308509491951053 0.6050125333500816 0.01953125 0.029282576866764276
0 0.3900391906073724 0.4789356224240521 0.01953125 0.029282576866764276
0 0.3753456410112254 0.4972371094939596 0.01953125 0.029282576866764276
0 0.49649802758568995 0.2476084784312427 0.01953125 0.029282576866764276
0 0.4914592352092352 0.246769089559681 0.01953125 0.029282576866764276
0 0.5135739350836753 0.24551000625233854 0.01953125 0.029282576866764276
0 0.5155334654522966 0.2543235894037361 0.01953125 0.029282576866764276
0 0.5373682324169337 0.24886756173858526 0.01953125 0.029282576866764276
0 0.5468859513502371 0.23207978430735168 0.01953125 0.029282576866764276
0 0.5592029993815709 0.23963428415140678 0.01953125 0.029282576866764276
0 0.5659213892168438 0.24551000625233854 0.01953125 0.029282576866764276
0 0.5829972967148292 0.23795550640828345 0.01953125 0.029282576866764276
0 0.5866364245422688 0.24844786730280438 0.01953125 0.029282576866764276
0 0.5622822613894043 0.26607503360559964 0.01953125 0.029282576866764276
0 0.553044475365904 0.26187808924779127 0.01953125 0.029282576866764276
0 0.546046152620828 0.2585205337615445 0.01953125 0.029282576866764276
0 0.5328893058600851 0.25768114488998284 0.01953125 0.029282576866764276
0 0.5071354781582055 0.2648159502982571 0.01953125 0.029282576866764276
0 0.5023766186915538 0.28118403329370983 0.01953125 0.029282576866764276
0 0.5065756123385994 0.30720508831212184 0.01953125 0.029282576866764276
0 0.525611050205206 0.293774866367135 0.01953125 0.029282576866764276
0 0.5337291045894943 0.29671272741760085 0.01953125 0.029282576866764276
0 0.5594829322913739 0.28118403329370983 0.01953125 0.029282576866764276
0 0.5594829322913739 0.29335517193135413 0.01953125 0.029282576866764276
0 0.5421270918835854 0.3130808104130536 0.01953125 0.029282576866764276
0 0.5337291045894943 0.3118217271057111 0.01953125 0.029282576866764276
0 0.5250511843856 0.32860950453694465 0.01953125 0.029282576866764276
0 0.5186127274601301 0.32693072679382124 0.01953125 0.029282576866764276
0 0.5121742705346601 0.3239928657433554 0.01953125 0.029282576866764276
0 0.5088150756170237 0.33406553220209556 0.01953125 0.029282576866764276
0 0.5032164174209629 0.32860950453694465 0.01953125 0.029282576866764276
0 0.4892197719308109 0.33448522663787633 0.01953125 0.029282576866764276
0 0.49453849721706866 0.35840780947738415 0.01953125 0.029282576866764276
0 0.4928588997582504 0.36638200375722013 0.01953125 0.029282576866764276
0 0.4990174237739173 0.3495942263259865 0.01953125 0.029282576866764276
0 0.5051759477895842 0.3735168091654943 0.01953125 0.029282576866764276
0 0.5191725932797361 0.43059525243168845 0.01953125 0.029282576866764276
0 0.5082552097974176 0.42597861363809925 0.01953125 0.029282576866764276
0 0.5166531970915088 0.38778641998204283 0.01953125 0.029282576866764276
0 0.5317695742208729 0.3974393920050022 0.01953125 0.029282576866764276
0 0.5398876286051612 0.4469633354271411 0.01953125 0.029282576866764276
0 0.5250511843856 0.48221766803273164 0.01953125 0.029282576866764276
0 0.5236515198365848 0.473404084881334 0.01953125 0.029282576866764276
0 0.5373682324169337 0.4843161402116357 0.01953125 0.029282576866764276
0 0.552484609546298 0.45871477962900464 0.01953125 0.029282576866764276
0 0.5580832677423587 0.436890668968401 0.01953125 0.029282576866764276
0 0.5516448108168888 0.4318543357390309 0.01953125 0.029282576866764276
0 0.5359685678679186 0.42052258597294834 0.01953125 0.029282576866764276
0 0.5440866222522067 0.3986984753123447 0.01953125 0.029282576866764276
0 0.5407274273345702 0.39156366990407043 0.01953125 0.029282576866764276
0 0.5202923249189483 0.3412003376103698 0.01953125 0.029282576866764276
0 0.5440866222522067 0.32651103235804046 0.01953125 0.029282576866764276
0 0.5340090374992973 0.3256716434864787 0.01953125 0.029282576866764276
0 0.5513648779070858 0.32944889340850625 0.01953125 0.029282576866764276
0 0.5648016575776317 0.32860950453694465 0.01953125 0.029282576866764276
0 0.5720799132325107 0.3080444771836835 0.01953125 0.029282576866764276
0 0.5779585043383745 0.31140203266993016 0.01953125 0.029282576866764276
0 0.5642417917580256 0.3084641716194644 0.01953125 0.029282576866764276
0 0.5712401145031016 0.2954536441102583 0.01953125 0.029282576866764276
0 0.5866364245422688 0.27404922788543556 0.01953125 0.029282576866764276
0 0.5961541434755722 0.2765673945001206 0.01953125 0.029282576866764276
0 0.6023126674912389 0.2543235894037361 0.01953125 0.029282576866764276
0 0.6042721978598603 0.23585703422937923 0.01953125 0.029282576866764276
0 0.6112705206049363 0.2476084784312427 0.01953125 0.029282576866764276
0 0.5978337409343903 0.24383122850921515 0.01953125 0.029282576866764276
0 0.6185487762598153 0.2471887839954619 0.01953125 0.029282576866764276
0 0.6322654888401643 0.24551000625233854 0.01953125 0.029282576866764276
0 0.644862469781301 0.246769089559681 0.01953125 0.029282576866764276
0 0.6345049521185886 0.23375856205047504 0.01953125 0.029282576866764276
0 0.6633380418283017 0.24257214520187265 0.01953125 0.029282576866764276
0 0.6568995849028317 0.23669642310094088 0.01953125 0.029282576866764276
0 0.650741060887165 0.23669642310094088 0.01953125 0.029282576866764276
0 0.6806938822360902 0.23795550640828345 0.01953125 0.029282576866764276
0 0.6888119366203783 0.25264481166061276 0.01953125 0.029282576866764276
0 0.6938507289968331 0.24970695061014692 0.01953125 0.029282576866764276
0 0.6734156265812111 0.27866586667902477 0.01953125 0.029282576866764276
0 0.6613785114596804 0.2845415887799565 0.01953125 0.029282576866764276
0 0.6543801887146045 0.2904173108808883 0.01953125 0.029282576866764276
0 0.6420631406832706 0.28957792200932664 0.01953125 0.029282576866764276
0 0.6482216646989376 0.2564220615826403 0.01953125 0.029282576866764276
0 0.6437427381420889 0.2761477000643398 0.01953125 0.029282576866764276
0 0.6261069648244973 0.278246172243244 0.01953125 0.029282576866764276
0 0.6207882395382396 0.2732098390138739 0.01953125 0.029282576866764276
0 0.5930748814677387 0.29629303298182 0.01953125 0.029282576866764276
0 0.5863564916324657 0.2925157830597925 0.01953125 0.029282576866764276
0 0.6112705206049363 0.293774866367135 0.01953125 0.029282576866764276
0 0.6221879040872549 0.3000702829038476 0.01953125 0.029282576866764276
0 0.6020327345814359 0.3130808104130536 0.01953125 0.029282576866764276
0 0.5821574979854202 0.3046869216974368 0.01953125 0.029282576866764276
0 0.616869178800997 0.3139201992846153 0.01953125 0.029282576866764276
0 0.6331052875695734 0.3210550046928895 0.01953125 0.029282576866764276
0 0.6417832077734676 0.3160186714635195 0.01953125 0.029282576866764276
0 0.6325454217499673 0.2929354774955733 0.01953125 0.029282576866764276
0 0.6630581089184987 0.3122414215414919 0.01953125 0.029282576866764276
0 0.6804139493262872 0.30510661613321766 0.01953125 0.029282576866764276
0 0.6888119366203783 0.32693072679382124 0.01953125 0.029282576866764276
0 0.6834932113341206 0.31350050484883435 0.01953125 0.029282576866764276
0 0.6770547544086507 0.33532461550943804 0.01953125 0.029282576866764276
0 0.6946905277262422 0.3466563652755207 0.01953125 0.029282576866764276
0 0.7047681124791516 0.3307079767158488 0.01953125 0.029282576866764276
0 0.7044881795693486 0.34875483745442487 0.01953125 0.029282576866764276
0 0.7033684479301365 0.3861076422389195 0.01953125 0.029282576866764276
0 0.6977697897340756 0.4062529751563998 0.01953125 0.029282576866764276
0 0.7028085821105303 0.4180044193582633 0.01953125 0.029282576866764276
0 0.6804139493262872 0.3919833643398513 0.01953125 0.029282576866764276
0 0.6921711315380149 0.3949212253903171 0.01953125 0.029282576866764276
0 0.6815336809654993 0.3705789481150285 0.01953125 0.029282576866764276
0 0.6764948885890446 0.3546305595553566 0.01953125 0.029282576866764276
0 0.6678169683851504 0.35085330963332906 0.01953125 0.029282576866764276
0 0.6403835432244525 0.34036094873880807 0.01953125 0.029282576866764276
0 0.6454223356009071 0.35295178181223325 0.01953125 0.029282576866764276
0 0.6543801887146045 0.31475958815617694 0.01953125 0.029282576866764276
0 0.6487815305185437 0.37729405908752195 0.01953125 0.029282576866764276
0 0.6563397190832257 0.36344414270675424 0.01953125 0.029282576866764276
0 0.6692166329341656 0.3986984753123447 0.01953125 0.029282576866764276
0 0.6546601216244075 0.4171650304867016 0.01953125 0.029282576866764276
0 0.6577393836322408 0.44276639106933274 0.01953125 0.029282576866764276
0 0.6862925404321509 0.4465436409913603 0.01953125 0.029282576866764276
0 0.6907714669889996 0.41464686387201655 0.01953125 0.029282576866764276
0 0.7011289846517121 0.4771813348033615 0.01953125 0.029282576866764276
0 0.6882520708007722 0.4813782791611698 0.01953125 0.029282576866764276
0 0.6781744860478628 0.4666889739088405 0.01953125 0.029282576866764276
0 0.6683768342047565 0.4792798069822657 0.01953125 0.029282576866764276
0 0.6633380418283017 0.46920714052352563 0.01953125 0.029282576866764276
0 0.6493413963381497 0.46920714052352563 0.01953125 0.029282576866764276
0 0.644302603961695 0.46417080729415555 0.01953125 0.029282576866764276
0 0.6426230065028767 0.44738302986292194 0.01953125 0.029282576866764276
0 0.6216280382676487 0.4582950851932238 0.01953125 0.029282576866764276
0 0.6177089775304062 0.48221766803273164 0.01953125 0.029282576866764276
0 0.630585891381346 0.4431860855051136 0.01953125 0.029282576866764276
0 0.6084711915069059 0.45997386293634707 0.01953125 0.029282576866764276
0 0.5989534725736025 0.4671086683446214 0.01953125 0.029282576866764276
0 0.6143497826127696 0.4410876133262093 0.01953125 0.029282576866764276
0 0.5849568270834505 0.4612329462436896 0.01953125 0.029282576866764276
0 0.5653615233972378 0.4658495850372789 0.01953125 0.029282576866764276
0 0.5745993094207381 0.4553572241427579 0.01953125 0.029282576866764276
0 0.5869163574520718 0.4415073077619902 0.01953125 0.029282576866764276
0 0.5575234019227526 0.4725646960097722 0.01953125 0.029282576866764276
0 0.5995133383932085 0.4163256416151399 0.01953125 0.029282576866764276
0 0.5871962903618748 0.4171650304867016 0.01953125 0.029282576866764276
0 0.5745993094207381 0.4112893083857698 0.01953125 0.029282576866764276
0 0.5681608524952682 0.41464686387201655 0.01953125 0.029282576866764276
0 0.5617223955697982 0.4171650304867016 0.01953125 0.029282576866764276
0 0.5580832677423587 0.400377253055468 0.01953125 0.029282576866764276
0 0.5709601815932985 0.3760349757801794 0.01953125 0.029282576866764276
0 0.5787983030677837 0.38400917006001534 0.01953125 0.029282576866764276
0 0.5835571625344353 0.3781334479590836 0.01953125 0.029282576866764276
0 0.5981136738441933 0.3966000031334405 0.01953125 0.029282576866764276
0 0.5941946131069509 0.3856879478031387 0.01953125 0.029282576866764276
0 0.6140698497029666 0.39408183651875545 0.01953125 0.029282576866764276
0 0.6297460926519369 0.39408183651875545 0.01953125 0.029282576866764276
0 0.6188287091696183 0.3730971147297135 0.01953125 0.029282576866764276
0 0.6286263610127247 0.3684804759361243 0.01953125 0.029282576866764276
0 0.6123902522441486 0.36638200375722013 0.01953125 0.029282576866764276
0 0.6020327345814359 0.35546994842691826 0.01953125 0.029282576866764276
0 0.553044475365904 0.3500139207617674 0.01953125 0.029282576866764276
0 0.5731996448717228 0.3516926985048907 0.01953125 0.029282576866764276
0 0.5911153510991175 0.3525320873764524 0.01953125 0.029282576866764276
0 0.6123902522441486 0.3046869216974368 0.01953125 0.029282576866764276
0 0.5236515198365848 0.4171650304867016 0.01953125 0.029282576866764276
0 0.304719387755102 0.92989202553957 0.01953125 0.029282576866764276
0 0.31326495474222743 0.9162791750534902 0.01953125 0.029282576866764276
0 0.32234461966604816 0.9202829546082194 0.01953125 0.029282576866764276
0 0.3447767330072525 0.9322942932724075 0.01953125 0.029282576866764276
0 0.2545141817057401 0.958719238333621 0.01953125 0.029282576866764276
0 0.19950209422612014 0.9082716159440315 0.01953125 0.029282576866764276
0 0.18882013549221335 0.8842489386156555 0.01953125 0.029282576866764276
0 0.3148672485523134 0.8698353322186299 0.01953125 0.029282576866764276
0 0.32287871760274356 0.8882527181703849 0.01953125 0.029282576866764276
0 0.34050394951368973 0.8850496945266013 0.01953125 0.029282576866764276
0 0.34584492888064317 0.9018655686564645 0.01953125 0.029282576866764276
0 0.3778908050823635 0.9130761514097068 0.01953125 0.029282576866764276
0 0.362936062854894 0.9034670804783562 0.01953125 0.029282576866764276
0 0.3479813206274245 0.8682338203967381 0.01953125 0.029282576866764276
0 0.3335606763366504 0.873839111773359 0.01953125 0.029282576866764276
0 0.3303560887164783 0.8458126548902538 0.01953125 0.029282576866764276
0 0.3207423258559622 0.8498164344449832 0.01953125 0.029282576866764276
0 0.3196741299825715 0.7873574733912054 0.01953125 0.029282576866764276
0 0.3089921712486647 0.7825529379255303 0.01953125 0.029282576866764276
0 0.3287537949063923 0.8065756152539062 0.01953125 0.029282576866764276
0 0.3431744391971664 0.8121809066305274 0.01953125 0.029282576866764276
0 0.35225410412098723 0.8209892216509319 0.01953125 0.029282576866764276
0 0.3591973772980266 0.8153839302743108 0.01953125 0.029282576866764276
0 0.3506518103109012 0.8474141667121456 0.01953125 0.029282576866764276
0 0.35118590824759655 0.8362035839589034 0.01953125 0.029282576866764276
0 0.4019252122336538 0.9867456952167265 0.01953125 0.029282576866764276
0 0.41367536684095124 0.9931517425042936 0.01953125 0.029282576866764276
0 0.4483917327261483 0.9931517425042936 0.01953125 0.029282576866764276
0 0.45907369146005506 0.9803396479291596 0.01953125 0.029282576866764276
0 0.48257400067465006 0.977937380196322 0.01953125 0.029282576866764276
0 0.5023356243323777 0.9723320888197009 0.01953125 0.029282576866764276
0 0.5114152892561984 0.9803396479291596 0.01953125 0.029282576866764276
0 0.5285064232304492 0.9747343565525384 0.01953125 0.029282576866764276
0 0.5498703406982628 0.9875464511276724 0.01953125 0.029282576866764276
0 0.5605522994321696 0.9699298210868633 0.01953125 0.029282576866764276
0 0.5488021448248721 0.9523131910460543 0.01953125 0.029282576866764276
0 0.49699464496542417 0.947508655580379 0.01953125 0.029282576866764276
0 0.48738088210490804 0.9322942932724075 0.01953125 0.029282576866764276
0 0.44945992859953887 0.9074708600330856 0.01953125 0.029282576866764276
0 0.44785763478945295 0.8762413795061967 0.01953125 0.029282576866764276
0 0.4120730730308652 0.8714368440405217 0.01953125 0.029282576866764276
0 0.41047077922077924 0.8570232376434959 0.01953125 0.029282576866764276
0 0.39765242874009105 0.8586247494653877 0.01953125 0.029282576866764276
0 0.3773567071456682 0.8233914893837695 0.01953125 0.029282576866764276
0 0.3677429442851521 0.8249930012056611 0.01953125 0.029282576866764276
0 0.389640959689661 0.825793757116607 0.01953125 0.029282576866764276
0 0.3356970680834317 0.7769476465489092 0.01953125 0.029282576866764276
0 0.32234461966604816 0.7489211896658039 0.01953125 0.029282576866764276
0 0.3148672485523134 0.7537257251314791 0.01953125 0.029282576866764276
0 0.32821969696969694 0.7377106069125617 0.01953125 0.029282576866764276
0 0.3410380474503851 0.7409136305563451 0.01953125 0.029282576866764276
0 0.3479813206274245 0.7369098510016159 0.01953125 0.029282576866764276
0 0.36347016079158934 0.717691709138915 0.01953125 0.029282576866764276
0 0.3527882020576825 0.7168909532279691 0.01953125 0.029282576866764276
0 0.32394691347613425 0.6784546695025675 0.01953125 0.029282576866764276
0 0.3335606763366504 0.6808569372354051 0.01953125 0.029282576866764276
0 0.3319583825265643 0.6632403071945959 0.01953125 0.029282576866764276
0 0.3426403412604711 0.6632403071945959 0.01953125 0.029282576866764276
0 0.3549245938044639 0.6360146062224364 0.01953125 0.029282576866764276
0 0.36560655253837065 0.6576350158179748 0.01953125 0.029282576866764276
0 0.36347016079158934 0.675251645858784 0.01953125 0.029282576866764276
0 0.3810953927025355 0.6880637404339178 0.01953125 0.029282576866764276
0 0.389640959689661 0.6896652522558097 0.01953125 0.029282576866764276
0 0.39658423286670036 0.6912667640777013 0.01953125 0.029282576866764276
0 0.3602655731714173 0.7409136305563451 0.01953125 0.029282576866764276
0 0.3709475319053241 0.7529249692205332 0.01953125 0.029282576866764276
0 0.3837658823860122 0.7537257251314791 0.01953125 0.029282576866764276
0 0.38162949063923085 0.7785491583708007 0.01953125 0.029282576866764276
0 0.4024593101703491 0.9250874900738947 0.01953125 0.029282576866764276
0 0.5258359335469726 0.9098731277659231 0.01953125 0.029282576866764276
0 0.5525408303817395 0.9178806868753819 0.01953125 0.029282576866764276
0 0.5536090262551302 0.8906549859032222 0.01953125 0.029282576866764276
0 0.5626886911789509 0.8826474267937637 0.01953125 0.029282576866764276
0 0.5541431241918255 0.8762413795061967 0.01953125 0.029282576866764276
0 0.5664273767358183 0.8650307967529547 0.01953125 0.029282576866764276
0 0.5589500056220835 0.8570232376434959 0.01953125 0.029282576866764276
0 0.6059506240512734 0.8642300408420088 0.01953125 0.029282576866764276
0 0.5920640776971946 0.8994633009236269 0.01953125 0.029282576866764276
0 0.5883253921403272 0.9515124351351083 0.01953125 0.029282576866764276
0 0.5621545932422556 0.9354973169161911 0.01953125 0.029282576866764276
0 0.5269041294203632 0.8762413795061967 0.01953125 0.029282576866764276
0 0.5178244644965425 0.8850496945266013 0.01953125 0.029282576866764276
0 0.5130175830662844 0.8842489386156555 0.01953125 0.029282576866764276
0 0.5039379181424636 0.843410387157416 0.01953125 0.029282576866764276
0 0.4964605470287288 0.8289967807603906 0.01953125 0.029282576866764276
0 0.4884490779782988 0.8378050957807951 0.01953125 0.029282576866764276
0 0.4654828667003991 0.838605851691741 0.01953125 0.029282576866764276
0 0.4644146708270086 0.905068592300248 0.01953125 0.029282576866764276
0 0.454266810029797 0.8249930012056611 0.01953125 0.029282576866764276
0 0.4345051863720695 0.8193877098290402 0.01953125 0.029282576866764276
0 0.42489142351155335 0.8233914893837695 0.01953125 0.029282576866764276
0 0.4078002895373025 0.8217899775618778 0.01953125 0.029282576866764276
0 0.43076650081520207 0.7529249692205332 0.01953125 0.029282576866764276
0 0.4184822482712093 0.7769476465489092 0.01953125 0.029282576866764276
0 0.40886848541069315 0.717691709138915 0.01953125 0.029282576866764276
0 0.3319583825265643 0.7337068273578323 0.01953125 0.029282576866764276
0 0.42756191319503 0.6600372835508126 0.01953125 0.029282576866764276
0 0.42969830494181144 0.6392176298662199 0.01953125 0.029282576866764276
0 0.5210290521167145 0.5391231409979865 0.01953125 0.029282576866764276
0 0.5130175830662844 0.5231080227790691 0.01953125 0.029282576866764276
0 0.5354496964074886 0.536720873265149 0.01953125 0.029282576866764276
0 0.5301087170405353 0.54232616464177 0.01953125 0.029282576866764276
0 0.5525408303817395 0.517502731402448 0.01953125 0.029282576866764276
0 0.4847103924214314 0.6408191416881116 0.01953125 0.029282576866764276
0 0.48417629448473604 0.6264055352910861 0.01953125 0.029282576866764276
0 0.47776711924439197 0.6616387953727043 0.01953125 0.029282576866764276
0 0.4654828667003991 0.6560335039960832 0.01953125 0.029282576866764276
0 0.46975565019396187 0.6360146062224364 0.01953125 0.029282576866764276
0 0.46281237701692246 0.627206291202032 0.01953125 0.029282576866764276
0 0.45213041828301564 0.6832592049682427 0.01953125 0.029282576866764276
0 0.46975565019396187 0.6784546695025675 0.01953125 0.029282576866764276
0 0.47616482543430594 0.6992743231871601 0.01953125 0.029282576866764276
0 0.4649487687637038 0.7000750790981058 0.01953125 0.029282576866764276
0 0.4473235368527576 0.7224962446045902 0.01953125 0.029282576866764276
0 0.4403802636757182 0.7136879295841856 0.01953125 0.029282576866764276
0 0.4302324028785068 0.7168909532279691 0.01953125 0.029282576866764276
0 0.4280960111317254 0.6968720554543224 0.01953125 0.029282576866764276
0 0.43717567605554614 0.693669031810539 0.01953125 0.029282576866764276
0 0.4200845420812953 0.693669031810539 0.01953125 0.029282576866764276
0 0.4398461657390229 0.7761468906379633 0.01953125 0.029282576866764276
0 0.454266810029797 0.789759741124043 0.01953125 0.029282576866764276
0 0.4724261398774386 0.7248985123374279 0.01953125 0.029282576866764276
0 0.48951727385168947 0.7337068273578323 0.01953125 0.029282576866764276
0 0.4804376089278687 0.729703047803103 0.01953125 0.029282576866764276
0 0.5215631500534098 0.7409136305563451 0.01953125 0.029282576866764276
0 0.5226313459268005 0.7281015359812113 0.01953125 0.029282576866764276
0 0.5370519902175747 0.6776539135916216 0.01953125 0.029282576866764276
0 0.5616204953055602 0.6183979761816274 0.01953125 0.029282576866764276
0 0.6016778405577108 0.5911722752094678 0.01953125 0.029282576866764276
0 0.6134279951650082 0.5727548892577129 0.01953125 0.029282576866764276
0 0.6080870157980548 0.511897440025827 0.01953125 0.029282576866764276
0 0.5829844127733739 0.5207057550462316 0.01953125 0.029282576866764276
0 0.6358601085062124 0.5295140700666361 0.01953125 0.029282576866764276
0 0.6470761651768147 0.517502731402448 0.01953125 0.029282576866764276
0 0.6454738713667285 0.5631458183263625 0.01953125 0.029282576866764276
0 0.6347919126328218 0.6111911729831145 0.01953125 0.029282576866764276
0 0.6438715775566426 0.596777566586089 0.01953125 0.029282576866764276
0 0.6054165261145781 0.6240032675582485 0.01953125 0.029282576866764276
0 0.5872571962669365 0.6376161180443283 0.01953125 0.029282576866764276
0 0.5728365519761623 0.651228968530408 0.01953125 0.029282576866764276
0 0.5936663715072806 0.6808569372354051 0.01953125 0.029282576866764276
0 0.5856549024568506 0.6912667640777013 0.01953125 0.029282576866764276
0 0.5888594900770225 0.711285661851348 0.01953125 0.029282576866764276
0 0.595802763254062 0.7024773468309435 0.01953125 0.029282576866764276
0 0.6022119384944061 0.6824584490572968 0.01953125 0.029282576866764276
0 0.624109953898915 0.6488267007975703 0.01953125 0.029282576866764276
0 0.6529512424804634 0.620800243914465 0.01953125 0.029282576866764276
0 0.6545535362905494 0.5255102905119068 0.01953125 0.029282576866764276
0 0.6363942064429077 0.5703526215248753 0.01953125 0.029282576866764276
0 0.630519129139259 0.5871684956547386 0.01953125 0.029282576866764276
0 0.5787116292798111 0.5511344796621745 0.01953125 0.029282576866764276
0 0.5712342581660763 0.5151004636696105 0.01953125 0.029282576866764276
0 0.5637568870523416 0.5255102905119068 0.01953125 0.029282576866764276
0 0.5477339489514814 0.7144886854951314 0.01953125 0.029282576866764276
0 0.5797798251532018 0.6944697877214848 0.01953125 0.029282576866764276
0 0.5669614746725137 0.7521242133095872 0.01953125 0.029282576866764276
0 0.5979391550008434 0.7433158982891828 0.01953125 0.029282576866764276
0 0.603814232304492 0.7224962446045902 0.01953125 0.029282576866764276
0 0.5909958818238039 0.7305038037140489 0.01953125 0.029282576866764276
0 0.6310532270759545 0.6632403071945959 0.01953125 0.029282576866764276
0 0.638530598189689 0.6720486222150005 0.01953125 0.029282576866764276
0 0.646007969303424 0.6776539135916216 0.01953125 0.029282576866764276
0 0.6534853404171587 0.6864622286120261 0.01953125 0.029282576866764276
0 0.6470761651768147 0.704879614563781 0.01953125 0.029282576866764276
0 0.6444056754933378 0.7192932209608067 0.01953125 0.029282576866764276
0 0.6294509332658682 0.7409136305563451 0.01953125 0.029282576866764276
0 0.6182348765952663 0.6776539135916216 0.01953125 0.029282576866764276
0 0.6251781497723057 0.7673385756175587 0.01953125 0.029282576866764276
0 0.635326010569517 0.7561279928643166 0.01953125 0.029282576866764276
0 0.6331896188227358 0.8065756152539062 0.01953125 0.029282576866764276
0 0.6433374796199471 0.8418088753355245 0.01953125 0.029282576866764276
0 0.646007969303424 0.8249930012056611 0.01953125 0.029282576866764276
0 0.6470761651768147 0.85622248173255 0.01953125 0.029282576866764276
0 0.6321214229493451 0.8898542299922764 0.01953125 0.029282576866764276
0 0.6406669899364705 0.9034670804783562 0.01953125 0.029282576866764276
0 0.638530598189689 0.9346965610052451 0.01953125 0.029282576866764276
0 0.6080870157980548 0.9034670804783562 0.01953125 0.029282576866764276
0 0.5904617838871086 0.8530194580887666 0.01953125 0.029282576866764276
0 0.597405057064148 0.8265945130275528 0.01953125 0.029282576866764276
0 0.6160984848484848 0.8145831743633649 0.01953125 0.029282576866764276
0 0.6102234075448362 0.7969665443225559 0.01953125 0.029282576866764276
0 0.5936663715072806 0.789759741124043 0.01953125 0.029282576866764276
0 0.5808480210265925 0.7745453788160716 0.01953125 0.029282576866764276
0 0.5717683561027717 0.7841544497474221 0.01953125 0.029282576866764276
0 0.5520067324450442 0.7769476465489092 0.01953125 0.029282576866764276
0 0.5455975572047002 0.7761468906379633 0.01953125 0.029282576866764276
0 0.5552113200652162 0.7969665443225559 0.01953125 0.029282576866764276
0 0.5455975572047002 0.8009703238772853 0.01953125 0.029282576866764276
0 0.5381201860909653 0.8378050957807951 0.01953125 0.029282576866764276
0 0.5114152892561984 0.7969665443225559 0.01953125 0.029282576866764276
0 0.5146198768763705 0.7769476465489092 0.01953125 0.029282576866764276
0 0.5258359335469726 0.7673385756175587 0.01953125 0.029282576866764276
0 0.4740284336875246 0.7561279928643166 0.01953125 0.029282576866764276
0 0.48898317591499413 0.8065756152539062 0.01953125 0.029282576866764276
0 0.42115273795468594 0.7865567174802597 0.01953125 0.029282576866764276
0 0.49380411255411255 0.5395498596084248 0.01953125 0.029282576866764276
0 0.4970508658008658 0.5573982874129287 0.01953125 0.029282576866764276
0 0.4829816017316018 0.5768692995632968 0.01953125 0.029282576866764276
0 0.6058170995670996 0.491683621405437 0.01953125 0.029282576866764276
0 0.5614448051948052 0.494117497924233 0.01953125 0.029282576866764276
0 0.5733495670995672 0.491683621405437 0.01953125 0.029282576866764276
0 0.5527867965367966 0.486004576194913 0.01953125 0.029282576866764276
0 0.7227002164502164 0.36431075025511345 0.01953125 0.029282576866764276
0 0.7151244588744589 0.35700912069872537 0.01953125 0.029282576866764276
0 0.7210768398268399 0.3902720997889373 0.01953125 0.029282576866764276
0 0.7340638528138529 0.3837817624054813 0.01953125 0.029282576866764276
0 0.7189123376623378 0.42434637105208123 0.01953125 0.029282576866764276
0 0.7373106060606062 0.4154221571498292 0.01953125 0.029282576866764276
0 0.5132846320346321 0.21219346783036389 0.01953125 0.029282576866764276
0 0.5057088744588745 0.20894829913863588 0.01953125 0.029282576866764276
0 0.6907738095238096 0.2040805461010439 0.01953125 0.029282576866764276
0 0.7275703463203465 0.22355155825141187 0.01953125 0.029282576866764276
0 0.8087391774891775 0.22030638955968387 0.01953125 0.029282576866764276
0 0.705794142725961 0.24862786177840093 0.01953125 0.029282576866764276
0 0.7123532401941495 0.2535447840385949 0.01953125 0.029282576866764276
0 0.7208800669027943 0.24862786177840093 0.01953125 0.029282576866764276
0 0.7399014495605406 0.2476444773263622 0.01953125 0.029282576866764276
0 0.7202241571559753 0.2623952441069439 0.01953125 0.029282576866764276
0 0.6946436770300407 0.2948469310242239 0.01953125 0.029282576866764276
0 0.7451487275350912 0.2692789352712155 0.01953125 0.029282576866764276
0 0.7608905614587432 0.2614118596549051 0.01953125 0.029282576866764276
0 0.713665059687787 0.28796323985995237 0.01953125 0.029282576866764276
0 0.705794142725961 0.29189677766810745 0.01953125 0.029282576866764276
0 0.7510519152564608 0.2889466243119912 0.01953125 0.029282576866764276
0 0.757611012724649 0.30664754444868925 0.01953125 0.029282576866764276
0 0.7497400957628232 0.3046807755446117 0.01953125 0.029282576866764276
0 0.7294068936114392 0.32336508013334864 0.01953125 0.029282576866764276
0 0.7392455398137217 0.30566415999665053 0.01953125 0.029282576866764276
0 0.7399014495605406 0.32631523348946495 0.01953125 0.029282576866764276
0 0.7799119441164897 0.23289371054578042 0.01953125 0.029282576866764276
0 0.7871269513314969 0.2614118596549051 0.01953125 0.029282576866764276
0 0.7753205758887578 0.2476444773263622 0.01953125 0.029282576866764276
0 0.798933326774236 0.28501308650383606 0.01953125 0.029282576866764276
0 0.7897505903187721 0.3017306221884954 0.01953125 0.029282576866764276
0 0.8094278827233374 0.2476444773263622 0.01953125 0.029282576866764276
0 0.838943821330185 0.21617617486112115 0.01953125 0.029282576866764276
0 0.8527179260133806 0.23289371054578042 0.01953125 0.029282576866764276
0 0.8769865866456777 0.22207648157335383 0.01953125 0.029282576866764276
0 0.9110938934802573 0.2053589458886945 0.01953125 0.029282576866764276
0 0.9209325396825396 0.26042847520286644 0.01953125 0.029282576866764276
0 0.9484807490489311 0.3223816956813098 0.01953125 0.029282576866764276
0 0.9688139512003151 0.31844815787315467 0.01953125 0.029282576866764276
0 0.972093499934409 0.34106600027004674 0.01953125 0.029282576866764276
0 0.9629107634789453 0.33614907800985283 0.01953125 0.029282576866764276
0 0.976684868162141 0.385318300611792 0.01953125 0.029282576866764276
0 0.968158041453496 0.3745010716393654 0.01953125 0.029282576866764276
0 0.9596312147448511 0.4679225945830499 0.01953125 0.029282576866764276
0 0.9419216515807427 0.4423545988300415 0.01953125 0.029282576866764276
0 0.9373302833530107 0.3774512249954817 0.01953125 0.029282576866764276
0 0.9117498032270761 0.3784346094475205 0.01953125 0.029282576866764276
0 0.9268357274039094 0.33614907800985283 0.01953125 0.029282576866764276
0 0.9360184638593729 0.3223816956813098 0.01953125 0.029282576866764276
0 0.9242120884166339 0.3164813889690771 0.01953125 0.029282576866764276
0 0.9196207201889022 0.30861431335276684 0.01953125 0.029282576866764276
0 0.9091261642398005 0.3174647734211159 0.01953125 0.029282576866764276
0 0.9124057129738948 0.2968136999283014 0.01953125 0.029282576866764276
0 0.9294593663911845 0.2692789352712155 0.01953125 0.029282576866764276
0 0.8940402400629676 0.2810795486956809 0.01953125 0.029282576866764276
0 0.8855134133543227 0.26337862855898275 0.01953125 0.029282576866764276
0 0.8894488718352356 0.25452816849063375 0.01953125 0.029282576866764276
0 0.8855134133543227 0.24076078616209068 0.01953125 0.029282576866764276
0 0.8763306768988588 0.23682724835393557 0.01953125 0.029282576866764276
0 0.8730511281647646 0.25846170629878884 0.01953125 0.029282576866764276
0 0.8586211137347503 0.2378106328059744 0.01953125 0.029282576866764276
0 0.8514061065197431 0.21617617486112115 0.01953125 0.029282576866764276
0 0.8264815361406271 0.22699340383354774 0.01953125 0.029282576866764276
0 0.8271374458874459 0.2417441706141295 0.01953125 0.029282576866764276
0 0.8343524531024531 0.24371093951820708 0.01953125 0.029282576866764276
0 0.8559974747474748 0.25649493739471124 0.01953125 0.029282576866764276
0 0.8612447527220255 0.25846170629878884 0.01953125 0.029282576866764276
0 0.8179547094319823 0.2673121663671379 0.01953125 0.029282576866764276
0 0.8323847238619966 0.2673121663671379 0.01953125 0.029282576866764276
0 0.8100837924701562 0.30369739109257293 0.01953125 0.029282576866764276
0 0.8218901679128953 0.3046807755446117 0.01953125 0.029282576866764276
0 0.8284492653810837 0.30369739109257293 0.01953125 0.029282576866764276
0 0.8376320018365473 0.3135312356129607 0.01953125 0.029282576866764276
0 0.854685655253837 0.2958303154762626 0.01953125 0.029282576866764276
0 0.8520620162665619 0.3154980045170383 0.01953125 0.029282576866764276
0 0.8710833989243081 0.32631523348946495 0.01953125 0.029282576866764276
0 0.8835456841138659 0.3164813889690771 0.01953125 0.029282576866764276
0 0.8802661353797717 0.30664754444868925 0.01953125 0.029282576866764276
0 0.8645243014561197 0.3027140066405341 0.01953125 0.029282576866764276
0 0.8605888429752068 0.29878046883237896 0.01953125 0.029282576866764276
0 0.7713851174078448 0.2968136999283014 0.01953125 0.029282576866764276
0 0.8113956119637938 0.34106600027004674 0.01953125 0.029282576866764276
0 0.8179547094319823 0.3164813889690771 0.01953125 0.029282576866764276
0 0.8304169946215402 0.34598292253024066 0.01953125 0.029282576866764276
0 0.7956537780401418 0.3508998447904346 0.01953125 0.029282576866764276
0 0.7556432834841926 0.3499164603383958 0.01953125 0.029282576866764276
0 0.7549873737373739 0.3745010716393654 0.01953125 0.029282576866764276
0 0.7615464712055623 0.3607336893108224 0.01953125 0.029282576866764276
0 0.7707292076610259 0.3686007649271327 0.01953125 0.029282576866764276
0 0.7707292076610259 0.38236814725567564 0.01953125 0.029282576866764276
0 0.7602346517119245 0.3882684539679084 0.01953125 0.029282576866764276
0 0.7523637347500984 0.4138364497209168 0.01953125 0.029282576866764276
0 0.7753205758887578 0.40596937410460654 0.01953125 0.029282576866764276
0 0.782535583103765 0.3922019917760635 0.01953125 0.029282576866764276
0 0.7956537780401418 0.4158032186249943 0.01953125 0.029282576866764276
0 0.7858151318378592 0.41973675643314945 0.01953125 0.029282576866764276
0 0.7799119441164897 0.4305539854055761 0.01953125 0.029282576866764276
0 0.7077618719664175 0.4610389034187785 0.01953125 0.029282576866764276
0 0.7333423520923521 0.45218844335042935 0.01953125 0.029282576866764276
0 0.7707292076610259 0.4384210610218864 0.01953125 0.029282576866764276
0 0.7451487275350912 0.46988936348712756 0.01953125 0.029282576866764276
0 0.6966114062704972 0.5023410504044074 0.01953125 0.029282576866764276
0 0.7399014495605406 0.5141416638288727 0.01953125 0.029282576866764276
0 0.7484282762691854 0.4846401302677092 0.01953125 0.029282576866764276
0 0.766793749180113 0.4856235147197481 0.01953125 0.029282576866764276
0 0.7740087563951201 0.4915238214319807 0.01953125 0.029282576866764276
0 0.782535583103765 0.48857366807586433 0.01953125 0.029282576866764276
0 0.8015569657615113 0.46398905677489477 0.01953125 0.029282576866764276
0 0.814675160697888 0.48857366807586433 0.01953125 0.029282576866764276
0 0.8343524531024531 0.3882684539679084 0.01953125 0.029282576866764276
0 0.838943821330185 0.3686007649271327 0.01953125 0.029282576866764276
0 0.8828897743670472 0.34106600027004674 0.01953125 0.029282576866764276
0 0.8887929620884168 0.3676173804750939 0.01953125 0.029282576866764276
0 0.8881370523415979 0.3479496914343182 0.01953125 0.029282576866764276
0 0.8966638790502427 0.3499164603383958 0.01953125 0.029282576866764276
0 0.9169970812016267 0.4374376765698476 0.01953125 0.029282576866764276
0 0.8704274891774894 0.43547090766577007 0.01953125 0.029282576866764276
0 0.8619006624688444 0.4226869097892658 0.01953125 0.029282576866764276
0 0.875018857405221 0.42170352533722705 0.01953125 0.029282576866764276
0 0.8743629476584023 0.38433491615975324 0.01953125 0.029282576866764276
0 0.8579652039879313 0.38138476280363687 0.01953125 0.029282576866764276
0 0.8409115505706415 0.44923828999431303 0.01953125 0.029282576866764276
0 0.8494383772792864 0.46988936348712756 0.01953125 0.029282576866764276
0 0.8802661353797717 0.4846401302677092 0.01953125 0.029282576866764276
0 0.884201593860685 0.45710536561062326 0.01953125 0.029282576866764276
0 0.8907606913288734 0.4679225945830499 0.01953125 0.029282576866764276
0 0.9117498032270761 0.46595582567897237 0.01953125 0.029282576866764276
0 0.9458571100616556 0.48857366807586433 0.01953125 0.029282576866764276
0 0.9458571100616556 0.4777564391034378 0.01953125 0.029282576866764276
0 0.93208300537846 0.48857366807586433 0.01953125 0.029282576866764276
0 0.9097820739866196 0.5131582793768341 0.01953125 0.029282576866764276
0 0.8933843303161485 0.48857366807586433 0.01953125 0.029282576866764276
0 0.8992875180375183 0.5111915104727565 0.01953125 0.029282576866764276
0 0.879610225632953 0.5141416638288727 0.01953125 0.029282576866764276
0 0.9589753049980324 0.49545735924013595 0.01953125 0.029282576866764276
0 0.9399539223402862 0.5111915104727565 0.01953125 0.029282576866764276
0 0.9497925685425685 0.5603607330746957 0.01953125 0.029282576866764276
0 0.9576634855043947 0.577078268759355 0.01953125 0.029282576866764276
0 0.9340507346189165 0.6252641069092556 0.01953125 0.029282576866764276
0 0.93208300537846 0.5987127267042083 0.01953125 0.029282576866764276
0 0.9117498032270761 0.5711779620471222 0.01953125 0.029282576866764276
0 0.9110938934802573 0.5456099662941138 0.01953125 0.029282576866764276
0 0.9353625541125542 0.5505268885543079 0.01953125 0.029282576866764276
0 0.9333948248720978 0.6842671740315825 0.01953125 0.029282576866764276
0 0.9242120884166339 0.6950844030040091 0.01953125 0.029282576866764276
0 0.9110938934802573 0.6950844030040091 0.01953125 0.029282576866764276
0 0.9176529909484454 0.7393367033457545 0.01953125 0.029282576866764276
0 0.9445452905680178 0.713768707592746 0.01953125 0.029282576866764276
0 0.899943427784337 0.7118019386886684 0.01953125 0.029282576866764276
0 0.896007969303424 0.7383533188937156 0.01953125 0.029282576866764276
0 0.9019111570247934 0.6803336362234275 0.01953125 0.029282576866764276
0 0.8920725108225108 0.6734499450591558 0.01953125 0.029282576866764276
0 0.916341171454808 0.6400148736898372 0.01953125 0.029282576866764276
0 0.9137175324675325 0.6006794956082858 0.01953125 0.029282576866764276
0 0.9209325396825396 0.5908456510878981 0.01953125 0.029282576866764276
0 0.9242120884166339 0.5701945775950835 0.01953125 0.029282576866764276
0 0.9412657418339236 0.5741281154032386 0.01953125 0.029282576866764276
0 0.8815779548734094 0.6606659471826517 0.01953125 0.029282576866764276
0 0.8684597599370328 0.650832102662264 0.01953125 0.029282576866764276
0 0.863868391709301 0.6685330227989621 0.01953125 0.029282576866764276
0 0.8769865866456777 0.6714831761550784 0.01953125 0.029282576866764276
0 0.8809220451265907 0.7039348630723582 0.01953125 0.029282576866764276
0 0.8271374458874459 0.704918247524397 0.01953125 0.029282576866764276
0 0.8264815361406271 0.6823004051275049 0.01953125 0.029282576866764276
0 0.854685655253837 0.6459151804020701 0.01953125 0.029282576866764276
0 0.842879279811098 0.6488653337581863 0.01953125 0.029282576866764276
0 0.8382879115833662 0.6262474913612942 0.01953125 0.029282576866764276
0 0.895352059556605 0.6114967245807125 0.01953125 0.029282576866764276
0 0.9005993375311557 0.5967459578001307 0.01953125 0.029282576866764276
0 0.8927284205693298 0.5829785754715877 0.01953125 0.029282576866764276
0 0.8809220451265907 0.5800284221154713 0.01953125 0.029282576866764276
0 0.8868252328479601 0.5633108864308121 0.01953125 0.029282576866764276
0 0.8645243014561197 0.6075631867725574 0.01953125 0.029282576866764276
0 0.8573092942411126 0.5937958044440143 0.01953125 0.029282576866764276
0 0.8520620162665619 0.5780616532113938 0.01953125 0.029282576866764276
0 0.8625565722156632 0.5731447309511999 0.01953125 0.029282576866764276
0 0.8619006624688444 0.5485601196502302 0.01953125 0.029282576866764276
0 0.859277023481569 0.5023410504044074 0.01953125 0.029282576866764276
0 0.8507501967729241 0.490540436979942 0.01953125 0.029282576866764276
0 0.8323847238619966 0.5259422772533382 0.01953125 0.029282576866764276
0 0.8245138069001707 0.48857366807586433 0.01953125 0.029282576866764276
0 0.8323847238619966 0.45710536561062326 0.01953125 0.029282576866764276
0 0.8133633412042504 0.4020358362964514 0.01953125 0.029282576866764276
0 0.814675160697888 0.3745010716393654 0.01953125 0.029282576866764276
0 0.8081160632296996 0.3784346094475205 0.01953125 0.029282576866764276
0 0.8048365144956054 0.3686007649271327 0.01953125 0.029282576866764276
0 0.8277933556342649 0.3607336893108224 0.01953125 0.029282576866764276
0 0.6513536337399974 0.4915238214319807 0.01953125 0.029282576866764276
0 0.669063196904106 0.49250720588401947 0.01953125 0.029282576866764276
0 0.6867727600682147 0.5367595062257648 0.01953125 0.029282576866764276
0 0.6677513774104684 0.5662610397869283 0.01953125 0.029282576866764276
0 0.6710309261445626 0.5987127267042083 0.01953125 0.029282576866764276
0 0.6520095434868162 0.581995191019549 0.01953125 0.029282576866764276
0 0.6605363701954611 0.649848718210225 0.01953125 0.029282576866764276
0 0.6795577528532075 0.6616493316346904 0.01953125 0.029282576866764276
0 0.6834932113341206 0.640998258141876 0.01953125 0.029282576866764276
0 0.6854609405745771 0.6026462645123634 0.01953125 0.029282576866764276
0 0.6657836481700118 0.6891840962917766 0.01953125 0.029282576866764276
0 0.68939639905549 0.691150865195854 0.01953125 0.029282576866764276
0 0.6821813918404829 0.6823004051275049 0.01953125 0.029282576866764276
0 0.7064500524727797 0.7019680941682807 0.01953125 0.029282576866764276
0 0.7084177817132363 0.6577157938265353 0.01953125 0.029282576866764276
0 0.6939877672832219 0.6468985648541088 0.01953125 0.029282576866764276
0 0.7116973304473304 0.6400148736898372 0.01953125 0.029282576866764276
0 0.7235037058900695 0.6350979514296433 0.01953125 0.029282576866764276
0 0.7399014495605406 0.6282142602653719 0.01953125 0.029282576866764276
0 0.7353100813328086 0.6626327160867294 0.01953125 0.029282576866764276
0 0.7267832546241637 0.6734499450591558 0.01953125 0.029282576866764276
0 0.7189123376623378 0.6567324093744965 0.01953125 0.029282576866764276
0 0.7195682474091566 0.6990179408121643 0.01953125 0.029282576866764276
0 0.733998261839171 0.6901674807438152 0.01953125 0.029282576866764276
0 0.7405573593073593 0.6970511719080867 0.01953125 0.029282576866764276
0 0.7562991932310115 0.6852505584836214 0.01953125 0.029282576866764276
0 0.7641701101928375 0.7029514786203194 0.01953125 0.029282576866764276
0 0.7530196444969174 0.7206523987570175 0.01953125 0.029282576866764276
0 0.7156327889282437 0.7383533188937156 0.01953125 0.029282576866764276
0 0.777944214876033 0.6704997917030395 0.01953125 0.029282576866764276
0 0.7720410271546636 0.659682562730613 0.01953125 0.029282576866764276
0 0.8022128755083301 0.6695164072510007 0.01953125 0.029282576866764276
0 0.8140192509510692 0.6675496383469233 0.01953125 0.029282576866764276
0 0.7995892365210547 0.6301810291694493 0.01953125 0.029282576866764276
0 0.8277933556342649 0.7373699344416769 0.01953125 0.029282576866764276
0 0.7346541715859899 0.5849453443756654 0.01953125 0.029282576866764276
0 0.733998261839171 0.5662610397869283 0.01953125 0.029282576866764276
0 0.7228477961432508 0.5760948843073163 0.01953125 0.029282576866764276
0 0.7162886986750624 0.5603607330746957 0.01953125 0.029282576866764276
0 0.7044823232323233 0.5524936574583853 0.01953125 0.029282576866764276
0 0.6998909550045914 0.5387262751298424 0.01953125 0.029282576866764276
0 0.7228477961432508 0.5269256617053769 0.01953125 0.029282576866764276
0 0.7484282762691854 0.49742412814421344 0.01953125 0.029282576866764276
0 0.7484282762691854 0.5456099662941138 0.01953125 0.029282576866764276
0 0.7805678538633085 0.5436431973900363 0.01953125 0.029282576866764276
0 0.7681055686737506 0.5534770419104241 0.01953125 0.029282576866764276
0 0.7720410271546636 0.5347927373216872 0.01953125 0.029282576866764276
0 0.7740087563951201 0.5180752016370279 0.01953125 0.029282576866764276
0 0.7635142004460188 0.5121748949247952 0.01953125 0.029282576866764276
0 0.8035246950019678 0.5131582793768341 0.01953125 0.029282576866764276
0 0.8297610848747213 0.5947791888960531 0.01953125 0.029282576866764276
0 0.8474706480388299 0.568227808691006 0.01953125 0.029282576866764276
0 0.8330406336088156 0.6114967245807125 0.01953125 0.029282576866764276
0 0.754331463990555 0.6301810291694493 0.01953125 0.029282576866764276
0 0.7792560343696708 0.6095299556766348 0.01953125 0.029282576866764276
0 0.8100837924701562 0.5229921238972218 0.01953125 0.029282576866764276
0 0.6939877672832219 0.568227808691006 0.01953125 0.029282576866764276
0 0.6738443104514534 0.9151043818420369 0.01953125 0.029282576866764276
0 0.6779905970652725 0.8628866674387774 0.01953125 0.029282576866764276
0 0.6705272811603982 0.8740761776680472 0.01953125 0.029282576866764276
0 0.6817222550177097 0.8168853476073346 0.01953125 0.029282576866764276
0 0.675917453758363 0.7976145244347032 0.01953125 0.029282576866764276
0 0.6833807696632372 0.7876682931197966 0.01953125 0.029282576866764276
0 0.6726004244673077 0.779586980176435 0.01953125 0.029282576866764276
0 0.6672102518693429 0.7621810753753486 0.01953125 0.029282576866764276
0 0.7426726682408501 0.7547214018891686 0.01953125 0.029282576866764276
0 0.7405995249339407 0.7646676332040752 0.01953125 0.029282576866764276
0 0.7244290071400462 0.757829599175077 0.01953125 0.029282576866764276
0 0.7157218052510262 0.7758571434333451 0.01953125 0.029282576866764276
0 0.694575743520549 0.7758571434333451 0.01953125 0.029282576866764276
0 0.7314776943835386 0.810668953035518 0.01953125 0.029282576866764276
0 0.7405995249339407 0.8075607557496097 0.01953125 0.029282576866764276
0 0.7240143784786643 0.7963712455203398 0.01953125 0.029282576866764276
0 0.7563554140664531 0.7920197693200681 0.01953125 0.029282576866764276
0 0.7696235312306742 0.7976145244347032 0.01953125 0.029282576866764276
0 0.7874525636700962 0.8094256741211546 0.01953125 0.029282576866764276
0 0.7770868471355484 0.8342912524084211 0.01953125 0.029282576866764276
0 0.7816477624107494 0.8510755177523258 0.01953125 0.029282576866764276
0 0.7584285573733627 0.870967980382139 0.01953125 0.029282576866764276
0 0.7323069517063026 0.8554269939525976 0.01953125 0.029282576866764276
0 0.7401848962725587 0.8840224089829538 0.01953125 0.029282576866764276
0 0.7240143784786643 0.8976984770409503 0.01953125 0.029282576866764276
0 0.7086731180075337 0.8585351912385056 0.01953125 0.029282576866764276
0 0.6862831702929107 0.845480762637691 0.01953125 0.029282576866764276
0 0.6995512874571318 0.8423725653517825 0.01953125 0.029282576866764276
0 0.6954050008433127 0.9163476607564001 0.01953125 0.029282576866764276
0 0.6949903721819307 0.9449430757867565 0.01953125 0.029282576866764276
0 0.6862831702929107 0.9548893071016631 0.01953125 0.029282576866764276
0 0.6742589391128354 0.958619143844753 0.01953125 0.029282576866764276
0 0.7563554140664531 0.9051581505271301 0.01953125 0.029282576866764276
0 0.7538676420981616 0.921942415871035 0.01953125 0.029282576866764276
0 0.7497213554843426 0.9598624227591164 0.01953125 0.029282576866764276
0 0.7696235312306742 0.9667004567881146 0.01953125 0.029282576866764276
0 0.7828916483948952 0.9778899670173844 0.01953125 0.029282576866764276
0 0.6991366587957498 0.9611057016734795 0.01953125 0.029282576866764276
0 0.8160619413054477 0.9337535655574865 0.01953125 0.029282576866764276
0 0.7965743942204981 0.8989417559553136 0.01953125 0.029282576866764276
0 0.7841355343790409 0.8865089668116806 0.01953125 0.029282576866764276
0 0.8065254820936639 0.859778470152869 0.01953125 0.029282576866764276
0 0.7953305082363524 0.8498322388379627 0.01953125 0.029282576866764276
0 0.8069401107550458 0.823723381636333 0.01953125 0.029282576866764276
0 0.7994767948501715 0.8131555108642446 0.01953125 0.029282576866764276
0 0.7920134789452972 0.7385587760024455 0.01953125 0.029282576866764276
0 0.8529638921684376 0.810668953035518 0.01953125 0.029282576866764276
0 0.8533785208298196 0.7901548509485231 0.01953125 0.029282576866764276
0 0.8160619413054477 0.8150204292357898 0.01953125 0.029282576866764276
0 0.846744462247709 0.8355345313227844 0.01953125 0.029282576866764276
0 0.8649881233485129 0.8293181367509678 0.01953125 0.029282576866764276
0 0.8662320093326586 0.8423725653517825 0.01953125 0.029282576866764276
0 0.8774269831899701 0.8734545382108657 0.01953125 0.029282576866764276
0 0.8886219570472816 0.845480762637691 0.01953125 0.029282576866764276
0 0.833476345083488 0.8908604430119521 0.01953125 0.029282576866764276
0 0.8517200061842919 0.8989417559553136 0.01953125 0.029282576866764276
0 0.8405250323269804 0.9032932321555853 0.01953125 0.029282576866764276
0 0.8355494883903976 0.9387266812149399 0.01953125 0.029282576866764276
0 0.7584285573733627 0.755964680803532 0.01953125 0.029282576866764276
0 0.7716966745375837 0.7292341841447205 0.01953125 0.029282576866764276
0 0.7741844465058751 0.9325102866431233 0.01953125 0.029282576866764276
0 0.7899403356383877 0.9262938920713066 0.01953125 0.029282576866764276
0 0.7638187299713274 0.662718762226283 0.01953125 0.029282576866764276
0 0.9364448051948051 0.9147724895894735 0.01953125 0.029282576866764276
0 0.8529449716949716 0.8701514200782137 0.01953125 0.029282576866764276
