0 0.21325176315585528 0.973582096071061 0.043478260869565216 0.030627871362940276
0 0.2347603270557235 0.9682345024881733 0.043478260869565216 0.030627871362940276
0 0.27651224521429135 0.9673432368910253 0.043478260869565216 0.030627871362940276
0 0.32965105014337776 0.9655607056967295 0.043478260869565216 0.030627871362940276
0 0.3511596140432459 0.9682345024881733 0.043478260869565216 0.030627871362940276
0 0.4005027900488259 0.9922986736111679 0.043478260869565216 0.030627871362940276
0 0.40303320933116327 0.9575393153223979 0.043478260869565216 0.030627871362940276
0 0.458702433542587 0.9566480497252499 0.043478260869565216 0.030627871362940276
0 0.4827414167247928 0.9646694400995814 0.043478260869565216 0.030627871362940276
0 0.5561235759125785 0.9584305809195459 0.043478260869565216 0.030627871362940276
0 0.6396274122297141 0.9682345024881733 0.043478260869565216 0.030627871362940276
0 0.6661968146942573 0.9646694400995814 0.043478260869565216 0.030627871362940276
0 0.25373847167325436 0.9325838786022553 0.043478260869565216 0.030627871362940276
0 0.16390858715027534 0.954865518530954 0.043478260869565216 0.030627871362940276
0 0.18415194140897473 0.9459528625594744 0.043478260869565216 0.030627871362940276
0 0.2043952956676744 0.9299100818108115 0.043478260869565216 0.030627871362940276
0 0.19174319925598707 0.920106160242184 0.043478260869565216 0.030627871362940276
0 0.1993344571029994 0.9040633794935208 0.043478260869565216 0.030627871362940276
0 0.5105760288305045 0.9575393153223979 0.043478260869565216 0.030627871362940276
0 0.5004543517011548 0.9227799570336278 0.043478260869565216 0.030627871362940276
0 0.4485807564132373 0.9227799570336278 0.043478260869565216 0.030627871362940276
0 0.46249806246609315 0.9058459106878168 0.043478260869565216 0.030627871362940276
0 0.4220113539486941 0.9076284418821127 0.043478260869565216 0.030627871362940276
0 0.39417674184298235 0.9236712226307758 0.043478260869565216 0.030627871362940276
0 0.3777290165077889 0.9076284418821127 0.043478260869565216 0.030627871362940276
0 0.3827898550724638 0.8924769267305975 0.043478260869565216 0.030627871362940276
0 0.4118896768193444 0.886238067550562 0.043478260869565216 0.030627871362940276
0 0.346098775478571 0.9156498322564443 0.043478260869565216 0.030627871362940276
0 0.3423031465550648 0.9316926130051073 0.043478260869565216 0.030627871362940276
0 0.32332500193753394 0.920997425839332 0.043478260869565216 0.030627871362940276
0 0.2803078741377975 0.9165410978535922 0.043478260869565216 0.030627871362940276
0 0.2954903898318222 0.9058459106878168 0.043478260869565216 0.030627871362940276
0 0.31067290552584687 0.9004983171049291 0.043478260869565216 0.030627871362940276
0 0.23982116562039846 0.8978245203134853 0.043478260869565216 0.030627871362940276
0 0.15252170037975682 0.9013895827020769 0.043478260869565216 0.030627871362940276
0 0.1677042160737815 0.8764341459819344 0.043478260869565216 0.030627871362940276
0 0.1297479268387198 0.9067371762849646 0.043478260869565216 0.030627871362940276
0 0.02093989769820995 0.9094109730764085 0.043478260869565216 0.030627871362940276
0 0.1082393629388516 0.8996070515077812 0.043478260869565216 0.030627871362940276
0 0.08926121832132075 0.8817817395648221 0.043478260869565216 0.030627871362940276
0 0.04624409052158433 0.8898031299391537 0.043478260869565216 0.030627871362940276
0 0.014613849492366295 0.8755428803847866 0.043478260869565216 0.030627871362940276
0 0.014613849492366295 0.8532612404560879 0.043478260869565216 0.030627871362940276
0 0.04371367123924684 0.8309796005273891 0.043478260869565216 0.030627871362940276
0 0.09052642796248955 0.8309796005273891 0.043478260869565216 0.030627871362940276
0 0.12342187863287628 0.8372184597074247 0.043478260869565216 0.030627871362940276
0 0.16390858715027534 0.850587443664644 0.043478260869565216 0.030627871362940276
0 0.19174319925598707 0.8407835220960164 0.043478260869565216 0.030627871362940276
0 0.23349511741455495 0.8559350372475315 0.043478260869565216 0.030627871362940276
0 0.24994284274974818 0.8479136468732001 0.043478260869565216 0.030627871362940276
0 0.27145140664961637 0.8274145381387972 0.043478260869565216 0.030627871362940276
0 0.246147213826242 0.8211756789587616 0.043478260869565216 0.030627871362940276
0 0.28157308377896634 0.8078066950015423 0.043478260869565216 0.030627871362940276
0 0.3018164380376657 0.8211756789587616 0.043478260869565216 0.030627871362940276
0 0.3309162597845463 0.8051328982100985 0.043478260869565216 0.030627871362940276
0 0.37646380686662034 0.830088334930241 0.043478260869565216 0.030627871362940276
0 0.363811710454933 0.8514787092617918 0.043478260869565216 0.030627871362940276
0 0.3486291947609083 0.8514787092617918 0.043478260869565216 0.030627871362940276
0 0.2992860187553284 0.8568263028446795 0.043478260869565216 0.030627871362940276
0 0.32585542121987154 0.8612826308304192 0.043478260869565216 0.030627871362940276
0 0.2878991319848099 0.8710865523990466 0.043478260869565216 0.030627871362940276
0 0.2853687127024725 0.886238067550562 0.043478260869565216 0.030627871362940276
0 0.2587993102379293 0.884455536356266 0.043478260869565216 0.030627871362940276
0 0.21072134387351793 0.8835642707591181 0.043478260869565216 0.030627871362940276
0 0.22969948849104876 0.8817817395648221 0.043478260869565216 0.030627871362940276
0 0.14493044253274448 0.9308013474079594 0.043478260869565216 0.030627871362940276
0 0.5497975277067348 0.920106160242184 0.043478260869565216 0.030627871362940276
0 0.5852233976594592 0.9218886914364799 0.043478260869565216 0.030627871362940276
0 0.5725713012477718 0.8684127556076028 0.043478260869565216 0.030627871362940276
0 0.5497975277067348 0.847022381276052 0.043478260869565216 0.030627871362940276
0 0.4371938696427188 0.8559350372475315 0.043478260869565216 0.030627871362940276
0 0.4131548864605132 0.8496961780674959 0.043478260869565216 0.030627871362940276
0 0.4106244671781756 0.8336533973188328 0.043478260869565216 0.030627871362940276
0 0.4296026117957064 0.8309796005273891 0.043478260869565216 0.030627871362940276
0 0.40556362861350087 0.8051328982100985 0.043478260869565216 0.030627871362940276
0 0.3903811129194762 0.8149368197787259 0.043478260869565216 0.030627871362940276
0 0.43972428892505616 0.7917639142528792 0.043478260869565216 0.030627871362940276
0 0.5156368673951796 0.8496961780674959 0.043478260869565216 0.030627871362940276
0 0.5700408819654345 0.8889118643420059 0.043478260869565216 0.030627871362940276
0 0.6459534604355576 0.8416747876931644 0.043478260869565216 0.030627871362940276
0 0.5599192048360847 0.7873075862671395 0.043478260869565216 0.030627871362940276
0 0.5434714795008914 0.7757211335042161 0.043478260869565216 0.030627871362940276
0 0.5763669301712779 0.7570045559641091 0.043478260869565216 0.030627871362940276
0 0.5270237541656981 0.7311578536468186 0.043478260869565216 0.030627871362940276
0 0.5320845927303728 0.7186801352867473 0.043478260869565216 0.030627871362940276
0 0.5194324963186856 0.6972897609551965 0.043478260869565216 0.030627871362940276
0 0.5156368673951796 0.6776819178179415 0.043478260869565216 0.030627871362940276
0 0.5485323180655663 0.6473788875149113 0.043478260869565216 0.030627871362940276
0 0.5308193830892043 0.6331186379605441 0.043478260869565216 0.030627871362940276
0 0.5219629156010231 0.6152933260175852 0.043478260869565216 0.030627871362940276
0 0.5346150120127103 0.6090544668375494 0.043478260869565216 0.030627871362940276
0 0.5358802216538788 0.5885553581031465 0.043478260869565216 0.030627871362940276
0 0.5105760288305045 0.5947942172831822 0.043478260869565216 0.030627871362940276
0 0.5004543517011548 0.5707300461601876 0.043478260869565216 0.030627871362940276
0 0.5384106409362165 0.5359706878714177 0.043478260869565216 0.030627871362940276
0 0.558653995194916 0.5823164989231109 0.043478260869565216 0.030627871362940276
0 0.5080456095481672 0.5315143598856777 0.043478260869565216 0.030627871362940276
0 0.5282889638068666 0.510123985554127 0.043478260869565216 0.030627871362940276
0 0.5523279469890725 0.5199279071227544 0.043478260869565216 0.030627871362940276
0 0.5194324963186856 0.492298673611168 0.043478260869565216 0.030627871362940276
0 0.518167286677517 0.47982095525109675 0.043478260869565216 0.030627871362940276
0 0.5308193830892043 0.4691257680853213 0.043478260869565216 0.030627871362940276
0 0.5118412384716734 0.4432790657680308 0.043478260869565216 0.030627871362940276
0 0.19047798961481852 0.7837425238785476 0.043478260869565216 0.030627871362940276
0 0.23222990777338612 0.777503664698512 0.043478260869565216 0.030627871362940276
0 0.2752470355731225 0.7792861958928079 0.043478260869565216 0.030627871362940276
0 0.3524248236844145 0.7712648055184763 0.043478260869565216 0.030627871362940276
0 0.38405506471363265 0.7730473367127723 0.043478260869565216 0.030627871362940276
0 0.44098949856622494 0.7712648055184763 0.043478260869565216 0.030627871362940276
0 0.458702433542587 0.7694822743241804 0.043478260869565216 0.030627871362940276
0 0.4700893203131055 0.7534394935755173 0.043478260869565216 0.030627871362940276
0 0.4979239324188175 0.7472006343954817 0.043478260869565216 0.030627871362940276
0 0.5093108191893359 0.7258102600639309 0.043478260869565216 0.030627871362940276
0 0.4485807564132373 0.7347229160354104 0.043478260869565216 0.030627871362940276
0 0.44098949856622494 0.7570045559641091 0.043478260869565216 0.030627871362940276
0 0.4169505153840194 0.740961775215446 0.043478260869565216 0.030627871362940276
0 0.47515015887778045 0.7168976040924513 0.043478260869565216 0.030627871362940276
0 0.45996764318375577 0.7070936825238239 0.043478260869565216 0.030627871362940276
0 0.40809404789583825 0.7231364632724869 0.043478260869565216 0.030627871362940276
0 0.3853202743548012 0.7311578536468186 0.043478260869565216 0.030627871362940276
0 0.3536900333255833 0.740961775215446 0.043478260869565216 0.030627871362940276
0 0.28916434162597865 0.7516569623812215 0.043478260869565216 0.030627871362940276
0 0.2992860187553284 0.7347229160354104 0.043478260869565216 0.030627871362940276
0 0.24488200418507344 0.7552220247698133 0.043478260869565216 0.030627871362940276
0 0.23096469813221757 0.758787087158405 0.043478260869565216 0.030627871362940276
0 0.16137816786793796 0.7552220247698133 0.043478260869565216 0.030627871362940276
0 0.14240002325040713 0.777503664698512 0.043478260869565216 0.030627871362940276
0 0.09432205688599572 0.7730473367127723 0.043478260869565216 0.030627871362940276
0 0.08673079903898338 0.8069154294043943 0.043478260869565216 0.030627871362940276
0 0.12342187863287628 0.8193931477644656 0.043478260869565216 0.030627871362940276
0 0.1778258932031312 0.8211756789587616 0.043478260869565216 0.030627871362940276
0 0.1651737967914439 0.8193931477644656 0.043478260869565216 0.030627871362940276
0 0.12342187863287628 0.7953289766414708 0.043478260869565216 0.030627871362940276
0 0.04497888088041565 0.7997853046272108 0.043478260869565216 0.030627871362940276
0 0.05636576765093403 0.7792861958928079 0.043478260869565216 0.030627871362940276
0 0.03359199410989714 0.7676997431298845 0.043478260869565216 0.030627871362940276
0 0.02093989769820995 0.757895821561257 0.043478260869565216 0.030627871362940276
0 0.08673079903898338 0.7391792440211502 0.043478260869565216 0.030627871362940276
0 0.11203499186235777 0.7258102600639309 0.043478260869565216 0.030627871362940276
0 0.08420037975664603 0.7053111513295282 0.043478260869565216 0.030627871362940276
0 0.06648744478028387 0.7177888696895992 0.043478260869565216 0.030627871362940276
0 0.10570894365651423 0.6928334329694568 0.043478260869565216 0.030627871362940276
0 0.12342187863287628 0.7070936825238239 0.043478260869565216 0.030627871362940276
0 0.156317329303263 0.7177888696895992 0.043478260869565216 0.030627871362940276
0 0.15125649073858802 0.7472006343954817 0.043478260869565216 0.030627871362940276
0 0.18668236069131236 0.7373967128268543 0.043478260869565216 0.030627871362940276
0 0.22843427884987996 0.724918994466783 0.043478260869565216 0.030627871362940276
0 0.2701861970084478 0.7293753224525227 0.043478260869565216 0.030627871362940276
0 0.3056120669611719 0.7177888696895992 0.043478260869565216 0.030627871362940276
0 0.3283858405022089 0.7267015256610787 0.043478260869565216 0.030627871362940276
0 0.3043468573200031 0.6990722921494925 0.043478260869565216 0.030627871362940276
0 0.32965105014337776 0.7659172119355886 0.043478260869565216 0.030627871362940276
0 0.32585542121987154 0.7890901174614353 0.043478260869565216 0.030627871362940276
0 0.36760733937843915 0.7953289766414708 0.043478260869565216 0.030627871362940276
0 0.17529547392079384 0.8595000996361234 0.043478260869565216 0.030627871362940276
0 0.13607397504456334 0.8648476932190111 0.043478260869565216 0.030627871362940276
0 0.05383534836859667 0.7151150728981556 0.043478260869565216 0.030627871362940276
0 0.08293517011547721 0.66966052744361 0.043478260869565216 0.030627871362940276
0 0.05636576765093403 0.6616391370692785 0.043478260869565216 0.030627871362940276
0 0.019674688057041145 0.6652041994578703 0.043478260869565216 0.030627871362940276
0 0.04750930016275301 0.6429225595291715 0.043478260869565216 0.030627871362940276
0 0.08293517011547721 0.6268797787805084 0.043478260869565216 0.030627871362940276
0 0.09432205688599572 0.6215321851976209 0.043478260869565216 0.030627871362940276
0 0.11583062078586394 0.6349011691548399 0.043478260869565216 0.030627871362940276
0 0.13986960396806952 0.6268797787805084 0.043478260869565216 0.030627871362940276
0 0.15125649073858802 0.6295535755719524 0.043478260869565216 0.030627871362940276
0 0.20692571495001175 0.6652041994578703 0.043478260869565216 0.030627871362940276
0 0.2043952956676744 0.6910509017751608 0.043478260869565216 0.030627871362940276
0 0.1879475703324809 0.7088762137181199 0.043478260869565216 0.030627871362940276
0 0.14872607145625066 0.6750081210264977 0.043478260869565216 0.030627871362940276
0 0.2676557777261102 0.6794644490122375 0.043478260869565216 0.030627871362940276
0 0.27398182593195397 0.6634216682635744 0.043478260869565216 0.030627871362940276
0 0.3094076958846781 0.6652041994578703 0.043478260869565216 0.030627871362940276
0 0.31573374409052163 0.6848120425951252 0.043478260869565216 0.030627871362940276
0 0.3220597922963654 0.6527264810977991 0.043478260869565216 0.030627871362940276
0 0.38405506471363265 0.6830295114008292 0.043478260869565216 0.030627871362940276
0 0.3751985972254515 0.6571828090835388 0.043478260869565216 0.030627871362940276
0 0.4144200961016818 0.6652041994578703 0.043478260869565216 0.030627871362940276
0 0.4270721925133691 0.6687692618464621 0.043478260869565216 0.030627871362940276
0 0.4384590792838876 0.6554002778892429 0.043478260869565216 0.030627871362940276
0 0.4371938696427188 0.6910509017751608 0.043478260869565216 0.030627871362940276
0 0.47894578780128666 0.6589653402778347 0.043478260869565216 0.030627871362940276
0 0.5004543517011548 0.6509439499035031 0.043478260869565216 0.030627871362940276
0 0.48653704564829897 0.6892683705808649 0.043478260869565216 0.030627871362940276
0 0.4612328528249246 0.6366837003491359 0.043478260869565216 0.030627871362940276
0 0.47894578780128666 0.6313361067662481 0.043478260869565216 0.030627871362940276
0 0.05383534836859667 0.6972897609551965 0.043478260869565216 0.030627871362940276
0 0.11330020150352657 0.6750081210264977 0.043478260869565216 0.030627871362940276
0 0.16896942571495005 0.6144020604204371 0.043478260869565216 0.030627871362940276
0 0.18035631248546857 0.6001418108660699 0.043478260869565216 0.030627871362940276
0 0.12595229791521365 0.6054894044489576 0.043478260869565216 0.030627871362940276
0 0.09938289545067046 0.5876640925059986 0.043478260869565216 0.030627871362940276
0 0.0500397194450905 0.5956854828803302 0.043478260869565216 0.030627871362940276
0 0.1677042160737815 0.581425233325963 0.043478260869565216 0.030627871362940276
0 0.21957781136169907 0.5742951085487794 0.043478260869565216 0.030627871362940276
0 0.24235158490273584 0.5823164989231109 0.043478260869565216 0.030627871362940276
0 0.24994284274974818 0.6019243420603658 0.043478260869565216 0.030627871362940276
0 0.268920987367279 0.6366837003491359 0.043478260869565216 0.030627871362940276
0 0.3056120669611719 0.6366837003491359 0.043478260869565216 0.030627871362940276
0 0.32459021157870277 0.6090544668375494 0.043478260869565216 0.030627871362940276
0 0.29295997054948486 0.6161845916147332 0.043478260869565216 0.030627871362940276
0 0.28157308377896634 0.6206409196004727 0.043478260869565216 0.030627871362940276
0 0.19300840889715587 0.6108369980318453 0.043478260869565216 0.030627871362940276
0 0.3486291947609083 0.598359279671774 0.043478260869565216 0.030627871362940276
0 0.3321814694257151 0.5823164989231109 0.043478260869565216 0.030627871362940276
0 0.2828382934201349 0.5832077645202589 0.043478260869565216 0.030627871362940276
0 0.3119381151670154 0.5662737181744479 0.043478260869565216 0.030627871362940276
0 0.268920987367279 0.5734038429516315 0.043478260869565216 0.030627871362940276
0 0.3169989537316904 0.5796427021316671 0.043478260869565216 0.030627871362940276
0 0.40809404789583825 0.5707300461601876 0.043478260869565216 0.030627871362940276
0 0.42833740215453786 0.5707300461601876 0.043478260869565216 0.030627871362940276
0 0.43972428892505616 0.6028156076575137 0.043478260869565216 0.030627871362940276
0 0.43086782143687524 0.6135107948232892 0.043478260869565216 0.030627871362940276
0 0.4106244671781756 0.6179671228090289 0.043478260869565216 0.030627871362940276
0 0.39923758040765733 0.6072719356432535 0.043478260869565216 0.030627871362940276
0 0.4612328528249246 0.599250545268922 0.043478260869565216 0.030627871362940276
0 0.458702433542587 0.5778601709373712 0.043478260869565216 0.030627871362940276
0 0.4612328528249246 0.5618173901887081 0.043478260869565216 0.030627871362940276
0 0.4688241106719369 0.5520134686200807 0.043478260869565216 0.030627871362940276
0 0.4106244671781756 0.6455963563206154 0.043478260869565216 0.030627871362940276
0 0.37140296830194536 0.6411400283348757 0.043478260869565216 0.030627871362940276
0 0.5649800434007595 0.6135107948232892 0.043478260869565216 0.030627871362940276
0 0.5497975277067348 0.6081632012404015 0.043478260869565216 0.030627871362940276
0 0.5523279469890725 0.5671649837715959 0.043478260869565216 0.030627871362940276
0 0.5788973494536154 0.5680562493687438 0.043478260869565216 0.030627871362940276
0 0.6004059133534838 0.5600348589944122 0.043478260869565216 0.030627871362940276
0 0.616853638688677 0.5484484062314887 0.043478260869565216 0.030627871362940276
0 0.6143232194063397 0.5315143598856777 0.043478260869565216 0.030627871362940276
0 0.6181188483298459 0.5234929695113463 0.043478260869565216 0.030627871362940276
0 0.5814277687359529 0.6197496540033249 0.043478260869565216 0.030627871362940276
0 0.6345665736650391 0.6295535755719524 0.043478260869565216 0.030627871362940276
0 0.6333013640238705 0.653617746694947 0.043478260869565216 0.030627871362940276
0 0.5826929783771215 0.6527264810977991 0.043478260869565216 0.030627871362940276
0 0.341037936913896 0.6268797787805084 0.043478260869565216 0.030627871362940276
0 0.3549552429667521 0.6152933260175852 0.043478260869565216 0.030627871362940276
0 0.027265945904053485 0.5555785310086725 0.043478260869565216 0.030627871362940276
0 0.04497888088041565 0.5564697966058204 0.043478260869565216 0.030627871362940276
0 0.05763097729210284 0.5457746094400451 0.043478260869565216 0.030627871362940276
0 0.05763097729210284 0.5600348589944122 0.043478260869565216 0.030627871362940276
0 0.07913954119197104 0.5680562493687438 0.043478260869565216 0.030627871362940276
0 0.13607397504456334 0.5662737181744479 0.043478260869565216 0.030627871362940276
0 0.13860439432690094 0.5537959998143765 0.043478260869565216 0.030627871362940276
0 0.1575825389444318 0.5555785310086725 0.043478260869565216 0.030627871362940276
0 0.14240002325040713 0.5698387805630397 0.043478260869565216 0.030627871362940276
0 0.1765606835619624 0.5573610622029683 0.043478260869565216 0.030627871362940276
0 0.19174319925598707 0.5475571406343408 0.043478260869565216 0.030627871362940276
0 0.2043952956676744 0.5520134686200807 0.043478260869565216 0.030627871362940276
0 0.22843427884987996 0.543992078245749 0.043478260869565216 0.030627871362940276
0 0.25247326203208575 0.5493396718286369 0.043478260869565216 0.030627871362940276
0 0.2727166162907852 0.5395357502600094 0.043478260869565216 0.030627871362940276
0 0.2828382934201349 0.5127977823455708 0.043478260869565216 0.030627871362940276
0 0.31573374409052163 0.5119065167484228 0.043478260869565216 0.030627871362940276
0 0.31826416337285923 0.5377532190657134 0.043478260869565216 0.030627871362940276
0 0.3423031465550648 0.527949297497086 0.043478260869565216 0.030627871362940276
0 0.346098775478571 0.5056676575683873 0.043478260869565216 0.030627871362940276
0 0.38405506471363265 0.5217104383170503 0.043478260869565216 0.030627871362940276
0 0.3739333875842827 0.5502309374257848 0.043478260869565216 0.030627871362940276
0 0.3650769200961018 0.5671649837715959 0.043478260869565216 0.030627871362940276
0 0.3878506936371388 0.5858815613117028 0.043478260869565216 0.030627871362940276
0 0.4068288382546694 0.5288405630942341 0.043478260869565216 0.030627871362940276
0 0.4346634503603814 0.5324056254828257 0.043478260869565216 0.030627871362940276
0 0.4536415949779123 0.5341881566771216 0.043478260869565216 0.030627871362940276
0 0.4738849492366117 0.5288405630942341 0.043478260869565216 0.030627871362940276
0 0.48400662636596137 0.5332968910799738 0.043478260869565216 0.030627871362940276
0 0.49159788421297373 0.5234929695113463 0.043478260869565216 0.030627871362940276
0 0.42580698287220026 0.5582523278001164 0.043478260869565216 0.030627871362940276
0 0.4612328528249246 0.5056676575683873 0.043478260869565216 0.030627871362940276
0 0.481476207083624 0.5038851263740913 0.043478260869565216 0.030627871362940276
0 0.21325176315585528 0.6366837003491359 0.043478260869565216 0.030627871362940276
0 0.3878506936371388 0.6179671228090289 0.043478260869565216 0.030627871362940276
0 0.6206492676121832 0.6233147163919166 0.043478260869565216 0.030627871362940276
0 0.031061574827559654 0.5849902957145547 0.043478260869565216 0.030627871362940276
0 0.04244846159807816 0.5359706878714177 0.043478260869565216 0.030627871362940276
0 0.05889618693327152 0.527949297497086 0.043478260869565216 0.030627871362940276
0 0.05257013872742799 0.5074501887626831 0.043478260869565216 0.030627871362940276
0 0.05889618693327152 0.492298673611168 0.043478260869565216 0.030627871362940276
0 0.09938289545067046 0.5092327199569789 0.043478260869565216 0.030627871362940276
0 0.12468708827404508 0.5119065167484228 0.043478260869565216 0.030627871362940276
0 0.13986960396806952 0.5083414543598311 0.043478260869565216 0.030627871362940276
0 0.15252170037975682 0.5234929695113463 0.043478260869565216 0.030627871362940276
0 0.1778258932031312 0.5208191727199024 0.043478260869565216 0.030627871362940276
0 0.08546558939781458 0.5404270158571574 0.043478260869565216 0.030627871362940276
0 0.12215666899170748 0.527949297497086 0.043478260869565216 0.030627871362940276
0 0.08546558939781458 0.4878423456254282 0.043478260869565216 0.030627871362940276
0 0.12721750755638245 0.4878423456254282 0.043478260869565216 0.030627871362940276
0 0.1310131364798886 0.47625589286250486 0.043478260869565216 0.030627871362940276
0 0.1550521196620942 0.5003200639854996 0.043478260869565216 0.030627871362940276
0 0.17909110284430002 0.4860598144311323 0.043478260869565216 0.030627871362940276
0 0.19300840889715587 0.5012113295826475 0.043478260869565216 0.030627871362940276
0 0.2410863752615673 0.5199279071227544 0.043478260869565216 0.030627871362940276
0 0.21451697279702409 0.5208191727199024 0.043478260869565216 0.030627871362940276
0 0.24235158490273584 0.492298673611168 0.043478260869565216 0.030627871362940276
0 0.24235158490273584 0.4771471584596529 0.043478260869565216 0.030627871362940276
0 0.20819092459118055 0.47179956487676517 0.043478260869565216 0.030627871362940276
0 0.16896942571495005 0.46466944009958155 0.043478260869565216 0.030627871362940276
0 0.19047798961481852 0.47536462726535694 0.043478260869565216 0.030627871362940276
0 0.17529547392079384 0.4486266593509185 0.043478260869565216 0.030627871362940276
0 0.08926121832132075 0.4530829873366582 0.043478260869565216 0.030627871362940276
0 0.0601613965744402 0.4691257680853213 0.043478260869565216 0.030627871362940276
0 0.04497888088041565 0.46377817450243364 0.043478260869565216 0.030627871362940276
0 0.07787433155080224 0.47179956487676517 0.043478260869565216 0.030627871362940276
0 0.1082393629388516 0.45130045614236236 0.043478260869565216 0.030627871362940276
0 0.12468708827404508 0.4397140033794389 0.043478260869565216 0.030627871362940276
0 0.15252170037975682 0.4432790657680308 0.043478260869565216 0.030627871362940276
0 0.09685247616833309 0.47179956487676517 0.043478260869565216 0.030627871362940276
0 0.2501380492908626 0.7082077645202589 0.043478260869565216 0.030627871362940276
0 0.2273642757498257 0.7037514365345192 0.043478260869565216 0.030627871362940276
0 0.18814277687359532 0.7795090122920949 0.043478260869565216 0.030627871362940276
0 0.4842018329070759 0.5901150728981556 0.043478260869565216 0.030627871362940276
0 0.4361238665426645 0.47246801407462624 0.043478260869565216 0.030627871362940276
0 0.4867322521894133 0.46355535810314663 0.043478260869565216 0.030627871362940276
0 0.49242569557467253 0.4849457324346975 0.043478260869565216 0.030627871362940276
0 0.38614808571650006 0.49073895881615914 0.043478260869565216 0.030627871362940276
0 0.3349070952491669 0.47781560765751396 0.043478260869565216 0.030627871362940276
0 0.3051746686817019 0.48271756844182767 0.043478260869565216 0.030627871362940276
0 0.25519888785553757 0.48138067004610574 0.043478260869565216 0.030627871362940276
0 0.037582829574517605 0.4426106165701699 0.043478260869565216 0.030627871362940276
0 0.05782618383321713 0.4372630229872822 0.043478260869565216 0.030627871362940276
0 0.21914041308222895 0.4363717573901342 0.043478260869565216 0.030627871362940276
0 0.19636663954119207 0.43859992138300413 0.043478260869565216 0.030627871362940276
0 0.2716466131907309 0.43458922619583834 0.043478260869565216 0.030627871362940276
0 0.307072483143455 0.43548049179298626 0.043478260869565216 0.030627871362940276
0 0.3133985313492987 0.458653397318833 0.043478260869565216 0.030627871362940276
0 0.30137903975819574 0.4626640925059987 0.043478260869565216 0.030627871362940276
0 0.3342744904285826 0.4528601709373713 0.043478260869565216 0.030627871362940276
0 0.377291618228319 0.4617728269088508 0.043478260869565216 0.030627871362940276
0 0.3931067387429281 0.47335927967177416 0.043478260869565216 0.030627871362940276
0 0.4139826978222119 0.45954466291598095 0.043478260869565216 0.030627871362940276
0 0.4260021894133148 0.45152327254164937 0.043478260869565216 0.030627871362940276
0 0.4740801557777261 0.42166587503719305 0.043478260869565216 0.030627871362940276
0 0.44814335813376743 0.4332523278001164 0.043478260869565216 0.030627871362940276
0 0.38551548089591575 0.4292416326129506 0.043478260869565216 0.030627871362940276
0 0.38741329535766883 0.4149813830585834 0.043478260869565216 0.030627871362940276
0 0.39563715802526545 0.4074056254828259 0.043478260869565216 0.030627871362940276
0 0.38614808571650006 0.3949279071227546 0.043478260869565216 0.030627871362940276
0 0.4165131171045494 0.40027550070564233 0.043478260869565216 0.030627871362940276
0 0.37349598930481287 0.38289582156125723 0.043478260869565216 0.030627871362940276
0 0.36716994109896933 0.3708637359997599 0.043478260869565216 0.030627871362940276
0 0.3931067387429281 0.3708637359997599 0.043478260869565216 0.030627871362940276
0 0.4108196737192901 0.3708637359997599 0.043478260869565216 0.030627871362940276
0 0.4133500930016275 0.38735214954699704 0.043478260869565216 0.030627871362940276
0 0.4316956327985739 0.37532006398549966 0.043478260869565216 0.030627871362940276
0 0.4702845268542199 0.3771025951797955 0.043478260869565216 0.030627871362940276
0 0.48230401844532284 0.3775482279783695 0.043478260869565216 0.030627871362940276
0 0.44624554367201436 0.39225411033131075 0.043478260869565216 0.030627871362940276
0 0.3058072735022863 0.4189920782457492 0.043478260869565216 0.030627871362940276
0 0.31466374099046734 0.4154270158571574 0.043478260869565216 0.030627871362940276
0 0.31403113616988304 0.4033949302956601 0.043478260869565216 0.030627871362940276
0 0.2817682903200806 0.4149813830585834 0.043478260869565216 0.030627871362940276
0 0.2975834108346897 0.4087425238785478 0.043478260869565216 0.030627871362940276
0 0.289359548167093 0.3949279071227546 0.043478260869565216 0.030627871362940276
0 0.2830334999612493 0.3855696183527011 0.043478260869565216 0.030627871362940276
0 0.2925225722700147 0.3775482279783695 0.043478260869565216 0.030627871362940276
0 0.29884862047585836 0.36150544722970646 0.043478260869565216 0.030627871362940276
0 0.2722792180113152 0.36863557200689 0.043478260869565216 0.030627871362940276
0 0.34123314345501055 0.3570491192439667 0.043478260869565216 0.030627871362940276
0 0.35072221576377594 0.3606141816325585 0.043478260869565216 0.030627871362940276
0 0.24760763000852523 0.38735214954699704 0.043478260869565216 0.030627871362940276
0 0.2659531698054717 0.4185464454471752 0.043478260869565216 0.030627871362940276
0 0.26215754088196547 0.40116676630279025 0.043478260869565216 0.030627871362940276
0 0.23685334805859112 0.4172095470514533 0.043478260869565216 0.030627871362940276
0 0.22293604200573514 0.42077460944004513 0.043478260869565216 0.030627871362940276
0 0.2950529915523522 0.4675660532903124 0.043478260869565216 0.030627871362940276
0 0.12361708517399057 0.4247853046272109 0.043478260869565216 0.030627871362940276
0 0.1444930442532745 0.42255714063434097 0.043478260869565216 0.030627871362940276
0 0.1704298418972333 0.4292416326129506 0.043478260869565216 0.030627871362940276
0 0.16536900333255844 0.41097068787141766 0.043478260869565216 0.030627871362940276
0 0.19573403472060766 0.4033949302956601 0.043478260869565216 0.030627871362940276
0 0.1900405913353484 0.4194377110443232 0.043478260869565216 0.030627871362940276
0 0.20142747810586692 0.39225411033131075 0.043478260869565216 0.030627871362940276
0 0.1811841238471674 0.38913468074129287 0.043478260869565216 0.030627871362940276
0 0.19763184918236074 0.3762113295826476 0.043478260869565216 0.030627871362940276
0 0.2115491552352166 0.36640740801402016 0.043478260869565216 0.030627871362940276
0 0.20838613113229484 0.35883165043826265 0.043478260869565216 0.030627871362940276
0 0.16030816476788345 0.3579403848411146 0.043478260869565216 0.030627871362940276
0 0.15904295512671476 0.37933075917266545 0.043478260869565216 0.030627871362940276
0 0.13310615748275598 0.4025036646985122 0.043478260869565216 0.030627871362940276
0 0.12867792373866555 0.3668530408125941 0.043478260869565216 0.030627871362940276
0 0.11349540804464087 0.3722006343954818 0.043478260869565216 0.030627871362940276
0 0.08945642486243517 0.3722006343954818 0.043478260869565216 0.030627871362940276
0 0.11918885142990011 0.35838601763968864 0.043478260869565216 0.030627871362940276
0 0.08313037665659151 0.35972291603541057 0.043478260869565216 0.030627871362940276
0 0.07047828024490432 0.3610598144311325 0.043478260869565216 0.030627871362940276
0 0.023032918701077328 0.37130936879833387 0.043478260869565216 0.030627871362940276
0 0.07047828024490432 0.40072113350421623 0.043478260869565216 0.030627871362940276
0 0.09578247306827882 0.40651435988567786 0.043478260869565216 0.030627871362940276
0 0.0040547740835465435 0.4025036646985122 0.043478260869565216 0.030627871362940276
0 0.0641522320390608 0.386906516748423 0.043478260869565216 0.030627871362940276
0 0.03948064403627069 0.36328797842400234 0.043478260869565216 0.030627871362940276
0 0.42157395566922423 0.5317371762849649 0.043478260869565216 0.030627871362940276
0 0.009748217468805798 0.6137336112225763 0.043478260869565216 0.030627871362940276
0 0.0040547740835465435 0.6404715791370147 0.043478260869565216 0.030627871362940276
0 0.16473639851197402 0.6935018821673178 0.043478260869565216 0.030627871362940276
0 0.34483356583740216 0.41297603546500045 0.043478260869565216 0.030627871362940276
0 0.3536900333255833 0.4236712226307759 0.043478260869565216 0.030627871362940276
0 0.32332500193753394 0.4352576753936992 0.043478260869565216 0.030627871362940276
0 0.3751985972254515 0.40406337949352095 0.043478260869565216 0.030627871362940276
0 0.34989440440207714 0.39960705150778125 0.043478260869565216 0.030627871362940276
0 0.33724230799038984 0.39960705150778125 0.043478260869565216 0.030627871362940276
0 0.32585542121987154 0.38356427075911814 0.043478260869565216 0.030627871362940276
0 0.4380216810044176 0.492521490010455 0.043478260869565216 0.030627871362940276
0 0.47724317988064796 0.3508102600639309 0.043478260869565216 0.030627871362940276
0 0.4595302449042858 0.3401150728981555 0.043478260869565216 0.030627871362940276
0 0.41145227853987454 0.3338762137181199 0.043478260869565216 0.030627871362940276
0 0.4234717701309773 0.349918994466783 0.043478260869565216 0.030627871362940276
0 0.4139826978222119 0.3410063384953035 0.043478260869565216 0.030627871362940276
0 0.4234717701309773 0.3369956433081377 0.043478260869565216 0.030627871362940276
0 0.42979781833682096 0.3361043777109897 0.043478260869565216 0.030627871362940276
0 0.41714572192513366 0.32318102655234443 0.043478260869565216 0.030627871362940276
0 0.4133500930016275 0.3120402065879951 0.043478260869565216 0.030627871362940276
0 0.4184109315663025 0.3031275506165156 0.043478260869565216 0.030627871362940276
0 0.4468781484925986 0.30981204259512524 0.043478260869565216 0.030627871362940276
0 0.4709171316748043 0.3035731834150896 0.043478260869565216 0.030627871362940276
0 0.4487759629543517 0.2973343242350539 0.043478260869565216 0.030627871362940276
0 0.46965192203363565 0.3200615969623266 0.043478260869565216 0.030627871362940276
0 0.48989527629233515 0.3044644490122375 0.043478260869565216 0.030627871362940276
0 0.4595302449042858 0.28574787147213054 0.043478260869565216 0.030627871362940276
0 0.463325873827792 0.28218280908353877 0.043478260869565216 0.030627871362940276
0 0.46901931721305123 0.2692594579248935 0.043478260869565216 0.030627871362940276
0 0.47914099434240104 0.27282452031348525 0.043478260869565216 0.030627871362940276
0 0.4917930907540882 0.27460705150778114 0.043478260869565216 0.030627871362940276
0 0.486099647368829 0.26524876273772774 0.043478260869565216 0.030627871362940276
0 0.4974865341393475 0.25410794277337834 0.043478260869565216 0.030627871362940276
0 0.45699982562194846 0.2621293331477099 0.043478260869565216 0.030627871362940276
0 0.49116048593350387 0.24029332601758513 0.043478260869565216 0.030627871362940276
0 0.4842018329070759 0.22603307646321794 0.043478260869565216 0.030627871362940276
0 0.4842018329070759 0.242967122809029 0.043478260869565216 0.030627871362940276
0 0.4962213244981787 0.2153378892974425 0.043478260869565216 0.030627871362940276
0 0.45636722080136405 0.20241453813879723 0.043478260869565216 0.030627871362940276
0 0.44308251956909245 0.20642523332596302 0.043478260869565216 0.030627871362940276
0 0.4342260520809114 0.19038245257729988 0.043478260869565216 0.030627871362940276
0 0.4487759629543517 0.1859261245915602 0.043478260869565216 0.030627871362940276
0 0.4468781484925986 0.18236106220296835 0.043478260869565216 0.030627871362940276
0 0.4734475509571418 0.18102416380724642 0.043478260869565216 0.030627871362940276
0 0.48736485700999765 0.17656783582150667 0.043478260869565216 0.030627871362940276
0 0.433593447260327 0.1961756789587616 0.043478260869565216 0.030627871362940276
0 0.46142805936603887 0.17032897664147106 0.043478260869565216 0.030627871362940276
0 0.47661057506006355 0.16007942227426963 0.043478260869565216 0.030627871362940276
0 0.4728149461365574 0.1961756789587616 0.043478260869565216 0.030627871362940276
0 0.41714572192513366 0.22692434206036585 0.043478260869565216 0.030627871362940276
0 0.415880512283965 0.277280848299225 0.043478260869565216 0.030627871362940276
0 0.42726739905448347 0.28485660587498257 0.043478260869565216 0.030627871362940276
0 0.06541744168022946 0.3427888696895994 0.043478260869565216 0.030627871362940276
0 0.07933474773308534 0.3361043777109897 0.043478260869565216 0.030627871362940276
0 0.03441980547159584 0.3401150728981555 0.043478260869565216 0.030627871362940276
0 0.016074265674649393 0.34679956487676517 0.043478260869565216 0.030627871362940276
0 0.06351962721847638 0.313822737782291 0.043478260869565216 0.030627871362940276
0 0.0755391188095793 0.31293147218514306 0.043478260869565216 0.030627871362940276
0 0.12298448035340628 0.3084751441994033 0.043478260869565216 0.030627871362940276
0 0.1457582538944432 0.3240722921494924 0.043478260869565216 0.030627871362940276
0 0.17675589010307682 0.3187246985666047 0.043478260869565216 0.030627871362940276
0 0.22609906610865702 0.3450170336824692 0.043478260869565216 0.030627871362940276
0 0.21281436487638541 0.3436801352867473 0.043478260869565216 0.030627871362940276
0 0.1811841238471674 0.349027728869635 0.043478260869565216 0.030627871362940276
0 0.17106244671781767 0.3512558928625049 0.043478260869565216 0.030627871362940276
0 0.15841035030613038 0.3436801352867473 0.043478260869565216 0.030627871362940276
0 0.14006481050918393 0.349918994466783 0.043478260869565216 0.030627871362940276
0 0.1198214562504844 0.3401150728981555 0.043478260869565216 0.030627871362940276
0 0.10463894055645985 0.34679956487676517 0.043478260869565216 0.030627871362940276
0 0.26468796016430285 0.34679956487676517 0.043478260869565216 0.030627871362940276
0 0.2526684685732001 0.3361043777109897 0.043478260869565216 0.030627871362940276
0 0.25709670231729065 0.3258548233437883 0.043478260869565216 0.030627871362940276
0 0.2944203867317678 0.3329849481209719 0.043478260869565216 0.030627871362940276
0 0.2716466131907309 0.3508102600639309 0.043478260869565216 0.030627871362940276
0 0.23685334805859112 0.3530384240568008 0.043478260869565216 0.030627871362940276
0 0.21218176005580103 0.3271917217395102 0.043478260869565216 0.030627871362940276
0 0.2248338564674882 0.3151596361780129 0.043478260869565216 0.030627871362940276
0 0.22420125164690394 0.2995624882279238 0.043478260869565216 0.030627871362940276
0 0.2115491552352166 0.31293147218514306 0.043478260869565216 0.030627871362940276
0 0.2703814035495621 0.3169421673723088 0.043478260869565216 0.030627871362940276
0 0.28113568549949636 0.3053557146093855 0.043478260869565216 0.030627871362940276
0 0.36021128807254127 0.349918994466783 0.043478260869565216 0.030627871362940276
0 0.33870272417267305 0.37532006398549955 0.043478260869565216 0.030627871362940276
0 0.05845878865380153 0.3026819178179416 0.043478260869565216 0.030627871362940276
0 0.09451726342711002 0.28797603546500045 0.043478260869565216 0.030627871362940276
0 0.09768028753003179 0.2982255898322019 0.043478260869565216 0.030627871362940276
0 0.11412801286522527 0.29510616024218406 0.043478260869565216 0.030627871362940276
0 0.1198214562504844 0.2830740746806867 0.043478260869565216 0.030627871362940276
0 0.15208430210028684 0.2812915434863908 0.043478260869565216 0.030627871362940276
0 0.15714514066496169 0.3035731834150896 0.043478260869565216 0.030627871362940276
0 0.1811841238471674 0.2982255898322019 0.043478260869565216 0.030627871362940276
0 0.1925710106176859 0.2804002778892428 0.043478260869565216 0.030627871362940276
0 0.22230343718515083 0.2893129338607224 0.043478260869565216 0.030627871362940276
0 0.22926209021157878 0.2812915434863908 0.043478260869565216 0.030627871362940276
0 0.29062475780826164 0.2804002778892428 0.043478260869565216 0.030627871362940276
0 0.2583619119584593 0.28975856665929633 0.043478260869565216 0.030627871362940276
0 0.26721837944664034 0.2995624882279238 0.043478260869565216 0.030627871362940276
0 0.2849313144230024 0.2705963563206154 0.043478260869565216 0.030627871362940276
0 0.2691161939083934 0.2688138251263195 0.043478260869565216 0.030627871362940276
0 0.23432292877625363 0.27282452031348525 0.043478260869565216 0.030627871362940276
0 0.26532056498488726 0.260346801953414 0.043478260869565216 0.030627871362940276
0 0.2533010733937845 0.2763895827020771 0.043478260869565216 0.030627871362940276
0 0.3766590134077346 0.2741614187092072 0.043478260869565216 0.030627871362940276
0 0.3817198519724096 0.28218280908353877 0.043478260869565216 0.030627871362940276
0 0.38804590017825313 0.29109546505501827 0.043478260869565216 0.030627871362940276
0 0.3760264085871503 0.3031275506165156 0.043478260869565216 0.030627871362940276
0 0.352620030225529 0.3093664097965512 0.043478260869565216 0.030627871362940276
0 0.33300928078741376 0.2982255898322019 0.043478260869565216 0.030627871362940276
0 0.34882440130202286 0.295551793040758 0.043478260869565216 0.030627871362940276
0 0.3159289506316362 0.2902041994578703 0.043478260869565216 0.030627871362940276
0 0.4342260520809114 0.2674769267305976 0.043478260869565216 0.030627871362940276
0 0.415880512283965 0.25410794277337834 0.043478260869565216 0.030627871362940276
0 0.3975349724870185 0.260346801953414 0.043478260869565216 0.030627871362940276
0 0.35957868325195697 0.2830740746806867 0.043478260869565216 0.030627871362940276
0 0.289359548167093 0.2514341459819345 0.043478260869565216 0.030627871362940276
0 0.30137903975819574 0.24430402120475087 0.043478260869565216 0.030627871362940276
0 0.30960290242579247 0.24920598198906463 0.043478260869565216 0.030627871362940276
0 0.31719416027280484 0.24252149001045498 0.043478260869565216 0.030627871362940276
0 0.29315517709059913 0.23450009963612342 0.043478260869565216 0.030627871362940276
0 0.2748096372936527 0.23093503724753164 0.043478260869565216 0.030627871362940276
0 0.2874617337053399 0.22113111567890417 0.043478260869565216 0.030627871362940276
0 0.2975834108346897 0.2184573188874603 0.043478260869565216 0.030627871362940276
0 0.3323766759668295 0.2264787092617919 0.043478260869565216 0.030627871362940276
0 0.250770654111447 0.22826124045608778 0.043478260869565216 0.030627871362940276
0 0.2583619119584593 0.22603307646321794 0.043478260869565216 0.030627871362940276
0 0.23938376734092848 0.22826124045608778 0.043478260869565216 0.030627871362940276
0 0.273544427652484 0.24920598198906463 0.043478260869565216 0.030627871362940276
0 0.2748096372936527 0.24252149001045498 0.043478260869565216 0.030627871362940276
0 0.4006979965899403 0.22335927967177407 0.043478260869565216 0.030627871362940276
0 0.39563715802526545 0.23851079482328919 0.043478260869565216 0.030627871362940276
0 0.38804590017825313 0.24207585721188096 0.043478260869565216 0.030627871362940276
0 0.4076566496163684 0.1992951085487794 0.043478260869565216 0.030627871362940276
0 0.38741329535766883 0.1961756789587616 0.043478260869565216 0.030627871362940276
0 0.36970036038130666 0.19216498377159583 0.043478260869565216 0.030627871362940276
0 0.368435150740138 0.20731649892311094 0.043478260869565216 0.030627871362940276
0 0.3633743121754631 0.2148922564988685 0.043478260869565216 0.030627871362940276
0 0.368435150740138 0.21310972530457264 0.043478260869565216 0.030627871362940276
0 0.37792422304890344 0.1872630229872821 0.043478260869565216 0.030627871362940276
0 0.35198742540494465 0.19528441336161365 0.043478260869565216 0.030627871362940276
0 0.40639143997519955 0.17835036701580262 0.043478260869565216 0.030627871362940276
0 0.4228391653103929 0.18637175739013415 0.043478260869565216 0.030627871362940276
0 0.4316956327985739 0.16676391425287923 0.043478260869565216 0.030627871362940276
0 0.4449803340308455 0.16409011746143537 0.043478260869565216 0.030627871362940276
0 0.4513063822366892 0.1542861958928079 0.043478260869565216 0.030627871362940276
0 0.024930733162830412 0.25054288038478656 0.043478260869565216 0.030627871362940276
0 0.014809056033480648 0.26524876273772774 0.043478260869565216 0.030627871362940276
0 0.010380822289390138 0.2790633794935209 0.043478260869565216 0.030627871362940276
0 0.023032918701077328 0.2349457324346974 0.043478260869565216 0.030627871362940276
0 0.04390887778036126 0.24430402120475087 0.043478260869565216 0.030627871362940276
0 0.0755391188095793 0.24920598198906463 0.043478260869565216 0.030627871362940276
0 0.08819121522126648 0.260792434751988 0.043478260869565216 0.030627871362940276
0 0.08692600558009768 0.24653218519762077 0.043478260869565216 0.030627871362940276
0 0.1103323839417191 0.24742345079476868 0.043478260869565216 0.030627871362940276
0 0.11539322250639394 0.25811863796054413 0.043478260869565216 0.030627871362940276
0 0.12804531891808113 0.24831471639191666 0.043478260869565216 0.030627871362940276
0 0.1546147213826242 0.24653218519762077 0.043478260869565216 0.030627871362940276
0 0.1685320274354802 0.27282452031348525 0.043478260869565216 0.030627871362940276
0 0.18687756723242663 0.2648031299391538 0.043478260869565216 0.030627871362940276
0 0.1103323839417191 0.22514181086606996 0.043478260869565216 0.030627871362940276
0 0.10021070681236927 0.2349457324346974 0.043478260869565216 0.030627871362940276
0 0.014809056033480648 0.21667478769316442 0.043478260869565216 0.030627871362940276
0 0.028726362086336582 0.2082077645202589 0.043478260869565216 0.030627871362940276
0 0.016074265674649393 0.19840384295163144 0.043478260869565216 0.030627871362940276
0 0.02429812834224607 0.1872630229872821 0.043478260869565216 0.030627871362940276
0 0.03948064403627069 0.18637175739013415 0.043478260869565216 0.030627871362940276
0 0.048337111524451706 0.19216498377159583 0.043478260869565216 0.030627871362940276
0 0.04454148260094554 0.20018637414592738 0.043478260869565216 0.030627871362940276
0 0.05656097419204845 0.1961756789587616 0.043478260869565216 0.030627871362940276
0 0.0609892079361389 0.18503485899441222 0.043478260869565216 0.030627871362940276
0 0.05023492598620479 0.1770134686200807 0.043478260869565216 0.030627871362940276
0 0.023665523521661732 0.17211150783576695 0.043478260869565216 0.030627871362940276
0 0.016074265674649393 0.16498138305858334 0.043478260869565216 0.030627871362940276
0 0.0337872006510115 0.16587264865573126 0.043478260869565216 0.030627871362940276
0 0.03631761993334892 0.1587425238785477 0.043478260869565216 0.030627871362940276
0 0.06478483685964506 0.16409011746143537 0.043478260869565216 0.030627871362940276
0 0.06605004650081388 0.1730027734329149 0.043478260869565216 0.030627871362940276
0 0.09072163450360385 0.16810081264860116 0.043478260869565216 0.030627871362940276
0 0.09514986824769442 0.1761222030229327 0.043478260869565216 0.030627871362940276
0 0.1078019646593816 0.17478530462721079 0.043478260869565216 0.030627871362940276
0 0.11855624660931571 0.17656783582150667 0.043478260869565216 0.030627871362940276
0 0.1204540610710688 0.1859261245915602 0.043478260869565216 0.030627871362940276
0 0.11412801286522527 0.1868173901887081 0.043478260869565216 0.030627871362940276
0 0.11096498876230337 0.1961756789587616 0.043478260869565216 0.030627871362940276
0 0.09704768270944751 0.19038245257729988 0.043478260869565216 0.030627871362940276
0 0.08819121522126648 0.1961756789587616 0.043478260869565216 0.030627871362940276
0 0.08059995737425414 0.18414359339726424 0.043478260869565216 0.030627871362940276
0 0.07364130434782622 0.20687086612453698 0.043478260869565216 0.030627871362940276
0 0.09388465860652574 0.20419706933309317 0.043478260869565216 0.030627871362940276
0 0.0755391188095793 0.21934858448460828 0.043478260869565216 0.030627871362940276
0 0.08313037665659151 0.23048940444895763 0.043478260869565216 0.030627871362940276
0 0.09451726342711002 0.22692434206036585 0.043478260869565216 0.030627871362940276
0 0.13626918158567775 0.20642523332596302 0.043478260869565216 0.030627871362940276
0 0.1457582538944432 0.21890295168603427 0.043478260869565216 0.030627871362940276
0 0.1811841238471674 0.2224680140746261 0.043478260869565216 0.030627871362940276
0 0.18244933348833606 0.21310972530457264 0.043478260869565216 0.030627871362940276
0 0.1704298418972333 0.20464270213166708 0.043478260869565216 0.030627871362940276
0 0.16600160815314272 0.1961756789587616 0.043478260869565216 0.030627871362940276
0 0.141962624970937 0.1961756789587616 0.043478260869565216 0.030627871362940276
0 0.1457582538944432 0.18013289821009842 0.043478260869565216 0.030627871362940276
0 0.17359286600015505 0.18057853100867247 0.043478260869565216 0.030627871362940276
0 0.15271690692087123 0.17835036701580262 0.043478260869565216 0.030627871362940276
0 0.19510142990002324 0.18637175739013415 0.043478260869565216 0.030627871362940276
0 0.20332529256762 0.1761222030229327 0.043478260869565216 0.030627871362940276
0 0.1906731961559328 0.1730027734329149 0.043478260869565216 0.030627871362940276
0 0.17106244671781767 0.16899207824574913 0.043478260869565216 0.030627871362940276
0 0.13437136712392478 0.17032897664147106 0.043478260869565216 0.030627871362940276
0 0.147023463535612 0.15606872708710384 0.043478260869565216 0.030627871362940276
0 0.13057573820041862 0.15250366469851204 0.043478260869565216 0.030627871362940276
0 0.13879960086801524 0.1444822743241805 0.043478260869565216 0.030627871362940276
0 0.12931052855924982 0.14180847753273665 0.043478260869565216 0.030627871362940276
0 0.13563657676509347 0.13779778234557086 0.043478260869565216 0.030627871362940276
0 0.10527154537704413 0.1511667663027901 0.043478260869565216 0.030627871362940276
0 0.09135423932418825 0.15606872708710384 0.043478260869565216 0.030627871362940276
0 0.07933474773308534 0.14893860230992026 0.043478260869565216 0.030627871362940276
0 0.09261944896535694 0.1440366415256065 0.043478260869565216 0.030627871362940276
0 0.05782618383321713 0.1391346807412928 0.043478260869565216 0.030627871362940276
0 0.07743693327133239 0.12220063439548173 0.043478260869565216 0.030627871362940276
0 0.2400163721615129 0.21043592851312878 0.043478260869565216 0.030627871362940276
0 0.19699924436177635 0.2050883349302411 0.043478260869565216 0.030627871362940276
0 0.1641037936913896 0.2264787092617919 0.043478260869565216 0.030627871362940276
0 0.16094076958846787 0.21934858448460828 0.043478260869565216 0.030627871362940276
0 0.23369032395566922 0.2010776397430753 0.043478260869565216 0.030627871362940276
0 0.23495553359683805 0.18637175739013415 0.043478260869565216 0.030627871362940276
0 0.1799189142059987 0.39492790712275444 0.043478260869565216 0.030627871362940276
0 0.025563337983414817 0.11462487681972416 0.043478260869565216 0.030627871362940276
0 0.026828547624583497 0.10482095525109675 0.043478260869565216 0.030627871362940276
0 0.05086753080678919 0.10259279125822682 0.043478260869565216 0.030627871362940276
0 0.048337111524451706 0.09457140088389525 0.043478260869565216 0.030627871362940276
0 0.053397950089126685 0.11908120480546391 0.043478260869565216 0.030627871362940276
0 0.06794786096256697 0.10571222084824468 0.043478260869565216 0.030627871362940276
0 0.07870214291250106 0.10838601763968853 0.043478260869565216 0.030627871362940276
0 0.09451726342711002 0.11061418163255839 0.043478260869565216 0.030627871362940276
0 0.10843456947996602 0.11507050961829812 0.043478260869565216 0.030627871362940276
0 0.12551489963574367 0.10615785364681868 0.043478260869565216 0.030627871362940276
0 0.13437136712392478 0.10170152566107889 0.043478260869565216 0.030627871362940276
0 0.14259522979152142 0.09679956487676518 0.043478260869565216 0.030627871362940276
0 0.1096997791211347 0.09011507289815555 0.043478260869565216 0.030627871362940276
0 0.15398211656203992 0.10972291603541041 0.043478260869565216 0.030627871362940276
0 0.17232765635898636 0.1137336112225762 0.043478260869565216 0.030627871362940276
0 0.1546147213826242 0.0927888696895994 0.043478260869565216 0.030627871362940276
0 0.21028394559404792 0.12220063439548173 0.043478260869565216 0.030627871362940276
0 0.19320361543827017 0.1297763919712393 0.043478260869565216 0.030627871362940276
0 0.34945700612260716 0.1872630229872821 0.043478260869565216 0.030627871362940276
0 0.29062475780826164 0.17924163261295054 0.043478260869565216 0.030627871362940276
0 0.2792378710377433 0.18503485899441222 0.043478260869565216 0.030627871362940276
0 0.2615249360613811 0.17835036701580262 0.043478260869565216 0.030627871362940276
0 0.30201164457878016 0.18637175739013415 0.043478260869565216 0.030627871362940276
0 0.307072483143455 0.1961756789587616 0.043478260869565216 0.030627871362940276
0 0.2482402348291095 0.20241453813879723 0.043478260869565216 0.030627871362940276
0 0.24381200108501905 0.17523093742578474 0.043478260869565216 0.030627871362940276
0 0.2267316709292413 0.1627532190657135 0.043478260869565216 0.030627871362940276
0 0.2140795745175541 0.16409011746143537 0.043478260869565216 0.030627871362940276
0 0.02429812834224607 0.0923432368910254 0.043478260869565216 0.030627871362940276
0 0.030624176548089667 0.08432184651669383 0.043478260869565216 0.030627871362940276
0 0.045806692242114345 0.0878869089052857 0.043478260869565216 0.030627871362940276
0 0.004687378904130885 0.10170152566107889 0.043478260869565216 0.030627871362940276
0 0.25247326203208575 0.189268370580865 0.043478260869565216 0.030627871362940276
0 0.33977272727272745 0.19283343296945687 0.043478260869565216 0.030627871362940276
0 0.4460503371308999 0.22135393207819118 0.043478260869565216 0.030627871362940276
0 0.4270721925133691 0.21689760409245148 0.043478260869565216 0.030627871362940276
0 0.2701861970084478 0.16787799624931415 0.043478260869565216 0.030627871362940276
0 0.30055122839649695 0.16431293386072246 0.043478260869565216 0.030627871362940276
0 0.022205107339378635 0.4958637359997598 0.043478260869565216 0.030627871362940276
0 0.0044921723630165925 0.4878423456254282 0.043478260869565216 0.030627871362940276
0 0.3094076958846781 0.15540027788924288 0.043478260869565216 0.030627871362940276
0 0.2878991319848099 0.15183521550065118 0.043478260869565216 0.030627871362940276
0 0.23191360536309408 0.12041810320118584 0.043478260869565216 0.030627871362940276
0 0.21040504146322575 0.1311132903669612 0.043478260869565216 0.030627871362940276
0 0.1933247113074481 0.1440366415256065 0.043478260869565216 0.030627871362940276
0 0.19269210648686372 0.1565143598856778 0.043478260869565216 0.030627871362940276
0 0.24519830659536557 0.1458191727199024 0.043478260869565216 0.030627871362940276
0 0.2395048632101063 0.13245018876268316 0.043478260869565216 0.030627871362940276
0 0.2641764512128964 0.10259279125822682 0.043478260869565216 0.030627871362940276
0 0.277461152445168 0.09991899446678296 0.043478260869565216 0.030627871362940276
0 0.28378720065101154 0.0883325417038596 0.043478260869565216 0.030627871362940276
0 0.26544166085406506 0.08610437771098976 0.043478260869565216 0.030627871362940276
0 0.263543846392312 0.0780829873366582 0.043478260869565216 0.030627871362940276
0 0.27809375726575225 0.07674608894093625 0.043478260869565216 0.030627871362940276
0 0.2527895644423779 0.07362665935091849 0.043478260869565216 0.030627871362940276
0 0.12626860032550588 0.08209368252382397 0.043478260869565216 0.030627871362940276
0 0.13259464853134953 0.08565874491241576 0.043478260869565216 0.030627871362940276
0 0.14018590637836187 0.08655001050956378 0.043478260869565216 0.030627871362940276
0 0.21356806556614763 0.09635393207819118 0.043478260869565216 0.030627871362940276
0 0.17687698597225476 0.09991899446678296 0.043478260869565216 0.030627871362940276
0 0.19901815469270726 0.0927888696895994 0.043478260869565216 0.030627871362940276
0 0.21103764628381017 0.0883325417038596 0.043478260869565216 0.030627871362940276
0 0.2186289041308225 0.07318102655234449 0.043478260869565216 0.030627871362940276
0 0.35527154537704425 0.14269974312988457 0.043478260869565216 0.030627871362940276
0 0.36286280322405656 0.1311132903669612 0.043478260869565216 0.030627871362940276
0 0.3767801092769126 0.1208637359997598 0.043478260869565216 0.030627871362940276
0 0.3850039719445092 0.13200455596410918 0.043478260869565216 0.030627871362940276
0 0.37804531891808124 0.1422541103313106 0.043478260869565216 0.030627871362940276
0 0.37804531891808124 0.1480473367127723 0.043478260869565216 0.030627871362940276
0 0.3268043284507481 0.1770134686200807 0.043478260869565216 0.030627871362940276
0 0.32364130434782634 0.14893860230992026 0.043478260869565216 0.030627871362940276
0 0.31035660311555474 0.1444822743241805 0.043478260869565216 0.030627871362940276
0 0.3173152561419827 0.13022202476981326 0.043478260869565216 0.030627871362940276
0 0.324906513988995 0.11685304081259401 0.043478260869565216 0.030627871362940276
0 0.3350281911183447 0.08610437771098976 0.043478260869565216 0.030627871362940276
0 0.2913784584980239 0.07585482334378835 0.043478260869565216 0.030627871362940276
0 0.3065609741920486 0.07407229214949242 0.043478260869565216 0.030627871362940276
0 0.3166826513213983 0.07941988573238012 0.043478260869565216 0.030627871362940276
0 0.3135196272184765 0.09635393207819118 0.043478260869565216 0.030627871362940276
0 0.4950772107261879 0.10392968965394875 0.043478260869565216 0.030627871362940276
0 0.46787520344106037 0.09769083047391311 0.043478260869565216 0.030627871362940276
0 0.48432292877625377 0.09056070569672955 0.043478260869565216 0.030627871362940276
0 0.45142747810586703 0.09635393207819118 0.043478260869565216 0.030627871362940276
0 0.4615491552352167 0.09011507289815555 0.043478260869565216 0.030627871362940276
0 0.4609165504146325 0.1279938607769434 0.043478260869565216 0.030627871362940276
0 0.4798946950321632 0.1400259463384407 0.043478260869565216 0.030627871362940276
0 0.49128158180268167 0.14492790712275447 0.043478260869565216 0.030627871362940276
0 0.5026684685732002 0.14047157913701472 0.043478260869565216 0.030627871362940276
0 0.5026684685732002 0.12175500159690776 0.043478260869565216 0.030627871362940276
0 0.47103822754398217 0.11640740801402005 0.043478260869565216 0.030627871362940276
0 0.40271690692087125 0.1511667663027901 0.043478260869565216 0.030627871362940276
0 0.41220597922963664 0.1458191727199024 0.043478260869565216 0.030627871362940276
0 0.42802109974424574 0.12621132958264752 0.043478260869565216 0.030627871362940276
0 0.3502107068123694 0.1587425238785477 0.043478260869565216 0.030627871362940276
0 0.3514759164535381 0.16631828145430527 0.043478260869565216 0.030627871362940276
0 0.3641280128652254 0.16988334384289705 0.043478260869565216 0.030627871362940276
0 0.36286280322405656 0.1542861958928079 0.043478260869565216 0.030627871362940276
0 0.37804531891808124 0.15785125828139973 0.043478260869565216 0.030627871362940276
0 0.49570981554677224 0.20419706933309317 0.043478260869565216 0.030627871362940276
0 0.3489454971712007 0.09412576808532133 0.043478260869565216 0.030627871362940276
0 0.356536755018213 0.08387621371811992 0.043478260869565216 0.030627871362940276
0 0.35463894055645995 0.09858209607106103 0.043478260869565216 0.030627871362940276
0 0.3856365767650936 0.08209368252382397 0.043478260869565216 0.030627871362940276
0 0.3799431333798344 0.08253931532239799 0.043478260869565216 0.030627871362940276
0 0.363495408044641 0.11061418163255839 0.043478260869565216 0.030627871362940276
0 0.34514986824769456 0.1257656967840735 0.043478260869565216 0.030627871362940276
0 0.4071451406649618 0.07763735453808428 0.043478260869565216 0.030627871362940276
0 0.40398211656204003 0.08432184651669383 0.043478260869565216 0.030627871362940276
0 0.4242254708207396 0.09635393207819118 0.043478260869565216 0.030627871362940276
0 0.4463666395411922 0.10838601763968853 0.043478260869565216 0.030627871362940276
0 0.3717192707122376 0.10303842405680082 0.043478260869565216 0.030627871362940276
0 0.39955388281794946 0.09813646327248711 0.043478260869565216 0.030627871362940276
0 0.3046631597302955 0.11061418163255839 0.043478260869565216 0.030627871362940276
0 0.3362934007595135 0.09858209607106103 0.043478260869565216 0.030627871362940276
0 0.03517350616135805 0.08075678412810205 0.043478260869565216 0.030627871362940276
0 0.0528864411377201 0.07540919054521433 0.043478260869565216 0.030627871362940276
0 0.3040305549097111 0.13824341514414482 0.043478260869565216 0.030627871362940276
0 0.2888480392156865 0.11818993920831594 0.043478260869565216 0.030627871362940276
0 0.4950772107261879 0.17032897664147106 0.043478260869565216 0.030627871362940276
0 0.5026684685732002 0.224250545268922 0.043478260869565216 0.030627871362940276
0 0.47293604200573525 0.260792434751988 0.043478260869565216 0.030627871362940276
0 0.48622074323800685 0.11818993920831594 0.043478260869565216 0.030627871362940276
0 0.4141037936913897 0.09056070569672955 0.043478260869565216 0.030627871362940276
0 0.3698214562504845 0.09056070569672955 0.043478260869565216 0.030627871362940276
0 0.3356607959389291 0.07719172173951028 0.043478260869565216 0.030627871362940276
0 0.3255391188095794 0.12220063439548173 0.043478260869565216 0.030627871362940276
0 0.49697502518794096 0.1939475149658917 0.043478260869565216 0.030627871362940276
0 0.5039336782143689 0.13200455596410918 0.043478260869565216 0.030627871362940276
0 0.21483327520731632 0.17835036701580262 0.043478260869565216 0.030627871362940276
0 0.14967497868712717 0.2331632012404015 0.043478260869565216 0.030627871362940276
0 0.1490423738665429 0.1462648055184764 0.043478260869565216 0.030627871362940276
0 0.1945899209486168 0.11507050961829812 0.043478260869565216 0.030627871362940276
0 0.24772872587770303 0.0923432368910254 0.043478260869565216 0.030627871362940276
0 0.23064839572192528 0.10303842405680082 0.043478260869565216 0.030627871362940276
0 0.3831061574827561 0.10972291603541041 0.043478260869565216 0.030627871362940276
0 0.4166342129737272 0.10482095525109675 0.043478260869565216 0.030627871362940276
0 0.4773642757498258 0.10259279125822682 0.043478260869565216 0.030627871362940276
0 0.5197487987289777 0.4934127556076029 0.043478260869565216 0.030627871362940276
0 0.555174668681702 0.492521490010455 0.043478260869565216 0.030627871362940276
0 0.5678267650933891 0.49653218519762066 0.043478260869565216 0.030627871362940276
0 0.5792136518639076 0.4947496540033248 0.043478260869565216 0.030627871362940276
0 0.5766832325815702 0.4644466237002945 0.043478260869565216 0.030627871362940276
0 0.5602355072463767 0.47157674847747816 0.043478260869565216 0.030627871362940276
0 0.5532768542199489 0.45286017093737124 0.043478260869565216 0.030627871362940276
0 0.6000896109431915 0.47068548288033013 0.043478260869565216 0.030627871362940276
0 0.6247611989459815 0.4791525060532357 0.043478260869565216 0.030627871362940276
0 0.6253938037665658 0.4693485844846083 0.043478260869565216 0.030627871362940276
0 0.634250271254747 0.473359279671774 0.043478260869565216 0.030627871362940276
0 0.6709413508486398 0.4746961780674959 0.043478260869565216 0.030627871362940276
0 0.6633500930016275 0.4568708661245369 0.043478260869565216 0.030627871362940276
0 0.6374132953576687 0.474250545268922 0.043478260869565216 0.030627871362940276
0 0.6772673990544834 0.46310972530457256 0.043478260869565216 0.030627871362940276
0 0.6500653917693558 0.44929510854877935 0.043478260869565216 0.030627871362940276
0 0.622230779663644 0.45731649892311094 0.043478260869565216 0.030627871362940276
0 0.6076808687902038 0.45375143653451905 0.043478260869565216 0.030627871362940276
0 0.6057830543284507 0.44528441336161356 0.043478260869565216 0.030627871362940276
0 0.6165373362783848 0.4305785310086724 0.043478260869565216 0.030627871362940276
0 0.5602355072463767 0.4234484062314888 0.043478260869565216 0.030627871362940276
0 0.5697245795551422 0.39626480551847637 0.043478260869565216 0.030627871362940276
0 0.5463182011935209 0.40072113350421606 0.043478260869565216 0.030627871362940276
0 0.5444203867317678 0.3922541103313106 0.043478260869565216 0.030627871362940276
0 0.5216466131907308 0.3958191727199024 0.043478260869565216 0.030627871362940276
0 0.5077293071378749 0.41498138305858334 0.043478260869565216 0.030627871362940276
0 0.5248096372936526 0.3828958215612571 0.043478260869565216 0.030627871362940276
0 0.543155177090599 0.38022202476981326 0.043478260869565216 0.030627871362940276
0 0.5374617337053398 0.3739831655897776 0.043478260869565216 0.030627871362940276
0 0.534298709602418 0.36997247040261183 0.043478260869565216 0.030627871362940276
0 0.548216015655274 0.366853040812594 0.043478260869565216 0.030627871362940276
0 0.5615007168875454 0.3539296896539487 0.043478260869565216 0.030627871362940276
0 0.5697245795551422 0.37888512637409133 0.043478260869565216 0.030627871362940276
0 0.590600538634426 0.36818993920831594 0.043478260869565216 0.030627871362940276
0 0.6032526350461133 0.39091721193558865 0.043478260869565216 0.030627871362940276
0 0.6171699410989692 0.39091721193558865 0.043478260869565216 0.030627871362940276
0 0.6152721266372161 0.36908120480546386 0.043478260869565216 0.030627871362940276
0 0.6279242230489033 0.3722006343954817 0.043478260869565216 0.030627871362940276
0 0.6102112880725412 0.41542701585715724 0.043478260869565216 0.030627871362940276
0 0.6190677555607222 0.40072113350421606 0.043478260869565216 0.030627871362940276
0 0.6741043749515616 0.4323610622029683 0.043478260869565216 0.030627871362940276
0 0.6614522785398744 0.4140901174614353 0.043478260869565216 0.030627871362940276
0 0.6601870688987057 0.38779778234557083 0.043478260869565216 0.030627871362940276
0 0.6652479074633806 0.38200455596410915 0.043478260869565216 0.030627871362940276
0 0.7088976400837014 0.38601525115127494 0.043478260869565216 0.030627871362940276
0 0.7304062039835696 0.4051774614899558 0.043478260869565216 0.030627871362940276
0 0.7367322521894133 0.39314537592845855 0.043478260869565216 0.030627871362940276
0 0.7512821630628536 0.41141632066999145 0.043478260869565216 0.030627871362940276
0 0.7639342594745407 0.4042861958928079 0.043478260869565216 0.030627871362940276
0 0.7354670425482445 0.43770865578585605 0.043478260869565216 0.030627871362940276
0 0.7392626714717506 0.4225571406343408 0.043478260869565216 0.030627871362940276
0 0.7373648570099975 0.4564252333259629 0.043478260869565216 0.030627871362940276
0 0.7158562931101293 0.4470669445559095 0.043478260869565216 0.030627871362940276
0 0.6987759629543516 0.4475125773544835 0.043478260869565216 0.030627871362940276
0 0.6956129388514298 0.47202238127605206 0.043478260869565216 0.030627871362940276
0 0.7253453654188947 0.4809350372475316 0.043478260869565216 0.030627871362940276
0 0.6975107533131829 0.49608655239904675 0.043478260869565216 0.030627871362940276
0 0.7354670425482445 0.4974234507947687 0.043478260869565216 0.030627871362940276
0 0.7544451871657754 0.4898476932190111 0.043478260869565216 0.030627871362940276
0 0.7740559366038905 0.49697781799619467 0.043478260869565216 0.030627871362940276
0 0.7999927342478492 0.4983147163919166 0.043478260869565216 0.030627871362940276
0 0.7677298883980469 0.473359279671774 0.043478260869565216 0.030627871362940276
0 0.8177056692242114 0.4809350372475316 0.043478260869565216 0.030627871362940276
0 0.7569756064481128 0.4644466237002945 0.043478260869565216 0.030627871362940276
0 0.7708929125009687 0.45731649892311094 0.043478260869565216 0.030627871362940276
0 0.785442823374409 0.45330580373594515 0.043478260869565216 0.030627871362940276
0 0.755710396806944 0.4461756789587616 0.043478260869565216 0.030627871362940276
0 0.8056861776331085 0.46132719411027673 0.043478260869565216 0.030627871362940276
0 0.8132774354801208 0.45330580373594515 0.043478260869565216 0.030627871362940276
0 0.8373164186623265 0.4635553581031466 0.043478260869565216 0.030627871362940276
0 0.8411120475858327 0.4778156076575138 0.043478260869565216 0.030627871362940276
0 0.8740074982562194 0.473359279671774 0.043478260869565216 0.030627871362940276
0 0.8885574091296596 0.49653218519762066 0.043478260869565216 0.030627871362940276
0 0.8543967488181042 0.49519528680189884 0.043478260869565216 0.030627871362940276
0 0.8449076765093388 0.4885107948232892 0.043478260869565216 0.030627871362940276
0 0.9018421103619313 0.4510776397430752 0.043478260869565216 0.030627871362940276
0 0.9132289971324498 0.4466213117573355 0.043478260869565216 0.030627871362940276
0 0.8809661512826473 0.4648922564988685 0.043478260869565216 0.030627871362940276
0 0.9397983995969929 0.473804912470348 0.043478260869565216 0.030627871362940276
0 0.9562461249321862 0.4702398500817562 0.043478260869565216 0.030627871362940276
0 0.9315745369293962 0.4457300461601876 0.043478260869565216 0.030627871362940276
0 0.9625721731380299 0.4417193509730218 0.043478260869565216 0.030627871362940276
0 0.9429614236999146 0.43369796059869026 0.043478260869565216 0.030627871362940276
0 0.9176572308765403 0.48227193564325355 0.043478260869565216 0.030627871362940276
0 0.9682656165232891 0.4947496540033248 0.043478260869565216 0.030627871362940276
0 0.8670488452297914 0.4305785310086724 0.043478260869565216 0.030627871362940276
0 0.839846837944664 0.4363717573901341 0.043478260869565216 0.030627871362940276
0 0.8044209679919397 0.43369796059869026 0.043478260869565216 0.030627871362940276
0 0.7702603076803843 0.43280669500154234 0.043478260869565216 0.030627871362940276
0 0.801257943889018 0.4234484062314888 0.043478260869565216 0.030627871362940276
0 0.8075839920948615 0.4078512582813997 0.043478260869565216 0.030627871362940276
0 0.8626206114857009 0.4140901174614353 0.043478260869565216 0.030627871362940276
0 0.8562945632798573 0.40294929749708597 0.043478260869565216 0.030627871362940276
0 0.8803335464620631 0.3980473367127722 0.043478260869565216 0.030627871362940276
0 0.8961486669766721 0.4185464454471751 0.043478260869565216 0.030627871362940276
0 0.9404310044175772 0.41899207824574913 0.043478260869565216 0.030627871362940276
0 0.934737561032318 0.41141632066999145 0.043478260869565216 0.030627871362940276
0 0.964469987599783 0.40116676630279013 0.043478260869565216 0.030627871362940276
0 0.9625721731380299 0.4167639142528792 0.043478260869565216 0.030627871362940276
0 0.966367802061536 0.37710259517979544 0.043478260869565216 0.030627871362940276
0 0.95245049600868 0.3797763919712393 0.043478260869565216 0.030627871362940276
0 0.9480222622645895 0.36195108002828025 0.043478260869565216 0.030627871362940276
0 0.918922440517709 0.36818993920831594 0.043478260869565216 0.030627871362940276
0 0.925881093544137 0.3828958215612571 0.043478260869565216 0.030627871362940276
0 0.8986790862590095 0.38512398555412697 0.043478260869565216 0.030627871362940276
0 0.9043725296442686 0.40072113350421606 0.043478260869565216 0.030627871362940276
0 0.9024747151825155 0.35883165043826243 0.043478260869565216 0.030627871362940276
0 0.885394385026738 0.3592772832368364 0.043478260869565216 0.030627871362940276
0 0.8670488452297914 0.36596177521544604 0.043478260869565216 0.030627871362940276
0 0.8531315391769355 0.3739831655897776 0.043478260869565216 0.030627871362940276
0 0.9480222622645895 0.3352131121138418 0.043478260869565216 0.030627871362940276
0 0.9271463031853057 0.3169421673723088 0.043478260869565216 0.030627871362940276
0 0.9562461249321862 0.3178334329694567 0.043478260869565216 0.030627871362940276
0 0.943594028520499 0.30802951140082935 0.043478260869565216 0.030627871362940276
0 0.9410636092381616 0.28753040266642643 0.043478260869565216 0.030627871362940276
0 0.9549809152910175 0.27861774669494693 0.043478260869565216 0.030627871362940276
0 0.8227665077888863 0.3548209552510967 0.043478260869565216 0.030627871362940276
0 0.8018905487096023 0.35883165043826243 0.043478260869565216 0.030627871362940276
0 0.8360512090211578 0.3418976040924514 0.043478260869565216 0.030627871362940276
0 0.8588249825621947 0.3258548233437883 0.043478260869565216 0.030627871362940276
0 0.8898226187708284 0.32273539375377047 0.043478260869565216 0.030627871362940276
0 0.8252969270712237 0.3717550015969077 0.043478260869565216 0.030627871362940276
0 0.8145426451212895 0.37799386077694336 0.043478260869565216 0.030627871362940276
0 0.5899679338138417 0.3539296896539487 0.043478260869565216 0.030627871362940276
0 0.6279242230489033 0.34679956487676517 0.043478260869565216 0.030627871362940276
0 0.592498353096179 0.3410063384953035 0.043478260869565216 0.030627871362940276
0 0.651963206231109 0.3418976040924514 0.043478260869565216 0.030627871362940276
0 0.6469023676664342 0.3329849481209719 0.043478260869565216 0.030627871362940276
0 0.6760021894133147 0.33209368252382393 0.043478260869565216 0.030627871362940276
0 0.6918173099279237 0.3387781745024336 0.043478260869565216 0.030627871362940276
0 0.6968781484925987 0.3258548233437883 0.043478260869565216 0.030627871362940276
0 0.6899194954661706 0.3539296896539487 0.043478260869565216 0.030627871362940276
0 0.6639826978222118 0.36195108002828025 0.043478260869565216 0.030627871362940276
0 0.729140994342401 0.3459082992796172 0.043478260869565216 0.030627871362940276
0 0.7462213244981787 0.3441257680853213 0.043478260869565216 0.030627871362940276
0 0.762669049833372 0.3561578536468186 0.043478260869565216 0.030627871362940276
0 0.7689950980392156 0.349027728869635 0.043478260869565216 0.030627871362940276
0 0.7734233317833061 0.3361043777109897 0.043478260869565216 0.030627871362940276
0 0.7727907269627218 0.3280829873366582 0.043478260869565216 0.030627871362940276
0 0.7183867123924669 0.3369956433081377 0.043478260869565216 0.030627871362940276
0 0.7088976400837014 0.32674608894093626 0.043478260869565216 0.030627871362940276
0 0.7266105750600634 0.3151596361780129 0.043478260869565216 0.030627871362940276
0 0.7013063822366891 0.313822737782291 0.043478260869565216 0.030627871362940276
0 0.6741043749515616 0.3187246985666047 0.043478260869565216 0.030627871362940276
0 0.6551262303340307 0.32273539375377047 0.043478260869565216 0.030627871362940276
0 0.6329850616135781 0.3289742529338061 0.043478260869565216 0.030627871362940276
0 0.592498353096179 0.3280829873366582 0.043478260869565216 0.030627871362940276
0 0.564031136169883 0.3338762137181199 0.043478260869565216 0.030627871362940276
0 0.5760506277609857 0.331202416926676 0.043478260869565216 0.030627871362940276
0 0.5842744904285825 0.3160509017751608 0.043478260869565216 0.030627871362940276
0 0.5994570061226071 0.31471400337943894 0.043478260869565216 0.030627871362940276
0 0.5596029024257924 0.3169421673723088 0.043478260869565216 0.030627871362940276
0 0.5311356854994962 0.3401150728981555 0.043478260869565216 0.030627871362940276
0 0.525442242114237 0.3280829873366582 0.043478260869565216 0.030627871362940276
0 0.5437877819111834 0.30802951140082935 0.043478260869565216 0.030627871362940276
0 0.5267074517554057 0.2995624882279238 0.043478260869565216 0.030627871362940276
0 0.5355639192435867 0.295551793040758 0.043478260869565216 0.030627871362940276
0 0.5324008951406649 0.28797603546500045 0.043478260869565216 0.030627871362940276
0 0.5001380492908625 0.30892077699797726 0.043478260869565216 0.030627871362940276
0 0.5722549988374795 0.29777995703362786 0.043478260869565216 0.030627871362940276
0 0.5602355072463767 0.2973343242350539 0.043478260869565216 0.030627871362940276
0 0.5577050879640393 0.28574787147213054 0.043478260869565216 0.030627871362940276
0 0.5950287723785166 0.30223628501936767 0.043478260869565216 0.030627871362940276
0 0.6260264085871502 0.2924323634507402 0.043478260869565216 0.030627871362940276
0 0.66081967371929 0.2937692618464621 0.043478260869565216 0.030627871362940276
0 0.6810630279779896 0.2915410978535922 0.043478260869565216 0.030627871362940276
0 0.7006737774161047 0.2915410978535922 0.043478260869565216 0.030627871362940276
0 0.7019389870572734 0.3013450194222197 0.043478260869565216 0.030627871362940276
0 0.7342018329070757 0.30401881621366356 0.043478260869565216 0.030627871362940276
0 0.9100659730295279 0.330756784128102 0.043478260869565216 0.030627871362940276
0 0.922718069441215 0.2844109730764086 0.043478260869565216 0.030627871362940276
0 0.8600901922033636 0.2937692618464621 0.043478260869565216 0.030627871362940276
0 0.8468054909710919 0.296443058637906 0.043478260869565216 0.030627871362940276
0 0.8999442959001782 0.30000812102649776 0.043478260869565216 0.030627871362940276
0 0.8569271681004417 0.30892077699797726 0.043478260869565216 0.030627871362940276
0 0.8746401030768038 0.25811863796054413 0.043478260869565216 0.030627871362940276
0 0.8461728861505076 0.2665856611334496 0.043478260869565216 0.030627871362940276
0 0.8822313609238162 0.2514341459819345 0.043478260869565216 0.030627871362940276
0 0.8050535728125242 0.2835197074792607 0.043478260869565216 0.030627871362940276
0 0.787340637836162 0.28396534027783465 0.043478260869565216 0.030627871362940276
0 0.787340637836162 0.3093664097965512 0.043478260869565216 0.030627871362940276
0 0.7519147678834379 0.29688869143647995 0.043478260869565216 0.030627871362940276
0 0.7550777919863597 0.28753040266642643 0.043478260869565216 0.030627871362940276
0 0.7519147678834379 0.27861774669494693 0.043478260869565216 0.030627871362940276
0 0.7702603076803843 0.2714876219177634 0.043478260869565216 0.030627871362940276
0 0.7835450089126559 0.26614002833487566 0.043478260869565216 0.030627871362940276
0 0.8101144113771991 0.260792434751988 0.043478260869565216 0.030627871362940276
0 0.8025231535301867 0.25054288038478656 0.043478260869565216 0.030627871362940276
0 0.8208686933271332 0.2527710443776564 0.043478260869565216 0.030627871362940276
0 0.8423772572270014 0.25544484116910027 0.043478260869565216 0.030627871362940276
0 0.8746401030768038 0.23806516202471523 0.043478260869565216 0.030627871362940276
0 0.8518663295357668 0.22826124045608778 0.043478260869565216 0.030627871362940276
0 0.7664646787568782 0.32273539375377047 0.043478260869565216 0.030627871362940276
0 0.7791167751685654 0.3004537538250717 0.043478260869565216 0.030627871362940276
0 0.5210140083701464 0.2723788875149113 0.043478260869565216 0.030627871362940276
0 0.5153205649848871 0.26302059874485784 0.043478260869565216 0.030627871362940276
0 0.5526442493993644 0.26703129393202363 0.043478260869565216 0.030627871362940276
0 0.5766832325815702 0.28084591068781684 0.043478260869565216 0.030627871362940276
0 0.5855397000697512 0.27460705150778114 0.043478260869565216 0.030627871362940276
0 0.5747854181198171 0.25722737236339616 0.043478260869565216 0.030627871362940276
0 0.5950287723785166 0.25544484116910027 0.043478260869565216 0.030627871362940276
0 0.5855397000697512 0.24608655239904675 0.043478260869565216 0.030627871362940276
0 0.5937635627373479 0.23717389642756728 0.043478260869565216 0.030627871362940276
0 0.5589702976052081 0.24742345079476868 0.043478260869565216 0.030627871362940276
0 0.5539094590405331 0.23450009963612342 0.043478260869565216 0.030627871362940276
0 0.5286052662171588 0.24653218519762077 0.043478260869565216 0.030627871362940276
0 0.5368291288847554 0.23628263083041934 0.043478260869565216 0.030627871362940276
0 0.5292378710377431 0.2349457324346974 0.043478260869565216 0.030627871362940276
0 0.52734005657599 0.2202398500817562 0.043478260869565216 0.030627871362940276
0 0.5210140083701464 0.2099902957145548 0.043478260869565216 0.030627871362940276
0 0.5235444276524839 0.20419706933309317 0.043478260869565216 0.030627871362940276
0 0.5317682903200805 0.1872630229872821 0.043478260869565216 0.030627871362940276
0 0.5311356854994962 0.1761222030229327 0.043478260869565216 0.030627871362940276
0 0.5121575408819654 0.1761222030229327 0.043478260869565216 0.030627871362940276
0 0.5305030806789118 0.170774609440045 0.043478260869565216 0.030627871362940276
0 0.5146879601643028 0.1627532190657135 0.043478260869565216 0.030627871362940276
0 0.52734005657599 0.16007942227426963 0.043478260869565216 0.030627871362940276
0 0.5045662830349531 0.14180847753273665 0.043478260869565216 0.030627871362940276
0 0.5235444276524839 0.14314537592845858 0.043478260869565216 0.030627871362940276
0 0.5311356854994962 0.13646088394984893 0.043478260869565216 0.030627871362940276
0 0.5393595481670929 0.14047157913701472 0.043478260869565216 0.030627871362940276
0 0.5513790397581958 0.13824341514414482 0.043478260869565216 0.030627871362940276
0 0.5456855963729365 0.15205803189993805 0.043478260869565216 0.030627871362940276
0 0.557072483143455 0.16498138305858334 0.043478260869565216 0.030627871362940276
0 0.564031136169883 0.17389403903006284 0.043478260869565216 0.030627871362940276
0 0.5463182011935209 0.17523093742578474 0.043478260869565216 0.030627871362940276
0 0.5596029024257924 0.18815428858443004 0.043478260869565216 0.030627871362940276
0 0.557072483143455 0.19840384295163144 0.043478260869565216 0.030627871362940276
0 0.5602355072463767 0.2122184597074247 0.043478260869565216 0.030627871362940276
0 0.5646637409904673 0.2050883349302411 0.043478260869565216 0.030627871362940276
0 0.5463182011935209 0.2202398500817562 0.043478260869565216 0.030627871362940276
0 0.5697245795551422 0.224250545268922 0.043478260869565216 0.030627871362940276
0 0.597559191660854 0.21712042049173844 0.043478260869565216 0.030627871362940276
0 0.5855397000697512 0.20687086612453698 0.043478260869565216 0.030627871362940276
0 0.5969265868402697 0.20330580373594515 0.043478260869565216 0.030627871362940276
0 0.6000896109431915 0.19439314776446567 0.043478260869565216 0.030627871362940276
0 0.583641885607998 0.19127371817444788 0.043478260869565216 0.030627871362940276
0 0.5773158374021545 0.17924163261295054 0.043478260869565216 0.030627871362940276
0 0.5943961675579321 0.1770134686200807 0.043478260869565216 0.030627871362940276
0 0.5830092807874138 0.17211150783576695 0.043478260869565216 0.030627871362940276
0 0.5887027241726729 0.16810081264860116 0.043478260869565216 0.030627871362940276
0 0.5747854181198171 0.15785125828139973 0.043478260869565216 0.030627871362940276
0 0.5659289506316361 0.14715607111562437 0.043478260869565216 0.030627871362940276
0 0.5709897891963108 0.13646088394984893 0.043478260869565216 0.030627871362940276
0 0.5608681120669612 0.12621132958264752 0.043478260869565216 0.030627871362940276
0 0.5608681120669612 0.11640740801402005 0.043478260869565216 0.030627871362940276
0 0.5216466131907308 0.11640740801402005 0.043478260869565216 0.030627871362940276
0 0.5488486204758583 0.10482095525109675 0.043478260869565216 0.030627871362940276
0 0.5589702976052081 0.1021471584596529 0.043478260869565216 0.030627871362940276
0 0.5248096372936526 0.09100633849530347 0.043478260869565216 0.030627871362940276
0 0.5203814035495621 0.09902772886963504 0.043478260869565216 0.030627871362940276
0 0.5051988878555375 0.09679956487676518 0.043478260869565216 0.030627871362940276
0 0.5089945167790436 0.09011507289815555 0.043478260869565216 0.030627871362940276
0 0.5412573626288459 0.08476747931526783 0.043478260869565216 0.030627871362940276
0 0.5646637409904673 0.0883325417038596 0.043478260869565216 0.030627871362940276
0 0.5773158374021545 0.08877817450243362 0.043478260869565216 0.030627871362940276
0 0.5981917964814384 0.10259279125822682 0.043478260869565216 0.030627871362940276
0 0.5817440711462449 0.1021471584596529 0.043478260869565216 0.030627871362940276
0 0.5722549988374795 0.10081026006393097 0.043478260869565216 0.030627871362940276
0 0.49064897698209714 0.07630045614236235 0.043478260869565216 0.030627871362940276
0 0.5127901457025498 0.07407229214949242 0.043478260869565216 0.030627871362940276
0 0.6197003603813067 0.0829849481209719 0.043478260869565216 0.030627871362940276
0 0.6089460784313725 0.08387621371811992 0.043478260869565216 0.030627871362940276
0 0.613374312175463 0.09813646327248711 0.043478260869565216 0.030627871362940276
0 0.5918657482755948 0.11016854883398441 0.043478260869565216 0.030627871362940276
0 0.5931309579167635 0.11908120480546391 0.043478260869565216 0.030627871362940276
0 0.5596029024257924 0.13200455596410918 0.043478260869565216 0.030627871362940276
0 0.5880701193520886 0.13378708715840507 0.043478260869565216 0.030627871362940276
0 0.5779484422227388 0.13289582156125715 0.043478260869565216 0.030627871362940276
0 0.6152721266372161 0.16230758626713948 0.043478260869565216 0.030627871362940276
0 0.6032526350461133 0.15384056309423397 0.043478260869565216 0.030627871362940276
0 0.6165373362783848 0.15027550070564216 0.043478260869565216 0.030627871362940276
0 0.6304546423312408 0.15250366469851204 0.043478260869565216 0.030627871362940276
0 0.6494327869487715 0.15250366469851204 0.043478260869565216 0.030627871362940276
0 0.6481675773076028 0.16810081264860116 0.043478260869565216 0.030627871362940276
0 0.6475349724870184 0.18414359339726424 0.043478260869565216 0.030627871362940276
0 0.6506979965899403 0.19528441336161365 0.043478260869565216 0.030627871362940276
0 0.6386785049988374 0.205979600527389 0.043478260869565216 0.030627871362940276
0 0.6310872471518251 0.2140009909017206 0.043478260869565216 0.030627871362940276
0 0.6209655700224753 0.18993681977872595 0.043478260869565216 0.030627871362940276
0 0.620332965201891 0.18236106220296835 0.043478260869565216 0.030627871362940276
0 0.6734717701309773 0.1868173901887081 0.043478260869565216 0.030627871362940276
0 0.7038368015190265 0.18414359339726424 0.043478260869565216 0.030627871362940276
0 0.6956129388514298 0.19439314776446567 0.043478260869565216 0.030627871362940276
0 0.6842260520809113 0.17032897664147106 0.043478260869565216 0.030627871362940276
0 0.6677783267457179 0.17433967182863683 0.043478260869565216 0.030627871362940276
0 0.6671457219251337 0.19439314776446567 0.043478260869565216 0.030627871362940276
0 0.6589218592575369 0.2202398500817562 0.043478260869565216 0.030627871362940276
0 0.6646153026427962 0.2300437716503837 0.043478260869565216 0.030627871362940276
0 0.6570240447957838 0.23628263083041934 0.043478260869565216 0.030627871362940276
0 0.643106738742928 0.24430402120475087 0.043478260869565216 0.030627871362940276
0 0.643106738742928 0.24430402120475087 0.043478260869565216 0.030627871362940276
0 0.6367806905370843 0.25009724758621255 0.043478260869565216 0.030627871362940276
0 0.6310872471518251 0.2567817395648222 0.043478260869565216 0.030627871362940276
0 0.6323524567929939 0.2648031299391538 0.043478260869565216 0.030627871362940276
0 0.6462697628458497 0.26836819232774556 0.043478260869565216 0.030627871362940276
0 0.629189432690072 0.23227193564325357 0.043478260869565216 0.030627871362940276
0 0.6329850616135781 0.22202238127605214 0.043478260869565216 0.030627871362940276
0 0.6197003603813067 0.23717389642756728 0.043478260869565216 0.030627871362940276
0 0.6057830543284507 0.24474965400332482 0.043478260869565216 0.030627871362940276
0 0.6677783267457179 0.25455357557195235 0.043478260869565216 0.030627871362940276
0 0.6810630279779896 0.2563361067662482 0.043478260869565216 0.030627871362940276
0 0.7019389870572734 0.2509885131833605 0.043478260869565216 0.030627871362940276
0 0.7152236882895451 0.23450009963612342 0.043478260869565216 0.030627871362940276
0 0.7323040184453227 0.224250545268922 0.043478260869565216 0.030627871362940276
0 0.7506495582422691 0.2148922564988685 0.043478260869565216 0.030627871362940276
0 0.7633016546539564 0.21890295168603427 0.043478260869565216 0.030627871362940276
0 0.7702603076803843 0.2349457324346974 0.043478260869565216 0.030627871362940276
0 0.760771235371619 0.25232541157908245 0.043478260869565216 0.030627871362940276
0 0.7500169534216848 0.24073895881615906 0.043478260869565216 0.030627871362940276
0 0.7417930907540882 0.24207585721188096 0.043478260869565216 0.030627871362940276
0 0.7342018329070757 0.2509885131833605 0.043478260869565216 0.030627871362940276
0 0.7316714136247384 0.2563361067662482 0.043478260869565216 0.030627871362940276
0 0.6975107533131829 0.2754983171049291 0.043478260869565216 0.030627871362940276
0 0.7297735991629853 0.278172113896373 0.043478260869565216 0.030627871362940276
0 0.7867080330155778 0.3401150728981555 0.043478260869565216 0.030627871362940276
0 0.785442823374409 0.3289742529338061 0.043478260869565216 0.030627871362940276
0 0.7689950980392156 0.3922541103313106 0.043478260869565216 0.030627871362940276
0 0.8986790862590095 0.2919867306521662 0.043478260869565216 0.030627871362940276
0 0.9106985778501123 0.23048940444895763 0.043478260869565216 0.030627871362940276
0 0.9372679803146555 0.2202398500817562 0.043478260869565216 0.030627871362940276
0 0.9315745369293962 0.2184573188874603 0.043478260869565216 0.030627871362940276
0 0.9201876501588777 0.2122184597074247 0.043478260869565216 0.030627871362940276
0 0.9334723513911493 0.1992951085487794 0.043478260869565216 0.030627871362940276
0 0.925881093544137 0.1939475149658917 0.043478260869565216 0.030627871362940276
0 0.9429614236999146 0.19216498377159583 0.043478260869565216 0.030627871362940276
0 0.9353701658529023 0.18057853100867247 0.043478260869565216 0.030627871362940276
0 0.9296767224676431 0.170774609440045 0.043478260869565216 0.030627871362940276
0 0.918922440517709 0.17835036701580262 0.043478260869565216 0.030627871362940276
0 0.9081681585677748 0.17835036701580262 0.043478260869565216 0.030627871362940276
0 0.885394385026738 0.18414359339726424 0.043478260869565216 0.030627871362940276
0 0.8891900139502441 0.18904555418157795 0.043478260869565216 0.030627871362940276
0 0.8721096837944663 0.21444662370029458 0.043478260869565216 0.030627871362940276
0 0.864518425947454 0.20419706933309317 0.043478260869565216 0.030627871362940276
0 0.8562945632798573 0.19528441336161365 0.043478260869565216 0.030627871362940276
0 0.839846837944664 0.20419706933309317 0.043478260869565216 0.030627871362940276
0 0.864518425947454 0.1828066950015423 0.043478260869565216 0.030627871362940276
0 0.87843573200031 0.17122024223861898 0.043478260869565216 0.030627871362940276
0 0.8430098620475858 0.16631828145430527 0.043478260869565216 0.030627871362940276
0 0.8588249825621947 0.15606872708710384 0.043478260869565216 0.030627871362940276
0 0.885394385026738 0.1422541103313106 0.043478260869565216 0.030627871362940276
0 0.887292199488491 0.16097068787141755 0.043478260869565216 0.030627871362940276
0 0.8499685150740137 0.1440366415256065 0.043478260869565216 0.030627871362940276
0 0.7696277028598 0.2010776397430753 0.043478260869565216 0.030627871362940276
0 0.7588734209098659 0.20018637414592738 0.043478260869565216 0.030627871362940276
0 0.7468539293187629 0.19840384295163144 0.043478260869565216 0.030627871362940276
0 0.7323040184453227 0.21088156131170277 0.043478260869565216 0.030627871362940276
0 0.7209171316748042 0.21712042049173844 0.043478260869565216 0.030627871362940276
0 0.7013063822366891 0.22826124045608778 0.043478260869565216 0.030627871362940276
0 0.692449914748508 0.2202398500817562 0.043478260869565216 0.030627871362940276
0 0.6854912617220801 0.224696178067496 0.043478260869565216 0.030627871362940276
0 0.674736979772146 0.22113111567890417 0.043478260869565216 0.030627871362940276
0 0.7253453654188947 0.1961756789587616 0.043478260869565216 0.030627871362940276
0 0.7550777919863597 0.1872630229872821 0.043478260869565216 0.030627871362940276
0 0.8202360885065487 0.18993681977872595 0.043478260869565216 0.030627871362940276
0 0.8056861776331085 0.17656783582150667 0.043478260869565216 0.030627871362940276
0 0.7822797992714872 0.1761222030229327 0.043478260869565216 0.030627871362940276
0 0.760771235371619 0.17433967182863683 0.043478260869565216 0.030627871362940276
0 0.7373648570099975 0.17835036701580262 0.043478260869565216 0.030627871362940276
0 0.7234475509571416 0.17032897664147106 0.043478260869565216 0.030627871362940276
0 0.729140994342401 0.15250366469851204 0.043478260869565216 0.030627871362940276
0 0.6968781484925987 0.15027550070564216 0.043478260869565216 0.030627871362940276
0 0.6880216810044175 0.1391346807412928 0.043478260869565216 0.030627871362940276
0 0.6671457219251337 0.14180847753273665 0.043478260869565216 0.030627871362940276
0 0.6563914399751996 0.14314537592845858 0.043478260869565216 0.030627871362940276
0 0.6595544640781213 0.13245018876268316 0.043478260869565216 0.030627871362940276
0 0.6861238665426644 0.10615785364681868 0.043478260869565216 0.030627871362940276
0 0.6469023676664342 0.10794038484111453 0.043478260869565216 0.030627871362940276
0 0.8948834573355033 0.19439314776446567 0.043478260869565216 0.030627871362940276
0 0.8727422886150508 0.13200455596410918 0.043478260869565216 0.030627871362940276
0 0.8474380957916762 0.13022202476981326 0.043478260869565216 0.030627871362940276
0 0.848703305432845 0.1208637359997598 0.043478260869565216 0.030627871362940276
0 0.8550293536386886 0.1159617752154461 0.043478260869565216 0.030627871362940276
0 0.8790683368208942 0.09902772886963504 0.043478260869565216 0.030627871362940276
0 0.8936182476943345 0.09813646327248711 0.043478260869565216 0.030627871362940276
0 0.8809661512826473 0.09011507289815555 0.043478260869565216 0.030627871362940276
0 0.8917204332325814 0.0923432368910254 0.043478260869565216 0.030627871362940276
0 0.9252484887235526 0.09501703368246923 0.043478260869565216 0.030627871362940276
0 0.9454918429822521 0.0923432368910254 0.043478260869565216 0.030627871362940276
0 0.9461244478028364 0.08565874491241576 0.043478260869565216 0.030627871362940276
0 0.9176572308765403 0.08610437771098976 0.043478260869565216 0.030627871362940276
0 0.9094333682089436 0.08253931532239799 0.043478260869565216 0.030627871362940276
0 0.9182898356971246 0.07941988573238012 0.043478260869565216 0.030627871362940276
0 0.817073064403627 0.10571222084824468 0.043478260869565216 0.030627871362940276
0 0.8164404595830426 0.09858209607106103 0.043478260869565216 0.030627871362940276
0 0.8094818065566146 0.0923432368910254 0.043478260869565216 0.030627871362940276
0 0.8189708788653801 0.0785286201352322 0.043478260869565216 0.030627871362940276
0 0.8309903704564828 0.07585482334378835 0.043478260869565216 0.030627871362940276
0 0.8309903704564828 0.11016854883398441 0.043478260869565216 0.030627871362940276
0 0.8158078547624583 0.11507050961829812 0.043478260869565216 0.030627871362940276
0 0.8050535728125242 0.12843949357551737 0.043478260869565216 0.030627871362940276
0 0.7980949197860961 0.13423271995697908 0.043478260869565216 0.030627871362940276
0 0.7961971053243431 0.13779778234557086 0.043478260869565216 0.030627871362940276
0 0.755710396806944 0.14715607111562437 0.043478260869565216 0.030627871362940276
0 0.7468539293187629 0.14091721193558868 0.043478260869565216 0.030627871362940276
0 0.7285083895218165 0.13601525115127497 0.043478260869565216 0.030627871362940276
0 0.72028452685422 0.14047157913701472 0.043478260869565216 0.030627871362940276
0 0.7013063822366891 0.12665696238122148 0.043478260869565216 0.030627871362940276
0 0.7120606641866232 0.11462487681972416 0.043478260869565216 0.030627871362940276
0 0.7272431798806478 0.10615785364681868 0.043478260869565216 0.030627871362940276
0 0.7462213244981787 0.10392968965394875 0.043478260869565216 0.030627871362940276
0 0.7550777919863597 0.09679956487676518 0.043478260869565216 0.030627871362940276
0 0.7405278811129195 0.10036462726535696 0.043478260869565216 0.030627871362940276
0 0.7569756064481128 0.08565874491241576 0.043478260869565216 0.030627871362940276
0 0.7493843486011005 0.08209368252382397 0.043478260869565216 0.030627871362940276
0 0.7639342594745407 0.0785286201352322 0.043478260869565216 0.030627871362940276
0 0.7481191389599318 0.1257656967840735 0.043478260869565216 0.030627871362940276
0 0.6722065604898085 0.07986551853095411 0.043478260869565216 0.030627871362940276
0 0.5349313144230023 0.1066034864453926 0.043478260869565216 0.030627871362940276
0 0.55201164457878 0.0869956433081377 0.043478260869565216 0.030627871362940276
0 0.5355639192435867 0.07451792494806642 0.043478260869565216 0.030627871362940276
0 0.9252484887235526 0.30580134740795945 0.043478260869565216 0.030627871362940276
0 0.8765379175385569 0.31070330819227315 0.043478260869565216 0.030627871362940276
0 0.755710396806944 0.3071382458036814 0.043478260869565216 0.030627871362940276
0 0.6095786832519569 0.21667478769316442 0.043478260869565216 0.030627871362940276
0 0.5437877819111834 0.20687086612453698 0.043478260869565216 0.030627871362940276
0 0.8120122258389522 0.21801168608888635 0.043478260869565216 0.030627871362940276
0 0.8139100403007052 0.23851079482328919 0.043478260869565216 0.030627871362940276
0 0.8151752499418738 0.23093503724753164 0.043478260869565216 0.030627871362940276
0 0.7841776137332402 0.1961756789587616 0.043478260869565216 0.030627871362940276
0 0.808216596915446 0.16409011746143537 0.043478260869565216 0.030627871362940276
0 0.7961971053243431 0.16676391425287923 0.043478260869565216 0.030627871362940276
0 0.7911362667596682 0.15384056309423397 0.043478260869565216 0.030627871362940276
0 0.8006253390684336 0.1511667663027901 0.043478260869565216 0.030627871362940276
0 0.6595544640781213 0.12175500159690776 0.043478260869565216 0.030627871362940276
0 0.8759053127179725 0.08075678412810205 0.043478260869565216 0.030627871362940276
0 0.9106985778501123 0.12888512637409136 0.043478260869565216 0.030627871362940276
0 0.9106985778501123 0.13646088394984893 0.043478260869565216 0.030627871362940276
0 0.9037399248236844 0.14091721193558868 0.043478260869565216 0.030627871362940276
0 0.9201876501588777 0.14671043831705036 0.043478260869565216 0.030627871362940276
0 0.9296767224676431 0.16007942227426963 0.043478260869565216 0.030627871362940276
0 0.9736427574982562 0.24274430640974204 0.043478260869565216 0.030627871362940276
0 0.9837644346276059 0.22046266648104326 0.043478260869565216 0.030627871362940276
0 0.9926209021157868 0.23115785364681868 0.043478260869565216 0.030627871362940276
0 0.9913556924746183 0.24452683760403796 0.043478260869565216 0.030627871362940276
0 0.8306740680461908 0.1464876219177635 0.043478260869565216 0.030627871362940276
0 0.6548099279237387 0.5520134686200807 0.043478260869565216 0.030627871362940276
0 0.6624011857707511 0.5600348589944122 0.043478260869565216 0.030627871362940276
0 0.688970588235294 0.5609261245915602 0.043478260869565216 0.030627871362940276
0 0.7193356196233434 0.543992078245749 0.043478260869565216 0.030627871362940276
0 0.7332529256761993 0.5573610622029683 0.043478260869565216 0.030627871362940276
0 0.7433746028055492 0.564491186980152 0.043478260869565216 0.030627871362940276
0 0.7737396341935983 0.5635999213830041 0.043478260869565216 0.030627871362940276
0 0.7623527474230798 0.5475571406343408 0.043478260869565216 0.030627871362940276
0 0.7598223281407425 0.5324056254828257 0.043478260869565216 0.030627871362940276
0 0.7509658606525613 0.5163628447341626 0.043478260869565216 0.030627871362940276
0 0.7863917306052857 0.5136890479427187 0.043478260869565216 0.030627871362940276
0 0.7863917306052857 0.5243842351084942 0.043478260869565216 0.030627871362940276
0 0.788922149887623 0.543992078245749 0.043478260869565216 0.030627871362940276
0 0.8142263427109974 0.5493396718286369 0.043478260869565216 0.030627871362940276
0 0.8306740680461908 0.5484484062314887 0.043478260869565216 0.030627871362940276
0 0.8445913740990467 0.5261667663027902 0.043478260869565216 0.030627871362940276
0 0.8319392776873594 0.5119065167484228 0.043478260869565216 0.030627871362940276
0 0.8749564054870961 0.5208191727199024 0.043478260869565216 0.030627871362940276
0 0.9040562272339766 0.5341881566771216 0.043478260869565216 0.030627871362940276
0 0.9179735332868325 0.5252755007056421 0.043478260869565216 0.030627871362940276
0 0.9483385646748816 0.5181453759284586 0.043478260869565216 0.030627871362940276
0 0.9458081453925442 0.5038851263740913 0.043478260869565216 0.030627871362940276
0 0.9584602418042315 0.5003200639854996 0.043478260869565216 0.030627871362940276
0 0.9812340153452686 0.5047763919712392 0.043478260869565216 0.030627871362940276
0 0.9356864682631946 0.5404270158571574 0.043478260869565216 0.030627871362940276
0 0.9546646128807253 0.5395357502600094 0.043478260869565216 0.030627871362940276
0 0.947073355033713 0.564491186980152 0.043478260869565216 0.030627871362940276
0 0.8951997597457955 0.5520134686200807 0.043478260869565216 0.030627871362940276
0 0.8559782608695652 0.5484484062314887 0.043478260869565216 0.030627871362940276
0 0.8850780826164457 0.5520134686200807 0.043478260869565216 0.030627871362940276
0 0.9078518561574828 0.5716213117573355 0.043478260869565216 0.030627871362940276
0 0.6826445400294505 0.8684127556076028 0.043478260869565216 0.030627871362940276
0 0.6801141207471131 0.9388227377822909 0.043478260869565216 0.030627871362940276
0 0.6712576532589319 0.9129760354650004 0.043478260869565216 0.030627871362940276
0 0.6560751375649073 0.9120847698678524 0.043478260869565216 0.030627871362940276
0 0.7079487328528249 0.9227799570336278 0.043478260869565216 0.030627871362940276
0 0.716805200341006 0.9513004561423621 0.043478260869565216 0.030627871362940276
0 0.7534962799348989 0.9521917217395102 0.043478260869565216 0.030627871362940276
0 0.75223107029373 0.9325838786022553 0.043478260869565216 0.030627871362940276
0 0.7724744245524298 0.9218886914364799 0.043478260869565216 0.030627871362940276
0 0.7851265209641168 0.9067371762849646 0.043478260869565216 0.030627871362940276
0 0.7876569402464542 0.886238067550562 0.043478260869565216 0.030627871362940276
0 0.8142263427109974 0.954865518530954 0.043478260869565216 0.030627871362940276
0 0.8015742462993103 0.9290188162136634 0.043478260869565216 0.030627871362940276
0 0.8306740680461908 0.9459528625594744 0.043478260869565216 0.030627871362940276
0 0.8547130512283964 0.9521917217395102 0.043478260869565216 0.030627871362940276
0 0.8800172440517708 0.953974252933806 0.043478260869565216 0.030627871362940276
0 0.9141779043633264 0.9842772832368365 0.043478260869565216 0.030627871362940276
0 0.9078518561574828 0.9602131121138417 0.043478260869565216 0.030627871362940276
0 0.929360420057351 0.9628869089052856 0.043478260869565216 0.030627871362940276
0 0.9394820971867007 0.9771471584596527 0.043478260869565216 0.030627871362940276
0 0.9736427574982562 0.9958637359997597 0.043478260869565216 0.030627871362940276
0 0.9989469503216306 0.9655607056967295 0.043478260869565216 0.030627871362940276
0 0.9862948539099433 0.9156498322564443 0.043478260869565216 0.030627871362940276
0 0.9812340153452686 0.9067371762849646 0.043478260869565216 0.030627871362940276
0 0.9862948539099433 0.884455536356266 0.043478260869565216 0.030627871362940276
0 0.9900904828334495 0.867521490010455 0.043478260869565216 0.030627871362940276
0 0.9344212586220257 0.8648476932190111 0.043478260869565216 0.030627871362940276
0 0.9394820971867007 0.884455536356266 0.043478260869565216 0.030627871362940276
0 0.9344212586220257 0.8933681923277456 0.043478260869565216 0.030627871362940276
0 0.711744361776331 0.9709082992796172 0.043478260869565216 0.030627871362940276
0 0.7863917306052857 0.9637781745024336 0.043478260869565216 0.030627871362940276
0 0.8534478415872276 0.9798209552510966 0.043478260869565216 0.030627871362940276
0 0.766148376346586 0.8363271941102767 0.043478260869565216 0.030627871362940276
0 0.6978270557234751 0.8942594579248936 0.043478260869565216 0.030627871362940276
0 0.716805200341006 0.8978245203134853 0.043478260869565216 0.030627871362940276
0 0.7041531039293187 0.831870866124537 0.043478260869565216 0.030627871362940276
0 0.7383137642408742 0.8238494757502054 0.043478260869565216 0.030627871362940276
0 0.7610875377819112 0.8140455541815779 0.043478260869565216 0.030627871362940276
0 0.8041046655816476 0.8193931477644656 0.043478260869565216 0.030627871362940276
0 0.8129611330698285 0.8015678358215068 0.043478260869565216 0.030627871362940276
0 0.8256132294815158 0.7890901174614353 0.043478260869565216 0.030627871362940276
0 0.8648347283577461 0.7953289766414708 0.043478260869565216 0.030627871362940276
0 0.8509174223048902 0.8060241638072463 0.043478260869565216 0.030627871362940276
0 0.8850780826164457 0.7837425238785476 0.043478260869565216 0.030627871362940276
0 0.9369516779043633 0.8274145381387972 0.043478260869565216 0.030627871362940276
0 0.8989953886693016 0.8336533973188328 0.043478260869565216 0.030627871362940276
0 0.9116474850809889 0.8256320069445013 0.043478260869565216 0.030627871362940276
0 0.852182631946059 0.8274145381387972 0.043478260869565216 0.030627871362940276
0 0.852182631946059 0.8434573188874602 0.043478260869565216 0.030627871362940276
0 0.9736427574982562 0.8131542885844301 0.043478260869565216 0.030627871362940276
0 0.9533994032395565 0.8033503670158024 0.043478260869565216 0.030627871362940276
0 0.9647862900100751 0.7837425238785476 0.043478260869565216 0.030627871362940276
0 0.9900904828334495 0.7757211335042161 0.043478260869565216 0.030627871362940276
0 0.6510142990002326 0.8265232725416493 0.043478260869565216 0.030627871362940276
0 0.6750532821824381 0.8131542885844301 0.043478260869565216 0.030627871362940276
0 0.6965618460823063 0.7997853046272108 0.043478260869565216 0.030627871362940276
0 0.6522795086414012 0.7971115078357669 0.043478260869565216 0.030627871362940276
0 0.6851749593117878 0.7810687270871037 0.043478260869565216 0.030627871362940276
0 0.6193840579710144 0.7712648055184763 0.043478260869565216 0.030627871362940276
0 0.5826929783771215 0.7748298679070681 0.043478260869565216 0.030627871362940276
0 0.5915494458653027 0.757895821561257 0.043478260869565216 0.030627871362940276
0 0.6117928001240021 0.7472006343954817 0.043478260869565216 0.030627871362940276
0 0.5738365108889406 0.7231364632724869 0.043478260869565216 0.030627871362940276
0 0.5662452530419283 0.7151150728981556 0.043478260869565216 0.030627871362940276
0 0.60420154227699 0.6892683705808649 0.043478260869565216 0.030627871362940276
0 0.5978754940711462 0.6812469802065334 0.043478260869565216 0.030627871362940276
0 0.6345665736650391 0.7026373545380842 0.043478260869565216 0.030627871362940276
0 0.6459534604355576 0.7088762137181199 0.043478260869565216 0.030627871362940276
0 0.6712576532589319 0.6928334329694568 0.043478260869565216 0.030627871362940276
0 0.6522795086414012 0.6794644490122375 0.043478260869565216 0.030627871362940276
0 0.6624011857707511 0.6527264810977991 0.043478260869565216 0.030627871362940276
0 0.6839097496706192 0.6589653402778347 0.043478260869565216 0.030627871362940276
0 0.6598707664884135 0.6295535755719524 0.043478260869565216 0.030627871362940276
0 0.6801141207471131 0.6313361067662481 0.043478260869565216 0.030627871362940276
0 0.7130095714174999 0.6286623099748044 0.043478260869565216 0.030627871362940276
0 0.6902357978764628 0.6732255898322018 0.043478260869565216 0.030627871362940276
0 0.7104791521351622 0.6937246985666047 0.043478260869565216 0.030627871362940276
0 0.725661667829187 0.6776819178179415 0.043478260869565216 0.030627871362940276
0 0.6864401689529567 0.7186801352867473 0.043478260869565216 0.030627871362940276
0 0.6788489111059444 0.7338316504382625 0.043478260869565216 0.030627871362940276
0 0.6586055568472449 0.7489831655897776 0.043478260869565216 0.030627871362940276
0 0.6421578315120514 0.7275927912582268 0.043478260869565216 0.030627871362940276
0 0.7433746028055492 0.7231364632724869 0.043478260869565216 0.030627871362940276
0 0.7610875377819112 0.6928334329694568 0.043478260869565216 0.030627871362940276
0 0.7446398124467177 0.6910509017751608 0.043478260869565216 0.030627871362940276
0 0.7800656823994419 0.6794644490122375 0.043478260869565216 0.030627871362940276
0 0.793982988452298 0.6972897609551965 0.043478260869565216 0.030627871362940276
0 0.7775352631171044 0.6554002778892429 0.043478260869565216 0.030627871362940276
0 0.7421093931643804 0.6268797787805084 0.043478260869565216 0.030627871362940276
0 0.7636179570642486 0.6313361067662481 0.043478260869565216 0.030627871362940276
0 0.7901873595287918 0.6331186379605441 0.043478260869565216 0.030627871362940276
0 0.8028394559404789 0.6509439499035031 0.043478260869565216 0.030627871362940276
0 0.8357349066108656 0.6554002778892429 0.043478260869565216 0.030627871362940276
0 0.8230828101991785 0.6473788875149113 0.043478260869565216 0.030627871362940276
0 0.829408858405022 0.6848120425951252 0.043478260869565216 0.030627871362940276
0 0.847121793381384 0.6892683705808649 0.043478260869565216 0.030627871362940276
0 0.8167567619933347 0.7168976040924513 0.043478260869565216 0.030627871362940276
0 0.8395305355343717 0.7106587449124157 0.043478260869565216 0.030627871362940276
0 0.8370001162520344 0.7347229160354104 0.043478260869565216 0.030627871362940276
0 0.8686303572812523 0.7391792440211502 0.043478260869565216 0.030627871362940276
0 0.9167083236456637 0.7373967128268543 0.043478260869565216 0.030627871362940276
0 0.9053214368751452 0.7418530408125941 0.043478260869565216 0.030627871362940276
0 0.9584602418042315 0.7507656967840735 0.043478260869565216 0.030627871362940276
0 0.9850296442687745 0.7258102600639309 0.043478260869565216 0.030627871362940276
0 0.9875600635511121 0.7008548233437882 0.043478260869565216 0.030627871362940276
0 0.9875600635511121 0.6830295114008292 0.043478260869565216 0.030627871362940276
0 0.9344212586220257 0.7026373545380842 0.043478260869565216 0.030627871362940276
0 0.9356864682631946 0.6830295114008292 0.043478260869565216 0.030627871362940276
0 0.9508689839572192 0.6848120425951252 0.043478260869565216 0.030627871362940276
0 0.9141779043633264 0.6848120425951252 0.043478260869565216 0.030627871362940276
0 0.8951997597457955 0.6990722921494925 0.043478260869565216 0.030627871362940276
0 0.8736911958459272 0.6910509017751608 0.043478260869565216 0.030627871362940276
0 0.8825476633341082 0.6669867306521662 0.043478260869565216 0.030627871362940276
0 0.8736911958459272 0.6607478714721305 0.043478260869565216 0.030627871362940276
0 0.8673651476400838 0.6491614187092072 0.043478260869565216 0.030627871362940276
0 0.8863432922576143 0.6429225595291715 0.043478260869565216 0.030627871362940276
0 0.9040562272339766 0.6607478714721305 0.043478260869565216 0.030627871362940276
0 0.9154431140044949 0.6607478714721305 0.043478260869565216 0.030627871362940276
0 0.9280952104161821 0.6411400283348757 0.043478260869565216 0.030627871362940276
0 0.9711123382159186 0.6491614187092072 0.043478260869565216 0.030627871362940276
0 0.9774383864217624 0.6634216682635744 0.043478260869565216 0.030627871362940276
0 0.9824992249864372 0.6589653402778347 0.043478260869565216 0.030627871362940276
0 0.996416531039293 0.6687692618464621 0.043478260869565216 0.030627871362940276
0 0.9508689839572192 0.6250972475862127 0.043478260869565216 0.030627871362940276
0 0.947073355033713 0.6393574971405798 0.043478260869565216 0.030627871362940276
0 0.9976817406804618 0.6313361067662481 0.043478260869565216 0.030627871362940276
0 0.9255647911338448 0.7712648055184763 0.043478260869565216 0.030627871362940276
0 0.8673651476400838 0.7676997431298845 0.043478260869565216 0.030627871362940276
0 0.7788004727582732 0.7676997431298845 0.043478260869565216 0.030627871362940276
0 0.8192871812756723 0.777503664698512 0.043478260869565216 0.030627871362940276
0 0.7509658606525613 0.792655179850027 0.043478260869565216 0.030627871362940276
0 0.7788004727582732 0.8015678358215068 0.043478260869565216 0.030627871362940276
0 0.59407986514764 0.5894466237002945 0.043478260869565216 0.030627871362940276
0 0.6206492676121832 0.5956854828803302 0.043478260869565216 0.030627871362940276
0 0.6725228629001008 0.6099457324346974 0.043478260869565216 0.030627871362940276
0 0.6611359761295823 0.6010330764632179 0.043478260869565216 0.030627871362940276
0 0.648483879717895 0.5778601709373712 0.043478260869565216 0.030627871362940276
0 0.6611359761295823 0.5734038429516315 0.043478260869565216 0.030627871362940276
0 0.6788489111059444 0.5725125773544836 0.043478260869565216 0.030627871362940276
0 0.766148376346586 0.5840990301174068 0.043478260869565216 0.030627871362940276
0 0.788922149887623 0.5947942172831822 0.043478260869565216 0.030627871362940276
0 0.7990438270169726 0.6063806700461056 0.043478260869565216 0.030627871362940276
0 0.8433261644578779 0.6045981388518097 0.043478260869565216 0.030627871362940276
0 0.8547130512283964 0.6144020604204371 0.043478260869565216 0.030627871362940276
0 0.8496522126637215 0.5912291548945904 0.043478260869565216 0.030627871362940276
0 0.834469696969697 0.5840990301174068 0.043478260869565216 0.030627871362940276
0 0.829408858405022 0.5635999213830041 0.043478260869565216 0.030627871362940276
0 0.8003090366581415 0.5600348589944122 0.043478260869565216 0.030627871362940276
0 0.8774868247694334 0.598359279671774 0.043478260869565216 0.030627871362940276
0 0.8800172440517708 0.5849902957145547 0.043478260869565216 0.030627871362940276
0 0.9040562272339766 0.5840990301174068 0.043478260869565216 0.030627871362940276
0 0.9179735332868325 0.5947942172831822 0.043478260869565216 0.030627871362940276
0 0.9167083236456637 0.5832077645202589 0.043478260869565216 0.030627871362940276
0 0.9116474850809889 0.617075857211881 0.043478260869565216 0.030627871362940276
0 0.9483385646748816 0.5858815613117028 0.043478260869565216 0.030627871362940276
0 0.9647862900100751 0.5832077645202589 0.043478260869565216 0.030627871362940276
0 0.9787035960629309 0.580533967728815 0.043478260869565216 0.030627871362940276
0 0.9938861117569556 0.5903378892974425 0.043478260869565216 0.030627871362940276
0 0.9584602418042315 0.6045981388518097 0.043478260869565216 0.030627871362940276
0 0.9723775478570874 0.6126195292261414 0.043478260869565216 0.030627871362940276
0 0.8825476633341082 0.44595286255947464 0.043478260869565216 0.030627871362940276
0 0.8445913740990467 0.45130045614236236 0.043478260869565216 0.030627871362940276
0 0.852182631946059 0.4397140033794389 0.043478260869565216 0.030627871362940276
0 0.9926209021157868 0.4539742529338062 0.043478260869565216 0.030627871362940276
0 0.9850296442687745 0.40406337949352095 0.043478260869565216 0.030627871362940276
0 0.9812340153452686 0.3933681923277455 0.043478260869565216 0.030627871362940276
0 0.996416531039293 0.3764341459819346 0.043478260869565216 0.030627871362940276
0 0.9989469503216306 0.35771756844182756 0.043478260869565216 0.030627871362940276
0 0.9850296442687745 0.36128263083041934 0.043478260869565216 0.030627871362940276
0 0.8724259862047584 0.6179671228090289 0.043478260869565216 0.030627871362940276
0 0.5561235759125785 0.6812469802065334 0.043478260869565216 0.030627871362940276
0 0.29295997054948486 0.6848120425951252 0.043478260869565216 0.030627871362940276
0 0.5713060916066033 0.5484484062314887 0.043478260869565216 0.030627871362940276
0 0.6763184918236069 0.5119065167484228 0.043478260869565216 0.030627871362940276
0 0.6446882507943887 0.5154715791370147 0.043478260869565216 0.030627871362940276
0 0.6320361543827018 0.5003200639854996 0.043478260869565216 0.030627871362940276
0 0.6092623808416647 0.5074501887626831 0.043478260869565216 0.030627871362940276
0 0.788922149887623 0.47625589286250486 0.043478260869565216 0.030627871362940276
0 0.8901389211811205 0.4771471584596529 0.043478260869565216 0.030627871362940276
0 0.9723775478570874 0.4816034864453926 0.043478260869565216 0.030627871362940276
0 0.9280952104161821 0.4013895827020771 0.043478260869565216 0.030627871362940276
0 0.08696937667828382 0.08026635381429688 0.043478260869565216 0.030627871362940276
0 0.10562332171627739 0.0789522933675163 0.043478260869565216 0.030627871362940276
0 0.11868108324287285 0.07501011202717461 0.043478260869565216 0.030627871362940276
0 0.11868108324287285 0.057927326219027436 0.043478260869565216 0.030627871362940276
0 0.13360423927326753 0.052671084431905345 0.043478260869565216 0.030627871362940276
0 0.13360423927326753 0.03690235907053855 0.043478260869565216 0.030627871362940276
0 0.12054647774667222 0.042158600857660815 0.043478260869565216 0.030627871362940276
0 0.10748871622007676 0.04610078219800252 0.043478260869565216 0.030627871362940276
0 0.10189253270867865 0.03164611728341646 0.043478260869565216 0.030627871362940276
0 0.11308489973147474 0.030332056836635896 0.043478260869565216 0.030627871362940276
0 0.08510398217448457 0.019819573262391543 0.043478260869565216 0.030627871362940276
0 0.0832385876706852 0.030332056836635896 0.043478260869565216 0.030627871362940276
0 0.08696937667828382 0.05004296353834421 0.043478260869565216 0.030627871362940276
0 0.06458464263269166 0.04610078219800252 0.043478260869565216 0.030627871362940276
0 0.05525767011369492 0.053985144878685914 0.043478260869565216 0.030627871362940276
0 0.04219990858709947 0.04610078219800252 0.043478260869565216 0.030627871362940276
0 0.025411358052905394 0.04084454041088025 0.043478260869565216 0.030627871362940276
0 0.0086228075187112 0.015877391922049844 0.043478260869565216 0.030627871362940276
0 0.021680569045306658 0.013249271028488711 0.043478260869565216 0.030627871362940276
0 0.04406530309089884 0.02507581504951363 0.043478260869565216 0.030627871362940276
0 0.06831543164029037 0.026389875496294197 0.043478260869565216 0.030627871362940276
0 0.05898845912129366 0.018505512815610976 0.043478260869565216 0.030627871362940276
0 0.07764240415928711 0.00667896879458588 0.043478260869565216 0.030627871362940276
0 0.08696937667828382 0.00667896879458588 0.043478260869565216 0.030627871362940276
0 0.11121950522767537 0.009307089688147013 0.043478260869565216 0.030627871362940276
0 0.10562332171627739 0.02113363370917211 0.043478260869565216 0.030627871362940276
0 0.10002713820487928 0.00667896879458588 0.043478260869565216 0.030627871362940276
0 0.1261426612580702 0.015877391922049844 0.043478260869565216 0.030627871362940276
0 0.1317388447694683 0.023761754602733064 0.043478260869565216 0.030627871362940276
0 0.1429312117922644 0.035588298623758154 0.043478260869565216 0.030627871362940276
0 0.021680569045306658 0.06055544711258857 0.043478260869565216 0.030627871362940276
0 0.0086228075187112 0.06581168889971083 0.043478260869565216 0.030627871362940276
0 0.010488202022510568 0.08026635381429688 0.043478260869565216 0.030627871362940276
0 0.14106581728846504 0.06581168889971083 0.043478260869565216 0.030627871362940276
0 0.15971976232645846 0.05004296353834421 0.043478260869565216 0.030627871362940276
0 0.15412357881506047 0.010621150134927579 0.043478260869565216 0.030627871362940276
0 0.1746429183568533 0.00667896879458588 0.043478260869565216 0.030627871362940276
0 0.19143146889104737 0.0027367874542443557 0.043478260869565216 0.030627871362940276
0 0.21195080843284017 0.005364908347805314 0.043478260869565216 0.030627871362940276
0 0.20262383591384345 0.026389875496294197 0.043478260869565216 0.030627871362940276
0 0.16718134034165583 0.042158600857660815 0.043478260869565216 0.030627871362940276
0 0.14479660629606364 0.04741484264478308 0.043478260869565216 0.030627871362940276
0 0.2231431754556364 0.053985144878685914 0.043478260869565216 0.030627871362940276
0 0.19329686339484672 0.08026635381429688 0.043478260869565216 0.030627871362940276
0 0.23993172598983045 0.05661326577224687 0.043478260869565216 0.030627871362940276
0 0.2604510655316234 0.06154099244767391 0.043478260869565216 0.030627871362940276
0 0.2809704050734162 0.056941780883941924 0.043478260869565216 0.030627871362940276
0 0.2977589556076104 0.04840038797986833 0.043478260869565216 0.030627871362940276
0 0.30148974461520917 0.03460275328867256 0.043478260869565216 0.030627871362940276
0 0.2940281666000117 0.03394572306528228 0.043478260869565216 0.030627871362940276
0 0.27537422156201824 0.025404330161208685 0.043478260869565216 0.030627871362940276
0 0.27537422156201824 0.016862937257135092 0.043478260869565216 0.030627871362940276
0 0.2707107353025198 0.005036393236110086 0.043478260869565216 0.030627871362940276
0 0.25578757927212503 0.014234816363573962 0.043478260869565216 0.030627871362940276
0 0.2231431754556364 0.007664514129671218 0.043478260869565216 0.030627871362940276
0 0.23713363423413153 0.03788790440562389 0.043478260869565216 0.030627871362940276
0 0.23247014797463317 0.02606136038459897 0.043478260869565216 0.030627871362940276
0 0.24366251499742927 0.027375420831379536 0.043478260869565216 0.030627871362940276
0 0.28376849682911526 0.031317602171721144 0.043478260869565216 0.030627871362940276
0 0.3024224418671087 0.019491058150696225 0.043478260869565216 0.030627871362940276
0 0.30428783637090806 0.005036393236110086 0.043478260869565216 0.030627871362940276
0 0.31734559789750355 0.009635604799842067 0.043478260869565216 0.030627871362940276
0 0.32107638690510226 0.04051602529918502 0.043478260869565216 0.030627871362940276
0 0.3089513226304065 0.045115236862917005 0.043478260869565216 0.030627871362940276
0 0.3229417814089016 0.05299959954360023 0.043478260869565216 0.030627871362940276
0 0.31548020339370414 0.06022693200089334 0.043478260869565216 0.030627871362940276
0 0.3257398731646007 0.07073941557513769 0.043478260869565216 0.030627871362940276
0 0.3471919099582932 0.06679723423479608 0.043478260869565216 0.030627871362940276
0 0.36118236873678833 0.07073941557513769 0.043478260869565216 0.030627871362940276
0 0.36491315774438693 0.07073941557513769 0.043478260869565216 0.030627871362940276
0 0.37890361652288207 0.06876832490496693 0.043478260869565216 0.030627871362940276
0 0.38263440553048084 0.059569901777503056 0.043478260869565216 0.030627871362940276
0 0.3359995429354971 0.043801176416136435 0.043478260869565216 0.030627871362940276
0 0.34812460721019284 0.035916813735453135 0.043478260869565216 0.030627871362940276
0 0.35278809346969114 0.0411730555225753 0.043478260869565216 0.030627871362940276
0 0.36584585499628663 0.03460275328867256 0.043478260869565216 0.030627871362940276
0 0.3555861852253902 0.006350453682890652 0.043478260869565216 0.030627871362940276
0 0.36584585499628663 0.006350453682890652 0.043478260869565216 0.030627871362940276
0 0.3844998000342802 0.005693423459500369 0.043478260869565216 0.030627871362940276
0 0.39942295606467487 0.01620590703374481 0.043478260869565216 0.030627871362940276
0 0.3807690110266814 0.024747299937818403 0.043478260869565216 0.030627871362940276
0 0.396624864308976 0.022776209267647556 0.043478260869565216 0.030627871362940276
0 0.41061532308747095 0.018834027927305944 0.043478260869565216 0.030627871362940276
0 0.4208749928583674 0.01029263502323235 0.043478260869565216 0.030627871362940276
0 0.4311346626292639 0.017519967480525377 0.043478260869565216 0.030627871362940276
0 0.4218076901102671 0.020148088374086423 0.043478260869565216 0.030627871362940276
0 0.3975575615608755 0.032631662618501714 0.043478260869565216 0.030627871362940276
0 0.37330743301148395 0.03920196485240446 0.043478260869565216 0.030627871362940276
0 0.36211506598868787 0.06154099244767391 0.043478260869565216 0.030627871362940276
0 0.40222104782037393 0.058912871554112775 0.043478260869565216 0.030627871362940276
0 0.4152788093469694 0.0372308741822336 0.043478260869565216 0.030627871362940276
0 0.42926926812546456 0.03394572306528228 0.043478260869565216 0.030627871362940276
0 0.44512512140775895 0.024090269714428122 0.043478260869565216 0.030627871362940276
0 0.46004827743815374 0.015548876810354528 0.043478260869565216 0.030627871362940276
0 0.4721733417128495 0.014891846586964245 0.043478260869565216 0.030627871362940276
0 0.43300005713306317 0.005036393236110086 0.043478260869565216 0.030627871362940276
0 0.45538479117865543 0.008978574576451782 0.043478260869565216 0.030627871362940276
0 0.4721733417128495 0.028689481278160102 0.043478260869565216 0.030627871362940276
0 0.46471176369765216 0.035916813735453135 0.043478260869565216 0.030627871362940276
0 0.46471176369765216 0.05102850887342946 0.043478260869565216 0.030627871362940276
0 0.46471176369765216 0.06022693200089334 0.043478260869565216 0.030627871362940276
0 0.450721304919157 0.0661402040114058 0.043478260869565216 0.030627871362940276
0 0.450721304919157 0.07796674803243081 0.043478260869565216 0.030627871362940276
0 0.46564446094955186 0.07008238535174742 0.043478260869565216 0.030627871362940276
0 0.4302019653773642 0.07008238535174742 0.043478260869565216 0.030627871362940276
0 0.41994229560646784 0.06351208311784466 0.043478260869565216 0.030627871362940276
0 0.4740387362166489 0.057598811107332205 0.043478260869565216 0.030627871362940276
0 0.48896189224704373 0.06351208311784466 0.043478260869565216 0.030627871362940276
0 0.48616380049134467 0.05497069021377107 0.043478260869565216 0.030627871362940276
0 0.4917599840027427 0.035916813735453135 0.043478260869565216 0.030627871362940276
0 0.4908272867508431 0.02606136038459897 0.043478260869565216 0.030627871362940276
0 0.4964234702622411 0.016862937257135092 0.043478260869565216 0.030627871362940276
0 0.48896189224704373 0.0030653025659393234 0.043478260869565216 0.030627871362940276
0 0.5020196537736392 0.007664514129671218 0.043478260869565216 0.030627871362940276
0 0.5178755070559335 0.006350453682890652 0.043478260869565216 0.030627871362940276
0 0.5150774153002345 0.01620590703374481 0.043478260869565216 0.030627871362940276
0 0.5094812317888365 0.029346511501550297 0.043478260869565216 0.030627871362940276
0 0.5234716905673317 0.024747299937818403 0.043478260869565216 0.030627871362940276
0 0.5365294520939271 0.014891846586964245 0.043478260869565216 0.030627871362940276
0 0.5365294520939271 0.028689481278160102 0.043478260869565216 0.030627871362940276
0 0.5262697823230308 0.03197463239511143 0.043478260869565216 0.030627871362940276
0 0.514144718048335 0.036573843958843326 0.043478260869565216 0.030627871362940276
0 0.5122793235445355 0.04774335775647805 0.043478260869565216 0.030627871362940276
0 0.5001542592698398 0.05299959954360023 0.043478260869565216 0.030627871362940276
0 0.5020196537736392 0.06154099244767391 0.043478260869565216 0.030627871362940276
0 0.5160101125521342 0.06154099244767391 0.043478260869565216 0.030627871362940276
0 0.4796349197280469 0.06745426445818635 0.043478260869565216 0.030627871362940276
0 0.5327986630863284 0.05365662976699051 0.043478260869565216 0.030627871362940276
0 0.5327986630863284 0.06548317378801552 0.043478260869565216 0.030627871362940276
0 0.5607795806433187 0.07073941557513769 0.043478260869565216 0.030627871362940276
0 0.5617122778952184 0.06351208311784466 0.043478260869565216 0.030627871362940276
0 0.5701065531623154 0.07139644579852798 0.043478260869565216 0.030627871362940276
0 0.5878278009484091 0.07862377825582109 0.043478260869565216 0.030627871362940276
0 0.5906258927041083 0.06811129468157666 0.043478260869565216 0.030627871362940276
0 0.5896931954522086 0.057598811107332205 0.043478260869565216 0.030627871362940276
0 0.5924912872079076 0.046429297309697484 0.043478260869565216 0.030627871362940276
0 0.5868951036965094 0.035916813735453135 0.043478260869565216 0.030627871362940276
0 0.5775681311775127 0.043801176416136435 0.043478260869565216 0.030627871362940276
0 0.5505199108724221 0.03000354172494058 0.043478260869565216 0.030627871362940276
0 0.5495872136205225 0.015548876810354528 0.043478260869565216 0.030627871362940276
0 0.5691738559104157 0.015548876810354528 0.043478260869565216 0.030627871362940276
0 0.5785008284294124 0.020805118597476704 0.043478260869565216 0.030627871362940276
0 0.5915585899560079 0.016862937257135092 0.043478260869565216 0.030627871362940276
0 0.602750956978804 0.012920755916793395 0.043478260869565216 0.030627871362940276
0 0.6008855624750046 0.024747299937818403 0.043478260869565216 0.030627871362940276
0 0.6008855624750046 0.031317602171721144 0.043478260869565216 0.030627871362940276
0 0.605549048734503 0.0411730555225753 0.043478260869565216 0.030627871362940276
0 0.6130106267497004 0.04314414619274616 0.043478260869565216 0.030627871362940276
0 0.6186068102610985 0.056941780883941924 0.043478260869565216 0.030627871362940276
0 0.6158087185053994 0.06811129468157666 0.043478260869565216 0.030627871362940276
0 0.6223375992686971 0.045115236862917005 0.043478260869565216 0.030627871362940276
0 0.6223375992686971 0.019491058150696225 0.043478260869565216 0.030627871362940276
0 0.6214049020167974 0.005036393236110086 0.043478260869565216 0.030627871362940276
0 0.6297991772838946 0.007007483906280935 0.043478260869565216 0.030627871362940276
0 0.6325972690395936 0.02146214882086699 0.043478260869565216 0.030627871362940276
0 0.6400959835456779 0.04774335775647805 0.043478260869565216 0.030627871362940276
0 0.6466248643089757 0.045115236862917005 0.043478260869565216 0.030627871362940276
0 0.6447594698051763 0.05825584133072249 0.043478260869565216 0.030627871362940276
0 0.6410286807975776 0.0661402040114058 0.043478260869565216 0.030627871362940276
0 0.6466248643089757 0.08059486892599185 0.043478260869565216 0.030627871362940276
0 0.63449980003428 0.09176438272362658 0.043478260869565216 0.030627871362940276
0 0.6522210478203737 0.09636359428735848 0.043478260869565216 0.030627871362940276
0 0.6680769011026682 0.07073941557513769 0.043478260869565216 0.030627871362940276
0 0.6634134148431697 0.06219802267106419 0.043478260869565216 0.030627871362940276
0 0.6634134148431697 0.05299959954360023 0.043478260869565216 0.030627871362940276
0 0.6671442038507686 0.04248711596935587 0.043478260869565216 0.030627871362940276
0 0.6820673598811634 0.04905741820325862 0.043478260869565216 0.030627871362940276
0 0.6783365708735646 0.055627720437161354 0.043478260869565216 0.030627871362940276
0 0.6848654516368623 0.06811129468157666 0.043478260869565216 0.030627871362940276
0 0.6951251214077587 0.05497069021377107 0.043478260869565216 0.030627871362940276
0 0.7044520939267556 0.030660571948330863 0.043478260869565216 0.030627871362940276
0 0.6895289378963607 0.022776209267647556 0.043478260869565216 0.030627871362940276
0 0.6830000571330629 0.014891846586964245 0.043478260869565216 0.030627871362940276
0 0.696990515911558 0.012263725693403112 0.043478260869565216 0.030627871362940276
0 0.6736730846140662 0.005036393236110086 0.043478260869565216 0.030627871362940276
0 0.6606153230874707 0.005036393236110086 0.043478260869565216 0.030627871362940276
0 0.7370964977432442 0.011606695470012916 0.043478260869565216 0.030627871362940276
0 0.7352311032394447 0.02211917904425727 0.043478260869565216 0.030627871362940276
0 0.7660101125521339 0.01620590703374481 0.043478260869565216 0.030627871362940276
0 0.7557504427812376 0.020805118597476704 0.043478260869565216 0.030627871362940276
0 0.7473561675141405 0.029346511501550297 0.043478260869565216 0.030627871362940276
0 0.7482888647660402 0.03854493462901417 0.043478260869565216 0.030627871362940276
0 0.7464234702622409 0.04445820663952672 0.043478260869565216 0.030627871362940276
0 0.7520196537736389 0.05628475066055164 0.043478260869565216 0.030627871362940276
0 0.7417599840027426 0.05037147865003918 0.043478260869565216 0.030627871362940276
0 0.7296349197280467 0.06154099244767391 0.043478260869565216 0.030627871362940276
0 0.734298405987545 0.07336753646869883 0.043478260869565216 0.030627871362940276
0 0.7445580757584415 0.07008238535174742 0.043478260869565216 0.030627871362940276
0 0.760413929040736 0.06745426445818635 0.043478260869565216 0.030627871362940276
0 0.7650774153002344 0.05431365999038079 0.043478260869565216 0.030627871362940276
0 0.7706735988116323 0.03920196485240446 0.043478260869565216 0.030627871362940276
0 0.7697409015597327 0.030660571948330863 0.043478260869565216 0.030627871362940276
0 0.7790678740787295 0.02211917904425727 0.043478260869565216 0.030627871362940276
0 0.800519910872422 0.023433239491037837 0.043478260869565216 0.030627871362940276
0 0.8107795806433185 0.025404330161208685 0.043478260869565216 0.030627871362940276
0 0.8238373421699139 0.027375420831379536 0.043478260869565216 0.030627871362940276
0 0.8322316174370109 0.028032451054769817 0.043478260869565216 0.030627871362940276
0 0.846222076215506 0.025404330161208685 0.043478260869565216 0.030627871362940276
0 0.8368951036965092 0.016862937257135092 0.043478260869565216 0.030627871362940276
0 0.8201065531623152 0.009635604799842067 0.043478260869565216 0.030627871362940276
0 0.8285008284294122 0.0037223327893295194 0.043478260869565216 0.030627871362940276
0 0.7725389933154317 0.0083215443530615 0.043478260869565216 0.030627871362940276
0 0.8518182597269041 0.0083215443530615 0.043478260869565216 0.030627871362940276
0 0.8695395075129979 0.009635604799842067 0.043478260869565216 0.030627871362940276
0 0.8788664800319946 0.01817699770391566 0.043478260869565216 0.030627871362940276
0 0.8676741130091986 0.029346511501550297 0.043478260869565216 0.030627871362940276
0 0.8611452322459008 0.0411730555225753 0.043478260869565216 0.030627871362940276
0 0.8098468833914187 0.0497144484266489 0.043478260869565216 0.030627871362940276
0 0.797721819116723 0.043801176416136435 0.043478260869565216 0.030627871362940276
0 0.800519910872422 0.06285505289445438 0.043478260869565216 0.030627871362940276
0 0.8238373421699139 0.06219802267106419 0.043478260869565216 0.030627871362940276
0 0.8406258927041079 0.06482614356462524 0.043478260869565216 0.030627871362940276
0 0.8536836542307035 0.06154099244767391 0.043478260869565216 0.030627871362940276
0 0.8555490487345028 0.06942535512835721 0.043478260869565216 0.030627871362940276
0 0.8732702965205965 0.06876832490496693 0.043478260869565216 0.030627871362940276
0 0.8658087185053992 0.07796674803243081 0.043478260869565216 0.030627871362940276
0 0.8639433240015998 0.09439250361718769 0.043478260869565216 0.030627871362940276
0 0.8602125349940011 0.10490498719143207 0.043478260869565216 0.030627871362940276
0 0.8956550305661888 0.07599565736225995 0.043478260869565216 0.030627871362940276
0 0.8825972690395933 0.056941780883941924 0.043478260869565216 0.030627871362940276
0 0.8816645717876938 0.043801176416136435 0.043478260869565216 0.030627871362940276
0 0.8825972690395933 0.035916813735453135 0.043478260869565216 0.030627871362940276
0 0.8956550305661888 0.029346511501550297 0.043478260869565216 0.030627871362940276
0 0.8965877278180884 0.022776209267647556 0.043478260869565216 0.030627871362940276
0 0.9059147003370852 0.01620590703374481 0.043478260869565216 0.030627871362940276
0 0.9059147003370852 0.005693423459500369 0.043478260869565216 0.030627871362940276
0 0.9217705536193797 0.005693423459500369 0.043478260869565216 0.030627871362940276
0 0.9282994343826775 0.01620590703374481 0.043478260869565216 0.030627871362940276
0 0.9273667371307778 0.03460275328867256 0.043478260869565216 0.030627871362940276
0 0.9133762783522826 0.033288692841892 0.043478260869565216 0.030627871362940276
0 0.9068473975889849 0.030660571948330863 0.043478260869565216 0.030627871362940276
0 0.9096454893446839 0.04445820663952672 0.043478260869565216 0.030627871362940276
0 0.8975204250699881 0.0411730555225753 0.043478260869565216 0.030627871362940276
0 0.9133762783522826 0.06811129468157666 0.043478260869565216 0.030627871362940276
0 0.9301648288864768 0.07336753646869883 0.043478260869565216 0.030627871362940276
0 0.9264340398788781 0.06219802267106419 0.043478260869565216 0.030627871362940276
0 0.9376264069016742 0.06285505289445438 0.043478260869565216 0.030627871362940276
0 0.9525495629320689 0.06811129468157666 0.043478260869565216 0.030627871362940276
0 0.9544149574358682 0.059569901777503056 0.043478260869565216 0.030627871362940276
0 0.9637419299548651 0.06811129468157666 0.043478260869565216 0.030627871362940276
0 0.9646746272067648 0.08322298981955298 0.043478260869565216 0.030627871362940276
0 0.9749342969776612 0.07533862713886968 0.043478260869565216 0.030627871362940276
0 0.9917228475118552 0.06679723423479608 0.043478260869565216 0.030627871362940276
0 0.9805304804890591 0.06482614356462524 0.043478260869565216 0.030627871362940276
0 0.9767996914814605 0.04840038797986833 0.043478260869565216 0.030627871362940276
0 0.9842612694966579 0.04774335775647805 0.043478260869565216 0.030627871362940276
0 0.9758669942295608 0.0372308741822336 0.043478260869565216 0.030627871362940276
0 0.9795977832371595 0.020805118597476704 0.043478260869565216 0.030627871362940276
0 0.9898574530080558 0.012920755916793395 0.043478260869565216 0.030627871362940276
0 0.9795977832371595 0.006350453682890652 0.043478260869565216 0.030627871362940276
0 0.9609438381991661 0.01029263502323235 0.043478260869565216 0.030627871362940276
0 0.9404244986573732 0.014891846586964245 0.043478260869565216 0.030627871362940276
0 0.9488187739244702 0.03000354172494058 0.043478260869565216 0.030627871362940276
0 0.9460206821687712 0.03985899507579473 0.043478260869565216 0.030627871362940276
0 0.9068473975889849 0.34932023029261483 0.043478260869565216 0.030627871362940276
0 0.7454907730103412 0.32369605158039405 0.043478260869565216 0.030627871362940276
