0 0.8630271534651978 0.9818319112462743 0.01953125 0.034722222222222224
0 0.8654252349999699 0.9562523748753713 0.01953125 0.034722222222222224
0 0.8750175611390587 0.9619367162911274 0.01953125 0.034722222222222224
0 0.8814124452317846 0.9349360945662851 0.01953125 0.034722222222222224
0 0.8814124452317846 0.9121987289032601 0.01953125 0.034722222222222224
0 0.8638265139767887 0.9306728385044679 0.01953125 0.034722222222222224
0 0.8702213980695144 0.8880402778862958 0.01953125 0.034722222222222224
0 0.8806130847201937 0.8780926804087223 0.01953125 0.034722222222222224
0 0.8758169216506494 0.8326179490826722 0.01953125 0.034722222222222224
0 0.8622277929536071 0.846828802622063 0.01953125 0.034722222222222224
0 0.8694220375579237 0.7956697298802563 0.01953125 0.034722222222222224
0 0.8726194796042865 0.7743534495711701 0.01953125 0.034722222222222224
0 0.8854092477897382 0.7857221324026827 0.01953125 0.034722222222222224
0 0.8750175611390587 0.7416684864305715 0.01953125 0.034722222222222224
0 0.8582309903956534 0.7928275591723781 0.01953125 0.034722222222222224
0 0.8502373852797462 0.7899853884645 0.01953125 0.034722222222222224
0 0.8414444196522481 0.7715112788632921 0.01953125 0.034722222222222224
0 0.8430431406754296 0.7573004253239012 0.01953125 0.034722222222222224
0 0.8430431406754296 0.8354601197905502 0.01953125 0.034722222222222224
0 0.8462405827217925 0.8596185708075144 0.01953125 0.034722222222222224
0 0.8462405827217925 0.8780926804087223 0.01953125 0.034722222222222224
0 0.8366482565827037 0.8837770218244788 0.01953125 0.034722222222222224
0 0.8270559304436151 0.9065143874875038 0.01953125 0.034722222222222224
0 0.8438425011870203 0.9235674117347727 0.01953125 0.034722222222222224
0 0.8542341878376999 0.9008300460717474 0.01953125 0.034722222222222224
0 0.8494380247681556 0.9363571799202243 0.01953125 0.034722222222222224
0 0.8446418616986111 0.9505680334596148 0.01953125 0.034722222222222224
0 0.8278552909552058 0.9477258627517369 0.01953125 0.034722222222222224
0 0.8374476170942946 0.9320939238584072 0.01953125 0.034722222222222224
0 0.8406450591406575 0.986095167308092 0.01953125 0.034722222222222224
0 0.8142661622581634 0.986095167308092 0.01953125 0.034722222222222224
0 0.8230591278856615 0.9647788869990058 0.01953125 0.034722222222222224
0 0.8078712781654377 0.9676210577068838 0.01953125 0.034722222222222224
0 0.8134668017465727 0.9136198142571992 0.01953125 0.034722222222222224
0 0.7934827889568046 0.9363571799202243 0.01953125 0.034722222222222224
0 0.7910847074220324 0.9619367162911274 0.01953125 0.034722222222222224
0 0.7966802310031674 0.9647788869990058 0.01953125 0.034722222222222224
0 0.7726994156554455 0.9804108258923355 0.01953125 0.034722222222222224
0 0.7711006946322643 0.9676210577068838 0.01953125 0.034722222222222224
0 0.7647058105395383 0.9519891188135541 0.01953125 0.034722222222222224
0 0.7719000551438548 0.9164619849650774 0.01953125 0.034722222222222224
0 0.7806930207713529 0.8951457046559912 0.01953125 0.034722222222222224
0 0.7894859863988508 0.893724619302052 0.01953125 0.034722222222222224
0 0.8038744756074839 0.8709872536390271 0.01953125 0.034722222222222224
0 0.809469999188619 0.8908824485941741 0.01953125 0.034722222222222224
0 0.8142661622581634 0.8596185708075144 0.01953125 0.034722222222222224
0 0.7870879048640786 0.872408338992966 0.01953125 0.034722222222222224
0 0.8022757545843024 0.8539342293917582 0.01953125 0.034722222222222224
0 0.824657848908843 0.8397233758523676 0.01953125 0.034722222222222224
0 0.8022757545843024 0.829775778374794 0.01953125 0.034722222222222224
0 0.8190623253277077 0.8198281808972205 0.01953125 0.034722222222222224
0 0.8118680807233912 0.7985119005881344 0.01953125 0.034722222222222224
0 0.8254572094204337 0.7914064738184391 0.01953125 0.034722222222222224
0 0.8310527330015687 0.7942486445263172 0.01953125 0.034722222222222224
0 0.8110687202118005 0.7771956202790484 0.01953125 0.034722222222222224
0 0.8158648832813449 0.7743534495711701 0.01953125 0.034722222222222224
0 0.8230591278856615 0.7729323642172311 0.01953125 0.034722222222222224
0 0.8222597673740708 0.7558793399699623 0.01953125 0.034722222222222224
0 0.8326514540247503 0.7501949985542059 0.01953125 0.034722222222222224
0 0.8422437801638389 0.7445106571384495 0.01953125 0.034722222222222224
0 0.8342501750479315 0.7260365475372417 0.01953125 0.034722222222222224
0 0.8214604068624799 0.7260365475372417 0.01953125 0.034722222222222224
0 0.8486386642565646 0.6890883283348258 0.01953125 0.034722222222222224
0 0.8366482565827037 0.6876672429808868 0.01953125 0.034722222222222224
0 0.8406450591406575 0.7004570111663384 0.01953125 0.034722222222222224
0 0.8222597673740708 0.7061413525820948 0.01953125 0.034722222222222224
0 0.8190623253277077 0.6890883283348258 0.01953125 0.034722222222222224
0 0.824657848908843 0.674877474795435 0.01953125 0.034722222222222224
0 0.8142661622581634 0.7047202672281556 0.01953125 0.034722222222222224
0 0.8142661622581634 0.7288787182451197 0.01953125 0.034722222222222224
0 0.809469999188619 0.751616083908145 0.01953125 0.034722222222222224
0 0.8014763940727118 0.7729323642172311 0.01953125 0.034722222222222224
0 0.7982789520263489 0.7558793399699623 0.01953125 0.034722222222222224
0 0.791884067933623 0.7700901935093528 0.01953125 0.034722222222222224
0 0.791884067933623 0.8127227541275251 0.01953125 0.034722222222222224
0 0.7774955787249899 0.7771956202790484 0.01953125 0.034722222222222224
0 0.7838904628177158 0.8255125223129768 0.01953125 0.034722222222222224
0 0.7782949392365808 0.8411444612063065 0.01953125 0.034722222222222224
0 0.7846898233293065 0.8411444612063065 0.01953125 0.034722222222222224
0 0.7679032525859012 0.8780926804087223 0.01953125 0.034722222222222224
0 0.7543141238888589 0.8851981071784176 0.01953125 0.034722222222222224
0 0.7527154028656775 0.8624607415153926 0.01953125 0.034722222222222224
0 0.7431230767265887 0.8951457046559912 0.01953125 0.034722222222222224
0 0.7487186003077237 0.9235674117347727 0.01953125 0.034722222222222224
0 0.7327313900759093 0.9605156309371886 0.01953125 0.034722222222222224
0 0.7255371454715928 0.9676210577068838 0.01953125 0.034722222222222224
0 0.7215403429136391 0.8979878753638695 0.01953125 0.034722222222222224
0 0.7295339480295464 0.8994089607178084 0.01953125 0.034722222222222224
0 0.7191422613788668 0.9221463263808336 0.01953125 0.034722222222222224
0 0.7143460983093225 0.9434626066899197 0.01953125 0.034722222222222224
0 0.7047537721702338 0.9647788869990058 0.01953125 0.034722222222222224
0 0.6863684804036471 0.9633578016450666 0.01953125 0.034722222222222224
0 0.6935627250079637 0.9264095824426507 0.01953125 0.034722222222222224
0 0.695161446031145 0.8894613632402348 0.01953125 0.034722222222222224
0 0.6959608065427357 0.8667239975772099 0.01953125 0.034722222222222224
0 0.6967601670543265 0.8383022904984284 0.01953125 0.034722222222222224
0 0.7191422613788668 0.8411444612063065 0.01953125 0.034722222222222224
0 0.7359288321222722 0.8752505097008443 0.01953125 0.034722222222222224
0 0.7423237162149979 0.8397233758523676 0.01953125 0.034722222222222224
0 0.7255371454715928 0.8383022904984284 0.01953125 0.034722222222222224
0 0.7239384244484113 0.8212492662511596 0.01953125 0.034722222222222224
0 0.7063524931934153 0.8169860101893422 0.01953125 0.034722222222222224
0 0.7175435403556855 0.809880583419647 0.01953125 0.034722222222222224
0 0.7063524931934153 0.7985119005881344 0.01953125 0.034722222222222224
0 0.7223397034252298 0.7828799616948046 0.01953125 0.034722222222222224
0 0.7463205187729516 0.7999329859420734 0.01953125 0.034722222222222224
0 0.7623077290047662 0.8226703516050986 0.01953125 0.034722222222222224
0 0.7455211582613609 0.8212492662511596 0.01953125 0.034722222222222224
0 0.7711006946322643 0.828354693020855 0.01953125 0.034722222222222224
0 0.7631070895163569 0.8027751566499517 0.01953125 0.034722222222222224
0 0.7511166818424959 0.7814588763408654 0.01953125 0.034722222222222224
0 0.7367281926338629 0.7715112788632921 0.01953125 0.034722222222222224
0 0.7391262741686351 0.753037169262084 0.01953125 0.034722222222222224
0 0.7223397034252298 0.7658269374475357 0.01953125 0.034722222222222224
0 0.7111486562629596 0.7715112788632921 0.01953125 0.034722222222222224
0 0.7079512142165967 0.7558793399699623 0.01953125 0.034722222222222224
0 0.7143460983093225 0.7473528278463278 0.01953125 0.034722222222222224
0 0.7303333085411371 0.7473528278463278 0.01953125 0.034722222222222224
0 0.7239384244484113 0.7473528278463278 0.01953125 0.034722222222222224
0 0.7615083684931755 0.7601425960317795 0.01953125 0.034722222222222224
0 0.7607090079815847 0.7445106571384495 0.01953125 0.034722222222222224
0 0.7766962182133993 0.7388263157226933 0.01953125 0.034722222222222224
0 0.7838904628177158 0.7374052303687543 0.01953125 0.034722222222222224
0 0.7894859863988508 0.7501949985542059 0.01953125 0.034722222222222224
0 0.7982789520263489 0.7430895717845106 0.01953125 0.034722222222222224
0 0.8014763940727118 0.7345630596608762 0.01953125 0.034722222222222224
0 0.7950815099799861 0.7189311207675464 0.01953125 0.034722222222222224
0 0.8046738361190746 0.7018780965202776 0.01953125 0.034722222222222224
0 0.7998776730495305 0.7061413525820948 0.01953125 0.034722222222222224
0 0.8006770335611211 0.6933515843966431 0.01953125 0.034722222222222224
0 0.8078712781654377 0.6876672429808868 0.01953125 0.034722222222222224
0 0.8110687202118005 0.6663509626718008 0.01953125 0.034722222222222224
0 0.7982789520263489 0.6663509626718008 0.01953125 0.034722222222222224
0 0.8030751150958934 0.6279816581154458 0.01953125 0.034722222222222224
0 0.7942821494683953 0.6450346823627147 0.01953125 0.034722222222222224
0 0.7934827889568046 0.6350870848851411 0.01953125 0.034722222222222224
0 0.7830911023061251 0.632244914177263 0.01953125 0.034722222222222224
0 0.7758968577018086 0.6350870848851411 0.01953125 0.034722222222222224
0 0.7806930207713529 0.6620877066099836 0.01953125 0.034722222222222224
0 0.7655051710511291 0.6635087919639225 0.01953125 0.034722222222222224
0 0.7551134844004497 0.6407714263008975 0.01953125 0.034722222222222224
0 0.7631070895163569 0.6379292555930192 0.01953125 0.034722222222222224
0 0.7711006946322643 0.6564033651942273 0.01953125 0.034722222222222224
0 0.7806930207713529 0.6848250722730086 0.01953125 0.034722222222222224
0 0.7806930207713529 0.7075624379360339 0.01953125 0.034722222222222224
0 0.786288544352488 0.7032991818742167 0.01953125 0.034722222222222224
0 0.7471198792845424 0.7203522061214853 0.01953125 0.034722222222222224
0 0.7303333085411371 0.7246154621833026 0.01953125 0.034722222222222224
0 0.7415243557034074 0.7075624379360339 0.01953125 0.034722222222222224
0 0.7375275531454536 0.6919304990427039 0.01953125 0.034722222222222224
0 0.7367281926338629 0.6777196455033133 0.01953125 0.034722222222222224
0 0.7503173213309053 0.674877474795435 0.01953125 0.034722222222222224
0 0.6655851071022882 0.9633578016450666 0.01953125 0.034722222222222224
0 0.663187025567516 0.9434626066899197 0.01953125 0.034722222222222224
0 0.6416042917545663 0.9534102041674932 0.01953125 0.034722222222222224
0 0.6280151630575239 0.9605156309371886 0.01953125 0.034722222222222224
0 0.6440023732893385 0.9292517531505289 0.01953125 0.034722222222222224
0 0.6487985363588828 0.9150408996111382 0.01953125 0.034722222222222224
0 0.6567921414747903 0.9136198142571992 0.01953125 0.034722222222222224
0 0.6583908624979716 0.8965667900099302 0.01953125 0.034722222222222224
0 0.6655851071022882 0.8780926804087223 0.01953125 0.034722222222222224
0 0.6711806306834233 0.8866191925323569 0.01953125 0.034722222222222224
0 0.6831710383572842 0.8851981071784176 0.01953125 0.034722222222222224
0 0.6759767937529676 0.9164619849650774 0.01953125 0.034722222222222224
0 0.6703812701718326 0.9377782652741633 0.01953125 0.034722222222222224
0 0.6759767937529676 0.9647788869990058 0.01953125 0.034722222222222224
0 0.6791742357993306 0.9434626066899197 0.01953125 0.034722222222222224
0 0.6671838281254696 0.8653029122232707 0.01953125 0.034722222222222224
0 0.6751774332413769 0.8383022904984284 0.01953125 0.034722222222222224
0 0.6775755147761491 0.7970908152341953 0.01953125 0.034722222222222224
0 0.6751774332413769 0.8212492662511596 0.01953125 0.034722222222222224
0 0.6871678409152377 0.8198281808972205 0.01953125 0.034722222222222224
0 0.6855691198920564 0.7757745349251093 0.01953125 0.034722222222222224
0 0.6991582485890987 0.7771956202790484 0.01953125 0.034722222222222224
0 0.6999576091006895 0.7331419743069371 0.01953125 0.034722222222222224
0 0.7063524931934153 0.7260365475372417 0.01953125 0.034722222222222224
0 0.7199416218904576 0.7075624379360339 0.01953125 0.034722222222222224
0 0.7279352270063648 0.6805618162111915 0.01953125 0.034722222222222224
0 0.7223397034252298 0.6947726697505822 0.01953125 0.034722222222222224
0 0.7279352270063648 0.6365081702390802 0.01953125 0.034722222222222224
0 0.7479192397961331 0.6350870848851411 0.01953125 0.034722222222222224
0 0.7519160423540867 0.6592455359021053 0.01953125 0.034722222222222224
0 0.7423237162149979 0.6350870848851411 0.01953125 0.034722222222222224
0 0.7495179608193145 0.6194551459918114 0.01953125 0.034722222222222224
0 0.7559128449120404 0.6080864631602989 0.01953125 0.034722222222222224
0 0.7655051710511291 0.6137708045760549 0.01953125 0.034722222222222224
0 0.7631070895163569 0.5739804146657611 0.01953125 0.034722222222222224
0 0.7814923812829436 0.59103343891303 0.01953125 0.034722222222222224
0 0.7527154028656775 0.5782436707275783 0.01953125 0.034722222222222224
0 0.7535147633772682 0.5597695611263703 0.01953125 0.034722222222222224
0 0.7495179608193145 0.5526641343566749 0.01953125 0.034722222222222224
0 0.7415243557034074 0.5441376222330405 0.01953125 0.034722222222222224
0 0.7319320295643186 0.5199791712160763 0.01953125 0.034722222222222224
0 0.7183429008672763 0.5427165368791015 0.01953125 0.034722222222222224
0 0.7199416218904576 0.5725593293118219 0.01953125 0.034722222222222224
0 0.7223397034252298 0.554085219710614 0.01953125 0.034722222222222224
0 0.724737784960002 0.5654539025421266 0.01953125 0.034722222222222224
0 0.7439224372381794 0.5896123535590908 0.01953125 0.034722222222222224
0 0.7407249951918166 0.5739804146657611 0.01953125 0.034722222222222224
0 0.7375275531454536 0.5853490974972736 0.01953125 0.034722222222222224
0 0.7111486562629596 0.5825069267893954 0.01953125 0.034722222222222224
0 0.7199416218904576 0.5881912682051519 0.01953125 0.034722222222222224
0 0.7095499352397783 0.5654539025421266 0.01953125 0.034722222222222224
0 0.7279352270063648 0.5782436707275783 0.01953125 0.034722222222222224
0 0.7375275531454536 0.5981388656827252 0.01953125 0.034722222222222224
0 0.7431230767265887 0.6024021217445426 0.01953125 0.034722222222222224
0 0.7295339480295464 0.5398743661712234 0.01953125 0.034722222222222224
0 0.7367281926338629 0.6109286338681769 0.01953125 0.034722222222222224
0 0.7287345875179556 0.629402743469385 0.01953125 0.034722222222222224
0 0.7103492957513688 0.6123497192221161 0.01953125 0.034722222222222224
0 0.7063524931934153 0.6208762313457505 0.01953125 0.034722222222222224
0 0.7119480167745503 0.6606666212560444 0.01953125 0.034722222222222224
0 0.7087505747281875 0.6848250722730086 0.01953125 0.034722222222222224
0 0.7127473772861411 0.6848250722730086 0.01953125 0.034722222222222224
0 0.6959608065427357 0.6805618162111915 0.01953125 0.034722222222222224
0 0.7087505747281875 0.7061413525820948 0.01953125 0.034722222222222224
0 0.7023556906354617 0.6990359258123995 0.01953125 0.034722222222222224
0 0.6935627250079637 0.6961937551045212 0.01953125 0.034722222222222224
0 0.6911646434731915 0.71324677935179 0.01953125 0.034722222222222224
0 0.6815723173341027 0.6876672429808868 0.01953125 0.034722222222222224
0 0.6967601670543265 0.6251394874075678 0.01953125 0.034722222222222224
0 0.6863684804036471 0.6564033651942273 0.01953125 0.034722222222222224
0 0.6871678409152377 0.672035304087557 0.01953125 0.034722222222222224
0 0.6831710383572842 0.6777196455033133 0.01953125 0.034722222222222224
0 0.6735787122181954 0.7061413525820948 0.01953125 0.034722222222222224
0 0.6727793517066047 0.7416684864305715 0.01953125 0.034722222222222224
0 0.6839703988688749 0.7374052303687543 0.01953125 0.034722222222222224
0 0.6671838281254696 0.7089835232899728 0.01953125 0.034722222222222224
0 0.663187025567516 0.7388263157226933 0.01953125 0.034722222222222224
0 0.6599895835211531 0.7501949985542059 0.01953125 0.034722222222222224
0 0.6495978968704736 0.7374052303687543 0.01953125 0.034722222222222224
0 0.6495978968704736 0.7558793399699623 0.01953125 0.034722222222222224
0 0.654394059940018 0.71324677935179 0.01953125 0.034722222222222224
0 0.6591902230095624 0.7899853884645 0.01953125 0.034722222222222224
0 0.6495978968704736 0.7871432177566219 0.01953125 0.034722222222222224
0 0.6392062102197942 0.7629847667396575 0.01953125 0.034722222222222224
0 0.6280151630575239 0.7857221324026827 0.01953125 0.034722222222222224
0 0.6535946994284273 0.8198281808972205 0.01953125 0.034722222222222224
0 0.6559927809631995 0.8326179490826722 0.01953125 0.034722222222222224
0 0.6376074891966127 0.828354693020855 0.01953125 0.034722222222222224
0 0.6272158025459333 0.828354693020855 0.01953125 0.034722222222222224
0 0.6280151630575239 0.8027751566499517 0.01953125 0.034722222222222224
0 0.6144260343604816 0.809880583419647 0.01953125 0.034722222222222224
0 0.6128273133373002 0.8411444612063065 0.01953125 0.034722222222222224
0 0.6200215579416167 0.8354601197905502 0.01953125 0.034722222222222224
0 0.6280151630575239 0.8454077172681237 0.01953125 0.034722222222222224
0 0.6448017338009293 0.872408338992966 0.01953125 0.034722222222222224
0 0.6408049312429757 0.8482498879760019 0.01953125 0.034722222222222224
0 0.6551934204516087 0.8596185708075144 0.01953125 0.034722222222222224
0 0.6599895835211531 0.8425655465602456 0.01953125 0.034722222222222224
0 0.6280151630575239 0.8880402778862958 0.01953125 0.034722222222222224
0 0.6208209184532074 0.8624607415153926 0.01953125 0.034722222222222224
0 0.5952413820823043 0.8695661682850879 0.01953125 0.034722222222222224
0 0.6080311502677558 0.907935472841443 0.01953125 0.034722222222222224
0 0.6200215579416167 0.8994089607178084 0.01953125 0.034722222222222224
0 0.5816522533852617 0.8965667900099302 0.01953125 0.034722222222222224
0 0.5848496954316247 0.8795137657626615 0.01953125 0.034722222222222224
0 0.592843300547532 0.9264095824426507 0.01953125 0.034722222222222224
0 0.5808528928736711 0.9264095824426507 0.01953125 0.034722222222222224
0 0.6120279528257094 0.9335150092123461 0.01953125 0.034722222222222224
0 0.6088305107793466 0.9193041556729553 0.01953125 0.034722222222222224
0 0.6128273133373002 0.9590945455832495 0.01953125 0.034722222222222224
0 0.6056330687329836 0.9676210577068838 0.01953125 0.034722222222222224
0 0.6248177210111612 0.9832529966002137 0.01953125 0.034722222222222224
0 0.5624676011070844 0.9804108258923355 0.01953125 0.034722222222222224
0 0.5736586482693545 0.9590945455832495 0.01953125 0.034722222222222224
0 0.5576714380375399 0.949146948105676 0.01953125 0.034722222222222224
0 0.5608688800839029 0.9249884970887116 0.01953125 0.034722222222222224
0 0.5320919016666367 0.9775686551844573 0.01953125 0.034722222222222224
0 0.5352893437129996 0.9548312895214323 0.01953125 0.034722222222222224
0 0.5472797513868605 0.9150408996111382 0.01953125 0.034722222222222224
0 0.5280950991086831 0.9420415213359805 0.01953125 0.034722222222222224
0 0.5177034124580036 0.9448836920438589 0.01953125 0.034722222222222224
0 0.5169040519464129 0.9647788869990058 0.01953125 0.034722222222222224
0 0.5105091678536872 0.9775686551844573 0.01953125 0.034722222222222224
0 0.49452195762187257 0.9519891188135541 0.01953125 0.034722222222222224
0 0.49292323659869103 0.986095167308092 0.01953125 0.034722222222222224
0 0.4793341079016486 0.9804108258923355 0.01953125 0.034722222222222224
0 0.5320919016666367 0.9178830703190164 0.01953125 0.034722222222222224
0 0.5312925411550459 0.893724619302052 0.01953125 0.034722222222222224
0 0.5153053309232314 0.8965667900099302 0.01953125 0.034722222222222224
0 0.5584707985491307 0.8951457046559912 0.01953125 0.034722222222222224
0 0.5424835883173162 0.8994089607178084 0.01953125 0.034722222222222224
0 0.49931812069141684 0.9093565581953817 0.01953125 0.034722222222222224
0 0.5272957385970923 0.8766715950547832 0.01953125 0.034722222222222224
0 0.5089104468305056 0.8979878753638695 0.01953125 0.034722222222222224
0 0.5328912621782275 0.8567764000996363 0.01953125 0.034722222222222224
0 0.5496778329216326 0.8638818268693316 0.01953125 0.034722222222222224
0 0.5648656826418565 0.8610396561614535 0.01953125 0.034722222222222224
0 0.5504771934332234 0.8411444612063065 0.01953125 0.034722222222222224
0 0.5600695195723122 0.8425655465602456 0.01953125 0.034722222222222224
0 0.5872477769663969 0.8454077172681237 0.01953125 0.034722222222222224
0 0.6008369056634393 0.8439866319141847 0.01953125 0.034722222222222224
0 0.5968401031054856 0.829775778374794 0.01953125 0.034722222222222224
0 0.6024356266866207 0.8084594980657079 0.01953125 0.034722222222222224
0 0.6096298712909373 0.7814588763408654 0.01953125 0.034722222222222224
0 0.6136266738488908 0.7629847667396575 0.01953125 0.034722222222222224
0 0.6232189999879796 0.751616083908145 0.01953125 0.034722222222222224
0 0.6144260343604816 0.751616083908145 0.01953125 0.034722222222222224
0 0.5816522533852617 0.8070384127117688 0.01953125 0.034722222222222224
0 0.5696618457114009 0.8255125223129768 0.01953125 0.034722222222222224
0 0.5576714380375399 0.8198281808972205 0.01953125 0.034722222222222224
0 0.5696618457114009 0.7985119005881344 0.01953125 0.034722222222222224
0 0.5576714380375399 0.7899853884645 0.01953125 0.034722222222222224
0 0.5696618457114009 0.7601425960317795 0.01953125 0.034722222222222224
0 0.5864484164548062 0.7914064738184391 0.01953125 0.034722222222222224
0 0.5824516138968525 0.7658269374475357 0.01953125 0.034722222222222224
0 0.5952413820823043 0.7558793399699623 0.01953125 0.034722222222222224
0 0.592843300547532 0.7430895717845106 0.01953125 0.034722222222222224
0 0.6064324292445744 0.7445106571384495 0.01953125 0.034722222222222224
0 0.5720599272461732 0.7402474010766326 0.01953125 0.034722222222222224
0 0.5816522533852617 0.7118256939978509 0.01953125 0.034722222222222224
0 0.5984388241286671 0.7018780965202776 0.01953125 0.034722222222222224
0 0.5888464979895783 0.6961937551045212 0.01953125 0.034722222222222224
0 0.6000375451518485 0.6834039869190696 0.01953125 0.034722222222222224
0 0.6160247553836631 0.6976148404584603 0.01953125 0.034722222222222224
0 0.6312126051038869 0.7160889500596681 0.01953125 0.034722222222222224
0 0.6312126051038869 0.7018780965202776 0.01953125 0.034722222222222224
0 0.6448017338009293 0.7217732914754245 0.01953125 0.034722222222222224
0 0.6232189999879796 0.7288787182451197 0.01953125 0.034722222222222224
0 0.6479991758472922 0.6990359258123995 0.01953125 0.034722222222222224
0 0.6575915019863808 0.6961937551045212 0.01953125 0.034722222222222224
0 0.6623876650559253 0.6862461576269479 0.01953125 0.034722222222222224
0 0.6567921414747903 0.6834039869190696 0.01953125 0.034722222222222224
0 0.6368081286850219 0.6905094136887651 0.01953125 0.034722222222222224
0 0.6168241158952538 0.6819829015651305 0.01953125 0.034722222222222224
0 0.6200215579416167 0.6734563894414961 0.01953125 0.034722222222222224
0 0.6040343477098022 0.6706142187336179 0.01953125 0.034722222222222224
0 0.6072317897561651 0.6564033651942273 0.01953125 0.034722222222222224
0 0.6208209184532074 0.6535611944863491 0.01953125 0.034722222222222224
0 0.6320119656154776 0.6606666212560444 0.01953125 0.034722222222222224
0 0.6432030127777478 0.6635087919639225 0.01953125 0.034722222222222224
0 0.6495978968704736 0.6606666212560444 0.01953125 0.034722222222222224
0 0.6759767937529676 0.6578244505481663 0.01953125 0.034722222222222224
0 0.6663844676138788 0.6592455359021053 0.01953125 0.034722222222222224
0 0.6599895835211531 0.6365081702390802 0.01953125 0.034722222222222224
0 0.6551934204516087 0.6478768530705927 0.01953125 0.034722222222222224
0 0.6575915019863808 0.6620877066099836 0.01953125 0.034722222222222224
0 0.6368081286850219 0.6265605727615067 0.01953125 0.034722222222222224
0 0.6216202789647982 0.6379292555930192 0.01953125 0.034722222222222224
0 0.6256170815227518 0.6237184020536286 0.01953125 0.034722222222222224
0 0.6471998153357015 0.6251394874075678 0.01953125 0.034722222222222224
0 0.6424036522661571 0.6222973166996895 0.01953125 0.034722222222222224
0 0.6511966178936551 0.6180340606378723 0.01953125 0.034722222222222224
0 0.6511966178936551 0.6024021217445426 0.01953125 0.034722222222222224
0 0.6471998153357015 0.5881912682051519 0.01953125 0.034722222222222224
0 0.6591902230095624 0.6222973166996895 0.01953125 0.034722222222222224
0 0.6639863860791066 0.6166129752839332 0.01953125 0.034722222222222224
0 0.6671838281254696 0.6166129752839332 0.01953125 0.034722222222222224
0 0.6599895835211531 0.6052442924524206 0.01953125 0.034722222222222224
0 0.6695819096602418 0.6109286338681769 0.01953125 0.034722222222222224
0 0.6767761542645584 0.6137708045760549 0.01953125 0.034722222222222224
0 0.6751774332413769 0.593875609620908 0.01953125 0.034722222222222224
0 0.6903652829616007 0.6038232070984816 0.01953125 0.034722222222222224
0 0.6823716778456934 0.5810858414354564 0.01953125 0.034722222222222224
0 0.6967601670543265 0.5952966949748472 0.01953125 0.034722222222222224
0 0.6991582485890987 0.5782436707275783 0.01953125 0.034722222222222224
0 0.6943620855195544 0.5782436707275783 0.01953125 0.034722222222222224
0 0.6743780727297862 0.5597695611263703 0.01953125 0.034722222222222224
0 0.6695819096602418 0.5739804146657611 0.01953125 0.034722222222222224
0 0.663187025567516 0.5867701828512127 0.01953125 0.034722222222222224
0 0.6847697593804656 0.571138243957883 0.01953125 0.034722222222222224
0 0.6863684804036471 0.5469797929409187 0.01953125 0.034722222222222224
0 0.7151454588209133 0.5043472323227465 0.01953125 0.034722222222222224
0 0.7095499352397783 0.5256635126318325 0.01953125 0.034722222222222224
0 0.7063524931934153 0.5086104883845637 0.01953125 0.034722222222222224
0 0.7079512142165967 0.4830309520136605 0.01953125 0.034722222222222224
0 0.6967601670543265 0.5015050616148684 0.01953125 0.034722222222222224
0 0.6967601670543265 0.48871529342941666 0.01953125 0.034722222222222224
0 0.6959608065427357 0.46882009847426975 0.01953125 0.034722222222222224
0 0.6799735963109212 0.492978549491234 0.01953125 0.034722222222222224
0 0.703954411658643 0.5555063050645531 0.01953125 0.034722222222222224
0 0.6959608065427357 0.554085219710614 0.01953125 0.034722222222222224
0 0.6759767937529676 0.5114526590924419 0.01953125 0.034722222222222224
0 0.6855691198920564 0.49155746413729484 0.01953125 0.034722222222222224
0 0.6671838281254696 0.5285056833397107 0.01953125 0.034722222222222224
0 0.6519959784052458 0.5754015000197001 0.01953125 0.034722222222222224
0 0.6695819096602418 0.5555063050645531 0.01953125 0.034722222222222224
0 0.6519959784052458 0.5512430490027359 0.01953125 0.034722222222222224
0 0.6591902230095624 0.5370321954633451 0.01953125 0.034722222222222224
0 0.654394059940018 0.5270845979857718 0.01953125 0.034722222222222224
0 0.6527953389168365 0.5086104883845637 0.01953125 0.034722222222222224
0 0.6623876650559253 0.48871529342941666 0.01953125 0.034722222222222224
0 0.6495978968704736 0.49866289090699034 0.01953125 0.034722222222222224
0 0.6487985363588828 0.4787676959518432 0.01953125 0.034722222222222224
0 0.6424036522661571 0.5228213419239545 0.01953125 0.034722222222222224
0 0.6376074891966127 0.5157159151542591 0.01953125 0.034722222222222224
0 0.6416042917545663 0.5498219636487968 0.01953125 0.034722222222222224
0 0.6464004548241107 0.5427165368791015 0.01953125 0.034722222222222224
0 0.6487985363588828 0.5398743661712234 0.01953125 0.034722222222222224
0 0.6344100471502497 0.5412954515251623 0.01953125 0.034722222222222224
0 0.6304132445922962 0.5427165368791015 0.01953125 0.034722222222222224
0 0.6256170815227518 0.5498219636487968 0.01953125 0.034722222222222224
0 0.6176234764068446 0.5512430490027359 0.01953125 0.034722222222222224
0 0.6296138840807054 0.5697171586039438 0.01953125 0.034722222222222224
0 0.6240183604995704 0.5640328171881875 0.01953125 0.034722222222222224
0 0.6424036522661571 0.571138243957883 0.01953125 0.034722222222222224
0 0.6320119656154776 0.5796647560815174 0.01953125 0.034722222222222224
0 0.6408049312429757 0.5896123535590908 0.01953125 0.034722222222222224
0 0.6224196394763889 0.5981388656827252 0.01953125 0.034722222222222224
0 0.6152253948720724 0.5796647560815174 0.01953125 0.034722222222222224
0 0.6176234764068446 0.5668749878960656 0.01953125 0.034722222222222224
0 0.6080311502677558 0.5583484757724313 0.01953125 0.034722222222222224
0 0.6080311502677558 0.5796647560815174 0.01953125 0.034722222222222224
0 0.6064324292445744 0.5839280121433347 0.01953125 0.034722222222222224
0 0.6032349871982114 0.593875609620908 0.01953125 0.034722222222222224
0 0.6040343477098022 0.6095075485142378 0.01953125 0.034722222222222224
0 0.6168241158952538 0.6151918899299942 0.01953125 0.034722222222222224
0 0.6088305107793466 0.6194551459918114 0.01953125 0.034722222222222224
0 0.5800535323620803 0.6208762313457505 0.01953125 0.034722222222222224
0 0.5904452190127598 0.6379292555930192 0.01953125 0.034722222222222224
0 0.5936426610591227 0.6265605727615067 0.01953125 0.034722222222222224
0 0.6024356266866207 0.6450346823627147 0.01953125 0.034722222222222224
0 0.6024356266866207 0.6606666212560444 0.01953125 0.034722222222222224
0 0.592843300547532 0.649297938424532 0.01953125 0.034722222222222224
0 0.5840503349200339 0.6549822798402881 0.01953125 0.034722222222222224
0 0.5912445795243505 0.6592455359021053 0.01953125 0.034722222222222224
0 0.5840503349200339 0.6862461576269479 0.01953125 0.034722222222222224
0 0.5792541718504897 0.6791407308572522 0.01953125 0.034722222222222224
0 0.5696618457114009 0.6734563894414961 0.01953125 0.034722222222222224
0 0.5768560903157175 0.6947726697505822 0.01953125 0.034722222222222224
0 0.5728592877577637 0.7118256939978509 0.01953125 0.034722222222222224
0 0.5640663221302658 0.7047202672281556 0.01953125 0.034722222222222224
0 0.5640663221302658 0.7274576328911809 0.01953125 0.034722222222222224
0 0.5480791118984513 0.7487739132002669 0.01953125 0.034722222222222224
0 0.5576714380375399 0.7615636813857185 0.01953125 0.034722222222222224
0 0.5328912621782275 0.7501949985542059 0.01953125 0.034722222222222224
0 0.5232989360391387 0.7871432177566219 0.01953125 0.034722222222222224
0 0.5464803908752698 0.7899853884645 0.01953125 0.034722222222222224
0 0.5153053309232314 0.811301668773586 0.01953125 0.034722222222222224
0 0.5232989360391387 0.811301668773586 0.01953125 0.034722222222222224
0 0.5081110863189149 0.8539342293917582 0.01953125 0.034722222222222224
0 0.5081110863189149 0.829775778374794 0.01953125 0.034722222222222224
0 0.5057130047841427 0.8780926804087223 0.01953125 0.034722222222222224
0 0.49452195762187257 0.8709872536390271 0.01953125 0.034722222222222224
0 0.4921238760871004 0.8482498879760019 0.01953125 0.034722222222222224
0 0.48812707352914664 0.8041962420038906 0.01953125 0.034722222222222224
0 0.4977193996682354 0.7871432177566219 0.01953125 0.034722222222222224
0 0.5089104468305056 0.7885643031105609 0.01953125 0.034722222222222224
0 0.4713405027857414 0.8212492662511596 0.01953125 0.034722222222222224
0 0.4705411422741506 0.846828802622063 0.01953125 0.034722222222222224
0 0.48093282892483014 0.8653029122232707 0.01953125 0.034722222222222224
0 0.466544339716197 0.872408338992966 0.01953125 0.034722222222222224
0 0.47213986329733204 0.892303533948113 0.01953125 0.034722222222222224
0 0.4865283525059652 0.9050933021335646 0.01953125 0.034722222222222224
0 0.4937225971102818 0.8908824485941741 0.01953125 0.034722222222222224
0 0.48093282892483014 0.9235674117347727 0.01953125 0.034722222222222224
0 0.47453794483210426 0.9406204359820415 0.01953125 0.034722222222222224
0 0.46414625818142485 0.9420415213359805 0.01953125 0.034722222222222224
0 0.44895840846120094 0.9121987289032601 0.01953125 0.034722222222222224
0 0.4561526530655175 0.8965667900099302 0.01953125 0.034722222222222224
0 0.4649456186930155 0.8965667900099302 0.01953125 0.034722222222222224
0 0.45375457153074533 0.9761475698305184 0.01953125 0.034722222222222224
0 0.4457609664148381 0.9832529966002137 0.01953125 0.034722222222222224
0 0.46414625818142485 0.9789897405383966 0.01953125 0.034722222222222224
0 0.4097897433932554 0.971884313768701 0.01953125 0.034722222222222224
0 0.4265763141366606 0.9463047773977977 0.01953125 0.034722222222222224
0 0.4433628848800659 0.9434626066899197 0.01953125 0.034722222222222224
0 0.40259549878893885 0.9917795087238481 0.01953125 0.034722222222222224
0 0.39220381213825933 0.9590945455832495 0.01953125 0.034722222222222224
0 0.3930031726498501 0.9349360945662851 0.01953125 0.034722222222222224
0 0.41618462748598123 0.9477258627517369 0.01953125 0.034722222222222224
0 0.4097897433932554 0.9363571799202243 0.01953125 0.034722222222222224
0 0.41058910390484604 0.9036722167796256 0.01953125 0.034722222222222224
0 0.4249775931134792 0.9207252410268946 0.01953125 0.034722222222222224
0 0.43856672181052153 0.8951457046559912 0.01953125 0.034722222222222224
0 0.4249775931134792 0.8894613632402348 0.01953125 0.034722222222222224
0 0.42977375618302355 0.8681450829311488 0.01953125 0.034722222222222224
0 0.4481590479496103 0.8482498879760019 0.01953125 0.034722222222222224
0 0.4377673612989308 0.8510920586838799 0.01953125 0.034722222222222224
0 0.4457609664148381 0.8269336076669158 0.01953125 0.034722222222222224
0 0.4569520135771083 0.8226703516050986 0.01953125 0.034722222222222224
0 0.4481590479496103 0.8041962420038906 0.01953125 0.034722222222222224
0 0.4545539320423361 0.8013540712960125 0.01953125 0.034722222222222224
0 0.4705411422741506 0.7928275591723781 0.01953125 0.034722222222222224
0 0.48093282892483014 0.7814588763408654 0.01953125 0.034722222222222224
0 0.46814306073937845 0.768669108155414 0.01953125 0.034722222222222224
0 0.47213986329733204 0.7246154621833026 0.01953125 0.034722222222222224
0 0.5049136442725519 0.7501949985542059 0.01953125 0.034722222222222224
0 0.4937225971102818 0.768669108155414 0.01953125 0.034722222222222224
0 0.48812707352914664 0.730299803599059 0.01953125 0.034722222222222224
0 0.49931812069141684 0.7231943768293636 0.01953125 0.034722222222222224
0 0.5097098073420964 0.7260365475372417 0.01953125 0.034722222222222224
0 0.540085506782544 0.7374052303687543 0.01953125 0.034722222222222224
0 0.5217002150159573 0.7359841450148152 0.01953125 0.034722222222222224
0 0.5177034124580036 0.7445106571384495 0.01953125 0.034722222222222224
0 0.5209008545043665 0.7203522061214853 0.01953125 0.034722222222222224
0 0.5113085283652777 0.6990359258123995 0.01953125 0.034722222222222224
0 0.5161046914348222 0.7061413525820948 0.01953125 0.034722222222222224
0 0.5177034124580036 0.6919304990427039 0.01953125 0.034722222222222224
0 0.5288944596202738 0.6919304990427039 0.01953125 0.034722222222222224
0 0.5312925411550459 0.710404608643912 0.01953125 0.034722222222222224
0 0.540085506782544 0.71324677935179 0.01953125 0.034722222222222224
0 0.5504771934332234 0.7203522061214853 0.01953125 0.034722222222222224
0 0.5576714380375399 0.6947726697505822 0.01953125 0.034722222222222224
0 0.5424835883173162 0.6919304990427039 0.01953125 0.034722222222222224
0 0.5360887042245903 0.6876672429808868 0.01953125 0.034722222222222224
0 0.5456810303636791 0.6777196455033133 0.01953125 0.034722222222222224
0 0.5424835883173162 0.6663509626718008 0.01953125 0.034722222222222224
0 0.5624676011070844 0.649297938424532 0.01953125 0.034722222222222224
0 0.5584707985491307 0.6620877066099836 0.01953125 0.034722222222222224
0 0.5464803908752698 0.6308238288233239 0.01953125 0.034722222222222224
0 0.5280950991086831 0.6777196455033133 0.01953125 0.034722222222222224
0 0.5272957385970923 0.6691931333796789 0.01953125 0.034722222222222224
0 0.5552733565027678 0.6336659995312022 0.01953125 0.034722222222222224
0 0.5600695195723122 0.6393503409469584 0.01953125 0.034722222222222224
0 0.5592701590607214 0.6095075485142378 0.01953125 0.034722222222222224
0 0.5720599272461732 0.6038232070984816 0.01953125 0.034722222222222224
0 0.5808528928736711 0.5825069267893954 0.01953125 0.034722222222222224
0 0.5760567298041267 0.6279816581154458 0.01953125 0.034722222222222224
0 0.5880471374779876 0.5825069267893954 0.01953125 0.034722222222222224
0 0.5936426610591227 0.5768225853736392 0.01953125 0.034722222222222224
0 0.5856490559432155 0.5739804146657611 0.01953125 0.034722222222222224
0 0.6000375451518485 0.554085219710614 0.01953125 0.034722222222222224
0 0.5896458585011691 0.5427165368791015 0.01953125 0.034722222222222224
0 0.5944420215707135 0.5668749878960656 0.01953125 0.034722222222222224
0 0.5952413820823043 0.5356111101094061 0.01953125 0.034722222222222224
0 0.6032349871982114 0.5356111101094061 0.01953125 0.034722222222222224
0 0.6080311502677558 0.5469797929409187 0.01953125 0.034722222222222224
0 0.610429231802528 0.5469797929409187 0.01953125 0.034722222222222224
0 0.6136266738488908 0.5128737444463809 0.01953125 0.034722222222222224
0 0.6232189999879796 0.5228213419239545 0.01953125 0.034722222222222224
0 0.5960407425938948 0.49724180555305114 0.01953125 0.034722222222222224
0 0.5880471374779876 0.5071894030306248 0.01953125 0.034722222222222224
0 0.5792541718504897 0.5071894030306248 0.01953125 0.034722222222222224
0 0.6064324292445743 0.5075446743691095 0.01953125 0.034722222222222224
0 0.610429231802528 0.5295714973551651 0.01953125 0.034722222222222224
0 0.6264164420343425 0.5338347534169823 0.01953125 0.034722222222222224
0 0.6308129248480915 0.5551510337260683 0.01953125 0.034722222222222224
0 0.6499975771262689 0.5594142897878857 0.01953125 0.034722222222222224
0 0.6619879848001299 0.5587037471109161 0.01953125 0.034722222222222224
0 0.6619879848001299 0.5736251433272762 0.01953125 0.034722222222222224
0 0.7587106067026079 0.5935203382824233 0.01953125 0.034722222222222224
0 0.7750974971902178 0.5920992529284842 0.01953125 0.034722222222222224
0 0.7766962182133994 0.5949414236363624 0.01953125 0.034722222222222224
0 0.7203413021462529 0.5338347534169823 0.01953125 0.034722222222222224
0 0.7191422613788668 0.5238871559394087 0.01953125 0.034722222222222224
0 0.7123476970303457 0.5373874668018299 0.01953125 0.034722222222222224
0 0.6779751950319445 0.56794080191152 0.01953125 0.034722222222222224
0 0.6731790319624001 0.5750462286812154 0.01953125 0.034722222222222224
0 0.7015563301238709 0.5942308809593928 0.01953125 0.034722222222222224
0 0.6999576091006895 0.6027573930830273 0.01953125 0.034722222222222224
0 0.7215403429136391 0.635442356223626 0.01953125 0.034722222222222224
0 0.6843700791246703 0.7128915080133053 0.01953125 0.034722222222222224
0 0.7711006946322643 0.6823381729036152 0.01953125 0.034722222222222224
0 0.8034747953516886 0.6574691792096815 0.01953125 0.034722222222222224
0 0.7886866258872602 0.6631535206254378 0.01953125 0.034722222222222224
0 0.7966802310031675 0.6567586365327119 0.01953125 0.034722222222222224
0 0.7926834284452139 0.6929963130581582 0.01953125 0.034722222222222224
0 0.7515163620982914 0.7143125933672443 0.01953125 0.034722222222222224
0 0.755513164656245 0.6823381729036152 0.01953125 0.034722222222222224
0 0.7303333085411371 0.5665197165575809 0.01953125 0.034722222222222224
0 0.7167441798440947 0.5935203382824233 0.01953125 0.034722222222222224
0 0.7275355467505695 0.6219420453612048 0.01953125 0.034722222222222224
0 0.7147457785651179 0.7349183309993609 0.01953125 0.034722222222222224
0 0.6815723173341027 0.5054130463382009 0.01953125 0.034722222222222224
0 0.6927633644963729 0.4975970768915359 0.01953125 0.034722222222222224
0 0.7011566498680756 0.5452034362484948 0.01953125 0.034722222222222224
0 0.707151853705006 0.5352558387709213 0.01953125 0.034722222222222224
0 0.6919640039847822 0.5260187839703174 0.01953125 0.034722222222222224
0 0.6212205987090027 0.5388085521557691 0.01953125 0.034722222222222224
0 0.6008369056634393 0.5793094847430326 0.01953125 0.034722222222222224
0 0.6076314700119604 0.5736251433272762 0.01953125 0.034722222222222224
0 0.6348097274060451 0.5899676248975756 0.01953125 0.034722222222222224
0 0.5760567298041267 0.5963625089903015 0.01953125 0.034722222222222224
0 0.5776554508273082 0.5757567713581849 0.01953125 0.034722222222222224
0 0.5732589680135591 0.5608353751418246 0.01953125 0.034722222222222224
0 0.5908448992685552 0.5288609546781955 0.01953125 0.034722222222222224
0 0.5716602469903777 0.5295714973551651 0.01953125 0.034722222222222224
0 0.5844500151758293 0.5288609546781955 0.01953125 0.034722222222222224
0 0.5656650431534472 0.578598942066063 0.01953125 0.034722222222222224
0 0.5576714380375399 0.5913887102515146 0.01953125 0.034722222222222224
0 0.5652653628976518 0.589257082220606 0.01953125 0.034722222222222224
0 0.5536746354795863 0.5601248324648551 0.01953125 0.034722222222222224
0 0.5572717577817445 0.5487561496333426 0.01953125 0.034722222222222224
0 0.5584707985491306 0.5380980094787995 0.01953125 0.034722222222222224
0 0.5608688800839028 0.5309925827091041 0.01953125 0.034722222222222224
0 0.5644660023860611 0.5245976986163783 0.01953125 0.034722222222222224
0 0.5516762342006095 0.5530194056951597 0.01953125 0.034722222222222224
0 0.5480791118984513 0.5551510337260683 0.01953125 0.034722222222222224
0 0.5448816698520883 0.5636775458497029 0.01953125 0.034722222222222224
0 0.5448816698520883 0.580020027420002 0.01953125 0.034722222222222224
0 0.5516762342006095 0.5757567713581849 0.01953125 0.034722222222222224
0 0.5576714380375399 0.5736251433272762 0.01953125 0.034722222222222224
0 0.5512765539448141 0.595651966313332 0.01953125 0.034722222222222224
0 0.5520759144564048 0.5849938261587888 0.01953125 0.034722222222222224
0 0.54128454754993 0.5942308809593928 0.01953125 0.034722222222222224
0 0.5420839080615207 0.6063101064678749 0.01953125 0.034722222222222224
0 0.5328912621782274 0.5992046796981795 0.01953125 0.034722222222222224
0 0.5348896634572042 0.5849938261587888 0.01953125 0.034722222222222224
0 0.5384867857593625 0.5757567713581849 0.01953125 0.034722222222222224
0 0.5248976570623202 0.580020027420002 0.01953125 0.034722222222222224
0 0.5288944596202737 0.5722040579733372 0.01953125 0.034722222222222224
0 0.5356890239687949 0.5601248324648551 0.01953125 0.034722222222222224
0 0.5288944596202737 0.5437823508945558 0.01953125 0.034722222222222224
0 0.5248976570623202 0.5594142897878857 0.01953125 0.034722222222222224
0 0.5328912621782274 0.5380980094787995 0.01953125 0.034722222222222224
0 0.5376874252477717 0.5267293266472869 0.01953125 0.034722222222222224
0 0.5448816698520883 0.5281504120012259 0.01953125 0.034722222222222224
0 0.5588704788049261 0.49617599153759684 0.01953125 0.034722222222222224
0 0.5520759144564048 0.49120219279881006 0.01953125 0.034722222222222224
0 0.5672637641766286 0.49262327815274914 0.01953125 0.034722222222222224
0 0.5752573692925359 0.48907056476790156 0.01953125 0.034722222222222224
0 0.5584707985491306 0.46349102839699824 0.01953125 0.034722222222222224
0 0.5692621654556055 0.47628079658244993 0.01953125 0.034722222222222224
0 0.5656650431534472 0.46278048572002867 0.01953125 0.034722222222222224
0 0.5864484164548062 0.4556750589503334 0.01953125 0.034722222222222224
0 0.5920439400359413 0.4556750589503334 0.01953125 0.034722222222222224
0 0.5976394636170763 0.45709614430427237 0.01953125 0.034722222222222224
0 0.602835306942416 0.4563856016273028 0.01953125 0.034722222222222224
0 0.6100295515467326 0.4563856016273028 0.01953125 0.034722222222222224
0 0.5924436202917366 0.4720175405206326 0.01953125 0.034722222222222224
0 0.6268161222901378 0.4450169187957903 0.01953125 0.034722222222222224
0 0.6471998153357015 0.4507012602115466 0.01953125 0.034722222222222224
0 0.6436026930335432 0.4613594003660896 0.01953125 0.034722222222222224
0 0.6344100471502497 0.4478590895036685 0.01953125 0.034722222222222224
0 0.6436026930335432 0.4400431200570036 0.01953125 0.034722222222222224
0 0.6376074891966127 0.43933257738003406 0.01953125 0.034722222222222224
0 0.5352893437129995 0.6283369294539305 0.01953125 0.034722222222222224
0 0.5264963780855015 0.618389331976357 0.01953125 0.034722222222222224
0 0.5304931806434552 0.635442356223626 0.01953125 0.034722222222222224
0 0.5145059704116406 0.6262053014230219 0.01953125 0.034722222222222224
0 0.5133069296442545 0.6041784784369663 0.01953125 0.034722222222222224
0 0.5213005347601618 0.6098628198527226 0.01953125 0.034722222222222224
0 0.5185027729695943 0.5935203382824233 0.01953125 0.034722222222222224
0 0.5137066099000499 0.5913887102515146 0.01953125 0.034722222222222224
0 0.5065123652957334 0.5992046796981795 0.01953125 0.034722222222222224
0 0.5033149232493704 0.6198104173302962 0.01953125 0.034722222222222224
0 0.4997178009472122 0.6432583256702907 0.01953125 0.034722222222222224
0 0.5029152429935752 0.6361528989005953 0.01953125 0.034722222222222224
0 0.5101094875978917 0.627626386776961 0.01953125 0.034722222222222224
0 0.5053133245283473 0.6517848377939252 0.01953125 0.034722222222222224
0 0.5045139640167565 0.6610218925945293 0.01953125 0.034722222222222224
0 0.5125075691326638 0.6553375511787729 0.01953125 0.034722222222222224
0 0.5001174812030075 0.6738116607799808 0.01953125 0.034722222222222224
0 0.4861286722501698 0.6567586365327119 0.01953125 0.034722222222222224
0 0.4785347473900579 0.6937068557351278 0.01953125 0.034722222222222224
0 0.48572899199437447 0.707207166597549 0.01953125 0.034722222222222224
0 0.5484787921542466 0.6063101064678749 0.01953125 0.034722222222222224
0 0.6284148433133193 0.6397056122854432 0.01953125 0.034722222222222224
0 0.610429231802528 0.6425477829933213 0.01953125 0.034722222222222224
0 0.5940423413149181 0.6688378620411941 0.01953125 0.034722222222222224
0 0.5892461782453736 0.49404436350668823 0.01953125 0.034722222222222224
0 0.5836506546642386 0.49333382082971866 0.01953125 0.034722222222222224
0 0.580852892873671 0.49688653421456647 0.01953125 0.034722222222222224
0 0.6236186802437749 0.5110973877539571 0.01953125 0.034722222222222224
0 0.6124276330815047 0.618389331976357 0.01953125 0.034722222222222224
0 0.6479991758472922 0.6446794110242299 0.01953125 0.034722222222222224
0 0.6535946994284273 0.6318896428387782 0.01953125 0.034722222222222224
0 0.6483988561030875 0.3716533873986857 0.01953125 0.034722222222222224
0 0.6617881446722322 0.40114090849292144 0.01953125 0.034722222222222224
0 0.6703812701718325 0.4149964906938274 0.01953125 0.034722222222222224
0 0.6791742357993305 0.4149964906938274 0.01953125 0.034722222222222224
0 0.6929632046242705 0.4295626155717029 0.01953125 0.034722222222222224
0 0.641804131882464 0.4199702894326141 0.01953125 0.034722222222222224
0 0.6469999752078037 0.4224571888020075 0.01953125 0.034722222222222224
0 0.6462006146962129 0.40540416455473866 0.01953125 0.034722222222222224
0 0.641804131882464 0.4068252499086777 0.01953125 0.034722222222222224
0 0.6390063700918964 0.39368021038474127 0.01953125 0.034722222222222224
0 0.6332110063828637 0.4068252499086777 0.01953125 0.034722222222222224
0 0.6300135643365008 0.412509591324434 0.01953125 0.034722222222222224
0 0.6284148433133193 0.40043036581595187 0.01953125 0.034722222222222224
0 0.6232189999879796 0.40043036581595187 0.01953125 0.034722222222222224
0 0.6214204388369005 0.3904827683383784 0.01953125 0.034722222222222224
0 0.6224196394763888 0.3837326129071678 0.01953125 0.034722222222222224
0 0.6244180407553657 0.39225912503080224 0.01953125 0.034722222222222224
0 0.6298137242086032 0.39190385369231745 0.01953125 0.034722222222222224
0 0.6304132445922962 0.38657478361504594 0.01953125 0.034722222222222224
0 0.6338105267665567 0.39368021038474127 0.01953125 0.034722222222222224
0 0.6332110063828637 0.37875881416838103 0.01953125 0.034722222222222224
0 0.6338105267665567 0.3712981160602009 0.01953125 0.034722222222222224
0 0.6380071694524081 0.3816009848762592 0.01953125 0.034722222222222224
0 0.6254172413948541 0.36739013133686854 0.01953125 0.034722222222222224
0 0.6192221974300259 0.3641926892905056 0.01953125 0.034722222222222224
0 0.6186226770463328 0.352824006458993 0.01953125 0.034722222222222224
0 0.6136266738488908 0.35140292110505394 0.01953125 0.034722222222222224
0 0.6144260343604816 0.3570872625208102 0.01953125 0.034722222222222224
0 0.6148257146162769 0.3460738510277824 0.01953125 0.034722222222222224
0 0.6162245955115607 0.36632431732141424 0.01953125 0.034722222222222224
0 0.6090303509072442 0.36099524724414267 0.01953125 0.034722222222222224
0 0.6060327489887789 0.3535345491359625 0.01953125 0.034722222222222224
0 0.6030351470703137 0.35104764976656916 0.01953125 0.034722222222222224
0 0.6062325891166767 0.33861315291960226 0.01953125 0.034722222222222224
0 0.6056330687329835 0.3336393541808156 0.01953125 0.034722222222222224
0 0.5940423413149181 0.3343498968577851 0.01953125 0.034722222222222224
0 0.5976394636170763 0.3471396650432367 0.01953125 0.034722222222222224
0 0.5914444196522481 0.3332840828423308 0.01953125 0.034722222222222224
0 0.5946418616986111 0.31409943056415335 0.01953125 0.034722222222222224
0 0.5826514540247502 0.33008664079596783 0.01953125 0.034722222222222224
0 0.5648656826418564 0.3119678025332447 0.01953125 0.034722222222222224
0 0.5542741558632793 0.31587578725657717 0.01953125 0.034722222222222224
0 0.5520759144564048 0.3240470280417268 0.01953125 0.034722222222222224
0 0.5580711182933353 0.3307971834729374 0.01953125 0.034722222222222224
0 0.5686626450719124 0.32866555544202875 0.01953125 0.034722222222222224
0 0.5722597673740707 0.3350604395347546 0.01953125 0.034722222222222224
0 0.5728592877577637 0.33932369559657183 0.01953125 0.034722222222222224
0 0.5682629648161172 0.33967896693505656 0.01953125 0.034722222222222224
0 0.5826514540247502 0.33861315291960226 0.01953125 0.034722222222222224
0 0.5794540119783873 0.3471396650432367 0.01953125 0.034722222222222224
0 0.580253372489978 0.34181059496596516 0.01953125 0.034722222222222224
0 0.5762565699320243 0.34252113764293474 0.01953125 0.034722222222222224
0 0.5860487361990107 0.346784393704752 0.01953125 0.034722222222222224
0 0.5916442597801458 0.34216586630445 0.01953125 0.034722222222222224
0 0.5952413820823041 0.3506923784280844 0.01953125 0.034722222222222224
0 0.5950415419544064 0.3627716039365665 0.01953125 0.034722222222222224
0 0.5968401031054855 0.35744253385929503 0.01953125 0.034722222222222224
0 0.5992381846402577 0.35566617716687116 0.01953125 0.034722222222222224
0 0.5968401031054855 0.35140292110505394 0.01953125 0.034722222222222224
0 0.6020359464308254 0.3631268752750513 0.01953125 0.034722222222222224
0 0.5986386642565646 0.3702323020447466 0.01953125 0.034722222222222224
0 0.6014364260471323 0.3712981160602009 0.01953125 0.034722222222222224
0 0.6052333884771882 0.3762719147989877 0.01953125 0.034722222222222224
0 0.6062325891166767 0.3649032319674751 0.01953125 0.034722222222222224
0 0.6094300311630395 0.3698770307062619 0.01953125 0.034722222222222224
0 0.6044340279655974 0.36099524724414267 0.01953125 0.034722222222222224
0 0.6122277929536072 0.3766271861374724 0.01953125 0.034722222222222224
0 0.6074316298840627 0.39439075306171084 0.01953125 0.034722222222222224
0 0.6168241158952538 0.39652238109261945 0.01953125 0.034722222222222224
0 0.6156250751278677 0.40256199384686053 0.01953125 0.034722222222222224
0 0.6204212381974121 0.4050488932162539 0.01953125 0.034722222222222224
0 0.6228193197321843 0.4160623047092817 0.01953125 0.034722222222222224
0 0.6206210783253097 0.4189044754171598 0.01953125 0.034722222222222224
0 0.6238185203716726 0.4292073442332181 0.01953125 0.034722222222222224
0 0.6276154828017286 0.4252993595098856 0.01953125 0.034722222222222224
0 0.6324116458712729 0.4284968015562486 0.01953125 0.034722222222222224
0 0.6376074891966126 0.4192597467556446 0.01953125 0.034722222222222224
0 0.6100295515467326 0.42778625887927896 0.01953125 0.034722222222222224
0 0.6114284324420164 0.4178386614017055 0.01953125 0.034722222222222224
0 0.6134268337209933 0.4114437773089797 0.01953125 0.034722222222222224
0 0.6082309903956534 0.4114437773089797 0.01953125 0.034722222222222224
0 0.6038345075819045 0.4039830792007996 0.01953125 0.034722222222222224
0 0.5964404228496902 0.40895687793958635 0.01953125 0.034722222222222224
0 0.6034348273261091 0.4210361034480684 0.01953125 0.034722222222222224
0 0.5938425011870203 0.39794346644655854 0.01953125 0.034722222222222224
0 0.5992381846402577 0.40256199384686053 0.01953125 0.034722222222222224
0 0.5974396234891786 0.39083803967686315 0.01953125 0.034722222222222224
0 0.597839303744974 0.3791140855068658 0.01953125 0.034722222222222224
0 0.6006370655355415 0.3858642409380764 0.01953125 0.034722222222222224
0 0.5908448992685551 0.3847984269226221 0.01953125 0.034722222222222224
0 0.5976394636170763 0.43418114297200483 0.01953125 0.034722222222222224
0 0.6058329088608813 0.43524695698745913 0.01953125 0.034722222222222224
0 0.6096298712909373 0.4444840117880632 0.01953125 0.034722222222222224
0 0.5900455387569644 0.43169424360261144 0.01953125 0.034722222222222224
0 0.5968401031054855 0.42494408817140084 0.01953125 0.034722222222222224
0 0.5862485763269084 0.4402207557262459 0.01953125 0.034722222222222224
0 0.5750575291646383 0.4487472678498803 0.01953125 0.034722222222222224
0 0.5768560903157174 0.44057602706473065 0.01953125 0.034722222222222224
0 0.5836506546642386 0.43524695698745913 0.01953125 0.034722222222222224
0 0.5578712781654376 0.44697091115745646 0.01953125 0.034722222222222224
0 0.5680631246882194 0.4391549417107916 0.01953125 0.034722222222222224
0 0.5514763940727118 0.45407633792715185 0.01953125 0.034722222222222224
0 0.5526754348400978 0.44483928312654786 0.01953125 0.034722222222222224
0 0.5606690399560051 0.43524695698745913 0.01953125 0.034722222222222224
0 0.5638664820023681 0.4206808321095836 0.01953125 0.034722222222222224
0 0.5710607266066846 0.4270757162023095 0.01953125 0.034722222222222224
0 0.57146040686248 0.4178386614017055 0.01953125 0.034722222222222224
0 0.5826514540247502 0.418549204078675 0.01953125 0.034722222222222224
0 0.5824516138968525 0.4284968015562486 0.01953125 0.034722222222222224
0 0.5774556106994104 0.4302731582486723 0.01953125 0.034722222222222224
0 0.5892461782453736 0.4203255607710989 0.01953125 0.034722222222222224
0 0.5880471374779875 0.4139306766783731 0.01953125 0.034722222222222224
0 0.5880471374779875 0.40646997857019296 0.01953125 0.034722222222222224
0 0.5840503349200339 0.39510129573868036 0.01953125 0.034722222222222224
0 0.5888464979895783 0.39368021038474127 0.01953125 0.034722222222222224
0 0.5830511342805456 0.3883511403074698 0.01953125 0.034722222222222224
0 0.5778552909552057 0.3769824574759572 0.01953125 0.034722222222222224
0 0.5826514540247502 0.3670348599983837 0.01953125 0.034722222222222224
0 0.5856490559432154 0.3784035428298963 0.01953125 0.034722222222222224
0 0.5900455387569644 0.36916648802929225 0.01953125 0.034722222222222224
0 0.5884468177337828 0.37307447275262473 0.01953125 0.034722222222222224
0 0.5936426610591227 0.377337728814442 0.01953125 0.034722222222222224
0 0.5772557705715127 0.3638374179520208 0.01953125 0.034722222222222224
0 0.5772557705715127 0.3638374179520208 0.01953125 0.034722222222222224
0 0.5786546514667965 0.362061061259597 0.01953125 0.034722222222222224
0 0.5814524132573641 0.35637671984384073 0.01953125 0.034722222222222224
0 0.5782549712110012 0.3506923784280844 0.01953125 0.034722222222222224
0 0.5764564100599221 0.3464291223662672 0.01953125 0.034722222222222224
0 0.57146040686248 0.3450080370123281 0.01953125 0.034722222222222224
0 0.5676634444324241 0.346784393704752 0.01953125 0.034722222222222224
0 0.567063924048731 0.3592188905517188 0.01953125 0.034722222222222224
0 0.5738584883972522 0.3542450918129321 0.01953125 0.034722222222222224
0 0.5724596075019683 0.362061061259597 0.01953125 0.034722222222222224
0 0.5732589680135591 0.3677454026753532 0.01953125 0.034722222222222224
0 0.5724596075019683 0.3759166434605029 0.01953125 0.034722222222222224
0 0.5762565699320243 0.36810067401383795 0.01953125 0.034722222222222224
0 0.5742581686530475 0.38728532629201545 0.01953125 0.034722222222222224
0 0.5712605667345823 0.40149617983140623 0.01953125 0.034722222222222224
0 0.5754572094204335 0.39687765243110423 0.01953125 0.034722222222222224
0 0.5736586482693544 0.41108850597049496 0.01953125 0.034722222222222224
0 0.5658648832813449 0.412509591324434 0.01953125 0.034722222222222224
0 0.5682629648161172 0.4107332346320101 0.01953125 0.034722222222222224
0 0.5764564100599221 0.4018514511698909 0.01953125 0.034722222222222224
0 0.567063924048731 0.4018514511698909 0.01953125 0.034722222222222224
0 0.5608688800839028 0.40860160660110156 0.01953125 0.034722222222222224
0 0.5570719176538468 0.4096674206165558 0.01953125 0.034722222222222224
0 0.5572717577817445 0.39616710975413466 0.01953125 0.034722222222222224
0 0.5622677609791866 0.3869300549535308 0.01953125 0.034722222222222224
0 0.5612685603396982 0.39190385369231745 0.01953125 0.034722222222222224
0 0.5680631246882194 0.3784035428298963 0.01953125 0.034722222222222224
0 0.5634668017465727 0.3826667988917135 0.01953125 0.034722222222222224
0 0.5646658425139588 0.3769824574759572 0.01953125 0.034722222222222224
0 0.5614684004675958 0.3695217593677771 0.01953125 0.034722222222222224
0 0.5686626450719124 0.39758819510807375 0.01953125 0.034722222222222224
0 0.5578712781654376 0.3709428447217162 0.01953125 0.034722222222222224
0 0.5586706386770284 0.3560214485053559 0.01953125 0.034722222222222224
0 0.5606690399560051 0.3489160217356606 0.01953125 0.034722222222222224
0 0.5602693597002097 0.34216586630445 0.01953125 0.034722222222222224
0 0.5540743157353816 0.3400342382735414 0.01953125 0.034722222222222224
0 0.5492781526658373 0.32866555544202875 0.01953125 0.034722222222222224
0 0.5462805507473721 0.3244022993802116 0.01953125 0.034722222222222224
0 0.5396858265267486 0.3165863299335467 0.01953125 0.034722222222222224
0 0.5336906226898182 0.31267834521021426 0.01953125 0.034722222222222224
0 0.5392861462709532 0.3247575707186964 0.01953125 0.034722222222222224
0 0.5434827889568045 0.3343498968577851 0.01953125 0.034722222222222224
0 0.540685027166237 0.34181059496596516 0.01953125 0.034722222222222224
0 0.5482789520263488 0.34429749433535856 0.01953125 0.034722222222222224
0 0.5448816698520883 0.33967896693505656 0.01953125 0.034722222222222224
0 0.5506770335611211 0.33967896693505656 0.01953125 0.034722222222222224
0 0.5488784724100418 0.3361262535502089 0.01953125 0.034722222222222224
0 0.5482789520263488 0.3535345491359625 0.01953125 0.034722222222222224
0 0.5552733565027677 0.35673199118232546 0.01953125 0.034722222222222224
0 0.5554731966306654 0.3460738510277824 0.01953125 0.034722222222222224
0 0.5466802310031674 0.3666795886598989 0.01953125 0.034722222222222224
0 0.5452813501078836 0.35886361921323406 0.01953125 0.034722222222222224
0 0.5424835883173161 0.3517581924435387 0.01953125 0.034722222222222224
0 0.5454811902357813 0.3535345491359625 0.01953125 0.034722222222222224
0 0.5408848672941347 0.37378501542959436 0.01953125 0.034722222222222224
0 0.5516762342006095 0.3794693568453506 0.01953125 0.034722222222222224
0 0.5448816698520883 0.3744955581065638 0.01953125 0.034722222222222224
0 0.5464803908752697 0.38089044219928964 0.01953125 0.034722222222222224
0 0.550077513177428 0.3883511403074698 0.01953125 0.034722222222222224
0 0.5540743157353816 0.3847984269226221 0.01953125 0.034722222222222224
0 0.5594699991886191 0.3837326129071678 0.01953125 0.034722222222222224
0 0.5428832685731114 0.39403548172322606 0.01953125 0.034722222222222224
0 0.5546738361190746 0.4096674206165558 0.01953125 0.034722222222222224
0 0.5492781526658373 0.40895687793958635 0.01953125 0.034722222222222224
0 0.5556730367585632 0.3904827683383784 0.01953125 0.034722222222222224
0 0.5482789520263488 0.417128118724736 0.01953125 0.034722222222222224
0 0.5450815099799861 0.4114437773089797 0.01953125 0.034722222222222224
0 0.5428832685731114 0.4050488932162539 0.01953125 0.034722222222222224
0 0.5472797513868605 0.423167731478977 0.01953125 0.034722222222222224
0 0.5594699991886191 0.4178386614017055 0.01953125 0.034722222222222224
0 0.5520759144564048 0.4320495149410962 0.01953125 0.034722222222222224
0 0.5426834284452138 0.4284968015562486 0.01953125 0.034722222222222224
0 0.5366882246082834 0.4149964906938274 0.01953125 0.034722222222222224
0 0.5342901430735112 0.39439075306171084 0.01953125 0.034722222222222224
0 0.5370879048640786 0.40327253652383 0.01953125 0.034722222222222224
0 0.5326914220503297 0.41535176203231217 0.01953125 0.034722222222222224
0 0.5270958984691946 0.31409943056415335 0.01953125 0.034722222222222224
0 0.5147058105395383 0.3062834611174885 0.01953125 0.034722222222222224
0 0.505513164656245 0.2949147782859758 0.01953125 0.034722222222222224
0 0.506112685039938 0.30948090316385135 0.01953125 0.034722222222222224
0 0.5031150831214727 0.3155205159180924 0.01953125 0.034722222222222224
0 0.49811907992403076 0.3169416012720314 0.01953125 0.034722222222222224
0 0.5101094875978917 0.3165863299335467 0.01953125 0.034722222222222224
0 0.5131070895163568 0.3197837719799096 0.01953125 0.034722222222222224
0 0.5205011742485711 0.32831028410354407 0.01953125 0.034722222222222224
0 0.5248976570623202 0.326889198749605 0.01953125 0.034722222222222224
0 0.5282949392365807 0.3247575707186964 0.01953125 0.034722222222222224
0 0.5250974971902177 0.32049431465687916 0.01953125 0.034722222222222224
0 0.5328912621782274 0.3244022993802116 0.01953125 0.034722222222222224
0 0.5306930207713528 0.31267834521021426 0.01953125 0.034722222222222224
0 0.5340903029456134 0.3347051681962699 0.01953125 0.034722222222222224
0 0.5358888640966926 0.33008664079596783 0.01953125 0.034722222222222224
0 0.5378872653756694 0.3347051681962699 0.01953125 0.034722222222222224
0 0.5332909424340226 0.34145532362748043 0.01953125 0.034722222222222224
0 0.5348896634572042 0.34358695165838904 0.01953125 0.034722222222222224
0 0.5304931806434552 0.3371920675656632 0.01953125 0.034722222222222224
0 0.5270958984691946 0.33541571087323935 0.01953125 0.034722222222222224
0 0.5242981366786271 0.3389684242580871 0.01953125 0.034722222222222224
0 0.5270958984691946 0.35140292110505394 0.01953125 0.034722222222222224
0 0.536888064736181 0.3531792777974778 0.01953125 0.034722222222222224
0 0.5340903029456134 0.3553109058283864 0.01953125 0.034722222222222224
0 0.5324915819224321 0.34962656441263 0.01953125 0.034722222222222224
0 0.5306930207713528 0.3595741618902036 0.01953125 0.034722222222222224
0 0.5350895035851018 0.3688112166908076 0.01953125 0.034722222222222224
0 0.5286946194923761 0.36810067401383795 0.01953125 0.034722222222222224
0 0.5342901430735112 0.36348214661353606 0.01953125 0.034722222222222224
0 0.5304931806434552 0.3780482714914115 0.01953125 0.034722222222222224
0 0.5278952589807854 0.40007509447746714 0.01953125 0.034722222222222224
0 0.5312925411550459 0.40220672250837575 0.01953125 0.034722222222222224
0 0.5270958984691946 0.4139306766783731 0.01953125 0.034722222222222224
0 0.5197018137369803 0.4036278078623148 0.01953125 0.034722222222222224
0 0.5217002150159572 0.39332493904625654 0.01953125 0.034722222222222224
0 0.5242981366786271 0.4057594358932234 0.01953125 0.034722222222222224
0 0.523099095911241 0.4139306766783731 0.01953125 0.034722222222222224
0 0.515505171051129 0.4199702894326141 0.01953125 0.034722222222222224
0 0.5219000551438548 0.4281415302177638 0.01953125 0.034722222222222224
0 0.5248976570623202 0.4274309875407943 0.01953125 0.034722222222222224
0 0.5344899832014087 0.4299178869101876 0.01953125 0.034722222222222224
0 0.5350895035851018 0.42281246014049223 0.01953125 0.034722222222222224
0 0.5310927010271482 0.4348916856489744 0.01953125 0.034722222222222224
0 0.5290942997481715 0.4306284295871572 0.01953125 0.034722222222222224
0 0.5260966978297063 0.43773385635685247 0.01953125 0.034722222222222224
0 0.5213005347601618 0.44412874044957834 0.01953125 0.034722222222222224
0 0.5380871055035671 0.44412874044957834 0.01953125 0.034722222222222224
0 0.5440823093404975 0.4423523837571545 0.01953125 0.034722222222222224
0 0.5404851870383393 0.43773385635685247 0.01953125 0.034722222222222224
0 0.5380871055035671 0.43418114297200483 0.01953125 0.034722222222222224
0 0.5474795915147582 0.43879967037230677 0.01953125 0.034722222222222224
0 0.5322917417945343 0.45229998123472803 0.01953125 0.034722222222222224
0 0.5276954188528876 0.45123416721927373 0.01953125 0.034722222222222224
0 0.5175035723301058 0.35104764976656916 0.01953125 0.034722222222222224
0 0.514306130283743 0.3389684242580871 0.01953125 0.034722222222222224
0 0.5139064500279475 0.332928811503846 0.01953125 0.034722222222222224
0 0.5101094875978917 0.3304419121344526 0.01953125 0.034722222222222224
0 0.5085107665747102 0.3247575707186964 0.01953125 0.034722222222222224
0 0.5031150831214727 0.3229812140262725 0.01953125 0.034722222222222224
0 0.5007170015867005 0.3293760981189984 0.01953125 0.034722222222222224
0 0.4965203589008492 0.3219154000108182 0.01953125 0.034722222222222224
0 0.4963205187729516 0.32724447008808977 0.01953125 0.034722222222222224
0 0.4959208385171562 0.33861315291960226 0.01953125 0.034722222222222224
0 0.501116681842496 0.3371920675656632 0.01953125 0.034722222222222224
0 0.5065123652957334 0.3432316803199043 0.01953125 0.034722222222222224
0 0.5117082086210731 0.34252113764293474 0.01953125 0.034722222222222224
0 0.5109088481094823 0.3553109058283864 0.01953125 0.034722222222222224
0 0.5137066099000499 0.35779780519777976 0.01953125 0.034722222222222224
0 0.5157050111790267 0.3631268752750513 0.01953125 0.034722222222222224
0 0.515505171051129 0.348205479058691 0.01953125 0.034722222222222224
0 0.5111086882373801 0.36739013133686854 0.01953125 0.034722222222222224
0 0.5079112461910171 0.3670348599983837 0.01953125 0.034722222222222224
0 0.5033149232493704 0.35460036315141685 0.01953125 0.034722222222222224
0 0.5041142837609612 0.362061061259597 0.01953125 0.034722222222222224
0 0.5009168417145983 0.3688112166908076 0.01953125 0.034722222222222224
0 0.49951796081931443 0.3638374179520208 0.01953125 0.034722222222222224
0 0.49452195762187245 0.3535345491359625 0.01953125 0.034722222222222224
0 0.497919239796133 0.35460036315141685 0.01953125 0.034722222222222224
0 0.49811907992403076 0.34571857968929764 0.01953125 0.034722222222222224
0 0.49472179774977015 0.34749493638172146 0.01953125 0.034722222222222224
0 0.5041142837609612 0.3755613721220181 0.01953125 0.034722222222222224
0 0.5081110863189148 0.3794693568453506 0.01953125 0.034722222222222224
0 0.5139064500279475 0.37769300015292673 0.01953125 0.034722222222222224
0 0.510509167853687 0.38408788424565254 0.01953125 0.034722222222222224
0 0.5191022933532873 0.3894169543229241 0.01953125 0.034722222222222224
0 0.5121078888768684 0.39190385369231745 0.01953125 0.034722222222222224
0 0.5081110863189148 0.39083803967686315 0.01953125 0.034722222222222224
0 0.5069120455515287 0.39510129573868036 0.01953125 0.034722222222222224
0 0.5119080487489707 0.39829873778504327 0.01953125 0.034722222222222224
0 0.5093101270863009 0.4007856371544366 0.01953125 0.034722222222222224
0 0.5059128449120404 0.4007856371544366 0.01953125 0.034722222222222224
0 0.5043141238888588 0.4103779632935254 0.01953125 0.034722222222222224
0 0.5095099672141986 0.41641757604776647 0.01953125 0.034722222222222224
0 0.514306130283743 0.40860160660110156 0.01953125 0.034722222222222224
0 0.5113085283652777 0.4050488932162539 0.01953125 0.034722222222222224
0 0.510509167853687 0.4270757162023095 0.01953125 0.034722222222222224
0 0.5161046914348222 0.4348916856489744 0.01953125 0.034722222222222224
0 0.506112685039938 0.4281415302177638 0.01953125 0.034722222222222224
0 0.5009168417145983 0.42210191746352277 0.01953125 0.034722222222222224
0 0.5047138041446543 0.4199702894326141 0.01953125 0.034722222222222224
0 0.5085107665747102 0.4199702894326141 0.01953125 0.034722222222222224
0 0.49711987928454227 0.4281415302177638 0.01953125 0.034722222222222224
0 0.4965203589008492 0.437023313679883 0.01953125 0.034722222222222224
0 0.4991182805635191 0.43773385635685247 0.01953125 0.034722222222222224
0 0.4999176410751099 0.44803672517291077 0.01953125 0.034722222222222224
0 0.4959208385171562 0.44910253918836507 0.01953125 0.034722222222222224
0 0.49052515506391886 0.437023313679883 0.01953125 0.034722222222222224
0 0.4901254748081234 0.44697091115745646 0.01953125 0.034722222222222224
0 0.4925235563428956 0.45620796595806046 0.01953125 0.034722222222222224
0 0.5041142837609612 0.4665108347741187 0.01953125 0.034722222222222224
0 0.5059128449120404 0.44306292643412404 0.01953125 0.034722222222222224
0 0.5171038920743105 0.4569185086350299 0.01953125 0.034722222222222224
0 0.5151054907953336 0.472195176189875 0.01953125 0.034722222222222224
0 0.5278952589807854 0.4903140144525982 0.01953125 0.034722222222222224
0 0.5420839080615207 0.4750373468977532 0.01953125 0.034722222222222224
0 0.5384867857593625 0.46082649335836234 0.01953125 0.034722222222222224
0 0.5222997353996502 0.5045248679919888 0.01953125 0.034722222222222224
0 0.5153053309232314 0.4991957979147174 0.01953125 0.034722222222222224
0 0.5181030927137988 0.4892482004371439 0.01953125 0.034722222222222224
0 0.5007170015867005 0.4977747125607782 0.01953125 0.034722222222222224
0 0.49711987928454227 0.4732609902053293 0.01953125 0.034722222222222224
0 0.5510767138169165 0.48001114563653985 0.01953125 0.034722222222222224
0 0.4807329887969324 0.30450710442506457 0.01953125 0.034722222222222224
0 0.48173218943642077 0.31480997324112286 0.01953125 0.034722222222222224
0 0.4807329887969324 0.3251128420571811 0.01953125 0.034722222222222224
0 0.48413027097119293 0.32227067134930293 0.01953125 0.034722222222222224
0 0.488526753784942 0.32156012867233347 0.01953125 0.034722222222222224
0 0.49272339647079333 0.32582338473415073 0.01953125 0.034722222222222224
0 0.4899256346802258 0.3304419121344526 0.01953125 0.034722222222222224
0 0.48313107033170455 0.3293760981189984 0.01953125 0.034722222222222224
0 0.48193202956431846 0.3389684242580871 0.01953125 0.034722222222222224
0 0.4793341079016486 0.3343498968577851 0.01953125 0.034722222222222224
0 0.4813325091806254 0.3471396650432367 0.01953125 0.034722222222222224
0 0.48552915186647677 0.34252113764293474 0.01953125 0.034722222222222224
0 0.488526753784942 0.33861315291960226 0.01953125 0.034722222222222224
0 0.49052515506391886 0.3347051681962699 0.01953125 0.034722222222222224
0 0.49072499519181645 0.34216586630445 0.01953125 0.034722222222222224
0 0.48952595442443037 0.34927129307414534 0.01953125 0.034722222222222224
0 0.4815323493085231 0.35460036315141685 0.01953125 0.034722222222222224
0 0.48972579455232806 0.3617057899211122 0.01953125 0.034722222222222224
0 0.485329311738579 0.3656137746444446 0.01953125 0.034722222222222224
0 0.4925235563428956 0.3748508294450486 0.01953125 0.034722222222222224
0 0.4889264340407373 0.3755613721220181 0.01953125 0.034722222222222224
0 0.4871278728896582 0.37769300015292673 0.01953125 0.034722222222222224
0 0.48313107033170455 0.39403548172322606 0.01953125 0.034722222222222224
0 0.4909248353197142 0.38657478361504594 0.01953125 0.034722222222222224
0 0.49532131813346314 0.3876405976305002 0.01953125 0.034722222222222224
0 0.4997178009472122 0.38515369826110685 0.01953125 0.034722222222222224
0 0.49711987928454227 0.39296966770777175 0.01953125 0.034722222222222224
0 0.492323716214998 0.3915485823538327 0.01953125 0.034722222222222224
0 0.4913245155755095 0.40043036581595187 0.01953125 0.034722222222222224
0 0.49711987928454227 0.40327253652383 0.01953125 0.034722222222222224
0 0.4949216378776678 0.39723292376958896 0.01953125 0.034722222222222224
0 0.501116681842496 0.39829873778504327 0.01953125 0.034722222222222224
0 0.5005171614588029 0.4071805212471625 0.01953125 0.034722222222222224
0 0.49951796081931443 0.4121543199859492 0.01953125 0.034722222222222224
0 0.49552115826136084 0.4135754053398883 0.01953125 0.034722222222222224
0 0.4875275531454536 0.4107332346320101 0.01953125 0.034722222222222224
0 0.48173218943642077 0.41179904864746447 0.01953125 0.034722222222222224
0 0.4909248353197142 0.4256546308483704 0.01953125 0.034722222222222224
0 0.49572099838925854 0.4203255607710989 0.01953125 0.034722222222222224
0 0.5836506546642386 0.31516524457960765 0.01953125 0.034722222222222224
0 0.5552733565027677 0.32795501276505923 0.01953125 0.034722222222222224
0 0.4809328289248301 0.3791140855068658 0.01953125 0.034722222222222224
0 0.47893442764585326 0.3915485823538327 0.01953125 0.034722222222222224
0 0.46474577856511795 0.3023754763941558 0.01953125 0.034722222222222224
0 0.46894242125096924 0.2974016776553691 0.01953125 0.034722222222222224
0 0.4661446594604016 0.30024384836324713 0.01953125 0.034722222222222224
0 0.47034130214625297 0.3119678025332445 0.01953125 0.034722222222222224
0 0.4593500951118805 0.30202020505567106 0.01953125 0.034722222222222224
0 0.4567521734492106 0.3030860190711253 0.01953125 0.034722222222222224
0 0.45315505114705235 0.3027307477326406 0.01953125 0.034722222222222224
0 0.44156432372898685 0.3027307477326406 0.01953125 0.034722222222222224
0 0.43097279695040963 0.29811222033233853 0.01953125 0.034722222222222224
0 0.4355691198920564 0.3130336165486989 0.01953125 0.034722222222222224
0 0.40679214147479015 0.3013096623787015 0.01953125 0.034722222222222224
0 0.41178814467223224 0.3023754763941558 0.01953125 0.034722222222222224
0 0.40199597840524576 0.29598059230143 0.01953125 0.034722222222222224
0 0.3946018936730315 0.2966911349783995 0.01953125 0.034722222222222224
0 0.38460988727814743 0.30024384836324713 0.01953125 0.034722222222222224
0 0.3910047713708733 0.3077045464714273 0.01953125 0.034722222222222224
0 0.3860087681734312 0.3109019885177902 0.01953125 0.034722222222222224
0 0.3738185203716726 0.3194285006414247 0.01953125 0.034722222222222224
0 0.36142843244201633 0.3077045464714273 0.01953125 0.034722222222222224
0 0.36502555474417464 0.3045071044250644 0.01953125 0.034722222222222224
0 0.3662245955115607 0.315875787256577 0.01953125 0.034722222222222224
0 0.3674236362789468 0.32404702804172664 0.01953125 0.034722222222222224
0 0.36322699359309546 0.32013904331839416 0.01953125 0.034722222222222224
0 0.3580311502677558 0.3215601286723333 0.01953125 0.034722222222222224
0 0.3560327489887789 0.3109019885177902 0.01953125 0.034722222222222224
0 0.3442421814428157 0.32617865607263524 0.01953125 0.034722222222222224
0 0.34783930374497396 0.33150772614990676 0.01953125 0.034722222222222224
0 0.3462405827217925 0.34038950961202596 0.01953125 0.034722222222222224
0 0.34803914387287166 0.3478502077202061 0.01953125 0.034722222222222224
0 0.35103674579133687 0.35282400645899287 0.01953125 0.034722222222222224
0 0.3564324292445743 0.3407447809505107 0.01953125 0.034722222222222224
0 0.35623258911667666 0.33399462551930015 0.01953125 0.034722222222222224
0 0.35883051077934647 0.33328408284233063 0.01953125 0.034722222222222224
0 0.33425017504793164 0.3560214485053558 0.01953125 0.034722222222222224
0 0.3350495355595223 0.3492712930741451 0.01953125 0.034722222222222224
0 0.3362485763269084 0.34003423827354123 0.01953125 0.034722222222222224
0 0.33345081453634084 0.361705789921112 0.01953125 0.034722222222222224
0 0.33045321261787564 0.3631268752750511 0.01953125 0.034722222222222224
0 0.32785529095520577 0.3698770307062617 0.01953125 0.034722222222222224
0 0.36922219743002593 0.3307971834729372 0.01953125 0.034722222222222224
0 0.3662245955115607 0.3379026102426326 0.01953125 0.034722222222222224
0 0.37581692165064945 0.33434989685778493 0.01953125 0.034722222222222224
0 0.374817721011161 0.3290208267805134 0.01953125 0.034722222222222224
0 0.38301116625496595 0.32369175670324185 0.01953125 0.034722222222222224
0 0.3938025331614408 0.3233364853647571 0.01953125 0.034722222222222224
0 0.401196617893655 0.3297313694574829 0.01953125 0.034722222222222224
0 0.4041942198121203 0.3279550127650591 0.01953125 0.034722222222222224
0 0.4047937401958133 0.32120485733384846 0.01953125 0.034722222222222224
0 0.40199597840524576 0.3109019885177902 0.01953125 0.034722222222222224
0 0.41018942364905076 0.3137441592256684 0.01953125 0.034722222222222224
0 0.4075915019863809 0.3109019885177902 0.01953125 0.034722222222222224
0 0.4169839879975719 0.3105467171793055 0.01953125 0.034722222222222224
0 0.4135867058233113 0.31125725985627495 0.01953125 0.034722222222222224
0 0.42078095042762786 0.3194285006414247 0.01953125 0.034722222222222224
0 0.4245779128576838 0.31765214394900076 0.01953125 0.034722222222222224
0 0.4327713581014888 0.32404702804172664 0.01953125 0.034722222222222224
0 0.4303732765667166 0.32369175670324185 0.01953125 0.034722222222222224
0 0.43996560270580537 0.32511284205718094 0.01953125 0.034722222222222224
0 0.44556112628694045 0.3233364853647571 0.01953125 0.034722222222222224
0 0.45295521101915465 0.31338888788718355 0.01953125 0.034722222222222224
0 0.4661446594604016 0.32120485733384846 0.01953125 0.034722222222222224
0 0.46894242125096924 0.32404702804172664 0.01953125 0.034722222222222224
0 0.470940822529946 0.32369175670324185 0.01953125 0.034722222222222224
0 0.47353874419261593 0.33221826882687633 0.01953125 0.034722222222222224
0 0.4759368257273881 0.33150772614990676 0.01953125 0.034722222222222224
0 0.47553714547159276 0.3258233847341505 0.01953125 0.034722222222222224
0 0.4757369855994904 0.33896842425808693 0.01953125 0.034722222222222224
0 0.47553714547159276 0.34429749433535844 0.01953125 0.034722222222222224
0 0.46854274099517385 0.3396789669350564 0.01953125 0.034722222222222224
0 0.461548336518755 0.337192067565663 0.01953125 0.034722222222222224
0 0.4651454588209133 0.33541571087323924 0.01953125 0.034722222222222224
0 0.474737784960002 0.35886361921323384 0.01953125 0.034722222222222224
0 0.47533730534369506 0.36916648802929214 0.01953125 0.034722222222222224
0 0.4693421015067646 0.3574425338592948 0.01953125 0.034722222222222224
0 0.46014945562347126 0.361705789921112 0.01953125 0.034722222222222224
0 0.45315505114705235 0.3421658663044498 0.01953125 0.034722222222222224
0 0.45515345242602917 0.34003423827354123 0.01953125 0.034722222222222224
0 0.4513564899959732 0.3318629974883915 0.01953125 0.034722222222222224
0 0.4505571294843825 0.3379026102426326 0.01953125 0.034722222222222224
0 0.4461606466706335 0.32937609811899815 0.01953125 0.034722222222222224
0 0.44735968743801957 0.3467843937047518 0.01953125 0.034722222222222224
0 0.44156432372898685 0.3318629974883915 0.01953125 0.034722222222222224
0 0.4441622453916566 0.3489160217356604 0.01953125 0.034722222222222224
0 0.4387665619384193 0.3563767198438405 0.01953125 0.034722222222222224
0 0.4431630447521683 0.35886361921323384 0.01953125 0.034722222222222224
0 0.44715984731012187 0.35957416189020347 0.01953125 0.034722222222222224
0 0.4509568097401779 0.3531792777974776 0.01953125 0.034722222222222224
0 0.44995760910068944 0.3457185796892975 0.01953125 0.034722222222222224
0 0.4563524931934153 0.3606399759056578 0.01953125 0.034722222222222224
0 0.45515345242602917 0.34749493638172135 0.01953125 0.034722222222222224
0 0.4589504148560851 0.3499818357511147 0.01953125 0.034722222222222224
0 0.46734370022778776 0.3784035428298961 0.01953125 0.034722222222222224
0 0.47194002316943445 0.3844431555841372 0.01953125 0.034722222222222224
0 0.47553714547159276 0.3844431555841372 0.01953125 0.034722222222222224
0 0.4661446594604016 0.3574425338592948 0.01953125 0.034722222222222224
0 0.45735169383290364 0.3716533873986856 0.01953125 0.034722222222222224
0 0.45455393204233613 0.3684559453523226 0.01953125 0.034722222222222224
0 0.46194801677455033 0.3833773415686829 0.01953125 0.034722222222222224
0 0.4563524931934153 0.38124571353777426 0.01953125 0.034722222222222224
0 0.46254753715824337 0.39012749699989346 0.01953125 0.034722222222222224
0 0.4591502549839828 0.38550896959959147 0.01953125 0.034722222222222224
0 0.45795121421659674 0.3958118384156497 0.01953125 0.034722222222222224
0 0.4701414620183553 0.4039830792007994 0.01953125 0.034722222222222224
0 0.4745379448321043 0.40149617983140606 0.01953125 0.034722222222222224
0 0.47653634611108114 0.39616710975413455 0.01953125 0.034722222222222224
0 0.47333890406471824 0.39510129573868025 0.01953125 0.034722222222222224
0 0.46834290086727615 0.38941695432292395 0.01953125 0.034722222222222224
0 0.4783349072621603 0.40291726518534515 0.01953125 0.034722222222222224
0 0.47633650598318344 0.4146412193553425 0.01953125 0.034722222222222224
0 0.46974178176255993 0.4249440881714007 0.01953125 0.034722222222222224
0 0.4721398632973321 0.4231677314789769 0.01953125 0.034722222222222224
0 0.465345298948811 0.4078910639241319 0.01953125 0.034722222222222224
0 0.46134849639085734 0.4114437773089795 0.01953125 0.034722222222222224
0 0.46374657792562946 0.4210361034480683 0.01953125 0.034722222222222224
0 0.45954993523977816 0.4217466461250378 0.01953125 0.034722222222222224
0 0.46114865626295964 0.4299178869101875 0.01953125 0.034722222222222224
0 0.46494561869301554 0.4395102130492761 0.01953125 0.034722222222222224
0 0.47233970342522985 0.4348916856489742 0.01953125 0.034722222222222224
0 0.4795339480295464 0.4451945544650326 0.01953125 0.034722222222222224
0 0.479134267773751 0.42849680155624836 0.01953125 0.034722222222222224
0 0.47313906393682054 0.44874726784988017 0.01953125 0.034722222222222224
0 0.4779352270063649 0.45372106658866684 0.01953125 0.034722222222222224
0 0.47333890406471824 0.4647344780816947 0.01953125 0.034722222222222224
0 0.479134267773751 0.4633133927277556 0.01953125 0.034722222222222224
0 0.4847297913548861 0.43737858501836757 0.01953125 0.034722222222222224
0 0.4845299512269884 0.4508788958807888 0.01953125 0.034722222222222224
0 0.4665443397161971 0.4544316092656364 0.01953125 0.034722222222222224
0 0.45655233332131295 0.44661563981897157 0.01953125 0.034722222222222224
0 0.4663444995882994 0.46544502075866423 0.01953125 0.034722222222222224
0 0.45615265306551755 0.47148463351290526 0.01953125 0.034722222222222224
0 0.44755952756591727 0.4626028500507861 0.01953125 0.034722222222222224
0 0.4441622453916566 0.45372106658866684 0.01953125 0.034722222222222224
0 0.4513564899959732 0.43560222832594375 0.01953125 0.034722222222222224
0 0.4509568097401779 0.4427076550956391 0.01953125 0.034722222222222224
0 0.45315505114705235 0.42352300281746164 0.01953125 0.034722222222222224
0 0.4501574492285871 0.4274309875407941 0.01953125 0.034722222222222224
0 0.45435409191443843 0.4320495149410961 0.01953125 0.034722222222222224
0 0.4477593676938149 0.4242335454944312 0.01953125 0.034722222222222224
0 0.45575297280972227 0.4100226919550405 0.01953125 0.034722222222222224
0 0.4607489760071643 0.40149617983140606 0.01953125 0.034722222222222224
0 0.45315505114705235 0.4018514511698908 0.01953125 0.034722222222222224
0 0.44875856833330335 0.40149617983140606 0.01953125 0.034722222222222224
0 0.44536128615904275 0.3943907530617107 0.01953125 0.034722222222222224
0 0.4481590479496103 0.3940354817232259 0.01953125 0.034722222222222224
0 0.4509568097401779 0.38728532629201534 0.01953125 0.034722222222222224
0 0.4479592078217126 0.38231152755322856 0.01953125 0.034722222222222224
0 0.44556112628694045 0.36667958865989875 0.01953125 0.034722222222222224
0 0.43956592245000997 0.37271920141413983 0.01953125 0.034722222222222224
0 0.43636848040364706 0.37698245747595704 0.01953125 0.034722222222222224
0 0.43816704155472624 0.38231152755322856 0.01953125 0.034722222222222224
0 0.44536128615904275 0.37698245747595704 0.01953125 0.034722222222222224
0 0.4441622453916566 0.38266679889171334 0.01953125 0.034722222222222224
0 0.44116464347319145 0.39154858235383255 0.01953125 0.034722222222222224
0 0.43896640206631693 0.38621951227656104 0.01953125 0.034722222222222224
0 0.4325715179735911 0.39225912503080207 0.01953125 0.034722222222222224
0 0.43377055874097725 0.38586424093807625 0.01953125 0.034722222222222224
0 0.42537727336927456 0.38302207023019813 0.01953125 0.034722222222222224
0 0.43377055874097725 0.34962656441262996 0.01953125 0.034722222222222224
0 0.4295739160551259 0.34038950961202596 0.01953125 0.034722222222222224
0 0.4277753549040468 0.33612625355020875 0.01953125 0.034722222222222224
0 0.43756752117103315 0.3307971834729372 0.01953125 0.034722222222222224
0 0.43456991925256794 0.33328408284233063 0.01953125 0.034722222222222224
0 0.43097279695040963 0.34252113764293457 0.01953125 0.034722222222222224
0 0.43776736129893085 0.34642912236626705 0.01953125 0.034722222222222224
0 0.43097279695040963 0.3542450918129319 0.01953125 0.034722222222222224
0 0.4355691198920564 0.3609952472441425 0.01953125 0.034722222222222224
0 0.43017343643881895 0.36454796062899014 0.01953125 0.034722222222222224
0 0.4279751950319444 0.3563767198438405 0.01953125 0.034722222222222224
0 0.42317903196240003 0.36774540267535305 0.01953125 0.034722222222222224
0 0.4261766338808653 0.3766271861374723 0.01953125 0.034722222222222224
0 0.42977375618302355 0.37875881416838086 0.01953125 0.034722222222222224
0 0.4247777529855815 0.39154858235383255 0.01953125 0.034722222222222224
0 0.42637647400876294 0.39971982313898224 0.01953125 0.034722222222222224
0 0.4305731166946143 0.40469362187776897 0.01953125 0.034722222222222224
0 0.42357871221819543 0.4075357925856471 0.01953125 0.034722222222222224
0 0.42817503515984207 0.4142859480168577 0.01953125 0.034722222222222224
0 0.4303732765667166 0.4128648626629186 0.01953125 0.034722222222222224
0 0.43317103835728415 0.4167728473862511 0.01953125 0.034722222222222224
0 0.4385667218105216 0.41641757604776625 0.01953125 0.034722222222222224
0 0.44116464347319145 0.4157070333707968 0.01953125 0.034722222222222224
0 0.443962405263759 0.4089568779395862 0.01953125 0.034722222222222224
0 0.4413644836010891 0.400075094477467 0.01953125 0.034722222222222224
0 0.4371678409152378 0.3979434664465583 0.01953125 0.034722222222222224
0 0.4343700791246703 0.4068252499086776 0.01953125 0.034722222222222224
0 0.43976576257790767 0.4071805212471623 0.01953125 0.034722222222222224
0 0.43337087848518185 0.42636517352533976 0.01953125 0.034722222222222224
0 0.4245779128576838 0.4203255607710987 0.01953125 0.034722222222222224
0 0.426975994392456 0.42672044486382454 0.01953125 0.034722222222222224
0 0.42857471541563746 0.4210361034480683 0.01953125 0.034722222222222224
0 0.44276336449637294 0.43062842958715697 0.01953125 0.034722222222222224
0 0.4385667218105216 0.4242335454944312 0.01953125 0.034722222222222224
0 0.43676816065944246 0.44128656974170005 0.01953125 0.034722222222222224
0 0.4417641638568845 0.44235238375715435 0.01953125 0.034722222222222224
0 0.4369680007873401 0.451944709896243 0.01953125 0.034722222222222224
0 0.4293740759272282 0.44661563981897157 0.01953125 0.034722222222222224
0 0.42517743324137686 0.45372106658866684 0.01953125 0.034722222222222224
0 0.4197817497881395 0.4370233136798828 0.01953125 0.034722222222222224
0 0.4217801510671163 0.42956261557170267 0.01953125 0.034722222222222224
0 0.41878254914865104 0.44768145383442587 0.01953125 0.034722222222222224
0 0.4147857465906974 0.44093129840321527 0.01953125 0.034722222222222224
0 0.42237967145080935 0.4554974232810907 0.01953125 0.034722222222222224
0 0.42237967145080935 0.32937609811899815 0.01953125 0.034722222222222224
0 0.4193820695323441 0.33399462551930015 0.01953125 0.034722222222222224
0 0.41878254914865104 0.3290208267805134 0.01953125 0.034722222222222224
0 0.41718382812546956 0.34252113764293457 0.01953125 0.034722222222222224
0 0.41458590646279975 0.33754733890414784 0.01953125 0.034722222222222224
0 0.41298718543961827 0.3428764089814193 0.01953125 0.034722222222222224
0 0.41538526697439043 0.3482054790586908 0.01953125 0.034722222222222224
0 0.4199815899160371 0.3489160217356604 0.01953125 0.034722222222222224
0 0.4197817497881395 0.3435869516583889 0.01953125 0.034722222222222224
0 0.42317903196240003 0.33754733890414784 0.01953125 0.034722222222222224
0 0.4239783924739908 0.35282400645899287 0.01953125 0.034722222222222224
0 0.43017343643881895 0.3460738510277822 0.01953125 0.034722222222222224
0 0.4173836682533673 0.35673199118232524 0.01953125 0.034722222222222224
0 0.41758350838126496 0.3670348599983836 0.01953125 0.034722222222222224
0 0.40499358032371097 0.3471396650432365 0.01953125 0.034722222222222224
0 0.40699198160268785 0.35886361921323384 0.01953125 0.034722222222222224
0 0.40699198160268785 0.35175819244353856 0.01953125 0.034722222222222224
0 0.41138846441643684 0.37058757338323123 0.01953125 0.034722222222222224
0 0.40978974339325536 0.3766271861374723 0.01953125 0.034722222222222224
0 0.4147857465906974 0.3752061007835332 0.01953125 0.034722222222222224
0 0.4173836682533673 0.38302207023019813 0.01953125 0.034722222222222224
0 0.4205811102997302 0.37698245747595704 0.01953125 0.034722222222222224
0 0.4221798313229116 0.38586424093807625 0.01953125 0.034722222222222224
0 0.40939006313746 0.38799586896898486 0.01953125 0.034722222222222224
0 0.4085907026258693 0.39332493904625637 0.01953125 0.034722222222222224
0 0.4149855867185951 0.39225912503080207 0.01953125 0.034722222222222224
0 0.4159847873580835 0.4004303658159517 0.01953125 0.034722222222222224
0 0.4201814300439348 0.3919038536923173 0.01953125 0.034722222222222224
0 0.4227793517066047 0.4007856371544365 0.01953125 0.034722222222222224
0 0.41438606633490205 0.4078910639241319 0.01953125 0.034722222222222224
0 0.4183828688928557 0.406114707231708 0.01953125 0.034722222222222224
0 0.4135867058233113 0.41535176203231194 0.01953125 0.034722222222222224
0 0.41798318863706035 0.42565463084837024 0.01953125 0.034722222222222224
0 0.4163844676138789 0.4185492040786749 0.01953125 0.034722222222222224
0 0.40539326057950636 0.4171281187247359 0.01953125 0.034722222222222224
0 0.40319501917263184 0.4093121492780709 0.01953125 0.034722222222222224
0 0.4025954987889388 0.4004303658159517 0.01953125 0.034722222222222224
0 0.4043940599400179 0.3940354817232259 0.01953125 0.034722222222222224
0 0.4051934204516087 0.3780482714914114 0.01953125 0.034722222222222224
0 0.4039943796842226 0.38621951227656104 0.01953125 0.034722222222222224
0 0.4023956586610411 0.3627716039365663 0.01953125 0.034722222222222224
0 0.40179613827734806 0.355666177166871 0.01953125 0.034722222222222224
0 0.4015962981494504 0.3478502077202061 0.01953125 0.034722222222222224
0 0.40219581853314346 0.3450080370123279 0.01953125 0.034722222222222224
0 0.40139645802155277 0.33754733890414784 0.01953125 0.034722222222222224
0 0.4051934204516087 0.34003423827354123 0.01953125 0.034722222222222224
0 0.40539326057950636 0.33434989685778493 0.01953125 0.034722222222222224
0 0.4085907026258693 0.337192067565663 0.01953125 0.034722222222222224
0 0.3981990159751898 0.3609952472441425 0.01953125 0.034722222222222224
0 0.39999757712626893 0.35957416189020347 0.01953125 0.034722222222222224
0 0.39899837648678055 0.35175819244353856 0.01953125 0.034722222222222224
0 0.39899837648678055 0.34252113764293457 0.01953125 0.034722222222222224
0 0.39140445162666865 0.3439422229968736 0.01953125 0.034722222222222224
0 0.3876074891966127 0.33683679622717827 0.01953125 0.034722222222222224
0 0.3884068497082034 0.34962656441262996 0.01953125 0.034722222222222224
0 0.38960589047558947 0.3602847045671729 0.01953125 0.034722222222222224
0 0.391804131882464 0.3553109058283862 0.01953125 0.034722222222222224
0 0.3936026930335431 0.3631268752750511 0.01953125 0.034722222222222224
0 0.3890063700918964 0.37698245747595704 0.01953125 0.034722222222222224
0 0.3920039720103617 0.3791140855068657 0.01953125 0.034722222222222224
0 0.3954012541846223 0.3776930001529266 0.01953125 0.034722222222222224
0 0.37241963947638884 0.3560214485053558 0.01953125 0.034722222222222224
0 0.36942203755792363 0.35069237842808426 0.01953125 0.034722222222222224
0 0.36922219743002593 0.34749493638172135 0.01953125 0.034722222222222224
0 0.3730191598600819 0.3393236955965716 0.01953125 0.034722222222222224
0 0.36642443563945837 0.3446527656738432 0.01953125 0.034722222222222224
0 0.37601676177854715 0.3560214485053558 0.01953125 0.034722222222222224
0 0.38261148599917066 0.35921889055171863 0.01953125 0.034722222222222224
0 0.37881452356911466 0.37271920141413983 0.01953125 0.034722222222222224
0 0.37501756113905876 0.37698245747595704 0.01953125 0.034722222222222224
0 0.370421238197412 0.37023230204474644 0.01953125 0.034722222222222224
0 0.36442603436048154 0.361705789921112 0.01953125 0.034722222222222224
0 0.3642261942325839 0.3752061007835332 0.01953125 0.034722222222222224
0 0.3476394636170763 0.364903231967475 0.01953125 0.034722222222222224
0 0.3438425011870203 0.3641926892905054 0.01953125 0.034722222222222224
0 0.34144441965224814 0.3606399759056578 0.01953125 0.034722222222222224
0 0.33684809671060145 0.36561377464444444 0.01953125 0.034722222222222224
0 0.33524937568741997 0.375561372122018 0.01953125 0.034722222222222224
0 0.3392461782453737 0.370942844721716 0.01953125 0.034722222222222224
0 0.35383450758190443 0.3784035428298961 0.01953125 0.034722222222222224
0 0.35403434770980213 0.3684559453523226 0.01953125 0.034722222222222224
0 0.374817721011161 0.36525850330595966 0.01953125 0.034722222222222224
0 0.37701596241803553 0.3641926892905054 0.01953125 0.034722222222222224
0 0.3876074891966127 0.35850834787474917 0.01953125 0.034722222222222224
0 0.37901436369701236 0.3887064116459544 0.01953125 0.034722222222222224
0 0.3812126051038869 0.38089044219928947 0.01953125 0.034722222222222224
0 0.38500956753394283 0.38728532629201534 0.01953125 0.034722222222222224
0 0.38460988727814743 0.3940354817232259 0.01953125 0.034722222222222224
0 0.37501756113905876 0.39012749699989346 0.01953125 0.034722222222222224
0 0.3730191598600819 0.3833773415686829 0.01953125 0.034722222222222224
0 0.36902235730212823 0.38124571353777426 0.01953125 0.034722222222222224
0 0.36022939167463025 0.38728532629201534 0.01953125 0.034722222222222224
0 0.36922219743002593 0.39154858235383255 0.01953125 0.034722222222222224
0 0.3708209184532074 0.3993645518004974 0.01953125 0.034722222222222224
0 0.37981372420860304 0.4089568779395862 0.01953125 0.034722222222222224
0 0.37701596241803553 0.4139306766783729 0.01953125 0.034722222222222224
0 0.38421020702235203 0.40149617983140606 0.01953125 0.034722222222222224
0 0.3776154828017286 0.400075094477467 0.01953125 0.034722222222222224
0 0.37162027896479816 0.40469362187776897 0.01953125 0.034722222222222224
0 0.391804131882464 0.38835114030746964 0.01953125 0.034722222222222224
0 0.38640844842922656 0.370942844721716 0.01953125 0.034722222222222224
0 0.4059927809631994 0.3720086587371703 0.01953125 0.034722222222222224
0 0.3964004548241107 0.39012749699989346 0.01953125 0.034722222222222224
0 0.40079693763785973 0.38799586896898486 0.01953125 0.034722222222222224
0 0.3969999752078037 0.40256199384686037 0.01953125 0.034722222222222224
0 0.3906050911150779 0.4050488932162537 0.01953125 0.034722222222222224
0 0.3938025331614408 0.4117990486474643 0.01953125 0.034722222222222224
0 0.3928033325219524 0.4075357925856471 0.01953125 0.034722222222222224
0 0.3902054108592825 0.41215431998594904 0.01953125 0.034722222222222224
0 0.3872078089408173 0.4185492040786749 0.01953125 0.034722222222222224
0 0.3942022134172362 0.4231677314789769 0.01953125 0.034722222222222224
0 0.40579294083530176 0.42707571620230933 0.01953125 0.034722222222222224
0 0.41018942364905076 0.426009902186855 0.01953125 0.034722222222222224
0 0.4135867058233113 0.43133897226412654 0.01953125 0.034722222222222224
0 0.4059927809631994 0.4427076550956391 0.01953125 0.034722222222222224
0 0.39580093444041764 0.4437734691110934 0.01953125 0.034722222222222224
0 0.39260349239405473 0.4348916856489742 0.01953125 0.034722222222222224
0 0.39879853635888285 0.42672044486382454 0.01953125 0.034722222222222224
0 0.38460988727814743 0.44874726784988017 0.01953125 0.034722222222222224
0 0.32285928775776374 0.37342974409110935 0.01953125 0.034722222222222224
0 0.3320519336410571 0.37982462818383517 0.01953125 0.034722222222222224
0 0.3276554508273081 0.38053517086080474 0.01953125 0.034722222222222224
0 0.3364484164548061 0.38621951227656104 0.01953125 0.034722222222222224
0 0.33065305274577333 0.38728532629201534 0.01953125 0.034722222222222224
0 0.3272557705715127 0.3919038536923173 0.01953125 0.034722222222222224
0 0.32166024699037765 0.38941695432292395 0.01953125 0.034722222222222224
0 0.32265944762986604 0.39865400912352794 0.01953125 0.034722222222222224
0 0.3296538521062849 0.40362780786231467 0.01953125 0.034722222222222224
0 0.32625656993202434 0.400075094477467 0.01953125 0.034722222222222224
0 0.3300535323620803 0.3982987377850431 0.01953125 0.034722222222222224
0 0.3340503349200339 0.39723292376958885 0.01953125 0.034722222222222224
0 0.3310527330015687 0.39332493904625637 0.01953125 0.034722222222222224
0 0.3374476170942945 0.4018514511698908 0.01953125 0.034722222222222224
0 0.3398456986290667 0.3979434664465583 0.01953125 0.034722222222222224
0 0.3428433005475319 0.3919038536923173 0.01953125 0.034722222222222224
0 0.3410447393964528 0.38515369826110674 0.01953125 0.034722222222222224
0 0.3462405827217925 0.4022067225083756 0.01953125 0.034722222222222224
0 0.35063706553554147 0.38941695432292395 0.01953125 0.034722222222222224
0 0.3476394636170763 0.3911933110153478 0.01953125 0.034722222222222224
0 0.3398456986290667 0.3780482714914114 0.01953125 0.034722222222222224
0 0.35243562668662065 0.4135754053398881 0.01953125 0.034722222222222224
0 0.35103674579133687 0.396877652431104 0.01953125 0.034722222222222224
0 0.3552333884771882 0.3943907530617107 0.01953125 0.034722222222222224
0 0.357831310139858 0.390838039676863 0.01953125 0.034722222222222224
0 0.3530351470703137 0.3847984269226219 0.01953125 0.034722222222222224
0 0.3592301910351418 0.375561372122018 0.01953125 0.034722222222222224
0 0.36362667384889086 0.39971982313898224 0.01953125 0.034722222222222224
0 0.36482571461627694 0.41073323463201006 0.01953125 0.034722222222222224
0 0.3638265139767885 0.38408788424565243 0.01953125 0.034722222222222224
0 0.3592301910351418 0.34536330835081275 0.01953125 0.034722222222222224
0 0.3422437801638389 0.4146412193553425 0.01953125 0.034722222222222224
0 0.34484170182650875 0.4331153289565504 0.01953125 0.034722222222222224
0 0.3388464979895783 0.42458881683291594 0.01953125 0.034722222222222224
0 0.3332509744084432 0.41783866140170534 0.01953125 0.034722222222222224
0 0.32605672980412664 0.4167728473862511 0.01953125 0.034722222222222224
0 0.3318520935131594 0.44235238375715435 0.01953125 0.034722222222222224
0 0.33684809671060145 0.4384443990338218 0.01953125 0.034722222222222224
0 0.3462405827217925 0.4427076550956391 0.01953125 0.034722222222222224
0 0.35243562668662065 0.4405760270647305 0.01953125 0.034722222222222224
0 0.352835306942416 0.43062842958715697 0.01953125 0.034722222222222224
0 0.3608289120583233 0.41997028943261394 0.01953125 0.034722222222222224
0 0.36022939167463025 0.4142859480168577 0.01953125 0.034722222222222224
0 0.35623258911667666 0.4217466461250378 0.01953125 0.034722222222222224
0 0.3532349871982114 0.4185492040786749 0.01953125 0.034722222222222224
0 0.35003754515184843 0.3581530765362644 0.01953125 0.034722222222222224
0 0.3860087681734312 0.364903231967475 0.01953125 0.034722222222222224
0 0.39580093444041764 0.38586424093807625 0.01953125 0.034722222222222224
0 0.3884068497082034 0.43027315824867224 0.01953125 0.034722222222222224
0 0.38201196561547757 0.42245718880200733 0.01953125 0.034722222222222224
0 0.370421238197412 0.42352300281746164 0.01953125 0.034722222222222224
0 0.36342683372099316 0.43382587163351993 0.01953125 0.034722222222222224
0 0.3682229967905375 0.4309837009256418 0.01953125 0.034722222222222224
0 0.3670239560231514 0.44128656974170005 0.01953125 0.034722222222222224
0 0.3816122853596822 0.4395102130492761 0.01953125 0.034722222222222224
0 0.3552333884771882 0.44874726784988017 0.01953125 0.034722222222222224
0 0.361628272569914 0.4416418410801848 0.01953125 0.034722222222222224
0 0.36642443563945837 0.44874726784988017 0.01953125 0.034722222222222224
0 0.36722379615104916 0.46544502075866423 0.01953125 0.034722222222222224
0 0.37681612229013783 0.4579843226504841 0.01953125 0.034722222222222224
0 0.37281931973218424 0.44768145383442587 0.01953125 0.034722222222222224
0 0.362227792953607 0.45727377997351465 0.01953125 0.034722222222222224
0 0.33704793683849915 0.4586948653274536 0.01953125 0.034722222222222224
0 0.34144441965224814 0.4576290513119993 0.01953125 0.034722222222222224
0 0.3288544915946942 0.445905097142002 0.01953125 0.034722222222222224
0 0.32425816865304746 0.42245718880200733 0.01953125 0.034722222222222224
0 0.3222597673740707 0.43382587163351993 0.01953125 0.034722222222222224
0 0.32605672980412664 0.4370233136798828 0.01953125 0.034722222222222224
0 0.33245161389685246 0.43347060029503515 0.01953125 0.034722222222222224
0 0.32785529095520577 0.46082649335836234 0.01953125 0.034722222222222224
0 0.3268560903157174 0.4675766487895728 0.01953125 0.034722222222222224
0 0.4197817497881395 0.4693530054819967 0.01953125 0.034722222222222224
0 0.40799118224217623 0.4576290513119993 0.01953125 0.034722222222222224
0 0.40179613827734806 0.4544316092656364 0.01953125 0.034722222222222224
0 0.39520141405672454 0.45336579525018217 0.01953125 0.034722222222222224
0 0.3946018936730315 0.4615370360353318 0.01953125 0.034722222222222224
0 0.38640844842922656 0.4615370360353318 0.01953125 0.034722222222222224
0 0.40499358032371097 0.4718399048513901 0.01953125 0.034722222222222224
0 0.3800135643365008 0.47006354815896617 0.01953125 0.034722222222222224
0 0.29887847241004184 0.42032556077109856 0.01953125 0.034722222222222224
0 0.30387447560748393 0.42103610344806813 0.01953125 0.034722222222222224
0 0.3090703189328237 0.42991788691018734 0.01953125 0.034722222222222224
0 0.29048518703833925 0.41712811872473565 0.01953125 0.034722222222222224
0 0.29847879215424655 0.4281415302177634 0.01953125 0.034722222222222224
0 0.30227575458430245 0.4348916856489741 0.01953125 0.034722222222222224
0 0.2876874252477717 0.4409312984032151 0.01953125 0.034722222222222224
0 0.2924835883173161 0.42885207289473304 0.01953125 0.034722222222222224
0 0.2854891838408972 0.43169424360261116 0.01953125 0.034722222222222224
0 0.2906850271662369 0.45691850863502975 0.01953125 0.034722222222222224
0 0.29847879215424655 0.4590501366659383 0.01953125 0.034722222222222224
0 0.29688007113106507 0.4459050971420019 0.01953125 0.034722222222222224
0 0.2976794316426558 0.43951021304927607 0.01953125 0.034722222222222224
0 0.3030751150958932 0.4608264933583621 0.01953125 0.034722222222222224
0 0.3082709584212329 0.4689977341435118 0.01953125 0.034722222222222224
0 0.3126674412349819 0.4629581213892707 0.01953125 0.034722222222222224
0 0.31186808072339123 0.442707655095639 0.01953125 0.034722222222222224
0 0.30887047880492596 0.4437734691110933 0.01953125 0.034722222222222224
0 0.331452413257364 0.47361626154381375 0.01953125 0.034722222222222224
0 0.3640263541046862 0.41925974675564426 0.01953125 0.034722222222222224
0 0.34923818464025774 0.4903140144525978 0.01953125 0.034722222222222224
0 0.3434428209312249 0.47787951760563097 0.01953125 0.034722222222222224
0 0.3628273133373001 0.4892482004371435 0.01953125 0.034722222222222224
0 0.36422619423258384 0.4796558742980548 0.01953125 0.034722222222222224
0 0.3438425011870203 0.5173146361774401 0.01953125 0.034722222222222224
0 0.331452413257364 0.4935114564989607 0.01953125 0.034722222222222224
0 0.3158648832813448 0.4938667278374455 0.01953125 0.034722222222222224
0 0.31486568264185644 0.50985393806926 0.01953125 0.034722222222222224
0 0.29188406793362304 0.4810769596519939 0.01953125 0.034722222222222224
0 0.28928614627095317 0.4679319201280575 0.01953125 0.034722222222222224
0 0.2800935003876598 0.44235238375715413 0.01953125 0.034722222222222224
0 0.28309110230612505 0.48001114563653957 0.01953125 0.034722222222222224
0 0.2734987761670363 0.48036641697502436 0.01953125 0.034722222222222224
0 0.2601094875978916 0.4999063405916866 0.01953125 0.034722222222222224
0 0.24592083851715618 0.49670889854532363 0.01953125 0.034722222222222224
0 0.28169222141084127 0.4981299838992628 0.01953125 0.034722222222222224
0 0.26530533092323133 0.5087881240538058 0.01953125 0.034722222222222224
0 0.2850895035851018 0.5265516909780442 0.01953125 0.034722222222222224
0 0.30367463547958623 0.5297491330244071 0.01953125 0.034722222222222224
0 0.29668023100316737 0.5059459533459276 0.01953125 0.034722222222222224
0 0.3080711182933352 0.5087881240538058 0.01953125 0.034722222222222224
0 0.3130671214907773 0.5290385903474375 0.01953125 0.034722222222222224
0 0.31766344443242395 0.5357887457786481 0.01953125 0.034722222222222224
0 0.32645641005992193 0.5201568068853183 0.01953125 0.034722222222222224
0 0.32645641005992193 0.5389861878250111 0.01953125 0.034722222222222224
0 0.34044521901275976 0.5293938616859223 0.01953125 0.034722222222222224
0 0.2541142837609612 0.5180251788544097 0.01953125 0.034722222222222224
0 0.25791124619101713 0.5333018464092548 0.01953125 0.034722222222222224
0 0.2571118856794264 0.5425389012098587 0.01953125 0.034722222222222224
0 0.36082891205832324 0.5240647916086507 0.01953125 0.034722222222222224
0 0.37042123819741196 0.5286833190089528 0.01953125 0.034722222222222224
0 0.36902235730212823 0.4984852552377475 0.01953125 0.034722222222222224
0 0.3746178808832633 0.49209037114502174 0.01953125 0.034722222222222224
0 0.3948017338009292 0.5034590539765342 0.01953125 0.034722222222222224
0 0.39819901597518975 0.48249804500593296 0.01953125 0.034722222222222224
0 0.3914044516266686 0.47681370359017666 0.01953125 0.034722222222222224
0 0.38620860830132886 0.4761031609132071 0.01953125 0.034722222222222224
0 0.35343482732610904 0.4597606793429077 0.01953125 0.034722222222222224
0 0.3460407425938948 0.4611817646968469 0.01953125 0.034722222222222224
0 0.34883850438446234 0.4704188194974508 0.01953125 0.034722222222222224
0 0.344641861698611 0.42139137478655286 0.01953125 0.034722222222222224
0 0.3486386642565647 0.41712811872473565 0.01953125 0.034722222222222224
0 0.32905433172259185 0.41925974675564426 0.01953125 0.034722222222222224
0 0.3846098872781474 0.5439599865637978 0.01953125 0.034722222222222224
0 0.39400237328933846 0.523709520270166 0.01953125 0.034722222222222224
0 0.38740764906871494 0.511630294761684 0.01953125 0.034722222222222224
0 0.3794140439528077 0.5524864986874322 0.01953125 0.034722222222222224
0 0.38301116625496595 0.5595919254571275 0.01953125 0.034722222222222224
0 0.4009967777657573 0.5560392120722799 0.01953125 0.034722222222222224
0 0.39420221341723616 0.5439599865637978 0.01953125 0.034722222222222224
0 0.4077913421142785 0.5634999101804601 0.01953125 0.034722222222222224
0 0.392403652266157 0.5738027789965182 0.01953125 0.034722222222222224
0 0.3756170815227517 0.5649209955343991 0.01953125 0.034722222222222224
0 0.371020758581105 0.5613682821495514 0.01953125 0.034722222222222224
0 0.36382651397678845 0.57096060828864 0.01953125 0.034722222222222224
0 0.36762347640684445 0.5617235534880362 0.01953125 0.034722222222222224
0 0.3632269935930954 0.5517759560104627 0.01953125 0.034722222222222224
0 0.3580311502677557 0.5372098311325871 0.01953125 0.034722222222222224
0 0.34843882412866695 0.5457363432562216 0.01953125 0.034722222222222224
0 0.3360487361990107 0.5560392120722799 0.01953125 0.034722222222222224
0 0.3498377050239508 0.5638551815189448 0.01953125 0.034722222222222224
0 0.3422437801638389 0.5674078949037925 0.01953125 0.034722222222222224
0 0.3364484164548061 0.5684737089192468 0.01953125 0.034722222222222224
0 0.3342501750479316 0.5809082057662135 0.01953125 0.034722222222222224
0 0.34184409990804343 0.5812634771046984 0.01953125 0.034722222222222224
0 0.3384468177337829 0.581974019781668 0.01953125 0.034722222222222224
0 0.3466402629775878 0.5826845624586374 0.01953125 0.034722222222222224
0 0.3412445795243504 0.589434717889848 0.01953125 0.034722222222222224
0 0.3424436202917365 0.6032903000907539 0.01953125 0.034722222222222224
0 0.33524937568741997 0.6050666567831778 0.01953125 0.034722222222222224
0 0.3514364260471322 0.6025797574137844 0.01953125 0.034722222222222224
0 0.35323498719821134 0.5876583611974242 0.01953125 0.034722222222222224
0 0.36082891205832324 0.5858820045050004 0.01953125 0.034722222222222224
0 0.38181212548757987 0.588013632535909 0.01953125 0.034722222222222224
0 0.3866082885571242 0.5823292911201527 0.01953125 0.034722222222222224
0 0.3956010943125199 0.5855267331665156 0.01953125 0.034722222222222224
0 0.392403652266157 0.5961848733210586 0.01953125 0.034722222222222224
0 0.40199597840524576 0.600092858044391 0.01953125 0.034722222222222224
0 0.4065923013468924 0.600092858044391 0.01953125 0.034722222222222224
0 0.40479374019581327 0.5862372758434851 0.01953125 0.034722222222222224
0 0.3730191598600819 0.606487742137117 0.01953125 0.034722222222222224
0 0.3652253948720723 0.5993823153674215 0.01953125 0.034722222222222224
0 0.36762347640684445 0.5890794465513634 0.01953125 0.034722222222222224
0 0.3658249152557653 0.5784213063968202 0.01953125 0.034722222222222224
0 0.32865465146679645 0.5841056478125766 0.01953125 0.034722222222222224
0 0.3284548113388988 0.5745133216734879 0.01953125 0.034722222222222224
0 0.3292541718504895 0.5638551815189448 0.01953125 0.034722222222222224
0 0.33025337248997794 0.549644327979554 0.01953125 0.034722222222222224
0 0.3178632845603217 0.5475126999486455 0.01953125 0.034722222222222224
0 0.3166642437929356 0.5571050260877342 0.01953125 0.034722222222222224
0 0.3166642437929356 0.5627893675034905 0.01953125 0.034722222222222224
0 0.31846280494401474 0.5677631662422772 0.01953125 0.034722222222222224
0 0.32006152596719617 0.5759344070274268 0.01953125 0.034722222222222224
0 0.3174636043045263 0.5890794465513634 0.01953125 0.034722222222222224
0 0.3032749552237909 0.588013632535909 0.01953125 0.034722222222222224
0 0.30147639407271176 0.5539075840413713 0.01953125 0.034722222222222224
0 0.2958808704915767 0.5794871204122746 0.01953125 0.034722222222222224
0 0.2958808704915767 0.5972506873365129 0.01953125 0.034722222222222224
0 0.3008768736890187 0.604711385444693 0.01953125 0.034722222222222224
0 0.2850895035851018 0.5908558032437872 0.01953125 0.034722222222222224
0 0.2726994156554456 0.5752238643504574 0.01953125 0.034722222222222224
0 0.27869461949237606 0.5748685930119726 0.01953125 0.034722222222222224
0 0.27649637808550154 0.5642104528574294 0.01953125 0.034722222222222224
0 0.27469781693442236 0.5560392120722799 0.01953125 0.034722222222222224
0 0.2711006946322641 0.5499995993180389 0.01953125 0.034722222222222224
0 0.2820919016666366 0.554262855379856 0.01953125 0.034722222222222224
0 0.2772957385970922 0.5354334744401634 0.01953125 0.034722222222222224
0 0.26290724938845916 0.5261964196395593 0.01953125 0.034722222222222224
0 0.243522756982384 0.5162488221619859 0.01953125 0.034722222222222224
0 0.2359288321222721 0.5105644807462295 0.01953125 0.034722222222222224
0 0.2379272334012489 0.5311702183783462 0.01953125 0.034722222222222224
0 0.23732771301755587 0.5411178158559197 0.01953125 0.034722222222222224
0 0.23413027097119296 0.5482232426256151 0.01953125 0.034722222222222224
0 0.24452195762187243 0.5510654133334931 0.01953125 0.034722222222222224
0 0.25471380414465417 0.5499995993180389 0.01953125 0.034722222222222224
0 0.25151636209829126 0.5578155687647037 0.01953125 0.034722222222222224
0 0.24172419583130486 0.5734475076580335 0.01953125 0.034722222222222224
0 0.2425235563428956 0.5627893675034905 0.01953125 0.034722222222222224
0 0.26070900798158464 0.578776577735305 0.01953125 0.034722222222222224
0 0.24791923979613298 0.5858820045050004 0.01953125 0.034722222222222224
0 0.24851876017982602 0.5940532452901501 0.01953125 0.034722222222222224
0 0.26270740926056146 0.5912110745822718 0.01953125 0.034722222222222224
0 0.26730373220220816 0.6008034007213606 0.01953125 0.034722222222222224
0 0.2623077290047661 0.5979612300134824 0.01953125 0.034722222222222224
0 0.2477193996682353 0.6107509981989341 0.01953125 0.034722222222222224
0 0.234729791354886 0.6118168122143884 0.01953125 0.034722222222222224
0 0.2395259544244304 0.6068430134756017 0.01953125 0.034722222222222224
0 0.230333308541137 0.5947637879671196 0.01953125 0.034722222222222224
0 0.2315323493085231 0.5610130108110666 0.01953125 0.034722222222222224
0 0.22773538687846714 0.5535523127028864 0.01953125 0.034722222222222224
0 0.23013346841323928 0.581974019781668 0.01953125 0.034722222222222224
0 0.2247377849600019 0.5936979739516652 0.01953125 0.034722222222222224
0 0.21574497920460622 0.5830398337971222 0.01953125 0.034722222222222224
0 0.21574497920460622 0.5528417700259171 0.01953125 0.034722222222222224
0 0.2007569696122801 0.5180251788544097 0.01953125 0.034722222222222224
0 0.2137465779256294 0.5219331635777421 0.01953125 0.034722222222222224
0 0.2093500951118804 0.5389861878250111 0.01953125 0.034722222222222224
0 0.191364483601089 0.5780660350583355 0.01953125 0.034722222222222224
0 0.20195601037966618 0.58659254718197 0.01953125 0.034722222222222224
0 0.208350894472392 0.5897899892283329 0.01953125 0.034722222222222224
0 0.18616864027574928 0.5652762668728838 0.01953125 0.034722222222222224
0 0.18716784091523772 0.5805529344277288 0.01953125 0.034722222222222224
0 0.18856672181052148 0.6068430134756017 0.01953125 0.034722222222222224
0 0.1915643237289867 0.6132378975683275 0.01953125 0.034722222222222224
0 0.1985587282054056 0.6071982848140863 0.01953125 0.034722222222222224
0 0.2071518537050059 0.6107509981989341 0.01953125 0.034722222222222224
0 0.004613884080705343 0.9027840384334138 0.01953125 0.034722222222222224
0 0.001616282162240136 0.8352824841213079 0.01953125 0.034722222222222224
0 0.010009567533942772 0.8381246548291861 0.01953125 0.034722222222222224
0 0.004813724208603042 0.8008211642882854 0.01953125 0.034722222222222224
0 0.010409247789738136 0.8089924050734352 0.01953125 0.034722222222222224
0 0.0036146834412169545 0.737227594699512 0.01953125 0.034722222222222224
0 0.001016761778547089 0.7176876710828498 0.01953125 0.034722222222222224
0 0.0020159624180354986 0.7766627132713212 0.01953125 0.034722222222222224
0 0.039386066334902006 0.8139662038122218 0.01953125 0.034722222222222224
0 0.04757951157870697 0.8189400025510086 0.01953125 0.034722222222222224
0 0.041584307741776516 0.848782794983729 0.01953125 0.034722222222222224
0 0.04737967145080928 0.8875073708785687 0.01953125 0.034722222222222224
0 0.040185426846492726 0.8807572154473582 0.01953125 0.034722222222222224
0 0.056172637078307275 0.8409668255370641 0.01953125 0.034722222222222224
0 0.06216784091523774 0.8683227186003913 0.01953125 0.034722222222222224
0 0.07235968743801952 0.8985207823715966 0.01953125 0.034722222222222224
0 0.06076896001995396 0.8921258982788708 0.01953125 0.034722222222222224
0 0.07855473140284767 0.8494933376606987 0.01953125 0.034722222222222224
0 0.062367681043135434 0.8445195389219119 0.01953125 0.034722222222222224
0 0.056772157462000324 0.8271112433361583 0.01953125 0.034722222222222224
0 0.058370878485181785 0.8100582190888894 0.01953125 0.034722222222222224
0 0.05317503515984205 0.7766627132713212 0.01953125 0.034722222222222224
0 0.06356672181052153 0.8033080636576789 0.01953125 0.034722222222222224
0 0.06576496321739603 0.7635176737473848 0.01953125 0.034722222222222224
0 0.056772157462000324 0.7549911616237504 0.01953125 0.034722222222222224
0 0.051176633880865234 0.7539253476082961 0.01953125 0.034722222222222224
0 0.03039326057950633 0.691397592034977 0.01953125 0.034722222222222224
0 0.044382069532344054 0.7414908507613291 0.01953125 0.034722222222222224
0 0.0405851071022881 0.729766896591332 0.01953125 0.034722222222222224
0 0.06656432372898674 0.7272799972219386 0.01953125 0.034722222222222224
0 0.06616464347319138 0.6967266621122485 0.01953125 0.034722222222222224
0 0.07935409191443839 0.7031215462049744 0.01953125 0.034722222222222224
0 0.10033730534369496 0.7247930978525452 0.01953125 0.034722222222222224
0 0.10033730534369496 0.7386486800534511 0.01953125 0.034722222222222224
0 0.09554114227415061 0.7585438750085981 0.01953125 0.034722222222222224
0 0.07515744922858708 0.7930051948416206 0.01953125 0.034722222222222224
0 0.07515744922858708 0.8214269019204019 0.01953125 0.034722222222222224
0 0.08055313268182447 0.8068607770425265 0.01953125 0.034722222222222224
0 0.09114465946040162 0.8150320178276762 0.01953125 0.034722222222222224
0 0.09334290086727612 0.8413220968755489 0.01953125 0.034722222222222224
0 0.10273538687846716 0.8470064382913053 0.01953125 0.034722222222222224
0 0.1203213181334632 0.862638377184635 0.01953125 0.034722222222222224
0 0.1309128449120403 0.8821783008012971 0.01953125 0.034722222222222224
0 0.1333109264468125 0.8413220968755489 0.01953125 0.034722222222222224
0 0.1365083684931754 0.8605067491537264 0.01953125 0.034722222222222224
0 0.1476994156554456 0.8438089962449423 0.01953125 0.034722222222222224
0 0.1608888640966926 0.8804019441088734 0.01953125 0.034722222222222224
0 0.17128055074737203 0.8843099288322058 0.01953125 0.034722222222222224
0 0.16828294882890682 0.8640594625385742 0.01953125 0.034722222222222224
0 0.17008150997998595 0.8271112433361583 0.01953125 0.034722222222222224
0 0.1762765539448141 0.9045603951258376 0.01953125 0.034722222222222224
0 0.20865065466423852 0.8924811696173555 0.01953125 0.034722222222222224
0 0.19885848839725218 0.8818230294628125 0.01953125 0.034722222222222224
0 0.19326296481611702 0.8693885326158457 0.01953125 0.034722222222222224
0 0.19006552276975414 0.8494933376606987 0.01953125 0.034722222222222224
0 0.21564505914065743 0.8526907797070615 0.01953125 0.034722222222222224
0 0.1972597673740707 0.8416773682140337 0.01953125 0.034722222222222224
0 0.20025736929253593 0.8164531031816152 0.01953125 0.034722222222222224
0 0.2070519336410571 0.8221374445973715 0.01953125 0.034722222222222224
0 0.214645858501169 0.806150234365557 0.01953125 0.034722222222222224
0 0.20845081453634084 0.8047291490116179 0.01953125 0.034722222222222224
0 0.21304713747798756 0.7812812406716232 0.01953125 0.034722222222222224
0 0.17887447560748396 0.7784390699637451 0.01953125 0.034722222222222224
0 0.18127255714225615 0.7635176737473848 0.01953125 0.034722222222222224
0 0.2074516138968525 0.7695572865016259 0.01953125 0.034722222222222224
0 0.19326296481611702 0.7965579082264682 0.01953125 0.034722222222222224
0 0.18127255714225615 0.8175189171970696 0.01953125 0.034722222222222224
0 0.17787527496799554 0.827466514674643 0.01953125 0.034722222222222224
0 0.15769142205032968 0.8089924050734352 0.01953125 0.034722222222222224
0 0.14270341245800353 0.8207163592434326 0.01953125 0.034722222222222224
0 0.14829893603913866 0.8150320178276762 0.01953125 0.034722222222222224
0 0.12112067864505391 0.8146767464891913 0.01953125 0.034722222222222224
0 0.12771540286567742 0.8065055057040418 0.01953125 0.034722222222222224
0 0.11252755314545357 0.7930051948416206 0.01953125 0.034722222222222224
0 0.12631652197039364 0.7805706979946536 0.01953125 0.034722222222222224
0 0.14590085450436646 0.7994000789343464 0.01953125 0.034722222222222224
0 0.14749957552754792 0.7805706979946536 0.01953125 0.034722222222222224
0 0.15049717744601315 0.7606755030395066 0.01953125 0.034722222222222224
0 0.15809110230612503 0.7588991463470829 0.01953125 0.034722222222222224
0 0.16348678575936246 0.7461093781616311 0.01953125 0.034722222222222224
0 0.1608888640966926 0.7287010825758775 0.01953125 0.034722222222222224
0 0.17687607432850716 0.7379381373764816 0.01953125 0.034722222222222224
0 0.18586888008390282 0.7414908507613291 0.01953125 0.034722222222222224
0 0.19206392404873093 0.7482410061925397 0.01953125 0.034722222222222224
0 0.20325497121100117 0.7311879819452709 0.01953125 0.034722222222222224
0 0.2212405827217925 0.7517937195773875 0.01953125 0.034722222222222224
0 0.21544521901275976 0.7368723233610273 0.01953125 0.034722222222222224
0 0.20905033492003391 0.7102269729746697 0.01953125 0.034722222222222224
0 0.20205593044361506 0.7162665857289108 0.01953125 0.034722222222222224
0 0.19386248519981006 0.7144902290364868 0.01953125 0.034722222222222224
0 0.21284729735008984 0.6921081347119465 0.01953125 0.034722222222222224
0 0.19346280494401474 0.6967266621122485 0.01953125 0.034722222222222224
0 0.20145641005992201 0.6917528633734618 0.01953125 0.034722222222222224
0 0.18486967944441443 0.7041873602204286 0.01953125 0.034722222222222224
0 0.17687607432850716 0.7070295309283067 0.01953125 0.034722222222222224
0 0.17227975138686047 0.6867790646346751 0.01953125 0.034722222222222224
0 0.16468582652674854 0.6906870493580075 0.01953125 0.034722222222222224
0 0.1508968577018085 0.7056084455743677 0.01953125 0.034722222222222224
0 0.15829094243402272 0.7024110035280048 0.01953125 0.034722222222222224
0 0.15689206153873897 0.6906870493580075 0.01953125 0.034722222222222224
0 0.14530133412067342 0.706674259589822 0.01953125 0.034722222222222224
0 0.12791524299357507 0.6921081347119465 0.01953125 0.034722222222222224
0 0.13051316465624496 0.7098717016361848 0.01953125 0.034722222222222224
0 0.12451796081931449 0.7095164302977001 0.01953125 0.034722222222222224
0 0.14290325258590122 0.7333196099761795 0.01953125 0.034722222222222224
0 0.1387066099000499 0.7379381373764816 0.01953125 0.034722222222222224
0 0.12791524299357507 0.7414908507613291 0.01953125 0.034722222222222224
0 0.12791524299357507 0.7532148049313265 0.01953125 0.034722222222222224
0 0.1177233964707933 0.7631624024089001 0.01953125 0.034722222222222224
0 0.1708808704915767 0.7258589118679994 0.01953125 0.034722222222222224
0 0.16628454754993 0.7123586010055782 0.01953125 0.034722222222222224
0 0.18087287688646078 0.721950927144667 0.01953125 0.034722222222222224
0 0.08435009511188042 0.6871343359731598 0.01953125 0.034722222222222224
0 0.08275137408869897 0.9027840384334138 0.01953125 0.034722222222222224
0 0.15869062268981807 0.7745310852404126 0.01953125 0.034722222222222224
0 0.15849078256192042 0.7901630241337424 0.01953125 0.034722222222222224
0 0.15749158192243198 0.7834128687025318 0.01953125 0.034722222222222224
0 0.22104074259389483 0.859796206476757 0.01953125 0.034722222222222224
0 0.03788726537566936 0.5885465395436366 0.01953125 0.034722222222222224
0 0.03349078256192037 0.6496532097630165 0.01953125 0.034722222222222224
0 0.02909429974817135 0.6453899537011993 0.01953125 0.034722222222222224
0 0.06746360430452626 0.6233631307151437 0.01953125 0.034722222222222224
0 0.07825497121100111 0.6262053014230218 0.01953125 0.034722222222222224
0 0.0714604068624799 0.6183893319763569 0.01953125 0.034722222222222224
0 0.06266744123498191 0.5920992529284841 0.01953125 0.034722222222222224
0 0.06786328456032165 0.5594142897878855 0.01953125 0.034722222222222224
0 0.08305113428054546 0.5906781675745452 0.01953125 0.034722222222222224
0 0.09344282093122491 0.5871254541896973 0.01953125 0.034722222222222224
0 0.1002373852797461 0.5793094847430325 0.01953125 0.034722222222222224
0 0.09344282093122491 0.5686513445884895 0.01953125 0.034722222222222224
0 0.08784729735008984 0.5778883993890935 0.01953125 0.034722222222222224
0 0.1390063700918964 0.5167817291697134 0.01953125 0.034722222222222224
0 0.12182011909269576 0.5054130463382008 0.01953125 0.034722222222222224
0 0.13381052676655666 0.5501772349872814 0.01953125 0.034722222222222224
0 0.14420221341723613 0.5388085521557691 0.01953125 0.034722222222222224
0 0.16178814467223215 0.5359663814478909 0.01953125 0.034722222222222224
0 0.1745779128576838 0.5260187839703173 0.01953125 0.034722222222222224
0 0.1410047713708732 0.5515983203412207 0.01953125 0.034722222222222224
0 0.15939006313745996 0.577177856712124 0.01953125 0.034722222222222224
0 0.1753772733692745 0.5764673140351544 0.01953125 0.034722222222222224
0 0.17217983132291162 0.6176787892993875 0.01953125 0.034722222222222224
0 0.14620061469621293 0.6063101064678749 0.01953125 0.034722222222222224
0 0.13940605034769174 0.6070206491448444 0.01953125 0.034722222222222224
0 0.13381052676655666 0.6112839052066616 0.01953125 0.034722222222222224
0 0.11102875218622094 0.5935203382824232 0.01953125 0.034722222222222224
0 0.11582491525576528 0.5963625089903014 0.01953125 0.034722222222222224
0 0.11782331653474212 0.6254947587460523 0.01953125 0.034722222222222224
0 0.10103674579133684 0.6326001855157477 0.01953125 0.034722222222222224
0 0.09943802476815539 0.6176787892993875 0.01953125 0.034722222222222224
0 0.08385049479213619 0.6084417344987835 0.01953125 0.034722222222222224
0 0.08065305274577327 0.6127049905606007 0.01953125 0.034722222222222224
0 0.07425816865304748 0.6127049905606007 0.01953125 0.034722222222222224
0 0.0938425011870203 0.6489426670860471 0.01953125 0.034722222222222224
0 0.09064505914065737 0.6723905754260416 0.01953125 0.034722222222222224
0 0.0826514540247501 0.6688378620411941 0.01953125 0.034722222222222224
0 0.07585688967622892 0.6432583256702907 0.01953125 0.034722222222222224
0 0.09104473939645273 0.6304685574848391 0.01953125 0.034722222222222224
0 0.09783930374497393 0.6041784784369663 0.01953125 0.034722222222222224
0 0.040784947230185775 0.6103957268604496 0.01953125 0.034722222222222224
0 0.13371060670260787 0.6611995282637715 0.01953125 0.034722222222222224
0 0.1365083684931754 0.6839368939267967 0.01953125 0.034722222222222224
0 0.11292723340124892 0.6661733270025583 0.01953125 0.034722222222222224
0 0.13131252516783568 0.6398832479546854 0.01953125 0.034722222222222224
0 0.13810708951635686 0.6324225498465053 0.01953125 0.034722222222222224
0 0.14510149399277572 0.6761209244801317 0.01953125 0.034722222222222224
0 0.16128854435248796 0.6494755740937741 0.01953125 0.034722222222222224
0 0.17427815266583727 0.642014875985594 0.01953125 0.034722222222222224
0 0.16328694563146476 0.6345541778774139 0.01953125 0.034722222222222224
0 0.18007351637487004 0.6349094492158988 0.01953125 0.034722222222222224
0 0.1684827889568045 0.6338436352004444 0.01953125 0.034722222222222224
0 0.15829094243402272 0.6178564249686298 0.01953125 0.034722222222222224
0 0.15849078256192042 0.635975263231353 0.01953125 0.034722222222222224
0 0.09494162189045757 0.6729234824337688 0.01953125 0.034722222222222224
0 0.056172637078307275 0.6906870493580073 0.01953125 0.034722222222222224
0 0.06276736129893079 0.6125273548913583 0.01953125 0.034722222222222224
0 0.006612285359682182 0.6828710799113424 0.01953125 0.034722222222222224
0 0.18526935970020977 0.677186738495586 0.01953125 0.034722222222222224
0 0.17427815266583727 0.6604889855868019 0.01953125 0.034722222222222224
0 0.15889046281771577 0.6686602263719517 0.01953125 0.034722222222222224
0 0.16968182972419057 0.6750551104646774 0.01953125 0.034722222222222224
0 0.19346280494401474 0.6409490619701397 0.01953125 0.034722222222222224
0 0.21704394003594119 0.6061324707986324 0.01953125 0.034722222222222224
0 0.21824298080332727 0.6292251078001424 0.01953125 0.034722222222222224
0 0.21164825658270375 0.6334883638619595 0.01953125 0.034722222222222224
0 0.20885049479213624 0.6448570466934722 0.01953125 0.034722222222222224
0 0.19626056673458225 0.6533835588171065 0.01953125 0.034722222222222224
0 0.21724378016383883 0.6611995282637715 0.01953125 0.034722222222222224
0 0.21944202157071335 0.6928186773889159 0.01953125 0.034722222222222224
0 0.22104074259389483 0.6565810008634695 0.01953125 0.034722222222222224
0 0.23133250918062542 0.6386397982699887 0.01953125 0.034722222222222224
0 0.22253954355312744 0.625850030084537 0.01953125 0.034722222222222224
0 0.22453794483210424 0.6095075485142377 0.01953125 0.034722222222222224
0 0.25291524299357504 0.6386397982699887 0.01953125 0.034722222222222224
0 0.2629072493884592 0.6436135970087754 0.01953125 0.034722222222222224
0 0.24012547480812346 0.6663509626718005 0.01953125 0.034722222222222224
0 0.2425235563428956 0.6492979384245318 0.01953125 0.034722222222222224
0 0.24731971941244 0.6407714263008972 0.01953125 0.034722222222222224
0 0.04348278895680445 0.6400608836239277 0.01953125 0.034722222222222224
0 0.2317321894364208 0.6848250722730085 0.01953125 0.034722222222222224
0 0.22453794483210424 0.6798512735342217 0.01953125 0.034722222222222224
0 0.2345299512269883 0.6983253831354296 0.01953125 0.034722222222222224
0 0.23133250918062542 0.7231943768293634 0.01953125 0.034722222222222224
0 0.26730373220220816 0.6301132861463542 0.01953125 0.034722222222222224
0 0.27409829655072937 0.625850030084537 0.01953125 0.034722222222222224
0 0.2744979768065247 0.6180340606378721 0.01953125 0.034722222222222224
0 0.2812925411550459 0.6357976275621104 0.01953125 0.034722222222222224
0 0.2832909424340227 0.6251394874075674 0.01953125 0.034722222222222224
0 0.2920839080615207 0.6301132861463542 0.01953125 0.034722222222222224
0 0.29408230934049756 0.6116391765451463 0.01953125 0.034722222222222224
0 0.2996778329216327 0.6173235179609026 0.01953125 0.034722222222222224
0 0.29927815266583724 0.6286922007924152 0.01953125 0.034722222222222224
0 0.3052733565027677 0.6308238288233237 0.01953125 0.034722222222222224
0 0.29648039087526973 0.6514295664554404 0.01953125 0.034722222222222224
0 0.29408230934049756 0.6450346823627144 0.01953125 0.034722222222222224
0 0.30207591445640486 0.6492979384245318 0.01953125 0.034722222222222224
0 0.28648838448038566 0.6642193346408919 0.01953125 0.034722222222222224
0 0.2880871055035671 0.6464557677166536 0.01953125 0.034722222222222224
0 0.2744979768065247 0.6507190237784708 0.01953125 0.034722222222222224
0 0.2653053309232314 0.6585349932251356 0.01953125 0.034722222222222224
0 0.2689024532253896 0.6677720480257396 0.01953125 0.034722222222222224
0 0.2629072493884592 0.6770091028263435 0.01953125 0.034722222222222224
0 0.2461206786450539 0.6926410417196734 0.01953125 0.034722222222222224
0 0.25571300478414266 0.6777196455033132 0.01953125 0.034722222222222224
0 0.24891844043562142 0.7118256939978509 0.01953125 0.034722222222222224
0 0.2505171614588028 0.7395368583996627 0.01953125 0.034722222222222224
0 0.26610469143482207 0.7217732914754244 0.01953125 0.034722222222222224
0 0.26250756913266377 0.7040097245511859 0.01953125 0.034722222222222224
0 0.2736986162949339 0.6883777856578562 0.01953125 0.034722222222222224
0 0.2784947793644783 0.6940621270736124 0.01953125 0.034722222222222224
0 0.2852893437129995 0.6990359258123992 0.01953125 0.034722222222222224
0 0.2948816698520883 0.6926410417196734 0.01953125 0.034722222222222224
0 0.29248358831731613 0.676298560149374 0.01953125 0.034722222222222224
0 0.2792941398760691 0.7473528278463276 0.01953125 0.034722222222222224
0 0.27489765706232006 0.7125362366748204 0.01953125 0.034722222222222224
0 0.2976794316426558 0.7310103462760282 0.01953125 0.034722222222222224
0 0.24692003915664465 0.7573004253239011 0.01953125 0.034722222222222224
0 0.24012547480812346 0.7892748457875302 0.01953125 0.034722222222222224
0 0.2325315499480115 0.7871432177566215 0.01953125 0.034722222222222224
0 0.2373277130175559 0.7665374801245052 0.01953125 0.034722222222222224
0 0.2273357066226718 0.745221199815419 0.01953125 0.034722222222222224
0 0.2681030927137989 0.7764850776020785 0.01953125 0.034722222222222224
0 0.26850277296959424 0.7594320533548097 0.01953125 0.034722222222222224
0 0.2872877449919763 0.7679585654784441 0.01953125 0.034722222222222224
0 0.2860887042245903 0.7985119005881341 0.01953125 0.034722222222222224
0 0.26610469143482207 0.8077489553887383 0.01953125 0.034722222222222224
0 0.25691204555152874 0.826223064989946 0.01953125 0.034722222222222224
0 0.26450597041164065 0.8269336076669157 0.01953125 0.034722222222222224
0 0.23892643404073735 0.8198281808972202 0.01953125 0.034722222222222224
0 0.24452195762187248 0.8105911260966163 0.01953125 0.034722222222222224
0 0.2449216378776678 0.8518026013608494 0.01953125 0.034722222222222224
0 0.2593101270863009 0.846118259945093 0.01953125 0.034722222222222224
0 0.26370660990004985 0.863171284192362 0.01953125 0.034722222222222224
0 0.2373277130175559 0.864592369546301 0.01953125 0.034722222222222224
0 0.2373277130175559 0.8788032230856919 0.01953125 0.034722222222222224
0 0.2301334684132393 0.8866191925323567 0.01953125 0.034722222222222224
0 0.22253954355312744 0.8788032230856919 0.01953125 0.034722222222222224
0 0.20974977536767578 0.8695661682850877 0.01953125 0.034722222222222224
0 0.29128454754993 0.8660134549002402 0.01953125 0.034722222222222224
0 0.29727975138686047 0.8510920586838799 0.01953125 0.034722222222222224
0 0.28089286089925053 0.8333284917596414 0.01953125 0.034722222222222224
0 0.27209989527175255 0.8297757783747938 0.01953125 0.034722222222222224
0 0.3008768736890188 0.8276441503438852 0.01953125 0.034722222222222224
0 0.29648039087526973 0.8070384127117686 0.01953125 0.034722222222222224
0 0.3076714380375399 0.7828799616948043 0.01953125 0.034722222222222224
0 0.30487367624697237 0.7679585654784441 0.01953125 0.034722222222222224
0 0.29727975138686047 0.7608531387087488 0.01953125 0.034722222222222224
0 0.30327495522379094 0.7523266265851143 0.01953125 0.034722222222222224
0 0.3168640839208333 0.7580109680008706 0.01953125 0.034722222222222224
0 0.3216602469903777 0.7395368583996627 0.01953125 0.034722222222222224
0 0.330852892873671 0.7402474010766322 0.01953125 0.034722222222222224
0 0.33564905594321537 0.7558793399699621 0.01953125 0.034722222222222224
0 0.33644841645480617 0.7807483336638957 0.01953125 0.034722222222222224
0 0.3228592877577638 0.7715112788632918 0.01953125 0.034722222222222224
0 0.3168640839208333 0.824801979636007 0.01953125 0.034722222222222224
0 0.3244580087809452 0.8226703516050984 0.01953125 0.034722222222222224
0 0.3076714380375399 0.8212492662511593 0.01953125 0.034722222222222224
0 0.30966983931651676 0.8489604306529713 0.01953125 0.034722222222222224
0 0.3080711182933352 0.8681450829311488 0.01953125 0.034722222222222224
0 0.29688007113106507 0.8837770218244786 0.01953125 0.034722222222222224
0 0.3316522533852618 0.8887508205632653 0.01953125 0.034722222222222224
0 0.3188624851998101 0.8780926804087222 0.01953125 0.034722222222222224
0 0.31566504315344723 0.89656679000993 0.01953125 0.034722222222222224
0 0.32805513108310347 0.8695661682850877 0.01953125 0.034722222222222224
0 0.33964585850116896 0.8667239975772096 0.01953125 0.034722222222222224
0 0.3436426610591226 0.8475393452990322 0.01953125 0.034722222222222224
0 0.3548337082213929 0.8688556256081182 0.01953125 0.034722222222222224
0 0.33964585850116896 0.8340390344366111 0.01953125 0.034722222222222224
0 0.33964585850116896 0.8077489553887383 0.01953125 0.034722222222222224
0 0.3208608864787869 0.7956697298802561 0.01953125 0.034722222222222224
0 0.3584308305235512 0.8020646139729819 0.01953125 0.034722222222222224
0 0.36722379615104916 0.823380894282068 0.01953125 0.034722222222222224
0 0.361628272569914 0.8219598089281288 0.01953125 0.034722222222222224
0 0.3556330687329835 0.8454077172681235 0.01953125 0.034722222222222224
0 0.36642443563945837 0.846118259945093 0.01953125 0.034722222222222224
0 0.36842283691843525 0.8596185708075144 0.01953125 0.034722222222222224
0 0.3488385043844624 0.8468288026220627 0.01953125 0.034722222222222224
0 0.3796138840807054 0.8702767109620574 0.01953125 0.034722222222222224
0 0.3796138840807054 0.8930140766250825 0.01953125 0.034722222222222224
0 0.35123658591923457 0.89656679000993 0.01953125 0.034722222222222224
0 0.3860087681734312 0.8560658574226666 0.01953125 0.034722222222222224
0 0.3892062102197941 0.846118259945093 0.01953125 0.034722222222222224
0 0.3812126051038868 0.8418550038832759 0.01953125 0.034722222222222224
0 0.3804132445922961 0.824801979636007 0.01953125 0.034722222222222224
0 0.37921420382491006 0.8006435286190429 0.01953125 0.034722222222222224
0 0.3716202789647981 0.8056173273578296 0.01953125 0.034722222222222224
0 0.37241963947638884 0.7708007361863224 0.01953125 0.034722222222222224
0 0.3620279528257093 0.7594320533548097 0.01953125 0.034722222222222224
0 0.34843882412866695 0.7494844558772362 0.01953125 0.034722222222222224
0 0.3604292318025279 0.7416684864305713 0.01953125 0.034722222222222224
0 0.37881452356911466 0.737405230368754 0.01953125 0.034722222222222224
0 0.3979991758472921 0.7430895717845104 0.01953125 0.034722222222222224
0 0.399997577126269 0.7686691081554138 0.01953125 0.034722222222222224
0 0.3975994955914968 0.7864326750796521 0.01953125 0.034722222222222224
0 0.40119661789365507 0.824801979636007 0.01953125 0.034722222222222224
0 0.3940023732893385 0.824801979636007 0.01953125 0.034722222222222224
0 0.40998958352115306 0.8077489553887383 0.01953125 0.034722222222222224
0 0.4315723173341027 0.792827559172378 0.01953125 0.034722222222222224
0 0.4343700791246703 0.7779061629560177 0.01953125 0.034722222222222224
0 0.4283748752877398 0.7580109680008706 0.01953125 0.034722222222222224
0 0.41838286889285575 0.8056173273578296 0.01953125 0.034722222222222224
0 0.42158031093921855 0.8176965528663116 0.01953125 0.034722222222222224
0 0.4259767937529676 0.8347495771135806 0.01953125 0.034722222222222224
0 0.4347697593804656 0.8375917478214586 0.01953125 0.034722222222222224
0 0.44436208551955436 0.8311968637287328 0.01953125 0.034722222222222224
0 0.4227793517066047 0.8589080281305447 0.01953125 0.034722222222222224
0 0.40799118224217623 0.8624607415153924 0.01953125 0.034722222222222224
0 0.4047937401958134 0.8518026013608494 0.01953125 0.034722222222222224
0 0.4163844676138789 0.8432760892372149 0.01953125 0.034722222222222224
0 0.42158031093921855 0.7324314316299674 0.01953125 0.034722222222222224
0 0.4035946994284273 0.7274576328911807 0.01953125 0.034722222222222224
0 0.3860087681734312 0.7267470902142111 0.01953125 0.034722222222222224
0 0.3736186802437749 0.7246154621833025 0.01953125 0.034722222222222224
0 0.37921420382491006 0.7196416634445157 0.01953125 0.034722222222222224
0 0.36762347640684445 0.7146678647057291 0.01953125 0.034722222222222224
0 0.3620279528257093 0.7267470902142111 0.01953125 0.034722222222222224
0 0.3564324292445743 0.7231943768293634 0.01953125 0.034722222222222224
0 0.3536346674540068 0.7317208889529979 0.01953125 0.034722222222222224
0 0.33804713747798754 0.7196416634445157 0.01953125 0.034722222222222224
0 0.33285129415264786 0.7302998035990588 0.01953125 0.034722222222222224
0 0.31766344443242395 0.6997464684893687 0.01953125 0.034722222222222224
0 0.3244580087809452 0.6897988710117952 0.01953125 0.034722222222222224
0 0.34164425978014584 0.6876672429808867 0.01953125 0.034722222222222224
0 0.300077513177428 0.6905094136887648 0.01953125 0.034722222222222224
0 0.3012765539448141 0.6748774747954349 0.01953125 0.034722222222222224
0 0.31366664187447035 0.6642193346408919 0.01953125 0.034722222222222224
0 0.3284548113388988 0.645745225039684 0.01953125 0.034722222222222224
0 0.33524937568742 0.6357976275621104 0.01953125 0.034722222222222224
0 0.3408448992685551 0.6237184020536284 0.01953125 0.034722222222222224
0 0.3256570495483313 0.6180340606378721 0.01953125 0.034722222222222224
0 0.3256570495483313 0.5974283230057557 0.01953125 0.034722222222222224
0 0.32126056673458225 0.6294027434693846 0.01953125 0.034722222222222224
0 0.32006152596719617 0.645745225039684 0.01953125 0.034722222222222224
0 0.31086888008390284 0.6109286338681768 0.01953125 0.034722222222222224
0 0.31846280494401474 0.6137708045760548 0.01953125 0.034722222222222224
0 0.28089286089925053 0.7253260048602721 0.01953125 0.034722222222222224
0 0.2421238760871003 0.7153784073826984 0.01953125 0.034722222222222224
0 0.3892062102197941 0.6855356149499781 0.01953125 0.034722222222222224
0 0.38401036689445445 0.7025886391972468 0.01953125 0.034722222222222224
0 0.3808129248480915 0.7047202672281555 0.01953125 0.034722222222222224
0 0.3776154828017285 0.6862461576269476 0.01953125 0.034722222222222224
0 0.36882251717423054 0.6791407308572521 0.01953125 0.034722222222222224
0 0.3932030127777478 0.7153784073826984 0.01953125 0.034722222222222224
0 0.361628272569914 0.6791407308572521 0.01953125 0.034722222222222224
0 0.3504372254076438 0.6926410417196734 0.01953125 0.034722222222222224
0 0.3500375451518485 0.6812723588881608 0.01953125 0.034722222222222224
0 0.3436426610591226 0.6599560785790747 0.01953125 0.034722222222222224
0 0.3460407425938948 0.6436135970087754 0.01953125 0.034722222222222224
0 0.3552333884771882 0.6393503409469582 0.01953125 0.034722222222222224
0 0.352835306942416 0.6301132861463542 0.01953125 0.034722222222222224
0 0.3628273133373001 0.6244289447305978 0.01953125 0.034722222222222224
0 0.3604292318025279 0.6137708045760548 0.01953125 0.034722222222222224
0 0.3504372254076438 0.6116391765451463 0.01953125 0.034722222222222224
0 0.3412445795243505 0.6137708045760548 0.01953125 0.034722222222222224
0 0.32925417185048955 0.616612975283933 0.01953125 0.034722222222222224
0 0.3948017338009292 0.6144813472530245 0.01953125 0.034722222222222224
0 0.39160429175456635 0.625850030084537 0.01953125 0.034722222222222224
0 0.3744180407553657 0.6251394874075674 0.01953125 0.034722222222222224
0 0.3736186802437749 0.615191889929994 0.01953125 0.034722222222222224
0 0.37641644203434244 0.6357976275621104 0.01953125 0.034722222222222224
0 0.38760748919661275 0.637929255593019 0.01953125 0.034722222222222224
0 0.378015163057524 0.645745225039684 0.01953125 0.034722222222222224
0 0.366024755383663 0.6386397982699887 0.01953125 0.034722222222222224
0 0.3692221974300259 0.6535611944863489 0.01953125 0.034722222222222224
0 0.3680231566626398 0.6642193346408919 0.01953125 0.034722222222222224
0 0.3832110063828637 0.656403365194227 0.01953125 0.034722222222222224
0 0.391204611498771 0.6627982492869529 0.01953125 0.034722222222222224
0 0.39839885610308745 0.6485873957475622 0.01953125 0.034722222222222224
0 0.3932030127777478 0.644324139685745 0.01953125 0.034722222222222224
0 0.4047937401958134 0.6343765422081715 0.01953125 0.034722222222222224
0 0.39839885610308745 0.6315343715002933 0.01953125 0.034722222222222224
0 0.4075915019863809 0.6230078593766588 0.01953125 0.034722222222222224
0 0.41278734531172057 0.6102180911912073 0.01953125 0.034722222222222224
0 0.4207809504276279 0.6102180911912073 0.01953125 0.034722222222222224
0 0.4191822294044464 0.595296694974847 0.01953125 0.034722222222222224
0 0.4231790319624001 0.5817963841124257 0.01953125 0.034722222222222224
0 0.42038127017183247 0.5633222745112179 0.01953125 0.034722222222222224
0 0.41758350838126496 0.5540852197106139 0.01953125 0.034722222222222224
0 0.4151854268464928 0.518558085862137 0.01953125 0.034722222222222224
0 0.4315723173341027 0.5391638234942536 0.01953125 0.034722222222222224
0 0.41358670582331136 0.47663606792093444 0.01953125 0.034722222222222224
0 0.4343700791246703 0.478767695951843 0.01953125 0.034722222222222224
0 0.443962405263759 0.5633222745112179 0.01953125 0.034722222222222224
0 0.4351694396362609 0.5754015000197 0.01953125 0.034722222222222224
0 0.43117263707830733 0.5540852197106139 0.01953125 0.034722222222222224
0 0.4279751950319445 0.5611906464803093 0.01953125 0.034722222222222224
0 0.4355691198920564 0.6016915790675728 0.01953125 0.034722222222222224
0 0.4343700791246703 0.6215867740227198 0.01953125 0.034722222222222224
0 0.4411646434731914 0.6237184020536284 0.01953125 0.034722222222222224
0 0.4267761542645584 0.633665999531202 0.01953125 0.034722222222222224
0 0.4287745555435351 0.6613771639330137 0.01953125 0.034722222222222224
0 0.4115883045443345 0.6649298773178615 0.01953125 0.034722222222222224
0 0.4179831886370603 0.6791407308572521 0.01953125 0.034722222222222224
0 0.436368480403647 0.6826934442420999 0.01953125 0.034722222222222224
0 0.44036528296160077 0.6933515843966429 0.01953125 0.034722222222222224
0 0.43037327656671664 0.694772669750582 0.01953125 0.034722222222222224
0 0.4131870255675159 0.6890883283348257 0.01953125 0.034722222222222224
0 0.42118063068342326 0.6926410417196734 0.01953125 0.034722222222222224
0 0.40039725738206433 0.7011675538433078 0.01953125 0.034722222222222224
0 0.396800135079906 0.6826934442420999 0.01953125 0.034722222222222224
0 0.4063924612189948 0.7125362366748204 0.01953125 0.034722222222222224
0 0.41758350838126496 0.7167994927366377 0.01953125 0.034722222222222224
0 0.4151854268464928 0.7025886391972468 0.01953125 0.034722222222222224
0 0.4355691198920564 0.7139573220287594 0.01953125 0.034722222222222224
0 0.43956592245000997 0.7260365475372415 0.01953125 0.034722222222222224
0 0.39839885610308745 0.8020646139729819 0.01953125 0.034722222222222224
0 0.31846280494401474 0.723904919506333 0.01953125 0.034722222222222224
0 0.36642443563945837 0.6954832124275515 0.01953125 0.034722222222222224
0 0.39040525098718026 0.7395368583996627 0.01953125 0.034722222222222224
0 0.399997577126269 0.8809348511166003 0.01953125 0.034722222222222224
0 0.41118862428853914 0.8795137657626613 0.01953125 0.034722222222222224
0 0.39280333252195243 0.864592369546301 0.01953125 0.034722222222222224
0 0.41358670582331136 0.7445106571384494 0.01953125 0.034722222222222224
0 0.4079911822421763 0.4917350998065373 0.01953125 0.034722222222222224
0 0.43896640206631693 0.5059459533459281 0.01953125 0.034722222222222224
0 0.4369680007873401 0.4945772705144155 0.01953125 0.034722222222222224
0 0.4761366658552858 0.5055906820074433 0.01953125 0.034722222222222224
0 0.4765363461110811 0.484629673036842 0.01953125 0.034722222222222224
0 0.46214785690244803 0.48711657240623535 0.01953125 0.034722222222222224
0 0.44696000718222423 0.48036641697502475 0.01953125 0.034722222222222224
0 0.4373676810431355 0.4622475787123016 0.01953125 0.034722222222222224
0 0.43177215746200037 0.4633133927277559 0.01953125 0.034722222222222224
0 0.5001174812030076 0.5318807610553161 0.01953125 0.034722222222222224
0 0.5063125251678356 0.5233542489316816 0.01953125 0.034722222222222224
0 0.488526753784942 0.5141171941310777 0.01953125 0.034722222222222224
0 0.4825315499480116 0.5219331635777427 0.01953125 0.034722222222222224
0 0.4769360263668765 0.5258411483010751 0.01953125 0.034722222222222224
0 0.47553714547159276 0.5151830081465321 0.01953125 0.034722222222222224
0 0.4893261142965328 0.5386309164865266 0.01953125 0.034722222222222224
0 0.4893261142965328 0.5301044043628922 0.01953125 0.034722222222222224
0 0.5041142837609612 0.5450258005792525 0.01953125 0.034722222222222224
0 0.5091102869584033 0.5460916145947068 0.01953125 0.034722222222222224
0 0.5059128449120404 0.5336571177477399 0.01953125 0.034722222222222224
0 0.5161046914348222 0.5450258005792525 0.01953125 0.034722222222222224
0 0.5203013341206735 0.5407625445174352 0.01953125 0.034722222222222224
0 0.5248976570623202 0.5524864986874326 0.01953125 0.034722222222222224
0 0.5432829488289068 0.5521312273489479 0.01953125 0.034722222222222224
0 0.5163045315627198 0.554973398056826 0.01953125 0.034722222222222224
0 0.5133069296442546 0.5581708401031888 0.01953125 0.034722222222222224
0 0.5103093277257894 0.5631446388419756 0.01953125 0.034722222222222224
0 0.5047138041446543 0.5720264223040948 0.01953125 0.034722222222222224
0 0.5001174812030076 0.5620788248265214 0.01953125 0.034722222222222224
0 0.5057130047841427 0.5620788248265214 0.01953125 0.034722222222222224
0 0.5129072493884593 0.5770002210428816 0.01953125 0.034722222222222224
0 0.5015163620982914 0.5908558032437875 0.01953125 0.034722222222222224
0 0.5025155627377798 0.5819740197816683 0.01953125 0.034722222222222224
0 0.49931812069141684 0.6015139433983305 0.01953125 0.034722222222222224
0 0.4937225971102818 0.6040008427677239 0.01953125 0.034722222222222224
0 0.4899256346802258 0.616080068276206 0.01953125 0.034722222222222224
0 0.48892643404073743 0.6018692147368153 0.01953125 0.034722222222222224
0 0.4901254748081235 0.5876583611974247 0.01953125 0.034722222222222224
0 0.4925235563428957 0.5634999101804604 0.01953125 0.034722222222222224
0 0.4847297913548861 0.5571050260877346 0.01953125 0.034722222222222224
0 0.47673618623897884 0.544315257902283 0.01953125 0.034722222222222224
0 0.479134267773751 0.5343676604247095 0.01953125 0.034722222222222224
0 0.4611486562629596 0.5283280476704684 0.01953125 0.034722222222222224
0 0.44855872820540565 0.5311702183783464 0.01953125 0.034722222222222224
0 0.44596080654273584 0.5304596757013771 0.01953125 0.034722222222222224
0 0.44396240526375896 0.5507101419950087 0.01953125 0.034722222222222224
0 0.4435627250079636 0.5407625445174352 0.01953125 0.034722222222222224
0 0.4625475371582434 0.5475126999486458 0.01953125 0.034722222222222224
0 0.4669440199719924 0.54111781585592 0.01953125 0.034722222222222224
0 0.46834290086727615 0.5475126999486458 0.01953125 0.034722222222222224
0 0.4587505747281875 0.5492890566410698 0.01953125 0.034722222222222224
0 0.4567521734492106 0.5336571177477399 0.01953125 0.034722222222222224
0 0.46714386009989006 0.5649209955343995 0.01953125 0.034722222222222224
0 0.46574497920460634 0.553552312702887 0.01953125 0.034722222222222224
0 0.4757369855994904 0.56421045285743 0.01953125 0.034722222222222224
0 0.47114066265784377 0.5539075840413717 0.01953125 0.034722222222222224
0 0.47273938368102514 0.5819740197816683 0.01953125 0.034722222222222224
0 0.46434609830932255 0.5812634771046988 0.01953125 0.034722222222222224
0 0.45455393204233613 0.5766449497043968 0.01953125 0.034722222222222224
0 0.45974977536767586 0.5620788248265214 0.01953125 0.034722222222222224
0 0.44596080654273584 0.579487120412275 0.01953125 0.034722222222222224
0 0.46174817664665263 0.5869478185204551 0.01953125 0.034722222222222224
0 0.47353874419261593 0.5972506873365133 0.01953125 0.034722222222222224
0 0.4821318696922162 0.5958296019825744 0.01953125 0.034722222222222224
0 0.4805331486690348 0.5816187484431836 0.01953125 0.034722222222222224
0 0.48413027097119304 0.5720264223040948 0.01953125 0.034722222222222224
0 0.46894242125096924 0.6320672785080207 0.01953125 0.034722222222222224
0 0.4803333085411371 0.6338436352004444 0.01953125 0.034722222222222224
0 0.45355473140284774 0.6185669676455995 0.01953125 0.034722222222222224
0 0.45795121421659674 0.5983165013519677 0.01953125 0.034722222222222224
0 0.452755370891257 0.5940532452901505 0.01953125 0.034722222222222224
0 0.4465603269264289 0.6093299128449954 0.01953125 0.034722222222222224
0 0.46214785690244803 0.6526730161401372 0.01953125 0.034722222222222224
0 0.47114066265784377 0.6530282874786218 0.01953125 0.034722222222222224
0 0.5732589680135592 0.6256723944152948 0.01953125 0.034722222222222224
0 0.5744580087809453 0.6370410772468075 0.01953125 0.034722222222222224
0 0.5774556106994104 0.6469886747243809 0.01953125 0.034722222222222224
0 0.6372078089408174 0.48978110744487097 0.01953125 0.034722222222222224
0 0.6420039720103617 0.47343862587457164 0.01953125 0.034722222222222224
0 0.6388065299639988 0.4784124246133584 0.01953125 0.034722222222222224
0 0.5412845475499302 0.5146501011388047 0.01953125 0.034722222222222224
0 0.019901653864877984 0.9297888339286798 0.01953125 0.034722222222222224
0 0.0274955787249899 0.9056303829117156 0.01953125 0.034722222222222224
0 0.058670638677028285 0.920551779128076 0.01953125 0.034722222222222224
0 0.06586488328134482 0.9006565841729289 0.01953125 0.034722222222222224
0 0.062267760979186536 0.9816584493474559 0.01953125 0.034722222222222224
0 0.07585688967622892 0.9759741079316997 0.01953125 0.034722222222222224
0 0.07865465146679647 0.9582105410074614 0.01953125 0.034722222222222224
0 0.1002373852797461 0.9489734862068574 0.01953125 0.034722222222222224
0 0.10423418783769973 0.9702897665159436 0.01953125 0.034722222222222224
0 0.11382651397678849 0.939025888729284 0.01953125 0.034722222222222224
0 0.13181212548757984 0.9169990657432281 0.01953125 0.034722222222222224
0 0.14060509111507785 0.932631004636558 0.01953125 0.034722222222222224
0 0.11822299679053748 0.9731319372238215 0.01953125 0.034722222222222224
0 0.13301116625496592 0.9745530225777608 0.01953125 0.034722222222222224
0 0.147399655463599 0.9944482175329077 0.01953125 0.034722222222222224
0 0.15339485930052948 0.969579223838974 0.01953125 0.034722222222222224
0 0.15259549878893877 0.9241044925129237 0.01953125 0.034722222222222224
0 0.16258750518382287 0.952526199591705 0.01953125 0.034722222222222224
0 0.1853692797641586 0.9447102301450401 0.01953125 0.034722222222222224
0 0.1777753549040467 0.939025888729284 0.01953125 0.034722222222222224
0 0.19376256513586124 0.934052089990497 0.01953125 0.034722222222222224
0 0.20015744922858703 0.9198412364511065 0.01953125 0.034722222222222224
0 0.20135648999597314 0.9404469740832229 0.01953125 0.034722222222222224
0 0.21214785690244797 0.9262361205438323 0.01953125 0.034722222222222224
0 0.20055712948438242 0.9724213945468522 0.01953125 0.034722222222222224
0 0.17377855234609302 0.9795268213165473 0.01953125 0.034722222222222224
0 0.1785747154156374 0.96034216903837 0.01953125 0.034722222222222224
0 0.18337087848518177 0.9788162786395779 0.01953125 0.034722222222222224
0 0.22054114227415061 0.9766846506086693 0.01953125 0.034722222222222224
0 0.22453794483210424 0.9283677485747409 0.01953125 0.034722222222222224
0 0.2373277130175559 0.9397364314062534 0.01953125 0.034722222222222224
0 0.25091684171459827 0.9098936389735329 0.01953125 0.034722222222222224
0 0.25970980734209625 0.8850246452795992 0.01953125 0.034722222222222224
0 0.2577114060631194 0.9304993766056495 0.01953125 0.034722222222222224
0 0.25571300478414266 0.949684028883827 0.01953125 0.034722222222222224
0 0.2545139640167566 0.9823689920244257 0.01953125 0.034722222222222224
0 0.2449216378776678 0.9809479066704865 0.01953125 0.034722222222222224
0 0.23972579455232806 0.9667370531310959 0.01953125 0.034722222222222224
0 0.23652835250596518 0.9887638761171513 0.01953125 0.034722222222222224
0 0.2709008545043664 0.9333415473135277 0.01953125 0.034722222222222224
0 0.2772957385970922 0.9532367422686746 0.01953125 0.034722222222222224
0 0.28089286089925053 0.9653159677771568 0.01953125 0.034722222222222224
0 0.26650437169061747 0.9866322480862427 0.01953125 0.034722222222222224
0 0.29048518703833925 0.96034216903837 0.01953125 0.034722222222222224
0 0.29128454754993 0.9233939498359541 0.01953125 0.034722222222222224
0 0.28169222141084127 0.9177096084201979 0.01953125 0.034722222222222224
0 0.3064723972701538 0.9304993766056495 0.01953125 0.034722222222222224
0 0.3100695195723121 0.9177096084201979 0.01953125 0.034722222222222224
0 0.3248576890367405 0.9354731753444363 0.01953125 0.034722222222222224
0 0.3196618457114008 0.9823689920244257 0.01953125 0.034722222222222224
0 0.3052733565027677 0.958921083684431 0.01953125 0.034722222222222224
0 0.2988784724100419 0.9738424799007911 0.01953125 0.034722222222222224
0 0.31566504315344723 0.9638948824232175 0.01953125 0.034722222222222224
0 0.3408448992685551 0.9688686811620045 0.01953125 0.034722222222222224
0 0.352835306942416 0.9646054251001873 0.01953125 0.034722222222222224
0 0.33964585850116896 0.951105114237766 0.01953125 0.034722222222222224
0 0.3412445795243505 0.9184201510971673 0.01953125 0.034722222222222224
0 0.3384468177337829 0.9376048033753448 0.01953125 0.034722222222222224
0 0.35603274898877896 0.920551779128076 0.01953125 0.034722222222222224
0 0.3516362661750299 0.9454207728220099 0.01953125 0.034722222222222224
0 0.3700215579416167 0.9802373639935171 0.01953125 0.034722222222222224
0 0.36962187768582133 0.951105114237766 0.01953125 0.034722222222222224
0 0.378015163057524 0.932631004636558 0.01953125 0.034722222222222224
0 0.383610686638659 0.9184201510971673 0.01953125 0.034722222222222224
0 0.3924036522661571 0.9177096084201979 0.01953125 0.034722222222222224
0 0.2061526530655175 0.9923165895019991 0.01953125 0.034722222222222224
0 0.19296320462427052 0.995158760209877 0.01953125 0.034722222222222224
0 0.10423418783769973 0.995158760209877 0.01953125 0.034722222222222224
0 0.1246178808832633 0.995158760209877 0.01953125 0.034722222222222224
0 0.6160247553836631 0.9908955041480598 0.01953125 0.034722222222222224
0 0.6515962981494504 0.9930271321789684 0.01953125 0.034722222222222224
0 0.6715803109392185 0.995158760209877 0.01953125 0.034722222222222224
0 0.6899656027058053 0.9908955041480598 0.01953125 0.034722222222222224
0 0.7331310703317047 0.9930271321789684 0.01953125 0.034722222222222224
0 0.7483189200519285 0.9852111627323037 0.01953125 0.034722222222222224
0 0.8907050111790267 0.985834974459864 0.01953125 0.034722222222222224
0 0.9068920615387389 0.9904535018601659 0.01953125 0.034722222222222224
0 0.9272757545843024 0.9925851298910745 0.01953125 0.034722222222222224
0 0.9580511342805454 0.9861902457983488 0.01953125 0.034722222222222224
0 0.9466602469903777 0.9694924928895647 0.01953125 0.034722222222222224
0 0.9624476170942946 0.9453340418726004 0.01953125 0.034722222222222224
0 0.9458608864787869 0.9133596214089713 0.01953125 0.034722222222222224
0 0.9314723972701537 0.9371628010874509 0.01953125 0.034722222222222224
0 0.9192821494683953 0.9595448954119912 0.01953125 0.034722222222222224
0 0.9206810303636789 0.9289915603023012 0.01953125 0.034722222222222224
0 0.9000974971902177 0.9506631119498719 0.01953125 0.034722222222222224
0 0.8937026130974919 0.9300573743177556 0.01953125 0.034722222222222224
0 0.8941022933532873 0.9638081514738085 0.01953125 0.034722222222222224
0 0.8959008545043664 0.878898301575949 0.01953125 0.034722222222222224
0 0.9034947793644783 0.872503417483223 0.01953125 0.034722222222222224
0 0.9222797513868605 0.8764114022065554 0.01953125 0.034722222222222224
0 0.9266762342006094 0.8536740365435304 0.01953125 0.034722222222222224
0 0.9662445795243504 0.8529634938665609 0.01953125 0.034722222222222224
0 0.9268760743285072 0.8241865154492947 0.01953125 0.034722222222222224
0 0.8913045315627197 0.8547398505589847 0.01953125 0.034722222222222224
0 0.9071918217305855 0.7926540972735594 0.01953125 0.034722222222222224
0 0.8888065299639988 0.8125492922287065 0.01953125 0.034722222222222224
0 0.9784847873580834 0.9459557667149487 0.01953125 0.034722222222222224
0 0.9746878249280274 0.9187775093208642 0.01953125 0.034722222222222224
0 0.9564024532253895 0.967139863714709 0.01953125 0.034722222222222224
0 0.9956219767075029 0.9309418651523913 0.01953125 0.034722222222222224
0 0.9896279707134968 0.9735659077764338 0.01953125 0.034722222222222224
0 0.8867308678163941 0.7568936911042172 0.01953125 0.034722222222222224
0 0.3882293693148956 0.9931019273124535 0.01953125 0.034722222222222224
0 0.4172003982859246 0.9913259255364518 0.01953125 0.034722222222222224
