0 0.010348807673918228 0.4425913853816388 0.01953125 0.02936857562408223
0 0.044056672842457574 0.4478711293140581 0.01953125 0.02936857562408223
0 0.05459038070762612 0.4478711293140581 0.01953125 0.02936857562408223
0 0.02930948183122162 0.48799718320044455 0.01953125 0.02936857562408223
0 0.02158476273009801 0.4858852856274768 0.01953125 0.02936857562408223
0 0.02298925711212048 0.4806055416950575 0.01953125 0.02936857562408223
0 0.014562290819985672 0.4795495929085737 0.01953125 0.02936857562408223
0 0.010875493067176664 0.46450232270117864 0.01953125 0.02936857562408223
0 0.022111448123356442 0.46080650194848516 0.01953125 0.02936857562408223
0 0.007715380707626111 0.48192547767816235 0.01953125 0.02936857562408223
0 0.0017462795840305953 0.48403737525113 0.01953125 0.02936857562408223
0 0.013684481831221618 0.491956991149759 0.01953125 0.02936857562408223
0 0.003501897561558689 0.47928560571195267 0.01953125 0.02936857562408223
0 0.028431672842457564 0.48192547767816235 0.01953125 0.02936857562408223
0 0.02667605486492948 0.5041004021943233 0.01953125 0.02936857562408223
0 0.022111448123356442 0.5030444534078394 0.01953125 0.02936857562408223
0 0.015440099808749701 0.5014605302281137 0.01953125 0.02936857562408223
0 0.006662009921109241 0.5025164790145975 0.01953125 0.02936857562408223
0 0.0020974031795362217 0.5188836852050972 0.01953125 0.02936857562408223
0 0.008066504303131727 0.5225795059577908 0.01953125 0.02936857562408223
0 0.012982234640210383 0.5114920436997102 0.01953125 0.02936857562408223
0 0.01649347059526655 0.520467608384823 0.01953125 0.02936857562408223
0 0.024920436887401396 0.5199396339915812 0.01953125 0.02936857562408223
0 0.020355830145828358 0.5225795059577908 0.01953125 0.02936857562408223
0 0.014035605426727235 0.5310270962496616 0.01953125 0.02936857562408223
0 0.007013133516614877 0.5326110194293874 0.01953125 0.02936857562408223
0 0.014035605426727235 0.5384187377550484 0.01953125 0.02936857562408223
0 0.02000470655032274 0.5347229170023551 0.01953125 0.02936857562408223
0 0.03229403239301937 0.483509400857888 0.01953125 0.02936857562408223
0 0.03896538070762612 0.48931711918354925 0.01953125 0.02936857562408223
0 0.03685863913459241 0.4977647094754202 0.01953125 0.02936857562408223
0 0.04317886385369353 0.48826117039706546 0.01953125 0.02936857562408223
0 0.045285605426727236 0.49406888872272664 0.01953125 0.02936857562408223
0 0.046338976213244086 0.49882065826190397 0.01953125 0.02936857562408223
0 0.006310886325603625 0.5410586097212582 0.01953125 0.02936857562408223
0 0.004204144752569922 0.5473943024401614 0.01953125 0.02936857562408223
0 0.01227998744919913 0.549506200013129 0.01953125 0.02936857562408223
0 0.019302459359311505 0.5421145585077422 0.01953125 0.02936857562408223
0 0.02351594250537891 0.5436984816874678 0.01953125 0.02936857562408223
0 0.02456931329189576 0.5542579695523064 0.01953125 0.02936857562408223
0 0.03018729081998565 0.5363068401820809 0.01953125 0.02936857562408223
0 0.02527156048290701 0.528387224283452 0.01953125 0.02936857562408223
0 0.031240661606502518 0.5262753267104843 0.01953125 0.02936857562408223
0 0.045285605426727236 0.505684325374049 0.01953125 0.02936857562408223
0 0.04493448183122162 0.5125479924861941 0.01953125 0.02936857562408223
0 0.034049650370547455 0.5162438132388876 0.01953125 0.02936857562408223
0 0.03861425711212049 0.5289151986766939 0.01953125 0.02936857562408223
0 0.04352998744919915 0.5363068401820809 0.01953125 0.02936857562408223
0 0.03966762789863734 0.549506200013129 0.01953125 0.02936857562408223
0 0.028431672842457564 0.5468663280469195 0.01953125 0.02936857562408223
0 0.02527156048290701 0.5817126380008866 0.01953125 0.02936857562408223
0 0.04914796497728904 0.48034155449843646 0.01953125 0.02936857562408223
0 0.05617043688740139 0.4856212984308558 0.01953125 0.02936857562408223
0 0.049499088572794656 0.48826117039706546 0.01953125 0.02936857562408223
0 0.05757493126942386 0.49459686311596857 0.01953125 0.02936857562408223
0 0.06143729081998567 0.505684325374049 0.01953125 0.02936857562408223
0 0.05862830205594071 0.5099081205199845 0.01953125 0.02936857562408223
0 0.05511706610088454 0.513075966879436 0.01953125 0.02936857562408223
0 0.03756088632560364 0.513075966879436 0.01953125 0.02936857562408223
0 0.05125470655032274 0.5310270962496616 0.01953125 0.02936857562408223
0 0.049499088572794656 0.5384187377550484 0.01953125 0.02936857562408223
0 0.05476594250537891 0.5384187377550484 0.01953125 0.02936857562408223
0 0.05652156048290701 0.5458103792604355 0.01953125 0.02936857562408223
0 0.045285605426727236 0.5558418927320322 0.01953125 0.02936857562408223
0 0.03299627958403061 0.5463383536536774 0.01953125 0.02936857562408223
0 0.03650751553908677 0.5363068401820809 0.01953125 0.02936857562408223
0 0.027378302055940714 0.5125479924861941 0.01953125 0.02936857562408223
0 0.003150773966053072 0.5579537903049999 0.01953125 0.02936857562408223
0 0.018249088572794638 0.5859364331468221 0.01953125 0.02936857562408223
0 0.005959762730098008 0.5743209964954996 0.01953125 0.02936857562408223
0 0.008417627898637346 0.5964959210116606 0.01953125 0.02936857562408223
0 0.013333358235716 0.6007197161575961 0.01953125 0.02936857562408223
0 0.004204144752569922 0.6049435113035314 0.01953125 0.02936857562408223
0 0.010875493067176664 0.6165589479548539 0.01953125 0.02936857562408223
0 0.01965358295481712 0.607583383269741 0.01953125 0.02936857562408223
0 0.026324931269423864 0.5959679466184187 0.01953125 0.02936857562408223
0 0.03931650430313172 0.593856049045451 0.01953125 0.02936857562408223
0 0.04598785261773847 0.5901602282927576 0.01953125 0.02936857562408223
0 0.04036987508964858 0.5827685867873705 0.01953125 0.02936857562408223
0 0.05687268407841263 0.5764328940684674 0.01953125 0.02936857562408223
0 0.049850212168300274 0.5832965611806125 0.01953125 0.02936857562408223
0 0.05652156048290701 0.58540845875358 0.01953125 0.02936857562408223
0 0.05933054924695195 0.5928001002589671 0.01953125 0.02936857562408223
0 0.05301032452785082 0.6033595881238055 0.01953125 0.02936857562408223
0 0.038263133516614874 0.6086393320562249 0.01953125 0.02936857562408223
0 0.0270271784604351 0.6133911015954023 0.01953125 0.02936857562408223
0 0.05546818969639016 0.6155029991683699 0.01953125 0.02936857562408223
0 0.0621395380109969 0.6081113576629831 0.01953125 0.02936857562408223
0 0.03229403239301937 0.6207827431007893 0.01953125 0.02936857562408223
0 0.06143729081998567 0.5410586097212582 0.01953125 0.02936857562408223
0 0.051605830145828355 0.5542579695523064 0.01953125 0.02936857562408223
0 0.0621395380109969 0.5125479924861941 0.01953125 0.02936857562408223
0 0.050552459359311505 0.5188836852050972 0.01953125 0.02936857562408223
0 0.04352998744919915 0.5289151986766939 0.01953125 0.02936857562408223
0 0.06389515598852498 0.520467608384823 0.01953125 0.02936857562408223
0 0.05581931329189578 0.5225795059577908 0.01953125 0.02936857562408223
0 0.06249066160650252 0.5357788657888389 0.01953125 0.02936857562408223
0 0.06845976273009803 0.5901602282927576 0.01953125 0.02936857562408223
0 0.07337549306717668 0.5980798441913865 0.01953125 0.02936857562408223
0 0.07056650430313173 0.6118071784156766 0.01953125 0.02936857562408223
0 0.07056650430313173 0.6239505894602408 0.01953125 0.02936857562408223
0 0.011753302055940698 0.6337181157352167 0.01953125 0.02936857562408223
0 0.022287009921109244 0.6273824230163134 0.01953125 0.02936857562408223
0 0.05107914475256991 0.6316062181622488 0.01953125 0.02936857562408223
0 0.044056672842457574 0.6358300133081843 0.01953125 0.02936857562408223
0 0.039140942505378896 0.6316062181622488 0.01953125 0.02936857562408223
0 0.03071397621324409 0.6337181157352167 0.01953125 0.02936857562408223
0 0.04686566160650251 0.644277603600055 0.01953125 0.02936857562408223
0 0.01807352677504184 0.6653965793297323 0.01953125 0.02936857562408223
0 0.02298925711212048 0.6590608866108292 0.01953125 0.02936857562408223
0 0.055292627898637356 0.6421657060270874 0.01953125 0.02936857562408223
0 0.06652858295481713 0.6347740645217005 0.01953125 0.02936857562408223
0 0.06020835823571599 0.6389978596676359 0.01953125 0.02936857562408223
0 0.057399369471671055 0.6263264742298296 0.01953125 0.02936857562408223
0 0.06512408857279467 0.6273824230163134 0.01953125 0.02936857562408223
0 0.044758920033468805 0.6685644256891838 0.01953125 0.02936857562408223
0 0.032118470595266554 0.6706763232621515 0.01953125 0.02936857562408223
0 0.015264538010996906 0.6801798623405063 0.01953125 0.02936857562408223
0 0.018775773966053073 0.6928512477783125 0.01953125 0.02936857562408223
0 0.017371279584030605 0.7076345307890866 0.01953125 0.02936857562408223
0 0.01596678520200814 0.7160821210809575 0.01953125 0.02936857562408223
0 0.008944313291895762 0.7255856601593121 0.01953125 0.02936857562408223
0 0.002624088572794638 0.7203059162268928 0.01953125 0.02936857562408223
0 0.0054330773368395915 0.7076345307890866 0.01953125 0.02936857562408223
0 0.023691504303131713 0.711858325935022 0.01953125 0.02936857562408223
0 0.03282071778627779 0.7160821210809575 0.01953125 0.02936857562408223
0 0.039140942505378896 0.7160821210809575 0.01953125 0.02936857562408223
0 0.044056672842457574 0.7076345307890866 0.01953125 0.02936857562408223
0 0.04546116722448004 0.6928512477783125 0.01953125 0.02936857562408223
0 0.032118470595266554 0.6854596062729256 0.01953125 0.02936857562408223
0 0.03773644812335643 0.7023547868566673 0.01953125 0.02936857562408223
0 0.05388813351661489 0.6928512477783125 0.01953125 0.02936857562408223
0 0.06161285261773846 0.6833477086999579 0.01953125 0.02936857562408223
0 0.06231509980874969 0.6717322720486355 0.01953125 0.02936857562408223
0 0.06231509980874969 0.704466684429635 0.01953125 0.02936857562408223
0 0.05388813351661489 0.7181940186539251 0.01953125 0.02936857562408223
0 0.06512408857279467 0.7224178137998606 0.01953125 0.02936857562408223
0 0.0700398189098733 0.7012988380701833 0.01953125 0.02936857562408223
0 0.07074206610088453 0.6759560671945709 0.01953125 0.02936857562408223
0 0.07706229081998564 0.6854596062729256 0.01953125 0.02936857562408223
0 0.08408476273009802 0.6791239135540225 0.01953125 0.02936857562408223
0 0.08619150430313173 0.6685644256891838 0.01953125 0.02936857562408223
0 0.08548925711212049 0.6580049378243453 0.01953125 0.02936857562408223
0 0.08057352677504184 0.6485013987459906 0.01953125 0.02936857562408223
0 0.08127577396605308 0.7097464283620544 0.01953125 0.02936857562408223
0 0.08057352677504184 0.7245297113728282 0.01953125 0.02936857562408223
0 0.072146560482907 0.7150261722944735 0.01953125 0.02936857562408223
0 0.0763600436289744 0.6981309917107318 0.01953125 0.02936857562408223
0 0.058803863853693523 0.5555779055354112 0.01953125 0.02936857562408223
0 0.0658263357638059 0.5502981616029919 0.01953125 0.02936857562408223
0 0.06003279643796318 0.45130296287013066 0.01953125 0.02936857562408223
0 0.06494852677504184 0.45235891165661446 0.01953125 0.02936857562408223
0 0.06951313351661488 0.45235891165661446 0.01953125 0.02936857562408223
0 0.06354403239301937 0.4428553725782598 0.01953125 0.02936857562408223
0 0.07407774025818792 0.4502470140836468 0.01953125 0.02936857562408223
0 0.07934459419077218 0.45130296287013066 0.01953125 0.02936857562408223
0 0.07161987508964858 0.4808695288916786 0.01953125 0.02936857562408223
0 0.06354403239301937 0.48562129843085594 0.01953125 0.02936857562408223
0 0.06705526834807556 0.4835094008578882 0.01953125 0.02936857562408223
0 0.07091762789863734 0.4893171191835495 0.01953125 0.02936857562408223
0 0.07197099868515419 0.49301293993624296 0.01953125 0.02936857562408223
0 0.06459740317953622 0.4956528119024526 0.01953125 0.02936857562408223
0 0.07056650430313173 0.4967087606889364 0.01953125 0.02936857562408223
0 0.06916200992110925 0.5019885046213557 0.01953125 0.02936857562408223
0 0.07126875149414295 0.506740274160533 0.01953125 0.02936857562408223
0 0.07583335823571599 0.5114920436997105 0.01953125 0.02936857562408223
0 0.0702153807076261 0.5130759668794361 0.01953125 0.02936857562408223
0 0.07829122340425532 0.5262753267104844 0.01953125 0.02936857562408223
0 0.08426032452785083 0.528387224283452 0.01953125 0.02936857562408223
0 0.08285583014582835 0.5547859439455485 0.01953125 0.02936857562408223
0 0.07056650430313173 0.558481764698242 0.01953125 0.02936857562408223
0 0.07829122340425532 0.535778865788839 0.01953125 0.02936857562408223
0 0.06951313351661488 0.5410586097212584 0.01953125 0.02936857562408223
0 0.07513111104470477 0.5690412525630805 0.01953125 0.02936857562408223
0 0.07442886385369353 0.5600656878779677 0.01953125 0.02936857562408223
0 0.07618448183122162 0.5442264560807099 0.01953125 0.02936857562408223
0 0.09058054924695194 0.5326110194293875 0.01953125 0.02936857562408223
0 0.0856648189098733 0.5373627889685648 0.01953125 0.02936857562408223
0 0.08742043688740138 0.557953790305 0.01953125 0.02936857562408223
0 0.0818024593593115 0.5056843253740492 0.01953125 0.02936857562408223
0 0.07583335823571599 0.5025164790145976 0.01953125 0.02936857562408223
0 0.08812268407841264 0.5204676083848232 0.01953125 0.02936857562408223
0 0.08285583014582835 0.49934863265514606 0.01953125 0.02936857562408223
0 0.0818024593593115 0.49459686311596873 0.01953125 0.02936857562408223
0 0.07899347059526657 0.4829814264646463 0.01953125 0.02936857562408223
0 0.08004684138178342 0.4893171191835495 0.01953125 0.02936857562408223
0 0.08812268407841264 0.49195699114975916 0.01953125 0.02936857562408223
0 0.09514515598852498 0.45499878362282414 0.01953125 0.02936857562408223
0 0.10638111104470477 0.47083801542008197 0.01953125 0.02936857562408223
0 0.09374066160650252 0.48614927282409787 0.01953125 0.02936857562408223
0 0.08952717846043512 0.48562129843085594 0.01953125 0.02936857562408223
0 0.08847380767391824 0.5004045814416299 0.01953125 0.02936857562408223
0 0.08601594250537893 0.5083241973402588 0.01953125 0.02936857562408223
0 0.0969007739660531 0.5933280746522093 0.01953125 0.02936857562408223
0 0.08812268407841264 0.5864644075400642 0.01953125 0.02936857562408223
0 0.09303841441549128 0.5711531501360483 0.01953125 0.02936857562408223
0 0.09830526834807556 0.5547859439455485 0.01953125 0.02936857562408223
0 0.09338953801099688 0.4935409143294848 0.01953125 0.02936857562408223
0 0.09514515598852498 0.5004045814416299 0.01953125 0.02936857562408223
0 0.09479403239301938 0.5083241973402588 0.01953125 0.02936857562408223
0 0.10251875149414295 0.5310270962496617 0.01953125 0.02936857562408223
0 0.09584740317953622 0.5320830450361457 0.01953125 0.02936857562408223
0 0.08601594250537893 0.543698481687468 0.01953125 0.02936857562408223
0 0.08285583014582835 0.5447544304739519 0.01953125 0.02936857562408223
0 0.09795414475256992 0.49301293993624296 0.01953125 0.02936857562408223
0 0.09970976273009803 0.5030444534078395 0.01953125 0.02936857562408223
0 0.10743448183122163 0.5136039412726782 0.01953125 0.02936857562408223
0 0.10462549306717667 0.5141319156659201 0.01953125 0.02936857562408223
0 0.1067322346402104 0.49037306797003327 0.01953125 0.02936857562408223
0 0.10497661666268229 0.506740274160533 0.01953125 0.02936857562408223
0 0.10251875149414295 0.49934863265514606 0.01953125 0.02936857562408223
0 0.11235021216830027 0.5241634291375167 0.01953125 0.02936857562408223
0 0.1091900998087497 0.5373627889685648 0.01953125 0.02936857562408223
0 0.09760302115706432 0.5431705072942261 0.01953125 0.02936857562408223
0 0.10497661666268229 0.551090123192855 0.01953125 0.02936857562408223
0 0.10216762789863736 0.5806566892144029 0.01953125 0.02936857562408223
0 0.11340358295481714 0.5384187377550488 0.01953125 0.02936857562408223
0 0.1109457177862778 0.506740274160533 0.01953125 0.02936857562408223
0 0.1088389762132441 0.49934863265514606 0.01953125 0.02936857562408223
0 0.11199908857279467 0.4898450935767914 0.01953125 0.02936857562408223
0 0.12253279643796318 0.5299711474631779 0.01953125 0.02936857562408223
0 0.1169148189098733 0.5336669682158713 0.01953125 0.02936857562408223
0 0.11831931329189578 0.5431705072942261 0.01953125 0.02936857562408223
0 0.12218167284245758 0.5400026609347746 0.01953125 0.02936857562408223
0 0.11235021216830027 0.5943840234386931 0.01953125 0.02936857562408223
0 0.12323504362897442 0.5753769452819836 0.01953125 0.02936857562408223
0 0.11761706610088454 0.5885763051130318 0.01953125 0.02936857562408223
0 0.13166200992110927 0.586992381933306 0.01953125 0.02936857562408223
0 0.13973785261773847 0.45235891165661446 0.01953125 0.02936857562408223
0 0.10427436947167107 0.45499878362282414 0.01953125 0.02936857562408223
0 0.15308054924695194 0.45763865558903377 0.01953125 0.02936857562408223
0 0.16396538070762612 0.456054732409308 0.01953125 0.02936857562408223
0 0.13903560542672724 0.5479222768334034 0.01953125 0.02936857562408223
0 0.14781369531436772 0.543698481687468 0.01953125 0.02936857562408223
0 0.13306650430313172 0.5447544304739519 0.01953125 0.02936857562408223
0 0.126395155988525 0.5336669682158713 0.01953125 0.02936857562408223
0 0.12709740317953622 0.5225795059577909 0.01953125 0.02936857562408223
0 0.1151592009323452 0.5484502512266453 0.01953125 0.02936857562408223
0 0.12183054924695194 0.5495062000131292 0.01953125 0.02936857562408223
0 0.14851594250537895 0.5806566892144029 0.01953125 0.02936857562408223
0 0.1299063919435812 0.5780168172481932 0.01953125 0.02936857562408223
0 0.1421957177862778 0.5964959210116607 0.01953125 0.02936857562408223
0 0.14886706610088454 0.5970238954049026 0.01953125 0.02936857562408223
0 0.12674627958403062 0.551090123192855 0.01953125 0.02936857562408223
0 0.12534178520200814 0.5442264560807099 0.01953125 0.02936857562408223
0 0.1379822346402104 0.5062122997672911 0.01953125 0.02936857562408223
0 0.1302575155390868 0.5130759668794361 0.01953125 0.02936857562408223
0 0.1302575155390868 0.4893171191835495 0.01953125 0.02936857562408223
0 0.12744852677504184 0.49195699114975916 0.01953125 0.02936857562408223
0 0.12744852677504184 0.5025164790145976 0.01953125 0.02936857562408223
0 0.13727998744919917 0.5004045814416299 0.01953125 0.02936857562408223
0 0.13727998744919917 0.4909010423632752 0.01953125 0.02936857562408223
0 0.14360021216830027 0.5077962229470169 0.01953125 0.02936857562408223
0 0.14281018407841267 0.5195436531966497 0.01953125 0.02936857562408223
0 0.13807001553908682 0.5205996019831336 0.01953125 0.02936857562408223
0 0.13297872340425534 0.5052883445791178 0.01953125 0.02936857562408223
0 0.13280316160650255 0.49974461345007753 0.01953125 0.02936857562408223
0 0.13280316160650255 0.4942008823210373 0.01953125 0.02936857562408223
0 0.13719220655032274 0.4947288567142792 0.01953125 0.02936857562408223
0 0.14087900430313174 0.49499284391090015 0.01953125 0.02936857562408223
0 0.14228349868515425 0.5002725878433194 0.01953125 0.02936857562408223
0 0.15808406048290702 0.49235297194469047 0.01953125 0.02936857562408223
0 0.15474838632560367 0.49340892073117437 0.01953125 0.02936857562408223
0 0.1514127121683003 0.5095121397250532 0.01953125 0.02936857562408223
0 0.1473747908199857 0.5153198580507143 0.01953125 0.02936857562408223
0 0.1514127121683003 0.5237674483425853 0.01953125 0.02936857562408223
0 0.14070344250537897 0.5401346545330848 0.01953125 0.02936857562408223
0 0.1570306896963902 0.5301031410614884 0.01953125 0.02936857562408223
0 0.1477259144154913 0.5535980015607541 0.01953125 0.02936857562408223
0 0.12876524025818795 0.5390787057466011 0.01953125 0.02936857562408223
0 0.13280316160650255 0.5382867441567382 0.01953125 0.02936857562408223
0 0.15264164475256997 0.5409266161229478 0.01953125 0.02936857562408223
0 0.15580175711212052 0.5438304752857783 0.01953125 0.02936857562408223
0 0.1628242290222329 0.5446224368756414 0.01953125 0.02936857562408223
0 0.1549239481233565 0.5567658479202057 0.01953125 0.02936857562408223
0 0.14193237508964862 0.5570298351168267 0.01953125 0.02936857562408223
0 0.16370203801099695 0.5570298351168267 0.01953125 0.02936857562408223
0 0.1594885548649295 0.5483182576283349 0.01953125 0.02936857562408223
0 0.15825962228065985 0.5224475123594804 0.01953125 0.02936857562408223
0 0.15053490317953624 0.5171677684270611 0.01953125 0.02936857562408223
0 0.1552750717188621 0.5145278964608514 0.01953125 0.02936857562408223
0 0.14702366722448007 0.4968407542872469 0.01953125 0.02936857562408223
0 0.14684810542672724 0.503440434202771 0.01953125 0.02936857562408223
0 0.13262759980874972 0.510304101314916 0.01953125 0.02936857562408223
0 0.15966411666268232 0.5021204982196662 0.01953125 0.02936857562408223
0 0.15387057733683962 0.5079282165453274 0.01953125 0.02936857562408223
0 0.1417568132918958 0.5308951026513513 0.01953125 0.02936857562408223
0 0.16317535261773852 0.5316870642412141 0.01953125 0.02936857562408223
0 0.16826664475256997 0.5440944624823993 0.01953125 0.02936857562408223
0 0.17388462228065985 0.5543899631506171 0.01953125 0.02936857562408223
0 0.16861776834807557 0.5554459119371008 0.01953125 0.02936857562408223
0 0.16475540879751377 0.5192796660000287 0.01953125 0.02936857562408223
0 0.164579846999761 0.5145278964608514 0.01953125 0.02936857562408223
0 0.15896186947167107 0.5113600501013998 0.01953125 0.02936857562408223
0 0.15246608295481714 0.4968407542872469 0.01953125 0.02936857562408223
0 0.16615990317953627 0.5015925238264243 0.01953125 0.02936857562408223
0 0.1668621503705475 0.510304101314916 0.01953125 0.02936857562408223
0 0.16967113913459245 0.5150558708540934 0.01953125 0.02936857562408223
0 0.17142675711212052 0.510304101314916 0.01953125 0.02936857562408223
0 0.1730068132918958 0.5176957428203031 0.01953125 0.02936857562408223
0 0.17177788070762615 0.5266713075054158 0.01953125 0.02936857562408223
0 0.16580877958403065 0.5242954227358272 0.01953125 0.02936857562408223
0 0.1651065323930194 0.4947288567142792 0.01953125 0.02936857562408223
0 0.17564024025818795 0.5071362549554644 0.01953125 0.02936857562408223
0 0.17599136385369354 0.5021204982196662 0.01953125 0.02936857562408223
0 0.17177788070762615 0.49789670307373074 0.01953125 0.02936857562408223
0 0.1786247908199857 0.5126799860845048 0.01953125 0.02936857562408223
0 0.1784492290222329 0.5282552306851416 0.01953125 0.02936857562408223
0 0.17493799306717672 0.532479025831077 0.01953125 0.02936857562408223
0 0.1826627121683003 0.5353828849939075 0.01953125 0.02936857562408223
0 0.1786247908199857 0.546470347251988 0.01953125 0.02936857562408223
0 0.17669361104470477 0.5419825649094318 0.01953125 0.02936857562408223
0 0.18213602677504187 0.5567658479202057 0.01953125 0.02936857562408223
0 0.17564024025818795 0.49156101035482763 0.01953125 0.02936857562408223
0 0.1751135548649295 0.4852253176359245 0.01953125 0.02936857562408223
0 0.18371608295481714 0.49340892073117437 0.01953125 0.02936857562408223
0 0.1937231054267273 0.503440434202771 0.01953125 0.02936857562408223
0 0.18476945374133402 0.5044963829892548 0.01953125 0.02936857562408223
0 0.1805559705952666 0.5052883445791178 0.01953125 0.02936857562408223
0 0.1633509144154913 0.5052883445791178 0.01953125 0.02936857562408223
0 0.1531683301458284 0.5171677684270611 0.01953125 0.02936857562408223
0 0.18529613913459245 0.5163758068371983 0.01953125 0.02936857562408223
0 0.19073855486492952 0.5134719476743677 0.01953125 0.02936857562408223
0 0.19179192565144637 0.5224475123594804 0.01953125 0.02936857562408223
0 0.1946009144154913 0.540398641729706 0.01953125 0.02936857562408223
0 0.18476945374133402 0.5459423728587461 0.01953125 0.02936857562408223
0 0.1886318132918958 0.5533340143641331 0.01953125 0.02936857562408223
0 0.18476945374133402 0.52508738432569 0.01953125 0.02936857562408223
0 0.17704473464021042 0.4971047414838678 0.01953125 0.02936857562408223
0 0.17195344250537897 0.45697868759748134 0.01953125 0.02936857562408223
0 0.1751135548649295 0.47387386818122296 0.01953125 0.02936857562408223
0 0.18125821778627782 0.4775696889339166 0.01953125 0.02936857562408223
0 0.1786247908199857 0.4730819065913601 0.01953125 0.02936857562408223
0 0.17441130767391827 0.5662693869985603 0.01953125 0.02936857562408223
0 0.19354754362897447 0.5570298351168267 0.01953125 0.02936857562408223
0 0.1979365885727947 0.48416936884944073 0.01953125 0.02936857562408223
0 0.1940742290222329 0.49261695914131154 0.01953125 0.02936857562408223
0 0.19056299306717672 0.4902410743717228 0.01953125 0.02936857562408223
0 0.200394453741334 0.49156101035482763 0.01953125 0.02936857562408223
0 0.20355456610088457 0.5005365750399405 0.01953125 0.02936857562408223
0 0.19688321778627782 0.4614664699400378 0.01953125 0.02936857562408223
0 0.2096992290222329 0.4643703291028684 0.01953125 0.02936857562408223
0 0.19214304924695197 0.5324790258310771 0.01953125 0.02936857562408223
0 0.19565428520200817 0.5147918836574725 0.01953125 0.02936857562408223
0 0.20653911666268232 0.49393689512441635 0.01953125 0.02936857562408223
0 0.2100503526177385 0.49816069027035176 0.01953125 0.02936857562408223
0 0.20320344250537892 0.5142639092642305 0.01953125 0.02936857562408223
0 0.1882806896963902 0.5055523317757388 0.01953125 0.02936857562408223
0 0.19582984699976094 0.5279912434885207 0.01953125 0.02936857562408223
0 0.20829473464021042 0.5195436531966499 0.01953125 0.02936857562408223
0 0.20531018407841267 0.5295751666682464 0.01953125 0.02936857562408223
0 0.2161950155390868 0.5203356147865127 0.01953125 0.02936857562408223
0 0.20952366722448007 0.5066082805622225 0.01953125 0.02936857562408223
0 0.22075962228065985 0.5018565110230452 0.01953125 0.02936857562408223
0 0.21900400430313174 0.5079282165453274 0.01953125 0.02936857562408223
0 0.2139127121683003 0.50317644700615 0.01953125 0.02936857562408223
0 0.21865288070762615 0.5139999220676096 0.01953125 0.02936857562408223
0 0.22286636385369354 0.5195436531966499 0.01953125 0.02936857562408223
0 0.21689726273009804 0.5351188977972866 0.01953125 0.02936857562408223
0 0.21268377958403065 0.5469983216452301 0.01953125 0.02936857562408223
0 0.20092113913459245 0.5308951026513513 0.01953125 0.02936857562408223
0 0.21321046497728904 0.5097761269216742 0.01953125 0.02936857562408223
0 0.2177750717188621 0.46225843152990065 0.01953125 0.02936857562408223
0 0.22321748744919917 0.46410634190624744 0.01953125 0.02936857562408223
0 0.23849136385369354 0.46463431629948937 0.01953125 0.02936857562408223
0 0.2470938919435812 0.46252241872652167 0.01953125 0.02936857562408223
0 0.23673574587616547 0.49208898474806956 0.01953125 0.02936857562408223
0 0.20021889194358108 0.5557098991337219 0.01953125 0.02936857562408223
0 0.2003944537413339 0.5372307953702544 0.01953125 0.02936857562408223
0 0.20864585823571594 0.5451504112688834 0.01953125 0.02936857562408223
0 0.20759248744919906 0.5549179375438591 0.01953125 0.02936857562408223
0 0.228835464977289 0.5195436531966499 0.01953125 0.02936857562408223
0 0.2270798469997609 0.5380227569601173 0.01953125 0.02936857562408223
0 0.22269080205594066 0.5364388337803916 0.01953125 0.02936857562408223
0 0.2197062514941429 0.5414545905161899 0.01953125 0.02936857562408223
0 0.21285934138178333 0.5359108593871497 0.01953125 0.02936857562408223
0 0.21672170093234513 0.5557098991337219 0.01953125 0.02936857562408223
0 0.2258509144154912 0.547526296038472 0.01953125 0.02936857562408223
0 0.22286636385369346 0.5609896430661412 0.01953125 0.02936857562408223
0 0.22760653239301928 0.5097761269216743 0.01953125 0.02936857562408223
0 0.23059108295481703 0.5013285366298034 0.01953125 0.02936857562408223
0 0.23182001553908674 0.5390787057466012 0.01953125 0.02936857562408223
0 0.2355068132918957 0.5248233971290692 0.01953125 0.02936857562408223
0 0.23199557733683954 0.518487704410166 0.01953125 0.02936857562408223
0 0.23620906048290696 0.5187516916067869 0.01953125 0.02936857562408223
0 0.237086869471671 0.5139999220676096 0.01953125 0.02936857562408223
0 0.23901804924695189 0.504232395792634 0.01953125 0.02936857562408223
0 0.24217816160650246 0.49921663905683566 0.01953125 0.02936857562408223
0 0.23989585823571594 0.533007000224319 0.01953125 0.02936857562408223
0 0.23673574587616536 0.5398706673364642 0.01953125 0.02936857562408223
0 0.2219885548649294 0.5520140783810286 0.01953125 0.02936857562408223
0 0.22971327396605304 0.562045591852625 0.01953125 0.02936857562408223
0 0.23620906048290696 0.5567658479202058 0.01953125 0.02936857562408223
0 0.23989585823571594 0.5229754867527224 0.01953125 0.02936857562408223
0 0.24428490317953616 0.5074002421520856 0.01953125 0.02936857562408223
0 0.24621608295481703 0.5179597300169241 0.01953125 0.02936857562408223
0 0.2486739481233564 0.5248233971290692 0.01953125 0.02936857562408223
0 0.2546430492469519 0.5000086006466986 0.01953125 0.02936857562408223
0 0.25007844250537886 0.534062949010803 0.01953125 0.02936857562408223
0 0.2542919256514463 0.55518192474048 0.01953125 0.02936857562408223
0 0.2448115885727946 0.5604616686728993 0.01953125 0.02936857562408223
0 0.2418270380109968 0.548318257628335 0.01953125 0.02936857562408223
0 0.2486739481233564 0.5464703472519883 0.01953125 0.02936857562408223
0 0.24797170093234513 0.5401346545330851 0.01953125 0.02936857562408223
0 0.2546430492469519 0.5469983216452301 0.01953125 0.02936857562408223
0 0.2585054087975137 0.5427745264992947 0.01953125 0.02936857562408223
0 0.2542919256514463 0.5242954227358272 0.01953125 0.02936857562408223
0 0.25780316160650246 0.52508738432569 0.01953125 0.02936857562408223
0 0.25622310542672716 0.5187516916067869 0.01953125 0.02936857562408223
0 0.24920063351661478 0.5066082805622227 0.01953125 0.02936857562408223
0 0.25832984699976086 0.5074002421520856 0.01953125 0.02936857562408223
0 0.2627188919435811 0.5298391538648676 0.01953125 0.02936857562408223
0 0.2672834986851541 0.5303671282581094 0.01953125 0.02936857562408223
0 0.2693902402581878 0.5066082805622227 0.01953125 0.02936857562408223
0 0.27535934138178336 0.5058163189723598 0.01953125 0.02936857562408223
0 0.2630700155390867 0.5158478324439564 0.01953125 0.02936857562408223
0 0.26763462228065976 0.5132079604777467 0.01953125 0.02936857562408223
0 0.2721992290222328 0.5248233971290692 0.01953125 0.02936857562408223
0 0.25938321778627776 0.5327430130276982 0.01953125 0.02936857562408223
0 0.2625433301458283 0.5440944624823996 0.01953125 0.02936857562408223
0 0.2662301278986373 0.5501661680046817 0.01953125 0.02936857562408223
0 0.26570344250537886 0.5572938223134477 0.01953125 0.02936857562408223
0 0.26991692565144626 0.5625735662458671 0.01953125 0.02936857562408223
0 0.2574520380109968 0.5739250157005684 0.01953125 0.02936857562408223
0 0.24709389194358108 0.5681172973749072 0.01953125 0.02936857562408223
0 0.2534141166626822 0.5673253357850444 0.01953125 0.02936857562408223
0 0.2744815323930193 0.5396066801398431 0.01953125 0.02936857562408223
0 0.27781720655032266 0.5586137582965526 0.01953125 0.02936857562408223
0 0.2704436110447047 0.5509581295945446 0.01953125 0.02936857562408223
0 0.2844885548649294 0.5095121397250533 0.01953125 0.02936857562408223
0 0.27887057733683956 0.5134719476743678 0.01953125 0.02936857562408223
0 0.28712198183122156 0.5187516916067869 0.01953125 0.02936857562408223
0 0.27974838632560356 0.5279912434885208 0.01953125 0.02936857562408223
0 0.2844885548649294 0.5324790258310771 0.01953125 0.02936857562408223
0 0.27922170093234516 0.5050243573824968 0.01953125 0.02936857562408223
0 0.28887759980874966 0.5686452717681492 0.01953125 0.02936857562408223
0 0.2878242290222328 0.5530700271675123 0.01953125 0.02936857562408223
0 0.28308406048290696 0.5525420527742704 0.01953125 0.02936857562408223
0 0.29133546497728896 0.5451504112688834 0.01953125 0.02936857562408223
0 0.29344220655032266 0.5649494510154557 0.01953125 0.02936857562408223
0 0.29502226273009796 0.5538619887573751 0.01953125 0.02936857562408223
0 0.27729052115706426 0.547790283235093 0.01953125 0.02936857562408223
0 0.27746608295481706 0.5359108593871497 0.01953125 0.02936857562408223
0 0.29923574587616536 0.511624037298021 0.01953125 0.02936857562408223
0 0.29906018407841256 0.5060803061689807 0.01953125 0.02936857562408223
0 0.28677085823571596 0.4955208183041422 0.01953125 0.02936857562408223
0 0.28944817565144626 0.5116900340971763 0.01953125 0.02936857562408223
0 0.2959439621683002 0.5205336051839784 0.01953125 0.02936857562408223
0 0.28532247340425526 0.537956760160962 0.01953125 0.02936857562408223
0 0.30296643407841256 0.5252853747231558 0.01953125 0.02936857562408223
0 0.2938372205952665 0.5106340853106923 0.01953125 0.02936857562408223
0 0.29146713632560356 0.5082582005411036 0.01953125 0.02936857562408223
0 0.2941883441907721 0.5407286257254822 0.01953125 0.02936857562408223
0 0.28874592846043506 0.5375607793660306 0.01953125 0.02936857562408223
0 0.28944817565144626 0.5296411634674016 0.01953125 0.02936857562408223
0 0.29699733295481706 0.5471963120426959 0.01953125 0.02936857562408223
0 0.30112303520200806 0.5412566001187241 0.01953125 0.02936857562408223
0 0.3045464902581878 0.5405966321271717 0.01953125 0.02936857562408223
0 0.3019130632918957 0.5504961520004578 0.01953125 0.02936857562408223
0 0.3059509846402103 0.548912228820732 0.01953125 0.02936857562408223
0 0.31297345655032266 0.5347889138015105 0.01953125 0.02936857562408223
0 0.30331755767391816 0.5102381045157609 0.01953125 0.02936857562408223
0 0.31279789475256986 0.5213255667738413 0.01953125 0.02936857562408223
0 0.32061039475256986 0.5398046705373089 0.01953125 0.02936857562408223
0 0.30682879362897436 0.528057240287676 0.01953125 0.02936857562408223
0 0.31701137789863726 0.517629746021148 0.01953125 0.02936857562408223
0 0.31086671497728896 0.5102381045157609 0.01953125 0.02936857562408223
0 0.31508019812335636 0.5510241263936998 0.01953125 0.02936857562408223
0 0.3215759846402103 0.5157818356448011 0.01953125 0.02936857562408223
0 0.32368272621324407 0.527265278697813 0.01953125 0.02936857562408223
0 0.3115689621683002 0.5462723568545224 0.01953125 0.02936857562408223
0 0.3135001419435811 0.5068062709596883 0.01953125 0.02936857562408223
0 0.3016497205952665 0.5553799151379456 0.01953125 0.02936857562408223
0 0.29559283857279456 0.5365048305795468 0.01953125 0.02936857562408223
0 0.3013863778986373 0.5333369842200953 0.01953125 0.02936857562408223
0 0.31666025430313166 0.5442924528798652 0.01953125 0.02936857562408223
0 0.30827717846043506 0.5642894830239032 0.01953125 0.02936857562408223
0 0.3007280211570643 0.5661373934002499 0.01953125 0.02936857562408223
0 0.3226732458761654 0.5735290349056369 0.01953125 0.02936857562408223
0 0.32776453801099686 0.5703611885461853 0.01953125 0.02936857562408223
0 0.32003981890987326 0.5611216366644517 0.01953125 0.02936857562408223
0 0.32407774025818786 0.5466023408502987 0.01953125 0.02936857562408223
0 0.3145974031795362 0.5574258159117581 0.01953125 0.02936857562408223
0 0.3298712795840306 0.5524100591759598 0.01953125 0.02936857562408223
0 0.32565779643796317 0.5624415726475565 0.01953125 0.02936857562408223
0 0.31775751553908677 0.5270672883003473 0.01953125 0.02936857562408223
0 0.3126662234042553 0.5281232370868312 0.01953125 0.02936857562408223
0 0.30581931329189577 0.521523557171307 0.01953125 0.02936857562408223
0 0.28562970655032277 0.46318238671807405 0.01953125 0.02936857562408223
0 0.2773783020559407 0.4663502330775256 0.01953125 0.02936857562408223
0 0.30301032452785087 0.46450232270117886 0.01953125 0.02936857562408223
0 0.2965145380109969 0.4658222586842837 0.01953125 0.02936857562408223
0 0.3142462795840306 0.47083801542008197 0.01953125 0.02936857562408223
0 0.32477998744919917 0.4658222586842837 0.01953125 0.02936857562408223
0 0.3300468413817835 0.47083801542008197 0.01953125 0.02936857562408223
0 0.3458474031795363 0.47004605383021913 0.01953125 0.02936857562408223
0 0.3512898189098734 0.4729499129930497 0.01953125 0.02936857562408223
0 0.3720061110447048 0.47479782336939647 0.01953125 0.02936857562408223
0 0.38113532452785087 0.47981358010519476 0.01953125 0.02936857562408223
0 0.3233754930671767 0.5077962229470171 0.01953125 0.02936857562408223
0 0.33426032452785087 0.5099081205199848 0.01953125 0.02936857562408223
0 0.33619150430313177 0.515187864452404 0.01953125 0.02936857562408223
0 0.32688672902223287 0.515979826042267 0.01953125 0.02936857562408223
0 0.3272378526177385 0.5223155187611701 0.01953125 0.02936857562408223
0 0.3316268975615587 0.5289151986766942 0.01953125 0.02936857562408223
0 0.3337336391345924 0.5460743664570568 0.01953125 0.02936857562408223
0 0.3430384144154913 0.537626776165186 0.01953125 0.02936857562408223
0 0.3397027402581879 0.5497701872097503 0.01953125 0.02936857562408223
0 0.33461144812335647 0.5658734062036291 0.01953125 0.02936857562408223
0 0.33864936947167107 0.5099081205199848 0.01953125 0.02936857562408223
0 0.3430384144154913 0.5128119796828153 0.01953125 0.02936857562408223
0 0.3476030211570644 0.5117560308963315 0.01953125 0.02936857562408223
0 0.3454962795840306 0.5202036211882023 0.01953125 0.02936857562408223
0 0.3426872908199857 0.522579505957791 0.01953125 0.02936857562408223
0 0.34883195374133397 0.5191476724017184 0.01953125 0.02936857562408223
0 0.3516409425053789 0.5167717876321298 0.01953125 0.02936857562408223
0 0.34602296497728907 0.5289151986766942 0.01953125 0.02936857562408223
0 0.3430384144154913 0.5553139183387905 0.01953125 0.02936857562408223
0 0.3391760548649295 0.5693052397597017 0.01953125 0.02936857562408223
0 0.3433895380109969 0.559537713484726 0.01953125 0.02936857562408223
0 0.3454962795840306 0.5669293549901129 0.01953125 0.02936857562408223
0 0.3477785829548172 0.5386827249516698 0.01953125 0.02936857562408223
0 0.3581367290222329 0.515187864452404 0.01953125 0.02936857562408223
0 0.3574344818312217 0.5191476724017184 0.01953125 0.02936857562408223
0 0.3569077964379632 0.5262753267104846 0.01953125 0.02936857562408223
0 0.35023644812335647 0.5579537903050003 0.01953125 0.02936857562408223
0 0.3509386953143677 0.5537299951590647 0.01953125 0.02936857562408223
0 0.3528698750896486 0.5632335342374194 0.01953125 0.02936857562408223
0 0.35427436947167107 0.5452824048671939 0.01953125 0.02936857562408223
0 0.3583122908199857 0.5418505713111214 0.01953125 0.02936857562408223
0 0.3605945941907722 0.5452824048671939 0.01953125 0.02936857562408223
0 0.349709762730098 0.5814486508042661 0.01953125 0.02936857562408223
0 0.3293445941907722 0.5592737262881049 0.01953125 0.02936857562408223
0 0.3632280211570643 0.5128119796828153 0.01953125 0.02936857562408223
0 0.36796818969639017 0.5146598900591621 0.01953125 0.02936857562408223
0 0.3732350436289744 0.5172997620253719 0.01953125 0.02936857562408223
0 0.3720061110447048 0.5265393139071054 0.01953125 0.02936857562408223
0 0.3630524593593115 0.5320830450361457 0.01953125 0.02936857562408223
0 0.3512898189098734 0.5283872242834523 0.01953125 0.02936857562408223
0 0.349709762730098 0.5349869041989763 0.01953125 0.02936857562408223
0 0.365334762730098 0.538154750558428 0.01953125 0.02936857562408223
0 0.36199908857279467 0.5714171373326693 0.01953125 0.02936857562408223
0 0.36357914475257 0.5183557108118556 0.01953125 0.02936857562408223
0 0.3358403807076261 0.5299711474631781 0.01953125 0.02936857562408223
0 0.3602873610447048 0.5248893939282244 0.01953125 0.02936857562408223
0 0.36353525430313177 0.5248893939282244 0.01953125 0.02936857562408223
0 0.36555421497728907 0.5481202672308693 0.01953125 0.02936857562408223
0 0.3707332880109969 0.5490442224190427 0.01953125 0.02936857562408223
0 0.369241012730098 0.543632484888313 0.01953125 0.02936857562408223
0 0.36959213632560367 0.5552479215396353 0.01953125 0.02936857562408223
0 0.372927810482907 0.5372967921694097 0.01953125 0.02936857562408223
0 0.3824081475615587 0.5336009714167164 0.01953125 0.02936857562408223
0 0.3805647486851542 0.5270012915011922 0.01953125 0.02936857562408223
0 0.3873238778986373 0.5399366641356195 0.01953125 0.02936857562408223
0 0.38758722059526657 0.5483842544274902 0.01953125 0.02936857562408223
0 0.37679017003346876 0.5539279855565304 0.01953125 0.02936857562408223
0 0.3810036531795363 0.5705591789436512 0.01953125 0.02936857562408223
0 0.3759123610447048 0.5730670573115504 0.01953125 0.02936857562408223
0 0.3782824453143677 0.5658074094044739 0.01953125 0.02936857562408223
0 0.3357525998087498 0.5385507313533594 0.01953125 0.02936857562408223
0 0.3691093413817835 0.578940772436367 0.01953125 0.02936857562408223
0 0.3701627121683003 0.5723410925208429 0.01953125 0.02936857562408223
0 0.37139164475257 0.564157489425593 0.01953125 0.02936857562408223
0 0.3736739481233565 0.5456783856621255 0.01953125 0.02936857562408223
0 0.3878944537413341 0.5551819247404801 0.01953125 0.02936857562408223
0 0.3771851840784127 0.5839565291721652 0.01953125 0.02936857562408223
0 0.39087900430313177 0.5699652077512543 0.01953125 0.02936857562408223
0 0.3959702964379632 0.5667973613918026 0.01953125 0.02936857562408223
0 0.4010615885727948 0.5673253357850445 0.01953125 0.02936857562408223
0 0.398077038010997 0.5586137582965527 0.01953125 0.02936857562408223
0 0.3945658020559408 0.5525420527742706 0.01953125 0.02936857562408223
0 0.3982525998087498 0.5475262960384722 0.01953125 0.02936857562408223
0 0.401763835763806 0.5433025008925367 0.01953125 0.02936857562408223
0 0.40281720655032277 0.547790283235093 0.01953125 0.02936857562408223
0 0.4070306896963903 0.5829005803856813 0.01953125 0.02936857562408223
0 0.4070306896963903 0.5763009004701574 0.01953125 0.02936857562408223
0 0.4031683301458284 0.5733970413073267 0.01953125 0.02936857562408223
0 0.4082596222806599 0.5673253357850445 0.01953125 0.02936857562408223
0 0.4126486672244801 0.5660053998019396 0.01953125 0.02936857562408223
0 0.40439726273009813 0.5604616686728995 0.01953125 0.02936857562408223
0 0.4022905211570644 0.5551819247404801 0.01953125 0.02936857562408223
0 0.3971992290222329 0.5918761450707941 0.01953125 0.02936857562408223
0 0.40790849868515433 0.5367028209770126 0.01953125 0.02936857562408223
0 0.40843518407841267 0.5295751666682467 0.01953125 0.02936857562408223
0 0.40457282452785087 0.5258793459155532 0.01953125 0.02936857562408223
0 0.37946748744919917 0.5158478324439565 0.01953125 0.02936857562408223
0 0.3847343413817835 0.5163758068371984 0.01953125 0.02936857562408223
0 0.4068551278986374 0.5190156788034082 0.01953125 0.02936857562408223
0 0.4172132739660532 0.5359108593871498 0.01953125 0.02936857562408223
0 0.4179155211570644 0.5414545905161899 0.01953125 0.02936857562408223
0 0.4075573750896486 0.549902180808061 0.01953125 0.02936857562408223
0 0.3977259144154913 0.5728690669140847 0.01953125 0.02936857562408223
0 0.417388835763806 0.5855404523518909 0.01953125 0.02936857562408223
0 0.4179155211570644 0.5757729260769153 0.01953125 0.02936857562408223
0 0.4245868694716711 0.5889722859079636 0.01953125 0.02936857562408223
0 0.4238846222806599 0.5815806444025766 0.01953125 0.02936857562408223
0 0.4135264762132442 0.5330070002243192 0.01953125 0.02936857562408223
0 0.41335091441549143 0.5211275763763759 0.01953125 0.02936857562408223
0 0.413702038010997 0.5139999220676098 0.01953125 0.02936857562408223
0 0.41668658857279467 0.5248233971290693 0.01953125 0.02936857562408223
0 0.4193200155390868 0.520071627589892 0.01953125 0.02936857562408223
0 0.4212511953143677 0.5179597300169242 0.01953125 0.02936857562408223
0 0.4244113076739184 0.5293111794716258 0.01953125 0.02936857562408223
0 0.4223045661008846 0.5377587697634966 0.01953125 0.02936857562408223
0 0.4277469818312216 0.520335614786513 0.01953125 0.02936857562408223
0 0.4316093413817835 0.5179597300169242 0.01953125 0.02936857562408223
0 0.4328382739660532 0.5211275763763759 0.01953125 0.02936857562408223
0 0.4189688919435813 0.5158478324439565 0.01953125 0.02936857562408223
0 0.4367006335166149 0.5174317556236824 0.01953125 0.02936857562408223
0 0.4405629930671767 0.5171677684270614 0.01953125 0.02936857562408223
0 0.4279225436289745 0.5367028209770126 0.01953125 0.02936857562408223
0 0.4333649593593116 0.5443584496790207 0.01953125 0.02936857562408223
0 0.4110686110447048 0.5443584496790207 0.01953125 0.02936857562408223
0 0.40966411666268243 0.5588777454931737 0.01953125 0.02936857562408223
0 0.42037338632560367 0.5673253357850445 0.01953125 0.02936857562408223
0 0.41984670093234533 0.5517500911844075 0.01953125 0.02936857562408223
0 0.4144042852020082 0.5433025008925367 0.01953125 0.02936857562408223
0 0.4259913638536936 0.556765847920206 0.01953125 0.02936857562408223
0 0.4142287234042554 0.556765847920206 0.01953125 0.02936857562408223
0 0.4207245099211094 0.5586137582965527 0.01953125 0.02936857562408223
0 0.429327038010997 0.5464703472519884 0.01953125 0.02936857562408223
0 0.4249379930671767 0.5512221167911657 0.01953125 0.02936857562408223
0 0.4309070941907723 0.5530700271675124 0.01953125 0.02936857562408223
0 0.43178490317953633 0.5580857839033109 0.01953125 0.02936857562408223
0 0.43599838632560367 0.564157489425593 0.01953125 0.02936857562408223
0 0.4316093413817835 0.564157489425593 0.01953125 0.02936857562408223
0 0.4280981054267274 0.5728690669140847 0.01953125 0.02936857562408223
0 0.4279225436289745 0.5818446315991975 0.01953125 0.02936857562408223
0 0.4312582177862779 0.5844845035654072 0.01953125 0.02936857562408223
0 0.4122975436289745 0.571021156537738 0.01953125 0.02936857562408223
0 0.4126486672244801 0.5773568492566411 0.01953125 0.02936857562408223
0 0.3959702964379632 0.5781488108465039 0.01953125 0.02936857562408223
0 0.3773607458761655 0.5351188977972868 0.01953125 0.02936857562408223
0 0.38087198183122173 0.5409266161229481 0.01953125 0.02936857562408223
0 0.3838565323930194 0.5776208364532621 0.01953125 0.02936857562408223
0 0.4175643975615587 0.5293111794716258 0.01953125 0.02936857562408223
0 0.43547170093234533 0.5388147185499804 0.01953125 0.02936857562408223
0 0.4319604649772891 0.5314230770445935 0.01953125 0.02936857562408223
0 0.4382806896963903 0.5469983216452303 0.01953125 0.02936857562408223
0 0.4381051278986374 0.5802607084194717 0.01953125 0.02936857562408223
0 0.4363495099211094 0.5723410925208429 0.01953125 0.02936857562408223
0 0.44872661666268226 0.5352508913955971 0.01953125 0.02936857562408223
0 0.4466198750896485 0.5283872242834522 0.01953125 0.02936857562408223
0 0.4352961391345923 0.5277272562918998 0.01953125 0.02936857562408223
0 0.4405629930671766 0.5235034611459644 0.01953125 0.02936857562408223
0 0.4442497908199856 0.53327098742094 0.01953125 0.02936857562408223
0 0.44530316160650246 0.5506941423979236 0.01953125 0.02936857562408223
0 0.44705877958403056 0.5586137582965524 0.01953125 0.02936857562408223
0 0.4481121503705474 0.5715491309309797 0.01953125 0.02936857562408223
0 0.44354754362897436 0.5744529900938102 0.01953125 0.02936857562408223
0 0.44705877958403056 0.5475262960384719 0.01953125 0.02936857562408223
0 0.43863181329189577 0.5335349746175609 0.01953125 0.02936857562408223
0 0.43915849868515416 0.5567658479202058 0.01953125 0.02936857562408223
0 0.4561879930671766 0.5805246956160925 0.01953125 0.02936857562408223
0 0.45847029643796317 0.5868603883349957 0.01953125 0.02936857562408223
0 0.45373012789863726 0.5942520298403826 0.01953125 0.02936857562408223
0 0.44653209419077217 0.5852764651552699 0.01953125 0.02936857562408223
0 0.4665461391345924 0.5013285366298033 0.01953125 0.02936857562408223
0 0.46882844250537886 0.524823397129069 0.01953125 0.02936857562408223
0 0.46092816160650246 0.5942520298403826 0.01953125 0.02936857562408223
0 0.46707282452785076 0.583428554778923 0.01953125 0.02936857562408223
0 0.47058406048290696 0.5810526700093344 0.01953125 0.02936857562408223
0 0.4707596222806597 0.5955719658234874 0.01953125 0.02936857562408223
0 0.48076664475256986 0.5773568492566409 0.01953125 0.02936857562408223
0 0.47637759980874966 0.5535980015607541 0.01953125 0.02936857562408223
0 0.44951664475256986 0.5308951026513513 0.01953125 0.02936857562408223
0 0.4904225436289744 0.5443584496790204 0.01953125 0.02936857562408223
0 0.47936215037054747 0.590556209087689 0.01953125 0.02936857562408223
0 0.48656018407841256 0.5443584496790204 0.01953125 0.02936857562408223
0 0.4937582177862777 0.5715491309309797 0.01953125 0.02936857562408223
0 0.4856823750896485 0.5752449516836732 0.01953125 0.02936857562408223
0 0.49024698183122156 0.5868603883349957 0.01953125 0.02936857562408223
0 0.49463602677504176 0.5855404523518908 0.01953125 0.02936857562408223
0 0.4816444537413339 0.5591417326897944 0.01953125 0.02936857562408223
0 0.42546467846043506 0.6016436713457695 0.01953125 0.02936857562408223
0 0.47549979081998556 0.5633655278357298 0.01953125 0.02936857562408223
0 0.46900400430313155 0.562045591852625 0.01953125 0.02936857562408223
0 0.474095296437963 0.5572938223134476 0.01953125 0.02936857562408223
0 0.47075962228065965 0.5541259759539962 0.01953125 0.02936857562408223
0 0.48041552115706415 0.5277272562918998 0.01953125 0.02936857562408223
0 0.4788354649772889 0.5356468721905286 0.01953125 0.02936857562408223
0 0.4848045661008844 0.532743013027698 0.01953125 0.02936857562408223
0 0.48445344250537875 0.5374947825668754 0.01953125 0.02936857562408223
0 0.4883158020559406 0.5580857839033105 0.01953125 0.02936857562408223
0 0.49235372340425515 0.5546539503472381 0.01953125 0.02936857562408223
0 0.4920025998087496 0.5609896430661412 0.01953125 0.02936857562408223
0 0.5037652402581878 0.583428554778923 0.01953125 0.02936857562408223
0 0.4984983863256035 0.5726050797174637 0.01953125 0.02936857562408223
0 0.49972731890987315 0.555973886330343 0.01953125 0.02936857562408223
0 0.49165147621324395 0.5240314355392062 0.01953125 0.02936857562408223
0 0.5076275998087496 0.5205996019831338 0.01953125 0.02936857562408223
0 0.49428490317953605 0.5285192178817627 0.01953125 0.02936857562408223
0 0.49656720655032255 0.5211275763763756 0.01953125 0.02936857562408223
0 0.49902507171886196 0.5425105393026737 0.01953125 0.02936857562408223
0 0.49551383576380575 0.547262308841851 0.01953125 0.02936857562408223
0 0.5065742290222327 0.5374947825668754 0.01953125 0.02936857562408223
0 0.5067497908199855 0.5562378735269637 0.01953125 0.02936857562408223
0 0.5104365885727945 0.5578217967066895 0.01953125 0.02936857562408223
0 0.508154285202008 0.5419825649094318 0.01953125 0.02936857562408223
0 0.5107877121683001 0.5351188977972866 0.01953125 0.02936857562408223
0 0.5158790043031315 0.5282552306851416 0.01953125 0.02936857562408223
0 0.5206191728424574 0.5227114995561014 0.01953125 0.02936857562408223
0 0.5151767571121203 0.5382867441567383 0.01953125 0.02936857562408223
0 0.5181613076739181 0.5417185777128107 0.01953125 0.02936857562408223
0 0.5213214200334686 0.5369668081736334 0.01953125 0.02936857562408223
0 0.5258860267750417 0.5374947825668754 0.01953125 0.02936857562408223
0 0.5253593413817833 0.5277272562918998 0.01953125 0.02936857562408223
0 0.5028874312694237 0.5229754867527224 0.01953125 0.02936857562408223
0 0.5025363076739181 0.5430385136959156 0.01953125 0.02936857562408223
0 0.511841082954817 0.5282552306851416 0.01953125 0.02936857562408223
0 0.5125433301458282 0.5221835251628596 0.01953125 0.02936857562408223
0 0.5293972627300979 0.548054270431714 0.01953125 0.02936857562408223
0 0.5214969818312215 0.555973886330343 0.01953125 0.02936857562408223
0 0.5185124312694237 0.5586137582965524 0.01953125 0.02936857562408223
0 0.5157034425053788 0.5570298351168267 0.01953125 0.02936857562408223
0 0.5060475436289743 0.5792047596329877 0.01953125 0.02936857562408223
0 0.5069253526177383 0.5887082987113423 0.01953125 0.02936857562408223
0 0.5069253526177383 0.5499021808080606 0.01953125 0.02936857562408223
0 0.5144745099211091 0.5485822448249559 0.01953125 0.02936857562408223
0 0.5116655211570641 0.5488462320215768 0.01953125 0.02936857562408223
0 0.5139478245278507 0.5322150386344561 0.01953125 0.02936857562408223
0 0.5167568132918956 0.49261695914131154 0.01953125 0.02936857562408223
0 0.523779285202008 0.5879163371214795 0.01953125 0.02936857562408223
0 0.5246570941907721 0.5673253357850443 0.01953125 0.02936857562408223
0 0.5330840604829069 0.569437233358012 0.01953125 0.02936857562408223
0 0.5339618694716709 0.5615176174593831 0.01953125 0.02936857562408223
0 0.534839678460435 0.5565018607235848 0.01953125 0.02936857562408223
0 0.5381753526177383 0.5541259759539962 0.01953125 0.02936857562408223
0 0.5313284425053788 0.5374947825668754 0.01953125 0.02936857562408223
0 0.5350152402581877 0.5406626289263269 0.01953125 0.02936857562408223
0 0.5408087795840305 0.5229754867527224 0.01953125 0.02936857562408223
0 0.5408087795840305 0.5364388337803915 0.01953125 0.02936857562408223
0 0.5406332177862777 0.5419825649094318 0.01953125 0.02936857562408223
0 0.5413354649772889 0.5469983216452301 0.01953125 0.02936857562408223
0 0.5415110267750417 0.5530700271675122 0.01953125 0.02936857562408223
0 0.543091082954817 0.5657414126053185 0.01953125 0.02936857562408223
0 0.5415110267750417 0.5697012205546329 0.01953125 0.02936857562408223
0 0.538526476213244 0.562309579049246 0.01953125 0.02936857562408223
0 0.48392675711212035 0.5887082987113423 0.01953125 0.02936857562408223
0 0.4800643975615586 0.6000597481660438 0.01953125 0.02936857562408223
0 0.48199557733683945 0.606395440884947 0.01953125 0.02936857562408223
0 0.48761355486492935 0.6071874024748098 0.01953125 0.02936857562408223
0 0.5174590604829069 0.5905562090876891 0.01953125 0.02936857562408223
0 0.5336107458761653 0.5211275763763756 0.01953125 0.02936857562408223
0 0.5367708582357159 0.5485822448249559 0.01953125 0.02936857562408223
0 0.5444955773368395 0.5382867441567383 0.01953125 0.02936857562408223
0 0.5553804087975136 0.5277272562918998 0.01953125 0.02936857562408223
0 0.558716082954817 0.5271992818986578 0.01953125 0.02936857562408223
0 0.5513424874491989 0.5351188977972866 0.01953125 0.02936857562408223
0 0.5529225436289743 0.5380227569601173 0.01953125 0.02936857562408223
0 0.5594183301458282 0.5388147185499802 0.01953125 0.02936857562408223
0 0.5497624312694238 0.5591417326897944 0.01953125 0.02936857562408223
0 0.5483579368874012 0.5554459119371009 0.01953125 0.02936857562408223
0 0.5416865885727945 0.4897130999784809 0.01953125 0.02936857562408223
0 0.5006051278986372 0.5897642474978263 0.01953125 0.02936857562408223
0 0.4697062514941428 0.6029636073288743 0.01953125 0.02936857562408223
0 0.45917254362897425 0.6029636073288743 0.01953125 0.02936857562408223
0 0.5404576559885248 0.5781488108465038 0.01953125 0.02936857562408223
0 0.5418621503705473 0.5895002603012053 0.01953125 0.02936857562408223
0 0.5392287234042552 0.5960999402167294 0.01953125 0.02936857562408223
0 0.5350152402581877 0.5895002603012053 0.01953125 0.02936857562408223
0 0.558716082954817 0.5530700271675122 0.01953125 0.02936857562408223
0 0.5497624312694238 0.5388147185499802 0.01953125 0.02936857562408223
0 0.5409843413817833 0.5306311154547303 0.01953125 0.02936857562408223
0 0.5462511953143676 0.5248233971290692 0.01953125 0.02936857562408223
0 0.5629295661008844 0.5356468721905286 0.01953125 0.02936857562408223
0 0.570654285202008 0.5266713075054158 0.01953125 0.02936857562408223
0 0.5659141166626821 0.5414545905161899 0.01953125 0.02936857562408223
0 0.5680208582357159 0.5528060399708913 0.01953125 0.02936857562408223
0 0.5708298469997608 0.5443584496790204 0.01953125 0.02936857562408223
0 0.5701275998087496 0.5406626289263269 0.01953125 0.02936857562408223
0 0.5646851840784125 0.5462063600553672 0.01953125 0.02936857562408223
0 0.560471700932345 0.5596697070830363 0.01953125 0.02936857562408223
0 0.5495868694716709 0.547262308841851 0.01953125 0.02936857562408223
0 0.5523958582357159 0.56890925896477 0.01953125 0.02936857562408223
0 0.5548537234042552 0.5636295150323508 0.01953125 0.02936857562408223
0 0.5625784425053788 0.5712851437343588 0.01953125 0.02936857562408223
0 0.5701275998087496 0.5707571693411168 0.01953125 0.02936857562408223
0 0.5699520380109967 0.5644214766222136 0.01953125 0.02936857562408223
0 0.5662652402581877 0.5601976814762782 0.01953125 0.02936857562408223
0 0.5293972627300979 0.5831645675823022 0.01953125 0.02936857562408223
0 0.5157034425053788 0.5670613485884234 0.01953125 0.02936857562408223
0 0.5148256335166147 0.561781604656004 0.01953125 0.02936857562408223
0 0.566089678460435 0.5295751666682464 0.01953125 0.02936857562408223
0 0.5631051278986372 0.5216555507696176 0.01953125 0.02936857562408223
0 0.5746922065503226 0.49340892073117437 0.01953125 0.02936857562408223
0 0.5681964200334687 0.5369668081736334 0.01953125 0.02936857562408223
0 0.562402880707626 0.5781488108465038 0.01953125 0.02936857562408223
0 0.5638073750896484 0.5831645675823022 0.01953125 0.02936857562408223
0 0.5471290043031316 0.5831645675823022 0.01953125 0.02936857562408223
0 0.5532736672244799 0.5805246956160925 0.01953125 0.02936857562408223
0 0.555907094190772 0.5963639274133503 0.01953125 0.02936857562408223
0 0.5597694537413338 0.5945160170370035 0.01953125 0.02936857562408223
0 0.5650363076739181 0.5966279146099712 0.01953125 0.02936857562408223
0 0.5718832177862777 0.5887082987113423 0.01953125 0.02936857562408223
0 0.5748677683480754 0.5615176174593831 0.01953125 0.02936857562408223
0 0.5446711391345922 0.5992677865761808 0.01953125 0.02936857562408223
0 0.5437933301458282 0.5953079786268666 0.01953125 0.02936857562408223
0 0.5313284425053788 0.5879163371214795 0.01953125 0.02936857562408223
0 0.5239548469997608 0.5966279146099712 0.01953125 0.02936857562408223
0 0.5181613076739181 0.577356849256641 0.01953125 0.02936857562408223
0 0.527466082954817 0.5609896430661412 0.01953125 0.02936857562408223
0 0.5139478245278507 0.5710211565377378 0.01953125 0.02936857562408223
0 0.49358265598852485 0.5934600682505198 0.01953125 0.02936857562408223
0 0.536595296437963 0.5997957609694229 0.01953125 0.02936857562408223
0 0.5167568132918956 0.6008517097559067 0.01953125 0.02936857562408223
0 0.47005737508964845 0.56890925896477 0.01953125 0.02936857562408223
0 0.5736388357638058 0.5324790258310771 0.01953125 0.02936857562408223
0 0.5753944537413338 0.5488462320215768 0.01953125 0.02936857562408223
0 0.5701275998087496 0.5755089388802942 0.01953125 0.02936857562408223
0 0.5711809705952664 0.5799967212228505 0.01953125 0.02936857562408223
0 0.5643340604829069 0.5905562090876891 0.01953125 0.02936857562408223
0 0.5213214200334686 0.562309579049246 0.01953125 0.02936857562408223
0 0.5139478245278507 0.52508738432569 0.01953125 0.02936857562408223
0 0.5919850436289744 0.4956528119024526 0.01953125 0.02936857562408223
0 0.6060299874491992 0.49934863265514606 0.01953125 0.02936857562408223
0 0.6207771784604351 0.49829268386866227 0.01953125 0.02936857562408223
0 0.6320131335166149 0.4956528119024526 0.01953125 0.02936857562408223
0 0.5779400998087497 0.5294431730699359 0.01953125 0.02936857562408223
0 0.5842603245278509 0.5283872242834522 0.01953125 0.02936857562408223
0 0.5818024593593115 0.5310270962496617 0.01953125 0.02936857562408223
0 0.5814513357638059 0.535778865788839 0.01953125 0.02936857562408223
0 0.5825047065503228 0.5410586097212584 0.01953125 0.02936857562408223
0 0.5772378526177385 0.5421145585077422 0.01953125 0.02936857562408223
0 0.5786423469997609 0.5384187377550488 0.01953125 0.02936857562408223
0 0.5744288638536935 0.5394746865415326 0.01953125 0.02936857562408223
0 0.5747799874491992 0.543698481687468 0.01953125 0.02936857562408223
0 0.5866304087975138 0.532479025831077 0.01953125 0.02936857562408223
0 0.588210464977289 0.5372307953702544 0.01953125 0.02936857562408223
0 0.5767989481233564 0.5525420527742704 0.01953125 0.02936857562408223
0 0.5776767571121205 0.5591417326897944 0.01953125 0.02936857562408223
0 0.5825924874491992 0.5485822448249559 0.01953125 0.02936857562408223
0 0.5854014762132441 0.5517500911844074 0.01953125 0.02936857562408223
0 0.5857525998087497 0.561781604656004 0.01953125 0.02936857562408223
0 0.581890240258188 0.5615176174593831 0.01953125 0.02936857562408223
0 0.5797834986851542 0.5562378735269637 0.01953125 0.02936857562408223
0 0.591897262730098 0.5499021808080606 0.01953125 0.02936857562408223
0 0.5929506335166149 0.5448864240722623 0.01953125 0.02936857562408223
0 0.5887371503705474 0.5433025008925365 0.01953125 0.02936857562408223
0 0.5861037234042554 0.5417185777128107 0.01953125 0.02936857562408223
0 0.5773256335166149 0.5654774254086975 0.01953125 0.02936857562408223
0 0.5729365885727947 0.5633655278357298 0.01953125 0.02936857562408223
0 0.5848747908199857 0.5712851437343588 0.01953125 0.02936857562408223
0 0.5885615885727947 0.56890925896477 0.01953125 0.02936857562408223
0 0.583645858235716 0.5654774254086975 0.01953125 0.02936857562408223
0 0.5748677683480755 0.5744529900938102 0.01953125 0.02936857562408223
0 0.581890240258188 0.5807886828127133 0.01953125 0.02936857562408223
0 0.5759211391345924 0.5802607084194715 0.01953125 0.02936857562408223
0 0.5681964200334688 0.5976838633964552 0.01953125 0.02936857562408223
0 0.5618761953143677 0.6037555689187374 0.01953125 0.02936857562408223
0 0.5543270380109969 0.6211787238957209 0.01953125 0.02936857562408223
0 0.5706542852020081 0.605867466491705 0.01953125 0.02936857562408223
0 0.5878593413817835 0.5881803243181004 0.01953125 0.02936857562408223
0 0.5920728245278509 0.5786767852397456 0.01953125 0.02936857562408223
0 0.5854014762132441 0.5781488108465038 0.01953125 0.02936857562408223
0 0.5859281616065025 0.598475824986318 0.01953125 0.02936857562408223
0 0.5843481054267273 0.605603479295084 0.01953125 0.02936857562408223
0 0.5811879930671767 0.6090353128511565 0.01953125 0.02936857562408223
0 0.595584060482907 0.5842205163687859 0.01953125 0.02936857562408223
0 0.5885615885727947 0.5596697070830363 0.01953125 0.02936857562408223
0 0.591897262730098 0.539870667336464 0.01953125 0.02936857562408223
0 0.5913705773368396 0.532479025831077 0.01953125 0.02936857562408223
0 0.5969885548649295 0.5351188977972866 0.01953125 0.02936857562408223
0 0.5959351840784126 0.5541259759539962 0.01953125 0.02936857562408223
0 0.583645858235716 0.5939880426437617 0.01953125 0.02936857562408223
0 0.5750433301458284 0.5855404523518908 0.01953125 0.02936857562408223
0 0.5509913638536935 0.6090353128511565 0.01953125 0.02936857562408223
0 0.5494113076739183 0.6145790439801967 0.01953125 0.02936857562408223
0 0.5466023189098733 0.6240825830585515 0.01953125 0.02936857562408223
0 0.5922483863256036 0.6224986598788258 0.01953125 0.02936857562408223
0 0.579959060482907 0.6232906214686886 0.01953125 0.02936857562408223
0 0.5913705773368396 0.5543899631506171 0.01953125 0.02936857562408223
0 0.5980419256514464 0.5438304752857785 0.01953125 0.02936857562408223
0 0.6019042852020081 0.539606680139843 0.01953125 0.02936857562408223
0 0.6031332177862778 0.5462063600553672 0.01953125 0.02936857562408223
0 0.60014866722448 0.5591417326897944 0.01953125 0.02936857562408223
0 0.5954084986851542 0.5646854638188347 0.01953125 0.02936857562408223
0 0.5931261953143677 0.561781604656004 0.01953125 0.02936857562408223
0 0.6013775998087497 0.5683812845715281 0.01953125 0.02936857562408223
0 0.6040110267750419 0.5744529900938102 0.01953125 0.02936857562408223
0 0.5971641166626823 0.5707571693411168 0.01953125 0.02936857562408223
0 0.5997975436289745 0.5786767852397456 0.01953125 0.02936857562408223
0 0.6015531616065025 0.5865964011383746 0.01953125 0.02936857562408223
0 0.5980419256514464 0.5902922218910681 0.01953125 0.02936857562408223
0 0.5913705773368396 0.5921401322674149 0.01953125 0.02936857562408223
0 0.5931261953143677 0.5897642474978261 0.01953125 0.02936857562408223
0 0.6003242290222329 0.5939880426437617 0.01953125 0.02936857562408223
0 0.6047132739660531 0.5971558890032131 0.01953125 0.02936857562408223
0 0.6043621503705475 0.6021716457390115 0.01953125 0.02936857562408223
0 0.60014866722448 0.6034915817221163 0.01953125 0.02936857562408223
0 0.5941795661008845 0.6132591079970919 0.01953125 0.02936857562408223
0 0.5903172065503228 0.6045475305086002 0.01953125 0.02936857562408223
0 0.6024309705952666 0.6174829031430276 0.01953125 0.02936857562408223
0 0.6099801278986374 0.6026996201322534 0.01953125 0.02936857562408223
0 0.6084000717188621 0.6124671464072291 0.01953125 0.02936857562408223
0 0.613140240258188 0.6114111976207453 0.01953125 0.02936857562408223
0 0.6173537234042554 0.6114111976207453 0.01953125 0.02936857562408223
0 0.617704846999761 0.6013796841491487 0.01953125 0.02936857562408223
0 0.6163003526177385 0.5971558890032131 0.01953125 0.02936857562408223
0 0.6071711391345924 0.5821086187958182 0.01953125 0.02936857562408223
0 0.6134913638536935 0.5836925419755441 0.01953125 0.02936857562408223
0 0.6127891166626823 0.577356849256641 0.01953125 0.02936857562408223
0 0.6084000717188621 0.5707571693411168 0.01953125 0.02936857562408223
0 0.609453442505379 0.5633655278357298 0.01953125 0.02936857562408223
0 0.6071711391345924 0.5578217967066895 0.01953125 0.02936857562408223
0 0.6036599031795362 0.5522780655776492 0.01953125 0.02936857562408223
0 0.6076978245278509 0.5509581295945445 0.01953125 0.02936857562408223
0 0.607522262730098 0.5433025008925365 0.01953125 0.02936857562408223
0 0.6105068132918958 0.5414545905161899 0.01953125 0.02936857562408223
0 0.607522262730098 0.5372307953702544 0.01953125 0.02936857562408223
0 0.6120868694716711 0.5335349746175609 0.01953125 0.02936857562408223
0 0.6134913638536935 0.5382867441567383 0.01953125 0.02936857562408223
0 0.6152469818312216 0.5406626289263269 0.01953125 0.02936857562408223
0 0.6180559705952666 0.5377587697634962 0.01953125 0.02936857562408223
0 0.6219183301458284 0.53327098742094 0.01953125 0.02936857562408223
0 0.6206893975615587 0.5417185777128107 0.01953125 0.02936857562408223
0 0.6136669256514464 0.5435664880891575 0.01953125 0.02936857562408223
0 0.6124379930671767 0.547262308841851 0.01953125 0.02936857562408223
0 0.6189337795840306 0.5559738863303427 0.01953125 0.02936857562408223
0 0.6143691728424576 0.5562378735269637 0.01953125 0.02936857562408223
0 0.6133158020559407 0.5506941423979236 0.01953125 0.02936857562408223
0 0.6240250717188621 0.5596697070830363 0.01953125 0.02936857562408223
0 0.6171781616065025 0.5615176174593831 0.01953125 0.02936857562408223
0 0.6201627121683003 0.5789407724363668 0.01953125 0.02936857562408223
0 0.6238495099211093 0.5660053998019394 0.01953125 0.02936857562408223
0 0.6270096222806599 0.5726050797174637 0.01953125 0.02936857562408223
0 0.6261318132918958 0.5786767852397456 0.01953125 0.02936857562408223
0 0.6208649593593115 0.5636295150323508 0.01953125 0.02936857562408223
0 0.6266584986851542 0.5939880426437617 0.01953125 0.02936857562408223
0 0.629643049246952 0.6053394920984632 0.01953125 0.02936857562408223
0 0.6249028807076261 0.6114111976207453 0.01953125 0.02936857562408223
0 0.613140240258188 0.6000597481660438 0.01953125 0.02936857562408223
0 0.6215672065503228 0.5958359530201084 0.01953125 0.02936857562408223
0 0.6326275998087497 0.6145790439801967 0.01953125 0.02936857562408223
0 0.633329846999761 0.5953079786268666 0.01953125 0.02936857562408223
0 0.617704846999761 0.5322150386344561 0.01953125 0.02936857562408223
0 0.6299941728424576 0.5546539503472381 0.01953125 0.02936857562408223
0 0.6285896784604352 0.5628375534424879 0.01953125 0.02936857562408223
0 0.6347343413817834 0.5660053998019394 0.01953125 0.02936857562408223
0 0.6364899593593115 0.5731330541107055 0.01953125 0.02936857562408223
0 0.6331542852020081 0.5720771053242216 0.01953125 0.02936857562408223
0 0.6349099031795362 0.5799967212228505 0.01953125 0.02936857562408223
0 0.6380700155390868 0.5805246956160925 0.01953125 0.02936857562408223
0 0.6340320941907722 0.5868603883349957 0.01953125 0.02936857562408223
0 0.6306964200334688 0.5865964011383746 0.01953125 0.02936857562408223
0 0.63701664475257 0.5997957609694229 0.01953125 0.02936857562408223
0 0.6373677683480755 0.6087713256545356 0.01953125 0.02936857562408223
0 0.6414056896963902 0.6032275945254953 0.01953125 0.02936857562408223
0 0.6419323750896486 0.591612157874173 0.01953125 0.02936857562408223
0 0.6457947346402104 0.5958359530201084 0.01953125 0.02936857562408223
0 0.6466725436289744 0.6077153768680518 0.01953125 0.02936857562408223
0 0.6540461391345924 0.6095632872443985 0.01953125 0.02936857562408223
0 0.6345587795840306 0.6251385318450353 0.01953125 0.02936857562408223
0 0.6271851840784126 0.5430385136959156 0.01953125 0.02936857562408223
0 0.6245517571121205 0.5411906033195688 0.01953125 0.02936857562408223
0 0.6257806896963902 0.5359108593871497 0.01953125 0.02936857562408223
0 0.6433368694716711 0.5657414126053185 0.01953125 0.02936857562408223
0 0.6306964200334688 0.5367028209770125 0.01953125 0.02936857562408223
0 0.6315742290222329 0.5448864240722623 0.01953125 0.02936857562408223
0 0.63701664475257 0.5443584496790204 0.01953125 0.02936857562408223
0 0.6371922065503228 0.5562378735269637 0.01953125 0.02936857562408223
0 0.6454436110447048 0.5863324139417536 0.01953125 0.02936857562408223
0 0.653519453741334 0.6177468903396484 0.01953125 0.02936857562408223
0 0.6540461391345924 0.6240825830585515 0.01953125 0.02936857562408223
0 0.6521149593593115 0.5821086187958182 0.01953125 0.02936857562408223
0 0.6482525998087497 0.5733970413073265 0.01953125 0.02936857562408223
0 0.6426346222806598 0.5755089388802942 0.01953125 0.02936857562408223
0 0.6382455773368396 0.5361748465837706 0.01953125 0.02936857562408223
0 0.6408790043031317 0.5485822448249559 0.01953125 0.02936857562408223
0 0.6343832177862778 0.5430385136959156 0.01953125 0.02936857562408223
0 0.6554506335166149 0.5958359530201084 0.01953125 0.02936857562408223
0 0.6607174874491992 0.6042835433119792 0.01953125 0.02936857562408223
0 0.6649309705952666 0.6227626470754467 0.01953125 0.02936857562408223
0 0.6556261953143677 0.5670613485884234 0.01953125 0.02936857562408223
0 0.6477259144154913 0.53327098742094 0.01953125 0.02936857562408223
0 0.6475503526177385 0.5401346545330851 0.01953125 0.02936857562408223
0 0.6549239481233564 0.5340629490108029 0.01953125 0.02936857562408223
0 0.6540461391345924 0.5443584496790204 0.01953125 0.02936857562408223
0 0.6568551278986374 0.5438304752857785 0.01953125 0.02936857562408223
0 0.6561528807076262 0.5491102192181978 0.01953125 0.02936857562408223
0 0.6558017571121205 0.5546539503472381 0.01953125 0.02936857562408223
0 0.6640531616065025 0.5369668081736334 0.01953125 0.02936857562408223
0 0.6594885548649295 0.5443584496790204 0.01953125 0.02936857562408223
0 0.6656332177862778 0.5522780655776492 0.01953125 0.02936857562408223
0 0.6417568132918958 0.5417185777128107 0.01953125 0.02936857562408223
0 0.653519453741334 0.539870667336464 0.01953125 0.02936857562408223
0 0.6529927683480755 0.5359108593871497 0.01953125 0.02936857562408223
0 0.6559773189098733 0.5388147185499802 0.01953125 0.02936857562408223
0 0.6436879930671767 0.5826365931890601 0.01953125 0.02936857562408223
0 0.6508860267750419 0.562045591852625 0.01953125 0.02936857562408223
0 0.653519453741334 0.5535980015607541 0.01953125 0.02936857562408223
0 0.6405278807076262 0.5628375534424879 0.01953125 0.02936857562408223
0 0.6382455773368396 0.5921401322674149 0.01953125 0.02936857562408223
0 0.6489987374491991 0.5479882736325586 0.01953125 0.02936857562408223
0 0.6604102543031317 0.5574918127109134 0.01953125 0.02936857562408223
0 0.6616391868874014 0.5498361840089054 0.01953125 0.02936857562408223
0 0.6651504228424575 0.5490442224190425 0.01953125 0.02936857562408223
0 0.6654137655390867 0.5452164080680385 0.01953125 0.02936857562408223
0 0.6690127823930193 0.5454803952646595 0.01953125 0.02936857562408223
0 0.6669060408199856 0.5399366641356192 0.01953125 0.02936857562408223
0 0.6604102543031317 0.538484734554204 0.01953125 0.02936857562408223
0 0.6683983161008845 0.5630355438399536 0.01953125 0.02936857562408223
0 0.6770886250896485 0.5458763760595909 0.01953125 0.02936857562408223
0 0.6798976138536934 0.553004030368357 0.01953125 0.02936857562408223
0 0.6760352543031317 0.5695032301571673 0.01953125 0.02936857562408223
0 0.6799853947525698 0.5660713966010946 0.01953125 0.02936857562408223
0 0.683057726213244 0.5553799151379456 0.01953125 0.02936857562408223
0 0.6720851138536934 0.5357128689896837 0.01953125 0.02936857562408223
0 0.6754207880109968 0.5408606193237927 0.01953125 0.02936857562408223
0 0.6650626419435811 0.5599996910788125 0.01953125 0.02936857562408223
0 0.6379383441907721 0.5623755758484011 0.01953125 0.02936857562408223
0 0.6425029509323452 0.5370328049727886 0.01953125 0.02936857562408223
0 0.6729629228424575 0.556039883129498 0.01953125 0.02936857562408223
0 0.6698028104829069 0.538484734554204 0.01953125 0.02936857562408223
0 0.6777908722806598 0.556303870326119 0.01953125 0.02936857562408223
0 0.671558428460435 0.5700312045504091 0.01953125 0.02936857562408223
0 0.6655015464379631 0.568315287772373 0.01953125 0.02936857562408223
0 0.6659843413817834 0.5789407724363668 0.01953125 0.02936857562408223
0 0.6608930492469519 0.5918761450707939 0.01953125 0.02936857562408223
0 0.6619464200334688 0.5979478505930761 0.01953125 0.02936857562408223
0 0.6638775998087497 0.5955719658234874 0.01953125 0.02936857562408223
0 0.6549239481233564 0.6021716457390115 0.01953125 0.02936857562408223
0 0.6694955773368396 0.6026996201322534 0.01953125 0.02936857562408223
0 0.6679155211570643 0.5931960810538988 0.01953125 0.02936857562408223
0 0.6586107458761654 0.5604616686728993 0.01953125 0.02936857562408223
0 0.6724801278986373 0.6008517097559066 0.01953125 0.02936857562408223
0 0.6780981054267272 0.5990037993795598 0.01953125 0.02936857562408223
0 0.6752891166626822 0.6040195561153583 0.01953125 0.02936857562408223
0 0.6814337795840306 0.5974198761998342 0.01953125 0.02936857562408223
0 0.681960464977289 0.5477902832350929 0.01953125 0.02936857562408223
0 0.682838273966053 0.5419825649094318 0.01953125 0.02936857562408223
0 0.6942497908199857 0.5419825649094318 0.01953125 0.02936857562408223
0 0.6940742290222329 0.546470347251988 0.01953125 0.02936857562408223
0 0.6956542852020081 0.554917937543859 0.01953125 0.02936857562408223
0 0.6928452964379631 0.5504301552013026 0.01953125 0.02936857562408223
0 0.6933719818312216 0.5628375534424879 0.01953125 0.02936857562408223
0 0.6923186110447048 0.5720771053242216 0.01953125 0.02936857562408223
0 0.6981121503705474 0.562309579049246 0.01953125 0.02936857562408223
0 0.6970587795840306 0.5715491309309797 0.01953125 0.02936857562408223
0 0.6935475436289744 0.5813166572059554 0.01953125 0.02936857562408223
0 0.700394453741334 0.5747169772904313 0.01953125 0.02936857562408223
0 0.6944253526177385 0.5887082987113423 0.01953125 0.02936857562408223
0 0.6928452964379631 0.5931960810538988 0.01953125 0.02936857562408223
0 0.6963565323930193 0.6011156969525276 0.01953125 0.02936857562408223
0 0.6949520380109969 0.6082433512612936 0.01953125 0.02936857562408223
0 0.7028523189098733 0.5448864240722623 0.01953125 0.02936857562408223
0 0.69951664475257 0.5435664880891575 0.01953125 0.02936857562408223
0 0.6988143975615587 0.5506941423979236 0.01953125 0.02936857562408223
0 0.7035106756514463 0.559603710283881 0.01953125 0.02936857562408223
0 0.7056174172244801 0.5556439023345666 0.01953125 0.02936857562408223
0 0.7044762655390868 0.5531360239666675 0.01953125 0.02936857562408223
0 0.7022817430671767 0.5679193069774414 0.01953125 0.02936857562408223
0 0.703861799246952 0.5739910124997236 0.01953125 0.02936857562408223
0 0.7053540745278509 0.5801947116203162 0.01953125 0.02936857562408223
0 0.7023695239660531 0.5889062891088079 0.01953125 0.02936857562408223
0 0.7164144677862778 0.5482522608291797 0.01953125 0.02936857562408223
0 0.7207157318312216 0.5441604592815547 0.01953125 0.02936857562408223
0 0.7110598329548172 0.5408606193237927 0.01953125 0.02936857562408223
0 0.7096553385727947 0.5501001712055263 0.01953125 0.02936857562408223
0 0.7117620801458283 0.5584157678990866 0.01953125 0.02936857562408223
0 0.7167655913817834 0.5697672173537882 0.01953125 0.02936857562408223
0 0.7167655913817834 0.5824386027915944 0.01953125 0.02936857562408223
0 0.7107087093593115 0.5841545195696307 0.01953125 0.02936857562408223
0 0.7078997205952666 0.5895662571003604 0.01953125 0.02936857562408223
0 0.7178189621683002 0.5553799151379456 0.01953125 0.02936857562408223
0 0.7200134846402104 0.5537959919582199 0.01953125 0.02936857562408223
0 0.7301082880109969 0.541784574511966 0.01953125 0.02936857562408223
0 0.7312494396963902 0.5482522608291797 0.01953125 0.02936857562408223
0 0.7276504228424576 0.5510241263936998 0.01953125 0.02936857562408223
0 0.7213301981233564 0.5581517807024657 0.01953125 0.02936857562408223
0 0.7260703666626824 0.5630355438399536 0.01953125 0.02936857562408223
0 0.7258948048649295 0.574123006098034 0.01953125 0.02936857562408223
0 0.6996044256514464 0.5854084587535803 0.01953125 0.02936857562408223
0 0.7206718413817835 0.5830325739839916 0.01953125 0.02936857562408223
0 0.7140004930671767 0.5864644075400642 0.01953125 0.02936857562408223
0 0.7301521784604352 0.5603296750745888 0.01953125 0.02936857562408223
0 0.7273431896963902 0.5864644075400642 0.01953125 0.02936857562408223
0 0.7169850436289745 0.602567626533943 0.01953125 0.02936857562408223
0 0.7031156616065026 0.6155029991683703 0.01953125 0.02936857562408223
0 0.7004822346402105 0.6244785638534829 0.01953125 0.02936857562408223
0 0.6929330773368396 0.6207827431007894 0.01953125 0.02936857562408223
0 0.6869639762132442 0.6202547687075475 0.01953125 0.02936857562408223
0 0.6808193132918959 0.6271184358196925 0.01953125 0.02936857562408223
0 0.7125959986851543 0.6234226150669991 0.01953125 0.02936857562408223
0 0.7038179087975138 0.6392618468642569 0.01953125 0.02936857562408223
0 0.6669499312694239 0.6392618468642569 0.01953125 0.02936857562408223
0 0.7392813919435812 0.6234226150669991 0.01953125 0.02936857562408223
0 0.7287476840784128 0.6112792040224347 0.01953125 0.02936857562408223
0 0.7213740885727947 0.6255345126399667 0.01953125 0.02936857562408223
0 0.7408614481233566 0.6350380517183215 0.01953125 0.02936857562408223
0 0.7494639762132442 0.6358300133081843 0.01953125 0.02936857562408223
0 0.7354190323930195 0.6276464102129344 0.01953125 0.02936857562408223
0 0.7510440323930195 0.6149750247751282 0.01953125 0.02936857562408223
0 0.7554330773368396 0.6215747046906523 0.01953125 0.02936857562408223
0 0.7691268975615588 0.6302862821791441 0.01953125 0.02936857562408223
0 0.7777294256514464 0.6582689250209662 0.01953125 0.02936857562408223
0 0.7331367290222329 0.6635486689533856 0.01953125 0.02936857562408223
0 0.7738670661008847 0.638733872471015 0.01953125 0.02936857562408223
0 0.7828207177862778 0.6374139364879101 0.01953125 0.02936857562408223
0 0.7793094818312216 0.6273824230163136 0.01953125 0.02936857562408223
0 0.7745693132918958 0.6184068583312008 0.01953125 0.02936857562408223
0 0.7622799874491992 0.602567626533943 0.01953125 0.02936857562408223
0 0.7594709986851543 0.6125991400055395 0.01953125 0.02936857562408223
0 0.7520974031795363 0.6086393320562251 0.01953125 0.02936857562408223
0 0.7477083582357161 0.602567626533943 0.01953125 0.02936857562408223
0 0.7471816728424576 0.6086393320562251 0.01953125 0.02936857562408223
0 0.7424415043031317 0.602567626533943 0.01953125 0.02936857562408223
0 0.7494639762132442 0.5906882026859996 0.01953125 0.02936857562408223
0 0.7459527402581879 0.5534660079624436 0.01953125 0.02936857562408223
0 0.7592954368874015 0.5851444715569594 0.01953125 0.02936857562408223
0 0.7556086391345925 0.5766968812650884 0.01953125 0.02936857562408223
0 0.7522729649772891 0.580392702017782 0.01953125 0.02936857562408223
0 0.7492884144154914 0.573001060512395 0.01953125 0.02936857562408223
0 0.7512195941907723 0.5637615086306613 0.01953125 0.02936857562408223
0 0.7419148189098734 0.5600656878779677 0.01953125 0.02936857562408223
0 0.7638600436289745 0.6374139364879101 0.01953125 0.02936857562408223
0 0.7664934705952667 0.6123351528089186 0.01953125 0.02936857562408223
0 0.74248539475257 0.5688432621656149 0.01953125 0.02936857562408223
0 0.7531946644154914 0.5945820138361588 0.01953125 0.02936857562408223
0 0.7554769677862778 0.5923381226648806 0.01953125 0.02936857562408223
0 0.7500345520559407 0.5840225259713203 0.01953125 0.02936857562408223
0 0.7635528104829071 0.5865304043392193 0.01953125 0.02936857562408223
0 0.7616216307076262 0.5943180266395379 0.01953125 0.02936857562408223
0 0.7819429087975138 0.6213107174940313 0.01953125 0.02936857562408223
0 0.7833474031795362 0.6112792040224347 0.01953125 0.02936857562408223
0 0.7942322346402103 0.5500341744063711 0.01953125 0.02936857562408223
0 0.7689513357638059 0.6017756649440801 0.01953125 0.02936857562408223
0 0.7896676278986373 0.6054714856967736 0.01953125 0.02936857562408223
0 0.7928277402581879 0.6102232552359509 0.01953125 0.02936857562408223
0 0.7903698750896486 0.616558947954854 0.01953125 0.02936857562408223
0 0.7879120099211092 0.623950589460241 0.01953125 0.02936857562408223
0 0.8012547065503228 0.6292303333926602 0.01953125 0.02936857562408223
0 0.796338976213244 0.6397898212574987 0.01953125 0.02936857562408223
0 0.790018751494143 0.6403177956507408 0.01953125 0.02936857562408223
0 0.7455138357638058 0.5390787057466011 0.01953125 0.02936857562408223
0 0.7523607458761654 0.5440944624823993 0.01953125 0.02936857562408223
0 0.7571009144154912 0.5488462320215768 0.01953125 0.02936857562408223
0 0.7827329368874014 0.546734334448609 0.01953125 0.02936857562408223
0 0.7946711391345924 0.5562378735269637 0.01953125 0.02936857562408223
0 0.7855419256514463 0.5359108593871496 0.01953125 0.02936857562408223
0 0.7618410829548171 0.5562378735269637 0.01953125 0.02936857562408223
0 0.7476205773368396 0.546734334448609 0.01953125 0.02936857562408223
0 0.7486739481233564 0.5446224368756414 0.01953125 0.02936857562408223
0 0.7448115885727947 0.5528060399708912 0.01953125 0.02936857562408223
0 0.7434070941907721 0.5483182576283349 0.01953125 0.02936857562408223
0 0.8074871503705474 0.5448864240722623 0.01953125 0.02936857562408223
0 0.8059070941907721 0.5520140783810282 0.01953125 0.02936857562408223
0 0.8122273189098733 0.56890925896477 0.01953125 0.02936857562408223
0 0.7927399593593115 0.5966279146099712 0.01953125 0.02936857562408223
0 0.7994113076739182 0.5865964011383745 0.01953125 0.02936857562408223
0 0.8018691728424576 0.6013796841491487 0.01953125 0.02936857562408223
0 0.7962511953143677 0.5918761450707939 0.01953125 0.02936857562408223
0 0.806960464977289 0.5876523499248585 0.01953125 0.02936857562408223
0 0.8076627121683002 0.5744529900938102 0.01953125 0.02936857562408223
0 0.8094183301458283 0.5818446315991972 0.01953125 0.02936857562408223
0 0.8055559705952666 0.5807886828127133 0.01953125 0.02936857562408223
0 0.7981823750896486 0.6100912616376404 0.01953125 0.02936857562408223
0 0.8011669256514463 0.6190668263227531 0.01953125 0.02936857562408223
0 0.8055559705952666 0.6077153768680518 0.01953125 0.02936857562408223
0 0.8071360267750419 0.6169549287497854 0.01953125 0.02936857562408223
0 0.8097694537413339 0.5931960810538988 0.01953125 0.02936857562408223
0 0.7983579368874014 0.5963639274133502 0.01953125 0.02936857562408223
0 0.8141584986851541 0.5966279146099712 0.01953125 0.02936857562408223
0 0.8204787234042553 0.5829005803856812 0.01953125 0.02936857562408223
0 0.822585464977289 0.5931960810538988 0.01953125 0.02936857562408223
0 0.8278523189098733 0.5858044395485117 0.01953125 0.02936857562408223
0 0.8273256335166148 0.5768288748633988 0.01953125 0.02936857562408223
0 0.8217076559885249 0.5741890028971892 0.01953125 0.02936857562408223
0 0.8248677683480755 0.5588777454931734 0.01953125 0.02936857562408223
0 0.8196009144154912 0.554653950347238 0.01953125 0.02936857562408223
0 0.8139829368874014 0.540398641729706 0.01953125 0.02936857562408223
0 0.8111739481233564 0.540398641729706 0.01953125 0.02936857562408223
0 0.8118761953143677 0.5361748465837705 0.01953125 0.02936857562408223
0 0.8097694537413339 0.540398641729706 0.01953125 0.02936857562408223
0 0.804151476213244 0.5448864240722623 0.01953125 0.02936857562408223
0 0.8162652402581879 0.5483182576283349 0.01953125 0.02936857562408223
0 0.8282034425053788 0.5488462320215768 0.01953125 0.02936857562408223
0 0.8318902402581879 0.5446224368756414 0.01953125 0.02936857562408223
0 0.8359281616065025 0.5789407724363667 0.01953125 0.02936857562408223
0 0.8343481054267272 0.5871243755316164 0.01953125 0.02936857562408223
0 0.822585464977289 0.6087713256545355 0.01953125 0.02936857562408223
0 0.8362792852020081 0.6087713256545355 0.01953125 0.02936857562408223
0 0.8403172065503228 0.5984758249863179 0.01953125 0.02936857562408223
0 0.8422483863256036 0.5918761450707939 0.01953125 0.02936857562408223
0 0.842775071718862 0.5807886828127133 0.01953125 0.02936857562408223
0 0.8399660829548171 0.5749809644870523 0.01953125 0.02936857562408223
0 0.8334702964379631 0.5583497710999313 0.01953125 0.02936857562408223
0 0.8403172065503228 0.5472623088418509 0.01953125 0.02936857562408223
0 0.8485686110447046 0.5557098991337219 0.01953125 0.02936857562408223
0 0.841019453741334 0.553861988757375 0.01953125 0.02936857562408223
0 0.8371570941907721 0.5446224368756414 0.01953125 0.02936857562408223
0 0.8325924874491991 0.553861988757375 0.01953125 0.02936857562408223
0 0.828027880707626 0.5617816046560039 0.01953125 0.02936857562408223
0 0.8282034425053788 0.5929320938572776 0.01953125 0.02936857562408223
0 0.7827329368874014 0.5303671282581093 0.01953125 0.02936857562408223
0 0.7707947346402103 0.5295751666682464 0.01953125 0.02936857562408223
0 0.7597343413817834 0.5311590898479721 0.01953125 0.02936857562408223
0 0.78764866722448 0.5301031410614883 0.01953125 0.02936857562408223
0 0.8039759144154912 0.6232906214686885 0.01953125 0.02936857562408223
0 0.816089678460435 0.611675184817366 0.01953125 0.02936857562408223
0 0.823463273966053 0.5997957609694228 0.01953125 0.02936857562408223
0 0.8131051278986372 0.5755089388802941 0.01953125 0.02936857562408223
0 0.8125784425053788 0.6066594280815678 0.01953125 0.02936857562408223
0 0.8166163638536934 0.6206507495024789 0.01953125 0.02936857562408223
0 0.8187231054267272 0.6153710055700595 0.01953125 0.02936857562408223
0 0.8489197346402102 0.5968919018065921 0.01953125 0.02936857562408223
0 0.8376837795840305 0.6182748647328902 0.01953125 0.02936857562408223
0 0.8385615885727945 0.6238185958619304 0.01953125 0.02936857562408223
0 0.8461107458761653 0.5620455918526248 0.01953125 0.02936857562408223
0 0.8434773189098733 0.5697012205546328 0.01953125 0.02936857562408223
0 0.8469885548649293 0.5718131181276005 0.01953125 0.02936857562408223
0 0.8519042852020081 0.583692541975544 0.01953125 0.02936857562408223
0 0.8494464200334687 0.6071874024748097 0.01953125 0.02936857562408223
0 0.8529576559885249 0.6132591079970918 0.01953125 0.02936857562408223
0 0.8585756335166148 0.6071874024748097 0.01953125 0.02936857562408223
0 0.8613846222806597 0.583164567582302 0.01953125 0.02936857562408223
0 0.8548888357638058 0.5924041194640357 0.01953125 0.02936857562408223
0 0.8545377121683001 0.5625735662458669 0.01953125 0.02936857562408223
0 0.8506753526177383 0.5667973613918023 0.01953125 0.02936857562408223
0 0.8540110267750417 0.5752449516836731 0.01953125 0.02936857562408223
0 0.8566444537413339 0.5797327340262295 0.01953125 0.02936857562408223
0 0.8471641166626822 0.5491102192181977 0.01953125 0.02936857562408223
0 0.8362792852020081 0.5704931821444957 0.01953125 0.02936857562408223
0 0.8301346222806597 0.5697012205546328 0.01953125 0.02936857562408223
0 0.858400071718862 0.5472623088418509 0.01953125 0.02936857562408223
0 0.8562933301458282 0.5559738863303427 0.01953125 0.02936857562408223
0 0.8503242290222327 0.546734334448609 0.01953125 0.02936857562408223
0 0.8664759144154912 0.5699652077512538 0.01953125 0.02936857562408223
0 0.862086869471671 0.5620455918526248 0.01953125 0.02936857562408223
0 0.8638424874491991 0.5549179375438589 0.01953125 0.02936857562408223
0 0.8636669256514462 0.6029636073288743 0.01953125 0.02936857562408223
0 0.8654225436289743 0.6164269543565435 0.01953125 0.02936857562408223
0 0.8682315323930193 0.61273113360385 0.01953125 0.02936857562408223
0 0.8706893975615586 0.61273113360385 0.01953125 0.02936857562408223
0 0.8675292852020081 0.6037555689187373 0.01953125 0.02936857562408223
0 0.8715672065503226 0.6011156969525276 0.01953125 0.02936857562408223
0 0.869284903179536 0.5960999402167293 0.01953125 0.02936857562408223
0 0.8615601840784125 0.5918761450707939 0.01953125 0.02936857562408223
0 0.8566444537413339 0.5997957609694228 0.01953125 0.02936857562408223
0 0.8668270380109968 0.5818446315991972 0.01953125 0.02936857562408223
0 0.8733228245278507 0.5908201962843099 0.01953125 0.02936857562408223
0 0.8771851840784125 0.5858044395485117 0.01953125 0.02936857562408223
0 0.8761318132918957 0.6000597481660437 0.01953125 0.02936857562408223
0 0.8775363076739181 0.6066594280815678 0.01953125 0.02936857562408223
0 0.8828031616065024 0.5815806444025762 0.01953125 0.02936857562408223
0 0.8713916447525698 0.5784127980431246 0.01953125 0.02936857562408223
0 0.8682315323930193 0.5528060399708912 0.01953125 0.02936857562408223
0 0.8715672065503226 0.5578217967066895 0.01953125 0.02936857562408223
0 0.8745517571121203 0.5620455918526248 0.01953125 0.02936857562408223
0 0.8771851840784125 0.5760369132735359 0.01953125 0.02936857562408223
0 0.8564688919435811 0.5694372333580119 0.01953125 0.02936857562408223
0 0.8282034425053788 0.6261944806315191 0.01953125 0.02936857562408223
0 0.8761318132918958 0.5945160170370034 0.01953125 0.02936857562408223
0 0.8812231054267272 0.5908201962843099 0.01953125 0.02936857562408223
0 0.8726205773368396 0.6227626470754466 0.01953125 0.02936857562408223
0 0.88139866722448 0.6122031592106081 0.01953125 0.02936857562408223
0 0.8819253526177384 0.6190668263227531 0.01953125 0.02936857562408223
0 0.8752540043031317 0.6174829031430272 0.01953125 0.02936857562408223
0 0.8459351840784126 0.6122031592106081 0.01953125 0.02936857562408223
0 0.8408438919435811 0.5858044395485117 0.01953125 0.02936857562408223
0 0.8928101840784126 0.6148430311768177 0.01953125 0.02936857562408223
0 0.88701664475257 0.6111472104241242 0.01953125 0.02936857562408223
0 0.8849099031795362 0.5974198761998342 0.01953125 0.02936857562408223
0 0.88701664475257 0.5897642474978261 0.01953125 0.02936857562408223
0 0.8931613076739182 0.6037555689187373 0.01953125 0.02936857562408223
0 0.8857877121683002 0.6061314536883259 0.01953125 0.02936857562408223
0 0.8982525998087497 0.6100912616376404 0.01953125 0.02936857562408223
0 0.8993059705952666 0.6008517097559065 0.01953125 0.02936857562408223
0 0.9029927683480755 0.6166909415531645 0.01953125 0.02936857562408223
0 0.8924590604829069 0.5850124779586487 0.01953125 0.02936857562408223
0 0.8919323750896486 0.5765648876667778 0.01953125 0.02936857562408223
0 0.8979014762132442 0.5802607084194714 0.01953125 0.02936857562408223
0 0.9001837795840306 0.5844845035654068 0.01953125 0.02936857562408223
0 0.8994815323930193 0.5897642474978261 0.01953125 0.02936857562408223
0 0.9049239481233564 0.5778848236498827 0.01953125 0.02936857562408223
0 0.900710464977289 0.5749809644870522 0.01953125 0.02936857562408223
0 0.9073818132918958 0.5850124779586487 0.01953125 0.02936857562408223
0 0.9087863076739182 0.5815806444025763 0.01953125 0.02936857562408223
0 0.9112441728424576 0.6037555689187373 0.01953125 0.02936857562408223
0 0.9112441728424576 0.5947800042336244 0.01953125 0.02936857562408223
0 0.9091374312694239 0.611939172013987 0.01953125 0.02936857562408223
0 0.9140531616065025 0.5858044395485117 0.01953125 0.02936857562408223
0 0.9151065323930193 0.6158989799633015 0.01953125 0.02936857562408223
0 0.9165110267750419 0.6106192360308823 0.01953125 0.02936857562408223
0 0.9205489481233564 0.6174829031430272 0.01953125 0.02936857562408223
0 0.926518049246952 0.6166909415531645 0.01953125 0.02936857562408223
0 0.9263424874491991 0.6100912616376404 0.01953125 0.02936857562408223
0 0.9224801278986373 0.6061314536883259 0.01953125 0.02936857562408223
0 0.9165110267750419 0.6037555689187373 0.01953125 0.02936857562408223
0 0.9196711391345924 0.5997957609694228 0.01953125 0.02936857562408223
0 0.9177399593593115 0.5889722859079632 0.01953125 0.02936857562408223
0 0.9209000717188621 0.5826365931890601 0.01953125 0.02936857562408223
0 0.9237090604829069 0.5873883627282375 0.01953125 0.02936857562408223
0 0.9256402402581879 0.5947800042336244 0.01953125 0.02936857562408223
0 0.903519453741334 0.5839565291721649 0.01953125 0.02936857562408223
0 0.8559422065503228 0.5298391538648674 0.01953125 0.02936857562408223
0 0.8624379930671767 0.5261433331121739 0.01953125 0.02936857562408223
0 0.8703382739660531 0.5285192178817625 0.01953125 0.02936857562408223
0 0.8657736672244801 0.5340629490108028 0.01953125 0.02936857562408223
0 0.8784141166626824 0.5285192178817625 0.01953125 0.02936857562408223
0 0.8799941728424576 0.532479025831077 0.01953125 0.02936857562408223
0 0.887894453741334 0.5335349746175609 0.01953125 0.02936857562408223
0 0.8928101840784126 0.5322150386344561 0.01953125 0.02936857562408223
0 0.9028172065503228 0.5322150386344561 0.01953125 0.02936857562408223
0 0.8866655211570643 0.5483182576283349 0.01953125 0.02936857562408223
0 0.884207655988525 0.5483182576283349 0.01953125 0.02936857562408223
0 0.8856121503705474 0.5625735662458669 0.01953125 0.02936857562408223
0 0.8964969818312216 0.562045591852625 0.01953125 0.02936857562408223
0 0.9045728245278509 0.5509581295945445 0.01953125 0.02936857562408223
0 0.8933368694716711 0.5509581295945445 0.01953125 0.02936857562408223
0 0.8910545661008845 0.5517500911844074 0.01953125 0.02936857562408223
0 0.8799941728424576 0.5496381936114396 0.01953125 0.02936857562408223
0 0.9142287234042553 0.5506941423979235 0.01953125 0.02936857562408223
0 0.902861096999761 0.5677873133791309 0.01953125 0.02936857562408223
0 0.9047922767750419 0.5704271853453405 0.01953125 0.02936857562408223
0 0.8967164340784126 0.5704271853453405 0.01953125 0.02936857562408223
0 0.8905717711570643 0.5569638383176714 0.01953125 0.02936857562408223
0 0.9075134846402103 0.5638275054298165 0.01953125 0.02936857562408223
0 0.9040022486851543 0.5577557999075342 0.01953125 0.02936857562408223
0 0.9203294958761654 0.577950820449038 0.01953125 0.02936857562408223
0 0.9256841307076262 0.570823166140272 0.01953125 0.02936857562408223
0 0.9209439621683002 0.5574918127109132 0.01953125 0.02936857562408223
0 0.9228751419435812 0.5523440623768044 0.01953125 0.02936857562408223
0 0.9314776700334688 0.562903550241643 0.01953125 0.02936857562408223
0 0.9283175576739183 0.5606596590703649 0.01953125 0.02936857562408223
0 0.9268252823930193 0.5561718767278084 0.01953125 0.02936857562408223
0 0.9334088498087497 0.5832305643814573 0.01953125 0.02936857562408223
0 0.9321799172244801 0.5997297641702675 0.01953125 0.02936857562408223
0 0.9098835689098733 0.5710871533368929 0.01953125 0.02936857562408223
0 0.9140970520559407 0.5601316846771228 0.01953125 0.02936857562408223
0 0.9079523891345924 0.5573598191126028 0.01953125 0.02936857562408223
0 0.9370956475615587 0.5887742955104975 0.01953125 0.02936857562408223
0 0.9399924172244801 0.589170276305429 0.01953125 0.02936857562408223
0 0.93779789475257 0.576894871662554 0.01953125 0.02936857562408223
0 0.9387634846402103 0.5733310445081711 0.01953125 0.02936857562408223
0 0.9379734565503228 0.5662033901994051 0.01953125 0.02936857562408223
0 0.934111096999761 0.5662033901994051 0.01953125 0.02936857562408223
0 0.9280542149772891 0.5836265451763887 0.01953125 0.02936857562408223
0 0.9044411531795363 0.5949779946310901 0.01953125 0.02936857562408223
0 0.9157648891345924 0.5772908524574856 0.01953125 0.02936857562408223
0 0.9136581475615587 0.57029519174703 0.01953125 0.02936857562408223
0 0.9206806194716711 0.5630355438399535 0.01953125 0.02936857562408223
0 0.918486096999761 0.5683152877723727 0.01953125 0.02936857562408223
0 0.9206806194716711 0.5733310445081711 0.01953125 0.02936857562408223
0 0.9451275998087497 0.5884443115147213 0.01953125 0.02936857562408223
0 0.9461809705952665 0.5807886828127133 0.01953125 0.02936857562408223
0 0.9431964200334688 0.5755089388802942 0.01953125 0.02936857562408223
0 0.9414408020559407 0.5807886828127133 0.01953125 0.02936857562408223
0 0.9435475436289744 0.5699652077512538 0.01953125 0.02936857562408223
0 0.9481121503705474 0.5673253357850443 0.01953125 0.02936857562408223
0 0.9481121503705474 0.5723410925208425 0.01953125 0.02936857562408223
0 0.9523256335166149 0.5881803243181004 0.01953125 0.02936857562408223
0 0.9330138357638058 0.6195948007159952 0.01953125 0.02936857562408223
0 0.9293270380109968 0.5918761450707939 0.01953125 0.02936857562408223
0 0.9331893975615587 0.5937240554471406 0.01953125 0.02936857562408223
0 0.9526767571121205 0.5697012205546329 0.01953125 0.02936857562408223
0 0.9588214200334688 0.5543899631506171 0.01953125 0.02936857562408223
0 0.9284492290222329 0.5525420527742703 0.01953125 0.02936857562408223
0 0.9368761953143677 0.5562378735269637 0.01953125 0.02936857562408223
0 0.9693551278986373 0.5435664880891575 0.01953125 0.02936857562408223
0 0.9712863076739182 0.5567658479202058 0.01953125 0.02936857562408223
0 0.9609281616065025 0.5646854638188347 0.01953125 0.02936857562408223
0 0.9551346222806598 0.5757729260769151 0.01953125 0.02936857562408223
0 0.9554857458761654 0.5807886828127133 0.01953125 0.02936857562408223
0 0.9505700155390868 0.5937240554471406 0.01953125 0.02936857562408223
0 0.9391584986851541 0.6164269543565436 0.01953125 0.02936857562408223
0 0.9389829368874014 0.6211787238957209 0.01953125 0.02936857562408223
0 0.9444253526177384 0.6188028391261322 0.01953125 0.02936857562408223
0 0.9493410829548171 0.6145790439801967 0.01953125 0.02936857562408223
0 0.9525011953143677 0.620122775109237 0.01953125 0.02936857562408223
0 0.9502188919435811 0.6071874024748097 0.01953125 0.02936857562408223
0 0.9482877121683002 0.6016436713457695 0.01953125 0.02936857562408223
0 0.9444253526177384 0.6034915817221163 0.01953125 0.02936857562408223
0 0.9403874312694239 0.6085073384579146 0.01953125 0.02936857562408223
0 0.9395096222806598 0.5992677865761808 0.01953125 0.02936857562408223
0 0.9435475436289744 0.5982118377896971 0.01953125 0.02936857562408223
0 0.9356472627300979 0.5995317737728019 0.01953125 0.02936857562408223
0 0.9498677683480755 0.5847484907620278 0.01953125 0.02936857562408223
0 0.9644393975615587 0.5673253357850443 0.01953125 0.02936857562408223
0 0.9667217009323452 0.561781604656004 0.01953125 0.02936857562408223
0 0.956714678460435 0.5667973613918024 0.01953125 0.02936857562408223
0 0.9632104649772889 0.5747169772904313 0.01953125 0.02936857562408223
0 0.9690040043031317 0.576564887666778 0.01953125 0.02936857562408223
0 0.9698818132918958 0.5844845035654069 0.01953125 0.02936857562408223
0 0.9705840604829069 0.6029636073288743 0.01953125 0.02936857562408223
0 0.9725152402581879 0.5955719658234874 0.01953125 0.02936857562408223
0 0.9746219818312216 0.583428554778923 0.01953125 0.02936857562408223
0 0.972339678460435 0.5673253357850443 0.01953125 0.02936857562408223
0 0.9763775998087497 0.5757729260769151 0.01953125 0.02936857562408223
0 0.9800643975615587 0.5813166572059554 0.01953125 0.02936857562408223
0 0.9811177683480755 0.5926681066606567 0.01953125 0.02936857562408223
0 0.971461869471671 0.6261944806315193 0.01953125 0.02936857562408223
0 0.9647905211570643 0.6288343525977289 0.01953125 0.02936857562408223
0 0.9735686110447048 0.6190668263227532 0.01953125 0.02936857562408223
0 0.9762020380109968 0.6029636073288743 0.01953125 0.02936857562408223
0 0.9756753526177384 0.59082019628431 0.01953125 0.02936857562408223
0 0.9883158020559407 0.583956529172165 0.01953125 0.02936857562408223
0 0.9855068132918958 0.6011156969525276 0.01953125 0.02936857562408223
0 0.9872624312694239 0.5609896430661412 0.01953125 0.02936857562408223
0 0.9839267571121205 0.5636295150323508 0.01953125 0.02936857562408223
0 0.9805910829548171 0.562309579049246 0.01953125 0.02936857562408223
0 0.9765531616065025 0.5673253357850443 0.01953125 0.02936857562408223
0 0.9904225436289744 0.5747169772904313 0.01953125 0.02936857562408223
0 0.9930559705952665 0.5728690669140846 0.01953125 0.02936857562408223
0 0.9969183301458283 0.5741890028971894 0.01953125 0.02936857562408223
0 0.9928804087975138 0.5678533101782862 0.01953125 0.02936857562408223
0 0.9932315323930193 0.5654774254086975 0.01953125 0.02936857562408223
0 0.9800643975615587 0.5667973613918024 0.01953125 0.02936857562408223
0 0.9821711391345924 0.5697012205546329 0.01953125 0.02936857562408223
0 0.9876135548649295 0.5710211565377378 0.01953125 0.02936857562408223
0 0.9867357458761654 0.576564887666778 0.01953125 0.02936857562408223
0 0.9805910829548171 0.5829005803856812 0.01953125 0.02936857562408223
0 0.987086869471671 0.6079793640646728 0.01953125 0.02936857562408223
0 0.9839267571121205 0.6164269543565436 0.01953125 0.02936857562408223
0 0.9905981054267272 0.6132591079970919 0.01953125 0.02936857562408223
0 0.9937582177862778 0.6122031592106081 0.01953125 0.02936857562408223
0 0.9841023189098733 0.6085073384579146 0.01953125 0.02936857562408223
0 0.9767287234042553 0.613523095193713 0.01953125 0.02936857562408223
0 0.9793621503705474 0.6188028391261322 0.01953125 0.02936857562408223
0 0.9928804087975138 0.5813166572059554 0.01953125 0.02936857562408223
0 0.997269453741334 0.5649494510154555 0.01953125 0.02936857562408223
0 0.9979717009323452 0.5810526700093344 0.01953125 0.02936857562408223
0 0.9984983863256036 0.5937240554471406 0.01953125 0.02936857562408223
0 0.9930559705952665 0.5931960810538988 0.01953125 0.02936857562408223
0 0.9930559705952665 0.6005877225592857 0.01953125 0.02936857562408223
0 0.9883158020559407 0.5937240554471406 0.01953125 0.02936857562408223
0 0.9911247908199857 0.6312102373673175 0.01953125 0.02936857562408223
0 0.999244523966053 0.5999937513668886 0.01953125 0.02936857562408223
0 0.9968744396963901 0.6196607975151504 0.01953125 0.02936857562408223
0 0.9978400295840306 0.6252045286441906 0.01953125 0.02936857562408223
0 0.9948554790222327 0.625336522242501 0.01953125 0.02936857562408223
0 0.9902908722806598 0.6234886118661543 0.01953125 0.02936857562408223
0 0.9787915745278509 0.6267884518239164 0.01953125 0.02936857562408223
0 0.9676434003705474 0.593262077853054 0.01953125 0.02936857562408223
0 0.9729980352020081 0.5795347436287639 0.01953125 0.02936857562408223
0 0.9765092711570643 0.6327281637478881 0.01953125 0.02936857562408223
0 0.09795414475256986 0.682027772716853 0.01953125 0.02936857562408223
0 0.09163392003346872 0.6535171554817889 0.01953125 0.02936857562408223
0 0.09549627958403052 0.6450695651899181 0.01953125 0.02936857562408223
0 0.09409178520200806 0.6339821029318377 0.01953125 0.02936857562408223
0 0.08671818969639009 0.6096952808427089 0.01953125 0.02936857562408223
0 0.10181650430313169 0.6133911015954023 0.01953125 0.02936857562408223
0 0.1004120099211092 0.6081113576629831 0.01953125 0.02936857562408223
0 0.10251875149414293 0.6265904614264506 0.01953125 0.02936857562408223
0 0.10006088632560359 0.6318702053588698 0.01953125 0.02936857562408223
0 0.08777156048290695 0.623950589460241 0.01953125 0.02936857562408223
0 0.08285583014582829 0.6265904614264506 0.01953125 0.02936857562408223
0 0.10462549306717663 0.6498213347290954 0.01953125 0.02936857562408223
0 0.08215358295481706 0.6191988199210636 0.01953125 0.02936857562408223
0 0.10954122340425526 0.6350380517183214 0.01953125 0.02936857562408223
0 0.10883897621324402 0.6265904614264506 0.01953125 0.02936857562408223
0 0.1004120099211092 0.6646046177398693 0.01953125 0.02936857562408223
0 0.10708335823571592 0.659852848200692 0.01953125 0.02936857562408223
0 0.11726594250537888 0.6524612066953049 0.01953125 0.02936857562408223
0 0.11375470655032266 0.6730522080317402 0.01953125 0.02936857562408223
0 0.10602998744919909 0.6709403104587724 0.01953125 0.02936857562408223
0 0.09233616722447999 0.7052586460194978 0.01953125 0.02936857562408223
0 0.06819642003346876 0.69219127978676 0.01953125 0.02936857562408223
0 0.09698855486492944 0.7230777817914128 0.01953125 0.02936857562408223
0 0.09979754362897438 0.7135742427130581 0.01953125 0.02936857562408223
0 0.09944642003346876 0.7309973976900418 0.01953125 0.02936857562408223
0 0.10014866722447999 0.6945671645563487 0.01953125 0.02936857562408223
0 0.11454473464021034 0.6958871005394536 0.01953125 0.02936857562408223
0 0.11700259980874966 0.6892874206239294 0.01953125 0.02936857562408223
0 0.1196360267750418 0.7072385499941549 0.01953125 0.02936857562408223
0 0.11858265598852495 0.7170060762691306 0.01953125 0.02936857562408223
0 0.12683406048290696 0.7125182939265743 0.01953125 0.02936857562408223
0 0.11085793688740135 0.7230777817914128 0.01953125 0.02936857562408223
0 0.10769782452785079 0.7323173336731467 0.01953125 0.02936857562408223
0 0.11735372340425528 0.730205436100179 0.01953125 0.02936857562408223
0 0.12613181329189574 0.7296774617069369 0.01953125 0.02936857562408223
0 0.13280316160650246 0.7273015769373482 0.01953125 0.02936857562408223
0 0.1217427683480755 0.7225498073981709 0.01953125 0.02936857562408223
0 0.13455877958403056 0.721757845808308 0.01953125 0.02936857562408223
0 0.139650071718862 0.7096144347637436 0.01953125 0.02936857562408223
0 0.13561215037054739 0.7009028572752518 0.01953125 0.02936857562408223
0 0.13771889194358114 0.6869115358543408 0.01953125 0.02936857562408223
0 0.1315742290222328 0.6805758431354377 0.01953125 0.02936857562408223
0 0.12894080205594066 0.648897379540922 0.01953125 0.02936857562408223
0 0.1234983863256036 0.6694883808773572 0.01953125 0.02936857562408223
0 0.12507844250537886 0.6898153950171714 0.01953125 0.02936857562408223
0 0.11937268407841267 0.6007197161575962 0.01953125 0.02936857562408223
0 0.121830549246952 0.6155029991683701 0.01953125 0.02936857562408223
0 0.12288392003346883 0.6323981797521117 0.01953125 0.02936857562408223
0 0.13095976273009804 0.6038875625170477 0.01953125 0.02936857562408223
0 0.13552436947167107 0.5975518697981446 0.01953125 0.02936857562408223
0 0.14044009980874975 0.6112792040224347 0.01953125 0.02936857562408223
0 0.15062268407841267 0.6075833832697413 0.01953125 0.02936857562408223
0 0.15975189756155875 0.5970238954049026 0.01953125 0.02936857562408223
0 0.1709878526177385 0.5843525099670964 0.01953125 0.02936857562408223
0 0.16642324587616547 0.5832965611806125 0.01953125 0.02936857562408223
0 0.15588953801099695 0.6160309735616121 0.01953125 0.02936857562408223
0 0.15834740317953624 0.6260624870332085 0.01953125 0.02936857562408223
0 0.1393867290222329 0.6419017188304664 0.01953125 0.02936857562408223
0 0.14395133576380592 0.6345100773250795 0.01953125 0.02936857562408223
0 0.13552436947167107 0.6334541285385956 0.01953125 0.02936857562408223
0 0.13411987508964862 0.6170869223480958 0.01953125 0.02936857562408223
0 0.1414934705952666 0.5859364331468221 0.01953125 0.02936857562408223
0 0.14333686947167107 0.6642086369449379 0.01953125 0.02936857562408223
0 0.15685512789863737 0.685063625477994 0.01953125 0.02936857562408223
0 0.1570306896963902 0.656816995439551 0.01953125 0.02936857562408223
0 0.15632844250537895 0.6446735843949866 0.01953125 0.02936857562408223
0 0.14684810542672727 0.6135230951937128 0.01953125 0.02936857562408223
0 0.14614585823571605 0.6900793822137924 0.01953125 0.02936857562408223
0 0.14895484699976097 0.70037488288201 0.01953125 0.02936857562408223
0 0.15667956610088457 0.7085584859772599 0.01953125 0.02936857562408223
0 0.16422872340425534 0.6840076766915102 0.01953125 0.02936857562408223
0 0.17177788070762615 0.6745041376131556 0.01953125 0.02936857562408223
0 0.16177085823571605 0.6726562272368088 0.01953125 0.02936857562408223
0 0.1651065323930194 0.649425353934164 0.01953125 0.02936857562408223
0 0.1670377121683003 0.6415057380355351 0.01953125 0.02936857562408223
0 0.17493799306717672 0.6396578276591883 0.01953125 0.02936857562408223
0 0.17704473464021042 0.6246105574517934 0.01953125 0.02936857562408223
0 0.16932001553908685 0.6172189159464064 0.01953125 0.02936857562408223
0 0.18564726273009804 0.6404497892490512 0.01953125 0.02936857562408223
0 0.17546467846043512 0.6475774435578172 0.01953125 0.02936857562408223
0 0.17037338632560367 0.657344969832793 0.01953125 0.02936857562408223
0 0.17581580205594077 0.6826877407084054 0.01953125 0.02936857562408223
0 0.17177788070762615 0.6900793822137924 0.01953125 0.02936857562408223
0 0.17142675711212052 0.7014308316684938 0.01953125 0.02936857562408223
0 0.18143377958403065 0.7096144347637436 0.01953125 0.02936857562408223
0 0.17932703801099695 0.7204379098252033 0.01953125 0.02936857562408223
0 0.18248715037054747 0.6863835614610989 0.01953125 0.02936857562408223
0 0.15387057733683962 0.6686964192874943 0.01953125 0.02936857562408223
0 0.14245906048290702 0.649425353934164 0.01953125 0.02936857562408223
0 0.18020484699976094 0.6085073384579146 0.01953125 0.02936857562408223
0 0.19214304924695197 0.6143150567835757 0.01953125 0.02936857562408223
0 0.19302085823571602 0.6312102373673175 0.01953125 0.02936857562408223
0 0.1828382739660531 0.6618327521753493 0.01953125 0.02936857562408223
0 0.18898293688740142 0.6958871005394536 0.01953125 0.02936857562408223
0 0.1900363076739183 0.7125182939265743 0.01953125 0.02936857562408223
0 0.18863181329189582 0.6800478687421958 0.01953125 0.02936857562408223
0 0.19284529643796325 0.6771440095793652 0.01953125 0.02936857562408223
0 0.18968518407841267 0.671600278450325 0.01953125 0.02936857562408223
0 0.18810512789863737 0.6679044576976315 0.01953125 0.02936857562408223
0 0.19214304924695197 0.6533851618834785 0.01953125 0.02936857562408223
0 0.18863181329189582 0.649689341130785 0.01953125 0.02936857562408223
0 0.18494501553908685 0.6306822629740756 0.01953125 0.02936857562408223
0 0.1979365885727947 0.6388658660693255 0.01953125 0.02936857562408223
0 0.19161636385369354 0.6037555689187373 0.01953125 0.02936857562408223
0 0.20267675711212052 0.6148430311768177 0.01953125 0.02936857562408223
0 0.20864585823571602 0.6063954408849469 0.01953125 0.02936857562408223
0 0.19705877958403065 0.6045475305086001 0.01953125 0.02936857562408223
0 0.2096992290222329 0.6378099172828415 0.01953125 0.02936857562408223
0 0.21443939756155875 0.6475774435578172 0.01953125 0.02936857562408223
0 0.21040147621324412 0.6623607265685912 0.01953125 0.02936857562408223
0 0.20618799306717672 0.6581369314226558 0.01953125 0.02936857562408223
0 0.21391271216830032 0.6795198943489539 0.01953125 0.02936857562408223
0 0.21303490317953627 0.6919272925901392 0.01953125 0.02936857562408223
0 0.20741692565144637 0.6961510877360746 0.01953125 0.02936857562408223
0 0.1984632739660531 0.6906073566070343 0.01953125 0.02936857562408223
0 0.19951664475256997 0.7030147548482197 0.01953125 0.02936857562408223
0 0.2056613076739183 0.7214938586116872 0.01953125 0.02936857562408223
0 0.20057001553908685 0.6742401504165346 0.01953125 0.02936857562408223
0 0.19688321778627785 0.6650005985348009 0.01953125 0.02936857562408223
0 0.19091411666268235 0.6613047777821073 0.01953125 0.02936857562408223
0 0.21900400430313177 0.7143662043029211 0.01953125 0.02936857562408223
0 0.22409529643796322 0.7090864603705018 0.01953125 0.02936857562408223
0 0.22181299306717672 0.649425353934164 0.01953125 0.02936857562408223
0 0.2153172065503228 0.6227626470754467 0.01953125 0.02936857562408223
0 0.21724838632560367 0.6082433512612936 0.01953125 0.02936857562408223
0 0.21549276834807557 0.6320021989571804 0.01953125 0.02936857562408223
0 0.18634950992110927 0.5884443115147213 0.01953125 0.02936857562408223
0 0.17739585823571602 0.5847484907620277 0.01953125 0.02936857562408223
0 0.17809810542672724 0.590292221891068 0.01953125 0.02936857562408223
0 0.1673888357638059 0.5916121578741729 0.01953125 0.02936857562408223
0 0.18160934138178342 0.598211837789697 0.01953125 0.02936857562408223
0 0.17353349868515422 0.6026996201322533 0.01953125 0.02936857562408223
0 0.19302085823571602 0.5971558890032131 0.01953125 0.02936857562408223
0 0.19319642003346885 0.5897642474978261 0.01953125 0.02936857562408223
0 0.19934108295481714 0.597947850593076 0.01953125 0.02936857562408223
0 0.19740990317953624 0.5916121578741729 0.01953125 0.02936857562408223
0 0.20478349868515422 0.5966279146099711 0.01953125 0.02936857562408223
0 0.2121570941907722 0.5850124779586487 0.01953125 0.02936857562408223
0 0.21689726273009804 0.5786767852397456 0.01953125 0.02936857562408223
0 0.2119815323930194 0.5939880426437616 0.01953125 0.02936857562408223
0 0.21847731890987332 0.5971558890032131 0.01953125 0.02936857562408223
0 0.22251524025818792 0.5945160170370034 0.01953125 0.02936857562408223
0 0.22497310542672724 0.5968919018065921 0.01953125 0.02936857562408223
0 0.22233967846043512 0.5871243755316164 0.01953125 0.02936857562408223
0 0.23269782452785084 0.5823726059924391 0.01953125 0.02936857562408223
0 0.22391973464021042 0.63464207092339 0.01953125 0.02936857562408223
0 0.23515568969639017 0.6082433512612936 0.01953125 0.02936857562408223
0 0.24814726273009804 0.605075504901842 0.01953125 0.02936857562408223
0 0.24393377958403065 0.5995317737728019 0.01953125 0.02936857562408223
0 0.23620906048290702 0.6251385318450353 0.01953125 0.02936857562408223
0 0.25218518407841267 0.5815806444025763 0.01953125 0.02936857562408223
0 0.24884950992110927 0.5921401322674148 0.01953125 0.02936857562408223
0 0.25113181329189577 0.6135230951937128 0.01953125 0.02936857562408223
0 0.23252226273009804 0.6446735843949866 0.01953125 0.02936857562408223
0 0.2258509144154913 0.6660565473212845 0.01953125 0.02936857562408223
0 0.24165147621324412 0.6536491490800993 0.01953125 0.02936857562408223
0 0.24042254362897447 0.6465214947713334 0.01953125 0.02936857562408223
0 0.24288040879751377 0.6665845217145265 0.01953125 0.02936857562408223
0 0.23269782452785084 0.6866475486577198 0.01953125 0.02936857562408223
0 0.24375821778627782 0.6863835614610988 0.01953125 0.02936857562408223
0 0.2254997908199857 0.6884954590340665 0.01953125 0.02936857562408223
0 0.2528874312694239 0.6502173155240267 0.01953125 0.02936857562408223
0 0.2551697346402104 0.6731842016300507 0.01953125 0.02936857562408223
0 0.24762057733683962 0.6452015587882284 0.01953125 0.02936857562408223
0 0.2490250717188621 0.63464207092339 0.01953125 0.02936857562408223
0 0.2451627121683003 0.6169549287497853 0.01953125 0.02936857562408223
0 0.25832984699976097 0.6008517097559065 0.01953125 0.02936857562408223
0 0.2606121503705475 0.5847484907620277 0.01953125 0.02936857562408223
0 0.2648256335166149 0.6016436713457695 0.01953125 0.02936857562408223
0 0.26078771216830027 0.6327941605470432 0.01953125 0.02936857562408223
0 0.26833686947167107 0.6100912616376402 0.01953125 0.02936857562408223
0 0.26640568969639017 0.6364899812997367 0.01953125 0.02936857562408223
0 0.2630700155390868 0.6438816228051236 0.01953125 0.02936857562408223
0 0.26640568969639017 0.6465214947713334 0.01953125 0.02936857562408223
0 0.2650011953143677 0.6568169954395509 0.01953125 0.02936857562408223
0 0.26236776834807557 0.6673764833043894 0.01953125 0.02936857562408223
0 0.26412338632560367 0.6781999583658489 0.01953125 0.02936857562408223
0 0.2676346222806598 0.684535651084752 0.01953125 0.02936857562408223
0 0.25113181329189577 0.6877034974442037 0.01953125 0.02936857562408223
0 0.25113181329189577 0.6956231133428326 0.01953125 0.02936857562408223
0 0.27764164475256997 0.6137870823903339 0.01953125 0.02936857562408223
0 0.2804506335166149 0.63464207092339 0.01953125 0.02936857562408223
0 0.2771149593593115 0.6438816228051236 0.01953125 0.02936857562408223
0 0.2769393975615587 0.6525932002936154 0.01953125 0.02936857562408223
0 0.28343518407841267 0.6665845217145265 0.01953125 0.02936857562408223
0 0.2829084986851542 0.6842716638881312 0.01953125 0.02936857562408223
0 0.2727259144154913 0.6766160351861232 0.01953125 0.02936857562408223
0 0.2746570941907722 0.6726562272368087 0.01953125 0.02936857562408223
0 0.2847518975615587 0.5912161770792415 0.01953125 0.02936857562408223
0 0.278080549246952 0.5959679466184187 0.01953125 0.02936857562408223
0 0.28299627958403073 0.6007197161575962 0.01953125 0.02936857562408223
0 0.2942322346402105 0.6102232552359508 0.01953125 0.02936857562408223
0 0.2963389762132442 0.5991357929778703 0.01953125 0.02936857562408223
0 0.2903698750896487 0.5980798441913865 0.01953125 0.02936857562408223
0 0.2903698750896487 0.6276464102129343 0.01953125 0.02936857562408223
0 0.2991479649772891 0.6323981797521117 0.01953125 0.02936857562408223
0 0.2910721222806599 0.6429576676169503 0.01953125 0.02936857562408223
0 0.2924766166626824 0.6482374115493695 0.01953125 0.02936857562408223
0 0.2963389762132442 0.6482374115493695 0.01953125 0.02936857562408223
0 0.2987968413817835 0.6387338724710149 0.01953125 0.02936857562408223
0 0.31670414475257 0.6218386918872733 0.01953125 0.02936857562408223
0 0.3061704368874015 0.6128631272021605 0.01953125 0.02936857562408223
0 0.3198642571121206 0.60177566494408 0.01953125 0.02936857562408223
0 0.3275889762132442 0.586992381933306 0.01953125 0.02936857562408223
0 0.3068726840784127 0.586992381933306 0.01953125 0.02936857562408223
0 0.312139538010997 0.5859364331468221 0.01953125 0.02936857562408223
0 0.2668445941907723 0.7137062363113686 0.01953125 0.02936857562408223
0 0.2556086391345925 0.7200419290302718 0.01953125 0.02936857562408223
0 0.242265942505379 0.712122313131643 0.01953125 0.02936857562408223
0 0.24753279643796322 0.7078985179857075 0.01953125 0.02936857562408223
0 0.23383897621324415 0.7147621850978524 0.01953125 0.02936857562408223
0 0.2190917852020082 0.7242657241762072 0.01953125 0.02936857562408223
0 0.21487830205594077 0.7269055961424168 0.01953125 0.02936857562408223
0 0.24156369531436772 0.7226818009964814 0.01953125 0.02936857562408223
0 0.2745693132918958 0.7052586460194978 0.01953125 0.02936857562408223
0 0.2801872908199857 0.7005068764803204 0.01953125 0.02936857562408223
0 0.2977434705952667 0.6925872605816915 0.01953125 0.02936857562408223
0 0.2963389762132442 0.6999789020870786 0.01953125 0.02936857562408223
0 0.2942322346402105 0.6719962592452563 0.01953125 0.02936857562408223
0 0.29493448183122173 0.6609087969871759 0.01953125 0.02936857562408223
0 0.3040636953143677 0.6572129762344824 0.01953125 0.02936857562408223
0 0.3086283020559408 0.6302862821791441 0.01953125 0.02936857562408223
0 0.33847380767391827 0.6133911015954023 0.01953125 0.02936857562408223
0 0.3254822346402105 0.6028316137305638 0.01953125 0.02936857562408223
0 0.3311002121683003 0.5954399722251769 0.01953125 0.02936857562408223
0 0.3349625717188622 0.6276464102129343 0.01953125 0.02936857562408223
0 0.3209176278986374 0.6376779236845311 0.01953125 0.02936857562408223
0 0.32618448183122173 0.6471814627628858 0.01953125 0.02936857562408223
0 0.3089794256514464 0.6471814627628858 0.01953125 0.02936857562408223
0 0.3188108863256037 0.6503493091223373 0.01953125 0.02936857562408223
0 0.3188108863256037 0.6709403104587724 0.01953125 0.02936857562408223
0 0.3058193132918958 0.666716515312837 0.01953125 0.02936857562408223
0 0.3096816728424577 0.6783319519641595 0.01953125 0.02936857562408223
0 0.3079260548649296 0.6878354910425142 0.01953125 0.02936857562408223
0 0.3163530211570644 0.6915313117952077 0.01953125 0.02936857562408223
0 0.3300468413817835 0.6851956190763046 0.01953125 0.02936857562408223
0 0.33215358295481723 0.6735801824249822 0.01953125 0.02936857562408223
0 0.3339092009323453 0.6561570274479986 0.01953125 0.02936857562408223
0 0.3391760548649296 0.6392618468642568 0.01953125 0.02936857562408223
0 0.3500608863256037 0.6202547687075475 0.01953125 0.02936857562408223
0 0.343389538010997 0.6139190759886443 0.01953125 0.02936857562408223
0 0.343389538010997 0.6044155369102896 0.01953125 0.02936857562408223
0 0.3272378526177386 0.6155029991683701 0.01953125 0.02936857562408223
0 0.3086283020559408 0.5954399722251769 0.01953125 0.02936857562408223
0 0.3145974031795363 0.5991357929778703 0.01953125 0.02936857562408223
0 0.31670414475257 0.7042026972330139 0.01953125 0.02936857562408223
0 0.3131929087975138 0.7137062363113686 0.01953125 0.02936857562408223
0 0.3037125717188622 0.7042026972330139 0.01953125 0.02936857562408223
0 0.2865075155390868 0.7205699034235137 0.01953125 0.02936857562408223
0 0.2643867290222329 0.7295454681086265 0.01953125 0.02936857562408223
0 0.3300468413817835 0.7115943387384009 0.01953125 0.02936857562408223
0 0.3226732458761655 0.7174020570640621 0.01953125 0.02936857562408223
0 0.324077740258188 0.7342972376478039 0.01953125 0.02936857562408223
0 0.3037125717188622 0.7358811608275296 0.01953125 0.02936857562408223
0 0.3100327964379632 0.7316573656815942 0.01953125 0.02936857562408223
0 0.3061704368874015 0.7232097753897234 0.01953125 0.02936857562408223
0 0.3110861672244801 0.739576981580223 0.01953125 0.02936857562408223
0 0.3110861672244801 0.7453846999058843 0.01953125 0.02936857562408223
0 0.3040636953143677 0.7448567255126424 0.01953125 0.02936857562408223
0 0.29493448183122173 0.7448567255126424 0.01953125 0.02936857562408223
0 0.2865075155390868 0.7390490071869812 0.01953125 0.02936857562408223
0 0.2791339200334689 0.7459126742991263 0.01953125 0.02936857562408223
0 0.2745693132918958 0.7358811608275296 0.01953125 0.02936857562408223
0 0.2801872908199857 0.7295454681086265 0.01953125 0.02936857562408223
0 0.2643867290222329 0.7385210327937393 0.01953125 0.02936857562408223
0 0.2591198750896486 0.7453846999058843 0.01953125 0.02936857562408223
0 0.2482350436289745 0.7269055961424168 0.01953125 0.02936857562408223
0 0.2517462795840307 0.7163461082775783 0.01953125 0.02936857562408223
0 0.2577153807076262 0.68941941422224 0.01953125 0.02936857562408223
0 0.23383897621324415 0.7374650840072554 0.01953125 0.02936857562408223
0 0.2176872908199857 0.7348252120410458 0.01953125 0.02936857562408223
0 0.1924063919435812 0.7306014168951105 0.01953125 0.02936857562408223
0 0.18327717846043518 0.7300734425018685 0.01953125 0.02936857562408223
0 0.3469007739660532 0.6535171554817889 0.01953125 0.02936857562408223
0 0.34970976273009813 0.6318702053588698 0.01953125 0.02936857562408223
0 0.3367181896963903 0.7084264923789493 0.01953125 0.02936857562408223
0 0.3303979649772891 0.7242657241762072 0.01953125 0.02936857562408223
0 0.3318024593593116 0.7411609047599488 0.01953125 0.02936857562408223
0 0.3465496503705475 0.7269055961424168 0.01953125 0.02936857562408223
0 0.3409316728424577 0.6904753630087238 0.01953125 0.02936857562408223
0 0.3556788638536936 0.5906882026859995 0.01953125 0.02936857562408223
0 0.3616479649772891 0.5970238954049026 0.01953125 0.02936857562408223
0 0.36375470655032277 0.586992381933306 0.01953125 0.02936857562408223
0 0.3623502121683003 0.6118071784156767 0.01953125 0.02936857562408223
0 0.3567322346402105 0.6044155369102896 0.01953125 0.02936857562408223
0 0.3493586391345925 0.6867795422560303 0.01953125 0.02936857562408223
0 0.3619990885727948 0.6756920799979498 0.01953125 0.02936857562408223
0 0.3612968413817835 0.659852848200692 0.01953125 0.02936857562408223
0 0.3560299874491993 0.6545731042682729 0.01953125 0.02936857562408223
0 0.3563811110447048 0.6915313117952077 0.01953125 0.02936857562408223
0 0.352518751494143 0.6793879007506433 0.01953125 0.02936857562408223
0 0.3644569537413341 0.6878354910425142 0.01953125 0.02936857562408223
0 0.3616479649772891 0.7020907996600462 0.01953125 0.02936857562408223
0 0.3690215604829071 0.7005068764803204 0.01953125 0.02936857562408223
0 0.35919009980874983 0.7221538266032395 0.01953125 0.02936857562408223
0 0.3535721222806599 0.7226818009964814 0.01953125 0.02936857562408223
0 0.352518751494143 0.7385210327937393 0.01953125 0.02936857562408223
0 0.3402294256514464 0.7348252120410458 0.01953125 0.02936857562408223
0 0.3349625717188622 0.747496597478852 0.01953125 0.02936857562408223
0 0.34970976273009813 0.7527763414112714 0.01953125 0.02936857562408223
0 0.36515920093234533 0.7416888791531909 0.01953125 0.02936857562408223
0 0.3742884144154913 0.740104955973465 0.01953125 0.02936857562408223
0 0.3658614481233565 0.7242657241762072 0.01953125 0.02936857562408223
0 0.37253279643796333 0.7247936985694492 0.01953125 0.02936857562408223
0 0.3813108863256037 0.7300734425018685 0.01953125 0.02936857562408223
0 0.3795552683480756 0.7448567255126424 0.01953125 0.02936857562408223
0 0.3806086391345925 0.7168740826708203 0.01953125 0.02936857562408223
0 0.37920414475257 0.6904753630087238 0.01953125 0.02936857562408223
0 0.3869288638536936 0.6878354910425142 0.01953125 0.02936857562408223
0 0.3907912234042554 0.7094824411654332 0.01953125 0.02936857562408223
0 0.3988670661008846 0.7189859802437879 0.01953125 0.02936857562408223
0 0.3992181896963903 0.7390490071869812 0.01953125 0.02936857562408223
0 0.4094007739660532 0.7274335705356588 0.01953125 0.02936857562408223
0 0.4125608863256037 0.747496597478852 0.01953125 0.02936857562408223
0 0.417827740258188 0.7284895193221426 0.01953125 0.02936857562408223
0 0.3893867290222329 0.7374650840072554 0.01953125 0.02936857562408223
0 0.3802575155390868 0.6609087969871759 0.01953125 0.02936857562408223
0 0.3693726840784127 0.6514052579088212 0.01953125 0.02936857562408223
0 0.3662125717188622 0.6355660261115633 0.01953125 0.02936857562408223
0 0.3690215604829071 0.602303639337322 0.01953125 0.02936857562408223
0 0.3693726840784127 0.6118071784156767 0.01953125 0.02936857562408223
0 0.3753417852020082 0.6155029991683701 0.01953125 0.02936857562408223
0 0.38095976273009813 0.6350380517183214 0.01953125 0.02936857562408223
0 0.3855243694716711 0.6413737444372245 0.01953125 0.02936857562408223
0 0.39044009980874983 0.6587968994142083 0.01953125 0.02936857562408223
0 0.3988670661008846 0.6646046177398693 0.01953125 0.02936857562408223
0 0.3995693132918958 0.6450695651899181 0.01953125 0.02936857562408223
0 0.4002715604829071 0.6313422309656279 0.01953125 0.02936857562408223
0 0.3862266166626823 0.6118071784156767 0.01953125 0.02936857562408223
0 0.3813108863256037 0.609167306449467 0.01953125 0.02936857562408223
0 0.3501486672244801 0.6082433512612936 0.01953125 0.02936857562408223
0 0.3413705773368397 0.6026996201322533 0.01953125 0.02936857562408223
0 0.4047483863256037 0.6100912616376404 0.01953125 0.02936857562408223
0 0.3942146784604352 0.6034915817221163 0.01953125 0.02936857562408223
0 0.3336458582357161 0.605867466491705 0.01953125 0.02936857562408223
0 0.3425995099211094 0.6085073384579145 0.01953125 0.02936857562408223
0 0.4117708582357161 0.6584009186192767 0.01953125 0.02936857562408223
0 0.4149309705952667 0.6444095971983655 0.01953125 0.02936857562408223
0 0.4147554087975139 0.6161629671599225 0.01953125 0.02936857562408223
0 0.41141973464021053 0.5955719658234871 0.01953125 0.02936857562408223
0 0.41615990317953633 0.5960999402167292 0.01953125 0.02936857562408223
0 0.4144042852020082 0.6032275945254952 0.01953125 0.02936857562408223
0 0.4110686110447049 0.6087713256545355 0.01953125 0.02936857562408223
0 0.40615288070762623 0.620122775109237 0.01953125 0.02936857562408223
0 0.39052788070762623 0.6222346726822046 0.01953125 0.02936857562408223
0 0.14676032452785082 0.717930031457304 0.01953125 0.02936857562408223
0 0.15132493126942387 0.7195139546370298 0.01953125 0.02936857562408223
0 0.1520271784604351 0.725321672962691 0.01953125 0.02936857562408223
0 0.1478136953143677 0.7300734425018685 0.01953125 0.02936857562408223
0 0.16747661666268226 0.7263776217491749 0.01953125 0.02936857562408223
0 0.16220976273009804 0.7216258522099975 0.01953125 0.02936857562408223
0 0.16501875149414297 0.7126502875248848 0.01953125 0.02936857562408223
0 0.24437268407841267 0.7364091352207716 0.01953125 0.02936857562408223
0 0.2506929087975137 0.7337692632545619 0.01953125 0.02936857562408223
0 0.22857212228065982 0.717930031457304 0.01953125 0.02936857562408223
0 0.20785583014582834 0.7348252120410457 0.01953125 0.02936857562408223
0 0.20083335823571602 0.7306014168951103 0.01953125 0.02936857562408223
0 0.42906369531436767 0.6176148967413378 0.01953125 0.02936857562408223
0 0.43538392003346876 0.608639332056225 0.01953125 0.02936857562408223
0 0.4431086391345924 0.6313422309656279 0.01953125 0.02936857562408223
0 0.43187268407841256 0.6640766433466274 0.01953125 0.02936857562408223
0 0.42239234699976097 0.6371499492912891 0.01953125 0.02936857562408223
0 0.4346816728424575 0.6936432093681755 0.01953125 0.02936857562408223
0 0.43011706610088446 0.7559441877707228 0.01953125 0.02936857562408223
0 0.42520133576380587 0.7575281109504487 0.01953125 0.02936857562408223
0 0.4395974031795362 0.761751906096384 0.01953125 0.02936857562408223
0 0.45118448183122156 0.7332412888613199 0.01953125 0.02936857562408223
0 0.45785583014582837 0.703674722839772 0.01953125 0.02936857562408223
0 0.45294009980874966 0.6851956190763046 0.01953125 0.02936857562408223
0 0.4431086391345924 0.6445415907966761 0.01953125 0.02936857562408223
0 0.4494288638536935 0.6434856420101923 0.01953125 0.02936857562408223
0 0.46312268407841256 0.6434856420101923 0.01953125 0.02936857562408223
0 0.45715358295481706 0.6561570274479986 0.01953125 0.02936857562408223
0 0.45715358295481706 0.6118071784156767 0.01953125 0.02936857562408223
0 0.450833358235716 0.6096952808427089 0.01953125 0.02936857562408223
0 0.4441620099211092 0.6049435113035316 0.01953125 0.02936857562408223
0 0.44100189756155866 0.6028316137305638 0.01953125 0.02936857562408223
0 0.4726030211570643 0.6139190759886444 0.01953125 0.02936857562408223
0 0.48348785261773847 0.6825557471100949 0.01953125 0.02936857562408223
0 0.4810299874491991 0.6482374115493695 0.01953125 0.02936857562408223
0 0.474709762730098 0.6323981797521119 0.01953125 0.02936857562408223
0 0.471900773966053 0.6397898212574987 0.01953125 0.02936857562408223
0 0.5042041447525699 0.6133911015954023 0.01953125 0.02936857562408223
0 0.49542605486492947 0.6181428711345798 0.01953125 0.02936857562408223
0 0.5056086391345924 0.5954399722251769 0.01953125 0.02936857562408223
0 0.5375608863256036 0.6139190759886444 0.01953125 0.02936857562408223
0 0.5336985267750418 0.6741081568182241 0.01953125 0.02936857562408223
0 0.4789232458761654 0.7332412888613199 0.01953125 0.02936857562408223
0 0.49156369531436767 0.7416888791531909 0.01953125 0.02936857562408223
0 0.5575749312694238 0.659852848200692 0.01953125 0.02936857562408223
0 0.5614372908199856 0.6925872605816915 0.01953125 0.02936857562408223
0 0.5523080773368396 0.7427448279396747 0.01953125 0.02936857562408223
0 0.5674063919435811 0.7443287511194004 0.01953125 0.02936857562408223
0 0.556521560482907 0.7559441877707228 0.01953125 0.02936857562408223
0 0.5435299874491991 0.7575281109504487 0.01953125 0.02936857562408223
0 0.5382631335166148 0.761751906096384 0.01953125 0.02936857562408223
0 0.5266760548649295 0.726377621749175 0.01953125 0.02936857562408223
0 0.5589794256514463 0.6139190759886444 0.01953125 0.02936857562408223
0 0.5660018975615586 0.6387338724710149 0.01953125 0.02936857562408223
0 0.5730243694716711 0.6830837215033368 0.01953125 0.02936857562408223
0 0.5737266166626823 0.6619647457736597 0.01953125 0.02936857562408223
0 0.5744288638536935 0.6323981797521119 0.01953125 0.02936857562408223
0 0.5645974031795362 0.6107512296291927 0.01953125 0.02936857562408223
0 0.5421254930671766 0.6049435113035316 0.01953125 0.02936857562408223
0 0.5473923469997609 0.6556290530547566 0.01953125 0.02936857562408223
0 0.5287827964379633 0.6846676446830626 0.01953125 0.02936857562408223
0 0.5888249312694239 0.6719962592452564 0.01953125 0.02936857562408223
0 0.5976030211570643 0.6693563872790467 0.01953125 0.02936857562408223
0 0.602518751494143 0.6582689250209662 0.01953125 0.02936857562408223
0 0.6049766166626823 0.7147621850978526 0.01953125 0.02936857562408223
0 0.5937406616065026 0.7237377497829653 0.01953125 0.02936857562408223
0 0.5835580773368397 0.7348252120410458 0.01953125 0.02936857562408223
0 0.5940917852020082 0.7422168535464327 0.01953125 0.02936857562408223
0 0.6105945941907723 0.7401049559734652 0.01953125 0.02936857562408223
0 0.6186704368874014 0.7427448279396747 0.01953125 0.02936857562408223
0 0.6277996503705475 0.747496597478852 0.01953125 0.02936857562408223
0 0.6246395380109969 0.6978670045141108 0.01953125 0.02936857562408223
0 0.6088389762132442 0.6846676446830626 0.01953125 0.02936857562408223
0 0.6204260548649295 0.6714682848520145 0.01953125 0.02936857562408223
0 0.6372799874491992 0.6593248738074502 0.01953125 0.02936857562408223
0 0.6302575155390868 0.6440136164034342 0.01953125 0.02936857562408223
0 0.6355243694716711 0.6329261541453537 0.01953125 0.02936857562408223
0 0.6432490885727947 0.6360940005048054 0.01953125 0.02936857562408223
0 0.6586985267750419 0.6741081568182241 0.01953125 0.02936857562408223
0 0.6664232458761655 0.6693563872790467 0.01953125 0.02936857562408223
0 0.6632631335166149 0.6957551069411432 0.01953125 0.02936857562408223
0 0.6615075155390868 0.7527763414112714 0.01953125 0.02936857562408223
0 0.6481648189098733 0.7533043158045133 0.01953125 0.02936857562408223
0 0.657645155988525 0.7728393683544647 0.01953125 0.02936857562408223
0 0.6734457177862778 0.7443287511194006 0.01953125 0.02936857562408223
0 0.6734457177862778 0.7570001365572068 0.01953125 0.02936857562408223
0 0.6759035829548172 0.7680875988152873 0.01953125 0.02936857562408223
0 0.6867884144154912 0.6804438495371272 0.01953125 0.02936857562408223
0 0.6874906616065026 0.6424296932237085 0.01953125 0.02936857562408223
0 0.609892346999761 0.6287023589994183 0.01953125 0.02936857562408223
0 0.7001311110447049 0.770199496388255 0.01953125 0.02936857562408223
0 0.6945131335166149 0.6952271325479011 0.01953125 0.02936857562408223
0 0.7134738076739183 0.6820277727168531 0.01953125 0.02936857562408223
0 0.7078558301458285 0.6598528482006921 0.01953125 0.02936857562408223
0 0.6878417852020082 0.6582689250209662 0.01953125 0.02936857562408223
0 0.7315566728424576 0.7653971761092991 0.01953125 0.02936857562408223
0 0.7259386953143676 0.736886558874235 0.01953125 0.02936857562408223
0 0.7575398189098733 0.7939077933443632 0.01953125 0.02936857562408223
0 0.7624555492469519 0.7865161518389762 0.01953125 0.02936857562408223
0 0.7652645380109968 0.7727888176146862 0.01953125 0.02936857562408223
0 0.7638600436289743 0.759061483390396 0.01953125 0.02936857562408223
0 0.7701802683480755 0.7548376882444605 0.01953125 0.02936857562408223
0 0.7947589200334687 0.7580055346039122 0.01953125 0.02936857562408223
0 0.7919499312694238 0.7939077933443632 0.01953125 0.02936857562408223
0 0.7800117290222327 0.6883129146959777 0.01953125 0.02936857562408223
0 0.7729892571121203 0.6735296316852037 0.01953125 0.02936857562408223
0 0.751219594190772 0.6735296316852037 0.01953125 0.02936857562408223
0 0.617090380707626 0.7770126127606215 0.01953125 0.02936857562408223
0 0.6304330773368395 0.7791245103335893 0.01953125 0.02936857562408223
0 0.7961634144154912 0.7178794807175256 0.01953125 0.02936857562408223
0 0.8165285829548171 0.6883129146959777 0.01953125 0.02936857562408223
0 0.8200398189098733 0.6566344511014619 0.01953125 0.02936857562408223
0 0.8088038638536935 0.6418511680906881 0.01953125 0.02936857562408223
0 0.813719594190772 0.751669841885009 0.01953125 0.02936857562408223
0 0.8158263357638058 0.7326627637282995 0.01953125 0.02936857562408223
0 0.8235510548649295 0.7273830197958803 0.01953125 0.02936857562408223
0 0.8186353245278507 0.7696209712552344 0.01953125 0.02936857562408223
0 0.8102083582357159 0.7981315884902986 0.01953125 0.02936857562408223
0 0.8368937514941429 0.7548376882444605 0.01953125 0.02936857562408223
0 0.85234318969639 0.7199913782904932 0.01953125 0.02936857562408223
0 0.861472403179536 0.7221032758634611 0.01953125 0.02936857562408223
0 0.861472403179536 0.7453341491661059 0.01953125 0.02936857562408223
0 0.8572589200334687 0.7717328688282022 0.01953125 0.02936857562408223
0 0.8621746503705474 0.7949637421308471 0.01953125 0.02936857562408223
0 0.8446184705952664 0.8023553836362342 0.01953125 0.02936857562408223
0 0.885524369471671 0.7455981363627268 0.01953125 0.02936857562408223
0 0.9125608863256034 0.722367263060082 0.01953125 0.02936857562408223
0 0.8360159425053787 0.6759055164547922 0.01953125 0.02936857562408223
0 0.8497097627300978 0.6336675649954382 0.01953125 0.02936857562408223
0 0.8426872908199855 0.6357794625684058 0.01953125 0.02936857562408223
0 0.8398783020559406 0.6431711040737927 0.01953125 0.02936857562408223
0 0.8556788638536934 0.6373633857481316 0.01953125 0.02936857562408223
0 0.8591900998087496 0.6315556674224704 0.01953125 0.02936857562408223
0 0.8697238076739181 0.6389473089278574 0.01953125 0.02936857562408223
0 0.8806086391345922 0.6394752833210994 0.01953125 0.02936857562408223
0 0.8876311110447046 0.6257479490968092 0.01953125 0.02936857562408223
0 0.8988670661008844 0.6257479490968092 0.01953125 0.02936857562408223
0 0.9016760548649293 0.6394752833210994 0.01953125 0.02936857562408223
0 0.9125608863256034 0.6637621054102281 0.01953125 0.02936857562408223
0 0.9146676278986372 0.6442270528602766 0.01953125 0.02936857562408223
0 0.9097518975615586 0.6236360515238415 0.01953125 0.02936857562408223
0 0.8447940323930192 0.7556296498343235 0.01953125 0.02936857562408223
0 0.8904400998087494 0.6906887994655663 0.01953125 0.02936857562408223
0 0.817406391943581 0.626275923490051 0.01953125 0.02936857562408223
0 0.8181086391345922 0.6405312321075831 0.01953125 0.02936857562408223
0 0.9262547065503226 0.657426412691325 0.01953125 0.02936857562408223
0 0.9325749312694236 0.6410592065008252 0.01953125 0.02936857562408223
0 0.9181788638536934 0.6331395906021962 0.01953125 0.02936857562408223
0 0.9108052683480754 0.6357794625684058 0.01953125 0.02936857562408223
0 0.911156391943581 0.6294437698495027 0.01953125 0.02936857562408223
0 0.954344594190772 0.663234131016986 0.01953125 0.02936857562408223
0 0.948024369471671 0.6690418493426472 0.01953125 0.02936857562408223
0 0.948024369471671 0.6463389504332444 0.01953125 0.02936857562408223
0 0.958909200932345 0.6463389504332444 0.01953125 0.02936857562408223
0 0.9494288638536934 0.6268038978832932 0.01953125 0.02936857562408223
0 0.9360861672244798 0.6246920003103252 0.01953125 0.02936857562408223
0 0.9353839200334687 0.7978676012936776 0.01953125 0.02936857562408223
0 0.44187970655032266 0.4800775673018156 0.01953125 0.02936857562408223
0 0.48541903239301937 0.4800775673018156 0.01953125 0.02936857562408223
0 0.5036774593593115 0.46951807943697715 0.01953125 0.02936857562408223
0 0.9882280211570641 0.7102744027552962 0.01953125 0.02936857562408223
0 0.9711985267750419 0.762807854882868 0.01953125 0.02936857562408223
0 0.9845412234042553 0.7749512659274322 0.01953125 0.02936857562408223
0 0.9785721222806598 0.7812869586463353 0.01953125 0.02936857562408223
0 0.995777178460435 0.6857235934695466 0.01953125 0.02936857562408223
0 0.9715496503705474 0.6709403104587726 0.01953125 0.02936857562408223
0 0.9838389762132441 0.6545731042682729 0.01953125 0.02936857562408223
0 0.9782209986851543 0.6487653859426116 0.01953125 0.02936857562408223
0 0.9683895380109968 0.6403177956507408 0.01953125 0.02936857562408223
0 0.9838389762132441 0.6392618468642569 0.01953125 0.02936857562408223
0 0.9978839200334687 0.638205898077773 0.01953125 0.02936857562408223
0 0.9943726840784126 0.6704123360655305 0.01953125 0.02936857562408223
0 0.9841900998087497 0.6925872605816916 0.01953125 0.02936857562408223
0 0.9434597627300981 0.6292303333926602 0.01953125 0.02936857562408223
0 0.971900773966053 0.6339821029318377 0.01953125 0.02936857562408223
0 0.7274309705952666 0.7547562453859287 0.01953125 0.02936857562408223
0 0.7193551278986373 0.7199099354319614 0.01953125 0.02936857562408223
0 0.7830840604829069 0.7207018970218242 0.01953125 0.02936857562408223
0 0.9925292852020081 0.6789413692159334 0.01953125 0.02936857562408223
0 0.9905981054267272 0.6855410491314575 0.01953125 0.02936857562408223
0 0.7057490885727948 0.5056843253740492 0.01953125 0.02936857562408223
0 0.7208474031795363 0.4824534520714044 0.01953125 0.02936857562408223
0 0.7236563919435812 0.5114920436997105 0.01953125 0.02936857562408223
0 0.7099625717188621 0.5130759668794361 0.01953125 0.02936857562408223
0 0.6931086391345925 0.5114920436997105 0.01953125 0.02936857562408223
0 0.6850327964379633 0.514659890059162 0.01953125 0.02936857562408223
0 0.7306788638536937 0.5120200180929524 0.01953125 0.02936857562408223
0 0.06442184138178339 0.8181946154334919 0.01953125 0.02936857562408223
0 0.004730830145828358 0.7865161518389762 0.01953125 0.02936857562408223
0 0.011753302055940698 0.7643412273228153 0.01953125 0.02936857562408223
0 0.010348807673918228 0.7527257906714929 0.01953125 0.02936857562408223
0 0.01807352677504184 0.7495579443120413 0.01953125 0.02936857562408223
0 0.00121959419077217 0.7379425076607189 0.01953125 0.02936857562408223
0 0.03703420093234519 0.7569495858174282 0.01953125 0.02936857562408223
0 0.05318588632560365 0.744278200379622 0.01953125 0.02936857562408223
0 0.14166903239301934 0.7643412273228153 0.01953125 0.02936857562408223
0 0.14939375149414297 0.7717328688282022 0.01953125 0.02936857562408223
0 0.15641622340425534 0.7749007151876538 0.01953125 0.02936857562408223
0 0.1458825155390868 0.7833483054795246 0.01953125 0.02936857562408223
0 0.12973083014582837 0.759061483390396 0.01953125 0.02936857562408223
0 0.16554543688740136 0.7949637421308471 0.01953125 0.02936857562408223
0 0.15360723464021037 0.8160827178605243 0.01953125 0.02936857562408223
0 0.16484318969639014 0.8234743593659112 0.01953125 0.02936857562408223
0 0.17959038070762612 0.8329778984442658 0.01953125 0.02936857562408223
0 0.18380386385369352 0.8678242083982332 0.01953125 0.02936857562408223
0 0.16343869531436767 0.9037264671386842 0.01953125 0.02936857562408223
0 0.2175117290222329 0.8657123108252653 0.01953125 0.02936857562408223
0 0.18239936947167104 0.9523001113169416 0.01953125 0.02936857562408223
0 0.18239936947167104 0.7822923566930409 0.01953125 0.02936857562408223
0 0.17888813351661492 0.7664531248957831 0.01953125 0.02936857562408223
0 0.17046116722448007 0.7622293297498476 0.01953125 0.02936857562408223
0 0.1711634144154913 0.7770126127606215 0.01953125 0.02936857562408223
0 0.19574206610088452 0.7527257906714929 0.01953125 0.02936857562408223
0 0.2006577964379632 0.7727888176146862 0.01953125 0.02936857562408223
0 0.19503981890987332 0.7812364079065569 0.01953125 0.02936857562408223
0 0.21961847059526654 0.7991875372767824 0.01953125 0.02936857562408223
0 0.209084762730098 0.780180459120073 0.01953125 0.02936857562408223
0 0.19433757171886207 0.7917958957713955 0.01953125 0.02936857562408223
0 0.199955549246952 0.8129148715010726 0.01953125 0.02936857562408223
0 0.17748363913459245 0.7991875372767824 0.01953125 0.02936857562408223
0 0.2224274593593115 0.7727888176146862 0.01953125 0.02936857562408223
0 0.21680948183122162 0.780180459120073 0.01953125 0.02936857562408223
0 0.23085442565144637 0.7791245103335893 0.01953125 0.02936857562408223
0 0.23085442565144637 0.78757210062546 0.01953125 0.02936857562408223
0 0.23857914475256997 0.8023553836362342 0.01953125 0.02936857562408223
0 0.24068588632560364 0.8329778984442658 0.01953125 0.02936857562408223
0 0.21259599868515422 0.8424814375226205 0.01953125 0.02936857562408223
0 0.23998363913459245 0.8699361059712009 0.01953125 0.02936857562408223
0 0.2652645380109969 0.9142859550035228 0.01953125 0.02936857562408223
0 0.2673712795840306 0.8456492838820721 0.01953125 0.02936857562408223
0 0.2694780211570643 0.8276981545118466 0.01953125 0.02936857562408223
0 0.2912476840784126 0.8171386666470081 0.01953125 0.02936857562408223
0 0.2631577964379632 0.7749007151876538 0.01953125 0.02936857562408223
0 0.2652645380109969 0.8012994348497502 0.01953125 0.02936857562408223
0 0.25473083014582837 0.796019690917331 0.01953125 0.02936857562408223
0 0.25262408857279467 0.7822923566930409 0.01953125 0.02936857562408223
0 0.24209038070762612 0.7791245103335893 0.01953125 0.02936857562408223
0 0.2814162234042554 0.7907399469849117 0.01953125 0.02936857562408223
0 0.277202740258188 0.7696209712552344 0.01953125 0.02936857562408223
0 0.3010791447525699 0.8572647205333945 0.01953125 0.02936857562408223
0 0.3024836391345924 0.7664531248957831 0.01953125 0.02936857562408223
0 0.29546116722448 0.7791245103335893 0.01953125 0.02936857562408223
0 0.2961634144154913 0.788628049411944 0.01953125 0.02936857562408223
0 0.30529262789863737 0.780180459120073 0.01953125 0.02936857562408223
0 0.31793307733683956 0.7991875372767824 0.01953125 0.02936857562408223
0 0.30950611104470477 0.8086910763551373 0.01953125 0.02936857562408223
0 0.3279400998087498 0.8200425258098387 0.01953125 0.02936857562408223
0 0.3230243694716711 0.8295460648881934 0.01953125 0.02936857562408223
0 0.3282912234042554 0.781500395103178 0.01953125 0.02936857562408223
0 0.31670414475257 0.7778045743504846 0.01953125 0.02936857562408223
0 0.3198642571121206 0.7867801390355973 0.01953125 0.02936857562408223
0 0.3096816728424577 0.7894200110018069 0.01953125 0.02936857562408223
0 0.3096816728424577 0.773580779204549 0.01953125 0.02936857562408223
0 0.3532209986851542 0.7767486255640007 0.01953125 0.02936857562408223
0 0.3398783020559408 0.788364062215323 0.01953125 0.02936857562408223
0 0.3430384144154913 0.8026193708328551 0.01953125 0.02936857562408223
0 0.3307490885727948 0.7994515244734035 0.01953125 0.02936857562408223
0 0.3247799874491993 0.8052592427990647 0.01953125 0.02936857562408223
0 0.343389538010997 0.8174026538436291 0.01953125 0.02936857562408223
0 0.3539232458761655 0.8358817576070966 0.01953125 0.02936857562408223
0 0.3605945941907723 0.8089550635517582 0.01953125 0.02936857562408223
0 0.3504120099211093 0.876535785886725 0.01953125 0.02936857562408223
0 0.374639538010997 0.7820283694964199 0.01953125 0.02936857562408223
0 0.3813108863256037 0.7915319085747747 0.01953125 0.02936857562408223
0 0.38306650430313177 0.8105389867314841 0.01953125 0.02936857562408223
0 0.3974625717188622 0.7978676012936778 0.01953125 0.02936857562408223
0 0.3848221222806599 0.8411615015395157 0.01953125 0.02936857562408223
0 0.3760440323930194 0.8274341673152258 0.01953125 0.02936857562408223
0 0.3953558301458284 0.8717840163475477 0.01953125 0.02936857562408223
0 0.40799627958403073 0.8147627818774194 0.01953125 0.02936857562408223
0 0.4227434705952667 0.8237383465625322 0.01953125 0.02936857562408223
0 0.4209878526177386 0.8052592427990647 0.01953125 0.02936857562408223
0 0.4220412234042554 0.7878360878220813 0.01953125 0.02936857562408223
0 0.4051872908199858 0.7915319085747747 0.01953125 0.02936857562408223
0 0.4290636953143678 0.796283678113952 0.01953125 0.02936857562408223
0 0.4445131335166149 0.7952277293274682 0.01953125 0.02936857562408223
0 0.4662827964379633 0.7609093937667428 0.01953125 0.02936857562408223
0 0.4719007739660532 0.7656611633059203 0.01953125 0.02936857562408223
0 0.4518867290222329 0.7503499059019043 0.01953125 0.02936857562408223
0 0.4487266166626823 0.8221544233828064 0.01953125 0.02936857562408223
0 0.44697099868515433 0.7968116525071939 0.01953125 0.02936857562408223
0 0.456451335763806 0.7952277293274682 0.01953125 0.02936857562408223
0 0.4634738076739184 0.8374656807868224 0.01953125 0.02936857562408223
0 0.4631226840784127 0.9161338653798696 0.01953125 0.02936857562408223
0 0.3918445941907723 0.7878360878220813 0.01953125 0.02936857562408223
0 0.4761142571121206 0.8200425258098387 0.01953125 0.02936857562408223
0 0.37025049306717656 0.9763734969492278 0.01953125 0.02936857562408223
0 0.5061353245278509 0.8350897960172337 0.01953125 0.02936857562408223
0 0.4857701559885251 0.8308660008712981 0.01953125 0.02936857562408223
0 0.47874768407841267 0.7981315884902986 0.01953125 0.02936857562408223
0 0.5012195941907721 0.8995026719927487 0.01953125 0.02936857562408223
0 0.5489724031795362 0.8973907744197811 0.01953125 0.02936857562408223
0 0.530713976213244 0.9702512406871672 0.01953125 0.02936857562408223
0 0.5770622908199857 0.8720480035441687 0.01953125 0.02936857562408223
0 0.5068375717188621 0.9174538013629744 0.01953125 0.02936857562408223
0 0.5412476840784126 0.8530409253874591 0.01953125 0.02936857562408223
0 0.5335229649772891 0.8329778984442658 0.01953125 0.02936857562408223
0 0.5328207177862778 0.8203065130064596 0.01953125 0.02936857562408223
0 0.5321184705952666 0.8044672812092017 0.01953125 0.02936857562408223
0 0.5435299874491992 0.8063151915855485 0.01953125 0.02936857562408223
0 0.5505524593593115 0.804203294012581 0.01953125 0.02936857562408223
0 0.5540636953143677 0.8163467050571451 0.01953125 0.02936857562408223
0 0.5631929087975138 0.8063151915855485 0.01953125 0.02936857562408223
0 0.5709176278986373 0.8078991147652744 0.01953125 0.02936857562408223
0 0.5846114481233564 0.8089550635517582 0.01953125 0.02936857562408223
0 0.575833358235716 0.8189865770233548 0.01953125 0.02936857562408223
0 0.6028698750896486 0.8913190688974989 0.01953125 0.02936857562408223
0 0.6042743694716711 0.9372528411095467 0.01953125 0.02936857562408223
0 0.614456953741334 0.8591126309097413 0.01953125 0.02936857562408223
0 0.6256929087975138 0.8422174503259997 0.01953125 0.02936857562408223
0 0.6299063919435812 0.8216264489895644 0.01953125 0.02936857562408223
0 0.6074344818312216 0.831657962461161 0.01953125 0.02936857562408223
0 0.6014653807076261 0.8200425258098387 0.01953125 0.02936857562408223
0 0.5898783020559407 0.8179306282368709 0.01953125 0.02936857562408223
0 0.583206953741334 0.840105552753032 0.01953125 0.02936857562408223
0 0.5652996503705474 0.840105552753032 0.01953125 0.02936857562408223
0 0.5582771784604351 0.8290180904949515 0.01953125 0.02936857562408223
0 0.6414934705952666 0.8200425258098387 0.01953125 0.02936857562408223
0 0.6443024593593115 0.8459132710786932 0.01953125 0.02936857562408223
0 0.6657209986851542 0.8802316066394184 0.01953125 0.02936857562408223
0 0.6720412234042554 0.8580566821232575 0.01953125 0.02936857562408223
0 0.6629120099211093 0.8385216295733061 0.01953125 0.02936857562408223
0 0.6527294256514464 0.8210984745963225 0.01953125 0.02936857562408223
0 0.6488670661008845 0.8137068330909354 0.01953125 0.02936857562408223
0 0.6158614481233564 0.8210984745963225 0.01953125 0.02936857562408223
0 0.6629120099211093 0.9224695580987727 0.01953125 0.02936857562408223
0 0.7011844818312216 0.8649203492354025 0.01953125 0.02936857562408223
0 0.6846816728424576 0.8284901161017095 0.01953125 0.02936857562408223
0 0.6797659425053789 0.8163467050571451 0.01953125 0.02936857562408223
0 0.6716900998087497 0.8290180904949515 0.01953125 0.02936857562408223
0 0.6376311110447048 0.9002946335826116 0.01953125 0.02936857562408223
0 0.5972518975615587 0.8496090918313867 0.01953125 0.02936857562408223
0 0.6402645380109969 0.9660274455412318 0.01953125 0.02936857562408223
0 0.6908263357638059 0.9544120088899092 0.01953125 0.02936857562408223
0 0.7175117290222329 0.9839785749114573 0.01953125 0.02936857562408223
0 0.7694780211570643 0.9354049307331999 0.01953125 0.02936857562408223
0 0.8207420661008845 0.9090062110711035 0.01953125 0.02936857562408223
0 0.8319780211570643 0.9713071894736509 0.01953125 0.02936857562408223
0 0.7933544256514463 0.9744750358331025 0.01953125 0.02936857562408223
0 0.8642813919435811 0.9248454428683612 0.01953125 0.02936857562408223
0 0.9071184705952666 0.9438525210250706 0.01953125 0.02936857562408223
0 0.8853488076739183 0.9058383647116518 0.01953125 0.02936857562408223
0 0.9078207177862778 0.8826074914090071 0.01953125 0.02936857562408223
0 0.8670903807076262 0.8720480035441687 0.01953125 0.02936857562408223
0 0.8649836391345924 0.8868312865549425 0.01953125 0.02936857562408223
0 0.8509386953143677 0.8678242083982332 0.01953125 0.02936857562408223
0 0.8397027402581878 0.8477611814550399 0.01953125 0.02936857562408223
0 0.8284667852020081 0.8530409253874591 0.01953125 0.02936857562408223
0 0.7828207177862778 0.8234743593659112 0.01953125 0.02936857562408223
0 0.7434948750896486 0.8255862569388788 0.01953125 0.02936857562408223
0 0.699955549246952 0.824530308152395 0.01953125 0.02936857562408223
0 0.7427926278986373 0.8530409253874591 0.01953125 0.02936857562408223
0 0.7519218413817834 0.8255862569388788 0.01953125 0.02936857562408223
0 0.8839443132918958 0.8625444644658138 0.01953125 0.02936857562408223
0 0.8888600436289744 0.8456492838820721 0.01953125 0.02936857562408223
0 0.8670903807076262 0.8498730790280075 0.01953125 0.02936857562408223
0 0.9302926278986373 0.8804955938360394 0.01953125 0.02936857562408223
0 0.9492533020559407 0.8952788768468133 0.01953125 0.02936857562408223
0 0.9618937514941429 0.9248454428683612 0.01953125 0.02936857562408223
0 0.9281858863256036 0.8340338472307498 0.01953125 0.02936857562408223
0 0.9197589200334688 0.8572647205333945 0.01953125 0.02936857562408223
0 0.908522964977289 0.8477611814550399 0.01953125 0.02936857562408223
0 0.9429330773368396 0.8456492838820721 0.01953125 0.02936857562408223
0 0.949955549246952 0.8572647205333945 0.01953125 0.02936857562408223
0 0.9710229649772889 0.8456492838820721 0.01953125 0.02936857562408223
0 0.9654049874491991 0.8646563620387816 0.01953125 0.02936857562408223
0 0.9590847627300981 0.8530409253874591 0.01953125 0.02936857562408223
0 0.9829611672244801 0.8731039523306524 0.01953125 0.02936857562408223
0 0.9857701559885249 0.9396287258791353 0.01953125 0.02936857562408223
0 0.7533263357638059 0.87521584990362 0.01953125 0.02936857562408223
0 0.7870342009323452 0.8498730790280075 0.01953125 0.02936857562408223
0 0.855152178460435 0.8583206693198785 0.01953125 0.02936857562408223
0 0.8993937514941429 0.8604325668928462 0.01953125 0.02936857562408223
0 0.9013249312694239 0.8548888357638059 0.01953125 0.02936857562408223
0 0.8785018975615587 0.8511930150111126 0.01953125 0.02936857562408223
0 0.9315215604829069 0.8474971942584191 0.01953125 0.02936857562408223
0 0.9427575155390867 0.8585846565164994 0.01953125 0.02936857562408223
0 0.9950749312694239 0.8575287077300157 0.01953125 0.02936857562408223
0 0.9813811110447046 0.8501370662246287 0.01953125 0.02936857562408223
0 0.9834878526177384 0.8596406053029833 0.01953125 0.02936857562408223
0 0.6441268975615586 0.8707786183008422 0.01953125 0.02936857562408223
0 0.4102561334941651 0.6828418870784599 0.01953125 0.02936857562408223
0 0.4042621275001591 0.6768332114662603 0.01953125 0.02936857562408223
