0 0.03442345679012342 0.8593916004960481 0.02 0.029985007496251874
0 0.006425925925925896 0.9569224646935791 0.02 0.029985007496251874
0 0.09865308641975307 0.9643298721009866 0.02 0.029985007496251874
0 0.1282975308641975 0.9384039461750606 0.02 0.029985007496251874
0 0.09453580246913575 0.9001323412367892 0.02 0.029985007496251874
0 0.1587654320987654 0.969268143705925 0.02 0.029985007496251874
0 0.18840987654320984 0.9297619708664187 0.02 0.029985007496251874
0 0.22464197530864194 0.8655644400022212 0.02 0.029985007496251874
0 0.291341975308642 0.9766755511133323 0.02 0.029985007496251874
0 0.31275185185185184 0.9532187609898755 0.02 0.029985007496251874
0 0.2880481481481481 0.9371693782738262 0.02 0.029985007496251874
0 0.26252098765432097 0.9112434523479002 0.02 0.029985007496251874
0 0.30122345679012347 0.8828483906195052 0.02 0.029985007496251874
0 0.36051234567901236 0.89766320543432 0.02 0.029985007496251874
0 0.39098024691358024 0.9593916004960484 0.02 0.029985007496251874
0 0.38603950617283955 0.8939595017306163 0.02 0.029985007496251874
0 0.42309506172839506 0.8285274029651842 0.02 0.029985007496251874
0 0.45932716049382716 0.9433422177799989 0.02 0.029985007496251874
0 0.46262098765432097 0.9865520943232089 0.02 0.029985007496251874
0 0.43956419753086423 0.9853175264219742 0.02 0.029985007496251874
0 0.5194395061728395 0.926058267162715 0.02 0.029985007496251874
0 0.5046172839506173 0.8445767856812335 0.02 0.029985007496251874
0 0.5317913580246914 0.8309965387676532 0.02 0.029985007496251874
0 0.5639061728395062 0.871737279508394 0.02 0.029985007496251874
0 0.6067259259259259 0.8556878967923447 0.02 0.029985007496251874
0 0.6133135802469136 0.9285274029651841 0.02 0.029985007496251874
0 0.5737876543209877 0.969268143705925 0.02 0.029985007496251874
0 0.6421345679012346 0.8766755511133324 0.02 0.029985007496251874
0 0.6610740740740741 0.8482804893849372 0.02 0.029985007496251874
0 0.691541975308642 0.8519841930886409 0.02 0.029985007496251874
0 0.7137753086419754 0.8754409832120977 0.02 0.029985007496251874
0 0.6948358024691358 0.9038360449404929 0.02 0.029985007496251874
0 0.6750728395061728 0.9556878967923447 0.02 0.029985007496251874
0 0.7747111111111111 0.9149471560516038 0.02 0.029985007496251874
0 0.7887098765432099 0.9680335758046903 0.02 0.029985007496251874
0 0.8652913580246914 0.9667990079034557 0.02 0.029985007496251874
0 0.8801135802469137 0.9272928350639497 0.02 0.029985007496251874
0 0.8875246913580247 0.85445332889111 0.02 0.029985007496251874
0 0.828235802469136 0.8433422177799991 0.02 0.029985007496251874
0 0.7952975308641976 0.8026014770392583 0.02 0.029985007496251874
0 0.7327148148148148 0.7902557980269126 0.02 0.029985007496251874
0 0.7162456790123457 0.8161817239528386 0.02 0.029985007496251874
0 0.6478987654320988 0.8124780202491347 0.02 0.029985007496251874
0 0.815883950617284 0.780379254817036 0.02 0.029985007496251874
0 0.8858777777777778 0.769268143705925 0.02 0.029985007496251874
0 0.8290592592592593 0.7408730819775298 0.02 0.029985007496251874
0 0.7854160493827161 0.7112434523479002 0.02 0.029985007496251874
0 0.7640061728395062 0.7248236992614805 0.02 0.029985007496251874
0 0.7689469135802469 0.700132341236789 0.02 0.029985007496251874
0 0.7590654320987654 0.6692681437059249 0.02 0.029985007496251874
0 0.8092962962962963 0.6643298721009866 0.02 0.029985007496251874
0 0.8389407407407407 0.680379254817036 0.02 0.029985007496251874
0 0.8768197530864197 0.671737279508394 0.02 0.029985007496251874
0 0.8578802469135803 0.5964286375330854 0.02 0.029985007496251874
0 0.7104814814814815 0.7038360449404928 0.02 0.029985007496251874
0 0.7104814814814815 0.6606261683972828 0.02 0.029985007496251874
0 0.6898950617283951 0.6680335758046902 0.02 0.029985007496251874
0 0.6487222222222223 0.6680335758046902 0.02 0.029985007496251874
0 0.6470753086419753 0.7149471560516039 0.02 0.029985007496251874
0 0.6421345679012346 0.7705027116071594 0.02 0.029985007496251874
0 0.6100197530864198 0.7569224646935792 0.02 0.029985007496251874
0 0.5984913580246914 0.7297619708664187 0.02 0.029985007496251874
0 0.5993148148148149 0.6816138227182705 0.02 0.029985007496251874
0 0.5721407407407407 0.7384039461750607 0.02 0.029985007496251874
0 0.5820222222222222 0.7828483906195052 0.02 0.029985007496251874
0 0.5235567901234568 0.7816138227182706 0.02 0.029985007496251874
0 0.5054407407407409 0.7458113535824681 0.02 0.029985007496251874
0 0.5210864197530864 0.7260582671627149 0.02 0.029985007496251874
0 0.4338000000000001 0.7556878967923447 0.02 0.029985007496251874
0 0.4420345679012346 0.7075397486441964 0.02 0.029985007496251874
0 0.4659148148148148 0.6877866622244434 0.02 0.029985007496251874
0 0.44862222222222226 0.7902557980269126 0.02 0.029985007496251874
0 0.4576802469135803 0.8347002424713569 0.02 0.029985007496251874
0 0.4239185185185186 0.7865520943232088 0.02 0.029985007496251874
0 0.39098024691358024 0.7988977733355545 0.02 0.029985007496251874
0 0.3934506172839506 0.7408730819775298 0.02 0.029985007496251874
0 0.3835691358024692 0.7235891313602458 0.02 0.029985007496251874
0 0.3794518518518519 0.6902557980269126 0.02 0.029985007496251874
0 0.41321358024691357 0.6729718474096286 0.02 0.029985007496251874
0 0.3950975308641976 0.671737279508394 0.02 0.029985007496251874
0 0.39921481481481486 0.6458113535824681 0.02 0.029985007496251874
0 0.4214481481481481 0.6384039461750607 0.02 0.029985007496251874
0 0.4420345679012346 0.6297619708664186 0.02 0.029985007496251874
0 0.4601506172839506 0.6482804893849372 0.02 0.029985007496251874
0 0.5079111111111112 0.6507496251874063 0.02 0.029985007496251874
0 0.5227333333333334 0.6495150572861718 0.02 0.029985007496251874
0 0.5326148148148149 0.6161817239528384 0.02 0.029985007496251874
0 0.5523777777777779 0.6223545634590113 0.02 0.029985007496251874
0 0.5721407407407407 0.6161817239528384 0.02 0.029985007496251874
0 0.5696703703703704 0.6556878967923446 0.02 0.029985007496251874
0 0.5910802469135803 0.6223545634590113 0.02 0.029985007496251874
0 0.6330765432098766 0.6235891313602459 0.02 0.029985007496251874
0 0.3613358024691358 0.8087743165454311 0.02 0.029985007496251874
0 0.329220987654321 0.8260582671627151 0.02 0.029985007496251874
0 0.3004 0.8334656745701224 0.02 0.029985007496251874
0 0.25099259259259254 0.8235891313602459 0.02 0.029985007496251874
0 0.2460518518518518 0.7791446869158015 0.02 0.029985007496251874
0 0.29051851851851845 0.7877866622244433 0.02 0.029985007496251874
0 0.2748728395061728 0.7828483906195052 0.02 0.029985007496251874
0 0.27899012345679014 0.7334656745701224 0.02 0.029985007496251874
0 0.2600506172839506 0.734700242471357 0.02 0.029985007496251874
0 0.31110493827160496 0.7569224646935792 0.02 0.029985007496251874
0 0.3226333333333333 0.7087743165454311 0.02 0.029985007496251874
0 0.3193395061728395 0.680379254817036 0.02 0.029985007496251874
0 0.32592716049382714 0.6408730819775298 0.02 0.029985007496251874
0 0.36545308641975305 0.6532187609898754 0.02 0.029985007496251874
0 0.35145432098765433 0.6347002424713569 0.02 0.029985007496251874
0 0.3720407407407407 0.608774316545431 0.02 0.029985007496251874
0 0.3102814814814815 0.6075397486441965 0.02 0.029985007496251874
0 0.2987530864197531 0.5927249338293816 0.02 0.029985007496251874
0 0.3045172839506173 0.6421076498787643 0.02 0.029985007496251874
0 0.2798135802469136 0.6445767856812336 0.02 0.029985007496251874
0 0.26169753086419745 0.6075397486441965 0.02 0.029985007496251874
0 0.28722469135802464 0.6865520943232089 0.02 0.029985007496251874
0 0.2559333333333333 0.6927249338293817 0.02 0.029985007496251874
0 0.2369938271604938 0.6791446869158014 0.02 0.029985007496251874
0 0.2197012345679012 0.6408730819775298 0.02 0.029985007496251874
0 0.21064320987654317 0.6112434523479001 0.02 0.029985007496251874
0 0.20158518518518517 0.7322311066688879 0.02 0.029985007496251874
0 0.21064320987654317 0.7791446869158015 0.02 0.029985007496251874
0 0.18429259259259256 0.8396385140762953 0.02 0.029985007496251874
0 0.1266506172839506 0.8458113535824681 0.02 0.029985007496251874
0 0.15135432098765428 0.889021230125678 0.02 0.029985007496251874
0 0.07971358024691355 0.8309965387676532 0.02 0.029985007496251874
0 0.07230246913580246 0.7643298721009866 0.02 0.029985007496251874
0 0.1505308641975308 0.7470459214837026 0.02 0.029985007496251874
0 0.17358765432098763 0.7272928350639496 0.02 0.029985007496251874
0 0.19005679012345675 0.6865520943232089 0.02 0.029985007496251874
0 0.15547160493827156 0.6680335758046902 0.02 0.029985007496251874
0 0.11759259259259258 0.7359348103725916 0.02 0.029985007496251874
0 0.11429876543209874 0.7853175264219743 0.02 0.029985007496251874
0 0.10029999999999999 0.7865520943232088 0.02 0.029985007496251874
0 0.0031320987654320617 0.7198854276565422 0.02 0.029985007496251874
0 0.017954320987654284 0.689021230125678 0.02 0.029985007496251874
0 0.01548395061728391 0.651984193088641 0.02 0.029985007496251874
0 0.04924567901234562 0.6569224646935792 0.02 0.029985007496251874
0 0.04924567901234562 0.7137125881503693 0.02 0.029985007496251874
0 0.08877160493827156 0.6705027116071595 0.02 0.029985007496251874
0 0.08300740740740739 0.7063051807429619 0.02 0.029985007496251874
0 0.11676913580246909 0.6680335758046902 0.02 0.029985007496251874
0 0.09535925925925923 0.7198854276565422 0.02 0.029985007496251874
0 0.12418024691358019 0.6396385140762952 0.02 0.029985007496251874
0 0.15629506172839505 0.6322311066688878 0.02 0.029985007496251874
0 0.13817901234567895 0.589021230125678 0.02 0.029985007496251874
0 0.10441728395061725 0.5655644400022212 0.02 0.029985007496251874
0 0.09700617283950615 0.6161817239528384 0.02 0.029985007496251874
0 0.07394938271604937 0.5840829585207397 0.02 0.029985007496251874
0 0.08712469135802464 0.5556878967923446 0.02 0.029985007496251874
0 0.06983209876543205 0.545811353582468 0.02 0.029985007496251874
0 0.047598765432098705 0.5680335758046903 0.02 0.029985007496251874
0 0.007249382716049325 0.5309965387676532 0.02 0.029985007496251874
0 0.0196012345679012 0.6100088844466656 0.02 0.029985007496251874
0 0.04101111111111109 0.6161817239528384 0.02 0.029985007496251874
0 0.04183456790123452 0.534700242471357 0.02 0.029985007496251874
0 0.051716049382716026 0.5026014770392582 0.02 0.029985007496251874
0 0.022071604938271577 0.4643298721009866 0.02 0.029985007496251874
0 0.07971358024691355 0.4964286375330854 0.02 0.029985007496251874
0 0.08630123456790122 0.46926814370592485 0.02 0.029985007496251874
0 0.10853456790123452 0.48531752642197423 0.02 0.029985007496251874
0 0.1258271604938271 0.47544098321209766 0.02 0.029985007496251874
0 0.15711851851851846 0.45692246469357917 0.02 0.029985007496251874
0 0.17688148148148147 0.47420641531086316 0.02 0.029985007496251874
0 0.19417407407407408 0.4816138227182706 0.02 0.029985007496251874
0 0.20158518518518517 0.5149471560516039 0.02 0.029985007496251874
0 0.19005679012345675 0.537169378273826 0.02 0.029985007496251874
0 0.16452962962962964 0.5384039461750607 0.02 0.029985007496251874
0 0.14229629629629628 0.5322311066688878 0.02 0.029985007496251874
0 0.13900246913580244 0.508774316545431 0.02 0.029985007496251874
0 0.11594567901234566 0.5149471560516039 0.02 0.029985007496251874
0 0.14559012345679012 0.48655209432320884 0.02 0.029985007496251874
0 0.2197012345679012 0.4729718474096286 0.02 0.029985007496251874
0 0.21311358024691354 0.4939595017306162 0.02 0.029985007496251874
0 0.23534691358024687 0.47791011901456687 0.02 0.029985007496251874
0 0.24358148148148145 0.5026014770392582 0.02 0.029985007496251874
0 0.23287654320987652 0.5618607362985174 0.02 0.029985007496251874
0 0.22299506172839503 0.551984193088641 0.02 0.029985007496251874
0 0.2114666666666666 0.5705027116071595 0.02 0.029985007496251874
0 0.1875864197530864 0.5816138227182706 0.02 0.029985007496251874
0 0.26746172839506177 0.545811353582468 0.02 0.029985007496251874
0 0.27734320987654315 0.5742064153108631 0.02 0.029985007496251874
0 0.3086345679012346 0.5223545634590112 0.02 0.029985007496251874
0 0.33663209876543215 0.517416291854073 0.02 0.029985007496251874
0 0.3391024691358025 0.5408730819775298 0.02 0.029985007496251874
0 0.3712172839506173 0.5445767856812336 0.02 0.029985007496251874
0 0.37039382716049385 0.517416291854073 0.02 0.029985007496251874
0 0.31769259259259264 0.5705027116071595 0.02 0.029985007496251874
0 0.3234567901234568 0.551984193088641 0.02 0.029985007496251874
0 0.3885098765432099 0.5063051807429619 0.02 0.029985007496251874
0 0.40580246913580253 0.4976632054343199 0.02 0.029985007496251874
0 0.42309506172839506 0.4976632054343199 0.02 0.029985007496251874
0 0.41650740740740744 0.5532187609898754 0.02 0.029985007496251874
0 0.42309506172839506 0.5779101190145669 0.02 0.029985007496251874
0 0.41650740740740744 0.6161817239528384 0.02 0.029985007496251874
0 0.4609740740740741 0.6063051807429619 0.02 0.029985007496251874
0 0.4782666666666667 0.580379254817036 0.02 0.029985007496251874
0 0.46262098765432097 0.5816138227182706 0.02 0.029985007496251874
0 0.4683851851851851 0.5556878967923446 0.02 0.029985007496251874
0 0.4832074074074075 0.5198854276565422 0.02 0.029985007496251874
0 0.46426790123456796 0.4964286375330854 0.02 0.029985007496251874
0 0.48073703703703713 0.48531752642197423 0.02 0.029985007496251874
0 0.4461518518518519 0.517416291854073 0.02 0.029985007496251874
0 0.45520987654320993 0.5309965387676532 0.02 0.029985007496251874
0 0.4963827160493828 0.5630953041997521 0.02 0.029985007496251874
0 0.5079111111111112 0.534700242471357 0.02 0.029985007496251874
0 0.5219098765432099 0.5001323412367891 0.02 0.029985007496251874
0 0.5441432098765432 0.5050706128417274 0.02 0.029985007496251874
0 0.5424962962962964 0.5334656745701224 0.02 0.029985007496251874
0 0.529320987654321 0.5742064153108631 0.02 0.029985007496251874
0 0.529320987654321 0.5569224646935792 0.02 0.029985007496251874
0 0.5680234567901236 0.508774316545431 0.02 0.029985007496251874
0 0.5803753086419754 0.517416291854073 0.02 0.029985007496251874
0 0.5861395061728396 0.49889777333555446 0.02 0.029985007496251874
0 0.5993148148148149 0.5186508597553076 0.02 0.029985007496251874
0 0.5902567901234568 0.5507496251874063 0.02 0.029985007496251874
0 0.594374074074074 0.5766755511133322 0.02 0.029985007496251874
0 0.6075493827160494 0.580379254817036 0.02 0.029985007496251874
0 0.6306061728395063 0.543342217779999 0.02 0.029985007496251874
0 0.6174308641975309 0.5186508597553076 0.02 0.029985007496251874
0 0.6339 0.517416291854073 0.02 0.029985007496251874
0 0.6108432098765433 0.4976632054343199 0.02 0.029985007496251874
0 0.6124901234567901 0.47667555111333226 0.02 0.029985007496251874
0 0.6380172839506173 0.48655209432320884 0.02 0.029985007496251874
0 0.664367901234568 0.4902557980269125 0.02 0.029985007496251874
0 0.6520160493827161 0.4951940696318508 0.02 0.029985007496251874
0 0.6544864197530864 0.5643298721009865 0.02 0.029985007496251874
0 0.6668382716049384 0.5816138227182706 0.02 0.029985007496251874
0 0.6396641975308642 0.5655644400022212 0.02 0.029985007496251874
0 0.6577802469135803 0.626058267162715 0.02 0.029985007496251874
0 0.6487222222222223 0.6075397486441965 0.02 0.029985007496251874
0 0.6833074074074075 0.6211199955577767 0.02 0.029985007496251874
0 0.6923654320987654 0.5421076498787644 0.02 0.029985007496251874
0 0.680837037037037 0.5359348103725915 0.02 0.029985007496251874
0 0.6767197530864199 0.5026014770392582 0.02 0.029985007496251874
0 0.6857777777777778 0.5026014770392582 0.02 0.029985007496251874
0 0.7244802469135803 0.5482804893849372 0.02 0.029985007496251874
0 0.7088345679012346 0.5408730819775298 0.02 0.029985007496251874
0 0.6981296296296297 0.5828483906195051 0.02 0.029985007496251874
0 0.7137753086419754 0.5705027116071595 0.02 0.029985007496251874
0 0.7327148148148148 0.6124780202491348 0.02 0.029985007496251874
0 0.7763580246913581 0.6334656745701224 0.02 0.029985007496251874
0 0.7903567901234568 0.6161817239528384 0.02 0.029985007496251874
0 0.815883950617284 0.6075397486441965 0.02 0.029985007496251874
0 0.7821222222222223 0.5853175264219742 0.02 0.029985007496251874
0 0.8076493827160494 0.5692681437059248 0.02 0.029985007496251874
0 0.8381172839506174 0.5532187609898754 0.02 0.029985007496251874
0 0.8949358024691357 0.517416291854073 0.02 0.029985007496251874
0 0.8710555555555557 0.5655644400022212 0.02 0.029985007496251874
0 0.864467901234568 0.5075397486441964 0.02 0.029985007496251874
0 0.8200012345679013 0.5038360449404927 0.02 0.029985007496251874
0 0.8043555555555556 0.5137125881503694 0.02 0.029985007496251874
0 0.7936506172839506 0.5297619708664186 0.02 0.029985007496251874
0 0.824941975308642 0.5297619708664186 0.02 0.029985007496251874
0 0.852116049382716 0.4976632054343199 0.02 0.029985007496251874
0 0.8603506172839507 0.46803357580469035 0.02 0.029985007496251874
0 0.7969444444444445 0.4816138227182706 0.02 0.029985007496251874
0 0.7804753086419755 0.5001323412367891 0.02 0.029985007496251874
0 0.7623592592592593 0.5149471560516039 0.02 0.029985007496251874
0 0.7541246913580247 0.5470459214837027 0.02 0.029985007496251874
0 0.7615358024691359 0.5754409832120977 0.02 0.029985007496251874
0 0.7475370370370371 0.6075397486441965 0.02 0.029985007496251874
0 0.7500074074074075 0.49889777333555446 0.02 0.029985007496251874
0 0.7351851851851852 0.4939595017306162 0.02 0.029985007496251874
0 0.7145987654320989 0.49272493382938165 0.02 0.029985007496251874
0 0.8768197530864197 0.3988977733355545 0.02 0.029985007496251874
0 0.8842308641975309 0.36803357580469026 0.02 0.029985007496251874
0 0.875172839506173 0.34334221777999896 0.02 0.029985007496251874
0 0.8595271604938273 0.34581135358246806 0.02 0.029985007496251874
0 0.8422345679012346 0.380379254817036 0.02 0.029985007496251874
0 0.8438814814814816 0.43346567457012236 0.02 0.029985007496251874
0 0.8298827160493827 0.44334221777999894 0.02 0.029985007496251874
0 0.824941975308642 0.42605826716271505 0.02 0.029985007496251874
0 0.8307061728395063 0.41247802024913477 0.02 0.029985007496251874
0 0.8167074074074073 0.4729718474096286 0.02 0.029985007496251874
0 0.7878864197530865 0.4618607362985174 0.02 0.029985007496251874
0 0.7714172839506173 0.47544098321209766 0.02 0.029985007496251874
0 0.7763580246913581 0.4359348103725915 0.02 0.029985007496251874
0 0.8018851851851853 0.41494715605160387 0.02 0.029985007496251874
0 0.740125925925926 0.4606261683972828 0.02 0.029985007496251874
0 0.7269506172839507 0.44581135358246804 0.02 0.029985007496251874
0 0.7417728395061729 0.41494715605160387 0.02 0.029985007496251874
0 0.7590654320987654 0.4050706128417273 0.02 0.029985007496251874
0 0.7557716049382716 0.37791011901456684 0.02 0.029985007496251874
0 0.7738876543209877 0.389021230125678 0.02 0.029985007496251874
0 0.7714172839506173 0.41000888444666556 0.02 0.029985007496251874
0 0.8134135802469136 0.3507496251874064 0.02 0.029985007496251874
0 0.8265888888888889 0.3593916004960483 0.02 0.029985007496251874
0 0.828235802469136 0.3828483906195051 0.02 0.029985007496251874
0 0.871879012345679 0.3100088844466656 0.02 0.029985007496251874
0 0.8587037037037037 0.317416291854073 0.02 0.029985007496251874
0 0.8776432098765433 0.2877866622244433 0.02 0.029985007496251874
0 0.864467901234568 0.29519406963185074 0.02 0.029985007496251874
0 0.862820987654321 0.2828483906195051 0.02 0.029985007496251874
0 0.8727024691358026 0.2742064153108631 0.02 0.029985007496251874
0 0.862820987654321 0.26186073629851747 0.02 0.029985007496251874
0 0.8529395061728396 0.25321876098987545 0.02 0.029985007496251874
0 0.8438814814814816 0.2754409832120977 0.02 0.029985007496251874
0 0.8109432098765432 0.2988977733355545 0.02 0.029985007496251874
0 0.8109432098765432 0.28037925481703596 0.02 0.029985007496251874
0 0.824941975308642 0.2556878967923446 0.02 0.029985007496251874
0 0.814237037037037 0.2507496251874063 0.02 0.029985007496251874
0 0.8191777777777779 0.23470024247135693 0.02 0.029985007496251874
0 0.7080111111111111 0.39149036592814707 0.02 0.029985007496251874
0 0.7145987654320989 0.3754409832120977 0.02 0.029985007496251874
0 0.6997765432098766 0.3742064153108632 0.02 0.029985007496251874
0 0.702246913580247 0.35445332889111003 0.02 0.029985007496251874
0 0.6948358024691358 0.4186508597553075 0.02 0.029985007496251874
0 0.7055407407407408 0.4618607362985174 0.02 0.029985007496251874
0 0.6907185185185185 0.4618607362985174 0.02 0.029985007496251874
0 0.6989530864197532 0.44457678568123354 0.02 0.029985007496251874
0 0.682483950617284 0.4297619708664187 0.02 0.029985007496251874
0 0.6404876543209876 0.45198419308864085 0.02 0.029985007496251874
0 0.6635444444444445 0.4384039461750606 0.02 0.029985007496251874
0 0.6413111111111112 0.40383604494049274 0.02 0.029985007496251874
0 0.6701320987654321 0.41000888444666556 0.02 0.029985007496251874
0 0.6849543209876543 0.3519841930886409 0.02 0.029985007496251874
0 0.6701320987654321 0.3532187609898754 0.02 0.029985007496251874
0 0.6676617283950618 0.3297619708664186 0.02 0.029985007496251874
0 0.6816604938271605 0.31865085975530755 0.02 0.029985007496251874
0 0.7014234567901235 0.31247802024913474 0.02 0.029985007496251874
0 0.718716049382716 0.31247802024913474 0.02 0.029985007496251874
0 0.7335382716049383 0.3643298721009866 0.02 0.029985007496251874
0 0.7343617283950618 0.3223545634590113 0.02 0.029985007496251874
0 0.7475370370370371 0.300132341236789 0.02 0.029985007496251874
0 0.7664765432098766 0.27791011901456686 0.02 0.029985007496251874
0 0.7755345679012347 0.26679900790345573 0.02 0.029985007496251874
0 0.5597888888888889 0.47420641531086316 0.02 0.029985007496251874
0 0.5704938271604939 0.4470459214837026 0.02 0.029985007496251874
0 0.5902567901234568 0.4223545634590113 0.02 0.029985007496251874
0 0.6124901234567901 0.4235891313602458 0.02 0.029985007496251874
0 0.6166074074074074 0.44334221777999894 0.02 0.029985007496251874
0 0.6437814814814815 0.3569224646935792 0.02 0.029985007496251874
0 0.6322530864197531 0.38531752642197425 0.02 0.029985007496251874
0 0.6059024691358025 0.39766320543431993 0.02 0.029985007496251874
0 0.6215481481481482 0.3532187609898754 0.02 0.029985007496251874
0 0.635546913580247 0.317416291854073 0.02 0.029985007496251874
0 0.6075493827160494 0.3285274029651841 0.02 0.029985007496251874
0 0.6034320987654321 0.30136690913802366 0.02 0.029985007496251874
0 0.5795518518518519 0.34210764987876435 0.02 0.029985007496251874
0 0.5721407407407407 0.363095304199752 0.02 0.029985007496251874
0 0.5622592592592592 0.3507496251874064 0.02 0.029985007496251874
0 0.5457901234567902 0.3593916004960483 0.02 0.029985007496251874
0 0.5597888888888889 0.4050706128417273 0.02 0.029985007496251874
0 0.5589654320987654 0.4235891313602458 0.02 0.029985007496251874
0 0.5630827160493828 0.44334221777999894 0.02 0.029985007496251874
0 0.5499074074074074 0.44581135358246804 0.02 0.029985007496251874
0 0.538379012345679 0.44334221777999894 0.02 0.029985007496251874
0 0.5301444444444445 0.46309530419975203 0.02 0.029985007496251874
0 0.5309679012345678 0.4791446869158014 0.02 0.029985007496251874
0 0.4972061728395062 0.44581135358246804 0.02 0.029985007496251874
0 0.5087345679012346 0.4384039461750606 0.02 0.029985007496251874
0 0.5153222222222222 0.4235891313602458 0.02 0.029985007496251874
0 0.5005 0.40383604494049274 0.02 0.029985007496251874
0 0.5153222222222222 0.363095304199752 0.02 0.029985007496251874
0 0.5235567901234568 0.27914468691580135 0.02 0.029985007496251874
0 0.5663765432098765 0.2655644400022211 0.02 0.029985007496251874
0 0.5342617283950617 0.22111999555777662 0.02 0.029985007496251874
0 0.5046172839506173 0.26926814370592483 0.02 0.029985007496251874
0 0.6133135802469136 0.26186073629851747 0.02 0.029985007496251874
0 0.6108432098765433 0.23223110666888777 0.02 0.029985007496251874
0 0.6594271604938272 0.2569224646935792 0.02 0.029985007496251874
0 0.6446049382716049 0.2742064153108631 0.02 0.029985007496251874
0 0.6339 0.24828048938493716 0.02 0.029985007496251874
0 0.6437814814814815 0.23099653876765316 0.02 0.029985007496251874
0 0.6511925925925927 0.22482369926148044 0.02 0.029985007496251874
0 0.749183950617284 0.21988542765654218 0.02 0.029985007496251874
0 0.758241975308642 0.22235456345901122 0.02 0.029985007496251874
0 0.7541246913580247 0.1853175264219742 0.02 0.029985007496251874
0 0.7096580246913581 0.2075397486441964 0.02 0.029985007496251874
0 0.7014234567901235 0.21371258815036928 0.02 0.029985007496251874
0 0.664367901234568 0.24087308197752982 0.02 0.029985007496251874
0 0.6726024691358025 0.22482369926148044 0.02 0.029985007496251874
0 0.6882481481481482 0.2334656745701224 0.02 0.029985007496251874
0 0.6791901234567902 0.24828048938493716 0.02 0.029985007496251874
0 0.6948358024691358 0.23593481037259154 0.02 0.029985007496251874
0 0.6948358024691358 0.18902123012567787 0.02 0.029985007496251874
0 0.7244802469135803 0.18037925481703593 0.02 0.029985007496251874
0 0.635546913580247 0.22358913136024583 0.02 0.029985007496251874
0 0.6454283950617284 0.2026014770392581 0.02 0.029985007496251874
0 0.6223716049382716 0.2075397486441964 0.02 0.029985007496251874
0 0.6297827160493827 0.18037925481703593 0.02 0.029985007496251874
0 0.6059024691358025 0.2100088844466656 0.02 0.029985007496251874
0 0.538379012345679 0.18902123012567787 0.02 0.029985007496251874
0 0.5606123456790124 0.1976632054343198 0.02 0.029985007496251874
0 0.5672 0.24087308197752982 0.02 0.029985007496251874
0 0.49473580246913584 0.36186073629851745 0.02 0.029985007496251874
0 0.48732469135802464 0.41247802024913477 0.02 0.029985007496251874
0 0.473325925925926 0.41247802024913477 0.02 0.029985007496251874
0 0.47909012345679014 0.4470459214837026 0.02 0.029985007496251874
0 0.4601506172839506 0.4470459214837026 0.02 0.029985007496251874
0 0.4412111111111111 0.4297619708664187 0.02 0.029985007496251874
0 0.4519160493827161 0.41000888444666556 0.02 0.029985007496251874
0 0.45932716049382716 0.3964286375330853 0.02 0.029985007496251874
0 0.4510925925925926 0.3828483906195051 0.02 0.029985007496251874
0 0.4494456790123457 0.3593916004960483 0.02 0.029985007496251874
0 0.47085555555555564 0.3396385140762952 0.02 0.029985007496251874
0 0.47744320987654326 0.3655644400022212 0.02 0.029985007496251874
0 0.48238395061728395 0.3408730819775298 0.02 0.029985007496251874
0 0.4988530864197531 0.3408730819775298 0.02 0.029985007496251874
0 0.48732469135802464 0.24334221777999895 0.02 0.029985007496251874
0 0.4799135802469136 0.2149471560516039 0.02 0.029985007496251874
0 0.4865012345679013 0.2026014770392581 0.02 0.029985007496251874
0 0.49967654320987653 0.1976632054343198 0.02 0.029985007496251874
0 0.5054407407407409 0.19642863753308537 0.02 0.029985007496251874
0 0.5013234567901235 0.17667555111333225 0.02 0.029985007496251874
0 0.36215925925925924 0.4593916004960483 0.02 0.029985007496251874
0 0.3440432098765432 0.4840829585207396 0.02 0.029985007496251874
0 0.386862962962963 0.4643298721009866 0.02 0.029985007496251874
0 0.40909629629629624 0.44581135358246804 0.02 0.029985007496251874
0 0.3967444444444444 0.4161817239528385 0.02 0.029985007496251874
0 0.3712172839506173 0.44581135358246804 0.02 0.029985007496251874
0 0.3662765432098765 0.42111999555777674 0.02 0.029985007496251874
0 0.3778049382716049 0.3939595017306162 0.02 0.029985007496251874
0 0.39427407407407405 0.37667555111333223 0.02 0.029985007496251874
0 0.4074493827160494 0.39149036592814707 0.02 0.029985007496251874
0 0.42968271604938274 0.3828483906195051 0.02 0.029985007496251874
0 0.4321530864197531 0.40877431654543106 0.02 0.029985007496251874
0 0.43874074074074076 0.45198419308864085 0.02 0.029985007496251874
0 0.4239185185185186 0.3569224646935792 0.02 0.029985007496251874
0 0.39592098765432104 0.35568789679234464 0.02 0.029985007496251874
0 0.3934506172839506 0.3396385140762952 0.02 0.029985007496251874
0 0.3918037037037037 0.2988977733355545 0.02 0.029985007496251874
0 0.4123901234567901 0.28408295852073967 0.02 0.029985007496251874
0 0.4255654320987654 0.30260147703925816 0.02 0.029985007496251874
0 0.4305061728395062 0.3149471560516039 0.02 0.029985007496251874
0 0.4560333333333333 0.2988977733355545 0.02 0.029985007496251874
0 0.39015679012345683 0.26186073629851747 0.02 0.029985007496251874
0 0.4016851851851852 0.24087308197752982 0.02 0.029985007496251874
0 0.3950975308641976 0.1791446869158013 0.02 0.029985007496251874
0 0.40580246913580253 0.19519406963185076 0.02 0.029985007496251874
0 0.40991975308641976 0.17791011901456685 0.02 0.029985007496251874
0 0.41815432098765437 0.19395950173061616 0.02 0.029985007496251874
0 0.4082728395061729 0.21247802024913465 0.02 0.029985007496251874
0 0.3975679012345679 0.21371258815036928 0.02 0.029985007496251874
0 0.3885098765432099 0.19642863753308537 0.02 0.029985007496251874
0 0.43956419753086423 0.18778666222444343 0.02 0.029985007496251874
0 0.44697530864197527 0.18037925481703593 0.02 0.029985007496251874
0 0.43462345679012343 0.17544098321209764 0.02 0.029985007496251874
0 0.3778049382716049 0.2112434523479002 0.02 0.029985007496251874
0 0.36710000000000004 0.2100088844466656 0.02 0.029985007496251874
0 0.3662765432098765 0.1976632054343198 0.02 0.029985007496251874
0 0.540025925925926 0.41124345234790016 0.02 0.029985007496251874
0 0.2954592592592593 0.5063051807429619 0.02 0.029985007496251874
0 0.30287037037037035 0.4939595017306162 0.02 0.029985007496251874
0 0.32757407407407413 0.4532187609898755 0.02 0.029985007496251874
0 0.33992592592592596 0.4556878967923446 0.02 0.029985007496251874
0 0.33827901234567903 0.4285274029651841 0.02 0.029985007496251874
0 0.3300444444444445 0.400132341236789 0.02 0.029985007496251874
0 0.318516049382716 0.437169378273826 0.02 0.029985007496251874
0 0.30287037037037035 0.4470459214837026 0.02 0.029985007496251874
0 0.30287037037037035 0.4705027116071594 0.02 0.029985007496251874
0 0.28063703703703696 0.4593916004960483 0.02 0.029985007496251874
0 0.2831074074074074 0.4840829585207396 0.02 0.029985007496251874
0 0.2658148148148148 0.4840829585207396 0.02 0.029985007496251874
0 0.2608740740740741 0.4556878967923446 0.02 0.029985007496251874
0 0.2608740740740741 0.4186508597553075 0.02 0.029985007496251874
0 0.2765197530864198 0.41000888444666556 0.02 0.029985007496251874
0 0.29792962962962966 0.42111999555777674 0.02 0.029985007496251874
0 0.31275185185185184 0.417416291854073 0.02 0.029985007496251874
0 0.3152222222222223 0.3902557980269125 0.02 0.029985007496251874
0 0.33086790123456783 0.3742064153108632 0.02 0.029985007496251874
0 0.3539246913580247 0.3593916004960483 0.02 0.029985007496251874
0 0.36380617283950617 0.35568789679234464 0.02 0.029985007496251874
0 0.38109876543209875 0.3482804893849372 0.02 0.029985007496251874
0 0.3596888888888889 0.3951940696318507 0.02 0.029985007496251874
0 0.347337037037037 0.3470459214837026 0.02 0.029985007496251874
0 0.3341617283950617 0.33840394617506064 0.02 0.029985007496251874
0 0.3004 0.36803357580469026 0.02 0.029985007496251874
0 0.291341975308642 0.3927249338293817 0.02 0.029985007496251874
0 0.2699320987654321 0.389021230125678 0.02 0.029985007496251874
0 0.2748728395061728 0.3655644400022212 0.02 0.029985007496251874
0 0.25099259259259254 0.3408730819775298 0.02 0.029985007496251874
0 0.25675679012345676 0.3729718474096285 0.02 0.029985007496251874
0 0.25181604938271607 0.39766320543431993 0.02 0.029985007496251874
0 0.23781728395061727 0.4063051807429619 0.02 0.029985007496251874
0 0.22628888888888887 0.363095304199752 0.02 0.029985007496251874
0 0.2114666666666666 0.38655209432320875 0.02 0.029985007496251874
0 0.2180543209876543 0.41494715605160387 0.02 0.029985007496251874
0 0.22793580246913578 0.4470459214837026 0.02 0.029985007496251874
0 0.2386407407407407 0.4482804893849372 0.02 0.029985007496251874
0 0.25181604938271607 0.47667555111333226 0.02 0.029985007496251874
0 0.20240864197530858 0.44581135358246804 0.02 0.029985007496251874
0 0.1859395061728395 0.4470459214837026 0.02 0.029985007496251874
0 0.1702938271604938 0.4408730819775298 0.02 0.029985007496251874
0 0.1505308641975308 0.43346567457012236 0.02 0.029985007496251874
0 0.1678234567901234 0.41000888444666556 0.02 0.029985007496251874
0 0.1801753086419753 0.3951940696318507 0.02 0.029985007496251874
0 0.1859395061728395 0.37791011901456684 0.02 0.029985007496251874
0 0.20734938271604936 0.3729718474096285 0.02 0.029985007496251874
0 0.20076172839506168 0.3581570325948137 0.02 0.029985007496251874
0 0.20405555555555552 0.33593481037259154 0.02 0.029985007496251874
0 0.213937037037037 0.3223545634590113 0.02 0.029985007496251874
0 0.22381851851851853 0.3235891313602458 0.02 0.029985007496251874
0 0.22958271604938268 0.2865520943232088 0.02 0.029985007496251874
0 0.23534691358024687 0.26186073629851747 0.02 0.029985007496251874
0 0.2386407407407407 0.21865085975530754 0.02 0.029985007496251874
0 0.25346296296296295 0.30383604494049277 0.02 0.029985007496251874
0 0.24358148148148145 0.28408295852073967 0.02 0.029985007496251874
0 0.29051851851851845 0.24210764987876435 0.02 0.029985007496251874
0 0.19746790123456784 0.24951505728617177 0.02 0.029985007496251874
0 0.1949975308641975 0.2272928350639495 0.02 0.029985007496251874
0 0.20899629629629626 0.22235456345901122 0.02 0.029985007496251874
0 0.213937037037037 0.22482369926148044 0.02 0.029985007496251874
0 0.2221716049382716 0.22482369926148044 0.02 0.029985007496251874
0 0.21887777777777775 0.1976632054343198 0.02 0.029985007496251874
0 0.2765197530864198 0.19272493382938172 0.02 0.029985007496251874
0 0.28887160493827163 0.208774316545431 0.02 0.029985007496251874
0 0.2938123456790123 0.2112434523479002 0.02 0.029985007496251874
0 0.04265802469135801 0.4408730819775298 0.02 0.029985007496251874
0 0.01548395061728391 0.42111999555777674 0.02 0.029985007496251874
0 0.008072839506172784 0.40260147703925825 0.02 0.029985007496251874
0 0.028659259259259214 0.40877431654543106 0.02 0.029985007496251874
0 0.0574802469135802 0.40877431654543106 0.02 0.029985007496251874
0 0.07641975308641971 0.40877431654543106 0.02 0.029985007496251874
0 0.09288888888888883 0.41988542765654213 0.02 0.029985007496251874
0 0.10441728395061725 0.4186508597553075 0.02 0.029985007496251874
0 0.11182839506172834 0.4063051807429619 0.02 0.029985007496251874
0 0.1258271604938271 0.40383604494049274 0.02 0.029985007496251874
0 0.1258271604938271 0.36926814370592487 0.02 0.029985007496251874
0 0.11676913580246909 0.36803357580469026 0.02 0.029985007496251874
0 0.15217777777777772 0.37791011901456684 0.02 0.029985007496251874
0 0.13735555555555554 0.3742064153108632 0.02 0.029985007496251874
0 0.1604123456790123 0.36186073629851745 0.02 0.029985007496251874
0 0.17276419753086414 0.35445332889111003 0.02 0.029985007496251874
0 0.08712469135802464 0.3729718474096285 0.02 0.029985007496251874
0 0.04430493827160493 0.36186073629851745 0.02 0.029985007496251874
0 0.04183456790123452 0.33716937827382615 0.02 0.029985007496251874
0 0.04018765432098761 0.3075397486441964 0.02 0.029985007496251874
0 0.06818518518518514 0.31371258815036934 0.02 0.029985007496251874
0 0.08794814814814814 0.3285274029651841 0.02 0.029985007496251874
0 0.0920654320987654 0.3075397486441964 0.02 0.029985007496251874
0 0.10441728395061725 0.3087743165454311 0.02 0.029985007496251874
0 0.11182839506172834 0.29025579802691254 0.02 0.029985007496251874
0 0.10441728395061725 0.34951505728617177 0.02 0.029985007496251874
0 0.10029999999999999 0.3742064153108632 0.02 0.029985007496251874
0 0.09288888888888883 0.2828483906195051 0.02 0.029985007496251874
0 0.0747728395061728 0.2927249338293816 0.02 0.029985007496251874
0 0.07065555555555554 0.27667555111333225 0.02 0.029985007496251874
0 0.07971358024691355 0.2680335758046903 0.02 0.029985007496251874
0 0.08959506172839506 0.27297184740962854 0.02 0.029985007496251874
0 0.09535925925925923 0.2643298721009865 0.02 0.029985007496251874
0 0.08877160493827156 0.2507496251874063 0.02 0.029985007496251874
0 0.08300740740740739 0.2334656745701224 0.02 0.029985007496251874
0 0.06406790123456788 0.2556878967923446 0.02 0.029985007496251874
0 0.05336296296296294 0.27667555111333225 0.02 0.029985007496251874
0 0.001485185185185145 0.31124345234790013 0.02 0.029985007496251874
0 0.1348851851851852 0.2581570325948137 0.02 0.029985007496251874
0 0.13159135802469135 0.23963851407629522 0.02 0.029985007496251874
0 0.11512222222222218 0.2556878967923446 0.02 0.029985007496251874
0 0.060774074074074036 0.23963851407629522 0.02 0.029985007496251874
0 0.17358765432098763 0.1853175264219742 0.02 0.029985007496251874
0 0.1604123456790123 0.18655209432320882 0.02 0.029985007496251874
0 0.18840987654320984 0.21247802024913465 0.02 0.029985007496251874
0 0.1949975308641975 0.20136690913802366 0.02 0.029985007496251874
0 0.16699999999999998 0.2075397486441964 0.02 0.029985007496251874
0 0.15711851851851846 0.20013234123678905 0.02 0.029985007496251874
0 0.10524074074074068 0.19025579802691248 0.02 0.029985007496251874
0 0.0920654320987654 0.19149036592814708 0.02 0.029985007496251874
0 0.08959506172839506 0.2100088844466656 0.02 0.029985007496251874
0 0.0747728395061728 0.21247802024913465 0.02 0.029985007496251874
0 0.0673617283950617 0.22111999555777662 0.02 0.029985007496251874
0 0.08300740740740739 0.18284839061950514 0.02 0.029985007496251874
0 0.1439432098765432 0.1742064153108632 0.02 0.029985007496251874
0 0.14806049382716047 0.1692681437059249 0.02 0.029985007496251874
0 0.9100904095904097 0.8197709337139621 0.02 0.029985007496251874
0 0.9620384615384615 0.7014484765609204 0.02 0.029985007496251874
0 0.9980024975024975 0.8587125018909127 0.02 0.029985007496251874
0 0.9640364635364634 0.8587125018909127 0.02 0.029985007496251874
0 0.9620384615384615 0.9231158646451 0.02 0.029985007496251874
0 0.9350654345654347 0.9425866487335752 0.02 0.029985007496251874
0 0.9170834165834166 0.893160812201292 0.02 0.029985007496251874
0 0.9420584415584415 0.9845237221549065 0.02 0.029985007496251874
0 0.9050954045954046 0.9890169800214779 0.02 0.029985007496251874
0 0.9450554445554445 0.8617080071352936 0.02 0.029985007496251874
0 0.9220784215784217 0.4947586146986447 0.02 0.029985007496251874
0 0.9740264735264735 0.5007496251874063 0.02 0.029985007496251874
0 0.0449555444555445 0.7793316129148212 0.02 0.029985007496251874
0 0.12887162837162838 0.7493765604710133 0.02 0.029985007496251874
0 0.14685364635364642 0.7014484765609204 0.02 0.029985007496251874
0 0.1178826173826174 0.6954574660721587 0.02 0.029985007496251874
0 0.07192857142857151 0.6205698349626386 0.02 0.029985007496251874
0 0.07892157842157849 0.6385428664289234 0.02 0.029985007496251874
0 0.06893156843156845 0.8572147492687223 0.02 0.029985007496251874
0 0.21578471528471532 0.9845237221549065 0.02 0.029985007496251874
0 0.3196808191808192 0.800300149625487 0.02 0.029985007496251874
0 0.33966083916083917 0.7943091391367254 0.02 0.029985007496251874
0 0.3576428571428571 0.7598608288263461 0.02 0.029985007496251874
0 0.3426578421578422 0.7314035290047285 0.02 0.029985007496251874
0 0.479520979020979 0.822766438958343 0.02 0.029985007496251874
0 0.5814190809190809 0.9485776592223368 0.02 0.029985007496251874
0 0.5774230769230769 0.8272596968249143 0.02 0.029985007496251874
0 0.568432067932068 0.8347484599358662 0.02 0.029985007496251874
0 0.6323681318681319 0.6640046610061603 0.02 0.029985007496251874
0 0.6793211788211788 0.6460316295398755 0.02 0.029985007496251874
0 0.8201803196803197 0.5741395036747361 0.02 0.029985007496251874
0 0.8021983016983016 0.893160812201292 0.02 0.029985007496251874
0 0.7362642357642357 0.837743965180247 0.02 0.029985007496251874
0 0.7982022977022977 0.6535203926508275 0.02 0.029985007496251874
0 0.8111893106893107 0.629556350695781 0.02 0.029985007496251874
0 0.8341663336663335 0.5906147825188305 0.02 0.029985007496251874
0 0.8511493506493506 0.5666507405637841 0.02 0.029985007496251874
0 0.8571433566433567 0.55167321434188 0.02 0.029985007496251874
0 0.8681323676323676 0.5262114197646433 0.02 0.029985007496251874
0 0.8511493506493506 0.5187226566536912 0.02 0.029985007496251874
0 0.8431573426573427 0.4752878306101695 0.02 0.029985007496251874
0 0.9630374625374626 0.822766438958343 0.02 0.029985007496251874
0 0.20254795204795203 0.8952827532287801 0.02 0.029985007496251874
0 0.44780269730269723 0.6032209919016516 0.02 0.029985007496251874
0 0.44330719280719283 0.5867457130575572 0.02 0.029985007496251874
0 0.4283221778221778 0.5590372895470347 0.02 0.029985007496251874
0 0.45129920079920083 0.5478041448806067 0.02 0.029985007496251874
0 0.08816233766233766 0.5245889792366555 0.02 0.029985007496251874
0 0.12262787212787213 0.5388176291474643 0.02 0.029985007496251874
0 0.20304745254745257 0.5844990841242717 0.02 0.029985007496251874
0 0.19605444555444557 0.6077142497682227 0.02 0.029985007496251874
0 0.1800704295704296 0.6249384049234125 0.02 0.029985007496251874
0 0.19455594405594406 0.6444091890118877 0.02 0.029985007496251874
0 0.22302747252747251 0.582252455190986 0.02 0.029985007496251874
0 0.2649855144855145 0.6039698682127468 0.02 0.029985007496251874
0 0.24400649350649353 0.6264361575456029 0.02 0.029985007496251874
0 0.03421628371628371 0.5912389709241284 0.02 0.029985007496251874
0 0.33691358641358643 0.5785080736355099 0.02 0.029985007496251874
0 0.27547502497502496 0.5245889792366555 0.02 0.029985007496251874
0 0.2280224775224775 0.5290822371032267 0.02 0.029985007496251874
0 0.23851198801198803 0.5410642580807499 0.02 0.029985007496251874
0 0.21253796203796207 0.5313288660365122 0.02 0.029985007496251874
0 0.28396653346653344 0.5275844844810362 0.02 0.029985007496251874
0 0.29995054945054944 0.5298311134143218 0.02 0.029985007496251874
0 0.14460589410589408 0.8278838852302122 0.02 0.029985007496251874
0 0.29145904095904096 0.8084131011417368 0.02 0.029985007496251874
0 0.39185864135864135 0.7634805224760247 0.02 0.029985007496251874
0 0.05869180819180819 0.7372698515876926 0.02 0.029985007496251874
0 0.09465584415584415 0.7372698515876926 0.02 0.029985007496251874
0 0.10814235764235765 0.6310541033179714 0.02 0.029985007496251874
0 0.1600904095904096 0.603345679807449 0.02 0.029985007496251874
0 0.2909595404595404 0.629556350695781 0.02 0.029985007496251874
0 0.49325724275724275 0.6160765770960674 0.02 0.029985007496251874
0 0.4782722277722277 0.6280585980735907 0.02 0.029985007496251874
0 0.007742757242757264 0.5014985014985015 0.02 0.029985007496251874
0 0.040210289710289726 0.5494265854085945 0.02 0.029985007496251874
0 0.022727772227772235 0.4393417676775999 0.02 0.029985007496251874
0 0.042208291708291726 0.4146288494114582 0.02 0.029985007496251874
0 0.03721328671328673 0.3981535705673637 0.02 0.029985007496251874
0 0.06368681318681318 0.3891670548342213 0.02 0.029985007496251874
0 0.060689810189810185 0.3749384049234125 0.02 0.029985007496251874
0 0.08966083916083915 0.3959069416340782 0.02 0.029985007496251874
0 0.10664385614385616 0.3891670548342213 0.02 0.029985007496251874
0 0.08366683316683317 0.4460816544774567 0.02 0.029985007496251874
0 0.11663386613386613 0.47678558323235987 0.02 0.029985007496251874
0 0.11913136863136863 0.45581704652169425 0.02 0.029985007496251874
0 0.14910139860139862 0.46330580963264634 0.02 0.029985007496251874
0 0.17507542457542458 0.42211761252241015 0.02 0.029985007496251874
0 0.20204845154845158 0.42061985990021983 0.02 0.029985007496251874
0 0.25599450549450553 0.43709513874431427 0.02 0.029985007496251874
0 0.28696353646353645 0.3719428996790317 0.02 0.029985007496251874
0 0.31443606393606394 0.3681985181235557 0.02 0.029985007496251874
0 0.3059445554445554 0.3921625600786021 0.02 0.029985007496251874
0 0.3234270729270729 0.3652030128791749 0.02 0.029985007496251874
0 0.3454050949050949 0.3599608787015085 0.02 0.029985007496251874
0 0.37937112887112884 0.37344065230122214 0.02 0.029985007496251874
0 0.4108396603396604 0.3472299814128901 0.02 0.029985007496251874
0 0.40784265734265734 0.3622075076347941 0.02 0.029985007496251874
0 0.43032017982017984 0.34123897092412847 0.02 0.029985007496251874
0 0.4557947052947052 0.3592120023904133 0.02 0.029985007496251874
0 0.4193311688311688 0.4018979521228398 0.02 0.029985007496251874
0 0.39985064935064935 0.27683560816994107 0.02 0.029985007496251874
0 0.4038466533466533 0.2978041448806067 0.02 0.029985007496251874
0 0.38736313686313684 0.2903153817696547 0.02 0.029985007496251874
0 0.47077972027972026 0.30978616585812996 0.02 0.029985007496251874
0 0.04920129870129871 0.30454403168046357 0.02 0.029985007496251874
0 0.08566483516483517 0.2948086396362259 0.02 0.029985007496251874
0 0.10114935064935067 0.33824346567974767 0.02 0.029985007496251874
0 0.09365684315684315 0.3472299814128901 0.02 0.029985007496251874
0 0.09765284715284714 0.3569653734571277 0.02 0.029985007496251874
0 0.08866183816183816 0.3562164971460325 0.02 0.029985007496251874
0 0.010739760239760258 0.38542267327874535 0.02 0.029985007496251874
0 0.012737762237762254 0.3981535705673637 0.02 0.029985007496251874
0 0.05269780219780221 0.39141368376750696 0.02 0.029985007496251874
0 0.08866183816183816 0.4116333441670774 0.02 0.029985007496251874
0 0.13461588411588413 0.39740469425626856 0.02 0.029985007496251874
0 0.13211838161838166 0.49850299625412076 0.02 0.029985007496251874
0 0.281469030969031 0.6168254534071627 0.02 0.029985007496251874
0 0.38686363636363635 0.6093366902962106 0.02 0.029985007496251874
0 0.10464585414585416 0.24538280310394264 0.02 0.029985007496251874
0 0.11663386613386613 0.2371451636818954 0.02 0.029985007496251874
0 0.09265784215784216 0.22291651377108662 0.02 0.029985007496251874
0 0.11663386613386613 0.20943674017137293 0.02 0.029985007496251874
0 0.1326178821178821 0.21767437959342018 0.02 0.029985007496251874
0 0.1386118881118881 0.20194797706042092 0.02 0.029985007496251874
0 0.1745759240759241 0.2476294320372282 0.02 0.029985007496251874
0 0.18256793206793206 0.24688055572613304 0.02 0.029985007496251874
0 0.20704345654345654 0.243136174170657 0.02 0.029985007496251874
0 0.19655394605394605 0.23939179261518104 0.02 0.029985007496251874
0 0.2310194805194805 0.21168336910465857 0.02 0.029985007496251874
0 0.305445054945055 0.23939179261518104 0.02 0.029985007496251874
0 0.29945104895104896 0.22591201901546742 0.02 0.029985007496251874
0 0.30944105894105894 0.21542775066013453 0.02 0.029985007496251874
0 0.3184320679320679 0.20868786386027777 0.02 0.029985007496251874
0 0.3164340659340659 0.2311541531931338 0.02 0.029985007496251874
0 0.33991058941058944 0.2416384215484666 0.02 0.029985007496251874
0 0.3504000999000999 0.235647411059705 0.02 0.029985007496251874
0 0.3518986013986014 0.2446339267928474 0.02 0.029985007496251874
0 0.35989060939060935 0.22441426639327702 0.02 0.029985007496251874
0 0.3429075924075924 0.21842325590451533 0.02 0.029985007496251874
0 0.3484020979020979 0.19820359550494496 0.02 0.029985007496251874
0 0.3733771228771229 0.1944592139494689 0.02 0.029985007496251874
0 0.4113391608391608 0.22740977163765783 0.02 0.029985007496251874
0 0.41683366633366636 0.23639628737080023 0.02 0.029985007496251874
0 0.3983521478521479 0.22591201901546742 0.02 0.029985007496251874
0 0.38886163836163834 0.2311541531931338 0.02 0.029985007496251874
0 0.4003501498501499 0.2633558345702275 0.02 0.029985007496251874
0 0.10414635364635366 0.5262114197646433 0.02 0.029985007496251874
0 0.09965084915084914 0.4760367069212647 0.02 0.029985007496251874
0 0.16258791208791212 0.48726985158769276 0.02 0.029985007496251874
0 0.16258791208791212 0.51422939878712 0.02 0.029985007496251874
0 0.18656393606393606 0.5172249040315008 0.02 0.029985007496251874
0 0.25099950049950054 0.5314535539423096 0.02 0.029985007496251874
0 0.28896153846153844 0.4430861492330759 0.02 0.029985007496251874
0 0.19855194805194804 0.39153837167330424 0.02 0.029985007496251874
0 0.2320184815184815 0.3443591640743065 0.02 0.029985007496251874
0 0.25099950049950054 0.36083444291840094 0.02 0.029985007496251874
0 0.261489010989011 0.3630810718516866 0.02 0.029985007496251874
0 0.27247802197802196 0.44620634238325396 0.02 0.029985007496251874
0 0.31193856143856147 0.4274844346058739 0.02 0.029985007496251874
0 0.3359145854145854 0.41475353731725545 0.02 0.029985007496251874
0 0.41583466533466534 0.4641793738495388 0.02 0.029985007496251874
0 0.4702802197802197 0.3892917427400186 0.02 0.029985007496251874
0 0.051199300699300704 0.491138921048966 0.02 0.029985007496251874
0 0.03321728271728271 0.31889736949706965 0.02 0.029985007496251874
0 0.03671378621378624 0.3233906273636409 0.02 0.029985007496251874
0 0.10664385614385616 0.2851979354977856 0.02 0.029985007496251874
0 0.13411638361638364 0.275462543453548 0.02 0.029985007496251874
0 0.1286218781218781 0.25748951198726316 0.02 0.029985007496251874
0 0.10164885114885117 0.2335254700322167 0.02 0.029985007496251874
0 0.009241258741258761 0.2911889459865472 0.02 0.029985007496251874
0 0.023726773226773232 0.30167321434188005 0.02 0.029985007496251874
0 0.02023026973026974 0.31365523531940326 0.02 0.029985007496251874
0 0.03321728271728271 0.2934355749198328 0.02 0.029985007496251874
0 0.04520529470529472 0.2822024302534048 0.02 0.029985007496251874
0 0.01523526473526475 0.20581704652169425 0.02 0.029985007496251874
0 0.006743756243756266 0.23202771741002629 0.02 0.029985007496251874
0 0.0022482517482517606 0.21630131487702706 0.02 0.029985007496251874
0 0.0027477522477522597 0.24475861469864468 0.02 0.029985007496251874
0 0.3653851148851149 0.18035525194445737 0.02 0.029985007496251874
0 0.35489560439560436 0.18335075718883817 0.02 0.029985007496251874
0 0.3389115884115884 0.17511311776679095 0.02 0.029985007496251874
0 0.3454050949050949 0.16462884941145814 0.02 0.029985007496251874
0 0.3429075924075924 0.1945839018552662 0.02 0.029985007496251874
0 0.3359145854145854 0.18484850981102857 0.02 0.029985007496251874
0 0.32992057942057945 0.19233727292198058 0.02 0.029985007496251874
0 0.32692357642357645 0.20581704652169425 0.02 0.029985007496251874
0 0.33691358641358643 0.205068170210599 0.02 0.029985007496251874
0 0.3479025974025974 0.21405468594374144 0.02 0.029985007496251874
0 0.3374130869130869 0.20956142807717024 0.02 0.029985007496251874
0 0.3264240759240759 0.15264682843393493 0.02 0.029985007496251874
0 0.32392657342657344 0.13392492065655487 0.02 0.029985007496251874
0 0.3439065934065934 0.14440918901188768 0.02 0.029985007496251874
0 0.35489560439560436 0.14815357056736372 0.02 0.029985007496251874
0 0.3279225774225774 0.1683732309669341 0.02 0.029985007496251874
0 0.28396653346653344 0.23726985158769268 0.02 0.029985007496251874
0 0.273477022977023 0.23127884109893107 0.02 0.029985007496251874
0 0.2829675324675325 0.21180805701045585 0.02 0.029985007496251874
0 0.273477022977023 0.21031030438826545 0.02 0.029985007496251874
0 0.258492007992008 0.26048501723164397 0.02 0.029985007496251874
0 0.251499000999001 0.2874445644310712 0.02 0.029985007496251874
0 0.25949100899100896 0.28295130656449996 0.02 0.029985007496251874
0 0.27247802197802196 0.2522473778095967 0.02 0.029985007496251874
0 0.2759745254745255 0.27396479083135755 0.02 0.029985007496251874
0 0.28196853146853146 0.25748951198726316 0.02 0.029985007496251874
0 0.29295754245754246 0.25674063567616795 0.02 0.029985007496251874
0 0.33191858141858144 0.2881934407421664 0.02 0.029985007496251874
0 0.12162887112887112 0.22154344905469345 0.02 0.029985007496251874
0 0.12212837162837162 0.21180805701045585 0.02 0.029985007496251874
0 0.09215834165834165 0.17810862301117175 0.02 0.029985007496251874
0 0.10414635364635366 0.17960637563336215 0.02 0.029985007496251874
0 0.09615434565434565 0.1683732309669341 0.02 0.029985007496251874
0 0.10414635364635366 0.1683732309669341 0.02 0.029985007496251874
0 0.09365684315684315 0.14965132318955413 0.02 0.029985007496251874
0 0.09865184815184815 0.14965132318955413 0.02 0.029985007496251874
0 0.10164885114885117 0.13242716803436447 0.02 0.029985007496251874
0 0.11063986013986014 0.13692042590093567 0.02 0.029985007496251874
0 0.12462587412587411 0.13392492065655487 0.02 0.029985007496251874
0 0.1301203796203796 0.14440918901188768 0.02 0.029985007496251874
0 0.14011038961038963 0.1451580653229829 0.02 0.029985007496251874
0 0.12162887112887112 0.1593867152337917 0.02 0.029985007496251874
0 0.11163886113886115 0.1653777257225533 0.02 0.029985007496251874
0 0.1326178821178821 0.16987098358912456 0.02 0.029985007496251874
0 0.1396108891108891 0.1578889626116013 0.02 0.029985007496251874
0 0.1520984015984016 0.15189795212283969 0.02 0.029985007496251874
0 0.15859190809190812 0.16313109678926774 0.02 0.029985007496251874
0 0.16708341658341658 0.16163334416707734 0.02 0.029985007496251874
0 0.1695809190809191 0.1436603127007925 0.02 0.029985007496251874
0 0.16208841158841159 0.14815357056736372 0.02 0.029985007496251874
0 0.16208841158841159 0.13542267327874527 0.02 0.029985007496251874
0 0.1476028971028971 0.13916705483422126 0.02 0.029985007496251874
0 0.1530974025974026 0.13167829172326925 0.02 0.029985007496251874
0 0.1471033966033966 0.1137052602569844 0.02 0.029985007496251874
0 0.13311738261738265 0.12793391016779326 0.02 0.029985007496251874
0 0.12762287712287712 0.12194289967903166 0.02 0.029985007496251874
0 0.1685819180819181 0.18035525194445737 0.02 0.029985007496251874
0 0.20354695304695303 0.21705019118812224 0.02 0.029985007496251874
0 0.20454595404595402 0.2035704175884086 0.02 0.029985007496251874
0 0.20204845154845158 0.19083952029979018 0.02 0.029985007496251874
0 0.20654395604395603 0.18185300456664777 0.02 0.029985007496251874
0 0.21253796203796207 0.17586199407788616 0.02 0.029985007496251874
0 0.21803246753246752 0.16013559154488693 0.02 0.029985007496251874
0 0.21004045954045955 0.15714008630050613 0.02 0.029985007496251874
0 0.19655394605394605 0.1608844678559821 0.02 0.029985007496251874
0 0.20154895104895104 0.14815357056736372 0.02 0.029985007496251874
0 0.20704345654345654 0.13467379696765006 0.02 0.029985007496251874
0 0.20654395604395603 0.12044514705684126 0.02 0.029985007496251874
0 0.18656393606393606 0.13317604434545965 0.02 0.029985007496251874
0 0.18556493506493507 0.14440918901188768 0.02 0.029985007496251874
0 0.1850654345654346 0.1653777257225533 0.02 0.029985007496251874
0 0.1755749250749251 0.16163334416707734 0.02 0.029985007496251874
0 0.1970534465534466 0.11445413656807964 0.02 0.029985007496251874
0 0.1890614385614386 0.12194289967903166 0.02 0.029985007496251874
0 0.20704345654345654 0.25973614092054875 0.02 0.029985007496251874
0 0.21653396603396607 0.2522473778095967 0.02 0.029985007496251874
0 0.2320184815184815 0.205068170210599 0.02 0.029985007496251874
0 0.2320184815184815 0.18634626243321897 0.02 0.029985007496251874
0 0.2400104895104895 0.19533277816636144 0.02 0.029985007496251874
0 0.23002047952047952 0.1945839018552662 0.02 0.029985007496251874
0 0.22352697302697305 0.20431929389950385 0.02 0.029985007496251874
0 0.17907142857142855 0.22154344905469345 0.02 0.029985007496251874
0 0.16908141858141856 0.22528783061016946 0.02 0.029985007496251874
0 0.1705799200799201 0.1960816544774566 0.02 0.029985007496251874
0 0.1820684315684316 0.20731479914388465 0.02 0.029985007496251874
0 0.16358691308691312 0.17286648883350536 0.02 0.029985007496251874
0 0.11463586413586414 0.18035525194445737 0.02 0.029985007496251874
0 0.12062987012987013 0.19233727292198058 0.02 0.029985007496251874
0 0.1291213786213786 0.19233727292198058 0.02 0.029985007496251874
0 0.13911138861138864 0.1870951387443142 0.02 0.029985007496251874
0 0.13911138861138864 0.17436424145569576 0.02 0.029985007496251874
0 0.12112937062937063 0.17136873621131496 0.02 0.029985007496251874
0 0.10814235764235765 0.23127884109893107 0.02 0.029985007496251874
0 0.07917132867132869 0.2470052436319303 0.02 0.029985007496251874
0 0.13561488511488512 0.13841817852312607 0.02 0.029985007496251874
0 0.14510539460539462 0.13092941541217407 0.02 0.029985007496251874
0 0.12112937062937063 0.09648110510179482 0.02 0.029985007496251874
0 0.11813236763236763 0.119696270745746 0.02 0.029985007496251874
0 0.10764285714285715 0.12119402336793642 0.02 0.029985007496251874
0 0.03321728271728271 0.12194289967903166 0.02 0.029985007496251874
0 0.03771278721278724 0.12793391016779326 0.02 0.029985007496251874
0 0.03671378621378624 0.1436603127007925 0.02 0.029985007496251874
0 0.028222277722277724 0.13841817852312607 0.02 0.029985007496251874
0 0.03921128871128873 0.07925694994660516 0.02 0.029985007496251874
0 0.04920129870129871 0.12643615754560286 0.02 0.029985007496251874
0 0.045704795204795215 0.10621649714603239 0.02 0.029985007496251874
0 0.055195304695304696 0.1668754783447437 0.02 0.029985007496251874
0 0.05869180819180819 0.18409963349993338 0.02 0.029985007496251874
0 0.057193306693306696 0.21330580963264625 0.02 0.029985007496251874
0 0.07067982017982019 0.20431929389950385 0.02 0.029985007496251874
0 0.06268781218781218 0.205068170210599 0.02 0.029985007496251874
0 0.022228271728271735 0.18484850981102857 0.02 0.029985007496251874
0 0.18856193806193808 0.08674571305755717 0.02 0.029985007496251874
0 0.21503546453546454 0.10022548665727078 0.02 0.029985007496251874
0 0.20754295704295703 0.10846312607931803 0.02 0.029985007496251874
0 0.21903146853146854 0.12044514705684126 0.02 0.029985007496251874
0 0.23151898101898102 0.11295638394588924 0.02 0.029985007496251874
0 0.13061988011988013 0.10621649714603239 0.02 0.029985007496251874
0 0.1281223776223776 0.09123897092412837 0.02 0.029985007496251874
0 0.02023026973026974 0.19982603603293264 0.02 0.029985007496251874
0 0.02922127872127872 0.19533277816636144 0.02 0.029985007496251874
0 0.0736768231768232 0.2492518725652159 0.02 0.029985007496251874
0 0.10714335664335665 0.21630131487702706 0.02 0.029985007496251874
0 0.14960089910089913 0.190090643988695 0.02 0.029985007496251874
0 0.15359690309690313 0.18260188087774298 0.02 0.029985007496251874
0 0.18856193806193808 0.18335075718883817 0.02 0.029985007496251874
0 0.21753296703296707 0.26422939878711993 0.02 0.029985007496251874
0 0.21153896103896103 0.27770917238683357 0.02 0.029985007496251874
0 0.3798706293706294 0.18110412825555255 0.02 0.029985007496251874
0 0.38186863136863136 0.20282154127731344 0.02 0.029985007496251874
0 0.30944105894105894 0.35259680349635375 0.02 0.029985007496251874
0 0.41883166833166835 0.25599175936507274 0.02 0.029985007496251874
0 0.44730319680319686 0.4334754450946355 0.02 0.029985007496251874
0 0.2829675324675325 0.10097436296836602 0.02 0.029985007496251874
0 0.283467032967033 0.1167007655013652 0.02 0.029985007496251874
0 0.30444605394605395 0.11595188919027004 0.02 0.029985007496251874
0 0.31193856143856147 0.11445413656807964 0.02 0.029985007496251874
0 0.31693356643356646 0.10247211559055643 0.02 0.029985007496251874
0 0.31093956043956045 0.09573222879069958 0.02 0.029985007496251874
0 0.295455044955045 0.0740148157689387 0.02 0.029985007496251874
0 0.25899150849150854 0.05079965012498752 0.02 0.029985007496251874
0 0.24700349650349654 0.04930189750279712 0.02 0.029985007496251874
0 0.20604445554445555 0.017849092436798594 0.02 0.029985007496251874
0 0.28896153846153844 0.03357549496979786 0.02 0.029985007496251874
0 0.33191858141858144 0.024588979236655446 0.02 0.029985007496251874
0 0.32692357642357645 0.01710021612570344 0.02 0.029985007496251874
0 0.3374130869130869 0.016351339814608193 0.02 0.029985007496251874
0 0.3439065934065934 0.0208445976811794 0.02 0.029985007496251874
0 0.3878626373626374 0.027584484481036252 0.02 0.029985007496251874
0 0.3788716283716284 0.026835608169941006 0.02 0.029985007496251874
0 0.36938111888111885 0.01859796874789384 0.02 0.029985007496251874
0 0.36688361638361633 0.02983111341432181 0.02 0.029985007496251874
0 0.35989060939060935 0.016351339814608193 0.02 0.029985007496251874
0 0.4048456543456544 0.0208445976811794 0.02 0.029985007496251874
0 0.4048456543456544 0.03806875283636906 0.02 0.029985007496251874
0 0.3968536463536463 0.030579989725417055 0.02 0.029985007496251874
0 0.38986063936063936 0.044059763325130674 0.02 0.029985007496251874
0 0.4927577422577422 0.07775919732441476 0.02 0.029985007496251874
0 0.48676373626373626 0.07027043421346274 0.02 0.029985007496251874
0 0.48276773226773223 0.07326593945784354 0.02 0.029985007496251874
0 0.47527522477522477 0.08300133150208112 0.02 0.029985007496251874
0 0.4862642357642357 0.09872773403508038 0.02 0.029985007496251874
0 0.47727322677322676 0.10097436296836602 0.02 0.029985007496251874
0 0.47427622377622375 0.10022548665727078 0.02 0.029985007496251874
0 0.4647857142857143 0.11744964181246045 0.02 0.029985007496251874
0 0.47077972027972026 0.112207507634794 0.02 0.029985007496251874
0 0.4782722277722277 0.11070975501260359 0.02 0.029985007496251874
0 0.4672832167832168 0.12943166278998366 0.02 0.029985007496251874
0 0.47427622377622375 0.026835608169941006 0.02 0.029985007496251874
0 0.4612892107892108 0.17436424145569576 0.02 0.029985007496251874
0 0.46029020979020974 0.1855973861221238 0.02 0.029985007496251874
0 0.4692812187812188 0.19083952029979018 0.02 0.029985007496251874
0 0.46828221778221774 0.16987098358912456 0.02 0.029985007496251874
0 0.48426623376623373 0.18484850981102857 0.02 0.029985007496251874
0 0.49775274725274726 0.18335075718883817 0.02 0.029985007496251874
0 0.3504000999000999 0.17810862301117175 0.02 0.029985007496251874
0 0.3533971028971029 0.13018053910107885 0.02 0.029985007496251874
0 0.36088961038961037 0.12269177599012686 0.02 0.029985007496251874
0 0.35439610389610393 0.1152030128791748 0.02 0.029985007496251874
0 0.34140909090909094 0.12643615754560286 0.02 0.029985007496251874
0 0.3454050949050949 0.11894739443465085 0.02 0.029985007496251874
0 0.32892157842157843 0.11894739443465085 0.02 0.029985007496251874
0 0.3234270729270729 0.12568728123450765 0.02 0.029985007496251874
0 0.31243806193806195 0.13018053910107885 0.02 0.029985007496251874
0 0.29495554445554445 0.09049009461303321 0.02 0.029985007496251874
0 0.3154350649350649 0.0815035788798908 0.02 0.029985007496251874
0 0.31393656343656345 0.06577717634689154 0.02 0.029985007496251874
0 0.29345704295704295 0.10921200239041319 0.02 0.029985007496251874
0 0.4193311688311688 0.16462884941145814 0.02 0.029985007496251874
0 0.41433616383616384 0.15114907581174453 0.02 0.029985007496251874
0 0.4243261738261738 0.1436603127007925 0.02 0.029985007496251874
0 0.42232817182817184 0.13242716803436447 0.02 0.029985007496251874
0 0.4113391608391608 0.13542267327874527 0.02 0.029985007496251874
0 0.3993511488511488 0.14141368376750688 0.02 0.029985007496251874
0 0.4008496503496503 0.15564233367831573 0.02 0.029985007496251874
0 0.38636413586413587 0.13991593114531647 0.02 0.029985007496251874
0 0.3893611388611388 0.13317604434545965 0.02 0.029985007496251874
0 0.39185864135864135 0.14291143638969728 0.02 0.029985007496251874
0 0.3813691308691309 0.12943166278998366 0.02 0.029985007496251874
0 0.36988061938061934 0.12793391016779326 0.02 0.029985007496251874
0 0.36088961038961037 0.13018053910107885 0.02 0.029985007496251874
0 0.43032017982017984 0.16462884941145814 0.02 0.029985007496251874
0 0.43131918081918075 0.15414458105612533 0.02 0.029985007496251874
0 0.4193311688311688 0.17735974670007656 0.02 0.029985007496251874
0 0.4258246753246753 0.18784401505540937 0.02 0.029985007496251874
0 0.43581468531468526 0.1593867152337917 0.02 0.029985007496251874
0 0.43731318681318687 0.1451580653229829 0.02 0.029985007496251874
0 0.44580469530469524 0.14440918901188768 0.02 0.029985007496251874
0 0.44830219780219777 0.12194289967903166 0.02 0.029985007496251874
0 0.45179870129870126 0.10921200239041319 0.02 0.029985007496251874
0 0.44780269730269723 0.112207507634794 0.02 0.029985007496251874
0 0.44380669330669326 0.10546762083493723 0.02 0.029985007496251874
0 0.44980069930069927 0.09423447616850918 0.02 0.029985007496251874
0 0.49525524475524474 0.05304627905827308 0.02 0.029985007496251874
0 0.4857647352647353 0.03956650545855946 0.02 0.029985007496251874
0 0.4702802197802197 0.13991593114531647 0.02 0.029985007496251874
0 0.4128376623376624 0.25374513043178715 0.02 0.029985007496251874
0 0.4148356643356644 0.26797378034259595 0.02 0.029985007496251874
0 0.4048456543456544 0.27471366714245277 0.02 0.029985007496251874
0 0.42132917082917076 0.286695688119976 0.02 0.029985007496251874
0 0.4917587412587413 0.08974121830193797 0.02 0.029985007496251874
0 0.4877627372627373 0.08300133150208112 0.02 0.029985007496251874
0 0.47877172827172826 0.09049009461303321 0.02 0.029985007496251874
0 0.3439065934065934 0.32788388523021206 0.02 0.029985007496251874
0 0.34640409590409593 0.3121574826972129 0.02 0.029985007496251874
0 0.20354695304695303 0.46567712647172915 0.02 0.029985007496251874
0 0.3504000999000999 0.42523780567258834 0.02 0.029985007496251874
0 0.38336713286713286 0.4102602794506842 0.02 0.029985007496251874
0 0.4118386613386613 0.4110091557617795 0.02 0.029985007496251874
0 0.40584465534465536 0.42074454780601706 0.02 0.029985007496251874
0 0.41883166833166835 0.3803052270068762 0.02 0.029985007496251874
0 0.3938566433566434 0.32264175105254567 0.02 0.029985007496251874
0 0.32742307692307693 0.35783893767402014 0.02 0.029985007496251874
0 0.41433616383616384 0.08824346567974757 0.02 0.029985007496251874
0 0.3798706293706294 0.14440918901188768 0.02 0.029985007496251874
0 0.3638866133866134 0.13766930221203086 0.02 0.029985007496251874
0 0.3553951048951049 0.13092941541217407 0.02 0.029985007496251874
0 0.3454050949050949 0.12943166278998366 0.02 0.029985007496251874
0 0.3459045954045954 0.12943166278998366 0.02 0.029985007496251874
0 0.3459045954045954 0.12943166278998366 0.02 0.029985007496251874
0 0.3459045954045954 0.12943166278998366 0.02 0.029985007496251874
0 0.34940109890109894 0.1683732309669341 0.02 0.029985007496251874
0 0.34940109890109894 0.17586199407788616 0.02 0.029985007496251874
0 0.34640409590409593 0.13617154958984046 0.02 0.029985007496251874
0 0.3504000999000999 0.12493840492341246 0.02 0.029985007496251874
0 0.3518986013986014 0.12344065230122206 0.02 0.029985007496251874
0 0.3533971028971029 0.12194289967903166 0.02 0.029985007496251874
0 0.3533971028971029 0.12194289967903166 0.02 0.029985007496251874
0 0.3538966033966034 0.12194289967903166 0.02 0.029985007496251874
0 0.3533971028971029 0.13617154958984046 0.02 0.029985007496251874
0 0.3518986013986014 0.1608844678559821 0.02 0.029985007496251874
0 0.35989060939060935 0.22154344905469345 0.02 0.029985007496251874
0 0.3778726273726274 0.26273164616492956 0.02 0.029985007496251874
0 0.38236813186813184 0.22004569643250305 0.02 0.029985007496251874
0 0.4035969030969031 0.46792375540501474 0.02 0.029985007496251874
0 0.5309695304695304 0.4042692689619226 0.02 0.029985007496251874
0 0.5349655344655344 0.38779399011782817 0.02 0.029985007496251874
0 0.5239765234765235 0.39004061905111376 0.02 0.029985007496251874
0 0.511489010989011 0.3937850006065898 0.02 0.029985007496251874
0 0.5139865134865135 0.3743142165181146 0.02 0.029985007496251874
0 0.5924080919080918 0.36457882447387696 0.02 0.029985007496251874
0 0.6098906093906094 0.35933669029621057 0.02 0.029985007496251874
0 0.6038966033966033 0.35035017456306816 0.02 0.029985007496251874
0 0.6353651348651349 0.357090061362925 0.02 0.029985007496251874
0 0.6578426573426572 0.35858781398511536 0.02 0.029985007496251874
0 0.6508496503496504 0.3421125351410209 0.02 0.029985007496251874
0 0.6508496503496504 0.39678050585097063 0.02 0.029985007496251874
0 0.6558446553446554 0.41250690838396986 0.02 0.029985007496251874
0 0.6303701298701299 0.47166813696049076 0.02 0.029985007496251874
0 0.6578426573426572 0.47241701327158603 0.02 0.029985007496251874
0 0.6758246753246754 0.4664260027828243 0.02 0.029985007496251874
0 0.518482017982018 0.461183868605158 0.02 0.029985007496251874
0 0.45454595404595405 0.18185300456664777 0.02 0.029985007496251874
0 0.5519485514485514 0.19083952029979018 0.02 0.029985007496251874
0 0.5594410589410589 0.17511311776679095 0.02 0.029985007496251874
0 0.5439565434565434 0.16762435465583894 0.02 0.029985007496251874
0 0.5469535464535464 0.1533957047450301 0.02 0.029985007496251874
0 0.517483016983017 0.03657100021417866 0.02 0.029985007496251874
0 0.511489010989011 0.044059763325130674 0.02 0.029985007496251874
0 0.506494005994006 0.038817629147464304 0.02 0.029985007496251874
0 0.5069935064935065 0.05679066061374913 0.02 0.029985007496251874
0 0.503497002997003 0.05154852643608268 0.02 0.029985007496251874
0 0.5104900099900099 0.07176818683565314 0.02 0.029985007496251874
0 0.5149855144855144 0.07027043421346274 0.02 0.029985007496251874
0 0.5109895104895105 0.08824346567974757 0.02 0.029985007496251874
0 0.499500999000999 0.07775919732441476 0.02 0.029985007496251874
0 0.49500549450549447 0.05978616585812993 0.02 0.029985007496251874
0 0.49500549450549447 0.0725170631467483 0.02 0.029985007496251874
0 0.5409595404595404 0.08899234199084273 0.02 0.029985007496251874
0 0.5464540459540459 0.08749458936865241 0.02 0.029985007496251874
0 0.5439565434565434 0.07027043421346274 0.02 0.029985007496251874
0 0.5399605394605393 0.056041784302653885 0.02 0.029985007496251874
0 0.5364640359640359 0.03657100021417866 0.02 0.029985007496251874
0 0.5319685314685314 0.04855302119170188 0.02 0.029985007496251874
0 0.5274730269730269 0.03657100021417866 0.02 0.029985007496251874
0 0.5314690309690309 0.026835608169941006 0.02 0.029985007496251874
0 0.5199805194805195 0.01710021612570344 0.02 0.029985007496251874
0 0.5359645354645354 0.021593473992274643 0.02 0.029985007496251874
0 0.5249755244755245 0.04780414488060672 0.02 0.029985007496251874
0 0.5209795204795205 0.0815035788798908 0.02 0.029985007496251874
0 0.5269735264735265 0.07775919732441476 0.02 0.029985007496251874
0 0.5329675324675325 0.0710193105245579 0.02 0.029985007496251874
0 0.5279725274725274 0.07027043421346274 0.02 0.029985007496251874
0 0.5524480519480519 0.07176818683565314 0.02 0.029985007496251874
0 0.5289715284715285 0.13991593114531647 0.02 0.029985007496251874
0 0.524476023976024 0.10696537345712763 0.02 0.029985007496251874
0 0.538462037962038 0.10247211559055643 0.02 0.029985007496251874
0 0.5309695304695304 0.09198784723522362 0.02 0.029985007496251874
0 0.5539465534465535 0.20956142807717024 0.02 0.029985007496251874
0 0.5439565434565434 0.21180805701045585 0.02 0.029985007496251874
0 0.5579425574425575 0.22528783061016946 0.02 0.029985007496251874
0 0.5614390609390609 0.1870951387443142 0.02 0.029985007496251874
0 0.5679325674325674 0.18260188087774298 0.02 0.029985007496251874
0 0.5719285714285713 0.2335254700322167 0.02 0.029985007496251874
0 0.5839165834165834 0.23876760420988308 0.02 0.029985007496251874
0 0.5814190809190809 0.22453895429907428 0.02 0.029985007496251874
0 0.5884120879120879 0.21180805701045585 0.02 0.029985007496251874
0 0.5974030969030969 0.1930861492330758 0.02 0.029985007496251874
0 0.5924080919080918 0.18484850981102857 0.02 0.029985007496251874
0 0.6108896103896104 0.18110412825555255 0.02 0.029985007496251874
0 0.6143861138861139 0.1915883966108854 0.02 0.029985007496251874
0 0.6348656343656344 0.2035704175884086 0.02 0.029985007496251874
0 0.6573431568431567 0.197579407099647 0.02 0.029985007496251874
0 0.6603401598401598 0.18409963349993338 0.02 0.029985007496251874
0 0.6733271728271727 0.2005749123440278 0.02 0.029985007496251874
0 0.6743261738261738 0.18934176767759978 0.02 0.029985007496251874
0 0.6793211788211788 0.18185300456664777 0.02 0.029985007496251874
0 0.6638366633366634 0.22004569643250305 0.02 0.029985007496251874
0 0.6548456543456543 0.21405468594374144 0.02 0.029985007496251874
0 0.6618386613386613 0.20581704652169425 0.02 0.029985007496251874
0 0.6663341658341658 0.22903221216564548 0.02 0.029985007496251874
0 0.6518486513486514 0.24625636732083508 0.02 0.029985007496251874
0 0.6413591408591408 0.24625636732083508 0.02 0.029985007496251874
0 0.627373126873127 0.27171816189807196 0.02 0.029985007496251874
0 0.6293711288711288 0.25898726460945354 0.02 0.029985007496251874
0 0.6203801198801199 0.25449400674288236 0.02 0.029985007496251874
0 0.6078926073926074 0.24625636732083508 0.02 0.029985007496251874
0 0.5809195804195804 0.31964624580816486 0.02 0.029985007496251874
0 0.5934070929070929 0.38704511380673295 0.02 0.029985007496251874
0 0.578422077922078 0.4020226400286371 0.02 0.029985007496251874
0 0.5999005994005994 0.41250690838396986 0.02 0.029985007496251874
0 0.5529475524475524 0.3825518559401618 0.02 0.029985007496251874
0 0.5724280719280719 0.42149342411711227 0.02 0.029985007496251874
0 0.578422077922078 0.45369510549420594 0.02 0.029985007496251874
0 0.582418081918082 0.47990577638253806 0.02 0.029985007496251874
0 0.6193811188811189 0.39678050585097063 0.02 0.029985007496251874
0 0.6943061938061937 0.33087939047459286 0.02 0.029985007496251874
0 0.6893111888111888 0.31889736949706965 0.02 0.029985007496251874
0 0.7342662337662337 0.38854286642892344 0.02 0.029985007496251874
0 0.7277727272727272 0.40951140313958906 0.02 0.029985007496251874
0 0.7577427572427573 0.39153837167330424 0.02 0.029985007496251874
0 0.8051953046953046 0.3271350089191169 0.02 0.029985007496251874
0 0.7802202797202796 0.30841310114173687 0.02 0.029985007496251874
0 0.7807197802197802 0.2896911933643568 0.02 0.029985007496251874
0 0.7962042957042956 0.2956822038531184 0.02 0.029985007496251874
0 0.7892112887112888 0.286695688119976 0.02 0.029985007496251874
0 0.8226778221778223 0.2911889459865472 0.02 0.029985007496251874
0 0.8316688311688311 0.2814535539423096 0.02 0.029985007496251874
0 0.8296708291708291 0.21854794381031264 0.02 0.029985007496251874
0 0.8341663336663336 0.38180297962906656 0.02 0.029985007496251874
0 0.8206798201798201 0.3743142165181146 0.02 0.029985007496251874
0 0.6473531468531469 0.1930861492330758 0.02 0.029985007496251874
0 0.6458546453546453 0.17810862301117175 0.02 0.029985007496251874
0 0.5524480519480519 0.031328866036512214 0.02 0.029985007496251874
0 0.5654350649350649 0.027584484481036252 0.02 0.029985007496251874
0 0.578422077922078 0.02983111341432181 0.02 0.029985007496251874
0 0.5804200799200798 0.04705526856951148 0.02 0.029985007496251874
0 0.5739265734265735 0.03582212390308342 0.02 0.029985007496251874
0 0.5959045954045954 0.025337855547750605 0.02 0.029985007496251874
0 0.6028976023976025 0.031328866036512214 0.02 0.029985007496251874
0 0.6078926073926074 0.038817629147464304 0.02 0.029985007496251874
0 0.5954050949050949 0.042562010702940266 0.02 0.029985007496251874
0 0.5979025974025974 0.054544031680463484 0.02 0.029985007496251874
0 0.5879125874125875 0.054544031680463484 0.02 0.029985007496251874
0 0.6063941058941059 0.05079965012498752 0.02 0.029985007496251874
0 0.6143861138861139 0.04855302119170188 0.02 0.029985007496251874
0 0.6233771228771229 0.05079965012498752 0.02 0.029985007496251874
0 0.6398606393606393 0.031328866036512214 0.02 0.029985007496251874
0 0.6323681318681319 0.03357549496979786 0.02 0.029985007496251874
0 0.6433571428571428 0.04630639225841632 0.02 0.029985007496251874
0 0.6388616383616383 0.05679066061374913 0.02 0.029985007496251874
0 0.6353651348651349 0.05154852643608268 0.02 0.029985007496251874
0 0.5884120879120879 0.07027043421346274 0.02 0.029985007496251874
0 0.5679325674325674 0.12418952861231726 0.02 0.029985007496251874
0 0.5744260739260739 0.119696270745746 0.02 0.029985007496251874
0 0.5814190809190809 0.1181985181235556 0.02 0.029985007496251874
0 0.5699305694305694 0.10996087870150843 0.02 0.029985007496251874
0 0.5764240759240759 0.10546762083493723 0.02 0.029985007496251874
0 0.5869135864135865 0.12418952861231726 0.02 0.029985007496251874
0 0.5944060939060939 0.12344065230122206 0.02 0.029985007496251874
0 0.5969035964035964 0.13167829172326925 0.02 0.029985007496251874
0 0.602398101898102 0.13542267327874527 0.02 0.029985007496251874
0 0.6083921078921077 0.12793391016779326 0.02 0.029985007496251874
0 0.6028976023976025 0.1152030128791748 0.02 0.029985007496251874
0 0.6153851148851149 0.11894739443465085 0.02 0.029985007496251874
0 0.6153851148851149 0.12868278647888845 0.02 0.029985007496251874
0 0.6258746253746253 0.12194289967903166 0.02 0.029985007496251874
0 0.6318686313686314 0.12119402336793642 0.02 0.029985007496251874
0 0.6348656343656344 0.1181985181235556 0.02 0.029985007496251874
0 0.6458546453546453 0.13766930221203086 0.02 0.029985007496251874
0 0.6538466533466533 0.1436603127007925 0.02 0.029985007496251874
0 0.6573431568431567 0.13242716803436447 0.02 0.029985007496251874
0 0.6663341658341658 0.13167829172326925 0.02 0.029985007496251874
0 0.6703301698301698 0.13692042590093567 0.02 0.029985007496251874
0 0.6843161838161839 0.13617154958984046 0.02 0.029985007496251874
0 0.6903101898101898 0.14890244687845888 0.02 0.029985007496251874
0 0.6753251748251748 0.1548934573672205 0.02 0.029985007496251874
0 0.6768236763236763 0.1653777257225533 0.02 0.029985007496251874
0 0.6998006993006993 0.17061985990021974 0.02 0.029985007496251874
0 0.6633371628371628 0.17286648883350536 0.02 0.029985007496251874
0 0.6508496503496504 0.1578889626116013 0.02 0.029985007496251874
0 0.6563441558441558 0.15714008630050613 0.02 0.029985007496251874
0 0.6623381618381617 0.16163334416707734 0.02 0.029985007496251874
0 0.6128876123876124 0.15863783892269653 0.02 0.029985007496251874
0 0.6238766233766233 0.1638799731003629 0.02 0.029985007496251874
0 0.6278726273726274 0.13542267327874527 0.02 0.029985007496251874
0 0.6348656343656344 0.13167829172326925 0.02 0.029985007496251874
0 0.6123881118881118 0.1406648074564117 0.02 0.029985007496251874
0 0.6208796203796203 0.13766930221203086 0.02 0.029985007496251874
0 0.6253751248751248 0.032826618658702615 0.02 0.029985007496251874
0 0.6288716283716282 0.03956650545855946 0.02 0.029985007496251874
0 0.6668336663336664 0.10546762083493723 0.02 0.029985007496251874
0 0.6598406593406594 0.10097436296836602 0.02 0.029985007496251874
0 0.7217787212787212 0.19533277816636144 0.02 0.029985007496251874
0 0.7217787212787212 0.21105918069936064 0.02 0.029985007496251874
0 0.7272732267732267 0.21330580963264625 0.02 0.029985007496251874
0 0.7332672327672328 0.1960816544774566 0.02 0.029985007496251874
0 0.7407597402597402 0.20431929389950385 0.02 0.029985007496251874
0 0.7427577422577422 0.21031030438826545 0.02 0.029985007496251874
0 0.7592412587412587 0.20581704652169425 0.02 0.029985007496251874
0 0.7702302697302695 0.21480356225483666 0.02 0.029985007496251874
0 0.7792212787212787 0.22978108847674067 0.02 0.029985007496251874
0 0.7842162837162837 0.21480356225483666 0.02 0.029985007496251874
0 0.7742262737262738 0.23876760420988308 0.02 0.029985007496251874
0 0.8006998001998001 0.20806367545497984 0.02 0.029985007496251874
0 0.7972032967032967 0.19533277816636144 0.02 0.029985007496251874
0 0.8126878121878122 0.22978108847674067 0.02 0.029985007496251874
0 0.8086918081918082 0.24475861469864468 0.02 0.029985007496251874
0 0.8016988011988012 0.279206925009024 0.02 0.029985007496251874
0 0.6943061938061937 0.28295130656449996 0.02 0.029985007496251874
0 0.6928076923076922 0.26422939878711993 0.02 0.029985007496251874
0 0.7003001998001999 0.25674063567616795 0.02 0.029985007496251874
0 0.7042962037962038 0.24475861469864468 0.02 0.029985007496251874
0 0.6808196803196803 0.21705019118812224 0.02 0.029985007496251874
0 0.6813191808191809 0.22828333585455027 0.02 0.029985007496251874
0 0.7157847152847153 0.2762114197646432 0.02 0.029985007496251874
0 0.7077927072927073 0.26797378034259595 0.02 0.029985007496251874
0 0.6998006993006993 0.13242716803436447 0.02 0.029985007496251874
0 0.7117887112887112 0.13542267327874527 0.02 0.029985007496251874
0 0.7157847152847153 0.12568728123450765 0.02 0.029985007496251874
0 0.7232772227772227 0.12119402336793642 0.02 0.029985007496251874
0 0.7132872127872127 0.11595188919027004 0.02 0.029985007496251874
0 0.7207797202797204 0.10771424976822279 0.02 0.029985007496251874
0 0.7122882117882118 0.10022548665727078 0.02 0.029985007496251874
0 0.7042962037962038 0.1167007655013652 0.02 0.029985007496251874
0 0.6978026973026972 0.1152030128791748 0.02 0.029985007496251874
0 0.7032972027972028 0.10696537345712763 0.02 0.029985007496251874
0 0.7037967032967033 0.09498335247960442 0.02 0.029985007496251874
0 0.6973031968031967 0.09348559985741402 0.02 0.029985007496251874
0 0.6948056943056943 0.0815035788798908 0.02 0.029985007496251874
0 0.6868136863136862 0.08000582625770032 0.02 0.029985007496251874
0 0.6828176823176823 0.0680238052801771 0.02 0.029985007496251874
0 0.6923081918081918 0.0680238052801771 0.02 0.029985007496251874
0 0.6548456543456543 0.10546762083493723 0.02 0.029985007496251874
0 0.6638366633366634 0.03432437128089302 0.02 0.029985007496251874
0 0.6928076923076922 0.02983111341432181 0.02 0.029985007496251874
0 0.7032972027972028 0.025337855547750605 0.02 0.029985007496251874
0 0.6978026973026972 0.01859796874789384 0.02 0.029985007496251874
0 0.7003001998001999 0.03582212390308342 0.02 0.029985007496251874
0 0.6938066933066932 0.04031538176965462 0.02 0.029985007496251874
0 0.6853151848151848 0.038817629147464304 0.02 0.029985007496251874
0 0.6748256743256743 0.04031538176965462 0.02 0.029985007496251874
0 0.6823181818181817 0.03357549496979786 0.02 0.029985007496251874
0 0.6818186813186812 0.023091226614465044 0.02 0.029985007496251874
0 0.6883121878121878 0.04930189750279712 0.02 0.029985007496251874
0 0.6958046953046954 0.05154852643608268 0.02 0.029985007496251874
0 0.7412592407592408 0.09348559985741402 0.02 0.029985007496251874
0 0.7652352647352647 0.08075470256879556 0.02 0.029985007496251874
0 0.7577427572427573 0.08000582625770032 0.02 0.029985007496251874
0 0.7552452547452547 0.07176818683565314 0.02 0.029985007496251874
0 0.7492512487512488 0.07925694994660516 0.02 0.029985007496251874
0 0.7492512487512488 0.09498335247960442 0.02 0.029985007496251874
0 0.7552452547452547 0.09797885772398522 0.02 0.029985007496251874
0 0.7617387612387613 0.09348559985741402 0.02 0.029985007496251874
0 0.7677327672327672 0.10172323927946118 0.02 0.029985007496251874
0 0.7767237762237762 0.10022548665727078 0.02 0.029985007496251874
0 0.7827177822177821 0.08000582625770032 0.02 0.029985007496251874
0 0.7797207792207792 0.05903728954703469 0.02 0.029985007496251874
0 0.7857147852147852 0.05903728954703469 0.02 0.029985007496251874
0 0.7897107892107893 0.07925694994660516 0.02 0.029985007496251874
0 0.7872132867132866 0.0725170631467483 0.02 0.029985007496251874
0 0.7987017982017981 0.05079965012498752 0.02 0.029985007496251874
0 0.7992012987012986 0.06353054741360589 0.02 0.029985007496251874
0 0.8096908091908092 0.054544031680463484 0.02 0.029985007496251874
0 0.8101903096903097 0.0725170631467483 0.02 0.029985007496251874
0 0.7977027972027972 0.0815035788798908 0.02 0.029985007496251874
0 0.8241763236763235 0.09123897092412837 0.02 0.029985007496251874
0 0.8101903096903097 0.09123897092412837 0.02 0.029985007496251874
0 0.8036968031968031 0.09123897092412837 0.02 0.029985007496251874
0 0.8041963036963037 0.10546762083493723 0.02 0.029985007496251874
0 0.8326678321678321 0.12568728123450765 0.02 0.029985007496251874
0 0.8101903096903097 0.13092941541217407 0.02 0.029985007496251874
0 0.7967037962037962 0.1436603127007925 0.02 0.029985007496251874
0 0.7972032967032967 0.12493840492341246 0.02 0.029985007496251874
0 0.8241763236763235 0.1533957047450301 0.02 0.029985007496251874
0 0.7577427572427573 0.16912210727802934 0.02 0.029985007496251874
0 0.7562442557442557 0.16013559154488693 0.02 0.029985007496251874
0 0.7622382617382616 0.14815357056736372 0.02 0.029985007496251874
0 0.7567437562437562 0.13617154958984046 0.02 0.029985007496251874
0 0.7207797202797204 0.16462884941145814 0.02 0.029985007496251874
0 0.6733271728271727 0.2762114197646432 0.02 0.029985007496251874
0 0.6368636363636363 0.2582383882983583 0.02 0.029985007496251874
0 0.7787217782217781 0.03731987652527382 0.02 0.029985007496251874
0 0.7757247752247751 0.021593473992274643 0.02 0.029985007496251874
0 0.7872132867132866 0.014104710881322634 0.02 0.029985007496251874
0 0.7832172827172826 0.016351339814608193 0.02 0.029985007496251874
0 0.7367637362637363 0.026835608169941006 0.02 0.029985007496251874
0 0.7107897102897103 0.027584484481036252 0.02 0.029985007496251874
0 0.6758246753246754 0.042562010702940266 0.02 0.029985007496251874
0 0.7077927072927073 0.08599683674646193 0.02 0.029985007496251874
0 0.7312692307692307 0.08674571305755717 0.02 0.029985007496251874
0 0.7272732267732267 0.09722998141288998 0.02 0.029985007496251874
0 0.7417587412587413 0.11445413656807964 0.02 0.029985007496251874
0 0.7622382617382616 0.10846312607931803 0.02 0.029985007496251874
0 0.7327677322677323 0.10696537345712763 0.02 0.029985007496251874
0 0.7437567432567432 0.13766930221203086 0.02 0.029985007496251874
0 0.7402602397602398 0.12943166278998366 0.02 0.029985007496251874
0 0.7317687312687312 0.18784401505540937 0.02 0.029985007496251874
0 0.7407597402597402 0.18484850981102857 0.02 0.029985007496251874
0 0.7417587412587413 0.17136873621131496 0.02 0.029985007496251874
0 0.6533471528471527 0.26872265665369116 0.02 0.029985007496251874
0 0.6883121878121878 0.21330580963264625 0.02 0.029985007496251874
0 0.7967037962037962 0.4364709503390163 0.02 0.029985007496251874
0 0.6153851148851149 0.7913136338923444 0.02 0.029985007496251874
0 0.592408091908092 0.8242641915805334 0.02 0.029985007496251874
0 0.49950099900099904 0.69995072393873 0.02 0.029985007496251874
0 0.5005 0.6325518559401618 0.02 0.029985007496251874
0 0.514486013986014 0.599601298251973 0.02 0.029985007496251874
0 0.511489010989011 0.5666507405637841 0.02 0.029985007496251874
0 0.5034970029970031 0.5127316461649296 0.02 0.029985007496251874
0 0.505495004995005 0.5052428830539775 0.02 0.029985007496251874
0 0.5104900099900099 0.4902653568320735 0.02 0.029985007496251874
0 0.49550499500499506 0.5337001828755952 0.02 0.029985007496251874
0 0.9420584415584415 0.4782833358545503 0.02 0.029985007496251874
0 0.9470534465534466 0.4423372729219806 0.02 0.029985007496251874
0 0.9118386613386615 0.38779399011782845 0.02 0.029985007496251874
0 0.9133371628371628 0.3683232060293532 0.02 0.029985007496251874
0 0.9148356643356644 0.40651589789520853 0.02 0.029985007496251874
0 0.902348151848152 0.40651589789520853 0.02 0.029985007496251874
0 0.8928576423576423 0.4020226400286373 0.02 0.029985007496251874
0 0.87038011988012 0.4140046610061605 0.02 0.029985007496251874
0 0.8738766233766234 0.47765914744925275 0.02 0.029985007496251874
0 0.8504000999001 0.4634304975384439 0.02 0.029985007496251874
0 0.9268236763236765 0.4147535373172558 0.02 0.029985007496251874
0 0.9318186813186815 0.3952827532287805 0.02 0.029985007496251874
0 0.9183321678321679 0.25674063567616806 0.02 0.029985007496251874
0 0.906344155844156 0.2544940067428825 0.02 0.029985007496251874
0 0.9013491508491509 0.23951648052097846 0.02 0.029985007496251874
0 0.9133371628371628 0.23801872789878806 0.02 0.029985007496251874
0 0.9218286713286714 0.230529964787836 0.02 0.029985007496251874
0 0.924326173826174 0.21705019118812238 0.02 0.029985007496251874
0 0.9308196803196804 0.2320277174100264 0.02 0.029985007496251874
0 0.9358146853146855 0.25000074887631124 0.02 0.029985007496251874
0 0.9278226773226774 0.2522473778095969 0.02 0.029985007496251874
0 0.924326173826174 0.27471366714245293 0.02 0.029985007496251874
0 0.9318186813186815 0.27171816189807213 0.02 0.029985007496251874
0 0.94031018981019 0.2769602960757385 0.02 0.029985007496251874
0 0.9248256743256745 0.28969119336435695 0.02 0.029985007496251874
0 0.916334165834166 0.28070467763121454 0.02 0.029985007496251874
0 0.9048456543456546 0.26947153296478654 0.02 0.029985007496251874
0 0.9078426573426575 0.28070467763121454 0.02 0.029985007496251874
0 0.8783721278721279 0.2679737803425961 0.02 0.029985007496251874
0 0.8504000999001 0.2941844512309282 0.02 0.029985007496251874
0 0.8489015984015984 0.2769602960757385 0.02 0.029985007496251874
0 0.832418081918082 0.25000074887631124 0.02 0.029985007496251874
0 0.8339165834165836 0.3001754617196898 0.02 0.029985007496251874
0 0.833417082917083 0.2881934407421666 0.02 0.029985007496251874
0 0.8918586413586416 0.3069153485195466 0.02 0.029985007496251874
0 0.903347152847153 0.31290635900830827 0.02 0.029985007496251874
0 0.9013491508491509 0.3323771430967835 0.02 0.029985007496251874
0 0.8813691308691309 0.33162826678568824 0.02 0.029985007496251874
0 0.8653851148851149 0.32863276154130744 0.02 0.029985007496251874
0 0.876374125874126 0.3368704009633547 0.02 0.029985007496251874
0 0.9228276723276724 0.31814849318597466 0.02 0.029985007496251874
0 0.9128376623376625 0.3293816378524027 0.02 0.029985007496251874
0 0.9138366633366634 0.30616647220845145 0.02 0.029985007496251874
0 0.9058446553446554 0.29568220385311855 0.02 0.029985007496251874
0 0.9473031968031969 0.2544940067428825 0.02 0.029985007496251874
0 0.9507997002997004 0.23951648052097846 0.02 0.029985007496251874
0 0.9448056943056945 0.2245389542990744 0.02 0.029985007496251874
0 0.9557947052947054 0.2290322121656456 0.02 0.029985007496251874
0 0.9632872127872129 0.20731479914388476 0.02 0.029985007496251874
0 0.957293206793207 0.21255693332155118 0.02 0.029985007496251874
0 0.9537967032967035 0.2005749123440279 0.02 0.029985007496251874
0 0.9587917082917083 0.1878440150554095 0.02 0.029985007496251874
0 0.9677827172827174 0.17735974670007665 0.02 0.029985007496251874
0 0.9722782217782219 0.1870951387443143 0.02 0.029985007496251874
0 0.9757747252747254 0.20431929389950396 0.02 0.029985007496251874
0 0.9777727272727275 0.1960816544774567 0.02 0.029985007496251874
0 0.9712792207792208 0.2275344595434552 0.02 0.029985007496251874
0 0.978272227772228 0.25000074887631124 0.02 0.029985007496251874
0 0.969281218781219 0.25000074887631124 0.02 0.029985007496251874
0 0.965285214785215 0.2350232226544072 0.02 0.029985007496251874
0 0.9672832167832168 0.23726985158769281 0.02 0.029985007496251874
0 0.9617887112887115 0.23801872789878806 0.02 0.029985007496251874
0 0.962288211788212 0.24850299625412087 0.02 0.029985007496251874
0 0.9567937062937064 0.2544940067428825 0.02 0.029985007496251874
0 0.9722782217782219 0.2672249040315009 0.02 0.029985007496251874
0 0.9672832167832168 0.29044006967545216 0.02 0.029985007496251874
0 0.9797707292707294 0.28969119336435695 0.02 0.029985007496251874
0 0.9862642357642359 0.29493332754202334 0.02 0.029985007496251874
0 0.9907597402597406 0.28669568811997614 0.02 0.029985007496251874
0 0.9977527472527474 0.2941844512309282 0.02 0.029985007496251874
0 0.9977527472527474 0.30991085376392746 0.02 0.029985007496251874
0 0.9667837162837163 0.30991085376392746 0.02 0.029985007496251874
0 0.9478026973026974 0.30541759589735623 0.02 0.029985007496251874
0 0.9438066933066934 0.28744456443107136 0.02 0.029985007496251874
0 0.9557947052947054 0.2799558013201193 0.02 0.029985007496251874
0 0.9592912087912089 0.2672249040315009 0.02 0.029985007496251874
0 0.9338166833166833 0.28669568811997614 0.02 0.029985007496251874
0 0.937313186813187 0.29343557491983296 0.02 0.029985007496251874
0 0.9393111888111889 0.30616647220845145 0.02 0.029985007496251874
0 0.956294205794206 0.2941844512309282 0.02 0.029985007496251874
0 0.9827677322677323 0.31515298794159385 0.02 0.029985007496251874
0 0.9922582417582418 0.3368704009633547 0.02 0.029985007496251874
0 0.9932572427572429 0.36308107185168675 0.02 0.029985007496251874
0 0.9867637362637365 0.38404960856235243 0.02 0.029985007496251874
0 0.9657847152847155 0.37506309282920997 0.02 0.029985007496251874
0 0.962288211788212 0.3615833192294964 0.02 0.029985007496251874
0 0.9672832167832168 0.35709006136292515 0.02 0.029985007496251874
0 0.9552952047952049 0.34211253514102113 0.02 0.029985007496251874
0 0.949301198801199 0.3668254534071628 0.02 0.029985007496251874
0 0.998252247752248 0.3982782584731613 0.02 0.029985007496251874
0 0.9428076923076923 0.42448892936149335 0.02 0.029985007496251874
0 0.9478026973026974 0.38404960856235243 0.02 0.029985007496251874
0 0.957293206793207 0.382551855940162 0.02 0.029985007496251874
0 0.866384115884116 0.3608344429184011 0.02 0.029985007496251874
0 0.7974530469530471 0.39004061905111403 0.02 0.029985007496251874
0 0.7894610389610391 0.39078949536220925 0.02 0.029985007496251874
0 0.719530969030969 0.35409455611854435 0.02 0.029985007496251874
0 0.7130374625374626 0.33312601940787867 0.02 0.029985007496251874
0 0.728521978021978 0.3308793904745931 0.02 0.029985007496251874
0 0.978272227772228 0.17735974670007665 0.02 0.029985007496251874
0 0.9722782217782219 0.16837323096693424 0.02 0.029985007496251874
0 0.9672832167832168 0.133924920656555 0.02 0.029985007496251874
0 0.9592912087912089 0.1384181785231262 0.02 0.029985007496251874
0 0.9687817182817184 0.11445413656807964 0.02 0.029985007496251874
0 0.9697807192807195 0.08075470256879556 0.02 0.029985007496251874
0 0.9682822177822179 0.09797885772398522 0.02 0.029985007496251874
0 0.9657847152847155 0.09498335247960442 0.02 0.029985007496251874
0 0.9772732267732269 0.0328266186587027 0.02 0.029985007496251874
0 0.9832672327672328 0.017849092436798594 0.02 0.029985007496251874
0 0.97028021978022 0.02009572137008424 0.02 0.029985007496251874
0 0.9677827172827174 0.0358221239030835 0.02 0.029985007496251874
0 0.9637867132867134 0.028333360792131407 0.02 0.029985007496251874
0 0.973277222777223 0.04630639225841632 0.02 0.029985007496251874
0 0.9792712287712289 0.06128391848032033 0.02 0.029985007496251874
0 0.973277222777223 0.06427942372470113 0.02 0.029985007496251874
0 0.9697807192807195 0.054544031680463484 0.02 0.029985007496251874
0 0.9627877122877123 0.05978616585812993 0.02 0.029985007496251874
0 0.9707797202797204 0.07850807363551 0.02 0.029985007496251874
0 0.9632872127872129 0.07850807363551 0.02 0.029985007496251874
0 0.953297202797203 0.0770103210133196 0.02 0.029985007496251874
0 0.9468036963036963 0.08075470256879556 0.02 0.029985007496251874
0 0.9468036963036963 0.07027043421346274 0.02 0.029985007496251874
0 0.9522982017982019 0.06353054741360589 0.02 0.029985007496251874
0 0.96029020979021 0.06952155790236758 0.02 0.029985007496251874
0 0.9478026973026974 0.05978616585812993 0.02 0.029985007496251874
0 0.9512992007992009 0.05154852643608268 0.02 0.029985007496251874
0 0.956294205794206 0.053795155369368325 0.02 0.029985007496251874
0 0.9438066933066934 0.04855302119170188 0.02 0.029985007496251874
0 0.9478026973026974 0.044059763325130674 0.02 0.029985007496251874
0 0.9463041958041959 0.038817629147464304 0.02 0.029985007496251874
0 0.933317182817183 0.029082237103226653 0.02 0.029985007496251874
0 0.9253251748251751 0.0313288660365123 0.02 0.029985007496251874
0 0.9193311688311689 0.028333360792131407 0.02 0.029985007496251874
0 0.916334165834166 0.03657100021417866 0.02 0.029985007496251874
0 0.906344155844156 0.026086731858845847 0.02 0.029985007496251874
0 0.9078426573426575 0.03956650545855946 0.02 0.029985007496251874
0 0.903347152847153 0.052297402747177923 0.02 0.029985007496251874
0 0.907343156843157 0.04780414488060672 0.02 0.029985007496251874
0 0.9108396603396605 0.053795155369368325 0.02 0.029985007496251874
0 0.9133371628371628 0.044059763325130674 0.02 0.029985007496251874
0 0.9223281718281718 0.04705526856951148 0.02 0.029985007496251874
0 0.929321178821179 0.042562010702940266 0.02 0.029985007496251874
0 0.9353151848151849 0.043310887014035515 0.02 0.029985007496251874
0 0.9318186813186815 0.05079965012498752 0.02 0.029985007496251874
0 0.9288216783216785 0.05978616585812993 0.02 0.029985007496251874
0 0.9298206793206794 0.07326593945784354 0.02 0.029985007496251874
0 0.936314185814186 0.06278167110251073 0.02 0.029985007496251874
0 0.9378126873126873 0.05079965012498752 0.02 0.029985007496251874
0 0.9253251748251751 0.07626144470222436 0.02 0.029985007496251874
0 0.9408096903096905 0.07626144470222436 0.02 0.029985007496251874
0 0.9388116883116884 0.06952155790236758 0.02 0.029985007496251874
0 0.9398106893106895 0.08824346567974757 0.02 0.029985007496251874
0 0.9428076923076923 0.09348559985741402 0.02 0.029985007496251874
0 0.9617887112887115 0.08599683674646201 0.02 0.029985007496251874
0 0.907343156843157 0.08599683674646201 0.02 0.029985007496251874
0 0.9108396603396605 0.07925694994660516 0.02 0.029985007496251874
0 0.9028476523476524 0.0740148157689388 0.02 0.029985007496251874
0 0.8968536463536464 0.06952155790236758 0.02 0.029985007496251874
0 0.8963541458541461 0.06278167110251073 0.02 0.029985007496251874
0 0.8983521478521479 0.044059763325130674 0.02 0.029985007496251874
0 0.8848656343656345 0.05005077381389228 0.02 0.029985007496251874
0 0.879371128871129 0.044808639636225917 0.02 0.029985007496251874
0 0.8608896103896104 0.022342350303369802 0.02 0.029985007496251874
0 0.854396103896104 0.03357549496979786 0.02 0.029985007496251874
0 0.8479025974025975 0.028333360792131407 0.02 0.029985007496251874
0 0.8409095904095905 0.023091226614465044 0.02 0.029985007496251874
0 0.8499005994005995 0.019346845058989 0.02 0.029985007496251874
0 0.8658846153846155 0.0373198765252739 0.02 0.029985007496251874
0 0.862388111888112 0.03357549496979786 0.02 0.029985007496251874
0 0.8583921078921081 0.04630639225841632 0.02 0.029985007496251874
0 0.853397102897103 0.044808639636225917 0.02 0.029985007496251874
0 0.8499005994005995 0.041064258080749864 0.02 0.029985007496251874
0 0.8489015984015984 0.05005077381389228 0.02 0.029985007496251874
0 0.8469035964035966 0.06802380528017718 0.02 0.029985007496251874
0 0.8384120879120881 0.06278167110251073 0.02 0.029985007496251874
0 0.8424080919080921 0.05978616585812993 0.02 0.029985007496251874
0 0.8369135864135865 0.07775919732441476 0.02 0.029985007496251874
0 0.8588916083916085 0.0755125683911292 0.02 0.029985007496251874
0 0.8653851148851149 0.07626144470222436 0.02 0.029985007496251874
0 0.8748756243756245 0.07775919732441476 0.02 0.029985007496251874
0 0.8838666333666335 0.07101931052455798 0.02 0.029985007496251874
0 0.8848656343656345 0.06502830003579638 0.02 0.029985007496251874
0 0.879371128871129 0.08749458936865241 0.02 0.029985007496251874
0 0.8733771228771229 0.09423447616850918 0.02 0.029985007496251874
0 0.8658846153846155 0.09049009461303321 0.02 0.029985007496251874
0 0.86039010989011 0.09049009461303321 0.02 0.029985007496251874
0 0.8499005994005995 0.0815035788798908 0.02 0.029985007496251874
0 0.8494010989010989 0.09573222879069966 0.02 0.029985007496251874
0 0.856394105894106 0.09348559985741402 0.02 0.029985007496251874
0 0.8708796203796205 0.11295638394588924 0.02 0.029985007496251874
0 0.8808696303696305 0.12718503385669813 0.02 0.029985007496251874
0 0.8878626373626376 0.12418952861231734 0.02 0.029985007496251874
0 0.8893611388611389 0.16462884941145822 0.02 0.029985007496251874
0 0.8219285714285716 0.05079965012498752 0.02 0.029985007496251874
0 0.8199305694305694 0.017849092436798594 0.02 0.029985007496251874
0 0.8269235764235765 0.02009572137008424 0.02 0.029985007496251874
0 0.8199305694305694 0.0343243712808931 0.02 0.029985007496251874
0 0.807443056943057 0.12119402336793654 0.02 0.029985007496251874
0 0.8199305694305694 0.12493840492341254 0.02 0.029985007496251874
0 0.839411088911089 0.12718503385669813 0.02 0.029985007496251874
0 0.8449055944055944 0.12718503385669813 0.02 0.029985007496251874
0 0.8528976023976025 0.13018053910107893 0.02 0.029985007496251874
0 0.855395104895105 0.12044514705684134 0.02 0.029985007496251874
0 0.862388111888112 0.1167007655013653 0.02 0.029985007496251874
0 0.8528976023976025 0.10621649714603247 0.02 0.029985007496251874
0 0.856394105894106 0.06577717634689154 0.02 0.029985007496251874
0 0.8668836163836166 0.13092941541217415 0.02 0.029985007496251874
0 0.8598906093906095 0.12793391016779335 0.02 0.029985007496251874
0 0.8499005994005995 0.14440918901188782 0.02 0.029985007496251874
0 0.855395104895105 0.1399159311453166 0.02 0.029985007496251874
0 0.841409090909091 0.15938671523379183 0.02 0.029985007496251874
0 0.8449055944055944 0.17885749932226705 0.02 0.029985007496251874
0 0.8369135864135865 0.17061985990021988 0.02 0.029985007496251874
0 0.854396103896104 0.17286648883350544 0.02 0.029985007496251874
0 0.86039010989011 0.15564233367831581 0.02 0.029985007496251874
0 0.87038011988012 0.14815357056736378 0.02 0.029985007496251874
0 0.8738766233766234 0.13317604434545974 0.02 0.029985007496251874
0 0.8798706293706295 0.1384181785231262 0.02 0.029985007496251874
0 0.8858646353646354 0.1511490758117446 0.02 0.029985007496251874
0 0.8923581418581421 0.14515806532298298 0.02 0.029985007496251874
0 0.8918586413586416 0.13167829172326934 0.02 0.029985007496251874
0 0.8973531468531469 0.16387997310036304 0.02 0.029985007496251874
0 0.904346153846154 0.17061985990021988 0.02 0.029985007496251874
0 0.9148356643356644 0.1751131177667911 0.02 0.029985007496251874
0 0.9198306693306695 0.16462884941145822 0.02 0.029985007496251874
0 0.9208296703296706 0.15639120998941103 0.02 0.029985007496251874
0 0.9308196803196804 0.14590694163407822 0.02 0.029985007496251874
0 0.9368136863136866 0.13766930221203097 0.02 0.029985007496251874
0 0.928322177822178 0.17735974670007665 0.02 0.029985007496251874
0 0.9433071928071929 0.1826018808777431 0.02 0.029985007496251874
0 0.9358146853146855 0.19683053078855192 0.02 0.029985007496251874
0 0.9323181818181819 0.20731479914388476 0.02 0.029985007496251874
0 0.931319180819181 0.2177990674992176 0.02 0.029985007496251874
0 0.924326173826174 0.19533277816636152 0.02 0.029985007496251874
0 0.9093411588411588 0.1885928913665047 0.02 0.029985007496251874
0 0.9158346653346655 0.1930861492330759 0.02 0.029985007496251874
0 0.965285214785215 0.32713500891911707 0.02 0.029985007496251874
0 0.765485014985015 0.1833507571888383 0.02 0.029985007496251874
0 0.762488011988012 0.2589872646094537 0.02 0.029985007496251874
0 0.744505994005994 0.24475861469864485 0.02 0.029985007496251874
0 0.7470034965034965 0.2350232226544072 0.02 0.029985007496251874
0 0.8788716283716285 0.31290635900830827 0.02 0.029985007496251874
0 0.7282722277722278 0.013980022975525268 0.02 0.029985007496251874
0 0.7202802197802198 0.009486765108954149 0.02 0.029985007496251874
0 0.7072932067932067 0.009486765108954149 0.02 0.029985007496251874
0 0.8781223776223777 0.013980022975525268 0.02 0.029985007496251874
0 0.8711293706293706 0.004993507242383029 0.02 0.029985007496251874
0 0.8641363636363636 0.006491259864573344 0.02 0.029985007496251874
0 0.8561443556443556 0.009486765108954149 0.02 0.029985007496251874
0 0.3176828171828172 0.01847328084209656 0.02 0.029985007496251874
