0 0.013627450980392163 0.9518392827216358 0.03333333333333333 0.05698005698005698
0 0.04156862745098041 0.9644084129378246 0.03333333333333333 0.05698005698005698
0 0.08039215686274509 0.9407784481313894 0.03333333333333333 0.05698005698005698
0 0.14156862745098042 0.9583752304340539 0.03333333333333333 0.05698005698005698
0 0.10009803921568627 0.9141318920730686 0.03333333333333333 0.05698005698005698
0 0.14480392156862745 0.9116180660298308 0.03333333333333333 0.05698005698005698
0 0.13362745098039214 0.9035738226914697 0.03333333333333333 0.05698005698005698
0 0.11156862745098041 0.9292148483324953 0.03333333333333333 0.05698005698005698
0 0.1262745098039216 0.8859770403888052 0.03333333333333333 0.05698005698005698
0 0.12686274509803924 0.8648609016256075 0.03333333333333333 0.05698005698005698
0 0.09127450980392157 0.8834632143455674 0.03333333333333333 0.05698005698005698
0 0.10274509803921571 0.8729051449639684 0.03333333333333333 0.05698005698005698
0 0.05009803921568628 0.8859770403888052 0.03333333333333333 0.05698005698005698
0 0.045686274509803934 0.9141318920730686 0.03333333333333333 0.05698005698005698
0 0.015392156862745109 0.8407281716105246 0.03333333333333333 0.05698005698005698
0 0.011862745098039215 0.9000544662309369 0.03333333333333333 0.05698005698005698
0 0.08892156862745099 0.7869322942852356 0.03333333333333333 0.05698005698005698
0 0.10950980392156864 0.7914571811630635 0.03333333333333333 0.05698005698005698
0 0.13480392156862747 0.7728548684431037 0.03333333333333333 0.05698005698005698
0 0.13068627450980397 0.8080484330484331 0.03333333333333333 0.05698005698005698
0 0.07480392156862746 0.811567789508966 0.03333333333333333 0.05698005698005698
0 0.06803921568627452 0.8387171107759342 0.03333333333333333 0.05698005698005698
0 0.08833333333333333 0.8140816155522038 0.03333333333333333 0.05698005698005698
0 0.022745098039215702 0.7849212334506452 0.03333333333333333 0.05698005698005698
0 0.061568627450980414 0.7708438076085135 0.03333333333333333 0.05698005698005698
0 0.004509803921568635 0.8070429026311379 0.03333333333333333 0.05698005698005698
0 0.00627450980392157 0.840225406401877 0.03333333333333333 0.05698005698005698
0 0.15598039215686277 0.8191092676386794 0.03333333333333333 0.05698005698005698
0 0.15745098039215688 0.8507834757834758 0.03333333333333333 0.05698005698005698
0 0.158921568627451 0.8930157533098709 0.03333333333333333 0.05698005698005698
0 0.01862745098039216 0.743883023294788 0.03333333333333333 0.05698005698005698
0 0.04127450980392157 0.7519272666331489 0.03333333333333333 0.05698005698005698
0 0.028627450980392172 0.7272917714094184 0.03333333333333333 0.05698005698005698
0 0.058333333333333334 0.6931037372213842 0.03333333333333333 0.05698005698005698
0 0.06950980392156865 0.7142198759845818 0.03333333333333333 0.05698005698005698
0 0.08833333333333333 0.7157281716105245 0.03333333333333333 0.05698005698005698
0 0.11333333333333333 0.7026562761856878 0.03333333333333333 0.05698005698005698
0 0.10245098039215689 0.7378498407910171 0.03333333333333333 0.05698005698005698
0 0.14333333333333337 0.7132143455672867 0.03333333333333333 0.05698005698005698
0 0.15539215686274513 0.70014245014245 0.03333333333333333 0.05698005698005698
0 0.15715686274509807 0.6674627115803585 0.03333333333333333 0.05698005698005698
0 0.12833333333333335 0.6574074074074073 0.03333333333333333 0.05698005698005698
0 0.09598039215686276 0.6694737724149488 0.03333333333333333 0.05698005698005698
0 0.06333333333333334 0.6458438076085135 0.03333333333333333 0.05698005698005698
0 0.02745098039215686 0.6458438076085135 0.03333333333333333 0.05698005698005698
0 0.008627450980392162 0.6433299815652757 0.03333333333333333 0.05698005698005698
0 0.028627450980392172 0.6895843807608513 0.03333333333333333 0.05698005698005698
0 0.0056862745098039255 0.6941092676386793 0.03333333333333333 0.05698005698005698
0 0.05950980392156865 0.5794788000670353 0.03333333333333333 0.05698005698005698
0 0.09215686274509804 0.613164069046422 0.03333333333333333 0.05698005698005698
0 0.07598039215686274 0.614169599463717 0.03333333333333333 0.05698005698005698
0 0.1077450980392157 0.6267387296799061 0.03333333333333333 0.05698005698005698
0 0.1065686274509804 0.6709820680408916 0.03333333333333333 0.05698005698005698
0 0.08950980392156865 0.6533852857382269 0.03333333333333333 0.05698005698005698
0 0.1780392156862745 0.711706049941344 0.03333333333333333 0.05698005698005698
0 0.1550980392156863 0.7775682922741745 0.03333333333333333 0.05698005698005698
0 0.19068627450980394 0.6840539634657281 0.03333333333333333 0.05698005698005698
0 0.17745098039215687 0.6352857382269146 0.03333333333333333 0.05698005698005698
0 0.15450980392156866 0.6156778950896596 0.03333333333333333 0.05698005698005698
0 0.1877450980392157 0.5915451650745768 0.03333333333333333 0.05698005698005698
0 0.20450980392156862 0.6533852857382269 0.03333333333333333 0.05698005698005698
0 0.22686274509803922 0.6820429026311379 0.03333333333333333 0.05698005698005698
0 0.21774509803921574 0.7468996145466733 0.03333333333333333 0.05698005698005698
0 0.21421568627450985 0.70014245014245 0.03333333333333333 0.05698005698005698
0 0.24686274509803924 0.7649991620579856 0.03333333333333333 0.05698005698005698
0 0.22509803921568627 0.6191972515501927 0.03333333333333333 0.05698005698005698
0 0.23480392156862745 0.6036115300821182 0.03333333333333333 0.05698005698005698
0 0.24303921568627448 0.5985838779956426 0.03333333333333333 0.05698005698005698
0 0.21715686274509807 0.5804843304843305 0.03333333333333333 0.05698005698005698
0 0.20450980392156862 0.6121585386291268 0.03333333333333333 0.05698005698005698
0 0.21392156862745101 0.6282470253058487 0.03333333333333333 0.05698005698005698
0 0.11186274509803923 0.5975783475783475 0.03333333333333333 0.05698005698005698
0 0.03745098039215686 0.5045667839785486 0.03333333333333333 0.05698005698005698
0 0.06392156862745099 0.5256829227417461 0.03333333333333333 0.05698005698005698
0 0.08186274509803923 0.5045667839785486 0.03333333333333333 0.05698005698005698
0 0.09509803921568628 0.5297050444109266 0.03333333333333333 0.05698005698005698
0 0.10186274509803922 0.5543405396346571 0.03333333333333333 0.05698005698005698
0 0.1215686274509804 0.5493128875481815 0.03333333333333333 0.05698005698005698
0 0.14274509803921567 0.5473018267135913 0.03333333333333333 0.05698005698005698
0 0.16745098039215686 0.5462962962962962 0.03333333333333333 0.05698005698005698
0 0.18421568627450982 0.5146220881514998 0.03333333333333333 0.05698005698005698
0 0.07803921568627452 0.572942852354617 0.03333333333333333 0.05698005698005698
0 0.09274509803921571 0.5739483827719121 0.03333333333333333 0.05698005698005698
0 0.012450980392156872 0.5226663314898607 0.03333333333333333 0.05698005698005698
0 0.023039215686274518 0.4874727668845315 0.03333333333333333 0.05698005698005698
0 0.011862745098039215 0.5518267135914193 0.03333333333333333 0.05698005698005698
0 0.03245098039215686 0.5739483827719121 0.03333333333333333 0.05698005698005698
0 0.007745098039215689 0.5794788000670352 0.03333333333333333 0.05698005698005698
0 0.10833333333333334 0.4945114798055973 0.03333333333333333 0.05698005698005698
0 0.09274509803921571 0.4874727668845315 0.03333333333333333 0.05698005698005698
0 0.030980392156862754 0.598081112786995 0.03333333333333333 0.05698005698005698
0 0.23333333333333334 0.5442852354617059 0.03333333333333333 0.05698005698005698
0 0.012156862745098043 0.31401876990112265 0.03333333333333333 0.05698005698005698
0 0.018333333333333337 0.3401625607507959 0.03333333333333333 0.05698005698005698
0 0.004215686274509807 0.33312384782973004 0.03333333333333333 0.05698005698005698
0 0.011568627450980399 0.36882017764370684 0.03333333333333333 0.05698005698005698
0 0.014215686274509807 0.40803586391821667 0.03333333333333333 0.05698005698005698
0 0.026568627450980386 0.41507457683928256 0.03333333333333333 0.05698005698005698
0 0.01509803921568628 0.4392073068543655 0.03333333333333333 0.05698005698005698
0 0.04656862745098041 0.4236215853862911 0.03333333333333333 0.05698005698005698
0 0.058333333333333334 0.46484833249539115 0.03333333333333333 0.05698005698005698
0 0.028333333333333332 0.38641695994637154 0.03333333333333333 0.05698005698005698
0 0.04656862745098041 0.3673118820177642 0.03333333333333333 0.05698005698005698
0 0.06833333333333333 0.46384280207809603 0.03333333333333333 0.05698005698005698
0 0.0753921568627451 0.4392073068543655 0.03333333333333333 0.05698005698005698
0 0.09509803921568628 0.44574325456678376 0.03333333333333333 0.05698005698005698
0 0.10950980392156864 0.4598206804089155 0.03333333333333333 0.05698005698005698
0 0.11686274509803923 0.47792022792022776 0.03333333333333333 0.05698005698005698
0 0.13186274509803925 0.48244511479805574 0.03333333333333333 0.05698005698005698
0 0.14745098039215687 0.5010474275180156 0.03333333333333333 0.05698005698005698
0 0.1709803921568628 0.4703787497905143 0.03333333333333333 0.05698005698005698
0 0.14715686274509804 0.468367688955924 0.03333333333333333 0.05698005698005698
0 0.13774509803921567 0.439710072063013 0.03333333333333333 0.05698005698005698
0 0.1303921568627451 0.45177643707055454 0.03333333333333333 0.05698005698005698
0 0.12509803921568627 0.3884280207809617 0.03333333333333333 0.05698005698005698
0 0.1615686274509804 0.40351097704038863 0.03333333333333333 0.05698005698005698
0 0.17480392156862745 0.40351097704038863 0.03333333333333333 0.05698005698005698
0 0.1753921568627451 0.361781464722641 0.03333333333333333 0.05698005698005698
0 0.15098039215686276 0.42714094184682405 0.03333333333333333 0.05698005698005698
0 0.22039215686274513 0.4598206804089155 0.03333333333333333 0.05698005698005698
0 0.23421568627450987 0.46082621082621067 0.03333333333333333 0.05698005698005698
0 0.2150980392156863 0.48998659292776925 0.03333333333333333 0.05698005698005698
0 0.19774509803921572 0.46384280207809603 0.03333333333333333 0.05698005698005698
0 0.2159803921568628 0.42161052455170084 0.03333333333333333 0.05698005698005698
0 0.21656862745098038 0.4025054466230935 0.03333333333333333 0.05698005698005698
0 0.20009803921568634 0.40602480308362643 0.03333333333333333 0.05698005698005698
0 0.22627450980392155 0.4286492374727667 0.03333333333333333 0.05698005698005698
0 0.2395098039215687 0.4050192726663313 0.03333333333333333 0.05698005698005698
0 0.21421568627450985 0.3748533601474776 0.03333333333333333 0.05698005698005698
0 0.22568627450980397 0.37937824702530565 0.03333333333333333 0.05698005698005698
0 0.23980392156862743 0.35122339534104224 0.03333333333333333 0.05698005698005698
0 0.2253921568627451 0.34569297804591903 0.03333333333333333 0.05698005698005698
0 0.2074509803921569 0.3542399865929276 0.03333333333333333 0.05698005698005698
0 0.20039215686274509 0.3280961957432544 0.03333333333333333 0.05698005698005698
0 0.21421568627450985 0.3069800569800568 0.03333333333333333 0.05698005698005698
0 0.22568627450980397 0.30346070051952384 0.03333333333333333 0.05698005698005698
0 0.23980392156862743 0.2984330484330483 0.03333333333333333 0.05698005698005698
0 0.18980392156862746 0.304466230936819 0.03333333333333333 0.05698005698005698
0 0.20274509803921573 0.28837774426009705 0.03333333333333333 0.05698005698005698
0 0.18921568627450983 0.3472012736718617 0.03333333333333333 0.05698005698005698
0 0.15950980392156863 0.3351349086643203 0.03333333333333333 0.05698005698005698
0 0.17362745098039215 0.3230685436567788 0.03333333333333333 0.05698005698005698
0 0.15833333333333335 0.3004441092676385 0.03333333333333333 0.05698005698005698
0 0.17186274509803928 0.2893832746773921 0.03333333333333333 0.05698005698005698
0 0.14862745098039215 0.3225657784481312 0.03333333333333333 0.05698005698005698
0 0.13568627450980394 0.2893832746773921 0.03333333333333333 0.05698005698005698
0 0.13803921568627453 0.38440589911178136 0.03333333333333333 0.05698005698005698
0 0.15421568627450982 0.38289760348583857 0.03333333333333333 0.05698005698005698
0 0.11245098039215688 0.35122339534104224 0.03333333333333333 0.05698005698005698
0 0.11803921568627451 0.3316155522037873 0.03333333333333333 0.05698005698005698
0 0.09980392156862747 0.3919473772414947 0.03333333333333333 0.05698005698005698
0 0.04745098039215686 0.31049941344058973 0.03333333333333333 0.05698005698005698
0 0.03245098039215686 0.337648734707558 0.03333333333333333 0.05698005698005698
0 0.0277450980392157 0.3185436567789507 0.03333333333333333 0.05698005698005698
0 0.022745098039215702 0.2918971007206299 0.03333333333333333 0.05698005698005698
0 0.005980392156862754 0.2823445617563263 0.03333333333333333 0.05698005698005698
0 0.083921568627451 0.2984330484330483 0.03333333333333333 0.05698005698005698
0 0.10333333333333332 0.3301072565778446 0.03333333333333333 0.05698005698005698
0 0.10921568627450981 0.3059745265627617 0.03333333333333333 0.05698005698005698
0 0.06950980392156865 0.37786995139936297 0.03333333333333333 0.05698005698005698
0 0.08656862745098041 0.4040137422490362 0.03333333333333333 0.05698005698005698
0 0.09509803921568628 0.28636668342550675 0.03333333333333333 0.05698005698005698
0 0.05950980392156865 0.4070303335009216 0.03333333333333333 0.05698005698005698
0 0.06127450980392157 0.3894335511982569 0.03333333333333333 0.05698005698005698
0 0.023627450980392175 0.4563013239483826 0.03333333333333333 0.05698005698005698
0 0.03892156862745099 0.19234958940841274 0.03333333333333333 0.05698005698005698
0 0.04392156862745099 0.21698508463214325 0.03333333333333333 0.05698005698005698
0 0.058039215686274515 0.2189961454667335 0.03333333333333333 0.05698005698005698
0 0.058627450980392175 0.1993883023294786 0.03333333333333333 0.05698005698005698
0 0.07039215686274511 0.20994637171107738 0.03333333333333333 0.05698005698005698
0 0.08333333333333333 0.2315652756829225 0.03333333333333333 0.05698005698005698
0 0.06480392156862746 0.23659292776939816 0.03333333333333333 0.05698005698005698
0 0.06833333333333333 0.2556980056980055 0.03333333333333333 0.05698005698005698
0 0.07980392156862746 0.26424501424501406 0.03333333333333333 0.05698005698005698
0 0.058627450980392175 0.26474777945366157 0.03333333333333333 0.05698005698005698
0 0.05656862745098041 0.2506703536115299 0.03333333333333333 0.05698005698005698
0 0.03333333333333333 0.25770906653259573 0.03333333333333333 0.05698005698005698
0 0.04156862745098041 0.26927266633148966 0.03333333333333333 0.05698005698005698
0 0.018333333333333337 0.25821183174124335 0.03333333333333333 0.05698005698005698
0 0.013333333333333334 0.206929780459192 0.03333333333333333 0.05698005698005698
0 0.0074509803921568715 0.18179152002681392 0.03333333333333333 0.05698005698005698
0 0.03245098039215686 0.21698508463214325 0.03333333333333333 0.05698005698005698
0 0.025686274509803934 0.22754315401374203 0.03333333333333333 0.05698005698005698
0 0.058627450980392175 0.1677140941846822 0.03333333333333333 0.05698005698005698
0 0.06509803921568628 0.15765879001173097 0.03333333333333333 0.05698005698005698
0 0.04803921568627452 0.1832998156527566 0.03333333333333333 0.05698005698005698
0 0.11509803921568627 0.2567035361153006 0.03333333333333333 0.05698005698005698
0 0.11245098039215688 0.20139936316406884 0.03333333333333333 0.05698005698005698
0 0.10627450980392157 0.1822942852354615 0.03333333333333333 0.05698005698005698
0 0.1177450980392157 0.17475280710574806 0.03333333333333333 0.05698005698005698
0 0.1265686274509804 0.19486341545165053 0.03333333333333333 0.05698005698005698
0 0.13186274509803925 0.20642701525054447 0.03333333333333333 0.05698005698005698
0 0.14950980392156862 0.20743254566783956 0.03333333333333333 0.05698005698005698
0 0.14068627450980395 0.20190212837271637 0.03333333333333333 0.05698005698005698
0 0.1515686274509804 0.26876990112284205 0.03333333333333333 0.05698005698005698
0 0.1345098039215686 0.25770906653259573 0.03333333333333333 0.05698005698005698
0 0.17068627450980395 0.2652505446623092 0.03333333333333333 0.05698005698005698
0 0.1953921568627451 0.2702781967487848 0.03333333333333333 0.05698005698005698
0 0.1865686274509804 0.2567035361153006 0.03333333333333333 0.05698005698005698
0 0.2265686274509804 0.27530584883526044 0.03333333333333333 0.05698005698005698
0 0.21833333333333332 0.26122842299312865 0.03333333333333333 0.05698005698005698
0 0.22215686274509808 0.22050444109267617 0.03333333333333333 0.05698005698005698
0 0.2259803921568628 0.2003938327467737 0.03333333333333333 0.05698005698005698
0 0.24274509803921573 0.2486592927769396 0.03333333333333333 0.05698005698005698
0 0.23186274509803922 0.2330735713088652 0.03333333333333333 0.05698005698005698
0 0.21921568627450985 0.1536366683425505 0.03333333333333333 0.05698005698005698
0 0.21421568627450985 0.17022792022792002 0.03333333333333333 0.05698005698005698
0 0.21774509803921574 0.18681917211328958 0.03333333333333333 0.05698005698005698
0 0.20421568627450984 0.19033852857382247 0.03333333333333333 0.05698005698005698
0 0.19245098039215688 0.18883023294787976 0.03333333333333333 0.05698005698005698
0 0.1815686274509804 0.18581364169599443 0.03333333333333333 0.05698005698005698
0 0.17156862745098042 0.20391318920730667 0.03333333333333333 0.05698005698005698
0 0.15127450980392157 0.18028322440087122 0.03333333333333333 0.05698005698005698
0 0.1459803921568628 0.16218367688955904 0.03333333333333333 0.05698005698005698
0 0.13186274509803925 0.16821685939332978 0.03333333333333333 0.05698005698005698
0 0.14009803921568628 0.18581364169599443 0.03333333333333333 0.05698005698005698
0 0.15686274509803924 0.1973772414948883 0.03333333333333333 0.05698005698005698
0 0.16303921568627452 0.17475280710574806 0.03333333333333333 0.05698005698005698
0 0.08568627450980394 0.19385788503435541 0.03333333333333333 0.05698005698005698
0 0.08039215686274509 0.186316406904642 0.03333333333333333 0.05698005698005698
0 0.07362745098039217 0.17223898106251026 0.03333333333333333 0.05698005698005698
0 0.08745098039215689 0.17173621585386267 0.03333333333333333 0.05698005698005698
0 0.004803921568627452 0.15011731188201755 0.03333333333333333 0.05698005698005698
0 0.198921568627451 0.24413440589911156 0.03333333333333333 0.05698005698005698
0 0.01509803921568628 0.07815904139433551 0.03333333333333333 0.05698005698005698
0 0.01009803921568628 0.0585511982570806 0.03333333333333333 0.05698005698005698
0 0.018921568627450994 0.05352354617060498 0.03333333333333333 0.05698005698005698
0 0.02627450980392157 0.032407407407407406 0.03333333333333333 0.05698005698005698
0 0.015980392156862755 0.031401876990112265 0.03333333333333333 0.05698005698005698
0 0.01039215686274511 0.02084380760851348 0.03333333333333333 0.05698005698005698
0 0.025686274509803934 0.014307859896095173 0.03333333333333333 0.05698005698005698
0 0.004803921568627452 0.08670604994134405 0.03333333333333333 0.05698005698005698
0 0.019803921568627463 0.11184431037372214 0.03333333333333333 0.05698005698005698
0 0.01745098039215687 0.1334632143455673 0.03333333333333333 0.05698005698005698
0 0.026568627450980386 0.17468996145466734 0.03333333333333333 0.05698005698005698
0 0.07186274509803922 0.09223646723646724 0.03333333333333333 0.05698005698005698
0 0.08127450980392158 0.07916457181163063 0.03333333333333333 0.05698005698005698
0 0.06803921568627452 0.05603737221384277 0.03333333333333333 0.05698005698005698
0 0.061568627450980414 0.09726411932294285 0.03333333333333333 0.05698005698005698
0 0.09980392156862747 0.14150745768392825 0.03333333333333333 0.05698005698005698
0 0.09098039215686274 0.12189961454667336 0.03333333333333333 0.05698005698005698
0 0.0977450980392157 0.0952530584883526 0.03333333333333333 0.05698005698005698
0 0.10803921568627452 0.02285486844310372 0.03333333333333333 0.05698005698005698
0 0.04862745098039217 0.033412937824702504 0.03333333333333333 0.05698005698005698
0 0.04892156862745099 0.0495014245014245 0.03333333333333333 0.05698005698005698
0 0.05921568627450981 0.02486592927769396 0.03333333333333333 0.05698005698005698
0 0.04186274509803923 0.06860650243003183 0.03333333333333333 0.05698005698005698
0 0.11715686274509804 0.1254189710072063 0.03333333333333333 0.05698005698005698
0 0.10862745098039217 0.09324199765376236 0.03333333333333333 0.05698005698005698
0 0.1215686274509804 0.10128624099212333 0.03333333333333333 0.05698005698005698
0 0.12392156862745099 0.08670604994134405 0.03333333333333333 0.05698005698005698
0 0.12068627450980393 0.06709820680408915 0.03333333333333333 0.05698005698005698
0 0.15686274509803924 0.08670604994134405 0.03333333333333333 0.05698005698005698
0 0.14568627450980393 0.12743003184179655 0.03333333333333333 0.05698005698005698
0 0.13480392156862747 0.13245768392827217 0.03333333333333333 0.05698005698005698
0 0.1603921568627451 0.1384908664320429 0.03333333333333333 0.05698005698005698
0 0.17068627450980395 0.1344687447628624 0.03333333333333333 0.05698005698005698
0 0.18215686274509804 0.13145215351097705 0.03333333333333333 0.05698005698005698
0 0.17186274509803928 0.10933048433048433 0.03333333333333333 0.05698005698005698
0 0.19480392156862744 0.11938578850343556 0.03333333333333333 0.05698005698005698
0 0.20215686274509803 0.10229177140941845 0.03333333333333333 0.05698005698005698
0 0.22156862745098038 0.11938578850343556 0.03333333333333333 0.05698005698005698
0 0.23921568627450984 0.08419222389810624 0.03333333333333333 0.05698005698005698
0 0.23509803921568628 0.11083877995642702 0.03333333333333333 0.05698005698005698
0 0.24715686274509807 0.1148609016256075 0.03333333333333333 0.05698005698005698
0 0.23774509803921576 0.16262359644712582 0.03333333333333333 0.05698005698005698
0 0.21186274509803926 0.04397100720630134 0.03333333333333333 0.05698005698005698
0 0.20333333333333337 0.03844058991117812 0.03333333333333333 0.05698005698005698
0 0.17980392156862746 0.03844058991117812 0.03333333333333333 0.05698005698005698
0 0.17156862745098042 0.014307859896095173 0.03333333333333333 0.05698005698005698
0 0.16215686274509805 0.02486592927769396 0.03333333333333333 0.05698005698005698
0 0.1480392156862745 0.041959946371711056 0.03333333333333333 0.05698005698005698
0 0.17333333333333337 0.09173370202781969 0.03333333333333333 0.05698005698005698
0 0.2345098039215686 0.012296799061504934 0.03333333333333333 0.05698005698005698
0 0.238921568627451 0.02285486844310372 0.03333333333333333 0.05698005698005698
0 0.24980392156862744 0.017324451147980553 0.03333333333333333 0.05698005698005698
0 0.2245098039215686 0.02285486844310372 0.03333333333333333 0.05698005698005698
0 0.21215686274509804 0.02536869448634155 0.03333333333333333 0.05698005698005698
0 0.243921568627451 0.06408161555220379 0.03333333333333333 0.05698005698005698
0 0.2359803921568628 0.062070554717613524 0.03333333333333333 0.05698005698005698
0 0.25039215686274513 0.06408161555220379 0.03333333333333333 0.05698005698005698
0 0.2150980392156863 0.07614798055974527 0.03333333333333333 0.05698005698005698
0 0.1665686274509804 0.04849589408412936 0.03333333333333333 0.05698005698005698
0 0.18950980392156863 0.09776688453159041 0.03333333333333333 0.05698005698005698
0 0.12303921568627452 0.044976537623596435 0.03333333333333333 0.05698005698005698
0 0.10598039215686277 0.06659544159544159 0.03333333333333333 0.05698005698005698
0 0.0692156862745098 0.03693229428523548 0.03333333333333333 0.05698005698005698
0 0.08656862745098041 0.0952530584883526 0.03333333333333333 0.05698005698005698
0 0.0692156862745098 0.1254189710072063 0.03333333333333333 0.05698005698005698
0 0.049215686274509805 0.10430283224400871 0.03333333333333333 0.05698005698005698
0 0.05936274509803918 0.34292776939835756 0.03333333333333333 0.05698005698005698
0 0.08348039215686272 0.4967739232445114 0.03333333333333333 0.05698005698005698
0 0.048774509803921555 0.49275180157533094 0.03333333333333333 0.05698005698005698
0 0.03759803921568625 0.4987849840791016 0.03333333333333333 0.05698005698005698
0 0.11230392156862744 0.4314144461203284 0.03333333333333333 0.05698005698005698
0 0.11171568627450976 0.41029830735713085 0.03333333333333333 0.05698005698005698
0 0.08642156862745097 0.4203536115300821 0.03333333333333333 0.05698005698005698
0 0.09465686274509802 0.27052957935310873 0.03333333333333333 0.05698005698005698
0 0.07289215686274507 0.28460700519524046 0.03333333333333333 0.05698005698005698
0 0.04642156862745097 0.3318669348081112 0.03333333333333333 0.05698005698005698
0 0.12289215686274507 0.27756829227417457 0.03333333333333333 0.05698005698005698
0 0.14877450980392154 0.2956678397854867 0.03333333333333333 0.05698005698005698
0 0.18171568627450976 0.5571057482822187 0.03333333333333333 0.05698005698005698
0 0.15053921568627449 0.06640690464219877 0.03333333333333333 0.05698005698005698
0 0.07583333333333328 0.019146975029327967 0.03333333333333333 0.05698005698005698
0 0.09348039215686271 0.03825205295793526 0.03333333333333333 0.05698005698005698
0 0.11583333333333329 0.026185687950393822 0.03333333333333333 0.05698005698005698
0 0.009362745098039204 0.10964471258588901 0.03333333333333333 0.05698005698005698
0 0.01230392156862744 0.2313138930785989 0.03333333333333333 0.05698005698005698
0 0.03818627450980389 0.23734707558236962 0.03333333333333333 0.05698005698005698
0 0.029362745098039204 0.362032847326965 0.03333333333333333 0.05698005698005698
0 0.26995098039215687 0.371082621082621 0.03333333333333333 0.05698005698005698
0 0.27818627450980393 0.36504943857885014 0.03333333333333333 0.05698005698005698
0 0.2717156862745098 0.3449388302329478 0.03333333333333333 0.05698005698005698
0 0.2581862745098039 0.3992374727668844 0.03333333333333333 0.05698005698005698
0 0.2581862745098039 0.4414697502932797 0.03333333333333333 0.05698005698005698
0 0.27112745098039215 0.41432042902631133 0.03333333333333333 0.05698005698005698
0 0.2881862745098039 0.436442098206804 0.03333333333333333 0.05698005698005698
0 0.26995098039215687 0.4746522540640187 0.03333333333333333 0.05698005698005698
0 0.302892156862745 0.44348081112786986 0.03333333333333333 0.05698005698005698
0 0.2881862745098039 0.4746522540640187 0.03333333333333333 0.05698005698005698
0 0.3181862745098039 0.4394586894586894 0.03333333333333333 0.05698005698005698
0 0.3128921568627451 0.4163314898609015 0.03333333333333333 0.05698005698005698
0 0.3023039215686274 0.4163314898609015 0.03333333333333333 0.05698005698005698
0 0.29348039215686267 0.37812133400368686 0.03333333333333333 0.05698005698005698
0 0.3023039215686274 0.3680660298307356 0.03333333333333333 0.05698005698005698
0 0.32112745098039214 0.371082621082621 0.03333333333333333 0.05698005698005698
0 0.31053921568627446 0.34091670856376727 0.03333333333333333 0.05698005698005698
0 0.29759803921568617 0.3198005698005697 0.03333333333333333 0.05698005698005698
0 0.2805392156862745 0.30773420479302827 0.03333333333333333 0.05698005698005698
0 0.2770098039215686 0.27756829227417457 0.03333333333333333 0.05698005698005698
0 0.2593627450980392 0.289634657281716 0.03333333333333333 0.05698005698005698
0 0.24877450980392155 0.28058488352606 0.03333333333333333 0.05698005698005698
0 0.2558333333333333 0.3127618568795039 0.03333333333333333 0.05698005698005698
0 0.2852450980392156 0.24438578850343548 0.03333333333333333 0.05698005698005698
0 0.2917156862745097 0.27756829227417457 0.03333333333333333 0.05698005698005698
0 0.32759803921568625 0.411303837774426 0.03333333333333333 0.05698005698005698
0 0.3417156862745097 0.436442098206804 0.03333333333333333 0.05698005698005698
0 0.336421568627451 0.46057482822188694 0.03333333333333333 0.05698005698005698
0 0.3158333333333333 0.4746522540640187 0.03333333333333333 0.05698005698005698
0 0.40053921568627443 0.4786743757331992 0.03333333333333333 0.05698005698005698
0 0.1070098039215686 0.5661555220378749 0.03333333333333333 0.05698005698005698
0 0.14186274509803914 0.3534858387799564 0.03333333333333333 0.05698005698005698
0 0.13686274509803917 0.32231439584380756 0.03333333333333333 0.05698005698005698
0 0.1268627450980392 0.3570051952404893 0.03333333333333333 0.05698005698005698
0 0.36598039215686273 0.3921987598458186 0.03333333333333333 0.05698005698005698
0 0.34950980392156855 0.4168342550695492 0.03333333333333333 0.05698005698005698
0 0.3400980392156862 0.38616557734204787 0.03333333333333333 0.05698005698005698
0 0.30480392156862746 0.23986090162560747 0.03333333333333333 0.05698005698005698
0 0.3498039215686274 0.31879503938327464 0.03333333333333333 0.05698005698005698
0 0.362156862745098 0.29617060499413433 0.03333333333333333 0.05698005698005698
0 0.33039215686274503 0.3268392827216356 0.03333333333333333 0.05698005698005698
0 0.34186274509803916 0.3544913691972515 0.03333333333333333 0.05698005698005698
0 0.3592156862745098 0.34041394335511976 0.03333333333333333 0.05698005698005698
0 0.06303921568627445 0.38415451650745763 0.03333333333333333 0.05698005698005698
0 0.3583333333333333 0.4374476286240992 0.03333333333333333 0.05698005698005698
0 0.21656862745098035 0.2393581364169599 0.03333333333333333 0.05698005698005698
0 0.31421568627450974 0.22025305848835253 0.03333333333333333 0.05698005698005698
0 0.3327450980392156 0.2167337020278196 0.03333333333333333 0.05698005698005698
0 0.32274509803921564 0.21120328473269645 0.03333333333333333 0.05698005698005698
0 0.3483333333333333 0.26650745768392825 0.03333333333333333 0.05698005698005698
0 0.338921568627451 0.24539131892073063 0.03333333333333333 0.05698005698005698
0 0.3259803921568627 0.2760599966482319 0.03333333333333333 0.05698005698005698
0 0.300392156862745 0.2760599966482319 0.03333333333333333 0.05698005698005698
0 0.3159803921568627 0.29617060499413433 0.03333333333333333 0.05698005698005698
0 0.3642156862745098 0.25192726663314896 0.03333333333333333 0.05698005698005698
0 0.3556862745098039 0.23332495391318914 0.03333333333333333 0.05698005698005698
0 0.36539215686274507 0.2745517010222892 0.03333333333333333 0.05698005698005698
0 0.33495098039215687 0.6254818166582871 0.03333333333333333 0.05698005698005698
0 0.35995098039215684 0.5817412435059492 0.03333333333333333 0.05698005698005698
0 0.33965686274509804 0.584255069549187 0.03333333333333333 0.05698005698005698
0 0.3490686274509804 0.5425255572314394 0.03333333333333333 0.05698005698005698
0 0.35877450980392156 0.5178900620077088 0.03333333333333333 0.05698005698005698
0 0.33112745098039215 0.5571057482822187 0.03333333333333333 0.05698005698005698
0 0.3220098039215686 0.6898357633651749 0.03333333333333333 0.05698005698005698
0 0.2808333333333333 0.6415703033350091 0.03333333333333333 0.05698005698005698
0 0.28171568627450977 0.6792776939835762 0.03333333333333333 0.05698005698005698
0 0.26171568627450975 0.5430283224400869 0.03333333333333333 0.05698005698005698
0 0.2928921568627451 0.5249287749287748 0.03333333333333333 0.05698005698005698
0 0.2970098039215686 0.5545919222389809 0.03333333333333333 0.05698005698005698
0 0.31995098039215686 0.5385034355622589 0.03333333333333333 0.05698005698005698
0 0.3761274509803922 0.5038126361655771 0.03333333333333333 0.05698005698005698
0 0.40671568627450977 0.555597452656276 0.03333333333333333 0.05698005698005698
0 0.40230392156862743 0.5887799564270151 0.03333333333333333 0.05698005698005698
0 0.388186274509804 0.6124099212334504 0.03333333333333333 0.05698005698005698
0 0.30083333333333334 0.75067035361153 0.03333333333333333 0.05698005698005698
0 0.42112745098039217 0.6883274677392323 0.03333333333333333 0.05698005698005698
0 0.42436274509803923 0.6481062510474274 0.03333333333333333 0.05698005698005698
0 0.4270098039215686 0.6229679906150493 0.03333333333333333 0.05698005698005698
0 0.3796568627450981 0.6636919725155017 0.03333333333333333 0.05698005698005698
0 0.3875980392156863 0.7039131892073066 0.03333333333333333 0.05698005698005698
0 0.26995098039215687 0.7551952404893579 0.03333333333333333 0.05698005698005698
0 0.3720098039215686 0.4736467236467235 0.03333333333333333 0.05698005698005698
0 0.3528921568627451 0.4806854365677893 0.03333333333333333 0.05698005698005698
0 0.3017156862745098 0.5973269649740236 0.03333333333333333 0.05698005698005698
0 0.28877450980392155 0.5797301826713589 0.03333333333333333 0.05698005698005698
0 0.27730392156862743 0.5762108262108261 0.03333333333333333 0.05698005698005698
0 0.2481862745098039 0.5822440087145967 0.03333333333333333 0.05698005698005698
0 0.2884803921568627 0.6244762862409919 0.03333333333333333 0.05698005698005698
0 0.2778921568627451 0.6722389810625102 0.03333333333333333 0.05698005698005698
0 0.2608333333333333 0.6018518518518516 0.03333333333333333 0.05698005698005698
0 0.2531862745098039 0.6184431037372212 0.03333333333333333 0.05698005698005698
0 0.4728921568627451 0.6687196246019773 0.03333333333333333 0.05698005698005698
0 0.4678921568627451 0.6360398860398859 0.03333333333333333 0.05698005698005698
0 0.4728921568627451 0.49627115803586375 0.03333333333333333 0.05698005698005698
0 0.4843627450980392 0.5138679403385283 0.03333333333333333 0.05698005698005698
0 0.46818627450980393 0.5581112786995138 0.03333333333333333 0.05698005698005698
0 0.44053921568627447 0.526939835763365 0.03333333333333333 0.05698005698005698
0 0.4290686274509804 0.5173872967990614 0.03333333333333333 0.05698005698005698
0 0.42583333333333334 0.5706804089157029 0.03333333333333333 0.05698005698005698
0 0.4225980392156863 0.47867437573319904 0.03333333333333333 0.05698005698005698
0 0.45877450980392154 0.4877241494888552 0.03333333333333333 0.05698005698005698
0 0.4520098039215686 0.6229679906150493 0.03333333333333333 0.05698005698005698
0 0.39377450980392154 0.6350343556225907 0.03333333333333333 0.05698005698005698
0 0.36083333333333334 0.6315149991620578 0.03333333333333333 0.05698005698005698
0 0.30377450980392157 0.5053209317915198 0.03333333333333333 0.05698005698005698
0 0.3225980392156863 0.49727668845315887 0.03333333333333333 0.05698005698005698
0 0.4158333333333332 0.7104491369197249 0.03333333333333333 0.05698005698005698
0 0.4537745098039215 0.675758337523043 0.03333333333333333 0.05698005698005698
0 0.46024509803921554 0.7340791017261603 0.03333333333333333 0.05698005698005698
0 0.48936274509803906 0.7255320931791518 0.03333333333333333 0.05698005698005698
0 0.521127450980392 0.715979554214848 0.03333333333333333 0.05698005698005698
0 0.5387745098039215 0.7270403888050944 0.03333333333333333 0.05698005698005698
0 0.5375980392156862 0.7049187196246017 0.03333333333333333 0.05698005698005698
0 0.5431862745098037 0.675758337523043 0.03333333333333333 0.05698005698005698
0 0.521127450980392 0.6752555723143956 0.03333333333333333 0.05698005698005698
0 0.5084803921568626 0.650620077090665 0.03333333333333333 0.05698005698005698
0 0.4870098039215685 0.646095190212837 0.03333333333333333 0.05698005698005698
0 0.47024509803921555 0.5063264622088149 0.03333333333333333 0.05698005698005698
0 0.5034803921568626 0.5369951399363161 0.03333333333333333 0.05698005698005698
0 0.5284803921568626 0.545039383274677 0.03333333333333333 0.05698005698005698
0 0.5223039215686274 0.5877744260097199 0.03333333333333333 0.05698005698005698
0 0.5308333333333333 0.6088905647729175 0.03333333333333333 0.05698005698005698
0 0.5431862745098037 0.6043656778950894 0.03333333333333333 0.05698005698005698
0 0.5314215686274508 0.593304843304843 0.03333333333333333 0.05698005698005698
0 0.5490686274509803 0.5731942349589405 0.03333333333333333 0.05698005698005698
0 0.5573039215686273 0.5294536618066027 0.03333333333333333 0.05698005698005698
0 0.5734803921568626 0.5188955924250038 0.03333333333333333 0.05698005698005698
0 0.5752450980392155 0.5576085134908662 0.03333333333333333 0.05698005698005698
0 0.5923039215686273 0.5259343053460698 0.03333333333333333 0.05698005698005698
0 0.5996568627450979 0.5545919222389808 0.03333333333333333 0.05698005698005698
0 0.5781862745098038 0.5917965476789003 0.03333333333333333 0.05698005698005698
0 0.5702450980392155 0.6234707558236967 0.03333333333333333 0.05698005698005698
0 0.5673039215686273 0.657658790011731 0.03333333333333333 0.05698005698005698
0 0.5825980392156862 0.6998910675381261 0.03333333333333333 0.05698005698005698
0 0.5687745098039214 0.687321937321937 0.03333333333333333 0.05698005698005698
0 0.6087745098039214 0.7164823194234956 0.03333333333333333 0.05698005698005698
0 0.5996568627450979 0.6717362158538627 0.03333333333333333 0.05698005698005698
0 0.6005392156862744 0.630006703536115 0.03333333333333333 0.05698005698005698
0 0.6081862745098038 0.5269398357633649 0.03333333333333333 0.05698005698005698
0 0.6252450980392156 0.5706804089157027 0.03333333333333333 0.05698005698005698
0 0.6290686274509802 0.6410675381263614 0.03333333333333333 0.05698005698005698
0 0.6275980392156861 0.6968744762862408 0.03333333333333333 0.05698005698005698
0 0.4931862745098038 0.6672113289760345 0.03333333333333333 0.05698005698005698
0 0.47024509803921555 0.5827467739232443 0.03333333333333333 0.05698005698005698
0 0.4537745098039215 0.5787246522540637 0.03333333333333333 0.05698005698005698
0 0.4549509803921567 0.5374979051449638 0.03333333333333333 0.05698005698005698
0 0.2658333333333333 0.9806854365677894 0.03333333333333333 0.05698005698005698
0 0.22112745098039213 0.9746522540640187 0.03333333333333333 0.05698005698005698
0 0.2634803921568627 0.9273923244511479 0.03333333333333333 0.05698005698005698
0 0.22936274509803917 0.9414697502932796 0.03333333333333333 0.05698005698005698
0 0.23171568627450975 0.8972264119322941 0.03333333333333333 0.05698005698005698
0 0.2270098039215686 0.8640439081615552 0.03333333333333333 0.05698005698005698
0 0.23112745098039209 0.8429277693983577 0.03333333333333333 0.05698005698005698
0 0.24171568627450976 0.8147729177140942 0.03333333333333333 0.05698005698005698
0 0.2670098039215686 0.7886291268644209 0.03333333333333333 0.05698005698005698
0 0.2934803921568627 0.8338779956427014 0.03333333333333333 0.05698005698005698
0 0.28171568627450977 0.8570051952404892 0.03333333333333333 0.05698005698005698
0 0.31524509803921563 0.9344310373722139 0.03333333333333333 0.05698005698005698
0 0.3423039215686274 0.9394586894586895 0.03333333333333333 0.05698005698005698
0 0.3640686274509803 0.9324199765376235 0.03333333333333333 0.05698005698005698
0 0.4028921568627451 0.9505195240489358 0.03333333333333333 0.05698005698005698
0 0.4175980392156862 0.9756577844813138 0.03333333333333333 0.05698005698005698
0 0.43818627450980385 0.9505195240489358 0.03333333333333333 0.05698005698005698
0 0.4534803921568626 0.9253812636165576 0.03333333333333333 0.05698005698005698
0 0.4799509803921567 0.952530584883526 0.03333333333333333 0.05698005698005698
0 0.4675980392156862 0.9394586894586895 0.03333333333333333 0.05698005698005698
0 0.5164215686274509 0.9434808111278699 0.03333333333333333 0.05698005698005698
0 0.5546568627450978 0.9505195240489358 0.03333333333333333 0.05698005698005698
0 0.566421568627451 0.9706301323948381 0.03333333333333333 0.05698005698005698
0 0.5470098039215686 0.9314144461203283 0.03333333333333333 0.05698005698005698
0 0.5428921568627451 0.8821434556728674 0.03333333333333333 0.05698005698005698
0 0.5134803921568627 0.8590162560750796 0.03333333333333333 0.05698005698005698
0 0.4870098039215685 0.8921987598458185 0.03333333333333333 0.05698005698005698
0 0.48936274509803923 0.9253812636165576 0.03333333333333333 0.05698005698005698
0 0.4817156862745098 0.8228171610524551 0.03333333333333333 0.05698005698005698
0 0.5364215686274509 0.7705295793531087 0.03333333333333333 0.05698005698005698
0 0.5205392156862745 0.7614798055974525 0.03333333333333333 0.05698005698005698
0 0.5540686274509804 0.7634908664320429 0.03333333333333333 0.05698005698005698
0 0.5540686274509804 0.796673370202782 0.03333333333333333 0.05698005698005698
0 0.5628921568627451 0.731313893078599 0.03333333333333333 0.05698005698005698
0 0.4675980392156862 0.7594687447628624 0.03333333333333333 0.05698005698005698
0 0.44818627450980386 0.7655019272666331 0.03333333333333333 0.05698005698005698
0 0.41936274509803917 0.7614798055974525 0.03333333333333333 0.05698005698005698
0 0.3887745098039215 0.7373470755823696 0.03333333333333333 0.05698005698005698
0 0.3375980392156862 0.756452153510977 0.03333333333333333 0.05698005698005698
0 0.3558333333333333 0.7403636668342551 0.03333333333333333 0.05698005698005698
0 0.3434803921568627 0.724275180157533 0.03333333333333333 0.05698005698005698
0 0.3223039215686274 0.8147729177140942 0.03333333333333333 0.05698005698005698
0 0.32465686274509803 0.8761102731690966 0.03333333333333333 0.05698005698005698
0 0.33230392156862737 0.9273923244511479 0.03333333333333333 0.05698005698005698
0 0.34053921568627443 0.9062761856879503 0.03333333333333333 0.05698005698005698
0 0.36700980392156857 0.8992374727668845 0.03333333333333333 0.05698005698005698
0 0.38700980392156853 0.913314898609016 0.03333333333333333 0.05698005698005698
0 0.41348039215686266 0.903259594436065 0.03333333333333333 0.05698005698005698
0 0.39112745098039214 0.8861655773420478 0.03333333333333333 0.05698005698005698
0 0.40936274509803916 0.8751047427518015 0.03333333333333333 0.05698005698005698
0 0.3881862745098039 0.8358890564772917 0.03333333333333333 0.05698005698005698
0 0.42877450980392157 0.8479554214848333 0.03333333333333333 0.05698005698005698
0 0.4523039215686274 0.8479554214848333 0.03333333333333333 0.05698005698005698
0 0.44348039215686264 0.9012485336014747 0.03333333333333333 0.05698005698005698
0 0.43230392156862746 0.8740992123345063 0.03333333333333333 0.05698005698005698
0 0.2870098039215686 0.9072817161052454 0.03333333333333333 0.05698005698005698
0 0.27568627450980376 0.8070429026311379 0.03333333333333333 0.05698005698005698
0 0.3574509803921567 0.881452153510977 0.03333333333333333 0.05698005698005698
0 0.5783333333333333 0.7504189710072062 0.03333333333333333 0.05698005698005698
0 0.5645098039215685 0.8313641695994637 0.03333333333333333 0.05698005698005698
0 0.5795098039215686 0.874601977543154 0.03333333333333333 0.05698005698005698
0 0.5983333333333333 0.8891821685939334 0.03333333333333333 0.05698005698005698
0 0.6118627450980392 0.8439332998156528 0.03333333333333333 0.05698005698005698
0 0.5959803921568627 0.817286743757332 0.03333333333333333 0.05698005698005698
0 0.6056862745098038 0.7976789006200772 0.03333333333333333 0.05698005698005698
0 0.5939215686274509 0.7649991620579856 0.03333333333333333 0.05698005698005698
0 0.6739215686274509 0.735838779956427 0.03333333333333333 0.05698005698005698
0 0.6498039215686273 0.7217613541142952 0.03333333333333333 0.05698005698005698
0 0.6256862745098039 0.7484079101726161 0.03333333333333333 0.05698005698005698
0 0.6495098039215687 0.7800821183174125 0.03333333333333333 0.05698005698005698
0 0.6292156862745097 0.8157784481313892 0.03333333333333333 0.05698005698005698
0 0.6365686274509803 0.8394084129378246 0.03333333333333333 0.05698005698005698
0 0.6598039215686273 0.8615300821183174 0.03333333333333333 0.05698005698005698
0 0.6668627450980391 0.8182922741746272 0.03333333333333333 0.05698005698005698
0 0.5200980392156862 0.8187950393832746 0.03333333333333333 0.05698005698005698
0 0.5483333333333332 0.8429277693983577 0.03333333333333333 0.05698005698005698
0 0.6106862745098038 0.6941092676386794 0.03333333333333333 0.05698005698005698
0 0.6639215686274508 0.641821685939333 0.03333333333333333 0.05698005698005698
0 0.6789215686274508 0.6905899111781464 0.03333333333333333 0.05698005698005698
0 0.6633333333333331 0.6880760851349086 0.03333333333333333 0.05698005698005698
0 0.6559803921568627 0.6755069549187195 0.03333333333333333 0.05698005698005698
0 0.7153921568627449 0.7604742751801574 0.03333333333333333 0.05698005698005698
0 0.7292156862745096 0.7790765879001172 0.03333333333333333 0.05698005698005698
0 0.7745098039215685 0.7604742751801574 0.03333333333333333 0.05698005698005698
0 0.7639215686274509 0.8248282218870454 0.03333333333333333 0.05698005698005698
0 0.7595098039215685 0.8565024300318418 0.03333333333333333 0.05698005698005698
0 0.7298039215686274 0.8660549689961453 0.03333333333333333 0.05698005698005698
0 0.7106862745098038 0.8338779956427015 0.03333333333333333 0.05698005698005698
0 0.6962745098039215 0.7675129881012234 0.03333333333333333 0.05698005698005698
0 0.7556862745098037 0.7453913189207306 0.03333333333333333 0.05698005698005698
0 0.7448039215686273 0.6734958940841294 0.03333333333333333 0.05698005698005698
0 0.7368627450980392 0.6448382771912183 0.03333333333333333 0.05698005698005698
0 0.7200980392156862 0.6905899111781464 0.03333333333333333 0.05698005698005698
0 0.7180392156862744 0.6654516507457684 0.03333333333333333 0.05698005698005698
0 0.6942156862745097 0.716230936819172 0.03333333333333333 0.05698005698005698
0 0.7733333333333332 0.6403133903133902 0.03333333333333333 0.05698005698005698
0 0.7627450980392155 0.6558991117814646 0.03333333333333333 0.05698005698005698
0 0.7900980392156862 0.7091922238981062 0.03333333333333333 0.05698005698005698
0 0.7668627450980391 0.7046673370202782 0.03333333333333333 0.05698005698005698
0 0.7874509803921567 0.6322691469750292 0.03333333333333333 0.05698005698005698
0 0.7059803921568626 0.6473521032344561 0.03333333333333333 0.05698005698005698
0 0.6830392156862743 0.9470001675884028 0.03333333333333333 0.05698005698005698
0 0.6886274509803919 0.9821937321937322 0.03333333333333333 0.05698005698005698
0 0.7124509803921566 0.9394586894586895 0.03333333333333333 0.05698005698005698
0 0.7183333333333332 0.9630886542651247 0.03333333333333333 0.05698005698005698
0 0.696862745098039 0.9314144461203283 0.03333333333333333 0.05698005698005698
0 0.6945098039215684 0.8740992123345065 0.03333333333333333 0.05698005698005698
0 0.7468627450980391 0.8972264119322944 0.03333333333333333 0.05698005698005698
0 0.7327450980392155 0.9344310373722139 0.03333333333333333 0.05698005698005698
0 0.760392156862745 0.9490112284229932 0.03333333333333333 0.05698005698005698
0 0.781862745098039 0.9661052455170103 0.03333333333333333 0.05698005698005698
0 0.8253921568627448 0.9515250544662309 0.03333333333333333 0.05698005698005698
0 0.823627450980392 0.9243757331992626 0.03333333333333333 0.05698005698005698
0 0.8083333333333331 0.9047678900620076 0.03333333333333333 0.05698005698005698
0 0.7821568627450978 0.890690464219876 0.03333333333333333 0.05698005698005698
0 0.7739215686274508 0.9294033852857382 0.03333333333333333 0.05698005698005698
0 0.7898039215686272 0.9223646723646723 0.03333333333333333 0.05698005698005698
0 0.716862745098039 0.7891318920730686 0.03333333333333333 0.05698005698005698
0 0.7471568627450977 0.809242500418971 0.03333333333333333 0.05698005698005698
0 0.7936274509803919 0.78058488352606 0.03333333333333333 0.05698005698005698
0 0.8259803921568625 0.7971761354114294 0.03333333333333333 0.05698005698005698
0 0.8333333333333331 0.8308614043908161 0.03333333333333333 0.05698005698005698
0 0.8312745098039214 0.8690715602480307 0.03333333333333333 0.05698005698005698
0 0.855098039215686 0.8725909167085637 0.03333333333333333 0.05698005698005698
0 0.8745098039215685 0.9118066029830735 0.03333333333333333 0.05698005698005698
0 0.9142156862745096 0.9359393329981565 0.03333333333333333 0.05698005698005698
0 0.9071568627450978 0.8449388302329478 0.03333333333333333 0.05698005698005698
0 0.9162745098039213 0.8766130383777443 0.03333333333333333 0.05698005698005698
0 0.9009803921568627 0.7695240489358135 0.03333333333333333 0.05698005698005698
0 0.7986274509803919 0.8449388302329478 0.03333333333333333 0.05698005698005698
0 0.8071568627450978 0.853988603988604 0.03333333333333333 0.05698005698005698
0 0.8092156862745096 0.8027065527065527 0.03333333333333333 0.05698005698005698
0 0.8642156862745096 0.7695240489358135 0.03333333333333333 0.05698005698005698
0 0.870392156862745 0.9701273671861906 0.03333333333333333 0.05698005698005698
0 0.8453921568627448 0.9590665325959443 0.03333333333333333 0.05698005698005698
0 0.7571568627450977 0.7750544662309367 0.03333333333333333 0.05698005698005698
0 0.8295098039215685 0.614169599463717 0.03333333333333333 0.05698005698005698
0 0.8650980392156862 0.6272414948885536 0.03333333333333333 0.05698005698005698
0 0.8745098039215685 0.5814898609016255 0.03333333333333333 0.05698005698005698
0 0.8877450980392156 0.5900368694486341 0.03333333333333333 0.05698005698005698
0 0.9045098039215685 0.577467739232445 0.03333333333333333 0.05698005698005698
0 0.9003921568627451 0.5985838779956426 0.03333333333333333 0.05698005698005698
0 0.8933333333333331 0.6393078598960952 0.03333333333333333 0.05698005698005698
0 0.8974509803921568 0.6679654767890062 0.03333333333333333 0.05698005698005698
0 0.9089215686274508 0.6518769901122842 0.03333333333333333 0.05698005698005698
0 0.9309803921568626 0.6900871459694988 0.03333333333333333 0.05698005698005698
0 0.9200980392156862 0.6760097201273672 0.03333333333333333 0.05698005698005698
0 0.9227450980392155 0.7308111278699514 0.03333333333333333 0.05698005698005698
0 0.880392156862745 0.7378498407910171 0.03333333333333333 0.05698005698005698
0 0.8368627450980392 0.7182419976537623 0.03333333333333333 0.05698005698005698
0 0.8156862745098038 0.6433299815652757 0.03333333333333333 0.05698005698005698
0 0.7203921568627449 0.6036115300821182 0.03333333333333333 0.05698005698005698
0 0.6995098039215685 0.6021032344561755 0.03333333333333333 0.05698005698005698
0 0.7306862745098037 0.5965728171610524 0.03333333333333333 0.05698005698005698
0 0.6842156862745097 0.5900368694486341 0.03333333333333333 0.05698005698005698
0 0.7627450980392155 0.7257834757834757 0.03333333333333333 0.05698005698005698
0 0.7795098039215685 0.7107005195240489 0.03333333333333333 0.05698005698005698
0 0.9039215686274509 0.6282470253058487 0.03333333333333333 0.05698005698005698
0 0.8330392156862744 0.5789760348583877 0.03333333333333333 0.05698005698005698
0 0.5492156862745099 0.49953913189207294 0.03333333333333333 0.05698005698005698
0 0.5253921568627451 0.4894838277191217 0.03333333333333333 0.05698005698005698
0 0.510686274509804 0.4683676889559241 0.03333333333333333 0.05698005698005698
0 0.5518627450980392 0.4573068543656777 0.03333333333333333 0.05698005698005698
0 0.5653921568627451 0.4502681414446119 0.03333333333333333 0.05698005698005698
0 0.5809803921568628 0.4940087145969497 0.03333333333333333 0.05698005698005698
0 0.5856862745098039 0.4789257583375229 0.03333333333333333 0.05698005698005698
0 0.6042156862745098 0.5111027316909669 0.03333333333333333 0.05698005698005698
0 0.5974509803921569 0.500544662309368 0.03333333333333333 0.05698005698005698
0 0.6212745098039216 0.4869700016758839 0.03333333333333333 0.05698005698005698
0 0.6321568627450981 0.5136165577342047 0.03333333333333333 0.05698005698005698
0 0.6418627450980392 0.5216608010725656 0.03333333333333333 0.05698005698005698
0 0.6580392156862745 0.5035612535612534 0.03333333333333333 0.05698005698005698
0 0.6503921568627451 0.4849589408412936 0.03333333333333333 0.05698005698005698
0 0.6421568627450981 0.46685939332998144 0.03333333333333333 0.05698005698005698
0 0.6221568627450981 0.44574325456678376 0.03333333333333333 0.05698005698005698
0 0.6483333333333333 0.438704541645718 0.03333333333333333 0.05698005698005698
0 0.6686274509803922 0.4427266633148984 0.03333333333333333 0.05698005698005698
0 0.6671568627450981 0.4738981062510473 0.03333333333333333 0.05698005698005698
0 0.6674509803921569 0.5764622088151499 0.03333333333333333 0.05698005698005698
0 0.6442156862745099 0.5915451650745767 0.03333333333333333 0.05698005698005698
0 0.6471568627450981 0.6181917211328974 0.03333333333333333 0.05698005698005698
0 0.6715686274509804 0.6176889559242499 0.03333333333333333 0.05698005698005698
0 0.6630392156862746 0.6000921736215852 0.03333333333333333 0.05698005698005698
0 0.6474509803921569 0.5633903133903132 0.03333333333333333 0.05698005698005698
0 0.7145098039215687 0.47792022792022776 0.03333333333333333 0.05698005698005698
0 0.7215686274509805 0.5231690966985083 0.03333333333333333 0.05698005698005698
0 0.7045098039215687 0.5216608010725656 0.03333333333333333 0.05698005698005698
0 0.7209803921568628 0.5784732696497401 0.03333333333333333 0.05698005698005698
0 0.7048039215686276 0.5799815652756828 0.03333333333333333 0.05698005698005698
0 0.6836274509803921 0.5508211831741242 0.03333333333333333 0.05698005698005698
0 0.6774509803921569 0.4834506452153509 0.03333333333333333 0.05698005698005698
0 0.7348039215686275 0.44775431540137406 0.03333333333333333 0.05698005698005698
0 0.7427450980392157 0.5447880006703535 0.03333333333333333 0.05698005698005698
0 0.7186274509803922 0.4376990112284228 0.03333333333333333 0.05698005698005698
0 0.6992156862745098 0.4422238981062509 0.03333333333333333 0.05698005698005698
0 0.6915686274509805 0.4356879503938326 0.03333333333333333 0.05698005698005698
0 0.7056862745098039 0.4789257583375229 0.03333333333333333 0.05698005698005698
0 0.5377450980392158 0.6498659292776939 0.03333333333333333 0.05698005698005698
0 0.5392156862745099 0.6689710072063012 0.03333333333333333 0.05698005698005698
0 0.5243627450980393 0.5111027316909668 0.03333333333333333 0.05698005698005698
0 0.9452450980392156 0.9826964974023796 0.03333333333333333 0.05698005698005698
0 0.9699509803921568 0.9746522540640187 0.03333333333333333 0.05698005698005698
0 0.9758333333333333 0.9434808111278699 0.03333333333333333 0.05698005698005698
0 0.9705392156862744 0.8901876990112284 0.03333333333333333 0.05698005698005698
0 0.9858333333333333 0.8449388302329478 0.03333333333333333 0.05698005698005698
0 0.9664215686274509 0.8570051952404892 0.03333333333333333 0.05698005698005698
0 0.9458333333333333 0.8640439081615552 0.03333333333333333 0.05698005698005698
0 0.9387745098039215 0.8338779956427014 0.03333333333333333 0.05698005698005698
0 0.8899509803921567 0.8368945868945868 0.03333333333333333 0.05698005698005698
0 0.9452450980392156 0.772540640187699 0.03333333333333333 0.05698005698005698
0 0.9358333333333333 0.789634657281716 0.03333333333333333 0.05698005698005698
0 0.9752450980392157 0.8157784481313892 0.03333333333333333 0.05698005698005698
0 0.9834803921568626 0.7353360147477793 0.03333333333333333 0.05698005698005698
0 0.9911274509803921 0.6830484330484331 0.03333333333333333 0.05698005698005698
0 0.9764215686274508 0.5654013742249036 0.03333333333333333 0.05698005698005698
0 0.9923039215686275 0.5543405396346572 0.03333333333333333 0.05698005698005698
0 0.9734803921568627 0.5261856879503938 0.03333333333333333 0.05698005698005698
0 0.9899509803921567 0.5131137925255572 0.03333333333333333 0.05698005698005698
0 0.7840686274509803 0.5332244008714597 0.03333333333333333 0.05698005698005698
0 0.7623039215686275 0.5241746271158035 0.03333333333333333 0.05698005698005698
0 0.6693627450980393 0.5533350092173621 0.03333333333333333 0.05698005698005698
0 0.8093627450980392 0.552329478800067 0.03333333333333333 0.05698005698005698
0 0.7980392156862745 0.6724903636668342 0.03333333333333333 0.05698005698005698
0 0.8818627450980392 0.540765879001173 0.03333333333333333 0.05698005698005698
0 0.8953921568627451 0.5493128875481816 0.03333333333333333 0.05698005698005698
0 0.8798039215686274 0.5628875481816658 0.03333333333333333 0.05698005698005698
0 0.8648039215686274 0.5538377744260097 0.03333333333333333 0.05698005698005698
0 0.8536274509803923 0.5447880006703535 0.03333333333333333 0.05698005698005698
0 0.9242156862745098 0.5387548181665828 0.03333333333333333 0.05698005698005698
0 0.9312745098039216 0.6086391821685939 0.03333333333333333 0.05698005698005698
0 0.9330392156862746 0.5905396346572817 0.03333333333333333 0.05698005698005698
0 0.948921568627451 0.6770152505446623 0.03333333333333333 0.05698005698005698
0 0.9730392156862744 0.6021032344561755 0.03333333333333333 0.05698005698005698
0 0.9856862745098041 0.5829981565275683 0.03333333333333333 0.05698005698005698
0 0.9812745098039215 0.6227166080107256 0.03333333333333333 0.05698005698005698
0 0.7703921568627451 0.5442852354617059 0.03333333333333333 0.05698005698005698
0 0.7621568627450981 0.5794788000670353 0.03333333333333333 0.05698005698005698
0 0.7215686274509805 0.3999916205798557 0.03333333333333333 0.05698005698005698
0 0.6953921568627451 0.3904390816155521 0.03333333333333333 0.05698005698005698
0 0.6892156862745099 0.3758588905647728 0.03333333333333333 0.05698005698005698
0 0.7465686274509805 0.405522037874979 0.03333333333333333 0.05698005698005698
0 0.7618627450980392 0.467362158538629 0.03333333333333333 0.05698005698005698
0 0.7524509803921569 0.5035612535612534 0.03333333333333333 0.05698005698005698
0 0.7850980392156863 0.4980308362661302 0.03333333333333333 0.05698005698005698
0 0.8236274509803921 0.5035612535612534 0.03333333333333333 0.05698005698005698
0 0.8136274509803921 0.49551701022289246 0.03333333333333333 0.05698005698005698
0 0.8265686274509805 0.47490363666834245 0.03333333333333333 0.05698005698005698
0 0.8612745098039215 0.49199765376235954 0.03333333333333333 0.05698005698005698
0 0.8442156862745098 0.5246773923244511 0.03333333333333333 0.05698005698005698
0 0.8795098039215687 0.5070806100217864 0.03333333333333333 0.05698005698005698
0 0.8953921568627451 0.5286995139936316 0.03333333333333333 0.05698005698005698
0 0.9142156862745098 0.47942852354617055 0.03333333333333333 0.05698005698005698
0 0.902156862745098 0.4201022289257582 0.03333333333333333 0.05698005698005698
0 0.8603921568627452 0.37535612535612517 0.03333333333333333 0.05698005698005698
0 0.8398039215686275 0.373345064521535 0.03333333333333333 0.05698005698005698
0 0.8298039215686276 0.3894335511982569 0.03333333333333333 0.05698005698005698
0 0.8162745098039217 0.39395843807608505 0.03333333333333333 0.05698005698005698
0 0.8100980392156863 0.3874224903636667 0.03333333333333333 0.05698005698005698
0 0.7109803921568628 0.38138930785989594 0.03333333333333333 0.05698005698005698
0 0.7024509803921569 0.3803837774426009 0.03333333333333333 0.05698005698005698
0 0.788921568627451 0.4356879503938326 0.03333333333333333 0.05698005698005698
0 0.8018627450980392 0.4165828724652253 0.03333333333333333 0.05698005698005698
0 0.775686274509804 0.41256075079604476 0.03333333333333333 0.05698005698005698
0 0.7862745098039217 0.45831238478297287 0.03333333333333333 0.05698005698005698
0 0.8542156862745099 0.4105496899614546 0.03333333333333333 0.05698005698005698
0 0.8659803921568628 0.467362158538629 0.03333333333333333 0.05698005698005698
0 0.8242156862745098 0.4407156024803083 0.03333333333333333 0.05698005698005698
0 0.8548039215686274 0.3874224903636667 0.03333333333333333 0.05698005698005698
0 0.898921568627451 0.37686442098206796 0.03333333333333333 0.05698005698005698
0 0.8827450980392159 0.37535612535612517 0.03333333333333333 0.05698005698005698
0 0.9077450980392159 0.37887548181665814 0.03333333333333333 0.05698005698005698
0 0.918921568627451 0.38440589911178136 0.03333333333333333 0.05698005698005698
0 0.9045098039215687 0.47389810625104734 0.03333333333333333 0.05698005698005698
0 0.9883333333333333 0.3989860901625605 0.03333333333333333 0.05698005698005698
0 0.9662745098039216 0.3758588905647726 0.03333333333333333 0.05698005698005698
0 0.9724509803921569 0.35574828221887017 0.03333333333333333 0.05698005698005698
0 0.9636274509803923 0.4014999162057983 0.03333333333333333 0.05698005698005698
0 0.978921568627451 0.48495894084129354 0.03333333333333333 0.05698005698005698
0 0.9703921568627452 0.5060750796044912 0.03333333333333333 0.05698005698005698
0 0.9386274509803921 0.4563013239483825 0.03333333333333333 0.05698005698005698
0 0.9415686274509805 0.48244511479805574 0.03333333333333333 0.05698005698005698
0 0.9409803921568628 0.5005446623093679 0.03333333333333333 0.05698005698005698
0 0.9362745098039216 0.5281967487849839 0.03333333333333333 0.05698005698005698
0 0.9533333333333334 0.5000418971007203 0.03333333333333333 0.05698005698005698
0 0.9509803921568628 0.5146220881514997 0.03333333333333333 0.05698005698005698
0 0.8983333333333333 0.3647980559745263 0.03333333333333333 0.05698005698005698
0 0.9348039215686275 0.378875481816658 0.03333333333333333 0.05698005698005698
0 0.9621568627450979 0.36278699513993606 0.03333333333333333 0.05698005698005698
0 0.9409803921568628 0.3527316909669848 0.03333333333333333 0.05698005698005698
0 0.927156862745098 0.35926763867940315 0.03333333333333333 0.05698005698005698
0 0.8883333333333333 0.4226160549689959 0.03333333333333333 0.05698005698005698
0 0.8898039215686274 0.4492626110273167 0.03333333333333333 0.05698005698005698
0 0.8498039215686274 0.444234958940841 0.03333333333333333 0.05698005698005698
0 0.7874509803921569 0.3758588905647726 0.03333333333333333 0.05698005698005698
0 0.698921568627451 0.5764622088151498 0.03333333333333333 0.05698005698005698
0 0.260686274509804 0.12189961454667336 0.03333333333333333 0.05698005698005698
0 0.2609803921568628 0.09726411932294285 0.03333333333333333 0.05698005698005698
0 0.2565686274509804 0.07916457181163063 0.03333333333333333 0.05698005698005698
0 0.2721568627450981 0.09022540640187697 0.03333333333333333 0.05698005698005698
0 0.25480392156862747 0.009280207809619556 0.03333333333333333 0.05698005698005698
0 0.26039215686274514 0.02134657281716103 0.03333333333333333 0.05698005698005698
0 0.2648039215686274 0.013805094687447624 0.03333333333333333 0.05698005698005698
0 0.2745098039215686 0.013805094687447624 0.03333333333333333 0.05698005698005698
0 0.3050980392156863 0.010285738226914694 0.03333333333333333 0.05698005698005698
0 0.3086274509803922 0.03190464219875982 0.03333333333333333 0.05698005698005698
0 0.3195098039215686 0.03844058991117812 0.03333333333333333 0.05698005698005698
0 0.3318627450980392 0.02536869448634155 0.03333333333333333 0.05698005698005698
0 0.3159803921568628 0.02386039886039886 0.03333333333333333 0.05698005698005698
0 0.32774509803921575 0.04648483324953912 0.03333333333333333 0.05698005698005698
0 0.3359803921568628 0.08871711077593432 0.03333333333333333 0.05698005698005698
0 0.3309803921568628 0.17368443103737224 0.03333333333333333 0.05698005698005698
0 0.30715686274509807 0.16413189207306855 0.03333333333333333 0.05698005698005698
0 0.31480392156862746 0.1631263616557734 0.03333333333333333 0.05698005698005698
0 0.25303921568627447 0.17720378749790516 0.03333333333333333 0.05698005698005698
0 0.2521568627450981 0.20183928272163565 0.03333333333333333 0.05698005698005698
0 0.2742156862745099 0.12692726663314896 0.03333333333333333 0.05698005698005698
0 0.2815686274509804 0.11938578850343556 0.03333333333333333 0.05698005698005698
0 0.2450980392156863 0.09676135411429529 0.03333333333333333 0.05698005698005698
0 0.29274509803921567 0.1254189710072063 0.03333333333333333 0.05698005698005698
0 0.2986274509803922 0.11838025808614043 0.03333333333333333 0.05698005698005698
0 0.3100980392156863 0.10983324953913189 0.03333333333333333 0.05698005698005698
0 0.3015686274509804 0.0952530584883526 0.03333333333333333 0.05698005698005698
0 0.30127450980392156 0.0756452153510977 0.03333333333333333 0.05698005698005698
0 0.31421568627450985 0.060059493883023285 0.03333333333333333 0.05698005698005698
0 0.33274509803921576 0.11838025808614043 0.03333333333333333 0.05698005698005698
0 0.32627450980392153 0.1369825708061002 0.03333333333333333 0.05698005698005698
0 0.31480392156862746 0.13044662309368193 0.03333333333333333 0.05698005698005698
0 0.3003921568627451 0.139496396849338 0.03333333333333333 0.05698005698005698
0 0.30921568627450985 0.15457935310876486 0.03333333333333333 0.05698005698005698
0 0.27980392156862743 0.17368443103737224 0.03333333333333333 0.05698005698005698
0 0.265686274509804 0.16765124853360147 0.03333333333333333 0.05698005698005698
0 0.41274509803921555 0.44310373722138435 0.03333333333333333 0.05698005698005698
0 0.40421568627450966 0.43003184179654785 0.03333333333333333 0.05698005698005698
0 0.3959803921568626 0.40690464219876 0.03333333333333333 0.05698005698005698
0 0.4245098039215685 0.4265124853360149 0.03333333333333333 0.05698005698005698
0 0.42274509803921556 0.39936316406904654 0.03333333333333333 0.05698005698005698
0 0.43833333333333324 0.42802078096195745 0.03333333333333333 0.05698005698005698
0 0.4453921568627449 0.43857885034355637 0.03333333333333333 0.05698005698005698
0 0.4503921568627449 0.45868945868945876 0.03333333333333333 0.05698005698005698
0 0.4615686274509803 0.4360650243003185 0.03333333333333333 0.05698005698005698
0 0.45333333333333325 0.4089157030333502 0.03333333333333333 0.05698005698005698
0 0.4436274509803921 0.36065024300318427 0.03333333333333333 0.05698005698005698
0 0.4650980392156862 0.3918216859393331 0.03333333333333333 0.05698005698005698
0 0.47627450980392144 0.35210323445617575 0.03333333333333333 0.05698005698005698
0 0.46921568627450966 0.3546170604994135 0.03333333333333333 0.05698005698005698
0 0.4559803921568626 0.36919725155019284 0.03333333333333333 0.05698005698005698
0 0.4550980392156862 0.329981565275683 0.03333333333333333 0.05698005698005698
0 0.4706862745098039 0.3159041394335513 0.03333333333333333 0.05698005698005698
0 0.46127450980392143 0.30383777442600984 0.03333333333333333 0.05698005698005698
0 0.45186274509803914 0.2857382269146976 0.03333333333333333 0.05698005698005698
0 0.4318627450980391 0.309368191721133 0.03333333333333333 0.05698005698005698
0 0.4342156862745097 0.329981565275683 0.03333333333333333 0.05698005698005698
0 0.4118627450980391 0.3058488352606001 0.03333333333333333 0.05698005698005698
0 0.40921568627450966 0.346070051952405 0.03333333333333333 0.05698005698005698
0 0.3971568627450979 0.34405899111781474 0.03333333333333333 0.05698005698005698
0 0.4030392156862744 0.3742249036366684 0.03333333333333333 0.05698005698005698
0 0.4239215686274509 0.29529076587900127 0.03333333333333333 0.05698005698005698
0 0.4139215686274509 0.28221887045416466 0.03333333333333333 0.05698005698005698
0 0.48745098039215673 0.3274677392324452 0.03333333333333333 0.05698005698005698
0 0.5024509803921567 0.39131892073068547 0.03333333333333333 0.05698005698005698
0 0.4895098039215685 0.3676889559242501 0.03333333333333333 0.05698005698005698
0 0.47539215686274494 0.40690464219876 0.03333333333333333 0.05698005698005698
0 0.5068627450980391 0.43455672867437584 0.03333333333333333 0.05698005698005698
0 0.5168627450980391 0.4265124853360149 0.03333333333333333 0.05698005698005698
0 0.5227450980392155 0.38377744260097213 0.03333333333333333 0.05698005698005698
0 0.5186274509803921 0.36567789508965987 0.03333333333333333 0.05698005698005698
0 0.5389215686274508 0.39483827719121845 0.03333333333333333 0.05698005698005698
0 0.5356862745098038 0.3686944863415452 0.03333333333333333 0.05698005698005698
0 0.535392156862745 0.3410423998659294 0.03333333333333333 0.05698005698005698
0 0.542156862745098 0.29830735713088663 0.03333333333333333 0.05698005698005698
0 0.5624509803921567 0.34958940841293795 0.03333333333333333 0.05698005698005698
0 0.5589215686274509 0.32696497402379765 0.03333333333333333 0.05698005698005698
0 0.557156862745098 0.30182671359141955 0.03333333333333333 0.05698005698005698
0 0.5724509803921567 0.3088654265124854 0.03333333333333333 0.05698005698005698
0 0.5850980392156861 0.32093179152002693 0.03333333333333333 0.05698005698005698
0 0.5706862745098038 0.4255069549187197 0.03333333333333333 0.05698005698005698
0 0.5895098039215685 0.3903133903133904 0.03333333333333333 0.05698005698005698
0 0.5848039215686274 0.3727166080107258 0.03333333333333333 0.05698005698005698
0 0.5715686274509802 0.3883023294788001 0.03333333333333333 0.05698005698005698
0 0.6086274509803921 0.3616557734204794 0.03333333333333333 0.05698005698005698
0 0.595392156862745 0.3676889559242501 0.03333333333333333 0.05698005698005698
0 0.6030392156862744 0.31489860901625616 0.03333333333333333 0.05698005698005698
0 0.593627450980392 0.2927769398357635 0.03333333333333333 0.05698005698005698
0 0.6386274509803921 0.30333500921736223 0.03333333333333333 0.05698005698005698
0 0.6392156862745096 0.3375230434053964 0.03333333333333333 0.05698005698005698
0 0.6392156862745096 0.3727166080107258 0.03333333333333333 0.05698005698005698
0 0.628921568627451 0.35562259091670867 0.03333333333333333 0.05698005698005698
0 0.6306862745098039 0.2761856879503939 0.03333333333333333 0.05698005698005698
0 0.5215686274509803 0.2947880006703537 0.03333333333333333 0.05698005698005698
0 0.502156862745098 0.2842299312887549 0.03333333333333333 0.05698005698005698
0 0.42980392156862735 0.44762862409921245 0.03333333333333333 0.05698005698005698
0 0.4165686274509803 0.46522540640187704 0.03333333333333333 0.05698005698005698
0 0.3962745098039214 0.4546673370202783 0.03333333333333333 0.05698005698005698
0 0.47862745098039206 0.4290263113792527 0.03333333333333333 0.05698005698005698
0 0.4942156862745097 0.4290263113792527 0.03333333333333333 0.05698005698005698
0 0.5300980392156862 0.4325456678397856 0.03333333333333333 0.05698005698005698
0 0.545392156862745 0.4265124853360149 0.03333333333333333 0.05698005698005698
0 0.34892156862745083 0.13189207306854367 0.03333333333333333 0.05698005698005698
0 0.35892156862745084 0.13893078598960953 0.03333333333333333 0.05698005698005698
0 0.3698039215686273 0.15703033350092174 0.03333333333333333 0.05698005698005698
0 0.37156862745098024 0.12837271660801072 0.03333333333333333 0.05698005698005698
0 0.3762745098039214 0.14948885537120832 0.03333333333333333 0.05698005698005698
0 0.3848039215686273 0.12988101223395343 0.03333333333333333 0.05698005698005698
0 0.3848039215686273 0.15451650745768397 0.03333333333333333 0.05698005698005698
0 0.3974509803921567 0.14647226411932296 0.03333333333333333 0.05698005698005698
0 0.371862745098039 0.187699011228423 0.03333333333333333 0.05698005698005698
0 0.38068627450980375 0.17412435059493886 0.03333333333333333 0.05698005698005698
0 0.3659803921568626 0.17362158538629127 0.03333333333333333 0.05698005698005698
0 0.38568627450980375 0.20026814144461205 0.03333333333333333 0.05698005698005698
0 0.38362745098039197 0.22691469750293283 0.03333333333333333 0.05698005698005698
0 0.39774509803921554 0.2430031841796548 0.03333333333333333 0.05698005698005698
0 0.3889215686274508 0.27115803586391823 0.03333333333333333 0.05698005698005698
0 0.39215686274509787 0.2983073571308866 0.03333333333333333 0.05698005698005698
0 0.3898039215686273 0.31690966985084634 0.03333333333333333 0.05698005698005698
0 0.4050980392156861 0.2621082621082621 0.03333333333333333 0.05698005698005698
0 0.42686274509803906 0.2510474275180158 0.03333333333333333 0.05698005698005698
0 0.43392156862745085 0.23697000167588406 0.03333333333333333 0.05698005698005698
0 0.4245098039215685 0.216356628121334 0.03333333333333333 0.05698005698005698
0 0.35186274509803905 0.19172113289760348 0.03333333333333333 0.05698005698005698
0 0.45068627450980375 0.27115803586391823 0.03333333333333333 0.05698005698005698
0 0.44921568627450964 0.1550192726663315 0.03333333333333333 0.05698005698005698
0 0.5048039215686273 0.17412435059493886 0.03333333333333333 0.05698005698005698
0 0.4915686274509802 0.17563264622088154 0.03333333333333333 0.05698005698005698
0 0.488627450980392 0.15803586391821686 0.03333333333333333 0.05698005698005698
0 0.49627450980392146 0.1404390816155522 0.03333333333333333 0.05698005698005698
0 0.5050980392156861 0.12183676889559243 0.03333333333333333 0.05698005698005698
0 0.5233333333333331 0.1499916205798559 0.03333333333333333 0.05698005698005698
0 0.526862745098039 0.17261605496899615 0.03333333333333333 0.05698005698005698
0 0.5180392156862744 0.16557734204793031 0.03333333333333333 0.05698005698005698
0 0.523627450980392 0.20479302832244012 0.03333333333333333 0.05698005698005698
0 0.510392156862745 0.19172113289760348 0.03333333333333333 0.05698005698005698
0 0.5115686274509802 0.22490363666834254 0.03333333333333333 0.05698005698005698
0 0.49627450980392146 0.2349589408412938 0.03333333333333333 0.05698005698005698
0 0.518627450980392 0.27719121836768895 0.03333333333333333 0.05698005698005698
0 0.4524509803921567 0.12837271660801072 0.03333333333333333 0.05698005698005698
0 0.43509803921568607 0.12988101223395343 0.03333333333333333 0.05698005698005698
0 0.4724509803921567 0.19373219373219372 0.03333333333333333 0.05698005698005698
0 0.47686274509803905 0.216356628121334 0.03333333333333333 0.05698005698005698
0 0.47774509803921555 0.2726663314898609 0.03333333333333333 0.05698005698005698
0 0.5280392156862744 0.3410423998659293 0.03333333333333333 0.05698005698005698
0 0.4309803921568626 0.18820177643707056 0.03333333333333333 0.05698005698005698
0 0.3500980392156861 0.020152505446622903 0.03333333333333333 0.05698005698005698
0 0.363627450980392 0.013616557734204596 0.03333333333333333 0.05698005698005698
0 0.3748039215686273 0.017135914194737565 0.03333333333333333 0.05698005698005698
0 0.3839215686274508 0.013113792525557045 0.03333333333333333 0.05698005698005698
0 0.3953921568627449 0.016633148986089974 0.03333333333333333 0.05698005698005698
0 0.3874509803921567 0.02970504441092659 0.03333333333333333 0.05698005698005698
0 0.37833333333333313 0.04378247025305831 0.03333333333333333 0.05698005698005698
0 0.3692156862745097 0.03071057482822169 0.03333333333333333 0.05698005698005698
0 0.3750980392156861 0.06238478297301809 0.03333333333333333 0.05698005698005698
0 0.38803921568627436 0.0518267135914193 0.03333333333333333 0.05698005698005698
0 0.3959803921568626 0.041268644209820515 0.03333333333333333 0.05698005698005698
0 0.4009803921568626 0.0281967487849839 0.03333333333333333 0.05698005698005698
0 0.4083333333333332 0.03071057482822169 0.03333333333333333 0.05698005698005698
0 0.42186274509803906 0.02869951399363149 0.03333333333333333 0.05698005698005698
0 0.42980392156862735 0.013113792525557045 0.03333333333333333 0.05698005698005698
0 0.4109803921568626 0.010097201273671667 0.03333333333333333 0.05698005698005698
0 0.43245098039215674 0.02970504441092659 0.03333333333333333 0.05698005698005698
0 0.42039215686274495 0.041268644209820515 0.03333333333333333 0.05698005698005698
0 0.36980392156862724 0.09104239986592916 0.03333333333333333 0.05698005698005698
0 0.3550980392156861 0.08199262611027303 0.03333333333333333 0.05698005698005698
0 0.3400980392156861 0.10160046924752796 0.03333333333333333 0.05698005698005698
0 0.3909803921568626 0.09858387799564258 0.03333333333333333 0.05698005698005698
0 0.4083333333333332 0.12070554717613528 0.03333333333333333 0.05698005698005698
0 0.40127450980392143 0.11215853862912674 0.03333333333333333 0.05698005698005698
0 0.43862745098039196 0.05283224400871444 0.03333333333333333 0.05698005698005698
0 0.4450980392156861 0.043279705044410754 0.03333333333333333 0.05698005698005698
0 0.4450980392156861 0.011102731690966806 0.03333333333333333 0.05698005698005698
0 0.4659803921568626 0.022163566281213142 0.03333333333333333 0.05698005698005698
0 0.4721568627450979 0.03774928774928759 0.03333333333333333 0.05698005698005698
0 0.47539215686274494 0.047301826713591275 0.03333333333333333 0.05698005698005698
0 0.4609803921568626 0.04579353108764858 0.03333333333333333 0.05698005698005698
0 0.45568627450980376 0.060876487347075396 0.03333333333333333 0.05698005698005698
0 0.46186274509803915 0.035235461706049756 0.03333333333333333 0.05698005698005698
0 0.45686274509803904 0.011102731690966806 0.03333333333333333 0.05698005698005698
0 0.441862745098039 0.07344561756326448 0.03333333333333333 0.05698005698005698
0 0.45186274509803903 0.09607005195240477 0.03333333333333333 0.05698005698005698
0 0.47009803921568616 0.0664069046421986 0.03333333333333333 0.05698005698005698
0 0.4671568627450979 0.08852857382269134 0.03333333333333333 0.05698005698005698
0 0.4689215686274508 0.10511982570806089 0.03333333333333333 0.05698005698005698
0 0.4689215686274508 0.12623596447125848 0.03333333333333333 0.05698005698005698
0 0.48862745098039206 0.018644209820680255 0.03333333333333333 0.05698005698005698
0 0.49480392156862735 0.04881012233953396 0.03333333333333333 0.05698005698005698
0 0.5018627450980392 0.047301826713591275 0.03333333333333333 0.05698005698005698
0 0.5089215686274509 0.07193732193732179 0.03333333333333333 0.05698005698005698
0 0.5124509803921568 0.020655270655270494 0.03333333333333333 0.05698005698005698
0 0.535392156862745 0.027693983576336352 0.03333333333333333 0.05698005698005698
0 0.5409803921568627 0.043279705044410754 0.03333333333333333 0.05698005698005698
0 0.5412745098039216 0.05886542651248516 0.03333333333333333 0.05698005698005698
0 0.5233333333333332 0.046296296296296134 0.03333333333333333 0.05698005698005698
0 0.5133333333333332 0.045290765879000994 0.03333333333333333 0.05698005698005698
0 0.5262745098039215 0.021660801072565593 0.03333333333333333 0.05698005698005698
0 0.5380392156862744 0.09053963465728158 0.03333333333333333 0.05698005698005698
0 0.5412745098039216 0.1101474777945365 0.03333333333333333 0.05698005698005698
0 0.5330392156862744 0.12372213842802067 0.03333333333333333 0.05698005698005698
0 0.527156862745098 0.11567789508965967 0.03333333333333333 0.05698005698005698
0 0.5356862745098039 0.14584380760851337 0.03333333333333333 0.05698005698005698
0 0.5324509803921568 0.1920982068040891 0.03333333333333333 0.05698005698005698
0 0.5430392156862744 0.19863415451650737 0.03333333333333333 0.05698005698005698
0 0.5380392156862744 0.23885537120831232 0.03333333333333333 0.05698005698005698
0 0.48980392156862734 0.09255069549187184 0.03333333333333333 0.05698005698005698
0 0.49774509803921557 0.08500921736215841 0.03333333333333333 0.05698005698005698
0 0.4400980392156861 0.09858387799564258 0.03333333333333333 0.05698005698005698
0 0.41186274509803905 0.05635160046924737 0.03333333333333333 0.05698005698005698
0 0.4230392156862744 0.11165577342047917 0.03333333333333333 0.05698005698005698
0 0.4295098039215685 0.1191972515501926 0.03333333333333333 0.05698005698005698
0 0.341421568627451 0.014119322942852307 0.03333333333333333 0.05698005698005698
0 0.4755392156862746 0.016130383777442588 0.03333333333333333 0.05698005698005698
0 0.4884803921568628 0.056351600469247455 0.03333333333333333 0.05698005698005698
0 0.4855392156862745 0.18606502430031838 0.03333333333333333 0.05698005698005698
0 0.5667156862745097 0.027191218367688924 0.03333333333333333 0.05698005698005698
0 0.5578921568627451 0.04529076587900112 0.03333333333333333 0.05698005698005698
0 0.5649509803921569 0.04428523546170602 0.03333333333333333 0.05698005698005698
0 0.5543627450980392 0.06037372213842801 0.03333333333333333 0.05698005698005698
0 0.5637745098039215 0.06841796547678895 0.03333333333333333 0.05698005698005698
0 0.5484803921568628 0.07646220881514991 0.03333333333333333 0.05698005698005698
0 0.561421568627451 0.08350092173621579 0.03333333333333333 0.05698005698005698
0 0.5514215686274511 0.09858387799564268 0.03333333333333333 0.05698005698005698
0 0.5637745098039215 0.10562259091670853 0.03333333333333333 0.05698005698005698
0 0.5731862745098039 0.09154516507457681 0.03333333333333333 0.05698005698005698
0 0.5690686274509805 0.17098206804089153 0.03333333333333333 0.05698005698005698
0 0.549656862745098 0.15489358136416953 0.03333333333333333 0.05698005698005698
0 0.5584803921568628 0.2132143455672867 0.03333333333333333 0.05698005698005698
0 0.6202450980392157 0.24539131892073063 0.03333333333333333 0.05698005698005698
0 0.6061274509803921 0.19612032847326957 0.03333333333333333 0.05698005698005698
0 0.5867156862745098 0.175004189710072 0.03333333333333333 0.05698005698005698
0 0.6025980392156862 0.17902631137925248 0.03333333333333333 0.05698005698005698
0 0.6155392156862746 0.18003184179654763 0.03333333333333333 0.05698005698005698
0 0.6149509803921569 0.1528825205295793 0.03333333333333333 0.05698005698005698
0 0.5967156862745098 0.1518769901122842 0.03333333333333333 0.05698005698005698
0 0.6061274509803921 0.13377744260097196 0.03333333333333333 0.05698005698005698
0 0.5878921568627451 0.12171107759343044 0.03333333333333333 0.05698005698005698
0 0.5937745098039215 0.10461706049941336 0.03333333333333333 0.05698005698005698
0 0.5931862745098039 0.09355622590916701 0.03333333333333333 0.05698005698005698
0 0.6055392156862746 0.09154516507457681 0.03333333333333333 0.05698005698005698
0 0.6037745098039216 0.06942349589408407 0.03333333333333333 0.05698005698005698
0 0.619656862745098 0.08249539131892068 0.03333333333333333 0.05698005698005698
0 0.6243627450980392 0.10562259091670853 0.03333333333333333 0.05698005698005698
0 0.631421568627451 0.08651751298810116 0.03333333333333333 0.05698005698005698
0 0.6343627450980392 0.056351600469247455 0.03333333333333333 0.05698005698005698
0 0.6537745098039216 0.012108262108262107 0.03333333333333333 0.05698005698005698
0 0.6543627450980393 0.04126864420982064 0.03333333333333333 0.05698005698005698
0 0.6649509803921569 0.03322440087145968 0.03333333333333333 0.05698005698005698
0 0.6802450980392156 0.020152505446623066 0.03333333333333333 0.05698005698005698
0 0.6708333333333333 0.05836266130383773 0.03333333333333333 0.05698005698005698
0 0.6525980392156862 0.06942349589408407 0.03333333333333333 0.05698005698005698
0 0.6631862745098038 0.08148986090162558 0.03333333333333333 0.05698005698005698
0 0.6802450980392156 0.06942349589408407 0.03333333333333333 0.05698005698005698
0 0.6867156862745097 0.07445114798055973 0.03333333333333333 0.05698005698005698
0 0.691421568627451 0.09053963465728164 0.03333333333333333 0.05698005698005698
0 0.6978921568627451 0.06741243505949387 0.03333333333333333 0.05698005698005698
0 0.689656862745098 0.056351600469247455 0.03333333333333333 0.05698005698005698
0 0.7008333333333333 0.0483073571308865 0.03333333333333333 0.05698005698005698
0 0.6925980392156862 0.03422993128875478 0.03333333333333333 0.05698005698005698
0 0.7225980392156862 0.023169096698508446 0.03333333333333333 0.05698005698005698
0 0.7143627450980392 0.024174627115803544 0.03333333333333333 0.05698005698005698
0 0.7343627450980392 0.04529076587900112 0.03333333333333333 0.05698005698005698
0 0.729656862745098 0.06942349589408407 0.03333333333333333 0.05698005698005698
0 0.709656862745098 0.08852857382269144 0.03333333333333333 0.05698005698005698
0 0.7173039215686274 0.08953410423998653 0.03333333333333333 0.05698005698005698
0 0.7067156862745098 0.11065024300318411 0.03333333333333333 0.05698005698005698
0 0.7137745098039215 0.13176638176638178 0.03333333333333333 0.05698005698005698
0 0.7225980392156862 0.14684933802580857 0.03333333333333333 0.05698005698005698
0 0.7343627450980392 0.1609267638679403 0.03333333333333333 0.05698005698005698
0 0.701421568627451 0.18908161555220374 0.03333333333333333 0.05698005698005698
0 0.7173039215686274 0.17600972012736715 0.03333333333333333 0.05698005698005698
0 0.7273039215686274 0.20818669348081106 0.03333333333333333 0.05698005698005698
0 0.7443627450980392 0.20315904139433544 0.03333333333333333 0.05698005698005698
0 0.7449509803921569 0.22025305848835253 0.03333333333333333 0.05698005698005698
0 0.7367156862745098 0.23231942349589402 0.03333333333333333 0.05698005698005698
0 0.7502450980392157 0.2584632143455673 0.03333333333333333 0.05698005698005698
0 0.7467156862745098 0.29868443103737213 0.03333333333333333 0.05698005698005698
0 0.7308333333333333 0.29164571811630624 0.03333333333333333 0.05698005698005698
0 0.719656862745098 0.3449388302329478 0.03333333333333333 0.05698005698005698
0 0.7484803921568628 0.3389056477291771 0.03333333333333333 0.05698005698005698
0 0.7684803921568628 0.305723143958438 0.03333333333333333 0.05698005698005698
0 0.7020098039215686 0.29466230936819165 0.03333333333333333 0.05698005698005698
0 0.6984803921568628 0.27052957935310873 0.03333333333333333 0.05698005698005698
0 0.6861274509803921 0.24740237975532087 0.03333333333333333 0.05698005698005698
0 0.7002450980392156 0.23231942349589402 0.03333333333333333 0.05698005698005698
0 0.6855392156862746 0.3127618568795039 0.03333333333333333 0.05698005698005698
0 0.6649509803921569 0.3479554214848331 0.03333333333333333 0.05698005698005698
0 0.6643627450980393 0.3891821685939332 0.03333333333333333 0.05698005698005698
0 0.6620098039215687 0.41432042902631133 0.03333333333333333 0.05698005698005698
0 0.6284803921568628 0.4092927769398357 0.03333333333333333 0.05698005698005698
0 0.6608333333333334 0.11467236467236468 0.03333333333333333 0.05698005698005698
0 0.6767156862745097 0.13578850343556217 0.03333333333333333 0.05698005698005698
0 0.6802450980392156 0.11567789508965977 0.03333333333333333 0.05698005698005698
0 0.661421568627451 0.10361153008211825 0.03333333333333333 0.05698005698005698
0 0.6761274509803921 0.09154516507457681 0.03333333333333333 0.05698005698005698
0 0.6531862745098038 0.10361153008211825 0.03333333333333333 0.05698005698005698
0 0.6455392156862746 0.0965728171610524 0.03333333333333333 0.05698005698005698
0 0.6625980392156862 0.14684933802580857 0.03333333333333333 0.05698005698005698
0 0.6302450980392157 0.175004189710072 0.03333333333333333 0.05698005698005698
0 0.6337745098039216 0.20617563264622082 0.03333333333333333 0.05698005698005698
0 0.6502450980392157 0.19008714596949886 0.03333333333333333 0.05698005698005698
0 0.641421568627451 0.17600972012736715 0.03333333333333333 0.05698005698005698
0 0.6431862745098038 0.14584380760851345 0.03333333333333333 0.05698005698005698
0 0.6261274509803921 0.1327719121836768 0.03333333333333333 0.05698005698005698
0 0.6631862745098038 0.19310373722138424 0.03333333333333333 0.05698005698005698
0 0.6720098039215687 0.2142198759845818 0.03333333333333333 0.05698005698005698
0 0.656127450980392 0.23332495391318914 0.03333333333333333 0.05698005698005698
0 0.6473039215686275 0.24438578850343548 0.03333333333333333 0.05698005698005698
0 0.6637745098039215 0.2725406401876989 0.03333333333333333 0.05698005698005698
0 0.669656862745098 0.2494134405899111 0.03333333333333333 0.05698005698005698
0 0.7455392156862743 0.12975532093179148 0.03333333333333333 0.05698005698005698
0 0.741421568627451 0.11065024300318411 0.03333333333333333 0.05698005698005698
0 0.7461274509803921 0.09355622590916701 0.03333333333333333 0.05698005698005698
0 0.7543627450980392 0.10260599966482316 0.03333333333333333 0.05698005698005698
0 0.7537745098039216 0.13076085134908658 0.03333333333333333 0.05698005698005698
0 0.7608333333333334 0.1478548684431037 0.03333333333333333 0.05698005698005698
0 0.7637745098039216 0.11970001675884025 0.03333333333333333 0.05698005698005698
0 0.771421568627451 0.10562259091670853 0.03333333333333333 0.05698005698005698
0 0.7667156862745098 0.08752304340539627 0.03333333333333333 0.05698005698005698
0 0.766127450980392 0.06942349589408407 0.03333333333333333 0.05698005698005698
0 0.7573039215686275 0.05534607005195235 0.03333333333333333 0.05698005698005698
0 0.7402450980392157 0.0633903133903134 0.03333333333333333 0.05698005698005698
0 0.635392156862745 0.030396346572817128 0.03333333333333333 0.05698005698005698
0 0.628921568627451 0.018329981565275693 0.03333333333333333 0.05698005698005698
0 0.5948039215686275 0.02285486844310372 0.03333333333333333 0.05698005698005698
0 0.5792156862745098 0.03793782470253058 0.03333333333333333 0.05698005698005698
0 0.5948039215686275 0.050004189710072054 0.03333333333333333 0.05698005698005698
0 0.5809803921568627 0.08167839785486844 0.03333333333333333 0.05698005698005698
0 0.5827450980392157 0.14653510977040388 0.03333333333333333 0.05698005698005698
0 0.5909803921568627 0.2038503435562259 0.03333333333333333 0.05698005698005698
0 0.6368627450980392 0.13245768392827217 0.03333333333333333 0.05698005698005698
0 0.6733333333333333 0.02285486844310372 0.03333333333333333 0.05698005698005698
0 0.7680392156862745 0.014307859896095173 0.03333333333333333 0.05698005698005698
0 0.7945098039215686 0.04095441595441596 0.03333333333333333 0.05698005698005698
0 0.8062745098039216 0.050004189710072054 0.03333333333333333 0.05698005698005698
0 0.8065686274509803 0.07916457181163063 0.03333333333333333 0.05698005698005698
0 0.7892156862745098 0.06508714596949891 0.03333333333333333 0.05698005698005698
0 0.792156862745098 0.09022540640187697 0.03333333333333333 0.05698005698005698
0 0.8000980392156862 0.13044662309368193 0.03333333333333333 0.05698005698005698
0 0.7939215686274509 0.21088905647729175 0.03333333333333333 0.05698005698005698
0 0.7795098039215685 0.21290011731188205 0.03333333333333333 0.05698005698005698
0 0.747156862745098 0.15105999664823194 0.03333333333333333 0.05698005698005698
0 0.7374509803921568 0.08017010222892576 0.03333333333333333 0.05698005698005698
0 0.6912745098039216 0.1359770403888051 0.03333333333333333 0.05698005698005698
0 0.6909803921568627 0.1621208312384783 0.03333333333333333 0.05698005698005698
0 0.7068627450980391 0.14854617060499414 0.03333333333333333 0.05698005698005698
0 0.675392156862745 0.18072314395843808 0.03333333333333333 0.05698005698005698
0 0.6474509803921568 0.04648483324953912 0.03333333333333333 0.05698005698005698
0 0.6162745098039215 0.21088905647729175 0.03333333333333333 0.05698005698005698
0 0.6968627450980391 0.21692223898106253 0.03333333333333333 0.05698005698005698
0 0.7850980392156862 0.26600469247528064 0.03333333333333333 0.05698005698005698
0 0.7983333333333332 0.2549438578850342 0.03333333333333333 0.05698005698005698
0 0.8062745098039215 0.27807105748282207 0.03333333333333333 0.05698005698005698
0 0.7962745098039214 0.33086140439081607 0.03333333333333333 0.05698005698005698
0 0.7815686274509803 0.3208061002178648 0.03333333333333333 0.05698005698005698
0 0.7912745098039214 0.3077342047930282 0.03333333333333333 0.05698005698005698
0 0.7845098039215685 0.2398609016256074 0.03333333333333333 0.05698005698005698
0 0.7218627450980392 0.2619825708061001 0.03333333333333333 0.05698005698005698
0 0.7024509803921567 0.2514245014245013 0.03333333333333333 0.05698005698005698
0 0.7162745098039215 0.3067286743757331 0.03333333333333333 0.05698005698005698
0 0.7065686274509803 0.3379001173118819 0.03333333333333333 0.05698005698005698
0 0.7280392156862744 0.3786240992123345 0.03333333333333333 0.05698005698005698
0 0.7362745098039215 0.36555220378749775 0.03333333333333333 0.05698005698005698
0 0.6192156862745096 0.41482319423495884 0.03333333333333333 0.05698005698005698
0 0.6065686274509803 0.2423747276688452 0.03333333333333333 0.05698005698005698
0 0.6195098039215685 0.27957935310876475 0.03333333333333333 0.05698005698005698
0 0.8786274509803921 0.3077342047930281 0.03333333333333333 0.05698005698005698
0 0.8733333333333333 0.3459443606502428 0.03333333333333333 0.05698005698005698
0 0.8400980392156863 0.34242500418970984 0.03333333333333333 0.05698005698005698
0 0.8530392156862745 0.3459443606502428 0.03333333333333333 0.05698005698005698
0 0.8298039215686275 0.3379001173118818 0.03333333333333333 0.05698005698005698
0 0.9436274509803922 0.314772917714094 0.03333333333333333 0.05698005698005698
0 0.9165686274509804 0.335386291268644 0.03333333333333333 0.05698005698005698
0 0.9365686274509805 0.28762359644712565 0.03333333333333333 0.05698005698005698
0 0.9092156862745098 0.2991871962460196 0.03333333333333333 0.05698005698005698
0 0.9653921568627452 0.3127618568795037 0.03333333333333333 0.05698005698005698
0 0.9892156862745097 0.3142701525054464 0.03333333333333333 0.05698005698005698
0 0.9786274509803923 0.29868443103737197 0.03333333333333333 0.05698005698005698
0 0.8103921568627451 0.3052203787497903 0.03333333333333333 0.05698005698005698
0 0.8318627450980393 0.30723143958438054 0.03333333333333333 0.05698005698005698
0 0.7824509803921569 0.3781213340036867 0.03333333333333333 0.05698005698005698
0 0.9174509803921569 0.3037120831238476 0.03333333333333333 0.05698005698005698
0 0.8548039215686274 0.1880760851349084 0.03333333333333333 0.05698005698005698
0 0.8659803921568626 0.20768392827216325 0.03333333333333333 0.05698005698005698
0 0.848627450980392 0.22176135411429498 0.03333333333333333 0.05698005698005698
0 0.8368627450980392 0.27002681414446095 0.03333333333333333 0.05698005698005698
0 0.8156862745098039 0.19863415451650718 0.03333333333333333 0.05698005698005698
0 0.9130392156862744 0.18857885034355593 0.03333333333333333 0.05698005698005698
0 0.9133333333333333 0.21472264119322912 0.03333333333333333 0.05698005698005698
0 0.8936274509803921 0.18908161555220349 0.03333333333333333 0.05698005698005698
0 0.8995098039215685 0.20617563264622057 0.03333333333333333 0.05698005698005698
0 0.8759803921568626 0.2117060499413438 0.03333333333333333 0.05698005698005698
0 0.8789215686274509 0.18908161555220349 0.03333333333333333 0.05698005698005698
0 0.8568627450980391 0.24740237975532062 0.03333333333333333 0.05698005698005698
0 0.8562745098039215 0.2765627618568792 0.03333333333333333 0.05698005698005698
0 0.8709803921568626 0.2519272666331487 0.03333333333333333 0.05698005698005698
0 0.7515686274509803 0.1815401374224901 0.03333333333333333 0.05698005698005698
0 0.7615686274509803 0.2338277191218365 0.03333333333333333 0.05698005698005698
0 0.6783333333333332 0.2820931791520024 0.03333333333333333 0.05698005698005698
0 0.7698039215686274 0.05484330484330456 0.03333333333333333 0.05698005698005698
0 0.8239215686274509 0.07595944360650213 0.03333333333333333 0.05698005698005698
0 0.8445098039215686 0.07344561756326434 0.03333333333333333 0.05698005698005698
0 0.8556862745098038 0.09405899111781436 0.03333333333333333 0.05698005698005698
0 0.8695098039215685 0.08148986090162534 0.03333333333333333 0.05698005698005698
0 0.8583333333333333 0.07093179152002652 0.03333333333333333 0.05698005698005698
0 0.8612745098039215 0.0558488352605997 0.03333333333333333 0.05698005698005698
0 0.8477450980392156 0.0558488352605997 0.03333333333333333 0.05698005698005698
0 0.830392156862745 0.07847326964973997 0.03333333333333333 0.05698005698005698
0 0.8377450980392157 0.062384782973017965 0.03333333333333333 0.05698005698005698
0 0.8306862745098038 0.05333500921736187 0.03333333333333333 0.05698005698005698
0 0.830392156862745 0.042776939835763084 0.03333333333333333 0.05698005698005698
0 0.8395098039215686 0.04478800067035332 0.03333333333333333 0.05698005698005698
0 0.8703921568627451 0.10361153008211801 0.03333333333333333 0.05698005698005698
0 0.902156862745098 0.06389307859896065 0.03333333333333333 0.05698005698005698
0 0.9177450980392157 0.06439584380760825 0.03333333333333333 0.05698005698005698
0 0.9148039215686272 0.05182671359141918 0.03333333333333333 0.05698005698005698
0 0.9103921568627451 0.04478800067035332 0.03333333333333333 0.05698005698005698
0 0.936862745098039 0.0488101223395338 0.03333333333333333 0.05698005698005698
0 0.9289215686274508 0.08299815652756803 0.03333333333333333 0.05698005698005698
0 0.9127450980392157 0.09556728674375706 0.03333333333333333 0.05698005698005698
0 0.9074509803921568 0.10763365175129853 0.03333333333333333 0.05698005698005698
0 0.922156862745098 0.0960700519524046 0.03333333333333333 0.05698005698005698
0 0.9259803921568626 0.10713088654265096 0.03333333333333333 0.05698005698005698
0 0.9345098039215687 0.09204793028322412 0.03333333333333333 0.05698005698005698
0 0.9365686274509802 0.10964471258588877 0.03333333333333333 0.05698005698005698
0 0.942156862745098 0.13880509468744734 0.03333333333333333 0.05698005698005698
0 0.9386274509803921 0.177015250544662 0.03333333333333333 0.05698005698005698
0 0.9398039215686275 0.25544662309368166 0.03333333333333333 0.05698005698005698
0 0.9286274509803921 0.19209820680408887 0.03333333333333333 0.05698005698005698
0 0.9209803921568626 0.15589911178146443 0.03333333333333333 0.05698005698005698
0 0.9080392156862744 0.13478297301826686 0.03333333333333333 0.05698005698005698
0 0.8415686274509803 0.12020278196748756 0.03333333333333333 0.05698005698005698
0 0.8280392156862744 0.13629126864420954 0.03333333333333333 0.05698005698005698
0 0.8430392156862744 0.13880509468744734 0.03333333333333333 0.05698005698005698
0 0.8442156862745097 0.15690464219875958 0.03333333333333333 0.05698005698005698
0 0.8583333333333333 0.15841293782470225 0.03333333333333333 0.05698005698005698
0 0.8448039215686274 0.1734958940841291 0.03333333333333333 0.05698005698005698
0 0.8365686274509803 0.18857885034355598 0.03333333333333333 0.05698005698005698
0 0.815392156862745 0.14584380760851323 0.03333333333333333 0.05698005698005698
0 0.8027450980392157 0.06590413943355093 0.03333333333333333 0.05698005698005698
0 0.7453921568627451 0.0478045919222387 0.03333333333333333 0.05698005698005698
0 0.7727450980392156 0.26701022289257553 0.03333333333333333 0.05698005698005698
0 0.738921568627451 0.2624853360147475 0.03333333333333333 0.05698005698005698
0 0.8842156862745097 0.06439584380760825 0.03333333333333333 0.05698005698005698
0 0.887156862745098 0.14684933802580835 0.03333333333333333 0.05698005698005698
0 0.9259803921568626 0.18053460700519497 0.03333333333333333 0.05698005698005698
0 0.2911274509803922 0.03322440087145968 0.03333333333333333 0.05698005698005698
0 0.2775980392156863 0.06640690464219877 0.03333333333333333 0.05698005698005698
0 0.2823039215686275 0.03322440087145968 0.03333333333333333 0.05698005698005698
0 0.4187745098039216 0.012108262108262107 0.03333333333333333 0.05698005698005698
0 0.4275980392156864 0.08450645215351096 0.03333333333333333 0.05698005698005698
0 0.3728921568627452 0.22427518015753306 0.03333333333333333 0.05698005698005698
0 0.32995098039215687 0.23734707558236962 0.03333333333333333 0.05698005698005698
0 0.31936274509803925 0.25243003184179647 0.03333333333333333 0.05698005698005698
0 0.2611274509803922 0.23332495391318914 0.03333333333333333 0.05698005698005698
0 0.27053921568627454 0.23533601474777938 0.03333333333333333 0.05698005698005698
0 0.2611274509803922 0.22125858890564767 0.03333333333333333 0.05698005698005698
0 0.25112745098039224 0.1518769901122842 0.03333333333333333 0.05698005698005698
0 0.25524509803921575 0.14282721635662807 0.03333333333333333 0.05698005698005698
0 0.19759803921568633 0.13981062510474274 0.03333333333333333 0.05698005698005698
0 0.10289215686274517 0.2584632143455673 0.03333333333333333 0.05698005698005698
0 0.09112745098039222 0.2494134405899111 0.03333333333333333 0.05698005698005698
0 0.09053921568627456 0.35298307357130876 0.03333333333333333 0.05698005698005698
0 0.1199509803921569 0.30773420479302827 0.03333333333333333 0.05698005698005698
0 0.13289215686274516 0.3439332998156526 0.03333333333333333 0.05698005698005698
0 0.30877450980392157 0.20718116306351597 0.03333333333333333 0.05698005698005698
0 0.31818627450980397 0.18908161555220374 0.03333333333333333 0.05698005698005698
0 0.34289215686274516 0.18304843304843302 0.03333333333333333 0.05698005698005698
0 0.3805392156862745 0.371082621082621 0.03333333333333333 0.05698005698005698
0 0.3681862745098039 0.37309368191721126 0.03333333333333333 0.05698005698005698
0 0.41759803921568633 0.37912686442098203 0.03333333333333333 0.05698005698005698
0 0.4328921568627451 0.354994134405899 0.03333333333333333 0.05698005698005698
0 0.4252450980392157 0.3479554214848331 0.03333333333333333 0.05698005698005698
0 0.45289215686274514 0.23734707558236962 0.03333333333333333 0.05698005698005698
0 0.4811274509803923 0.08450645215351096 0.03333333333333333 0.05698005698005698
0 0.5517156862745098 0.2655019272666331 0.03333333333333333 0.05698005698005698
0 0.558186274509804 0.2494134405899111 0.03333333333333333 0.05698005698005698
0 0.5723039215686275 0.1518769901122842 0.03333333333333333 0.05698005698005698
0 0.5699509803921569 0.1327719121836768 0.03333333333333333 0.05698005698005698
0 0.5599509803921568 0.012108262108262107 0.03333333333333333 0.05698005698005698
0 0.5411274509803922 0.2725406401876989 0.03333333333333333 0.05698005698005698
0 0.4987745098039216 0.30773420479302827 0.03333333333333333 0.05698005698005698
0 0.4928921568627451 0.4505195240489357 0.03333333333333333 0.05698005698005698
0 0.36995098039215685 0.33387799564270143 0.03333333333333333 0.05698005698005698
0 0.3775980392156863 0.3379001173118819 0.03333333333333333 0.05698005698005698
0 0.3752450980392157 0.41331489860901616 0.03333333333333333 0.05698005698005698
0 0.3755392156862746 0.45315904139433566 0.03333333333333333 0.05698005698005698
0 0.6817156862745097 0.16959946371711085 0.03333333333333333 0.05698005698005698
0 0.7223039215686274 0.1142952907658791 0.03333333333333333 0.05698005698005698
0 0.776421568627451 0.1635662812133402 0.03333333333333333 0.05698005698005698
0 0.776421568627451 0.13943355119825715 0.03333333333333333 0.05698005698005698
0 0.7981862745098038 0.15552203787497915 0.03333333333333333 0.05698005698005698
0 0.8075980392156862 0.16557734204793037 0.03333333333333333 0.05698005698005698
0 0.7934803921568626 0.1766381766381767 0.03333333333333333 0.05698005698005698
0 0.8675980392156862 0.2832244008714598 0.03333333333333333 0.05698005698005698
0 0.9305392156862744 0.16457181163063528 0.03333333333333333 0.05698005698005698
0 0.936421568627451 0.12334506452153524 0.03333333333333333 0.05698005698005698
0 0.9264215686274511 0.1283727166080108 0.03333333333333333 0.05698005698005698
0 0.9199509803921567 0.11831741243505958 0.03333333333333333 0.05698005698005698
0 0.9017156862745097 0.13440589911178158 0.03333333333333333 0.05698005698005698
0 0.9028921568627452 0.15954415954415962 0.03333333333333333 0.05698005698005698
0 0.9093627450980393 0.15552203787497915 0.03333333333333333 0.05698005698005698
0 0.9658333333333333 0.20177643707055476 0.03333333333333333 0.05698005698005698
0 0.9440686274509803 0.20479302832244015 0.03333333333333333 0.05698005698005698
0 0.9352450980392156 0.2158538629126865 0.03333333333333333 0.05698005698005698
0 0.9381862745098039 0.23596447125858896 0.03333333333333333 0.05698005698005698
0 0.9317156862745097 0.20680408915703044 0.03333333333333333 0.05698005698005698
0 0.9670098039215685 0.27719121836768906 0.03333333333333333 0.05698005698005698
0 0.9705392156862744 0.2611027316909671 0.03333333333333333 0.05698005698005698
0 0.9634803921568627 0.24803083626613048 0.03333333333333333 0.05698005698005698
0 0.9528921568627451 0.24803083626613048 0.03333333333333333 0.05698005698005698
0 0.946421568627451 0.2792022792022793 0.03333333333333333 0.05698005698005698
0 0.9534803921568626 0.26512485336014757 0.03333333333333333 0.05698005698005698
0 0.9870098039215685 0.23998659292776953 0.03333333333333333 0.05698005698005698
0 0.9917156862745098 0.2218870454164573 0.03333333333333333 0.05698005698005698
0 0.9952450980392157 0.16457181163063528 0.03333333333333333 0.05698005698005698
0 0.9858333333333333 0.15652756829227424 0.03333333333333333 0.05698005698005698
0 0.9781862745098039 0.17161052455170114 0.03333333333333333 0.05698005698005698
0 0.9711274509803921 0.15552203787497915 0.03333333333333333 0.05698005698005698
0 0.3393627450980392 0.6673370202781967 0.03333333333333333 0.05698005698005698
0 0.6523039215686275 0.26512485336014757 0.03333333333333333 0.05698005698005698
0 0.6634803921568627 0.24300318417965486 0.03333333333333333 0.05698005698005698
0 0.6487745098039216 0.3154013742249037 0.03333333333333333 0.05698005698005698
0 0.6458333333333334 0.341545165074577 0.03333333333333333 0.05698005698005698
0 0.636421568627451 0.4290263113792527 0.03333333333333333 0.05698005698005698
0 0.6340686274509802 0.5456678397854869 0.03333333333333333 0.05698005698005698
0 0.5423039215686274 0.3224400871459696 0.03333333333333333 0.05698005698005698
0 0.5099509803921568 0.0951902128372718 0.03333333333333333 0.05698005698005698
0 0.7634803921568626 0.2721635662812134 0.03333333333333333 0.05698005698005698
0 0.7328921568627451 0.32344561756326473 0.03333333333333333 0.05698005698005698
0 0.7293627450980392 0.3576336517512989 0.03333333333333333 0.05698005698005698
0 0.7111274509803921 0.35863918216859403 0.03333333333333333 0.05698005698005698
0 0.8734803921568626 0.09317915200268152 0.03333333333333333 0.05698005698005698
0 0.8599509803921567 0.11630635160046938 0.03333333333333333 0.05698005698005698
0 0.7793627450980393 0.09217362158538643 0.03333333333333333 0.05698005698005698
0 0.7746568627450979 0.12736718619071571 0.03333333333333333 0.05698005698005698
0 0.9505392156862744 0.18468241997653775 0.03333333333333333 0.05698005698005698
0 0.9511274509803921 0.1303837774426011 0.03333333333333333 0.05698005698005698
0 0.9611274509803921 0.12736718619071571 0.03333333333333333 0.05698005698005698
0 0.9505392156862744 0.10021786492374739 0.03333333333333333 0.05698005698005698
0 0.9470098039215685 0.09217362158538643 0.03333333333333333 0.05698005698005698
0 0.9781862745098039 0.13541142952907667 0.03333333333333333 0.05698005698005698
0 0.9675980392156862 0.13440589911178158 0.03333333333333333 0.05698005698005698
0 0.9728921568627451 0.09619574325456691 0.03333333333333333 0.05698005698005698
0 0.634656862745098 0.23697000167588414 0.03333333333333333 0.05698005698005698
0 0.5887745098039215 0.15552203787497915 0.03333333333333333 0.05698005698005698
0 0.5993627450980392 0.1142952907658791 0.03333333333333333 0.05698005698005698
0 0.5875980392156862 0.9273923244511479 0.03333333333333333 0.05698005698005698
0 0.6005392156862744 0.9625858890564774 0.03333333333333333 0.05698005698005698
0 0.6158333333333333 0.9454918719624602 0.03333333333333333 0.05698005698005698
0 0.6240686274509802 0.9857130886542652 0.03333333333333333 0.05698005698005698
0 0.6487745098039216 0.9806854365677894 0.03333333333333333 0.05698005698005698
0 0.6599509803921568 0.911303837774426 0.03333333333333333 0.05698005698005698
0 0.6499509803921568 0.8781213340036869 0.03333333333333333 0.05698005698005698
0 0.684656862745098 0.8107507960449136 0.03333333333333333 0.05698005698005698
0 0.8299509803921569 0.8921987598458185 0.03333333333333333 0.05698005698005698
0 0.8028921568627451 0.9364420982068039 0.03333333333333333 0.05698005698005698
0 0.8952450980392157 0.9173370202781967 0.03333333333333333 0.05698005698005698
0 0.9123039215686274 0.9173370202781967 0.03333333333333333 0.05698005698005698
0 0.9017156862745097 0.9434808111278699 0.03333333333333333 0.05698005698005698
0 0.876421568627451 0.609644712585889 0.03333333333333333 0.05698005698005698
0 0.9152450980392156 0.5191469750293279 0.03333333333333333 0.05698005698005698
0 0.9423039215686274 0.6408161555220379 0.03333333333333333 0.05698005698005698
0 0.9811274509803921 0.6719875984581867 0.03333333333333333 0.05698005698005698
0 0.9670098039215685 0.6247276688453158 0.03333333333333333 0.05698005698005698
0 0.9528921568627451 0.7393581364169599 0.03333333333333333 0.05698005698005698
0 0.9570098039215685 0.7494134405899111 0.03333333333333333 0.05698005698005698
0 0.7858333333333334 0.5744511479805597 0.03333333333333333 0.05698005698005698
0 0.6840686274509803 0.5090916708563767 0.03333333333333333 0.05698005698005698
0 0.6770098039215686 0.5875230434053963 0.03333333333333333 0.05698005698005698
0 0.7093627450980392 0.28762359644712576 0.03333333333333333 0.05698005698005698
0 0.6705392156862745 0.3268392827216356 0.03333333333333333 0.05698005698005698
0 0.6646568627450979 0.3006954918719624 0.03333333333333333 0.05698005698005698
0 0.5905392156862745 0.027191218367688924 0.03333333333333333 0.05698005698005698
0 0.5823039215686274 0.053335009217362075 0.03333333333333333 0.05698005698005698
0 0.7028921568627451 0.03724652254064016 0.03333333333333333 0.05698005698005698
0 0.7134803921568627 0.04227417462711574 0.03333333333333333 0.05698005698005698
0 0.8328921568627451 0.020152505446623066 0.03333333333333333 0.05698005698005698
0 0.8417156862745098 0.026185687950393822 0.03333333333333333 0.05698005698005698
0 0.8523039215686274 0.023169096698508446 0.03333333333333333 0.05698005698005698
0 0.864656862745098 0.026185687950393822 0.03333333333333333 0.05698005698005698
0 0.8952450980392157 0.0302078096195743 0.03333333333333333 0.05698005698005698
0 0.8870098039215685 0.0302078096195743 0.03333333333333333 0.05698005698005698
0 0.8970098039215685 0.00909167085637673 0.03333333333333333 0.05698005698005698
0 0.9034803921568626 0.04730182671359139 0.03333333333333333 0.05698005698005698
0 0.9211274509803921 0.021158035863918165 0.03333333333333333 0.05698005698005698
0 0.9093627450980393 0.019146975029327967 0.03333333333333333 0.05698005698005698
0 0.924656862745098 0.03322440087145968 0.03333333333333333 0.05698005698005698
0 0.9228921568627452 0.04428523546170602 0.03333333333333333 0.05698005698005698
0 0.9375980392156862 0.028196748784984023 0.03333333333333333 0.05698005698005698
0 0.9752450980392157 0.012108262108262107 0.03333333333333333 0.05698005698005698
0 0.9893627450980392 0.06942349589408407 0.03333333333333333 0.05698005698005698
0 0.956421568627451 0.07244008714596943 0.03333333333333333 0.05698005698005698
0 0.9493627450980392 0.05836266130383773 0.03333333333333333 0.05698005698005698
0 0.9428921568627451 0.07947880006703531 0.03333333333333333 0.05698005698005698
0 0.936421568627451 0.07545667839785483 0.03333333333333333 0.05698005698005698
0 0.9740686274509803 0.0654013742249036 0.03333333333333333 0.05698005698005698
0 0.9705392156862744 0.04428523546170602 0.03333333333333333 0.05698005698005698
0 0.9681862745098039 0.026185687950393822 0.03333333333333333 0.05698005698005698
0 0.9881862745098039 0.0483073571308865 0.03333333333333333 0.05698005698005698
0 0.9775980392156862 0.08048433048433049 0.03333333333333333 0.05698005698005698
0 0.9093627450980393 0.08350092173621579 0.03333333333333333 0.05698005698005698
0 0.8305392156862744 0.15690464219875982 0.03333333333333333 0.05698005698005698
0 0.8687745098039216 0.17098206804089153 0.03333333333333333 0.05698005698005698
0 0.8487745098039216 0.23835260599966476 0.03333333333333333 0.05698005698005698
0 0.7881862745098038 0.17299312887548177 0.03333333333333333 0.05698005698005698
0 0.5970098039215685 0.08048433048433049 0.03333333333333333 0.05698005698005698
0 0.6646568627450979 0.016130383777442588 0.03333333333333333 0.05698005698005698
0 0.6811274509803921 0.04730182671359139 0.03333333333333333 0.05698005698005698
0 0.4387745098039215 0.584255069549187 0.03333333333333333 0.05698005698005698
0 0.5134803921568627 0.12171107759343044 0.03333333333333333 0.05698005698005698
0 0.5634803921568627 0.11768895592424997 0.03333333333333333 0.05698005698005698
0 0.6187745098039216 0.3198005698005697 0.03333333333333333 0.05698005698005698
0 0.6723039215686274 0.37812133400368686 0.03333333333333333 0.05698005698005698
0 0.7011274509803921 0.3580107256577844 0.03333333333333333 0.05698005698005698
0 0.5740686274509805 0.07545667839785483 0.03333333333333333 0.05698005698005698
0 0.7564215686274511 0.024174627115803544 0.03333333333333333 0.05698005698005698
0 0.7475980392156862 0.00909167085637673 0.03333333333333333 0.05698005698005698
0 0.6099509803921569 0.43845315904139426 0.03333333333333333 0.05698005698005698
0 0.7343627450980393 0.7226411932294287 0.03333333333333333 0.05698005698005698
0 0.7073039215686275 0.7407407407407409 0.03333333333333333 0.05698005698005698
0 0.28377450980392166 0.7025305848835262 0.03333333333333333 0.05698005698005698
0 0.25200980392156863 0.5114798055974529 0.03333333333333333 0.05698005698005698
0 0.23318627450980395 0.5114798055974529 0.03333333333333333 0.05698005698005698
0 0.03436274509803923 0.42701525054466244 0.03333333333333333 0.05698005698005698
0 0.03789215686274512 0.41293782470253076 0.03333333333333333 0.05698005698005698
0 0.03789215686274512 0.13943355119825723 0.03333333333333333 0.05698005698005698
0 0.03318627450980396 0.08714596949891078 0.03333333333333333 0.05698005698005698
0 0.04495098039215686 0.807105748282219 0.03333333333333333 0.05698005698005698
0 0.032009803921568644 0.8332495391318923 0.03333333333333333 0.05698005698005698
0 0.041421568627451014 0.008714596949891238 0.03333333333333333 0.05698005698005698
0 0.050833333333333335 0.016758840288252197 0.03333333333333333 0.05698005698005698
0 0.06848039215686276 0.008714596949891238 0.03333333333333333 0.05698005698005698
0 0.6002450980392158 0.05094687447628638 0.03333333333333333 0.05698005698005698
0 0.29406862745098045 0.29466230936819165 0.03333333333333333 0.05698005698005698
0 0.4252450980392157 0.06137925255572311 0.03333333333333333 0.05698005698005698
0 0.18583333333333338 0.1518769901122842 0.03333333333333333 0.05698005698005698
0 0.13700980392156864 0.05534607005195235 0.03333333333333333 0.05698005698005698
0 0.09877450980392162 0.013113792525557208 0.03333333333333333 0.05698005698005698
0 0.5417156862745097 0.13578850343556217 0.03333333333333333 0.05698005698005698
0 0.49112745098039207 0.28762359644712576 0.03333333333333333 0.05698005698005698
0 0.44406862745098047 0.3107507960449137 0.03333333333333333 0.05698005698005698
0 0.18171568627450985 0.42739232445114794 0.03333333333333333 0.05698005698005698
0 0.9470098039215685 0.023169096698508446 0.03333333333333333 0.05698005698005698
0 0.8205392156862744 0.05836266130383773 0.03333333333333333 0.05698005698005698
0 0.8234803921568626 0.03322440087145968 0.03333333333333333 0.05698005698005698
0 0.5287745098039216 0.5933048433048432 0.03333333333333333 0.05698005698005698
0 0.5305392156862745 0.21019775431540133 0.03333333333333333 0.05698005698005698
0 0.5693627450980392 0.5721887045416456 0.03333333333333333 0.05698005698005698
0 0.624656862745098 0.5983324953913188 0.03333333333333333 0.05698005698005698
0 0.8399509803921568 0.31477291771409416 0.03333333333333333 0.05698005698005698
0 0.8517156862745098 0.32181163063516 0.03333333333333333 0.05698005698005698
0 0.9355392156862744 0.34456175632646235 0.03333333333333333 0.05698005698005698
0 0.7873039215686276 0.10524551701022304 0.03333333333333333 0.05698005698005698
0 0.19014402264402264 0.7183016413785643 0.03333333333333333 0.05698005698005698
