0 0.02086785009861934 0.250818198005698 0.02403846153846154 0.01953125
0 0.031194389655928096 0.25729493114909785 0.02403846153846154 0.01953125
0 0.019599678574037528 0.24375267094017095 0.02403846153846154 0.01953125
0 0.004200452918401604 0.23786473171889838 0.02403846153846154 0.01953125
0 0.021592519541237455 0.23433196818613486 0.02403846153846154 0.01953125
0 0.010360143180655958 0.23418476970560304 0.02403846153846154 0.01953125
0 0.017244502885528493 0.22903282288698953 0.02403846153846154 0.01953125
0 0.004019285557747047 0.22579445631528963 0.02403846153846154 0.01953125
0 0.023223025787128333 0.21784573836657167 0.02403846153846154 0.01953125
0 0.017063335524873956 0.2171097459639126 0.02403846153846154 0.01953125
0 0.010541310541310514 0.2096026234567901 0.02403846153846154 0.01953125
0 0.010178975820001424 0.2010651115859449 0.02403846153846154 0.01953125
0 0.002751114033165283 0.19723795109211772 0.02403846153846154 0.01953125
0 0.004019285557747047 0.1885532407407407 0.02403846153846154 0.01953125
0 0.004019285557747047 0.1813405151946818 0.02403846153846154 0.01953125
0 0.042607933377164134 0.2391895180436847 0.02403846153846154 0.01953125
0 0.04115859449192781 0.2474326329534663 0.02403846153846154 0.01953125
0 0.051847468770545684 0.25567574786324787 0.02403846153846154 0.01953125
0 0.0378975820001461 0.23035760921177587 0.02403846153846154 0.01953125
0 0.048767623639418514 0.22711924264007596 0.02403846153846154 0.01953125
0 0.03608590839360069 0.21534336419753086 0.02403846153846154 0.01953125
0 0.060000000000000005 0.24610784662867996 0.02403846153846154 0.01953125
0 0.07358755204909052 0.25317337369420706 0.02403846153846154 0.01953125
0 0.06869603331141794 0.23963111348528018 0.02403846153846154 0.01953125
0 0.09043611658996276 0.25361496913580245 0.02403846153846154 0.01953125
0 0.09532763532763534 0.24905181623931627 0.02403846153846154 0.01953125
0 0.08445759368836293 0.24228068613485282 0.02403846153846154 0.01953125
0 0.11344437139308937 0.2506709995251662 0.02403846153846154 0.01953125
0 0.10927752209803493 0.24066150284900287 0.02403846153846154 0.01953125
0 0.10909635473738043 0.2347735636277303 0.02403846153846154 0.01953125
0 0.10366133391774421 0.23094640313390316 0.02403846153846154 0.01953125
0 0.08953027978669006 0.23315438034188035 0.02403846153846154 0.01953125
0 0.07739206662283588 0.23315438034188035 0.02403846153846154 0.01953125
0 0.0748557235736723 0.22476406695156695 0.02403846153846154 0.01953125
0 0.05673898750821827 0.23315438034188035 0.02403846153846154 0.01953125
0 0.0636233472130908 0.22226169278252608 0.02403846153846154 0.01953125
0 0.054927313901672874 0.21504896723646724 0.02403846153846154 0.01953125
0 0.06615969026225436 0.20665865384615384 0.02403846153846154 0.01953125
0 0.0830082548031266 0.21401857787274453 0.02403846153846154 0.01953125
0 0.09152312075389002 0.22329208214624882 0.02403846153846154 0.01953125
0 0.098226313098108 0.21887612773029438 0.02403846153846154 0.01953125
0 0.11525604499963478 0.21961212013295345 0.02403846153846154 0.01953125
0 0.09514646796698081 0.20871943257359923 0.02403846153846154 0.01953125
0 0.08916794506538098 0.2062170584045584 0.02403846153846154 0.01953125
0 0.11561837972094385 0.21298818850902185 0.02403846153846154 0.01953125
0 0.11435020819636209 0.20445067663817662 0.02403846153846154 0.01953125
0 0.11435020819636209 0.1944411799620133 0.02403846153846154 0.01953125
0 0.10601650960625322 0.18487327872744538 0.02403846153846154 0.01953125
0 0.1188793922127256 0.17927973646723644 0.02403846153846154 0.01953125
0 0.10438600336036236 0.174863782051282 0.02403846153846154 0.01953125
0 0.0969581415735262 0.18237090455840452 0.02403846153846154 0.01953125
0 0.07467455621301776 0.16455988841405503 0.02403846153846154 0.01953125
0 0.08047191175396305 0.17015343067426397 0.02403846153846154 0.01953125
0 0.0869939367375265 0.18045732431149095 0.02403846153846154 0.01953125
0 0.08445759368836293 0.18531487416904077 0.02403846153846154 0.01953125
0 0.08029074439330852 0.18987802706552703 0.02403846153846154 0.01953125
0 0.07666739718021769 0.19561876780626775 0.02403846153846154 0.01953125
0 0.09007378186865367 0.19547156932573598 0.02403846153846154 0.01953125
0 0.07032653955730879 0.18678685897435895 0.02403846153846154 0.01953125
0 0.06144933888523632 0.17957413342830006 0.02403846153846154 0.01953125
0 0.056376652786909204 0.1716254154795821 0.02403846153846154 0.01953125
0 0.0478617868361458 0.17133101851851848 0.02403846153846154 0.01953125
0 0.0460501132296004 0.18487327872744538 0.02403846153846154 0.01953125
0 0.04822412155745488 0.19488277540360868 0.02403846153846154 0.01953125
0 0.061268171524581784 0.19885713437796768 0.02403846153846154 0.01953125
0 0.020867850098619294 0.1850204772079772 0.02403846153846154 0.01953125
0 0.01796917232814665 0.18163491215574545 0.02403846153846154 0.01953125
0 0.01887500913141937 0.17824934710351373 0.02403846153846154 0.01953125
0 0.02575936883629188 0.16735665954415951 0.02403846153846154 0.01953125
0 0.027933377164146362 0.17751335470085466 0.02403846153846154 0.01953125
0 0.004019285557747047 0.16897584283000947 0.02403846153846154 0.01953125
0 0.18429213236905553 0.25037660256410255 0.02403846153846154 0.01953125
0 0.18556030389363729 0.24404706790123457 0.02403846153846154 0.01953125
0 0.18175578931989195 0.23300718186134853 0.02403846153846154 0.01953125
0 0.1788571115494193 0.22947441832858498 0.02403846153846154 0.01953125
0 0.19389400248374614 0.258766915954416 0.02403846153846154 0.01953125
0 0.20132186427058227 0.25714773266856605 0.02403846153846154 0.01953125
0 0.20295237051647316 0.25022940408357075 0.02403846153846154 0.01953125
0 0.20639455036890939 0.24699103751187085 0.02403846153846154 0.01953125
0 0.2149094163196728 0.24699103751187085 0.02403846153846154 0.01953125
0 0.2341131565490541 0.2553813509021843 0.02403846153846154 0.01953125
0 0.24135985097523566 0.25243738129154797 0.02403846153846154 0.01953125
0 0.24933121484403545 0.2577365265906933 0.02403846153846154 0.01953125
0 0.25549090510628986 0.24993500712250716 0.02403846153846154 0.01953125
0 0.24570786763094465 0.2443414648622982 0.02403846153846154 0.01953125
0 0.28701402586017977 0.25361496913580245 0.02403846153846154 0.01953125
0 0.2839341807290527 0.2433110754985755 0.02403846153846154 0.01953125
0 0.26545510994228955 0.24007270892687557 0.02403846153846154 0.01953125
0 0.26291876689312593 0.23021041073124404 0.02403846153846154 0.01953125
0 0.2852023522536344 0.23315438034188035 0.02403846153846154 0.01953125
0 0.2701654613193076 0.22667764719848052 0.02403846153846154 0.01953125
0 0.26364343633574416 0.22285048670465338 0.02403846153846154 0.01953125
0 0.27161480020454387 0.21725694444444443 0.02403846153846154 0.01953125
0 0.28628935641756165 0.21607935660018993 0.02403846153846154 0.01953125
0 0.2824848418438163 0.20783624169040835 0.02403846153846154 0.01953125
0 0.26382460369639865 0.2084250356125356 0.02403846153846154 0.01953125
0 0.2757816494995983 0.200181920702754 0.02403846153846154 0.01953125
0 0.29063737307327064 0.20209550094966758 0.02403846153846154 0.01953125
0 0.2848400175323254 0.19488277540360868 0.02403846153846154 0.01953125
0 0.2784991599094164 0.18973082858499524 0.02403846153846154 0.01953125
0 0.2808543355979255 0.1841372863247863 0.02403846153846154 0.01953125
0 0.289731536269998 0.18369569088319085 0.02403846153846154 0.01953125
0 0.2741511432537075 0.17133101851851848 0.02403846153846154 0.01953125
0 0.28502118489297995 0.1750109805318138 0.02403846153846154 0.01953125
0 0.2679914529914531 0.1767773622981956 0.02403846153846154 0.01953125
0 0.26309993425378053 0.18148771367521363 0.02403846153846154 0.01953125
0 0.26074475856527146 0.18590366809116807 0.02403846153846154 0.01953125
0 0.2687161224340712 0.19547156932573598 0.02403846153846154 0.01953125
0 0.25857075023741705 0.19326359211775873 0.02403846153846154 0.01953125
0 0.25494740302432617 0.19650195868945866 0.02403846153846154 0.01953125
0 0.24842537804076276 0.20342028727445394 0.02403846153846154 0.01953125
0 0.24570786763094465 0.21033861585944919 0.02403846153846154 0.01953125
0 0.24751954123749004 0.21725694444444443 0.02403846153846154 0.01953125
0 0.24462086346701742 0.22535286087369422 0.02403846153846154 0.01953125
0 0.2440773613850538 0.23138799857549855 0.02403846153846154 0.01953125
0 0.24135985097523566 0.2360983499525166 0.02403846153846154 0.01953125
0 0.2239677843523998 0.24242788461538461 0.02403846153846154 0.01953125
0 0.22233727810650897 0.23403757122507124 0.02403846153846154 0.01953125
0 0.22143144130323628 0.22682484567901234 0.02403846153846154 0.01953125
0 0.22143144130323628 0.2206425094966762 0.02403846153846154 0.01953125
0 0.22904047045072698 0.20636425688509022 0.02403846153846154 0.01953125
0 0.2279534662867997 0.19959312678062674 0.02403846153846154 0.01953125
0 0.22143144130323628 0.19076121794871792 0.02403846153846154 0.01953125
0 0.22378661699174526 0.18678685897435895 0.02403846153846154 0.01953125
0 0.22777229892614514 0.17957413342830006 0.02403846153846154 0.01953125
0 0.23048980933596327 0.17442218660968656 0.02403846153846154 0.01953125
0 0.2486065454014173 0.1632351020892687 0.02403846153846154 0.01953125
0 0.24824421068010818 0.17353899572649567 0.02403846153846154 0.01953125
0 0.25150522317188995 0.18075172127255457 0.02403846153846154 0.01953125
0 0.24299035722112658 0.1884060422602089 0.02403846153846154 0.01953125
0 0.22867813572941784 0.16352949905033234 0.02403846153846154 0.01953125
0 0.2085685586967639 0.1652958808167141 0.02403846153846154 0.01953125
0 0.21418474687705463 0.17265580484330478 0.02403846153846154 0.01953125
0 0.2107425670246184 0.1822237060778727 0.02403846153846154 0.01953125
0 0.21219190590985468 0.2012123100664767 0.02403846153846154 0.01953125
0 0.21798926145079994 0.21107460826210825 0.02403846153846154 0.01953125
0 0.20168419899189136 0.1981211419753086 0.02403846153846154 0.01953125
0 0.20983673022134572 0.22093690645773978 0.02403846153846154 0.01953125
0 0.20186536635254593 0.22932721984805318 0.02403846153846154 0.01953125
0 0.19027065527065534 0.22285048670465338 0.02403846153846154 0.01953125
0 0.18682847541821906 0.22859122744539412 0.02403846153846154 0.01953125
0 0.1848356344510191 0.21504896723646724 0.02403846153846154 0.01953125
0 0.1873719775001827 0.20798344017094017 0.02403846153846154 0.01953125
0 0.19842318650010962 0.21004421889838554 0.02403846153846154 0.01953125
0 0.18157462195923738 0.21210499762583093 0.02403846153846154 0.01953125
0 0.18954598582803717 0.20209550094966758 0.02403846153846154 0.01953125
0 0.19153882679523712 0.19326359211775873 0.02403846153846154 0.01953125
0 0.19371283512309162 0.1872284544159544 0.02403846153846154 0.01953125
0 0.1953433413689825 0.18060452279202274 0.02403846153846154 0.01953125
0 0.1971550149755279 0.17191981244064572 0.02403846153846154 0.01953125
0 0.19262583095916436 0.1704478276353276 0.02403846153846154 0.01953125
0 0.1873719775001827 0.16485428537511865 0.02403846153846154 0.01953125
0 0.11798487836949383 0.24463586182336183 0.02403846153846154 0.01953125
0 0.13066659361531163 0.25037660256410255 0.02403846153846154 0.01953125
0 0.13918145956607503 0.25655893874643876 0.02403846153846154 0.01953125
0 0.12939842209072985 0.2580309235517569 0.02403846153846154 0.01953125
0 0.14679048871356573 0.25390936609686615 0.02403846153846154 0.01953125
0 0.15892870187741995 0.2555285493827161 0.02403846153846154 0.01953125
0 0.1650883921396743 0.24964061016144348 0.02403846153846154 0.01953125
0 0.15947220395938355 0.2409558998100665 0.02403846153846154 0.01953125
0 0.13773212068083873 0.24610784662867996 0.02403846153846154 0.01953125
0 0.13845679012345688 0.23963111348528018 0.02403846153846154 0.01953125
0 0.12686207904156632 0.23521515906932575 0.02403846153846154 0.01953125
0 0.14515998246767486 0.23433196818613486 0.02403846153846154 0.01953125
0 0.16092154284461987 0.2337431742640076 0.02403846153846154 0.01953125
0 0.13954379428738412 0.22947441832858498 0.02403846153846154 0.01953125
0 0.165994228942947 0.2229976851851852 0.02403846153846154 0.01953125
0 0.14479764774636578 0.2225560897435897 0.02403846153846154 0.01953125
0 0.13465227554971154 0.22137850189933525 0.02403846153846154 0.01953125
0 0.12070238877931194 0.2243224715099715 0.02403846153846154 0.01953125
0 0.15313134633647463 0.2166681505223172 0.02403846153846154 0.01953125
0 0.159291036598729 0.2094554249762583 0.02403846153846154 0.01953125
0 0.17124808240192868 0.21151620370370366 0.02403846153846154 0.01953125
0 0.16708123310687426 0.204156279677113 0.02403846153846154 0.01953125
0 0.17179158448389226 0.19223320275403605 0.02403846153846154 0.01953125
0 0.13030425889400257 0.21504896723646724 0.02403846153846154 0.01953125
0 0.14153663525458404 0.20695305080721746 0.02403846153846154 0.01953125
0 0.14063079845131138 0.2000347222222222 0.02403846153846154 0.01953125
0 0.12813025056614807 0.19841553893637226 0.02403846153846154 0.01953125
0 0.13718861859887507 0.1894364316239316 0.02403846153846154 0.01953125
0 0.13102892833662075 0.18281249999999996 0.02403846153846154 0.01953125
0 0.12486923807436635 0.18281249999999996 0.02403846153846154 0.01953125
0 0.12323873182847549 0.1716254154795821 0.02403846153846154 0.01953125
0 0.13664511651691147 0.16617907169990498 0.02403846153846154 0.01953125
0 0.1457034845496385 0.1642654914529914 0.02403846153846154 0.01953125
0 0.13048542625465712 0.16617907169990498 0.02403846153846154 0.01953125
0 0.168349404631456 0.16411829297245958 0.02403846153846154 0.01953125
0 0.15603002410694727 0.17530537749287745 0.02403846153846154 0.01953125
0 0.14552231718898395 0.18340129392212723 0.02403846153846154 0.01953125
0 0.1536748484184383 0.18708125593542257 0.02403846153846154 0.01953125
0 0.15910986923807446 0.18237090455840452 0.02403846153846154 0.01953125
0 0.16200854700854708 0.17839654558404555 0.02403846153846154 0.01953125
0 0.15530535466432913 0.19591316476733142 0.02403846153846154 0.01953125
0 0.1723350865658559 0.1842844848053181 0.02403846153846154 0.01953125
0 0.17704543794287395 0.2012123100664767 0.02403846153846154 0.01953125
0 0.028658046606764524 0.15970233855650523 0.02403846153846154 0.01953125
0 0.030832054934619005 0.15263681149097816 0.02403846153846154 0.01953125
0 0.02249835634451017 0.15042883428300097 0.02403846153846154 0.01953125
0 0.015251661918328545 0.1436577041785375 0.02403846153846154 0.01953125
0 0.0496734604426912 0.1611743233618234 0.02403846153846154 0.01953125
0 0.06688435970487253 0.1633823005698006 0.02403846153846154 0.01953125
0 0.07775440134414494 0.15734716286799622 0.02403846153846154 0.01953125
0 0.0636233472130908 0.15278400997150998 0.02403846153846154 0.01953125
0 0.06905836803272701 0.15013443732193732 0.02403846153846154 0.01953125
0 0.07358755204909052 0.13791696343779677 0.02403846153846154 0.01953125
0 0.08228358536050845 0.14498249050332385 0.02403846153846154 0.01953125
0 0.09387829644239903 0.15808315527065528 0.02403846153846154 0.01953125
0 0.09750164365548984 0.14969284188034188 0.02403846153846154 0.01953125
0 0.10402366863905328 0.15896634615384617 0.02403846153846154 0.01953125
0 0.11743005332748926 0.16205751424501424 0.02403846153846154 0.01953125
0 0.11743005332748926 0.14910404795821464 0.02403846153846154 0.01953125
0 0.1076470158521441 0.1432161087369421 0.02403846153846154 0.01953125
0 0.11453137555701663 0.13953614672364673 0.02403846153846154 0.01953125
0 0.1127197019504712 0.13217622269705603 0.02403846153846154 0.01953125
0 0.11217619986850758 0.11804516856600188 0.02403846153846154 0.01953125
0 0.10474833808167146 0.12010594729344728 0.02403846153846154 0.01953125
0 0.09405946380305356 0.12260832146248814 0.02403846153846154 0.01953125
0 0.08953027978669006 0.13114583333333332 0.02403846153846154 0.01953125
0 0.0933347943604354 0.13953614672364673 0.02403846153846154 0.01953125
0 0.060181167360654535 0.14115533000949668 0.02403846153846154 0.01953125
0 0.04677478267221856 0.14071373456790123 0.02403846153846154 0.01953125
0 0.04079625977061874 0.1404193376068376 0.02403846153846154 0.01953125
0 0.009454306377383261 0.1320290242165242 0.02403846153846154 0.01953125
0 0.01579516400029217 0.1307042378917379 0.02403846153846154 0.01953125
0 0.023041858426473775 0.12746587132003798 0.02403846153846154 0.01953125
0 0.025578201475637347 0.13276501661918327 0.02403846153846154 0.01953125
0 0.03065088757396447 0.12496349715099715 0.02403846153846154 0.01953125
0 0.04224559865585506 0.12702427587844253 0.02403846153846154 0.01953125
0 0.045687778508291324 0.12143073361823362 0.02403846153846154 0.01953125
0 0.049129958360727574 0.11657318376068375 0.02403846153846154 0.01953125
0 0.05891299583607275 0.12731867283950618 0.02403846153846154 0.01953125
0 0.07105120899992697 0.11554279439696105 0.02403846153846154 0.01953125
0 0.0821024179998539 0.12408030626780626 0.02403846153846154 0.01953125
0 0.09079845131127186 0.11745637464387464 0.02403846153846154 0.01953125
0 0.08318942216378115 0.11510119895536562 0.02403846153846154 0.01953125
0 0.08826210826210829 0.10921325973409304 0.02403846153846154 0.01953125
0 0.09804514573745345 0.10921325973409304 0.02403846153846154 0.01953125
0 0.10565417488494415 0.10685808404558403 0.02403846153846154 0.01953125
0 0.09768281101614437 0.1022949311490978 0.02403846153846154 0.01953125
0 0.0888056103440719 0.10155893874643873 0.02403846153846154 0.01953125
0 0.10438600336036236 0.09581819800569799 0.02403846153846154 0.01953125
0 0.10384250127839877 0.10214773266856599 0.02403846153846154 0.01953125
0 0.07159471108189057 0.10803567188983854 0.02403846153846154 0.01953125
0 0.07594272773759952 0.10200053418803418 0.02403846153846154 0.01953125
0 0.05583315070494557 0.104502908357075 0.02403846153846154 0.01953125
0 0.05782599167214552 0.1149540004748338 0.02403846153846154 0.01953125
0 0.048042954196800346 0.10141174026590691 0.02403846153846154 0.01953125
0 0.050760464606618455 0.09581819800569799 0.02403846153846154 0.01953125
0 0.028658046606764524 0.10553329772079771 0.02403846153846154 0.01953125
0 0.02811454452480092 0.10008695394112058 0.02403846153846154 0.01953125
0 0.03191905909854626 0.09787897673314337 0.02403846153846154 0.01953125
0 0.017788004967492114 0.10273652659069324 0.02403846153846154 0.01953125
0 0.005287457082328834 0.10538609924026587 0.02403846153846154 0.01953125
0 0.014900650157060406 0.11311401946818611 0.02403846153846154 0.01953125
0 0.001494265468624445 0.09486140788224119 0.02403846153846154 0.01953125
0 0.16873438527284687 0.15450290835707503 0.02403846153846154 0.01953125
0 0.1526104901745928 0.15788847340930676 0.02403846153846154 0.01953125
0 0.15949484987946533 0.1528837250712251 0.02403846153846154 0.01953125
0 0.16148769084666525 0.14640699192782528 0.02403846153846154 0.01953125
0 0.15623383738768362 0.1406662511870845 0.02403846153846154 0.01953125
0 0.18322777412521007 0.15244212962962964 0.02403846153846154 0.01953125
0 0.17779275330557393 0.14081344966761633 0.02403846153846154 0.01953125
0 0.21076521294470021 0.15317812203228873 0.02403846153846154 0.01953125
0 0.23069362261669968 0.15685808404558407 0.02403846153846154 0.01953125
0 0.2451870114690629 0.1542085113960114 0.02403846153846154 0.01953125
0 0.22417159763313615 0.15155893874643878 0.02403846153846154 0.01953125
0 0.21801190737088186 0.14699578584995251 0.02403846153846154 0.01953125
0 0.20279384907590045 0.1499397554605888 0.02403846153846154 0.01953125
0 0.19645299145299155 0.14199103751187087 0.02403846153846154 0.01953125
0 0.1850394477317555 0.13816387701804367 0.02403846153846154 0.01953125
0 0.21456972751844555 0.14081344966761633 0.02403846153846154 0.01953125
0 0.21004054350208207 0.13463111348528015 0.02403846153846154 0.01953125
0 0.18431477828913737 0.13227593779677113 0.02403846153846154 0.01953125
0 0.1859452845350282 0.12697679249762583 0.02403846153846154 0.01953125
0 0.16728504638761058 0.13477831196581197 0.02403846153846154 0.01953125
0 0.15460333114179275 0.13139274691358024 0.02403846153846154 0.01953125
0 0.14608846519102936 0.12741838793922128 0.02403846153846154 0.01953125
0 0.15369749433852004 0.12108885327635326 0.02403846153846154 0.01953125
0 0.1634805318138652 0.11475931861348526 0.02403846153846154 0.01953125
0 0.17108956096135589 0.11696729582146248 0.02403846153846154 0.01953125
0 0.17199539776462858 0.12697679249762583 0.02403846153846154 0.01953125
0 0.1661980422236833 0.10578021130104462 0.02403846153846154 0.01953125
0 0.15768317627291994 0.09974507359924024 0.02403846153846154 0.01953125
0 0.18612645189568275 0.10990176875593541 0.02403846153846154 0.01953125
0 0.200982175469355 0.12521041073124406 0.02403846153846154 0.01953125
0 0.19880816714150054 0.11637850189933521 0.02403846153846154 0.01953125
0 0.19029330119073717 0.10121705840455839 0.02403846153846154 0.01953125
0 0.20877237197750026 0.10239464624881289 0.02403846153846154 0.01953125
0 0.2165625684856455 0.1075465930674264 0.02403846153846154 0.01953125
0 0.22743261012491794 0.11314013532763532 0.02403846153846154 0.01953125
0 0.22235992402659077 0.12079445631528964 0.02403846153846154 0.01953125
0 0.22525860179706345 0.12403282288698954 0.02403846153846154 0.01953125
0 0.22109175250200902 0.13786948005698005 0.02403846153846154 0.01953125
0 0.23721564760026312 0.12933196818613485 0.02403846153846154 0.01953125
0 0.2390273212068085 0.13757508309591643 0.02403846153846154 0.01953125
0 0.23975199064942665 0.14537660256410256 0.02403846153846154 0.01953125
0 0.26203557600993516 0.145818198005698 0.02403846153846154 0.01953125
0 0.26040506976404426 0.13816387701804367 0.02403846153846154 0.01953125
0 0.2567817225509535 0.12476881528964862 0.02403846153846154 0.01953125
0 0.24717985243626284 0.12300243352326685 0.02403846153846154 0.01953125
0 0.24808568923953553 0.11358173076923075 0.02403846153846154 0.01953125
0 0.2473610197969174 0.10460262345679011 0.02403846153846154 0.01953125
0 0.2500785302067355 0.09915627967711299 0.02403846153846154 0.01953125
0 0.23449813719044504 0.10401382953466286 0.02403846153846154 0.01953125
0 0.1315950763386662 0.14993975546058877 0.02403846153846154 0.01953125
0 0.13467492146979337 0.13860547245963908 0.02403846153846154 0.01953125
0 0.14210278325662956 0.14096064814814813 0.02403846153846154 0.01953125
0 0.13648659507633878 0.1353671058879392 0.02403846153846154 0.01953125
0 0.11909452845350291 0.12712399097815763 0.02403846153846154 0.01953125
0 0.12634122287968452 0.11843928062678061 0.02403846153846154 0.01953125
0 0.12797172912557536 0.10872418091168086 0.02403846153846154 0.01953125
0 0.13721126451895696 0.10563301282051278 0.02403846153846154 0.01953125
0 0.13811710132222965 0.09606511158594487 0.02403846153846154 0.01953125
0 0.14771897143692028 0.09400433285849948 0.02403846153846154 0.01953125
0 0.16021951932208353 0.09297394349477678 0.02403846153846154 0.01953125
0 0.17453174081379222 0.09164915716999043 0.02403846153846154 0.01953125
0 0.1618500255679744 0.08443643162393157 0.02403846153846154 0.01953125
0 0.15079881656804744 0.08075646961063622 0.02403846153846154 0.01953125
0 0.14934947768281115 0.0742797364672364 0.02403846153846154 0.01953125
0 0.15116115128935653 0.06206226258309584 0.02403846153846154 0.01953125
0 0.1663792095843379 0.06220946106362765 0.02403846153846154 0.01953125
0 0.16547337278106522 0.07074697293447287 0.02403846153846154 0.01953125
0 0.17108956096135597 0.07884288936372263 0.02403846153846154 0.01953125
0 0.12054386733873924 0.05779350664767323 0.02403846153846154 0.01953125
0 0.12706589232230267 0.06412304131054122 0.02403846153846154 0.01953125
0 0.1343125867484843 0.06853899572649566 0.02403846153846154 0.01953125
0 0.13376908466652068 0.07501572886989548 0.02403846153846154 0.01953125
0 0.10949265833881226 0.07280775166191827 0.02403846153846154 0.01953125
0 0.1163770180436848 0.08031487416904078 0.02403846153846154 0.01953125
0 0.1200003652567756 0.09223795109211771 0.02403846153846154 0.01953125
0 0.12144970414201194 0.09856748575498571 0.02403846153846154 0.01953125
0 0.0933687632405582 0.09267954653371314 0.02403846153846154 0.01953125
0 0.09155708963401278 0.0826700498575498 0.02403846153846154 0.01953125
0 0.09681094309299444 0.07501572886989548 0.02403846153846154 0.01953125
0 0.10079662502739434 0.06647821699905027 0.02403846153846154 0.01953125
0 0.10097779238804888 0.05852949905033231 0.02403846153846154 0.01953125
0 0.08829607714223106 0.0627982549857549 0.02403846153846154 0.01953125
0 0.07670136606034049 0.0731021486229819 0.02403846153846154 0.01953125
0 0.07597669661772233 0.08428923314339976 0.02403846153846154 0.01953125
0 0.06619365914237715 0.0867916073124406 0.02403846153846154 0.01953125
0 0.0645631528964863 0.07354374406457734 0.02403846153846154 0.01953125
0 0.0651066549784499 0.06014868233618227 0.02403846153846154 0.01953125
0 0.14337095478121129 0.11799768518518516 0.02403846153846154 0.01953125
0 0.04315143545912776 0.08473082858499525 0.02403846153846154 0.01953125
0 0.031194389655928096 0.08222845441595443 0.02403846153846154 0.01953125
0 0.02431002995105556 0.08605561490978157 0.02403846153846154 0.01953125
0 0.018693841770764812 0.07442693494776828 0.02403846153846154 0.01953125
0 0.021954854262546546 0.08016767568850902 0.02403846153846154 0.01953125
0 0.006374461246256085 0.06986378205128205 0.02403846153846154 0.01953125
0 0.005649791803637925 0.08590841642924976 0.02403846153846154 0.01953125
0 0.017425670246183026 0.06279825498575498 0.02403846153846154 0.01953125
0 0.01253415150851046 0.057204712725546045 0.02403846153846154 0.01953125
0 0.0020264445905471226 0.05484953703703702 0.02403846153846154 0.01953125
0 0.006917963328219711 0.043220857075023725 0.02403846153846154 0.01953125
0 0.012715318869164995 0.03733291785375115 0.02403846153846154 0.01953125
0 0.0022076119512016573 0.039688093542260175 0.02403846153846154 0.01953125
0 0.05673898750821827 0.08899958452041787 0.02403846153846154 0.01953125
0 0.05347797501643656 0.08237565289648621 0.02403846153846154 0.01953125
0 0.06181167360654539 0.07899008784425453 0.02403846153846154 0.01953125
0 0.05528964862298195 0.07398533950617285 0.02403846153846154 0.01953125
0 0.06036233472130907 0.06750860636277302 0.02403846153846154 0.01953125
0 0.048405288918109406 0.06530062915479581 0.02403846153846154 0.01953125
0 0.04079625977061874 0.052347162867996185 0.02403846153846154 0.01953125
0 0.03191905909854626 0.043220857075023725 0.02403846153846154 0.01953125
0 0.03318723062312805 0.03851050569800567 0.02403846153846154 0.01953125
0 0.04405727226240045 0.04425124643874643 0.02403846153846154 0.01953125
0 0.07467455621301776 0.049550391737891726 0.02403846153846154 0.01953125
0 0.06779019650814522 0.04690081908831907 0.02403846153846154 0.01953125
0 0.07721089926218132 0.03836330721747386 0.02403846153846154 0.01953125
0 0.09116078603258092 0.03924649810066475 0.02403846153846154 0.01953125
0 0.1023931623931624 0.0367441239316239 0.02403846153846154 0.01953125
0 0.1063788443275623 0.035860933048433026 0.02403846153846154 0.01953125
0 0.1118138651471985 0.03276976495726492 0.02403846153846154 0.01953125
0 0.11743005332748926 0.05808790360873693 0.02403846153846154 0.01953125
0 0.10329899919643513 0.05190556742640075 0.02403846153846154 0.01953125
0 0.05981883263934547 0.03718571937321934 0.02403846153846154 0.01953125
0 0.041883263934545965 0.03806891025641024 0.02403846153846154 0.01953125
0 0.048767623639418514 0.03291696343779675 0.02403846153846154 0.01953125
0 0.03282489590181895 0.030414589268755902 0.02403846153846154 0.01953125
0 0.1226980056980057 0.048300154320987686 0.02403846153846154 0.01953125
0 0.049611585944919295 0.05439891975308644 0.02403846153846154 0.01953125
0 0.033414055080721775 0.0531149691358025 0.02403846153846154 0.01953125
0 0.15311775878442546 0.04958410493827163 0.02403846153846154 0.01953125
0 0.13573504273504272 0.05247299382716051 0.02403846153846154 0.01953125
0 0.12605603038936375 0.043084104938271625 0.02403846153846154 0.01953125
0 0.11973504273504276 0.031207561728395082 0.02403846153846154 0.01953125
0 0.1351424501424502 0.030886574074074104 0.02403846153846154 0.01953125
0 0.1462041785375119 0.030084104938271638 0.02403846153846154 0.01953125
0 0.1390930674264008 0.03666435185185188 0.02403846153846154 0.01953125
0 0.1545004748338082 0.04276311728395065 0.02403846153846154 0.01953125
0 0.15943874643874645 0.031689043209876575 0.02403846153846154 0.01953125
0 0.16516714150047487 0.022861882716049404 0.02403846153846154 0.01953125
0 0.14521652421652423 0.02430632716049386 0.02403846153846154 0.01953125
0 0.1367226970560304 0.023664351851851874 0.02403846153846154 0.01953125
0 0.11538936372269709 0.0257507716049383 0.02403846153846154 0.01953125
0 0.09800664767331436 0.025911265432098797 0.02403846153846154 0.01953125
0 0.0879325735992403 0.026071759259259277 0.02403846153846154 0.01953125
0 0.19084615384615386 0.0931581790123457 0.02403846153846154 0.01953125
0 0.18946343779677116 0.07887422839506175 0.02403846153846154 0.01953125
0 0.2005251661918329 0.07341743827160495 0.02403846153846154 0.01953125
0 0.19203133903133907 0.06844212962962966 0.02403846153846154 0.01953125
0 0.20368566001899335 0.09524459876543212 0.02403846153846154 0.01953125
0 0.22659924026590697 0.09235570987654323 0.02403846153846154 0.01953125
0 0.22580911680911683 0.08112114197530866 0.02403846153846154 0.01953125
0 0.22541405508072174 0.07293595679012348 0.02403846153846154 0.01953125
0 0.19282146248812917 0.05640509259259261 0.02403846153846154 0.01953125
0 0.18847578347578348 0.05030632716049386 0.02403846153846154 0.01953125
0 0.17741405508072178 0.04741743827160496 0.02403846153846154 0.01953125
0 0.17287084520417856 0.05480015432098767 0.02403846153846154 0.01953125
0 0.16417948717948722 0.05239274691358027 0.02403846153846154 0.01953125
0 0.18116714150047486 0.0360223765432099 0.02403846153846154 0.01953125
0 0.1795868945868946 0.029602623456790145 0.02403846153846154 0.01953125
0 0.1859078822412156 0.026713734567901267 0.02403846153846154 0.01953125
0 0.19400664767331438 0.030726080246913607 0.02403846153846154 0.01953125
0 0.20408072174738837 0.030405092592592612 0.02403846153846154 0.01953125
0 0.20941405508072178 0.03361496913580249 0.02403846153846154 0.01953125
0 0.2009202279202279 0.03586188271604941 0.02403846153846154 0.01953125
0 0.19558689458689457 0.04035570987654323 0.02403846153846154 0.01953125
0 0.2009202279202279 0.04677546296296299 0.02403846153846154 0.01953125
0 0.20901899335232668 0.048059413580246936 0.02403846153846154 0.01953125
0 0.20783380816714148 0.05768904320987657 0.02403846153846154 0.01953125
0 0.22343874643874642 0.05624459876543212 0.02403846153846154 0.01953125
0 0.21889553656220326 0.04789891975308645 0.02403846153846154 0.01953125
0 0.2175128205128205 0.03891126543209878 0.02403846153846154 0.01953125
0 0.22561158594491934 0.033775462962962986 0.02403846153846154 0.01953125
0 0.22343874643874642 0.02398533950617287 0.02403846153846154 0.01953125
0 0.2380560303893637 0.03521990740740744 0.02403846153846154 0.01953125
0 0.23904368471035137 0.029602623456790145 0.02403846153846154 0.01953125
0 0.2414140550807218 0.024787808641975335 0.02403846153846154 0.01953125
0 0.2532659069325736 0.028158179012345706 0.02403846153846154 0.01953125
0 0.2501054131054131 0.035701388888888914 0.02403846153846154 0.01953125
0 0.24240170940170944 0.04789891975308645 0.02403846153846154 0.01953125
0 0.25622886989553656 0.04067669753086422 0.02403846153846154 0.01953125
0 0.27598195631528966 0.026874228395061765 0.02403846153846154 0.01953125
0 0.26077207977207983 0.022701388888888906 0.02403846153846154 0.01953125
0 0.284673314339981 0.030886574074074104 0.02403846153846154 0.01953125
0 0.2815128205128205 0.0411581790123457 0.02403846153846154 0.01953125
0 0.2732165242165242 0.049985339506172864 0.02403846153846154 0.01953125
0 0.27380911680911685 0.06154089506172841 0.02403846153846154 0.01953125
0 0.2787473884140551 0.05496064814814817 0.02403846153846154 0.01953125
0 0.2698584995251662 0.057047067901234594 0.02403846153846154 0.01953125
0 0.2554387464387464 0.0669976851851852 0.02403846153846154 0.01953125
0 0.25504368471035144 0.06089891975308644 0.02403846153846154 0.01953125
0 0.25938936372269705 0.05303472222222224 0.02403846153846154 0.01953125
0 0.24911775878442552 0.05447916666666669 0.02403846153846154 0.01953125
0 0.23963627730294398 0.0568865740740741 0.02403846153846154 0.01953125
0 0.2416115859449193 0.0671581790123457 0.02403846153846154 0.01953125
0 0.24101899335232668 0.0804791666666667 0.02403846153846154 0.01953125
0 0.2587967711301045 0.07903472222222224 0.02403846153846154 0.01953125
0 0.26867331433998104 0.07405941358024692 0.02403846153846154 0.01953125
0 0.2801301044634378 0.07614583333333336 0.02403846153846154 0.01953125
0 0.28625356125356133 0.08144212962962964 0.02403846153846154 0.01953125
0 0.2803276353276354 0.08898533950617285 0.02403846153846154 0.01953125
0 0.27084615384615385 0.08401003086419756 0.02403846153846154 0.01953125
0 0.2530683760683761 0.08866435185185187 0.02403846153846154 0.01953125
0 0.26294491927825264 0.1058371913580247 0.02403846153846154 0.01953125
0 0.274994301994302 0.09877546296296298 0.02403846153846154 0.01953125
0 0.2633399810066477 0.09123225308641977 0.02403846153846154 0.01953125
0 0.2777597340930674 0.11418287037037038 0.02403846153846154 0.01953125
0 0.2884264007597341 0.1088865740740741 0.02403846153846154 0.01953125
0 0.2712412155745489 0.12060262345679014 0.02403846153846154 0.01953125
0 0.2815128205128205 0.12156558641975311 0.02403846153846154 0.01953125
0 0.3021756885090218 0.036182870370370386 0.02403846153846154 0.01953125
0 0.29545963912630585 0.07309645061728397 0.02403846153846154 0.01953125
0 0.2988176638176638 0.06282484567901236 0.02403846153846154 0.01953125
0 0.2976324786324786 0.05255324074074077 0.02403846153846154 0.01953125
0 0.2946695156695157 0.04356558641975312 0.02403846153846154 0.01953125
0 0.2930892687559354 0.03650385802469138 0.02403846153846154 0.01953125
0 0.2928917378917379 0.09717052469135805 0.02403846153846154 0.01953125
0 0.3021756885090218 0.08336805555555557 0.02403846153846154 0.01953125
0 0.3043485280151947 0.07823225308641978 0.02403846153846154 0.01953125
0 0.3120522317188984 0.07004706790123459 0.02403846153846154 0.01953125
0 0.3102744539411206 0.058491512345679036 0.02403846153846154 0.01953125
0 0.3158053181386515 0.05319521604938274 0.02403846153846154 0.01953125
0 0.31343494776828107 0.04099768518518521 0.02403846153846154 0.01953125
0 0.316002849002849 0.03056558641975311 0.02403846153846154 0.01953125
0 0.3365460588793922 0.029763117283950643 0.02403846153846154 0.01953125
0 0.33891642924976256 0.034417438271604976 0.02403846153846154 0.01953125
0 0.3351633428300095 0.039713734567901254 0.02403846153846154 0.01953125
0 0.34010161443494774 0.046454475308641996 0.02403846153846154 0.01953125
0 0.33121272554605885 0.04950385802469139 0.02403846153846154 0.01953125
0 0.35096581196581195 0.052713734567901266 0.02403846153846154 0.01953125
0 0.3391139601139601 0.05833101851851854 0.02403846153846154 0.01953125
0 0.3272621082621082 0.0618618827160494 0.02403846153846154 0.01953125
0 0.3304226020892687 0.05592361111111114 0.02403846153846154 0.01953125
0 0.32015099715099715 0.06507175925925929 0.02403846153846154 0.01953125
0 0.32015099715099715 0.07325694444444446 0.02403846153846154 0.01953125
0 0.3132374169040836 0.08641743827160496 0.02403846153846154 0.01953125
0 0.3082991452991453 0.1035902777777778 0.02403846153846154 0.01953125
0 0.3144226020892687 0.10246682098765433 0.02403846153846154 0.01953125
0 0.3088917378917379 0.1140223765432099 0.02403846153846154 0.01953125
0 0.3239040835707503 0.10150385802469139 0.02403846153846154 0.01953125
0 0.3270645773979107 0.1087260802469136 0.02403846153846154 0.01953125
0 0.32765716999050337 0.11691126543209877 0.02403846153846154 0.01953125
0 0.3335830959164293 0.11707175925925928 0.02403846153846154 0.01953125
0 0.3365460588793922 0.12413348765432099 0.02403846153846154 0.01953125
0 0.3162003798670465 0.12429398148148149 0.02403846153846154 0.01953125
0 0.35728679962013293 0.12381250000000002 0.02403846153846154 0.01953125
0 0.34938556505223173 0.11739274691358027 0.02403846153846154 0.01953125
0 0.36499050332383665 0.12172608024691359 0.02403846153846154 0.01953125
0 0.34306457739791074 0.10920756172839508 0.02403846153846154 0.01953125
0 0.3381263057929725 0.10278780864197533 0.02403846153846154 0.01953125
0 0.3454349477682811 0.09123225308641977 0.02403846153846154 0.01953125
0 0.3464226020892687 0.08593595679012347 0.02403846153846154 0.01953125
0 0.3460275403608737 0.07694830246913582 0.02403846153846154 0.01953125
0 0.3470151946818613 0.0695655864197531 0.02403846153846154 0.01953125
0 0.3541263057929725 0.024787808641975335 0.02403846153846154 0.01953125
0 0.3588670465337132 0.02992361111111114 0.02403846153846154 0.01953125
0 0.36103988603988607 0.03762731481481484 0.02403846153846154 0.01953125
0 0.3677559354226021 0.04757793209876546 0.02403846153846154 0.01953125
0 0.3762497625830959 0.048059413580246936 0.02403846153846154 0.01953125
0 0.3651880341880342 0.06105941358024694 0.02403846153846154 0.01953125
0 0.3632127255460589 0.07293595679012348 0.02403846153846154 0.01953125
0 0.3675584045584045 0.07967669753086422 0.02403846153846154 0.01953125
0 0.3705213675213675 0.08481250000000003 0.02403846153846154 0.01953125
0 0.37387939221272554 0.09010879629629631 0.02403846153846154 0.01953125
0 0.36183000949667615 0.09380015432098766 0.02403846153846154 0.01953125
0 0.36301519468186133 0.10551620370370372 0.02403846153846154 0.01953125
0 0.396002849002849 0.12493595679012348 0.02403846153846154 0.01953125
0 0.38711396011396015 0.11947916666666668 0.02403846153846154 0.01953125
0 0.3823732193732194 0.11803472222222224 0.02403846153846154 0.01953125
0 0.3831633428300094 0.11225694444444446 0.02403846153846154 0.01953125
0 0.3807929724596391 0.10551620370370372 0.02403846153846154 0.01953125
0 0.42168186134852803 0.12621990740740743 0.02403846153846154 0.01953125
0 0.44163247863247856 0.12605941358024692 0.02403846153846154 0.01953125
0 0.45170655270655274 0.12477546296296298 0.02403846153846154 0.01953125
0 0.4505213675213675 0.11450385802469137 0.02403846153846154 0.01953125
0 0.4455830959164292 0.10968904320987656 0.02403846153846154 0.01953125
0 0.4402497625830959 0.10663966049382717 0.02403846153846154 0.01953125
0 0.422076923076923 0.10712114197530866 0.02403846153846154 0.01953125
0 0.42089173789173784 0.09797299382716051 0.02403846153846154 0.01953125
0 0.41437321937321936 0.09460262345679013 0.02403846153846154 0.01953125
0 0.40903988603988606 0.1061581790123457 0.02403846153846154 0.01953125
0 0.40192877492877493 0.10182484567901236 0.02403846153846154 0.01953125
0 0.3884966761633428 0.10166435185185187 0.02403846153846154 0.01953125
0 0.38948433048433045 0.08850385802469138 0.02403846153846154 0.01953125
0 0.3958053181386514 0.08577546296296298 0.02403846153846154 0.01953125
0 0.3881016144349478 0.07919521604938273 0.02403846153846154 0.01953125
0 0.3912621082621083 0.07775077160493829 0.02403846153846154 0.01953125
0 0.39778062678062676 0.0695655864197531 0.02403846153846154 0.01953125
0 0.3827682811016144 0.0671581790123457 0.02403846153846154 0.01953125
0 0.398965811965812 0.06170138888888891 0.02403846153846154 0.01953125
0 0.3847435897435897 0.0541581790123457 0.02403846153846154 0.01953125
0 0.3811880341880342 0.04292361111111113 0.02403846153846154 0.01953125
0 0.37091642924976254 0.03698533950617286 0.02403846153846154 0.01953125
0 0.37170655270655273 0.0230223765432099 0.02403846153846154 0.01953125
0 0.38829914529914533 0.026874228395061765 0.02403846153846154 0.01953125
0 0.4033114909781576 0.024145833333333366 0.02403846153846154 0.01953125
0 0.4189164292497626 0.030084104938271638 0.02403846153846154 0.01953125
0 0.4187188983855651 0.042602623456790153 0.02403846153846154 0.01953125
0 0.40963247863247865 0.03393595679012348 0.02403846153846154 0.01953125
0 0.40963247863247865 0.02863966049382718 0.02403846153846154 0.01953125
0 0.405681861348528 0.04212114197530866 0.02403846153846154 0.01953125
0 0.3952127255460589 0.04789891975308645 0.02403846153846154 0.01953125
0 0.3967929724596391 0.0541581790123457 0.02403846153846154 0.01953125
0 0.40192877492877493 0.0543186728395062 0.02403846153846154 0.01953125
0 0.4141756885090218 0.05752854938271607 0.02403846153846154 0.01953125
0 0.40983000949667614 0.06780015432098767 0.02403846153846154 0.01953125
0 0.41832383665716993 0.0695655864197531 0.02403846153846154 0.01953125
0 0.4228670465337132 0.0774297839506173 0.02403846153846154 0.01953125
0 0.4112127255460588 0.08144212962962964 0.02403846153846154 0.01953125
0 0.4084472934472934 0.08721990740740744 0.02403846153846154 0.01953125
0 0.4131880341880342 0.08850385802469138 0.02403846153846154 0.01953125
0 0.4214843304843305 0.08609645061728398 0.02403846153846154 0.01953125
0 0.43373124406457736 0.0849729938271605 0.02403846153846154 0.01953125
0 0.44183000949667617 0.09251620370370371 0.02403846153846154 0.01953125
0 0.43926210826210826 0.08112114197530866 0.02403846153846154 0.01953125
0 0.4412374169040835 0.06844212962962966 0.02403846153846154 0.01953125
0 0.4412374169040835 0.06041743827160496 0.02403846153846154 0.01953125
0 0.4307682811016144 0.05608410493827164 0.02403846153846154 0.01953125
0 0.42602754036087365 0.05078780864197533 0.02403846153846154 0.01953125
0 0.4465707502374168 0.048219907407407434 0.02403846153846154 0.01953125
0 0.44064482431149093 0.03955324074074076 0.02403846153846154 0.01953125
0 0.4339287749287749 0.027516203703703734 0.02403846153846154 0.01953125
0 0.27914245014245015 0.1608865740740741 0.02403846153846154 0.01953125
0 0.281315289648623 0.15141743827160498 0.02403846153846154 0.01953125
0 0.2809202279202279 0.13921990740740744 0.02403846153846154 0.01953125
0 0.2706486229819563 0.13183719135802474 0.02403846153846154 0.01953125
0 0.2949449192782526 0.13552854938271608 0.02403846153846154 0.01953125
0 0.31509306742640075 0.1324791666666667 0.02403846153846154 0.01953125
0 0.30975973409306745 0.1294297839506173 0.02403846153846154 0.01953125
0 0.33109306742640077 0.13472608024691363 0.02403846153846154 0.01953125
0 0.30047578347578346 0.14676311728395064 0.02403846153846154 0.01953125
0 0.2979078822412156 0.15559027777777779 0.02403846153846154 0.01953125
0 0.29435232668566 0.16201003086419757 0.02403846153846154 0.01953125
0 0.30067331433998096 0.16602237654320992 0.02403846153846154 0.01953125
0 0.297710351377018 0.17773842592592595 0.02403846153846154 0.01953125
0 0.3085745489078823 0.18993595679012348 0.02403846153846154 0.01953125
0 0.3101547958214625 0.19812114197530867 0.02403846153846154 0.01953125
0 0.3125251661918329 0.2080717592592593 0.02403846153846154 0.01953125
0 0.30422886989553655 0.21160262345679015 0.02403846153846154 0.01953125
0 0.2961301044634378 0.20903472222222225 0.02403846153846154 0.01953125
0 0.3314881291547958 0.2026149691358025 0.02403846153846154 0.01953125
0 0.3338584995251662 0.2080717592592593 0.02403846153846154 0.01953125
0 0.3506486229819563 0.1978001543209877 0.02403846153846154 0.01953125
0 0.3520313390313391 0.20582484567901238 0.02403846153846154 0.01953125
0 0.35657454890788226 0.21112114197530865 0.02403846153846154 0.01953125
0 0.3668461538461539 0.20887422839506176 0.02403846153846154 0.01953125
0 0.38482146248812915 0.20871373456790124 0.02403846153846154 0.01953125
0 0.3958831908831909 0.20341743827160497 0.02403846153846154 0.01953125
0 0.4239325735992402 0.20534336419753088 0.02403846153846154 0.01953125
0 0.4185992402659069 0.20389891975308644 0.02403846153846154 0.01953125
0 0.4136609686609687 0.19731867283950622 0.02403846153846154 0.01953125
0 0.441315289648623 0.20149151234567902 0.02403846153846154 0.01953125
0 0.4338091168091168 0.19908410493827164 0.02403846153846154 0.01953125
0 0.43005603038936374 0.1876890432098766 0.02403846153846154 0.01953125
0 0.4308461538461538 0.18062731481481487 0.02403846153846154 0.01953125
0 0.403389363722697 0.1923433641975309 0.02403846153846154 0.01953125
0 0.40654985754985756 0.18496064814814817 0.02403846153846154 0.01953125
0 0.38205603038936375 0.18833101851851855 0.02403846153846154 0.01953125
0 0.37059924026590696 0.1998865740740741 0.02403846153846154 0.01953125
0 0.37711775878442544 0.17741743827160497 0.02403846153846154 0.01953125
0 0.36585849952516614 0.17789891975308644 0.02403846153846154 0.01953125
0 0.3591424501424501 0.17468904320987658 0.02403846153846154 0.01953125
0 0.37020417853751186 0.17388657407407412 0.02403846153846154 0.01953125
0 0.354994301994302 0.16955324074074077 0.02403846153846154 0.01953125
0 0.3441301044634378 0.16682484567901237 0.02403846153846154 0.01953125
0 0.34057454890788225 0.17934336419753089 0.02403846153846154 0.01953125
0 0.3358338081671415 0.18544212962962967 0.02403846153846154 0.01953125
0 0.3188461538461539 0.18303472222222225 0.02403846153846154 0.01953125
0 0.3198338081671415 0.17773842592592595 0.02403846153846154 0.01953125
0 0.32931528964862294 0.17388657407407412 0.02403846153846154 0.01953125
0 0.3111424501424501 0.176133487654321 0.02403846153846154 0.01953125
0 0.31864862298195634 0.16313348765432104 0.02403846153846154 0.01953125
0 0.3237844254510921 0.15815817901234572 0.02403846153846154 0.01953125
0 0.32003133903133907 0.14917052469135805 0.02403846153846154 0.01953125
0 0.32279677113010447 0.14403472222222224 0.02403846153846154 0.01953125
0 0.3247720797720798 0.13857793209876548 0.02403846153846154 0.01953125
0 0.3237844254510921 0.13488657407407412 0.02403846153846154 0.01953125
0 0.3123276353276353 0.1458001543209877 0.02403846153846154 0.01953125
0 0.34847578347578345 0.13745447530864202 0.02403846153846154 0.01953125
0 0.3496609686609687 0.1485285493827161 0.02403846153846154 0.01953125
0 0.34531528964862296 0.1586396604938272 0.02403846153846154 0.01953125
0 0.3595375118708452 0.15141743827160498 0.02403846153846154 0.01953125
0 0.37000664767331426 0.14596064814814816 0.02403846153846154 0.01953125
0 0.3664510921177587 0.1405038580246914 0.02403846153846154 0.01953125
0 0.3747473884140551 0.1319976851851852 0.02403846153846154 0.01953125
0 0.3822535612535613 0.13392361111111115 0.02403846153846154 0.01953125
0 0.4085251661918329 0.11482484567901238 0.02403846153846154 0.01953125
0 0.4276856600189933 0.14130632716049385 0.02403846153846154 0.01953125
0 0.40635232668565996 0.14194830246913584 0.02403846153846154 0.01953125
0 0.40437701804368464 0.1352075617283951 0.02403846153846154 0.01953125
0 0.399636277302944 0.14997299382716053 0.02403846153846154 0.01953125
0 0.40892022792022786 0.15350385802469138 0.02403846153846154 0.01953125
0 0.41741405508072177 0.15238040123456795 0.02403846153846154 0.01953125
0 0.43835232668566 0.14451620370370374 0.02403846153846154 0.01953125
0 0.44032763532763525 0.14917052469135805 0.02403846153846154 0.01953125
0 0.43756220322886985 0.15655324074074078 0.02403846153846154 0.01953125
0 0.39311775878442545 0.1684297839506173 0.02403846153846154 0.01953125
0 0.38738936372269706 0.1608865740740741 0.02403846153846154 0.01953125
0 0.36103988603988607 0.1648989197530864 0.02403846153846154 0.01953125
0 0.3746695156695157 0.1554297839506173 0.02403846153846154 0.01953125
0 0.37802754036087366 0.14884953703703704 0.02403846153846154 0.01953125
0 0.3847435897435897 0.14868904320987655 0.02403846153846154 0.01953125
0 0.35353371320037985 0.18801003086419754 0.02403846153846154 0.01953125
0 0.35669420702754034 0.18191126543209876 0.02403846153846154 0.01953125
0 0.37447198480531807 0.2254050925925926 0.02403846153846154 0.01953125
0 0.3539287749287749 0.2247631172839506 0.02403846153846154 0.01953125
0 0.3310151946818613 0.22283719135802468 0.02403846153846154 0.01953125
0 0.309681861348528 0.25060262345679013 0.02403846153846154 0.01953125
0 0.29565716999050334 0.241454475308642 0.02403846153846154 0.01953125
0 0.3043485280151947 0.2282939814814815 0.02403846153846154 0.01953125
0 0.32331149097815765 0.2359976851851852 0.02403846153846154 0.01953125
0 0.3302250712250712 0.2384050925925926 0.02403846153846154 0.01953125
0 0.33931149097815766 0.24129398148148148 0.02403846153846154 0.01953125
0 0.34622507122507123 0.254454475308642 0.02403846153846154 0.01953125
0 0.3213361823361823 0.2533310185185185 0.02403846153846154 0.01953125
0 0.35373124406457734 0.24996064814814817 0.02403846153846154 0.01953125
0 0.35866951566951566 0.23166435185185186 0.02403846153846154 0.01953125
0 0.3699287749287749 0.24996064814814817 0.02403846153846154 0.01953125
0 0.3914596391263058 0.23021990740740741 0.02403846153846154 0.01953125
0 0.396002849002849 0.22668904320987657 0.02403846153846154 0.01953125
0 0.3847435897435897 0.21738040123456792 0.02403846153846154 0.01953125
0 0.39481766381766376 0.25301003086419754 0.02403846153846154 0.01953125
0 0.3746695156695157 0.2393680555555556 0.02403846153846154 0.01953125
0 0.40113865147198485 0.23888657407407407 0.02403846153846154 0.01953125
0 0.43708926875593546 0.2562199074074074 0.02403846153846154 0.01953125
0 0.44321272554605884 0.24996064814814817 0.02403846153846154 0.01953125
0 0.41595346628679963 0.2507631172839506 0.02403846153846154 0.01953125
0 0.42069420702754035 0.24193595679012347 0.02403846153846154 0.01953125
0 0.4149658119658119 0.23423225308641976 0.02403846153846154 0.01953125
0 0.4179287749287749 0.22604706790123458 0.02403846153846154 0.01953125
0 0.4110151946818613 0.21818287037037037 0.02403846153846154 0.01953125
0 0.45289173789173787 0.22026929012345683 0.02403846153846154 0.01953125
0 0.44953371320037977 0.19089891975308645 0.02403846153846154 0.01953125
0 0.4521016144349478 0.17982484567901239 0.02403846153846154 0.01953125
0 0.034599240265906966 0.06434953703703705 0.02403846153846154 0.01953125
0 0.04336955423026382 0.9783019875164257 0.02403846153846154 0.01953125
0 0.02072728191650662 0.9585910808147174 0.02403846153846154 0.01953125
0 0.02072728191650662 0.936252053219448 0.02403846153846154 0.01953125
0 0.07248104720509453 0.9355950229960578 0.02403846153846154 0.01953125
0 0.06439452137875269 0.9125989651773982 0.02403846153846154 0.01953125
0 0.08865409885777822 0.9139130256241786 0.02403846153846154 0.01953125
0 0.10320984534519363 0.9270536300919843 0.02403846153846154 0.01953125
0 0.08380218336197315 0.9697605946123521 0.02403846153846154 0.01953125
0 0.1088704134236329 0.9684465341655717 0.02403846153846154 0.01953125
0 0.11614828666734059 0.948078597240473 0.02403846153846154 0.01953125
0 0.1387905589810978 0.9309958114323259 0.02403846153846154 0.01953125
0 0.03285707065601942 0.902743511826544 0.02403846153846154 0.01953125
0 0.03851763873445875 0.8843466655716163 0.02403846153846154 0.01953125
0 0.00940614575962802 0.8863177562417872 0.02403846153846154 0.01953125
0 0.01910997675123825 0.8606935775295663 0.02403846153846154 0.01953125
0 0.047412817143434774 0.8652927890932983 0.02403846153846154 0.01953125
0 0.008597493176993857 0.9034005420499343 0.02403846153846154 0.01953125
0 0.078950267866168 0.8712060611038108 0.02403846153846154 0.01953125
0 0.07409835237036293 0.8547803055190539 0.02403846153846154 0.01953125
0 0.061159911048215956 0.8409826708278582 0.02403846153846154 0.01953125
0 0.047412817143434774 0.8324412779237845 0.02403846153846154 0.01953125
0 0.02072728191650662 0.8291561268068331 0.02403846153846154 0.01953125
0 0.02962246032548269 0.8147014618922471 0.02403846153846154 0.01953125
0 0.0118321035075306 0.8127303712220763 0.02403846153846154 0.01953125
0 0.16709339937329426 0.9625332621550591 0.02403846153846154 0.01953125
0 0.16709339937329426 0.9395372043363994 0.02403846153846154 0.01953125
0 0.1476857373900738 0.8961732095926412 0.02403846153846154 0.01953125
0 0.16466744162539174 0.898144300262812 0.02403846153846154 0.01953125
0 0.12180885474577986 0.8751482424441523 0.02403846153846154 0.01953125
0 0.10240119276255942 0.8482100032851512 0.02403846153846154 0.01953125
0 0.12989538057212174 0.8580654566360053 0.02403846153846154 0.01953125
0 0.14121651672900032 0.8528092148488832 0.02403846153846154 0.01953125
0 0.1638587890427575 0.8639787286465177 0.02403846153846154 0.01953125
0 0.1323213383200243 0.8357264290407359 0.02403846153846154 0.01953125
0 0.12746942282421914 0.8212717641261498 0.02403846153846154 0.01953125
0 0.09997523501465687 0.8193006734559789 0.02403846153846154 0.01953125
0 0.100783887597291 0.7982757063074901 0.02403846153846154 0.01953125
0 0.10482715051046194 0.7844780716162945 0.02403846153846154 0.01953125
0 0.13151268573739008 0.8094452201051249 0.02403846153846154 0.01953125
0 0.14283382189426874 0.8028749178712221 0.02403846153846154 0.01953125
0 0.15658091579904984 0.8087881898817345 0.02403846153846154 0.01953125
0 0.16709339937329426 0.8252139454664915 0.02403846153846154 0.01953125
0 0.17922318811280702 0.8022178876478319 0.02403846153846154 0.01953125
0 0.1986308500960275 0.8330983081471748 0.02403846153846154 0.01953125
0 0.19539623976549073 0.8179866130091984 0.02403846153846154 0.01953125
0 0.2042914181744669 0.8048460085413929 0.02403846153846154 0.01953125
0 0.2139952491660771 0.8160155223390276 0.02403846153846154 0.01953125
0 0.13676892752451242 0.9866791228646519 0.02403846153846154 0.01953125
0 0.23502021631456596 0.980108820630749 0.02403846153846154 0.01953125
0 0.22006014353583353 0.9534990965834429 0.02403846153846154 0.01953125
0 0.21035631254422332 0.9071784658344284 0.02403846153846154 0.01953125
0 0.2042914181744669 0.9262323423127464 0.02403846153846154 0.01953125
0 0.23623319518851724 0.9045503449408674 0.02403846153846154 0.01953125
0 0.2083346810876378 0.8835253777923785 0.02403846153846154 0.01953125
0 0.19013999797836867 0.8618433804204993 0.02403846153846154 0.01953125
0 0.2273380167795412 0.8381902923784494 0.02403846153846154 0.01953125
0 0.22450773274032151 0.8559301084099868 0.02403846153846154 0.01953125
0 0.24795865763671293 0.8441035643889618 0.02403846153846154 0.01953125
0 0.24351106843222492 0.8638144710906701 0.02403846153846154 0.01953125
0 0.2556408571717377 0.8105950229960578 0.02403846153846154 0.01953125
0 0.2564495097543719 0.7912126314060447 0.02403846153846154 0.01953125
0 0.21601688062266258 0.7813571780551906 0.02403846153846154 0.01953125
0 0.1755842514909533 0.775443906044678 0.02403846153846154 0.01953125
0 0.14242949560295165 0.7741298455978975 0.02403846153846154 0.01953125
0 0.05105175376528866 0.773144300262812 0.02403846153846154 0.01953125
0 0.025579197412311818 0.7793860873850197 0.02403846153846154 0.01953125
0 0.06560750025270405 0.7971259034165571 0.02403846153846154 0.01953125
0 0.25402355200646937 0.9186764947437582 0.02403846153846154 0.01953125
0 0.25402355200646937 0.9377303712220763 0.02403846153846154 0.01953125
0 0.2184428383705652 0.9764951544021025 0.02403846153846154 0.01953125
0 0.27760082886889736 0.9768236695137976 0.02403846153846154 0.01953125
0 0.3135858687961186 0.9718959428383706 0.02403846153846154 0.01953125
0 0.288921965025776 0.9485713699080158 0.02403846153846154 0.01953125
0 0.3067123218437281 0.9252467969776611 0.02403846153846154 0.01953125
0 0.27840948145153155 0.9104636169513798 0.02403846153846154 0.01953125
0 0.26264075609016496 0.8973230124835743 0.02403846153846154 0.01953125
0 0.27477054482967767 0.8713703186596584 0.02403846153846154 0.01953125
0 0.2949868593955324 0.8897671649145861 0.02403846153846154 0.01953125
0 0.2949868593955324 0.8664425919842313 0.02403846153846154 0.01953125
0 0.27840948145153155 0.8454176248357425 0.02403846153846154 0.01953125
0 0.26425806125543333 0.8322770203679369 0.02403846153846154 0.01953125
0 0.30145608005660585 0.8201219612352167 0.02403846153846154 0.01953125
0 0.31035125846558187 0.8427895039421813 0.02403846153846154 0.01953125
0 0.3261199838269485 0.813551659001314 0.02403846153846154 0.01953125
0 0.31318154250480157 0.79219817674113 0.02403846153846154 0.01953125
0 0.3026690589305571 0.782342723390276 0.02403846153846154 0.01953125
0 0.34916658243202287 0.7839852989487517 0.02403846153846154 0.01953125
0 0.3584660871323159 0.8033676905387648 0.02403846153846154 0.01953125
0 0.3507838875972912 0.8243926576872537 0.02403846153846154 0.01953125
0 0.341484382896998 0.8539590177398161 0.02403846153846154 0.01953125
0 0.3224810472050947 0.8835253777923785 0.02403846153846154 0.01953125
0 0.36291367633680394 0.8887816195795007 0.02403846153846154 0.01953125
0 0.3843429697766099 0.8638144710906701 0.02403846153846154 0.01953125
0 0.36453098150207225 0.8414754434954008 0.02403846153846154 0.01953125
0 0.35280551905387664 0.9173624342969777 0.02403846153846154 0.01953125
0 0.39404680076822013 0.9104636169513798 0.02403846153846154 0.01953125
0 0.37463913878499966 0.9387159165571616 0.02403846153846154 0.01953125
0 0.36695693924997486 0.9653256406044678 0.02403846153846154 0.01953125
0 0.345527645810169 0.972881488173456 0.02403846153846154 0.01953125
0 0.4199236834125142 0.9787947601839685 0.02403846153846154 0.01953125
0 0.4462048923481251 0.9584268232588699 0.02403846153846154 0.01953125
0 0.43205347215202683 0.9331311596583443 0.02403846153846154 0.01953125
0 0.4235626200343679 0.8845109231274638 0.02403846153846154 0.01953125
0 0.4073895683816842 0.8812257720105124 0.02403846153846154 0.01953125
0 0.43973567168705163 0.8483742608409987 0.02403846153846154 0.01953125
0 0.42194531486909964 0.8424609888304861 0.02403846153846154 0.01953125
0 0.4041549580511474 0.8197934461235217 0.02403846153846154 0.01953125
0 0.3827256646113415 0.8076383869908016 0.02403846153846154 0.01953125
0 0.376256443950268 0.7846423291721419 0.02403846153846154 0.01953125
0 0.4081982209643184 0.773144300262812 0.02403846153846154 0.01953125
0 0.4344794298999294 0.7951548127463863 0.02403846153846154 0.01953125
0 0.46359092287476017 0.7770864816031536 0.02403846153846154 0.01953125
0 0.44458758718285674 0.808623932325887 0.02403846153846154 0.01953125
0 0.46520822804002854 0.8342481110381077 0.02403846153846154 0.01953125
0 0.4615692914181747 0.8818828022339028 0.02403846153846154 0.01953125
0 0.4603563125442233 0.9140772831800262 0.02403846153846154 0.01953125
0 0.4700601435358337 0.9434793856767411 0.02403846153846154 0.01953125
0 0.46520822804002854 0.940522749671485 0.02403846153846154 0.01953125
0 0.4987673102193473 0.9444649310118266 0.02403846153846154 0.01953125
0 0.5003846153846156 0.9178552069645204 0.02403846153846154 0.01953125
0 0.4987673102193473 0.9723887155059133 0.02403846153846154 0.01953125
0 0.5387956130597396 0.9142415407358739 0.02403846153846154 0.01953125
0 0.5529470332558377 0.9589195959264126 0.02403846153846154 0.01953125
0 0.593379662387547 0.9378946287779237 0.02403846153846154 0.01953125
0 0.5743763266956436 0.9112849047306176 0.02403846153846154 0.01953125
0 0.5521383806732036 0.900115390932983 0.02403846153846154 0.01953125
0 0.5606292327908625 0.8659498193166886 0.02403846153846154 0.01953125
0 0.5258571717375925 0.8537947601839685 0.02403846153846154 0.01953125
0 0.5222182351157387 0.8790904237844942 0.02403846153846154 0.01953125
0 0.4906807843930054 0.8833611202365309 0.02403846153846154 0.01953125
0 0.48542454260588325 0.855108820630749 0.02403846153846154 0.01953125
0 0.5096841200849088 0.8124018561103811 0.02403846153846154 0.01953125
0 0.4797639745274439 0.8038604632063074 0.02403846153846154 0.01953125
0 0.5068538360456891 0.7825069809461235 0.02403846153846154 0.01953125
0 0.5270701506115438 0.7752796484888305 0.02403846153846154 0.01953125
0 0.5517340543818865 0.7949905551905387 0.02403846153846154 0.01953125
0 0.5622465379561308 0.8353979139290406 0.02403846153846154 0.01953125
0 0.5881234206004248 0.8518236695137976 0.02403846153846154 0.01953125
0 0.5897407257656931 0.88139002956636 0.02403846153846154 0.01953125
0 0.6281517234408169 0.9178552069645204 0.02403846153846154 0.01953125
0 0.6459420802587691 0.9303387812089357 0.02403846153846154 0.01953125
0 0.6556459112503794 0.96450435282523 0.02403846153846154 0.01953125
0 0.6863747093904784 0.9296817509855453 0.02403846153846154 0.01953125
0 0.6819271201859903 0.8922310282522996 0.02403846153846154 0.01953125
0 0.6338122915192563 0.8705490308804206 0.02403846153846154 0.01953125
0 0.6839487516425758 0.8597080321944809 0.02403846153846154 0.01953125
0 0.6200651976144751 0.8258709756898818 0.02403846153846154 0.01953125
0 0.6439204488021836 0.8501810939553219 0.02403846153846154 0.01953125
0 0.6803098150207221 0.8314557325886991 0.02403846153846154 0.01953125
0 0.6795011624380879 0.8114163107752956 0.02403846153846154 0.01953125
0 0.6378555544324273 0.8117448258869908 0.02403846153846154 0.01953125
0 0.6164262609926213 0.7949905551905387 0.02403846153846154 0.01953125
0 0.6402815121803299 0.7736370729303548 0.02403846153846154 0.01953125
0 0.6596891741635503 0.781521435611038 0.02403846153846154 0.01953125
0 0.6896093197210151 0.7618105289093298 0.02403846153846154 0.01953125
0 0.593379662387547 0.7637816195795005 0.02403846153846154 0.01953125
0 0.5598205802082282 0.7667382555847568 0.02403846153846154 0.01953125
0 0.7083346810876378 0.9467645367936924 0.02403846153846154 0.01953125
0 0.7172298594966139 0.9224544185282523 0.02403846153846154 0.01953125
0 0.7673663196199333 0.936252053219448 0.02403846153846154 0.01953125
0 0.756853836045689 0.9684465341655717 0.02403846153846154 0.01953125
0 0.7972864651773983 0.9723887155059133 0.02403846153846154 0.01953125
0 0.804564338421106 0.9329669021024967 0.02403846153846154 0.01953125
0 0.8094162539169111 0.9152270860709593 0.02403846153846154 0.01953125
0 0.769792277367836 0.9020864816031537 0.02403846153846154 0.01953125
0 0.821546042656424 0.8902599375821287 0.02403846153846154 0.01953125
0 0.8102249064995453 0.8620076379763469 0.02403846153846154 0.01953125
0 0.7891999393510563 0.8403256406044679 0.02403846153846154 0.01953125
0 0.744724047306176 0.8363834592641262 0.02403846153846154 0.01953125
0 0.7042914181744669 0.8252139454664915 0.02403846153846154 0.01953125
0 0.7325942585666634 0.8133874014454665 0.02403846153846154 0.01953125
0 0.7301683008187608 0.7903913436268069 0.02403846153846154 0.01953125
0 0.7706009299504701 0.7963046156373192 0.02403846153846154 0.01953125
0 0.79566916001213 0.7759366787122207 0.02403846153846154 0.01953125
0 0.7641317092893966 0.7660812253613667 0.02403846153846154 0.01953125
0 0.8102249064995453 0.8107592805519053 0.02403846153846154 0.01953125
0 0.8280152633174972 0.7660812253613667 0.02403846153846154 0.01953125
0 0.848231577883352 0.7910483738501971 0.02403846153846154 0.01953125
0 0.8724911553623774 0.8186436432325888 0.02403846153846154 0.01953125
0 0.8385277468917418 0.8449248521681998 0.02403846153846154 0.01953125
0 0.8547007985444254 0.8541232752956636 0.02403846153846154 0.01953125
0 0.843847164661882 0.916869661629435 0.02403846153846154 0.01953125
0 0.8491034064490044 0.9316528416557163 0.02403846153846154 0.01953125
0 0.8721500050540788 0.9116134198423127 0.02403846153846154 0.01953125
0 0.8992398665723239 0.9178552069645204 0.02403846153846154 0.01953125
0 0.8899403618720308 0.8758052726675427 0.02403846153846154 0.01953125
0 0.8879187304154453 0.940522749671485 0.02403846153846154 0.01953125
0 0.8960052562417873 0.9576055354796321 0.02403846153846154 0.01953125
0 0.9396724957040331 0.9411797798948751 0.02403846153846154 0.01953125
0 0.9234994440513495 0.9280391754270697 0.02403846153846154 0.01953125
0 0.9319902961690083 0.911941934954008 0.02403846153846154 0.01953125
0 0.9230951177600323 0.8754767575558476 0.02403846153846154 0.01953125
0 0.9756575356312545 0.9303387812089357 0.02403846153846154 0.01953125
0 0.973231577883352 0.9024149967148489 0.02403846153846154 0.01953125
0 0.9805094511270596 0.9490641425755585 0.02403846153846154 0.01953125
0 0.9675710098049126 0.9612192017082787 0.02403846153846154 0.01953125
0 0.9708056201354494 0.8715345762155059 0.02403846153846154 0.01953125
0 0.9845527140402305 0.8544517904073589 0.02403846153846154 0.01953125
0 0.9594844839785708 0.8304701872536137 0.02403846153846154 0.01953125
0 0.9695926412614981 0.8150299770039422 0.02403846153846154 0.01953125
0 0.9817224300010109 0.7871061925098555 0.02403846153846154 0.01953125
0 0.9926392398665725 0.7532691360052561 0.02403846153846154 0.01953125
0 0.9315859698776913 0.7729800427069645 0.02403846153846154 0.01953125
0 0.9125826341857881 0.7575398324572931 0.02403846153846154 0.01953125
0 0.8956009299504701 0.7687093462549277 0.02403846153846154 0.01953125
0 0.8907490144546648 0.8005753120893562 0.02403846153846154 0.01953125
0 0.8377822702921258 0.821600279237845 0.02403846153846154 0.01953125
0 0.9999171131102801 0.8988013304862024 0.02403846153846154 0.01953125
0 0.9987041342363286 0.7986042214191852 0.02403846153846154 0.01953125
0 0.9987041342363286 0.8337553383705651 0.02403846153846154 0.01953125
0 0.45118315980996676 0.7614820137976348 0.02403846153846154 0.01953125
0 0.5065758617204085 0.7542546813403417 0.02403846153846154 0.01953125
0 0.4754427372889923 0.7401285315374507 0.02403846153846154 0.01953125
0 0.4936374203982614 0.7164754434954008 0.02403846153846154 0.01953125
0 0.465334580006065 0.7250168363994745 0.02403846153846154 0.01953125
0 0.45118315980996676 0.7105621714848883 0.02403846153846154 0.01953125
0 0.4883811786111393 0.6918368101182655 0.02403846153846154 0.01953125
0 0.4629086222581625 0.6865805683311433 0.02403846153846154 0.01953125
0 0.4726124532497727 0.6639130256241788 0.02403846153846154 0.01953125
0 0.5085974931769939 0.6855950229960578 0.02403846153846154 0.01953125
0 0.4992979884767008 0.6750825394218134 0.02403846153846154 0.01953125
0 0.5215359344991408 0.6777106603153746 0.02403846153846154 0.01953125
0 0.5134494086727991 0.7046488994743758 0.02403846153846154 0.01953125
0 0.5227489133730922 0.709576626149803 0.02403846153846154 0.01953125
0 0.5336657232386537 0.7411140768725362 0.02403846153846154 0.01953125
0 0.5546906903871426 0.7187750492772668 0.02403846153846154 0.01953125
0 0.5542863640958254 0.6931508705650461 0.02403846153846154 0.01953125
0 0.5777372889922168 0.7158184132720105 0.02403846153846154 0.01953125
0 0.5813762256140707 0.6888801741130093 0.02403846153846154 0.01953125
0 0.5700550894571921 0.6665411465177398 0.02403846153846154 0.01953125
0 0.5858238148185587 0.6652270860709593 0.02403846153846154 0.01953125
0 0.6165526129586578 0.6826383869908017 0.02403846153846154 0.01953125
0 0.6290867279894876 0.6583282687253614 0.02403846153846154 0.01953125
0 0.6121050237541696 0.70234929369251 0.02403846153846154 0.01953125
0 0.640003537855049 0.7085910808147174 0.02403846153846154 0.01953125
0 0.6294910542808048 0.7237027759526938 0.02403846153846154 0.01953125
0 0.6149353077933895 0.7299445630749015 0.02403846153846154 0.01953125
0 0.6177655918326089 0.7473558639947439 0.02403846153846154 0.01953125
0 0.5732896997877288 0.7427566524310119 0.02403846153846154 0.01953125
0 0.6674977256646114 0.7187750492772668 0.02403846153846154 0.01953125
0 0.6755842514909534 0.6984071123521683 0.02403846153846154 0.01953125
0 0.6691150308298799 0.6823098718791064 0.02403846153846154 0.01953125
0 0.6464727585161226 0.623834181997372 0.02403846153846154 0.01953125
0 0.6767972303649046 0.6320470597897504 0.02403846153846154 0.01953125
0 0.622617507328414 0.6185779402102497 0.02403846153846154 0.01953125
0 0.6040184979278279 0.6405884526938239 0.02403846153846154 0.01953125
0 0.5882497725664613 0.6274478482260184 0.02403846153846154 0.01953125
0 0.5647988476700698 0.6507724211563732 0.02403846153846154 0.01953125
0 0.5514560800566058 0.6442021189224704 0.02403846153846154 0.01953125
0 0.5187056504599213 0.6524149967148489 0.02403846153846154 0.01953125
0 0.5207272819165067 0.6363177562417872 0.02403846153846154 0.01953125
0 0.495659051854847 0.6468302398160316 0.02403846153846154 0.01953125
0 0.4443096128575762 0.638288846911958 0.02403846153846154 0.01953125
0 0.4556307490144548 0.6474872700394217 0.02403846153846154 0.01953125
0 0.4491615283533813 0.6212060611038108 0.02403846153846154 0.01953125
0 0.47059082179318723 0.628761908672799 0.02403846153846154 0.01953125
0 0.4503745072273325 0.6011666392904074 0.02403846153846154 0.01953125
0 0.4891898311937734 0.5998525788436269 0.02403846153846154 0.01953125
0 0.4863595471545538 0.5804701872536137 0.02403846153846154 0.01953125
0 0.5061715354290913 0.5873690045992116 0.02403846153846154 0.01953125
0 0.5154710401293845 0.5771850361366623 0.02403846153846154 0.01953125
0 0.5231532396644093 0.5952533672798949 0.02403846153846154 0.01953125
0 0.5409435964823613 0.576199490801577 0.02403846153846154 0.01953125
0 0.5470084908521178 0.5945963370565046 0.02403846153846154 0.01953125
0 0.5466041645608007 0.6133216984231276 0.02403846153846154 0.01953125
0 0.5684377842919237 0.6156213042049935 0.02403846153846154 0.01953125
0 0.5753113312443142 0.5922967312746387 0.02403846153846154 0.01953125
0 0.5854194885272416 0.5738998850197109 0.02403846153846154 0.01953125
0 0.5882497725664613 0.5633874014454665 0.02403846153846154 0.01953125
0 0.6112963711715356 0.5998525788436269 0.02403846153846154 0.01953125
0 0.6323213383200244 0.5863834592641262 0.02403846153846154 0.01953125
0 0.6193828969978774 0.5725858245729303 0.02403846153846154 0.01953125
0 0.6480900636813909 0.5702862187910644 0.02403846153846154 0.01953125
0 0.6630501364601235 0.5752139454664915 0.02403846153846154 0.01953125
0 0.6800318406954413 0.5919682161629435 0.02403846153846154 0.01953125
0 0.6594111998382696 0.5620733409986859 0.02403846153846154 0.01953125
0 0.6274694228242192 0.5561600689881735 0.02403846153846154 0.01953125
0 0.6048271505104621 0.5482757063074901 0.02403846153846154 0.01953125
0 0.5579253007176793 0.5558315538764783 0.02403846153846154 0.01953125
0 0.5328570706560195 0.5495897667542707 0.02403846153846154 0.01953125
0 0.5065758617204085 0.5538604632063076 0.02403846153846154 0.01953125
0 0.48555089457191963 0.569300673455979 0.02403846153846154 0.01953125
0 0.4536091175578693 0.5633874014454665 0.02403846153846154 0.01953125
0 0.45765238047104023 0.5459761005256242 0.02403846153846154 0.01953125
0 0.45118315980996676 0.5837553383705651 0.02403846153846154 0.01953125
0 0.7985626200343676 0.7575398324572928 0.02403846153846154 0.01953125
0 0.8001799251996361 0.7306015932982917 0.02403846153846154 0.01953125
0 0.760555948650561 0.7332297141918527 0.02403846153846154 0.01953125
0 0.7666208430203174 0.7191035643889617 0.02403846153846154 0.01953125
0 0.7949236834125141 0.7059629599211563 0.02403846153846154 0.01953125
0 0.7637905589810978 0.6905227496714847 0.02403846153846154 0.01953125
0 0.7666208430203174 0.672125903416557 0.02403846153846154 0.01953125
0 0.7637905589810978 0.6557001478318002 0.02403846153846154 0.01953125
0 0.7698554533508541 0.6320470597897502 0.02403846153846154 0.01953125
0 0.7625775801071465 0.6235056668856767 0.02403846153846154 0.01953125
0 0.7710684322248055 0.6011666392904073 0.02403846153846154 0.01953125
0 0.7601516223592439 0.588683065045992 0.02403846153846154 0.01953125
0 0.7844111998382695 0.5899971254927725 0.02403846153846154 0.01953125
0 0.8199919134741737 0.5952533672798948 0.02403846153846154 0.01953125
0 0.807862124734661 0.6254767575558474 0.02403846153846154 0.01953125
0 0.8005842514909531 0.6560286629434953 0.02403846153846154 0.01953125
0 0.829695744465784 0.6501153909329829 0.02403846153846154 0.01953125
0 0.8203962397654906 0.6691692674113009 0.02403846153846154 0.01953125
0 0.8013929040735874 0.6908512647831799 0.02403846153846154 0.01953125
0 0.8268654604265642 0.6865805683311431 0.02403846153846154 0.01953125
0 0.8588072374406147 0.6655556011826543 0.02403846153846154 0.01953125
0 0.8656807843930052 0.6918368101182654 0.02403846153846154 0.01953125
0 0.8798322045891034 0.729287532851511 0.02403846153846154 0.01953125
0 0.9044961083594463 0.6918368101182654 0.02403846153846154 0.01953125
0 0.8891317092893966 0.6806672963206306 0.02403846153846154 0.01953125
0 0.8943879510765188 0.650772421156373 0.02403846153846154 0.01953125
0 0.8608288688972002 0.650772421156373 0.02403846153846154 0.01953125
0 0.87336298392803 0.6346751806833113 0.02403846153846154 0.01953125
0 0.8802365308804205 0.6195634855453349 0.02403846153846154 0.01953125
0 0.8935792984938846 0.6093795170827856 0.02403846153846154 0.01953125
0 0.843442838370565 0.6205490308804203 0.02403846153846154 0.01953125
0 0.8543596482361265 0.6074084264126148 0.02403846153846154 0.01953125
0 0.8757889416759325 0.5863834592641259 0.02403846153846154 0.01953125
0 0.9101566764378853 0.5883545499342968 0.02403846153846154 0.01953125
0 0.9400768219953503 0.5811272174770038 0.02403846153846154 0.01953125
0 0.9453330637824725 0.6067513961892246 0.02403846153846154 0.01953125
0 0.9214778125947641 0.629090423784494 0.02403846153846154 0.01953125
0 0.9069220661073487 0.6353322109067016 0.02403846153846154 0.01953125
0 0.9210734863034469 0.674096994086728 0.02403846153846154 0.01953125
0 0.6420883452946528 0.7112192017082785 0.02403846153846154 0.01953125
0 0.9396724957040331 0.6612849047306175 0.02403846153846154 0.01953125
0 0.9412898008693016 0.6961075065703021 0.02403846153846154 0.01953125
0 0.9433114323258871 0.7191035643889617 0.02403846153846154 0.01953125
0 0.9069220661073487 0.7246883212877792 0.02403846153846154 0.01953125
0 0.9230951177600323 0.7430851675427068 0.02403846153846154 0.01953125
0 0.9683796623875468 0.7348722897503284 0.02403846153846154 0.01953125
0 0.9877873243707671 0.7141758377135347 0.02403846153846154 0.01953125
0 0.9675710098049126 0.6405884526938238 0.02403846153846154 0.01953125
0 0.9942565450318407 0.6432165735873849 0.02403846153846154 0.01953125
0 0.9760618619225716 0.6156213042049933 0.02403846153846154 0.01953125
0 0.973231577883352 0.6034662450722732 0.02403846153846154 0.01953125
0 0.9958738501971092 0.5811272174770038 0.02403846153846154 0.01953125
0 0.8365692914181745 0.7197605946123521 0.02403846153846154 0.01953125
0 0.8369736177094915 0.7329011990801576 0.02403846153846154 0.01953125
0 0.8697240473061763 0.7115477168199736 0.02403846153846154 0.01953125
0 0.9020701506115435 0.709905141261498 0.02403846153846154 0.01953125
0 0.7212731224097848 0.7276449572930354 0.02403846153846154 0.01953125
0 0.6865010613565148 0.7420996222076214 0.02403846153846154 0.01953125
0 0.7172298594966139 0.7532691360052561 0.02403846153846154 0.01953125
0 0.6986308500960275 0.7138473226018396 0.02403846153846154 0.01953125
0 0.7236990801576874 0.6987356274638631 0.02403846153846154 0.01953125
0 0.7026741130091985 0.6954504763469119 0.02403846153846154 0.01953125
0 0.7180385120792481 0.6796817509855453 0.02403846153846154 0.01953125
0 0.7083346810876378 0.6632559954007883 0.02403846153846154 0.01953125
0 0.6848837561912464 0.655371632720105 0.02403846153846154 0.01953125
0 0.7350202163145659 0.6691692674113009 0.02403846153846154 0.01953125
0 0.713995249166077 0.6402599375821286 0.02403846153846154 0.01953125
0 0.7390634792277369 0.6297474540078842 0.02403846153846154 0.01953125
0 0.6970135449307592 0.6087224868593955 0.02403846153846154 0.01953125
0 0.7350202163145659 0.5844123685939552 0.02403846153846154 0.01953125
0 0.722081774992419 0.5653584921156372 0.02403846153846154 0.01953125
0 0.6953962397654908 0.5666725525624177 0.02403846153846154 0.01953125
0 0.7503846153846155 0.5620733409986858 0.02403846153846154 0.01953125
0 0.7706009299504701 0.5647014618922469 0.02403846153846154 0.01953125
0 0.7075260285050037 0.5942678219448093 0.02403846153846154 0.01953125
0 0.18784039219650256 0.7516265604467804 0.02403846153846154 0.01953125
0 0.22139947437582125 0.7519550755584756 0.02403846153846154 0.01953125
0 0.2488936621853836 0.7687093462549275 0.02403846153846154 0.01953125
0 0.2711316082078237 0.7690378613666228 0.02403846153846154 0.01953125
0 0.28285707065601945 0.7450562582128777 0.02403846153846154 0.01953125
0 0.23959415748509047 0.7486699244415241 0.02403846153846154 0.01953125
0 0.263853734964116 0.7355293199737186 0.02403846153846154 0.01953125
0 0.24848933589406652 0.724359806176084 0.02403846153846154 0.01953125
0 0.22544273728899222 0.7332297141918527 0.02403846153846154 0.01953125
0 0.22301677954108964 0.7115477168199736 0.02403846153846154 0.01953125
0 0.17611492974830686 0.7191035643889617 0.02403846153846154 0.01953125
0 0.18945769736177095 0.7391429862023651 0.02403846153846154 0.01953125
0 0.1793495400788436 0.6990641425755584 0.02403846153846154 0.01953125
0 0.17247599312645304 0.6836239323258869 0.02403846153846154 0.01953125
0 0.19835287577074695 0.67935323587385 0.02403846153846154 0.01953125
0 0.21452592742343068 0.6869090834428383 0.02403846153846154 0.01953125
0 0.22786869503689478 0.665227086070959 0.02403846153846154 0.01953125
0 0.24687203072879818 0.6964360216819973 0.02403846153846154 0.01953125
0 0.2509152936419691 0.6780391754270696 0.02403846153846154 0.01953125
0 0.2654710401293844 0.6852665078843626 0.02403846153846154 0.01953125
0 0.2602147983422622 0.7115477168199736 0.02403846153846154 0.01953125
0 0.2869003335691903 0.7200891097240473 0.02403846153846154 0.01953125
0 0.29458253310421506 0.6964360216819973 0.02403846153846154 0.01953125
0 0.33420650965329024 0.6954504763469117 0.02403846153846154 0.01953125
0 0.3451233195188517 0.7036633541392903 0.02403846153846154 0.01953125
0 0.35604012938441326 0.7158184132720103 0.02403846153846154 0.01953125
0 0.32652431011826555 0.7312586235216818 0.02403846153846154 0.01953125
0 0.34471899322753463 0.7407855617608408 0.02403846153846154 0.01953125
0 0.307116648135045 0.7309301084099867 0.02403846153846154 0.01953125
0 0.31035125846558176 0.7634531044678053 0.02403846153846154 0.01953125
0 0.36776559183260893 0.7614820137976345 0.02403846153846154 0.01953125
0 0.37989538057212174 0.7322441688567674 0.02403846153846154 0.01953125
0 0.38029970686343884 0.7154898981603153 0.02403846153846154 0.01953125
0 0.3774694228242192 0.7010352332457293 0.02403846153846154 0.01953125
0 0.4029419791771961 0.7072770203679367 0.02403846153846154 0.01953125
0 0.40941119983826957 0.724688321287779 0.02403846153846154 0.01953125
0 0.4061765895077327 0.6980785972404729 0.02403846153846154 0.01953125
0 0.4061765895077327 0.6744255091984229 0.02403846153846154 0.01953125
0 0.372213181037097 0.6711403580814717 0.02403846153846154 0.01953125
0 0.3653396340847064 0.6754110545335084 0.02403846153846154 0.01953125
0 0.3228853734964116 0.6737684789750327 0.02403846153846154 0.01953125
0 0.3439103406449004 0.6524149967148487 0.02403846153846154 0.01953125
0 0.36372232891943806 0.6445306340341653 0.02403846153846154 0.01953125
0 0.385555948650561 0.6333611202365307 0.02403846153846154 0.01953125
0 0.4086025472556353 0.6514294513797633 0.02403846153846154 0.01953125
0 0.36129637117153546 0.6241626971090668 0.02403846153846154 0.01953125
0 0.3908121904376832 0.6156213042049933 0.02403846153846154 0.01953125
0 0.36372232891943806 0.6116791228646516 0.02403846153846154 0.01953125
0 0.3883862326897806 0.6041232752956635 0.02403846153846154 0.01953125
0 0.37463913878499955 0.5952533672798948 0.02403846153846154 0.01953125
0 0.4081982209643182 0.5991955486202363 0.02403846153846154 0.01953125
0 0.3916208430203174 0.5758709756898815 0.02403846153846154 0.01953125
0 0.3588704134236329 0.5761994908015767 0.02403846153846154 0.01953125
0 0.3370367936925099 0.5758709756898815 0.02403846153846154 0.01953125
0 0.34269736177094917 0.5903256406044676 0.02403846153846154 0.01953125
0 0.33420650965329024 0.6008381241787121 0.02403846153846154 0.01953125
0 0.34188870918831493 0.6175923948751642 0.02403846153846154 0.01953125
0 0.3188421105832407 0.6497868758212876 0.02403846153846154 0.01953125
0 0.30307338522187405 0.6281048784494085 0.02403846153846154 0.01953125
0 0.31399019508743553 0.6139787286465176 0.02403846153846154 0.01953125
0 0.3095426058829475 0.595910397503285 0.02403846153846154 0.01953125
0 0.3261199838269484 0.5844123685939552 0.02403846153846154 0.01953125
0 0.2844743758212878 0.6041232752956635 0.02403846153846154 0.01953125
0 0.2719402607904579 0.5919682161629433 0.02403846153846154 0.01953125
0 0.25293692509855453 0.6143072437582128 0.02403846153846154 0.01953125
0 0.2687056504599212 0.6346751806833113 0.02403846153846154 0.01953125
0 0.25212827251592035 0.6346751806833113 0.02403846153846154 0.01953125
0 0.27072728191650663 0.6422310282522995 0.02403846153846154 0.01953125
0 0.25172394622460326 0.6557001478318002 0.02403846153846154 0.01953125
0 0.2788138077428485 0.6622704500657028 0.02403846153846154 0.01953125
0 0.30186040634792277 0.6668696616294348 0.02403846153846154 0.01953125
0 0.21250429596684525 0.6547146024967146 0.02403846153846154 0.01953125
0 0.215738906297382 0.6373033015768723 0.02403846153846154 0.01953125
0 0.22422975841504095 0.6228486366622863 0.02403846153846154 0.01953125
0 0.2205908217931871 0.6051088206307489 0.02403846153846154 0.01953125
0 0.20037450722733247 0.6037947601839683 0.02403846153846154 0.01953125
0 0.20280046497523505 0.6225201215505912 0.02403846153846154 0.01953125
0 0.19956585464469828 0.6419025131406043 0.02403846153846154 0.01953125
0 0.17975386637016072 0.6589852989487516 0.02403846153846154 0.01953125
0 0.23069897907611445 0.5929537614980288 0.02403846153846154 0.01953125
0 0.25212827251592035 0.5827697930354795 0.02403846153846154 0.01953125
0 0.22746436874557768 0.5719287943495399 0.02403846153846154 0.01953125
0 0.1975442231881128 0.5867119743758211 0.02403846153846154 0.01953125
0 0.17449762458303847 0.5709432490144545 0.02403846153846154 0.01953125
0 0.20684372788840594 0.5640444316688565 0.02403846153846154 0.01953125
0 0.17045436166986755 0.5906541557161628 0.02403846153846154 0.01953125
0 0.1696457090872334 0.6313900295663599 0.02403846153846154 0.01953125
0 0.4146674416253917 0.5844123685939551 0.02403846153846154 0.01953125
0 0.4195193571211968 0.5673295827858079 0.02403846153846154 0.01953125
0 0.4267972303649045 0.5607592805519052 0.02403846153846154 0.01953125
0 0.43650106135651473 0.6980785972404729 0.02403846153846154 0.01953125
0 0.43003184069544126 0.73881447109067 0.02403846153846154 0.01953125
0 0.15913322551298897 0.7545831964520366 0.02403846153846154 0.01953125
0 0.08231123016274135 0.76246755913272 0.02403846153846154 0.01953125
0 0.10414484989386433 0.76246755913272 0.02403846153846154 0.01953125
0 0.06613817851005759 0.7526121057818658 0.02403846153846154 0.01953125
0 0.08473718791064387 0.7309301084099867 0.02403846153846154 0.01953125
0 0.04915647427473971 0.734215259526938 0.02403846153846154 0.01953125
0 0.07665066208430198 0.709905141261498 0.02403846153846154 0.01953125
0 0.11304002830284035 0.7145043528252297 0.02403846153846154 0.01953125
0 0.11223137572020615 0.6947934461235216 0.02403846153846154 0.01953125
0 0.15104669968664716 0.7151613830486201 0.02403846153846154 0.01953125
0 0.14700343677347621 0.6967645367936923 0.02403846153846154 0.01953125
0 0.1364909531992318 0.6855950229960577 0.02403846153846154 0.01953125
0 0.15751592034772063 0.6816528416557159 0.02403846153846154 0.01953125
0 0.14376882644293948 0.6645700558475689 0.02403846153846154 0.01953125
0 0.13002173253815827 0.6612849047306175 0.02403846153846154 0.01953125
0 0.0214727585161225 0.7411140768725359 0.02403846153846154 0.01953125
0 0.03360254725563531 0.7585253777923783 0.02403846153846154 0.01953125
0 0.02834630546851309 0.710233656373193 0.02403846153846154 0.01953125
0 0.013386232689780665 0.7266594119579499 0.02403846153846154 0.01953125
0 0.014599211563731932 0.6928223554533507 0.02403846153846154 0.01953125
0 0.059479429899929256 0.6859235381077528 0.02403846153846154 0.01953125
0 0.059883756191246355 0.7043203843626804 0.02403846153846154 0.01953125
0 0.048158293743050654 0.6665411465177397 0.02403846153846154 0.01953125
0 0.049371272617001916 0.6550431176084098 0.02403846153846154 0.01953125
0 0.0291549580511473 0.6566856931668855 0.02403846153846154 0.01953125
0 0.06797028201758822 0.6534005420499341 0.02403846153846154 0.01953125
0 0.08454765996158903 0.6589852989487514 0.02403846153846154 0.01953125
0 0.10597695340139493 0.6478157851511168 0.02403846153846154 0.01953125
0 0.09384716466188216 0.6740969940867279 0.02403846153846154 0.01953125
0 0.08252602850500355 0.7046488994743757 0.02403846153846154 0.01953125
0 0.10072071161427276 0.6356607260183966 0.02403846153846154 0.01953125
0 0.14519660365915293 0.6333611202365307 0.02403846153846154 0.01953125
0 0.1492398665723239 0.6445306340341653 0.02403846153846154 0.01953125
0 0.13549277266754273 0.6011666392904071 0.02403846153846154 0.01953125
0 0.1512614980289094 0.6041232752956635 0.02403846153846154 0.01953125
0 0.09950773274032144 0.6090510019710905 0.02403846153846154 0.01953125
0 0.08495198625290609 0.6087224868593953 0.02403846153846154 0.01953125
0 0.08293035479632066 0.6313900295663598 0.02403846153846154 0.01953125
0 0.06513999797836857 0.6218630913272009 0.02403846153846154 0.01953125
0 0.044519357121196805 0.6156213042049933 0.02403846153846154 0.01953125
0 0.04330637824724554 0.6313900295663598 0.02403846153846154 0.01953125
0 0.026324674011927618 0.6231771517739815 0.02403846153846154 0.01953125
0 0.022281411098756705 0.6471587549277266 0.02403846153846154 0.01953125
0 0.044519357121196805 0.5899971254927725 0.02403846153846154 0.01953125
0 0.038454462751440426 0.5761994908015767 0.02403846153846154 0.01953125
0 0.06918326089153946 0.5860549441524308 0.02403846153846154 0.01953125
0 0.06877893460022239 0.5962389126149801 0.02403846153846154 0.01953125
0 0.08939957545739416 0.5863834592641259 0.02403846153846154 0.01953125
0 0.08818659658344284 0.5719287943495399 0.02403846153846154 0.01953125
0 0.10840291114929751 0.569957703679369 0.02403846153846154 0.01953125
0 0.13064085717173762 0.5663440374507225 0.02403846153846154 0.01953125
0 0.11123319518851714 0.5932822766097239 0.02403846153846154 0.01953125
0 0.1375144041241282 0.5788276116951377 0.02403846153846154 0.01953125
0 0.15004851915495807 0.5656870072273322 0.02403846153846154 0.01953125
0 0.02511169513797635 0.5660155223390274 0.02403846153846154 0.01953125
0 0.1267871222076216 0.6172638797634691 0.02403846153846154 0.01953125
0 0.017833821894268676 0.5466331307490144 0.02403846153846154 0.01953125
0 0.004895380572121703 0.5239655880420498 0.02403846153846154 0.01953125
0 0.006108359446072992 0.5026121057818659 0.02403846153846154 0.01953125
0 0.02025977964217123 0.5085253777923784 0.02403846153846154 0.01953125
0 0.024707368846659243 0.5236370729303548 0.02403846153846154 0.01953125
0 0.0327938946730011 0.5269222240473062 0.02403846153846154 0.01953125
0 0.04249772566461133 0.5436764947437582 0.02403846153846154 0.01953125
0 0.06109673506519763 0.5380917378449408 0.02403846153846154 0.01953125
0 0.07646113413524717 0.5509038272010512 0.02403846153846154 0.01953125
0 0.052201556656221566 0.5213374671484887 0.02403846153846154 0.01953125
0 0.04613666228646518 0.5039261662286465 0.02403846153846154 0.01953125
0 0.0327938946730011 0.4930851675427069 0.02403846153846154 0.01953125
0 0.018238148185585775 0.5009695302233902 0.02403846153846154 0.01953125
0 0.017025169311634492 0.48125862352168197 0.02403846153846154 0.01953125
0 0.027941979177195986 0.469432079500657 0.02403846153846154 0.01953125
0 0.02268573739007381 0.4566199901445466 0.02403846153846154 0.01953125
0 0.03521985242090368 0.45103523324572925 0.02403846153846154 0.01953125
0 0.004895380572121703 0.44643602168199736 0.02403846153846154 0.01953125
0 0.018642474476902864 0.43986571944809455 0.02403846153846154 0.01953125
0 0.0012564439502678556 0.43001026609724047 0.02403846153846154 0.01953125
0 0.024303042555342182 0.41949778252299597 0.02403846153846154 0.01953125
0 0.0008521176589507736 0.4162126314060446 0.02403846153846154 0.01953125
0 0.00732133832002426 0.4011009362680683 0.02403846153846154 0.01953125
0 0.024303042555342182 0.41029935939553214 0.02403846153846154 0.01953125
0 0.03643283129485496 0.4001153909329828 0.02403846153846154 0.01953125
0 0.013386232689780665 0.3896029073587384 0.02403846153846154 0.01953125
0 0.005299706863438807 0.3807329993429697 0.02403846153846154 0.01953125
0 0.005299706863438807 0.3751482424441524 0.02403846153846154 0.01953125
0 0.020664105933488334 0.3705490308804204 0.02403846153846154 0.01953125
0 0.03117658950773273 0.3830326051248356 0.02403846153846154 0.01953125
0 0.05786212473466089 0.39518766425755575 0.02403846153846154 0.01953125
0 0.04977559890831903 0.39321657358738493 0.02403846153846154 0.01953125
0 0.0631183665217831 0.38007596911957947 0.02403846153846154 0.01953125
0 0.07080056605680786 0.3846751806833113 0.02403846153846154 0.01953125
0 0.07605680784393007 0.3744912122207621 0.02403846153846154 0.01953125
0 0.08737794400080867 0.38007596911957947 0.02403846153846154 0.01953125
0 0.08980390174871121 0.3905884526938239 0.02403846153846154 0.01953125
0 0.07726978671788133 0.39321657358738493 0.02403846153846154 0.01953125
0 0.07160921863944206 0.40734272339027583 0.02403846153846154 0.01953125
0 0.06635297685231985 0.41851223718791064 0.02403846153846154 0.01953125
0 0.07726978671788133 0.42311144875164247 0.02403846153846154 0.01953125
0 0.05664914586070961 0.44216532522996055 0.02403846153846154 0.01953125
0 0.05867077731729509 0.4359235381077529 0.02403846153846154 0.01953125
0 0.05422318811280703 0.457605535479632 0.02403846153846154 0.01953125
0 0.055840493278075415 0.4691035643889619 0.02403846153846154 0.01953125
0 0.07160921863944206 0.44512196123521675 0.02403846153846154 0.01953125
0 0.07969574446578391 0.4602336563731931 0.02403846153846154 0.01953125
0 0.09142120691397958 0.44775008212877787 0.02403846153846154 0.01953125
0 0.08737794400080867 0.4710746550591327 0.02403846153846154 0.01953125
0 0.09789042757505308 0.4819156537450722 0.02403846153846154 0.01953125
0 0.11770241584959064 0.4681180190538764 0.02403846153846154 0.01953125
0 0.10597695340139493 0.4615477168199737 0.02403846153846154 0.01953125
0 0.09061255433134541 0.49932695466491456 0.02403846153846154 0.01953125
0 0.0784827655918326 0.5039261662286465 0.02403846153846154 0.01953125
0 0.06109673506519763 0.49374219776609723 0.02403846153846154 0.01953125
0 0.09506014353583343 0.5147671649145861 0.02403846153846154 0.01953125
0 0.08859092287475992 0.5206804369250986 0.02403846153846154 0.01953125
0 0.08939957545739416 0.5292218298291721 0.02403846153846154 0.01953125
0 0.11123319518851714 0.5160812253613666 0.02403846153846154 0.01953125
0 0.1035509956534924 0.5022835906701708 0.02403846153846154 0.01953125
0 0.12093702618012737 0.4832297141918528 0.02403846153846154 0.01953125
0 0.12781057313251798 0.5078683475689881 0.02403846153846154 0.01953125
0 0.13023653088042056 0.48257268396846253 0.02403846153846154 0.01953125
0 0.1371100778328111 0.4829011990801576 0.02403846153846154 0.01953125
0 0.14236631961993332 0.5016265604467806 0.02403846153846154 0.01953125
0 0.13994036187203077 0.5160812253613666 0.02403846153846154 0.01953125
0 0.13023653088042056 0.5288933147174769 0.02403846153846154 0.01953125
0 0.10718993227534625 0.5338210413929041 0.02403846153846154 0.01953125
0 0.12578894167593246 0.5449905551905387 0.02403846153846154 0.01953125
0 0.08656929141817446 0.5499182818659658 0.02403846153846154 0.01953125
0 0.14802688769837263 0.5357921320630749 0.02403846153846154 0.01953125
0 0.171477812594764 0.5420339191852824 0.02403846153846154 0.01953125
0 0.19128980086930156 0.5469616458607096 0.02403846153846154 0.01953125
0 0.18724653795613064 0.5581311596583443 0.02403846153846154 0.01953125
0 0.2171666835135955 0.5489327365308804 0.02403846153846154 0.01953125
0 0.23819165066208436 0.5436764947437582 0.02403846153846154 0.01953125
0 0.2414262609926211 0.5561600689881734 0.02403846153846154 0.01953125
0 0.21918831497018096 0.531521435611038 0.02403846153846154 0.01953125
0 0.19816334782169218 0.517066770696452 0.02403846153846154 0.01953125
0 0.18360760133427678 0.5131245893561104 0.02403846153846154 0.01953125
0 0.1811816435863742 0.5272507391590012 0.02403846153846154 0.01953125
0 0.15085717173759228 0.5256081636005255 0.02403846153846154 0.01953125
0 0.16298696047710506 0.5160812253613666 0.02403846153846154 0.01953125
0 0.1823946224603255 0.49866992444152425 0.02403846153846154 0.01953125
0 0.16419993935105637 0.48782892575558473 0.02403846153846154 0.01953125
0 0.1896724957040332 0.4894715013140604 0.02403846153846154 0.01953125
0 0.2143363994743759 0.4976843791064388 0.02403846153846154 0.01953125
0 0.23859597695340143 0.4832297141918528 0.02403846153846154 0.01953125
0 0.2450651976144749 0.4960418035479631 0.02403846153846154 0.01953125
0 0.13549277266754273 0.46417583771353477 0.02403846153846154 0.01953125
0 0.12457596280198122 0.4490641425755584 0.02403846153846154 0.01953125
0 0.11002021631456588 0.43658056833114317 0.02403846153846154 0.01953125
0 0.11365915293641972 0.42409699408672796 0.02403846153846154 0.01953125
0 0.08616496512685742 0.4152270860709592 0.02403846153846154 0.01953125
0 0.08818659658344284 0.4063571780551905 0.02403846153846154 0.01953125
0 0.10152936419690692 0.4093138140604467 0.02403846153846154 0.01953125
0 0.11204184777115135 0.3767908180026281 0.02403846153846154 0.01953125
0 0.11648943697563936 0.3945306340341655 0.02403846153846154 0.01953125
0 0.11810674214090774 0.3876318166885676 0.02403846153846154 0.01953125
0 0.13994036187203077 0.3945306340341655 0.02403846153846154 0.01953125
0 0.12983220458910347 0.4060286629434953 0.02403846153846154 0.01953125
0 0.1375144041241282 0.412598965177398 0.02403846153846154 0.01953125
0 0.1512614980289094 0.426725114980289 0.02403846153846154 0.01953125
0 0.15692206610734866 0.41391302562417864 0.02403846153846154 0.01953125
0 0.15853937127261702 0.3974872700394218 0.02403846153846154 0.01953125
0 0.1678388759729102 0.38533221090670167 0.02403846153846154 0.01953125
0 0.17916001212978877 0.3905884526938239 0.02403846153846154 0.01953125
0 0.1884595168300819 0.3804044842312746 0.02403846153846154 0.01953125
0 0.18482058020822806 0.3725201215505912 0.02403846153846154 0.01953125
0 0.16258263418578794 0.3721916064388961 0.02403846153846154 0.01953125
0 0.15611341352471447 0.3649642739816031 0.02403846153846154 0.01953125
0 0.17471242292530073 0.36299318331143227 0.02403846153846154 0.01953125
0 0.12498028909329834 0.36266466819973714 0.02403846153846154 0.01953125
0 0.114872131810371 0.3633216984231274 0.02403846153846154 0.01953125
0 0.10031638532295564 0.36824942509855446 0.02403846153846154 0.01953125
0 0.20099363186091176 0.36365021353482246 0.02403846153846154 0.01953125
0 0.20544122106539978 0.3702205157687253 0.02403846153846154 0.01953125
0 0.23010512483574247 0.3685779402102496 0.02403846153846154 0.01953125
0 0.21554937834832716 0.3866462713534822 0.02403846153846154 0.01953125
0 0.21676235722227843 0.3820470597897503 0.02403846153846154 0.01953125
0 0.2361700192054989 0.3948591491458606 0.02403846153846154 0.01953125
0 0.20908015768725366 0.40142945137976344 0.02403846153846154 0.01953125
0 0.19735469523905796 0.4152270860709592 0.02403846153846154 0.01953125
0 0.1811816435863742 0.409970844283837 0.02403846153846154 0.01953125
0 0.17552107550793494 0.43789462877792373 0.02403846153846154 0.01953125
0 0.17794703325583747 0.4490641425755584 0.02403846153846154 0.01953125
0 0.16460426564237346 0.45694850525624175 0.02403846153846154 0.01953125
0 0.1512614980289094 0.4497211727989487 0.02403846153846154 0.01953125
0 0.1880551905387648 0.46220474704336395 0.02403846153846154 0.01953125
0 0.20908015768725366 0.4556344448094612 0.02403846153846154 0.01953125
0 0.2171666835135955 0.4628617772667542 0.02403846153846154 0.01953125
0 0.23778732437076722 0.4661469283837056 0.02403846153846154 0.01953125
0 0.2390003032447185 0.45267780880420494 0.02403846153846154 0.01953125
0 0.22080562013544938 0.44709305190538756 0.02403846153846154 0.01953125
0 0.19654604265642378 0.4438079007884362 0.02403846153846154 0.01953125
0 0.23091377741837665 0.4260680847568987 0.02403846153846154 0.01953125
0 0.24587385019710914 0.4372375985545335 0.02403846153846154 0.01953125
0 0.245469523905792 0.41851223718791064 0.02403846153846154 0.01953125
0 0.22242292530071772 0.412598965177398 0.02403846153846154 0.01953125
0 0.22767916708783992 0.39781578515111693 0.02403846153846154 0.01953125
0 0.14802688769837263 0.3823755749014454 0.02403846153846154 0.01953125
0 0.1375144041241282 0.3777763633377134 0.02403846153846154 0.01953125
0 0.07605680784393007 0.36266466819973714 0.02403846153846154 0.01953125
0 0.04654098857778228 0.4024149967148488 0.02403846153846154 0.01953125
0 0.04977559890831903 0.41752669185282515 0.02403846153846154 0.01953125
0 0.04734964116041644 0.4260680847568987 0.02403846153846154 0.01953125
0 0.03926311533407459 0.4359235381077529 0.02403846153846154 0.01953125
0 0.2520019205498838 0.5160812253613666 0.02403846153846154 0.01953125
0 0.2673663196199333 0.5233085578186596 0.02403846153846154 0.01953125
0 0.265749014454665 0.5357921320630749 0.02403846153846154 0.01953125
0 0.2989037703426666 0.5469616458607095 0.02403846153846154 0.01953125
0 0.27383554028100676 0.5601022503285151 0.02403846153846154 0.01953125
0 0.27787880319417774 0.5745569152431012 0.02403846153846154 0.01953125
0 0.3053729910037401 0.5581311596583443 0.02403846153846154 0.01953125
0 0.30941625391691097 0.5712717641261498 0.02403846153846154 0.01953125
0 0.32801526331749736 0.557474129434954 0.02403846153846154 0.01953125
0 0.31992873749115536 0.5436764947437581 0.02403846153846154 0.01953125
0 0.3393363994743759 0.5364491622864651 0.02403846153846154 0.01953125
0 0.33044122106539986 0.5292218298291721 0.02403846153846154 0.01953125
0 0.322354695239058 0.5259366787122207 0.02403846153846154 0.01953125
0 0.3684478924492065 0.5279077693823915 0.02403846153846154 0.01953125
0 0.3741084605276459 0.5417054040735872 0.02403846153846154 0.01953125
0 0.3821949863539877 0.526593708935611 0.02403846153846154 0.01953125
0 0.40726321641564756 0.5331640111695137 0.02403846153846154 0.01953125
0 0.4096891741635501 0.5081968626806832 0.02403846153846154 0.01953125
0 0.4315227938946731 0.5173952858081471 0.02403846153846154 0.01953125
0 0.435566056807844 0.5298788600525624 0.02403846153846154 0.01953125
0 0.435566056807844 0.5430194645203679 0.02403846153846154 0.01953125
0 0.4525477610431619 0.5344780716162942 0.02403846153846154 0.01953125
0 0.48408521176589503 0.5357921320630749 0.02403846153846154 0.01953125
0 0.4638688972000405 0.5193663764783181 0.02403846153846154 0.01953125
0 0.4873198220964319 0.5134531044678055 0.02403846153846154 0.01953125
0 0.47519003335691906 0.5081968626806832 0.02403846153846154 0.01953125
0 0.270196603659153 0.436252053219448 0.02403846153846154 0.01953125
0 0.27140958253310427 0.42409699408672785 0.02403846153846154 0.01953125
0 0.2540235520064693 0.41325599540078833 0.02403846153846154 0.01953125
0 0.27262256140705554 0.40438608738501963 0.02403846153846154 0.01953125
0 0.2799004346507632 0.40997084428383695 0.02403846153846154 0.01953125
0 0.2548322045891034 0.3731771517739815 0.02403846153846154 0.01953125
0 0.265749014454665 0.3698920006570301 0.02403846153846154 0.01953125
0 0.2495759628019813 0.34886703350854126 0.02403846153846154 0.01953125
0 0.22167744870110176 0.3557658508541392 0.02403846153846154 0.01953125
0 0.22450773274032146 0.34755297306176075 0.02403846153846154 0.01953125
0 0.20226978671788132 0.3498525788436267 0.02403846153846154 0.01953125
0 0.2734312139896897 0.3524806997371879 0.02403846153846154 0.01953125
0 0.28758263418578794 0.3610220926412614 0.02403846153846154 0.01953125
0 0.2928388759729102 0.3514951544021024 0.02403846153846154 0.01953125
0 0.3142681694127161 0.367263879763469 0.02403846153846154 0.01953125
0 0.3098205802082281 0.37350566688567666 0.02403846153846154 0.01953125
0 0.3219503689477409 0.3869747864651773 0.02403846153846154 0.01953125
0 0.30941625391691097 0.39683023981603144 0.02403846153846154 0.01953125
0 0.31992873749115536 0.41851223718791053 0.02403846153846154 0.01953125
0 0.3150768219953503 0.42081184296977653 0.02403846153846154 0.01953125
0 0.29486050742949566 0.42705363009198416 0.02403846153846154 0.01953125
0 0.3195244111998384 0.4421653252299605 0.02403846153846154 0.01953125
0 0.2827307186899828 0.4444649310118264 0.02403846153846154 0.01953125
0 0.28151773981603156 0.4533348390275952 0.02403846153846154 0.01953125
0 0.28960426564237346 0.46319029237844933 0.02403846153846154 0.01953125
0 0.2689836247852017 0.4651613830486201 0.02403846153846154 0.01953125
0 0.2710052562417871 0.4769879270696451 0.02403846153846154 0.01953125
0 0.2710052562417871 0.49341368265440205 0.02403846153846154 0.01953125
0 0.28960426564237346 0.5035976511169513 0.02403846153846154 0.01953125
0 0.3045643384211059 0.5072113173455978 0.02403846153846154 0.01953125
0 0.292030223390276 0.5321784658344283 0.02403846153846154 0.01953125
0 0.2762614980289093 0.5108249835742443 0.02403846153846154 0.01953125
0 0.2887956130597392 0.5183808311432325 0.02403846153846154 0.01953125
0 0.31992873749115536 0.4960418035479631 0.02403846153846154 0.01953125
0 0.3029470332558375 0.4806015932982916 0.02403846153846154 0.01953125
0 0.3134595168300819 0.46680395860709584 0.02403846153846154 0.01953125
0 0.32761093702618016 0.4786305026281208 0.02403846153846154 0.01953125
0 0.34418831497018104 0.48914298620236524 0.02403846153846154 0.01953125
0 0.3433796623875468 0.4760023817345597 0.02403846153846154 0.01953125
0 0.3599570403315476 0.4710746550591326 0.02403846153846154 0.01953125
0 0.36480895582735273 0.4989984395532194 0.02403846153846154 0.01953125
0 0.36440462953603564 0.5101679533508541 0.02403846153846154 0.01953125
0 0.3805776811887194 0.4812586235216819 0.02403846153846154 0.01953125
0 0.3862382492671586 0.5062257720105124 0.02403846153846154 0.01953125
0 0.4222232891943799 0.48684338042049924 0.02403846153846154 0.01953125
0 0.41979733144647735 0.47435980617608403 0.02403846153846154 0.01953125
0 0.3951334276761348 0.4697605946123521 0.02403846153846154 0.01953125
0 0.3890685333063783 0.4608906865965834 0.02403846153846154 0.01953125
0 0.374512786818963 0.4572770203679368 0.02403846153846154 0.01953125
0 0.36319165066208436 0.4490641425755584 0.02403846153846154 0.01953125
0 0.34135803093096134 0.4477500821287778 0.02403846153846154 0.01953125
0 0.38664257555847575 0.4401942345597897 0.02403846153846154 0.01953125
0 0.378960376023451 0.431324326544021 0.02403846153846154 0.01953125
0 0.4020069746285253 0.43230987187910636 0.02403846153846154 0.01953125
0 0.40807186899828174 0.43723759855453337 0.02403846153846154 0.01953125
0 0.4068588901243304 0.445778991458607 0.02403846153846154 0.01953125
0 0.4234362680683313 0.457605535479632 0.02403846153846154 0.01953125
0 0.4286925098554534 0.4490641425755584 0.02403846153846154 0.01953125
0 0.4250535732335995 0.4273821452036793 0.02403846153846154 0.01953125
0 0.405645911250379 0.41457005584756884 0.02403846153846154 0.01953125
0 0.42464924694228245 0.41062787450722726 0.02403846153846154 0.01953125
0 0.4177756999898919 0.40602866294349527 0.02403846153846154 0.01953125
0 0.42141463661174583 0.38993142247043355 0.02403846153846154 0.01953125
0 0.42828818356413634 0.38336112023653074 0.02403846153846154 0.01953125
0 0.41534974224198934 0.36956348554533497 0.02403846153846154 0.01953125
0 0.4165627211159405 0.3521521846254927 0.02403846153846154 0.01953125
0 0.3979637117153544 0.3551088206307489 0.02403846153846154 0.01953125
0 0.3923031436369151 0.3662783344283836 0.02403846153846154 0.01953125
0 0.37855604973213386 0.355437335742444 0.02403846153846154 0.01953125
0 0.35833973516627926 0.3748197273324572 0.02403846153846154 0.01953125
0 0.36440462953603564 0.3813900295663599 0.02403846153846154 0.01953125
0 0.36197867178813303 0.3942021189224703 0.02403846153846154 0.01953125
0 0.3490402304659861 0.3873033015768724 0.02403846153846154 0.01953125
0 0.34095370463964425 0.3942021189224703 0.02403846153846154 0.01953125
0 0.34418831497018104 0.3580654566360052 0.02403846153846154 0.01953125
0 0.3195244111998384 0.34591039750328506 0.02403846153846154 0.01953125
0 0.383407965227939 0.5558315538764782 0.02403846153846154 0.01953125
0 0.4113064793288184 0.5512323423127463 0.02403846153846154 0.01953125
0 0.44041797230364915 0.5791561268068331 0.02403846153846154 0.01953125
0 0.4185843525725262 0.6330326051248357 0.02403846153846154 0.01953125
0 0.4274795309815022 0.6152927890932982 0.02403846153846154 0.01953125
0 0.33529313656120496 0.426725114980289 0.02403846153846154 0.01953125
0 0.33044122106539986 0.41227045006570295 0.02403846153846154 0.01953125
0 0.35065753563125457 0.41227045006570295 0.02403846153846154 0.01953125
0 0.37168250277974335 0.41489857095926397 0.02403846153846154 0.01953125
0 0.3805776811887194 0.41489857095926397 0.02403846153846154 0.01953125
0 0.38542959668452453 0.40504311760840983 0.02403846153846154 0.01953125
0 0.2714095825331043 0.3813900295663599 0.02403846153846154 0.01953125
0 0.1824577984433438 0.422125903416557 0.02403846153846154 0.01953125
0 0.44041797230364915 0.5016265604467804 0.02403846153846154 0.01953125
0 0.4509304558778936 0.49965546977660963 0.02403846153846154 0.01953125
0 0.44041797230364915 0.4806015932982916 0.02403846153846154 0.01953125
0 0.4671035075305774 0.48651486530880406 0.02403846153846154 0.01953125
0 0.4460785403820884 0.4681180190538764 0.02403846153846154 0.01953125
0 0.45335641362579615 0.4562914750328514 0.02403846153846154 0.01953125
0 0.43880066713838073 0.43723759855453337 0.02403846153846154 0.01953125
0 0.4517391084605279 0.426725114980289 0.02403846153846154 0.01953125
0 0.45416506620843045 0.41095638961892234 0.02403846153846154 0.01953125
0 0.4412266248862833 0.40044390604467794 0.02403846153846154 0.01953125
0 0.4420352774689176 0.3846751806833113 0.02403846153846154 0.01953125
0 0.43233144647730726 0.37416269710906686 0.02403846153846154 0.01953125
0 0.456591023956333 0.36693536465177384 0.02403846153846154 0.01953125
0 0.4662948549479431 0.3590510019710905 0.02403846153846154 0.01953125
0 0.4452698877994542 0.3583939717477002 0.02403846153846154 0.01953125
0 0.4679121601132116 0.3787619086727988 0.02403846153846154 0.01953125
0 0.4671035075305774 0.39255954336399457 0.02403846153846154 0.01953125
0 0.465486202365309 0.40307202693823907 0.02403846153846154 0.01953125
0 0.47680733852218754 0.41949778252299597 0.02403846153846154 0.01953125
0 0.4735727281916509 0.44972117279894863 0.02403846153846154 0.01953125
0 0.47114677044374836 0.45891959592641257 0.02403846153846154 0.01953125
0 0.49217173759223704 0.46877504927726665 0.02403846153846154 0.01953125
0 0.5107707469928233 0.4753453515111694 0.02403846153846154 0.01953125
0 0.487319822096432 0.48651486530880406 0.02403846153846154 0.01953125
0 0.5083447892449209 0.49965546977660963 0.02403846153846154 0.01953125
0 0.5099620944101892 0.5180523160315373 0.02403846153846154 0.01953125
0 0.5293697563934097 0.5167382555847568 0.02403846153846154 0.01953125
0 0.5520120287071668 0.5351351018396845 0.02403846153846154 0.01953125
0 0.552820681289801 0.5528749178712221 0.02403846153846154 0.01953125
0 0.5398822399676539 0.5062257720105123 0.02403846153846154 0.01953125
0 0.5512033761245327 0.4878289257555846 0.02403846153846154 0.01953125
0 0.5277524512281413 0.4871718955321944 0.02403846153846154 0.01953125
0 0.5552466390377037 0.5167382555847568 0.02403846153846154 0.01953125
0 0.5006625897098961 0.4441364159001313 0.02403846153846154 0.01953125
0 0.5038972000404328 0.43526650788436255 0.02403846153846154 0.01953125
0 0.49136308500960296 0.41292748028909315 0.02403846153846154 0.01953125
0 0.48812847467906617 0.39518766425755575 0.02403846153846154 0.01953125
0 0.483276559183261 0.3774478482260183 0.02403846153846154 0.01953125
0 0.4937890427575055 0.3639787286465176 0.02403846153846154 0.01953125
0 0.5038972000404328 0.37876190867279874 0.02403846153846154 0.01953125
0 0.5212832305670678 0.3827040900131405 0.02403846153846154 0.01953125
0 0.5208789042757508 0.3639787286465176 0.02403846153846154 0.01953125
0 0.5075361366622867 0.3505096090670169 0.02403846153846154 0.01953125
0 0.4861068432224807 0.345910397503285 0.02403846153846154 0.01953125
0 0.45942130799555253 0.34656742772667526 0.02403846153846154 0.01953125
0 0.45699535024765 0.33736900459921143 0.02403846153846154 0.01953125
0 0.4299054887294048 0.33342682325886974 0.02403846153846154 0.01953125
0 0.4258622258162339 0.32192879434953997 0.02403846153846154 0.01953125
0 0.44850449812999105 0.3183151281208934 0.02403846153846154 0.01953125
0 0.4816592540179927 0.32127176412614966 0.02403846153846154 0.01953125
0 0.48812847467906617 0.32817058147174755 0.02403846153846154 0.01953125
0 0.5152183361973114 0.33408385348226005 0.02403846153846154 0.01953125
0 0.5233048620236533 0.3416397010512482 0.02403846153846154 0.01953125
0 0.5414995451329225 0.3511666392904072 0.02403846153846154 0.01953125
0 0.5354346507631661 0.3590510019710905 0.02403846153846154 0.01953125
0 0.5370519559284344 0.3275135512483573 0.02403846153846154 0.01953125
0 0.5528206812898011 0.33671197437582107 0.02403846153846154 0.01953125
0 0.5560552916203378 0.3156870072273323 0.02403846153846154 0.01953125
0 0.5786975639340951 0.324556915243101 0.02403846153846154 0.01953125
0 0.5847624583038514 0.3344123685939552 0.02403846153846154 0.01953125
0 0.5879970686343882 0.3475529730617607 0.02403846153846154 0.01953125
0 0.5835494794299001 0.3528092148488829 0.02403846153846154 0.01953125
0 0.5629288385727284 0.3521521846254926 0.02403846153846154 0.01953125
0 0.5596942282421916 0.3643072437582127 0.02403846153846154 0.01953125
0 0.5689937329424848 0.3790904237844939 0.02403846153846154 0.01953125
0 0.5884013949257052 0.3721916064388961 0.02403846153846154 0.01953125
0 0.5435211765895078 0.3748197273324571 0.02403846153846154 0.01953125
0 0.5475644395026789 0.3846751806833113 0.02403846153846154 0.01953125
0 0.5629288385727284 0.39978687582128764 0.02403846153846154 0.01953125
0 0.5406908925502882 0.40405757227332445 0.02403846153846154 0.01953125
0 0.5305827352673609 0.40044390604467794 0.02403846153846154 0.01953125
0 0.5208789042757508 0.4162126314060446 0.02403846153846154 0.01953125
0 0.5140053573233602 0.4191692674113008 0.02403846153846154 0.01953125
0 0.543925502880825 0.4365805683311431 0.02403846153846154 0.01953125
0 0.5499903972505813 0.4595766261498028 0.02403846153846154 0.01953125
0 0.5245178408976046 0.4480785972404729 0.02403846153846154 0.01953125
0 0.5152183361973114 0.46056217148488815 0.02403846153846154 0.01953125
0 0.5827408268472659 0.4332954172141918 0.02403846153846154 0.01953125
0 0.5778889113514608 0.4513637483574243 0.02403846153846154 0.01953125
0 0.5778889113514608 0.4671324737187909 0.02403846153846154 0.01953125
0 0.5657591226119482 0.47731644218134023 0.02403846153846154 0.01953125
0 0.5637374911553626 0.42376847897503267 0.02403846153846154 0.01953125
0 0.578293237642778 0.42245441852825216 0.02403846153846154 0.01953125
0 0.5867840897604369 0.4079997536136661 0.02403846153846154 0.01953125
0 0.5754629536035583 0.39617320959264113 0.02403846153846154 0.01953125
0 0.5977008996259984 0.38401815045992105 0.02403846153846154 0.01953125
0 0.5827408268472659 0.39091696780551893 0.02403846153846154 0.01953125
0 0.6158955827352676 0.38500369579500643 0.02403846153846154 0.01953125
0 0.6167042353179017 0.3712060611038106 0.02403846153846154 0.01953125
0 0.6138739512786822 0.3597080321944808 0.02403846153846154 0.01953125
0 0.6114479935307796 0.3344123685939552 0.02403846153846154 0.01953125
0 0.5952749418780958 0.32357136990801566 0.02403846153846154 0.01953125
0 0.5786975639340951 0.3166725525624177 0.02403846153846154 0.01953125
0 0.6029571414131206 0.31765809789750316 0.02403846153846154 0.01953125
0 0.6280253714747803 0.32422840013140586 0.02403846153846154 0.01953125
0 0.6413681390882444 0.3209432490144545 0.02403846153846154 0.01953125
0 0.6336859395532196 0.34295376149802875 0.02403846153846154 0.01953125
0 0.6429854442535129 0.3567513961892246 0.02403846153846154 0.01953125
0 0.6348989184271709 0.3350693988173454 0.02403846153846154 0.01953125
0 0.6587541696148794 0.32127176412614966 0.02403846153846154 0.01953125
0 0.666436369149904 0.3337553383705649 0.02403846153846154 0.01953125
0 0.6595628221975135 0.34426782194480937 0.02403846153846154 0.01953125
0 0.6615844536540991 0.3590510019710905 0.02403846153846154 0.01953125
0 0.6530936015364401 0.37646230289093285 0.02403846153846154 0.01953125
0 0.6401551602142932 0.386317756241787 0.02403846153846154 0.01953125
0 0.6454114020014153 0.4063571780551904 0.02403846153846154 0.01953125
0 0.6255994137268779 0.39978687582128764 0.02403846153846154 0.01953125
0 0.6320686343879515 0.4185122371879105 0.02403846153846154 0.01953125
0 0.6110436672394625 0.4346094776609723 0.02403846153846154 0.01953125
0 0.6421767916708786 0.4293532358738501 0.02403846153846154 0.01953125
0 0.6607758010714649 0.42311144875164247 0.02403846153846154 0.01953125
0 0.6409638127969275 0.4431508705650459 0.02403846153846154 0.01953125
0 0.6179172141918531 0.4513637483574243 0.02403846153846154 0.01953125
0 0.6150869301526335 0.4717316852825229 0.02403846153846154 0.01953125
0 0.6090220357828771 0.4806015932982916 0.02403846153846154 0.01953125
0 0.6369205498837563 0.4825726839684624 0.02403846153846154 0.01953125
0 0.6551152329930255 0.4654898981603152 0.02403846153846154 0.01953125
0 0.6591584959061965 0.47698792706964505 0.02403846153846154 0.01953125
0 0.6450070757100984 0.5045831964520366 0.02403846153846154 0.01953125
0 0.639346507631659 0.5213374671484887 0.02403846153846154 0.01953125
0 0.6086177094915599 0.5265937089356109 0.02403846153846154 0.01953125
0 0.5774845850601437 0.5075398324572928 0.02403846153846154 0.01953125
0 0.5977008996259984 0.4966988337713534 0.02403846153846154 0.01953125
0 0.5884013949257052 0.4943992279894874 0.02403846153846154 0.01953125
0 0.5778889113514609 0.5384202529566359 0.02403846153846154 0.01953125
0 0.6288340240574146 0.5371061925098554 0.02403846153846154 0.01953125
0 0.6199388456484386 0.5016265604467804 0.02403846153846154 0.01953125
0 0.6539022541190744 0.5357921320630747 0.02403846153846154 0.01953125
0 0.6652233902759529 0.5252796484888304 0.02403846153846154 0.01953125
0 0.6749272212675632 0.5108249835742443 0.02403846153846154 0.01953125
0 0.674118568684929 0.49834140932982907 0.02403846153846154 0.01953125
0 0.687057010007076 0.48585783508541386 0.02403846153846154 0.01953125
0 0.7032300616597598 0.5187093462549275 0.02403846153846154 0.01953125
0 0.7153598503992726 0.5108249835742443 0.02403846153846154 0.01953125
0 0.7291069443040537 0.5443335249671484 0.02403846153846154 0.01953125
0 0.7291069443040537 0.5377632227332455 0.02403846153846154 0.01953125
0 0.7509405640351768 0.5305358902759525 0.02403846153846154 0.01953125
0 0.746897301122006 0.5154241951379762 0.02403846153846154 0.01953125
0 0.7703482260183971 0.5219944973718789 0.02403846153846154 0.01953125
0 0.7889472354189835 0.5298788600525624 0.02403846153846154 0.01953125
0 0.7832866673405442 0.5108249835742443 0.02403846153846154 0.01953125
0 0.7679222682704947 0.4957132884362679 0.02403846153846154 0.01953125
0 0.7380021227130297 0.48980001642575544 0.02403846153846154 0.01953125
0 0.759835742444153 0.4806015932982916 0.02403846153846154 0.01953125
0 0.7533665217830794 0.4635188074901444 0.02403846153846154 0.01953125
0 0.78247801475791 0.45891959592641246 0.02403846153846154 0.01953125
0 0.7816693621752759 0.4681180190538763 0.02403846153846154 0.01953125
0 0.7873299302537151 0.47928753285151104 0.02403846153846154 0.01953125
0 0.704038714242394 0.47403129106438885 0.02403846153846154 0.01953125
0 0.7137425452340043 0.464832867936925 0.02403846153846154 0.01953125
0 0.7291069443040537 0.4490641425755584 0.02403846153846154 0.01953125
0 0.6894829677549787 0.44512196123521675 0.02403846153846154 0.01953125
0 0.6959521884160522 0.4306672963206306 0.02403846153846154 0.01953125
0 0.6822050945112709 0.4175266918528251 0.02403846153846154 0.01953125
0 0.7145511978166383 0.4273821452036792 0.02403846153846154 0.01953125
0 0.7137425452340043 0.41489857095926397 0.02403846153846154 0.01953125
0 0.7113165874861017 0.4043860873850196 0.02403846153846154 0.01953125
0 0.7380021227130297 0.39978687582128764 0.02403846153846154 0.01953125
0 0.8039073081977158 0.4677895039421812 0.02403846153846154 0.01953125
0 0.8075462448195698 0.4769879270696451 0.02403846153846154 0.01953125
0 0.8229106438896192 0.49341368265440205 0.02403846153846154 0.01953125
0 0.830592843424644 0.48750041064388955 0.02403846153846154 0.01953125
0 0.8200803598503997 0.5118105289093298 0.02403846153846154 0.01953125
0 0.843126958455474 0.47633089684625485 0.02403846153846154 0.01953125
0 0.8597043363994747 0.46877504927726665 0.02403846153846154 0.01953125
0 0.851617810573133 0.49538477332457287 0.02403846153846154 0.01953125
0 0.8495961791165475 0.5114820137976346 0.02403846153846154 0.01953125
0 0.8269539068027902 0.4615477168199736 0.02403846153846154 0.01953125
0 0.8386793692509857 0.4503782030223389 0.02403846153846154 0.01953125
0 0.8091635499848382 0.4490641425755584 0.02403846153846154 0.01953125
0 0.8613216415647431 0.44117977989487506 0.02403846153846154 0.01953125
0 0.873047104012939 0.4500496879106438 0.02403846153846154 0.01953125
0 0.7982467401192767 0.42803917542706954 0.02403846153846154 0.01953125
0 0.8168457495198628 0.42541105453350847 0.02403846153846154 0.01953125
0 0.8330188011725467 0.426725114980289 0.02403846153846154 0.01953125
0 0.8390836955423031 0.414898570959264 0.02403846153846154 0.01953125
0 0.8237192964722534 0.40701420827858076 0.02403846153846154 0.01953125
0 0.8253366016375219 0.39715875492772656 0.02403846153846154 0.01953125
0 0.8459572424946936 0.3846751806833113 0.02403846153846154 0.01953125
0 0.8576827049428892 0.3965017247043363 0.02403846153846154 0.01953125
0 0.8629389467300115 0.41161341984231264 0.02403846153846154 0.01953125
0 0.86455625189528 0.3715345762155058 0.02403846153846154 0.01953125
0 0.8132068128980092 0.3731771517739815 0.02403846153846154 0.01953125
0 0.8196760335590825 0.3646357588699079 0.02403846153846154 0.01953125
0 0.7626660264833725 0.3646357588699079 0.02403846153846154 0.01953125
0 0.7756044678055194 0.3748197273324572 0.02403846153846154 0.01953125
0 0.7849039725058126 0.38993142247043355 0.02403846153846154 0.01953125
0 0.76994389972708 0.40208648160315363 0.02403846153846154 0.01953125
0 0.7590270898615186 0.40997084428383695 0.02403846153846154 0.01953125
0 0.7691352471444459 0.42311144875164247 0.02403846153846154 0.01953125
0 0.7703482260183971 0.4378946287779237 0.02403846153846154 0.01953125
0 0.7942034772061057 0.41555560118265433 0.02403846153846154 0.01953125
0 0.7954164560800568 0.40307202693823907 0.02403846153846154 0.01953125
0 0.74770595370464 0.4293532358738501 0.02403846153846154 0.01953125
0 0.7473016274133228 0.42048332785808135 0.02403846153846154 0.01953125
0 0.748110279995957 0.3869747864651773 0.02403846153846154 0.01953125
0 0.8427226321641569 0.3452533672798947 0.02403846153846154 0.01953125
0 0.8508091579904987 0.3649642739816031 0.02403846153846154 0.01953125
0 0.8653649044779141 0.33244127792378436 0.02403846153846154 0.01953125
0 0.8386793692509857 0.3344123685939552 0.02403846153846154 0.01953125
0 0.8552567471949867 0.3143729467805518 0.02403846153846154 0.01953125
0 0.8657692307692311 0.3091167049934296 0.02403846153846154 0.01953125
0 0.8762817143434756 0.31568700722733234 0.02403846153846154 0.01953125
0 0.8192717072677654 0.31930067345597885 0.02403846153846154 0.01953125
0 0.7905645405842517 0.3337553383705649 0.02403846153846154 0.01953125
0 0.7743914889315681 0.32389988501971073 0.02403846153846154 0.01953125
0 0.7901602142929348 0.3127303712220761 0.02403846153846154 0.01953125
0 0.8241236227635707 0.30648858409986846 0.02403846153846154 0.01953125
0 0.8402966744162542 0.3071456143232587 0.02403846153846154 0.01953125
0 0.7384064490043468 0.32587097568988155 0.02403846153846154 0.01953125
0 0.7460886485393716 0.33309830814717467 0.02403846153846154 0.01953125
0 0.748110279995957 0.3186436432325886 0.02403846153846154 0.01953125
0 0.7650919842312749 0.30845967477003927 0.02403846153846154 0.01953125
0 0.7266809865561511 0.3202862187910642 0.02403846153846154 0.01953125
0 0.7149555241079555 0.3166725525624177 0.02403846153846154 0.01953125
0 0.7331502072172247 0.3015608574244414 0.02403846153846154 0.01953125
0 0.6983781461639545 0.3117448258869907 0.02403846153846154 0.01953125
0 0.6890786414636614 0.32192879434953997 0.02403846153846154 0.01953125
0 0.6906959466289299 0.30418897831800246 0.02403846153846154 0.01953125
0 0.664819063984636 0.3074741294349539 0.02403846153846154 0.01953125
0 0.6793748104720513 0.35248069973718776 0.02403846153846154 0.01953125
0 0.6789704841807342 0.3649642739816031 0.02403846153846154 0.01953125
0 0.6733099161022948 0.3836896353482259 0.02403846153846154 0.01953125
0 0.6842267259678564 0.39617320959264113 0.02403846153846154 0.01953125
0 0.7185944607298094 0.3794189388961891 0.02403846153846154 0.01953125
0 0.717381481855858 0.3643072437582127 0.02403846153846154 0.01953125
0 0.7230420499342973 0.3541232752956635 0.02403846153846154 0.01953125
0 0.7278939654301024 0.34229673127463855 0.02403846153846154 0.01953125
0 0.7016127564944914 0.34361079172141906 0.02403846153846154 0.01953125
0 0.7420453856262006 0.3505096090670169 0.02403846153846154 0.01953125
0 0.7642833316486409 0.3445963370565045 0.02403846153846154 0.01953125
0 0.8754730617608414 0.5118105289093298 0.02403846153846154 0.01953125
0 0.8774946932174269 0.49242813731931656 0.02403846153846154 0.01953125
0 0.6692666531891239 0.4615477168199736 0.02403846153846154 0.01953125
0 0.6644147376933188 0.45070671813403407 0.02403846153846154 0.01953125
0 0.6555195592843428 0.3928880584756898 0.02403846153846154 0.01953125
0 0.6417724653795616 0.30517452365308795 0.02403846153846154 0.01953125
0 0.6386642070150612 0.6448591491458606 0.02403846153846154 0.01953125
0 0.6499853431719397 0.657999753613666 0.02403846153846154 0.01953125
0 0.7867739816031538 0.5541889783180026 0.02403846153846154 0.01953125
0 0.8077989487516426 0.5594452201051249 0.02403846153846154 0.01953125
0 0.8037556858384717 0.5686436432325886 0.02403846153846154 0.01953125
0 0.8272066107348631 0.5699577036793693 0.02403846153846154 0.01953125
0 0.8466142727180835 0.5607592805519055 0.02403846153846154 0.01953125
0 0.8150768219953503 0.5351351018396846 0.02403846153846154 0.01953125
0 0.8563181037096939 0.5397343134034166 0.02403846153846154 0.01953125
0 0.870065197614475 0.5660155223390276 0.02403846153846154 0.01953125
0 0.8830036389366219 0.554846008541393 0.02403846153846154 0.01953125
0 0.9016026483372082 0.5489327365308805 0.02403846153846154 0.01953125
0 0.8886642070150612 0.535792132063075 0.02403846153846154 0.01953125
0 0.9080718689982817 0.5219944973718792 0.02403846153846154 0.01953125
0 0.932331446477307 0.5029406208935611 0.02403846153846154 0.01953125
0 0.900793995754574 0.493085167542707 0.02403846153846154 0.01953125
0 0.9202016577377946 0.4773164421813404 0.02403846153846154 0.01953125
0 0.896750732841403 0.4806015932982917 0.02403846153846154 0.01953125
0 0.8999853431719398 0.4641758377135349 0.02403846153846154 0.01953125
0 0.9468871929647226 0.5574741294349541 0.02403846153846154 0.01953125
0 0.9169670474072578 0.5738998850197109 0.02403846153846154 0.01953125
0 0.935566056807844 0.5476186760840999 0.02403846153846154 0.01953125
0 0.927479530981502 0.5252796484888306 0.02403846153846154 0.01953125
0 0.9590169817042355 0.5495897667542707 0.02403846153846154 0.01953125
0 0.9865111695137977 0.543019464520368 0.02403846153846154 0.01953125
0 0.9865111695137977 0.569300673455979 0.02403846153846154 0.01953125
0 0.9865111695137977 0.5226515275952694 0.02403846153846154 0.01953125
0 0.9590169817042355 0.5088538929040736 0.02403846153846154 0.01953125
0 0.9549737187910646 0.493085167542707 0.02403846153846154 0.01953125
0 0.9412266248862835 0.4904570466491459 0.02403846153846154 0.01953125
0 0.9525477610431619 0.4714031701708279 0.02403846153846154 0.01953125
0 0.953356413625796 0.4589195959264126 0.02403846153846154 0.01953125
0 0.9622515920347721 0.44117977989487517 0.02403846153846154 0.01953125
0 0.9808506014353585 0.4884859559789751 0.02403846153846154 0.01953125
0 0.6468770848074397 0.7420996222076217 0.02403846153846154 0.01953125
0 0.9169670474072578 0.4536633541392902 0.02403846153846154 0.01953125
0 0.9315227938946731 0.4464360216819972 0.02403846153846154 0.01953125
0 0.9113064793288186 0.436580568331143 0.02403846153846154 0.01953125
0 0.9193930051551605 0.41884075229960566 0.02403846153846154 0.01953125
0 0.8886642070150612 0.41752669185282515 0.02403846153846154 0.01953125
0 0.896750732841403 0.40570014783180014 0.02403846153846154 0.01953125
0 0.926670878398868 0.39321657358738493 0.02403846153846154 0.01953125
0 0.927479530981502 0.4063571780551904 0.02403846153846154 0.01953125
0 0.9476958455473568 0.4037290571616293 0.02403846153846154 0.01953125
0 0.9493131507126251 0.41949778252299597 0.02403846153846154 0.01953125
0 0.9679121601132116 0.41095638961892234 0.02403846153846154 0.01953125
0 0.9719554230263825 0.39781578515111676 0.02403846153846154 0.01953125
0 0.9873198220964318 0.422125903416557 0.02403846153846154 0.01953125
0 0.9954063479227737 0.40701420827858065 0.02403846153846154 0.01953125
0 0.9800419488527243 0.3827040900131405 0.02403846153846154 0.01953125
0 0.957399676538967 0.3754767575558474 0.02403846153846154 0.01953125
0 0.8886642070150612 0.36627833442838353 0.02403846153846154 0.01953125
0 0.8870469018497928 0.38007596911957936 0.02403846153846154 0.01953125
0 0.8842797937935915 0.3406541557161627 0.02403846153846154 0.01953125
0 0.8887273829980794 0.33079870236530867 0.02403846153846154 0.01953125
0 0.8915576670372991 0.3422967312746384 0.02403846153846154 0.01953125
0 0.8972182351157384 0.3491955486202364 0.02403846153846154 0.01953125
0 0.887110077832811 0.3587224868593954 0.02403846153846154 0.01953125
0 0.7670251693116346 0.2880917378449407 0.02403846153846154 0.01953125
0 0.7836025472556354 0.29039134362680663 0.02403846153846154 0.01953125
0 0.7937107045385626 0.28217846583442824 0.02403846153846154 0.01953125
0 0.8009885777822703 0.2920339191852823 0.02403846153846154 0.01953125
0 0.8070534721520267 0.28579213206307474 0.02403846153846154 0.01953125
0 0.82605680784393 0.29269094940867263 0.02403846153846154 0.01953125
0 0.8620418477711513 0.2844780716162942 0.02403846153846154 0.01953125
0 0.8757889416759325 0.2972901609724045 0.02403846153846154 0.01953125
0 0.8867057515414941 0.2880917378449407 0.02403846153846154 0.01953125
0 0.9101566764378853 0.28940579829172125 0.02403846153846154 0.01953125
0 0.9089436975639342 0.2992612516425754 0.02403846153846154 0.01953125
0 0.9053047609420802 0.3061600689881733 0.02403846153846154 0.01953125
0 0.9097523501465683 0.31470146189224685 0.02403846153846154 0.01953125
0 0.9251167492166178 0.3160155223390274 0.02403846153846154 0.01953125
0 0.9271383806732033 0.34131118593955306 0.02403846153846154 0.01953125
0 0.9380551905387648 0.3229143396846253 0.02403846153846154 0.01953125
0 0.9683796623875468 0.3212717641261496 0.02403846153846154 0.01953125
0 0.9679753360962297 0.3117448258869906 0.02403846153846154 0.01953125
0 0.9938522187405237 0.3179866130091983 0.02403846153846154 0.01953125
0 0.9857656929141817 0.303203432982917 0.02403846153846154 0.01953125
0 0.9659537046396441 0.30254640275952677 0.02403846153846154 0.01953125
0 0.982935408874962 0.2897343134034164 0.02403846153846154 0.01953125
0 0.9574628525219852 0.2900628285151115 0.02403846153846154 0.01953125
0 0.9441200849085212 0.28940579829172125 0.02403846153846154 0.01953125
0 0.964336399474376 0.2811929204993428 0.02403846153846154 0.01953125
0 0.9295643384211059 0.29269094940867263 0.02403846153846154 0.01953125
0 0.9449287374911554 0.3081311596583441 0.02403846153846154 0.01953125
0 0.9522066107348631 0.3193006734559788 0.02403846153846154 0.01953125
0 0.9356292327908622 0.31273037122207603 0.02403846153846154 0.01953125
0 0.9619104417264734 0.3528092148488829 0.02403846153846154 0.01953125
0 0.9586758313959366 0.331784247700394 0.02403846153846154 0.01953125
0 0.9797007985444254 0.3623361530880419 0.02403846153846154 0.01953125
0 0.9930435661578895 0.33901158015768706 0.02403846153846154 0.01953125
0 0.9987041342363286 0.38993142247043355 0.02403846153846154 0.01953125
0 0.9877873243707671 0.4438079007884361 0.02403846153846154 0.01953125
0 0.8450601435358335 0.29893273653088026 0.02403846153846154 0.01953125
0 0.8422298594966139 0.2897343134034164 0.02403846153846154 0.01953125
0 0.9332032750429597 0.37941893889618905 0.02403846153846154 0.01953125
0 0.9113696553118367 0.37383418199737173 0.02403846153846154 0.01953125
0 0.9279470332558374 0.36627833442838353 0.02403846153846154 0.01953125
0 0.9323946224603256 0.3524806997371877 0.02403846153846154 0.01953125
0 0.9469503689477409 0.34492485216819957 0.02403846153846154 0.01953125
0 0.9554412210653997 0.36266466819973703 0.02403846153846154 0.01953125
0 0.7787506317598302 0.3534662450722732 0.02403846153846154 0.01953125
0 0.7848155261295866 0.3491955486202364 0.02403846153846154 0.01953125
0 0.7924977256646113 0.36693536465177384 0.02403846153846154 0.01953125
0 0.8005842514909531 0.3570799113009197 0.02403846153846154 0.01953125
0 0.008129990902658446 0.2976186760840998 0.02403846153846154 0.01953125
0 0.02389871626402508 0.2729800427069644 0.02403846153846154 0.01953125
0 0.01945112705953707 0.25951092312746377 0.02403846153846154 0.01953125
0 0.017833821894268676 0.34591039750328506 0.02403846153846154 0.01953125
0 0.004086727989487517 0.36003654730617596 0.02403846153846154 0.01953125
0 0.03319822096431821 0.3485385183968462 0.02403846153846154 0.01953125
0 0.04168907308197716 0.33408385348226005 0.02403846153846154 0.01953125
0 0.05826645102597799 0.3413111859395532 0.02403846153846154 0.01953125
0 0.0635226928131002 0.3574084264126149 0.02403846153846154 0.01953125
0 0.07160921863944206 0.33934009526938225 0.02403846153846154 0.01953125
0 0.06837460830890532 0.33211276281208923 0.02403846153846154 0.01953125
0 0.05462751440412414 0.32225730946123515 0.02403846153846154 0.01953125
0 0.06635297685231985 0.3209432490144546 0.02403846153846154 0.01953125
0 0.06837460830890532 0.31043076544021014 0.02403846153846154 0.01953125
0 0.051392904073587396 0.3041889783180025 0.02403846153846154 0.01953125
0 0.06230971393914889 0.2989327365308803 0.02403846153846154 0.01953125
0 0.07322652380471042 0.3025464027595269 0.02403846153846154 0.01953125
0 0.07080056605680786 0.2913768889618921 0.02403846153846154 0.01953125
0 0.053818861821489934 0.2874347076215505 0.02403846153846154 0.01953125
0 0.04128474679066006 0.28513510183968455 0.02403846153846154 0.01953125
0 0.0517972303649045 0.2746226182654401 0.02403846153846154 0.01953125
0 0.06271404023046599 0.2821784658344283 0.02403846153846154 0.01953125
0 0.037645810168806214 0.2749511333771353 0.02403846153846154 0.01953125
0 0.040880420499342957 0.2657527102496714 0.02403846153846154 0.01953125
0 0.07565248155261296 0.26279607424441515 0.02403846153846154 0.01953125
0 0.08050439704841808 0.2821784658344283 0.02403846153846154 0.01953125
0 0.08454765996158903 0.27659370893561097 0.02403846153846154 0.01953125
0 0.08899524916607704 0.27232301248357416 0.02403846153846154 0.01953125
0 0.10152936419690692 0.2779077693823915 0.02403846153846154 0.01953125
0 0.09829475386637017 0.2913768889618921 0.02403846153846154 0.01953125
0 0.10314666936217529 0.28710619250985536 0.02403846153846154 0.01953125
0 0.10880723744061462 0.2897343134034165 0.02403846153846154 0.01953125
0 0.11729808955827357 0.291048373850197 0.02403846153846154 0.01953125
0 0.10233801677954113 0.2995897667542706 0.02403846153846154 0.01953125
0 0.09303851207924795 0.310102250328515 0.02403846153846154 0.01953125
0 0.10072071161427276 0.3137159165571615 0.02403846153846154 0.01953125
0 0.10678560598402914 0.3064885840998685 0.02403846153846154 0.01953125
0 0.11770241584959064 0.32619949080157684 0.02403846153846154 0.01953125
0 0.1079985848579804 0.33408385348226005 0.02403846153846154 0.01953125
0 0.10112503790558983 0.32554246057818653 0.02403846153846154 0.01953125
0 0.08859092287475992 0.33047018725361355 0.02403846153846154 0.01953125
0 0.09465581724451634 0.34065415571616287 0.02403846153846154 0.01953125
0 0.09222985949661379 0.35412327529566356 0.02403846153846154 0.01953125
0 0.11648943697563936 0.35510882063074894 0.02403846153846154 0.01953125
0 0.11285050035378551 0.34985257884362675 0.02403846153846154 0.01953125
0 0.12983220458910347 0.3478814881734559 0.02403846153846154 0.01953125
0 0.12498028909329834 0.33868306504599205 0.02403846153846154 0.01953125
0 0.1286192257151522 0.35478030551905376 0.02403846153846154 0.01953125
0 0.14681390882442133 0.34525336727989475 0.02403846153846154 0.01953125
0 0.14802688769837263 0.33441236859395523 0.02403846153846154 0.01953125
0 0.14277064591125044 0.35872248685939545 0.02403846153846154 0.01953125
0 0.1581350449812999 0.32981315703022335 0.02403846153846154 0.01953125
0 0.16056100272920248 0.31732958278580803 0.02403846153846154 0.01953125
0 0.16379561305973922 0.3153584921156372 0.02403846153846154 0.01953125
0 0.1419619933286162 0.312401856110381 0.02403846153846154 0.01953125
0 0.132258162337006 0.3038604632063074 0.02403846153846154 0.01953125
0 0.1371100778328111 0.2989327365308803 0.02403846153846154 0.01953125
0 0.13589709895885985 0.2884202529566359 0.02403846153846154 0.01953125
0 0.12134135247144448 0.27757925427069635 0.02403846153846154 0.01953125
0 0.1553047609420803 0.29039134362680674 0.02403846153846154 0.01953125
0 0.14802688769837263 0.2762651938239158 0.02403846153846154 0.01953125
0 0.17107348630344693 0.2746226182654401 0.02403846153846154 0.01953125
0 0.1678388759729102 0.2660812253613666 0.02403846153846154 0.01953125
0 0.1334711412109573 0.26805231603153734 0.02403846153846154 0.01953125
0 0.1265975942585667 0.26279607424441515 0.02403846153846154 0.01953125
0 0.10961589002324877 0.2637816195795006 0.02403846153846154 0.01953125
0 0.0991034064490044 0.260167953350854 0.02403846153846154 0.01953125
0 0.13266248862832308 0.33047018725361355 0.02403846153846154 0.01953125
0 0.17471242292530073 0.30320343298291713 0.02403846153846154 0.01953125
0 0.17754270696452043 0.2926909494086727 0.02403846153846154 0.01953125
0 0.2026109370261802 0.283821041392904 0.02403846153846154 0.01953125
0 0.18077731729505717 0.2788933147174769 0.02403846153846154 0.01953125
0 0.19331143232588704 0.2762651938239158 0.02403846153846154 0.01953125
0 0.19048114828666737 0.2677238009198422 0.02403846153846154 0.01953125
0 0.17794703325583747 0.26411013469119565 0.02403846153846154 0.01953125
0 0.22646618821388864 0.2710089520367936 0.02403846153846154 0.01953125
0 0.21393207318305876 0.2864491622864651 0.02403846153846154 0.01953125
0 0.21393207318305876 0.26049646846254915 0.02403846153846154 0.01953125
0 0.23819165066208436 0.2913768889618921 0.02403846153846154 0.01953125
0 0.2398089558273527 0.3002467969776609 0.02403846153846154 0.01953125
0 0.24668250277974332 0.2821784658344283 0.02403846153846154 0.01953125
0 0.24587385019710914 0.3114163107752956 0.02403846153846154 0.01953125
0 0.22201859900940063 0.3189721583442837 0.02403846153846154 0.01953125
0 0.2317224300010109 0.32192879434953997 0.02403846153846154 0.01953125
0 0.24425654503184072 0.3212717641261497 0.02403846153846154 0.01953125
0 0.22040129384413223 0.33474088370565036 0.02403846153846154 0.01953125
0 0.2361700192054989 0.33474088370565036 0.02403846153846154 0.01953125
0 0.20503689477408274 0.33769751971090656 0.02403846153846154 0.01953125
0 0.20301526331749725 0.33145573258869904 0.02403846153846154 0.01953125
0 0.17916001212978877 0.33408385348226005 0.02403846153846154 0.01953125
0 0.18522490649954518 0.32619949080157684 0.02403846153846154 0.01953125
0 0.19654604265642378 0.32160027923784484 0.02403846153846154 0.01953125
0 0.1989720004043263 0.3110877956636004 0.02403846153846154 0.01953125
0 0.1896724957040332 0.2953190703022338 0.02403846153846154 0.01953125
0 0.16864752855554432 0.34459633705650455 0.02403846153846154 0.01953125
0 0.18199029616900844 0.35478030551905376 0.02403846153846154 0.01953125
0 0.2661533407459821 0.3301416721419184 0.02403846153846154 0.01953125
0 0.2548322045891035 0.3278420663600525 0.02403846153846154 0.01953125
0 0.2778788031941778 0.32685652102496704 0.02403846153846154 0.01953125
0 0.27747447690286076 0.3166725525624178 0.02403846153846154 0.01953125
0 0.26574901445466503 0.307802644546649 0.02403846153846154 0.01953125
0 0.26534468816334794 0.2986042214191852 0.02403846153846154 0.01953125
0 0.27060092995047014 0.2821784658344283 0.02403846153846154 0.01953125
0 0.27909178206812907 0.27166598226018385 0.02403846153846154 0.01953125
0 0.26979227736783595 0.2654241951379762 0.02403846153846154 0.01953125
0 0.25159759425856676 0.2637816195795005 0.02403846153846154 0.01953125
0 0.24957596280198133 0.27232301248357416 0.02403846153846154 0.01953125
0 0.2843480238552513 0.2917054040735873 0.02403846153846154 0.01953125
0 0.2851566764378855 0.310102250328515 0.02403846153846154 0.01953125
0 0.29283887597291025 0.2831640111695137 0.02403846153846154 0.01953125
0 0.30254270696452046 0.2710089520367936 0.02403846153846154 0.01953125
0 0.3069902961690085 0.26279607424441515 0.02403846153846154 0.01953125
0 0.30658596987769143 0.29203391918528243 0.02403846153846154 0.01953125
0 0.31831143232588716 0.28480658672798936 0.02403846153846154 0.01953125
0 0.32882391590013155 0.2854636169513797 0.02403846153846154 0.01953125
0 0.30496866471242307 0.3170010676741129 0.02403846153846154 0.01953125
0 0.29809511776003245 0.33671197437582123 0.02403846153846154 0.01953125
0 0.2839436975639342 0.3337553383705649 0.02403846153846154 0.01953125
0 0.3312498736480341 0.33835454993429687 0.02403846153846154 0.01953125
0 0.3348888102698879 0.32554246057818653 0.02403846153846154 0.01953125
0 0.3272066107348631 0.32192879434953997 0.02403846153846154 0.01953125
0 0.3591483877489135 0.33638345926412605 0.02403846153846154 0.01953125
0 0.3781517234408169 0.33638345926412605 0.02403846153846154 0.01953125
0 0.40160264833720827 0.33704048948751636 0.02403846153846154 0.01953125
0 0.38623824926715866 0.3301416721419184 0.02403846153846154 0.01953125
0 0.38906853330637836 0.3170010676741129 0.02403846153846154 0.01953125
0 0.35672243000101095 0.3160155223390275 0.02403846153846154 0.01953125
0 0.3631916506620844 0.32849909658344273 0.02403846153846154 0.01953125
0 0.3413580309309614 0.3107592805519053 0.02403846153846154 0.01953125
0 0.33448448397857083 0.2989327365308803 0.02403846153846154 0.01953125
0 0.3542964722531084 0.29827570630749006 0.02403846153846154 0.01953125
0 0.3409537046396443 0.2657527102496714 0.02403846153846154 0.01953125
0 0.3591483877489135 0.2769222240473061 0.02403846153846154 0.01953125
0 0.3648089558273528 0.2857921320630748 0.02403846153846154 0.01953125
0 0.36844789244920667 0.3048460085413928 0.02403846153846154 0.01953125
0 0.37936470231476815 0.2926909494086727 0.02403846153846154 0.01953125
0 0.3910901647629638 0.3022178876478317 0.02403846153846154 0.01953125
0 0.4024113009198424 0.2926909494086727 0.02403846153846154 0.01953125
0 0.4072632164156476 0.30550303876478313 0.02403846153846154 0.01953125
0 0.39634640655008596 0.283821041392904 0.02403846153846154 0.01953125
0 0.40564591125037924 0.283821041392904 0.02403846153846154 0.01953125
0 0.36157434549681605 0.26411013469119565 0.02403846153846154 0.01953125
0 0.3672349135752554 0.26411013469119565 0.02403846153846154 0.01953125
0 0.38057768118871943 0.2762651938239158 0.02403846153846154 0.01953125
0 0.38381229151925617 0.26476716491458596 0.02403846153846154 0.01953125
0 0.4084761952895988 0.26279607424441515 0.02403846153846154 0.01953125
0 0.4121151319114527 0.31240185611038096 0.02403846153846154 0.01953125
0 0.42667087839886797 0.30320343298291713 0.02403846153846154 0.01953125
0 0.43152279389467324 0.2946620400788435 0.02403846153846154 0.01953125
0 0.4202016577377945 0.2749511333771352 0.02403846153846154 0.01953125
0 0.45093045587789365 0.2650956800262811 0.02403846153846154 0.01953125
0 0.4549737187910647 0.2894057982917213 0.02403846153846154 0.01953125
0 0.4776159911048218 0.2966331307490144 0.02403846153846154 0.01953125
0 0.4719554230263824 0.2913768889618921 0.02403846153846154 0.01953125
0 0.5002582634185788 0.3110877956636004 0.02403846153846154 0.01953125
0 0.5034928737491157 0.2861206471747699 0.02403846153846154 0.01953125
0 0.5180486202365311 0.29400500985545325 0.02403846153846154 0.01953125
0 0.5245178408976046 0.3137159165571615 0.02403846153846154 0.01953125
0 0.5245178408976046 0.26640974047306165 0.02403846153846154 0.01953125
0 0.5245178408976046 0.2762651938239158 0.02403846153846154 0.01953125
0 0.4954063479227738 0.26640974047306165 0.02403846153846154 0.01953125
0 0.4735727281916508 0.2657527102496714 0.02403846153846154 0.01953125
0 0.45578237137369876 0.2545831964520367 0.02403846153846154 0.01953125
0 0.4816592540179927 0.2526121057818659 0.02403846153846154 0.01953125
0 0.4719554230263824 0.2460418035479631 0.02403846153846154 0.01953125
0 0.47599868593955336 0.2375004106438895 0.02403846153846154 0.01953125
0 0.47842464368745585 0.22698792706964505 0.02403846153846154 0.01953125
0 0.4921717375922371 0.2407855617608409 0.02403846153846154 0.01953125
0 0.4921717375922371 0.2486699244415242 0.02403846153846154 0.01953125
0 0.5131967047407259 0.2401285315374506 0.02403846153846154 0.01953125
0 0.5123880521580917 0.22567386662286454 0.02403846153846154 0.01953125
0 0.49459769534013964 0.22041762483574232 0.02403846153846154 0.01953125
0 0.5051101789143841 0.20924811103810761 0.02403846153846154 0.01953125
0 0.5115793995754576 0.2020207785808146 0.02403846153846154 0.01953125
0 0.5317957141413122 0.2059629599211562 0.02403846153846154 0.01953125
0 0.5317957141413122 0.22370277595269372 0.02403846153846154 0.01953125
0 0.5342216718892148 0.2493269546649145 0.02403846153846154 0.01953125
0 0.5115793995754576 0.2565542871222075 0.02403846153846154 0.01953125
0 0.5285611038107756 0.2637816195795006 0.02403846153846154 0.01953125
0 0.4654862023653091 0.3091167049934296 0.02403846153846154 0.01953125
0 0.45780400283028416 0.22797347240473045 0.02403846153846154 0.01953125
0 0.47680733852218754 0.21647544349540063 0.02403846153846154 0.01953125
0 0.46508187607399193 0.2033348390275951 0.02403846153846154 0.01953125
0 0.4614429394521381 0.18099581143232574 0.02403846153846154 0.01953125
0 0.46669918123926024 0.17442550919842298 0.02403846153846154 0.01953125
0 0.4679121601132116 0.1520864816031536 0.02403846153846154 0.01953125
0 0.48691549580511495 0.1471587549277265 0.02403846153846154 0.01953125
0 0.49459769534013964 0.1524149967148487 0.02403846153846154 0.01953125
0 0.4861068432224807 0.16818372207621532 0.02403846153846154 0.01953125
0 0.5022798948751644 0.1586567838370563 0.02403846153846154 0.01953125
0 0.500662589709896 0.1763965998685938 0.02403846153846154 0.01953125
0 0.49904528454462765 0.1901942345597896 0.02403846153846154 0.01953125
0 0.513601031032043 0.16752669185282507 0.02403846153846154 0.01953125
0 0.5382649348023858 0.1599708442838369 0.02403846153846154 0.01953125
0 0.5297740826847268 0.17672511498028898 0.02403846153846154 0.01953125
0 0.521687556858385 0.1898657194480945 0.02403846153846154 0.01953125
0 0.5297740826847268 0.1478157851511168 0.02403846153846154 0.01953125
0 0.5552466390377037 0.16851223718791047 0.02403846153846154 0.01953125
0 0.5544379864550694 0.1790247207621549 0.02403846153846154 0.01953125
0 0.5738456484382899 0.17869620565045977 0.02403846153846154 0.01953125
0 0.5706110381077532 0.18822314388961878 0.02403846153846154 0.01953125
0 0.5843581320125343 0.20366335413929026 0.02403846153846154 0.01953125
0 0.5774845850601437 0.21056217148488818 0.02403846153846154 0.01953125
0 0.5580769230769232 0.20530592969776593 0.02403846153846154 0.01953125
0 0.5402865662589712 0.193479385676741 0.02403846153846154 0.01953125
0 0.5443298291721421 0.18789462877792365 0.02403846153846154 0.01953125
0 0.5459471343374104 0.21746098883048604 0.02403846153846154 0.01953125
0 0.5633331648640456 0.22074613994743744 0.02403846153846154 0.01953125
0 0.5503947235418984 0.23454377463863324 0.02403846153846154 0.01953125
0 0.5548423127463866 0.24341368265440197 0.02403846153846154 0.01953125
0 0.5495860709592643 0.24702734888304848 0.02403846153846154 0.01953125
0 0.5681850803598507 0.24144259198423115 0.02403846153846154 0.01953125
0 0.5774845850601437 0.25064101511169495 0.02403846153846154 0.01953125
0 0.5742499747296069 0.2746226182654401 0.02403846153846154 0.01953125
0 0.5661634489032651 0.26181052890932965 0.02403846153846154 0.01953125
0 0.5936576367128273 0.26443864980289083 0.02403846153846154 0.01953125
0 0.5972965733346812 0.25326913600525613 0.02403846153846154 0.01953125
0 0.5778889113514608 0.23060159329829155 0.02403846153846154 0.01953125
0 0.5435211765895078 0.279221829829172 0.02403846153846154 0.01953125
0 0.5475644395026789 0.2867776773981602 0.02403846153846154 0.01953125
0 0.5471601132113618 0.29334797963206294 0.02403846153846154 0.01953125
0 0.539882239967654 0.29926125164257544 0.02403846153846154 0.01953125
0 0.5386692610937028 0.3091167049934296 0.02403846153846154 0.01953125
0 0.5576725967856062 0.3022178876478317 0.02403846153846154 0.01953125
0 0.5681850803598507 0.2966331307490143 0.02403846153846154 0.01953125
0 0.5791018902254121 0.28973431340341643 0.02403846153846154 0.01953125
0 0.596487920752047 0.2033348390275951 0.02403846153846154 0.01953125
0 0.5904230263822907 0.22008910972404713 0.02403846153846154 0.01953125
0 0.5896143737996565 0.22961604796320614 0.02403846153846154 0.01953125
0 0.5912316789649248 0.1859235381077528 0.02403846153846154 0.01953125
0 0.5843581320125343 0.17146887319316673 0.02403846153846154 0.01953125
0 0.5843581320125343 0.16391302562417853 0.02403846153846154 0.01953125
0 0.5819321742646317 0.1534005420499341 0.02403846153846154 0.01953125
0 0.5673764277772164 0.14584469448094595 0.02403846153846154 0.01953125
0 0.5677807540685333 0.13960290735873834 0.02403846153846154 0.01953125
0 0.5552466390377037 0.1573427233902758 0.02403846153846154 0.01953125
0 0.5475644395026789 0.1402599375821286 0.02403846153846154 0.01953125
0 0.5532250075811181 0.13303260512483558 0.02403846153846154 0.01953125
0 0.5847624583038513 0.12646230289093283 0.02403846153846154 0.01953125
0 0.5952749418780958 0.13106151445466474 0.02403846153846154 0.01953125
0 0.5879970686343882 0.11135060775295647 0.02403846153846154 0.01953125
0 0.5702067118164361 0.11562130420499327 0.02403846153846154 0.01953125
0 0.5685894066511676 0.11036506241787106 0.02403846153846154 0.01953125
0 0.5443298291721421 0.11529278909329811 0.02403846153846154 0.01953125
0 0.535030324471849 0.11036506241787106 0.02403846153846154 0.01953125
0 0.5293697563934097 0.12777636333771336 0.02403846153846154 0.01953125
0 0.5107707469928233 0.1100365473061759 0.02403846153846154 0.01953125
0 0.49459769534013964 0.11792090998685922 0.02403846153846154 0.01953125
0 0.49661932679672505 0.10970803219448076 0.02403846153846154 0.01953125
0 0.47721166481350463 0.10970803219448076 0.02403846153846154 0.01953125
0 0.46952946527847994 0.11693536465177382 0.02403846153846154 0.01953125
0 0.4549737187910645 0.13171854467805502 0.02403846153846154 0.01953125
0 0.4509304558778936 0.13960290735873834 0.02403846153846154 0.01953125
0 0.4764030122308705 0.134018150459921 0.02403846153846154 0.01953125
0 0.47235974931769953 0.12711933311432308 0.02403846153846154 0.01953125
0 0.482872232891944 0.13631775624178694 0.02403846153846154 0.01953125
0 0.39715505913272026 0.17179738830486188 0.02403846153846154 0.01953125
0 0.4125194582027698 0.16654114651773963 0.02403846153846154 0.01953125
0 0.5972965733346813 0.27856479960578184 0.02403846153846154 0.01953125
0 0.6247907611442436 0.288420252956636 0.02403846153846154 0.01953125
0 0.6167042353179017 0.29499055519053874 0.02403846153846154 0.01953125
0 0.617512887900536 0.31010225032851507 0.02403846153846154 0.01953125
0 0.621960477105024 0.27199449737187903 0.02403846153846154 0.01953125
0 0.6142782775699992 0.2555687417871222 0.02403846153846154 0.01953125
0 0.600531183665218 0.2414425919842312 0.02403846153846154 0.01953125
0 0.6122566461134137 0.2177895039421813 0.02403846153846154 0.01953125
0 0.6187258667744872 0.22665941195795003 0.02403846153846154 0.01953125
0 0.6268123926008289 0.21023365637319313 0.02403846153846154 0.01953125
0 0.6207474982310727 0.2013637483574244 0.02403846153846154 0.01953125
0 0.6154912564439504 0.19840711235216815 0.02403846153846154 0.01953125
0 0.5997225310825838 0.19742156701708272 0.02403846153846154 0.01953125
0 0.6033614677044377 0.18198135676741126 0.02403846153846154 0.01953125
0 0.6207474982310727 0.1901942345597897 0.02403846153846154 0.01953125
0 0.6276210451834632 0.1865805683311432 0.02403846153846154 0.01953125
0 0.6324729606792683 0.17935323587385013 0.02403846153846154 0.01953125
0 0.6251950874355606 0.1754110545335085 0.02403846153846154 0.01953125
0 0.6401551602142932 0.17146887319316684 0.02403846153846154 0.01953125
0 0.6470287071666837 0.17836769053876475 0.02403846153846154 0.01953125
0 0.6474330334580009 0.19150829500657027 0.02403846153846154 0.01953125
0 0.6506676437885375 0.1990641425755584 0.02403846153846154 0.01953125
0 0.6458157282927325 0.21286177726675423 0.02403846153846154 0.01953125
0 0.6474330334580009 0.2204176248357424 0.02403846153846154 0.01953125
0 0.643794096836147 0.22600238173455975 0.02403846153846154 0.01953125
0 0.6381335287577077 0.2437421977660972 0.02403846153846154 0.01953125
0 0.6284296977660974 0.2516265604467805 0.02403846153846154 0.01953125
0 0.6365162235924392 0.2588538929040735 0.02403846153846154 0.01953125
0 0.6429854442535127 0.26805231603153745 0.02403846153846154 0.01953125
0 0.6474330334580009 0.2798788600525624 0.02403846153846154 0.01953125
0 0.652284948953806 0.29236243429697767 0.02403846153846154 0.01953125
0 0.6571368644496111 0.27922182982917215 0.02403846153846154 0.01953125
0 0.6623931062367331 0.2995897667542707 0.02403846153846154 0.01953125
0 0.6773531790154657 0.2920339191852825 0.02403846153846154 0.01953125
0 0.683822399676539 0.27889331471747697 0.02403846153846154 0.01953125
0 0.674927221267563 0.2660812253613666 0.02403846153846154 0.01953125
0 0.6866526837157588 0.27429410315374503 0.02403846153846154 0.01953125
0 0.7060603456989794 0.2706804369250985 0.02403846153846154 0.01953125
0 0.7060603456989794 0.28546361695137973 0.02403846153846154 0.01953125
0 0.7133382189426869 0.29334797963206305 0.02403846153846154 0.01953125
0 0.7307242494693219 0.28020737516425753 0.02403846153846154 0.01953125
0 0.7388107752956637 0.2703519218134034 0.02403846153846154 0.01953125
0 0.7541751743657132 0.2808644053876478 0.02403846153846154 0.01953125
0 0.7695395734357628 0.27002340670170827 0.02403846153846154 0.01953125
0 0.7772217729707876 0.26148201379763464 0.02403846153846154 0.01953125
0 0.7857126250884465 0.25819686268068326 0.02403846153846154 0.01953125
0 0.7505362377438594 0.26148201379763464 0.02403846153846154 0.01953125
0 0.7404280804609322 0.25819686268068326 0.02403846153846154 0.01953125
0 0.7307242494693219 0.25622577201051244 0.02403846153846154 0.01953125
0 0.7096992823208331 0.2499839848883048 0.02403846153846154 0.01953125
0 0.6979738198726374 0.24702734888304861 0.02403846153846154 0.01953125
0 0.6773531790154657 0.2503125 0.02403846153846154 0.01953125
0 0.6571368644496111 0.2434136826544021 0.02403846153846154 0.01953125
0 0.6648190639846357 0.2256738666228646 0.02403846153846154 0.01953125
0 0.6765445264328315 0.2325726839684625 0.02403846153846154 0.01953125
0 0.6830137470939049 0.2204176248357424 0.02403846153846154 0.01953125
0 0.6636060851106845 0.2168039586070959 0.02403846153846154 0.01953125
0 0.6761402001415143 0.21286177726675423 0.02403846153846154 0.01953125
0 0.6668406954412212 0.20629147503285147 0.02403846153846154 0.01953125
0 0.6858440311331245 0.1829669021024967 0.02403846153846154 0.01953125
0 0.6923132517941981 0.1892086892247043 0.02403846153846154 0.01953125
0 0.6923132517941981 0.1961075065703022 0.02403846153846154 0.01953125
0 0.6951435358334177 0.21187623193166882 0.02403846153846154 0.01953125
0 0.6955478621247349 0.22435980617608406 0.02403846153846154 0.01953125
0 0.7072733245729305 0.21811801905387643 0.02403846153846154 0.01953125
0 0.7198074396037604 0.21056217148488826 0.02403846153846154 0.01953125
0 0.7295112705953706 0.21483286793692505 0.02403846153846154 0.01953125
0 0.73517183867381 0.2013637483574244 0.02403846153846154 0.01953125
0 0.7088906297381989 0.1990641425755584 0.02403846153846154 0.01953125
0 0.7189987870211263 0.19150829500657027 0.02403846153846154 0.01953125
0 0.7157641766905894 0.1770536300919842 0.02403846153846154 0.01953125
0 0.6999954513292229 0.17015481274638627 0.02403846153846154 0.01953125
0 0.7226377236429801 0.16884075229960574 0.02403846153846154 0.01953125
0 0.7323415546345904 0.17278293363994737 0.02403846153846154 0.01953125
0 0.7420453856262005 0.18001026609724044 0.02403846153846154 0.01953125
0 0.7380021227130297 0.18855165900131401 0.02403846153846154 0.01953125
0 0.7424497119175176 0.19512196123521677 0.02403846153846154 0.01953125
0 0.7598357424441526 0.20103523324572925 0.02403846153846154 0.01953125
0 0.7513448903264937 0.2131902923784494 0.02403846153846154 0.01953125
0 0.744067017082786 0.2204176248357424 0.02403846153846154 0.01953125
0 0.7468973011220057 0.23290119908015766 0.02403846153846154 0.01953125
0 0.765900636813909 0.22435980617608406 0.02403846153846154 0.01953125
0 0.7747958152228851 0.23355822930354792 0.02403846153846154 0.01953125
0 0.7784347518447389 0.2437421977660972 0.02403846153846154 0.01953125
0 0.7638790053573236 0.24834140932982912 0.02403846153846154 0.01953125
0 0.7598357424441526 0.2427566524310118 0.02403846153846154 0.01953125
0 0.7521535429091278 0.24768437910643887 0.02403846153846154 0.01953125
0 0.7238507025169313 0.240785561760841 0.02403846153846154 0.01953125
0 0.7824780147579098 0.22337426084099865 0.02403846153846154 0.01953125
0 0.7735828363489338 0.2168039586070959 0.02403846153846154 0.01953125
0 0.7654963105225919 0.21220474704336392 0.02403846153846154 0.01953125
0 0.7800520570100071 0.20103523324572925 0.02403846153846154 0.01953125
0 0.7723698574749823 0.1964360216819973 0.02403846153846154 0.01953125
0 0.7723698574749823 0.1816528416557161 0.02403846153846154 0.01953125
0 0.7679222682704944 0.17606808475689878 0.02403846153846154 0.01953125
0 0.8063332659456184 0.26575271024967145 0.02403846153846154 0.01953125
0 0.8168457495198628 0.25556874178712213 0.02403846153846154 0.01953125
0 0.799459718993228 0.24275665243101177 0.02403846153846154 0.01953125
0 0.8103765288587894 0.22863050262812082 0.02403846153846154 0.01953125
0 0.8099722025674723 0.22107465505913265 0.02403846153846154 0.01953125
0 0.8043116344890329 0.21516138304862015 0.02403846153846154 0.01953125
0 0.8358490852117663 0.21581841327201046 0.02403846153846154 0.01953125
0 0.8447442636207423 0.2217316852825229 0.02403846153846154 0.01953125
0 0.8548524209036696 0.20497741458607088 0.02403846153846154 0.01953125
0 0.8128024866066919 0.20300632391590004 0.02403846153846154 0.01953125
0 0.8277625593854243 0.24308516754270693 0.02403846153846154 0.01953125
0 0.8350404326291321 0.25589725689881726 0.02403846153846154 0.01953125
0 0.8362534115030833 0.27265152759526934 0.02403846153846154 0.01953125
0 0.8580870312342063 0.2611534986859395 0.02403846153846154 0.01953125
0 0.8681951885171337 0.27396558804204985 0.02403846153846154 0.01953125
0 0.8746644091782071 0.26706677069645196 0.02403846153846154 0.01953125
0 0.8552567471949867 0.2473558639947437 0.02403846153846154 0.01953125
0 0.8714297988476704 0.24012853153745067 0.02403846153846154 0.01953125
0 0.8730471040129388 0.2568828022339027 0.02403846153846154 0.01953125
0 0.8843682401698173 0.23947150131406042 0.02403846153846154 0.01953125
0 0.9001369655311839 0.2512980453350853 0.02403846153846154 0.01953125
0 0.8964980289093302 0.27626519382391584 0.02403846153846154 0.01953125
0 0.912671080562014 0.2792218298291721 0.02403846153846154 0.01953125
0 0.9381436369149908 0.27265152759526934 0.02403846153846154 0.01953125
0 0.9256095218841609 0.25655428712220757 0.02403846153846154 0.01953125
0 0.9227792378449414 0.24801289421813397 0.02403846153846154 0.01953125
0 0.9470388153239668 0.26279607424441515 0.02403846153846154 0.01953125
0 0.9539123622763573 0.24801289421813397 0.02403846153846154 0.01953125
0 0.9644248458506018 0.2499839848883048 0.02403846153846154 0.01953125
0 0.9628075406853334 0.264767164914586 0.02403846153846154 0.01953125
0 0.930057111088649 0.23552931997371873 0.02403846153846154 0.01953125
0 0.913479733144648 0.2269879270696451 0.02403846153846154 0.01953125
0 0.9429955524107959 0.22665941195795 0.02403846153846154 0.01953125
0 0.9583599514808454 0.22731644218134028 0.02403846153846154 0.01953125
0 0.952699383402406 0.21877504927726665 0.02403846153846154 0.01953125
0 0.9421868998281616 0.20760553547963198 0.02403846153846154 0.01953125
0 0.9199489538057216 0.21056217148488823 0.02403846153846154 0.01953125
0 0.9280354796320635 0.20300632391590004 0.02403846153846154 0.01953125
0 0.9066061861922575 0.20793405059132714 0.02403846153846154 0.01953125
0 0.913479733144648 0.20202077858081463 0.02403846153846154 0.01953125
0 0.8977110077832815 0.19610750657030218 0.02403846153846154 0.01953125
0 0.8855812190437686 0.1888801741130091 0.02403846153846154 0.01953125
0 0.8645562518952798 0.1869090834428383 0.02403846153846154 0.01953125
0 0.8415096532902057 0.18822314388961883 0.02403846153846154 0.01953125
0 0.8212933387243508 0.18920868922470427 0.02403846153846154 0.01953125
0 0.8164414232285458 0.1773821452036793 0.02403846153846154 0.01953125
0 0.7982467401192765 0.18493799277266745 0.02403846153846154 0.01953125
0 0.7954164560800568 0.1704833278580814 0.02403846153846154 0.01953125
0 0.7849039725058126 0.16128490473061752 0.02403846153846154 0.01953125
0 0.7711568786010314 0.16128490473061752 0.02403846153846154 0.01953125
0 0.7505362377438597 0.17278293363994734 0.02403846153846154 0.01953125
0 0.8649605781865971 0.17081184296977653 0.02403846153846154 0.01953125
0 0.878707672091378 0.16489857095926405 0.02403846153846154 0.01953125
0 0.8920504397048421 0.17114035808147166 0.02403846153846154 0.01953125
0 0.9017542706964524 0.15964232917214183 0.02403846153846154 0.01953125
0 0.917927322349136 0.18362393232588692 0.02403846153846154 0.01953125
0 0.9292484585060148 0.18920868922470427 0.02403846153846154 0.01953125
0 0.9539123622763573 0.179024720762155 0.02403846153846154 0.01953125
0 0.9636161932679675 0.20826256570302223 0.02403846153846154 0.01953125
0 0.9668508035985043 0.18395244743758205 0.02403846153846154 0.01953125
0 0.9595729303547967 0.1662126314060446 0.02403846153846154 0.01953125
0 0.9591686040634795 0.1609563896189224 0.02403846153846154 0.01953125
0 0.926013848175478 0.16128490473061752 0.02403846153846154 0.01953125
0 0.9219705852623071 0.17278293363994734 0.02403846153846154 0.01953125
0 0.7351718386738101 0.15997084428383698 0.02403846153846154 0.01953125
0 0.9869786717881331 0.2782362844940866 0.02403846153846154 0.01953125
0 0.9974911553623774 0.27068043692509847 0.02403846153846154 0.01953125
0 0.9881916506620845 0.25655428712220757 0.02403846153846154 0.01953125
0 0.9780834933791571 0.2535976511169513 0.02403846153846154 0.01953125
0 0.982126756292328 0.24866992444152425 0.02403846153846154 0.01953125
0 0.9724229253007177 0.2601679533508541 0.02403846153846154 0.01953125
0 0.9906176084099869 0.2371718955321944 0.02403846153846154 0.01953125
0 0.9784878196704742 0.23585783508541383 0.02403846153846154 0.01953125
0 0.9898089558273526 0.22468832128777913 0.02403846153846154 0.01953125
0 0.9987041342363286 0.217132473718791 0.02403846153846154 0.01953125
0 0.9978954816536946 0.20037820302233894 0.02403846153846154 0.01953125
0 0.9748488830486202 0.2000496879106438 0.02403846153846154 0.01953125
0 0.9760618619225716 0.2207461399474375 0.02403846153846154 0.01953125
0 0.982935408874962 0.19183681011826534 0.02403846153846154 0.01953125
0 0.9841483877489134 0.17672511498028898 0.02403846153846154 0.01953125
0 0.973635904174669 0.15405757227332448 0.02403846153846154 0.01953125
0 0.9606974628525221 0.15471460249671473 0.02403846153846154 0.01953125
0 0.9582715051046194 0.1524149967148488 0.02403846153846154 0.01953125
0 0.938459516830082 0.15142945137976338 0.02403846153846154 0.01953125
0 0.9336076013342768 0.14650172470433628 0.02403846153846154 0.01953125
0 0.9538239159001315 0.13993142247043353 0.02403846153846154 0.01953125
0 0.9809137774183766 0.14091696780551893 0.02403846153846154 0.01953125
0 0.9918305872839382 0.17573956964520357 0.02403846153846154 0.01953125
0 0.9982998079450116 0.15898529894875155 0.02403846153846154 0.01953125
0 0.8442514909531993 0.16259896517739805 0.02403846153846154 0.01953125
0 0.8236308500960275 0.15570014783180014 0.02403846153846154 0.01953125
0 0.8195875871828566 0.1527435118265439 0.02403846153846154 0.01953125
0 0.8030102092388558 0.1586567838370564 0.02403846153846154 0.01953125
0 0.8135226928131001 0.1655556011826543 0.02403846153846154 0.01953125
0 0.8135226928131001 0.14190251314060437 0.02403846153846154 0.01953125
0 0.8474861012837359 0.15142945137976338 0.02403846153846154 0.01953125
0 0.8551683008187608 0.1442021189224703 0.02403846153846154 0.01953125
0 0.8365692914181745 0.14190251314060437 0.02403846153846154 0.01953125
0 0.8761932679672495 0.14945836070959254 0.02403846153846154 0.01953125
0 0.8826624886283232 0.15438608738501958 0.02403846153846154 0.01953125
0 0.8980268876983727 0.15077242115637307 0.02403846153846154 0.01953125
0 0.8992398665723239 0.13927439224704327 0.02403846153846154 0.01953125
0 0.9897457798443345 0.33375533837056504 0.02403846153846154 0.01953125
0 0.9040286060851108 0.3981443002628121 0.02403846153846154 0.01953125
0 0.7536192257151522 0.44742156701708286 0.02403846153846154 0.01953125
0 0.6986308500960275 0.37317715177398164 0.02403846153846154 0.01953125
0 0.6501116951379764 0.25622577201051244 0.02403846153846154 0.01953125
0 0.6622414838774892 0.162270450065703 0.02403846153846154 0.01953125
0 0.6145309815020722 0.1511009362680683 0.02403846153846154 0.01953125
0 0.6096790660062671 0.16621263140604461 0.02403846153846154 0.01953125
0 0.6331299909026585 0.16095638961892242 0.02403846153846154 0.01953125
0 0.6355559486505611 0.1530720269382391 0.02403846153846154 0.01953125
0 0.6598155261295866 0.17146887319316684 0.02403846153846154 0.01953125
0 0.679223188112807 0.1589852989487516 0.02403846153846154 0.01953125
0 0.7042914181744669 0.1583282687253613 0.02403846153846154 0.01953125
0 0.7107606388355403 0.1517579664914586 0.02403846153846154 0.01953125
0 0.7617057515414941 0.15570014783180022 0.02403846153846154 0.01953125
0 0.744724047306176 0.15570014783180022 0.02403846153846154 0.01953125
0 0.726933690488224 0.15570014783180022 0.02403846153846154 0.01953125
0 0.458739007378955 0.07997741458607091 0.02403846153846154 0.01953125
0 0.46439957545739424 0.08654771681997371 0.02403846153846154 0.01953125
0 0.46156929141817454 0.10034535151116951 0.02403846153846154 0.01953125
0 0.47248610128373614 0.09903129106438895 0.02403846153846154 0.01953125
0 0.4765293641969071 0.0950891097240473 0.02403846153846154 0.01953125
0 0.48178560598402925 0.07800632391590011 0.02403846153846154 0.01953125
0 0.4866375214798344 0.07176453679369249 0.02403846153846154 0.01953125
0 0.4623779440008088 0.05566729632063073 0.02403846153846154 0.01953125
0 0.4797639745274438 0.05402472076215503 0.02403846153846154 0.01953125
0 0.4514611341352473 0.05402472076215503 0.02403846153846154 0.01953125
0 0.4627822702921259 0.045154812746386316 0.02403846153846154 0.01953125
0 0.46803851207924807 0.03989857095926411 0.02403846153846154 0.01953125
0 0.4559087233397353 0.0303716327201051 0.02403846153846154 0.01953125
0 0.4789553219448096 0.02577242115637315 0.02403846153846154 0.01953125
0 0.5056408571717377 0.02511539093298289 0.02403846153846154 0.01953125
0 0.49957596280198135 0.025443906044678038 0.02403846153846154 0.01953125
0 0.4963413524714447 0.03365678383705646 0.02403846153846154 0.01953125
0 0.4894678055190541 0.04285520696452036 0.02403846153846154 0.01953125
0 0.4943197210148591 0.05106808475689878 0.02403846153846154 0.01953125
0 0.47612503790558997 0.04876847897503282 0.02403846153846154 0.01953125
0 0.5080668149196402 0.04449778252299602 0.02403846153846154 0.01953125
0 0.5149403618720308 0.05665284165571613 0.02403846153846154 0.01953125
0 0.5133230567067625 0.03792748028909326 0.02403846153846154 0.01953125
0 0.5262614980289095 0.02938608738501969 0.02403846153846154 0.01953125
0 0.5351566764378856 0.02675796649145859 0.02403846153846154 0.01953125
0 0.5444561811381786 0.028072026938239143 0.02403846153846154 0.01953125
0 0.5367739816031539 0.03957005584756896 0.02403846153846154 0.01953125
0 0.5565859698776914 0.02511539093298289 0.02403846153846154 0.01953125
0 0.5290917820681291 0.05468175098554532 0.02403846153846154 0.01953125
0 0.5254528454462754 0.06420868922470428 0.02403846153846154 0.01953125
0 0.5383912867684223 0.05993799277266753 0.02403846153846154 0.01953125
0 0.5468821388860813 0.06552274967148489 0.02403846153846154 0.01953125
0 0.49715000505407875 0.06223759855453349 0.02403846153846154 0.01953125
0 0.5052365308804206 0.07045047634691193 0.02403846153846154 0.01953125
0 0.5052365308804206 0.07176453679369249 0.02403846153846154 0.01953125
0 0.5052365308804206 0.07800632391590011 0.02403846153846154 0.01953125
0 0.5092797937935916 0.09180395860709592 0.02403846153846154 0.01953125
0 0.5108970989588599 0.1029734724047306 0.02403846153846154 0.01953125
0 0.5266658243202266 0.09968832128777923 0.02403846153846154 0.01953125
0 0.5335393712726171 0.08720474704336396 0.02403846153846154 0.01953125
0 0.5286874557768121 0.08720474704336396 0.02403846153846154 0.01953125
0 0.541625897098959 0.09246098883048619 0.02403846153846154 0.01953125
0 0.558607601334277 0.09443207950065702 0.02403846153846154 0.01953125
0 0.5582032750429599 0.1013308968462549 0.02403846153846154 0.01953125
0 0.5529470332558376 0.08260553547963202 0.02403846153846154 0.01953125
0 0.5335393712726171 0.0812914750328515 0.02403846153846154 0.01953125
0 0.563459516830082 0.07932038436268064 0.02403846153846154 0.01953125
0 0.5670984534519359 0.08654771681997371 0.02403846153846154 0.01953125
0 0.5784195896088145 0.0743926576872536 0.02403846153846154 0.01953125
0 0.5844844839785709 0.08326256570302232 0.02403846153846154 0.01953125
0 0.5513297280905692 0.05435323587385017 0.02403846153846154 0.01953125
0 0.554564338421106 0.05960947766097238 0.02403846153846154 0.01953125
0 0.5687157586172042 0.05960947766097238 0.02403846153846154 0.01953125
0 0.5606292327908624 0.04614035808147172 0.02403846153846154 0.01953125
0 0.5602249064995453 0.038913025624178664 0.02403846153846154 0.01953125
0 0.5739720004043265 0.03431381406044675 0.02403846153846154 0.01953125
0 0.5954012938441324 0.04351223718791061 0.02403846153846154 0.01953125
0 0.5804412210654 0.04055560118265437 0.02403846153846154 0.01953125
0 0.5824628525219854 0.029714602496714804 0.02403846153846154 0.01953125
0 0.6063181037096939 0.0244583607095926 0.02403846153846154 0.01953125
0 0.611574345496816 0.029714602496714804 0.02403846153846154 0.01953125
0 0.5731633478216923 0.04811144875164256 0.02403846153846154 0.01953125
0 0.580845547356717 0.05205363009198418 0.02403846153846154 0.01953125
0 0.60267916708784 0.06617977989487513 0.02403846153846154 0.01953125
0 0.5836758313959367 0.06552274967148489 0.02403846153846154 0.01953125
0 0.5885277468917418 0.06092353810775293 0.02403846153846154 0.01953125
0 0.6079354088749622 0.06190908344283834 0.02403846153846154 0.01953125
0 0.5945926412614982 0.08030592969776607 0.02403846153846154 0.01953125
0 0.5893363994743759 0.08884732260183967 0.02403846153846154 0.01953125
0 0.6095527140402307 0.08753326215505912 0.02403846153846154 0.01953125
0 0.5962099464267665 0.09903129106438895 0.02403846153846154 0.01953125
0 0.6042964722531085 0.11020080486202365 0.02403846153846154 0.01953125
0 0.6059137774183768 0.11808516754270695 0.02403846153846154 0.01953125
0 0.6087440614575964 0.10494456307490144 0.02403846153846154 0.01953125
0 0.6123829980794503 0.13286834756898816 0.02403846153846154 0.01953125
0 0.5036192257151522 0.13648201379763472 0.02403846153846154 0.01953125
0 0.6674977256646114 0.13746755913272007 0.02403846153846154 0.01953125
0 0.6452597796421713 0.12662656044678053 0.02403846153846154 0.01953125
0 0.6323213383200242 0.12925468134034165 0.02403846153846154 0.01953125
0 0.6274694228242191 0.13713904402102495 0.02403846153846154 0.01953125
0 0.6254477913676337 0.12038477332457292 0.02403846153846154 0.01953125
0 0.6432381481855859 0.11085783508541391 0.02403846153846154 0.01953125
0 0.6412165167290004 0.10395901773981603 0.02403846153846154 0.01953125
0 0.6379819063984636 0.10034535151116951 0.02403846153846154 0.01953125
0 0.6521333265945619 0.10100238173455978 0.02403846153846154 0.01953125
0 0.6561765895077328 0.10001683639947435 0.02403846153846154 0.01953125
0 0.65658091579905 0.09640317017082785 0.02403846153846154 0.01953125
0 0.661028505003538 0.11217189553219446 0.02403846153846154 0.01953125
0 0.6602198524209038 0.11907071287779238 0.02403846153846154 0.01953125
0 0.6869053876478319 0.11512853153745072 0.02403846153846154 0.01953125
0 0.6788188618214901 0.1289261662286465 0.02403846153846154 0.01953125
0 0.6860967350651976 0.13451092312746388 0.02403846153846154 0.01953125
0 0.679223188112807 0.14929410315374506 0.02403846153846154 0.01953125
0 0.6970135449307592 0.14140974047306176 0.02403846153846154 0.01953125
0 0.7241034064490044 0.1417382555847569 0.02403846153846154 0.01953125
0 0.722081774992419 0.12794062089356112 0.02403846153846154 0.01953125
0 0.709143333670272 0.1391101346911958 0.02403846153846154 0.01953125
0 0.7362331951885172 0.13024022667542706 0.02403846153846154 0.01953125
0 0.7621100778328113 0.13812458935611038 0.02403846153846154 0.01953125
0 0.74836298392803 0.12038477332457292 0.02403846153846154 0.01953125
0 0.7665576670372991 0.11775665243101183 0.02403846153846154 0.01953125
0 0.7807090872333974 0.12137031865965833 0.02403846153846154 0.01953125
0 0.7766658243202264 0.13648201379763472 0.02403846153846154 0.01953125
0 0.7689836247852018 0.10790119908015769 0.02403846153846154 0.01953125
0 0.7552365308804206 0.10001683639947435 0.02403846153846154 0.01953125
0 0.74836298392803 0.0950891097240473 0.02403846153846154 0.01953125
0 0.7463413524714446 0.10822971419185282 0.02403846153846154 0.01953125
0 0.7180385120792481 0.09640317017082785 0.02403846153846154 0.01953125
0 0.709547659961589 0.10855822930354796 0.02403846153846154 0.01953125
0 0.7216774487011018 0.11742813731931667 0.02403846153846154 0.01953125
0 0.7014611341352471 0.1210418035479632 0.02403846153846154 0.01953125
0 0.7038870918831498 0.10034535151116951 0.02403846153846154 0.01953125
0 0.7119736177094916 0.08983286793692508 0.02403846153846154 0.01953125
0 0.7281466693621753 0.08523365637319312 0.02403846153846154 0.01953125
0 0.7087390073789549 0.0786633541392904 0.02403846153846154 0.01953125
0 0.6933746083089054 0.08457662614980287 0.02403846153846154 0.01953125
0 0.6832664510259779 0.0993598061760841 0.02403846153846154 0.01953125
0 0.6808404932780755 0.09180395860709592 0.02403846153846154 0.01953125
0 0.6711366622864652 0.08523365637319312 0.02403846153846154 0.01953125
0 0.6505160214292935 0.08490514126149801 0.02403846153846154 0.01953125
0 0.6460684322248055 0.06026650788436264 0.02403846153846154 0.01953125
0 0.6581982209643182 0.057309871879106425 0.02403846153846154 0.01953125
0 0.6197872232891944 0.06519423455978973 0.02403846153846154 0.01953125
0 0.6121050237541696 0.05139659986859393 0.02403846153846154 0.01953125
0 0.639194885272415 0.042198176741130064 0.02403846153846154 0.01953125
0 0.6395992115637321 0.02511539093298289 0.02403846153846154 0.01953125
0 0.6497073688466593 0.03661341984231271 0.02403846153846154 0.01953125
0 0.6598155261295866 0.02938608738501969 0.02403846153846154 0.01953125
0 0.6602198524209038 0.047125903416557126 0.02403846153846154 0.01953125
0 0.6189785707065603 0.0934465341655716 0.02403846153846154 0.01953125
0 0.6408121904376832 0.09016138304862022 0.02403846153846154 0.01953125
0 0.6666890730819771 0.07143602168199735 0.02403846153846154 0.01953125
0 0.670732335995148 0.06355165900131404 0.02403846153846154 0.01953125
0 0.6525376528858791 0.0711075065703022 0.02403846153846154 0.01953125
0 0.6836707773172951 0.04581184296977657 0.02403846153846154 0.01953125
0 0.6776058829475388 0.03267123850197105 0.02403846153846154 0.01953125
0 0.69135297685232 0.030043117608409952 0.02403846153846154 0.01953125
0 0.6998438289699789 0.03398529894875161 0.02403846153846154 0.01953125
0 0.7059087233397352 0.0270864816031537 0.02403846153846154 0.01953125
0 0.6998438289699789 0.043183722076215465 0.02403846153846154 0.01953125
0 0.6905443242696857 0.05139659986859393 0.02403846153846154 0.01953125
0 0.6885226928131002 0.06880790078843624 0.02403846153846154 0.01953125
0 0.6893313453957344 0.06256611366622859 0.02403846153846154 0.01953125
0 0.7014611341352471 0.06158056833114319 0.02403846153846154 0.01953125
0 0.6844794298999293 0.05993799277266753 0.02403846153846154 0.01953125
0 0.7232947538663702 0.07570671813403415 0.02403846153846154 0.01953125
0 0.7236990801576874 0.058623932325886974 0.02403846153846154 0.01953125
0 0.7176341857879309 0.047782933639947414 0.02403846153846154 0.01953125
0 0.7293596482361266 0.04449778252299602 0.02403846153846154 0.01953125
0 0.7168255332052968 0.035627874507227306 0.02403846153846154 0.01953125
0 0.7111649651268575 0.03431381406044675 0.02403846153846154 0.01953125
0 0.7301683008187608 0.030043117608409952 0.02403846153846154 0.01953125
0 0.739467805519054 0.03661341984231271 0.02403846153846154 0.01953125
0 0.7410851106843223 0.04252669185282521 0.02403846153846154 0.01953125
0 0.743915394723542 0.0346423291721419 0.02403846153846154 0.01953125
0 0.7495759628019812 0.0270864816031537 0.02403846153846154 0.01953125
0 0.7685792984938846 0.024786875821287746 0.02403846153846154 0.01953125
0 0.7689836247852018 0.0346423291721419 0.02403846153846154 0.01953125
0 0.7734312139896897 0.041212631406044656 0.02403846153846154 0.01953125
0 0.7697922773678358 0.04942550919842308 0.02403846153846154 0.01953125
0 0.7520019205498838 0.053696205650459884 0.02403846153846154 0.01953125
0 0.7499802890932983 0.051725114980289075 0.02403846153846154 0.01953125
0 0.743915394723542 0.06125205321944808 0.02403846153846154 0.01953125
0 0.7366375214798343 0.07472117279894872 0.02403846153846154 0.01953125
0 0.7556408571717377 0.07669226346911956 0.02403846153846154 0.01953125
0 0.7649403618720308 0.0743926576872536 0.02403846153846154 0.01953125
0 0.770196603659153 0.08753326215505912 0.02403846153846154 0.01953125
0 0.7515975942585668 0.08851880749014451 0.02403846153846154 0.01953125
0 0.7815177398160317 0.13763181668856767 0.02403846153846154 0.01953125
0 0.7993080966339837 0.1327040900131406 0.02403846153846154 0.01953125
0 0.8021383806732032 0.12022051576872533 0.02403846153846154 0.01953125
0 0.7904129182250077 0.09623891261498024 0.02403846153846154 0.01953125
0 0.7891999393510563 0.08638345926412612 0.02403846153846154 0.01953125
0 0.7811134135247145 0.07652800591327195 0.02403846153846154 0.01953125
0 0.7823263923986657 0.07258582457293031 0.02403846153846154 0.01953125
0 0.7932432022642272 0.05616006898817339 0.02403846153846154 0.01953125
0 0.7932432022642272 0.04761867608409982 0.02403846153846154 0.01953125
0 0.8086076013342768 0.05090382720105119 0.02403846153846154 0.01953125
0 0.8175027797432529 0.055831553876478285 0.02403846153846154 0.01953125
0 0.8094162539169111 0.07127176412614976 0.02403846153846154 0.01953125
0 0.7989037703426666 0.07718503613666226 0.02403846153846154 0.01953125
0 0.8061816435863742 0.08769751971090667 0.02403846153846154 0.01953125
0 0.8041600121297888 0.09656742772667538 0.02403846153846154 0.01953125
0 0.8138638431213991 0.1018236695137976 0.02403846153846154 0.01953125
0 0.8235676741130091 0.10379476018396844 0.02403846153846154 0.01953125
0 0.8288239159001315 0.09525336727989483 0.02403846153846154 0.01953125
0 0.8381234206004246 0.08276979303547961 0.02403846153846154 0.01953125
0 0.8381234206004246 0.09821000328515109 0.02403846153846154 0.01953125
0 0.8478272515920349 0.09131118593955317 0.02403846153846154 0.01953125
0 0.848231577883352 0.10149515440210244 0.02403846153846154 0.01953125
0 0.8490402304659861 0.10740842641261494 0.02403846153846154 0.01953125
0 0.861574345496816 0.09459633705650458 0.02403846153846154 0.01953125
0 0.85267916708784 0.08474088370565042 0.02403846153846154 0.01953125
0 0.8470185990094006 0.0758709756898817 0.02403846153846154 0.01953125
0 0.8478272515920349 0.07192879434954005 0.02403846153846154 0.01953125
0 0.8498488830486204 0.05977373521681994 0.02403846153846154 0.01953125
0 0.848231577883352 0.04926125164257549 0.02403846153846154 0.01953125
0 0.8332715051046194 0.045976100525624126 0.02403846153846154 0.01953125
0 0.8344844839785709 0.03940579829172137 0.02403846153846154 0.01953125
0 0.8296325684827657 0.037106192509855376 0.02403846153846154 0.01953125
0 0.7976907914687152 0.03677767739816026 0.02403846153846154 0.01953125
0 0.8684478924492066 0.05188937253613659 0.02403846153846154 0.01953125
0 0.8631916506620845 0.06568700722733241 0.02403846153846154 0.01953125
0 0.8846209441018904 0.047947191195794936 0.02403846153846154 0.01953125
0 0.8830036389366219 0.06108779566360049 0.02403846153846154 0.01953125
0 0.8866425755584758 0.06273037122207616 0.02403846153846154 0.01953125
0 0.900793995754574 0.036120647174769975 0.02403846153846154 0.01953125
0 0.8951334276761348 0.03480658672798942 0.02403846153846154 0.01953125
0 0.9100935004548673 0.04269094940867273 0.02403846153846154 0.01953125
0 0.9181800262812091 0.04663313074901439 0.02403846153846154 0.01953125
0 0.904432932376428 0.05616006898817339 0.02403846153846154 0.01953125
0 0.9117108056201354 0.05484600854139284 0.02403846153846154 0.01953125
0 0.904432932376428 0.06437294678055185 0.02403846153846154 0.01953125
0 0.904432932376428 0.07455691524310112 0.02403846153846154 0.01953125
0 0.8963464065500861 0.07455691524310112 0.02403846153846154 0.01953125
0 0.8975593854240373 0.08638345926412612 0.02403846153846154 0.01953125
0 0.8882598807237443 0.09492485216819972 0.02403846153846154 0.01953125
0 0.878556049732134 0.08506939881734557 0.02403846153846154 0.01953125
0 0.8769387445668655 0.07488543035479626 0.02403846153846154 0.01953125
0 0.8745127868189629 0.10740842641261494 0.02403846153846154 0.01953125
0 0.9048372586677449 0.114635758869908 0.02403846153846154 0.01953125
0 0.8995810168806228 0.1077369415243101 0.02403846153846154 0.01953125
0 0.9024113009198426 0.09952406373193164 0.02403846153846154 0.01953125
0 0.9068588901243303 0.09328227660972402 0.02403846153846154 0.01953125
0 0.9189886788638433 0.08704048948751637 0.02403846153846154 0.01953125
0 0.8603613666228648 0.1198920006570302 0.02403846153846154 0.01953125
0 0.8583397351662794 0.13204705978975032 0.02403846153846154 0.01953125
0 0.8732998079450117 0.1251482424441524 0.02403846153846154 0.01953125
0 0.8708738501971092 0.13336112023653088 0.02403846153846154 0.01953125
0 0.8239720004043265 0.11890645532194478 0.02403846153846154 0.01953125
0 0.8300368947740827 0.12416269710906701 0.02403846153846154 0.01953125
0 0.8842166178105733 0.14321657358738502 0.02403846153846154 0.01953125
0 0.8862382492671588 0.22534535151116955 0.02403846153846154 0.01953125
0 0.8882598807237443 0.21680395860709595 0.02403846153846154 0.01953125
0 0.9117108056201354 0.24242813731931676 0.02403846153846154 0.01953125
0 0.895196603659153 0.12005625821287778 0.02403846153846154 0.01953125
0 0.9186475285555443 0.1253125 0.02403846153846154 0.01953125
0 0.9356292327908622 0.12137031865965833 0.02403846153846154 0.01953125
0 0.9404811482866674 0.13352537779237847 0.02403846153846154 0.01953125
0 0.9489720004043263 0.1220273488830486 0.02403846153846154 0.01953125
0 0.9663580309309612 0.1358249835742444 0.02403846153846154 0.01953125
0 0.9699969675528151 0.12399843955321943 0.02403846153846154 0.01953125
0 0.9538239159001315 0.11020080486202365 0.02403846153846154 0.01953125
0 0.9392681694127162 0.1115148653088042 0.02403846153846154 0.01953125
0 0.9243080966339837 0.1098722897503285 0.02403846153846154 0.01953125
0 0.9218821388860812 0.09443207950065702 0.02403846153846154 0.01953125
0 0.9518022844435461 0.09443207950065702 0.02403846153846154 0.01953125
0 0.9441200849085212 0.0914754434954008 0.02403846153846154 0.01953125
0 0.9461417163651067 0.08227702036793691 0.02403846153846154 0.01953125
0 0.9550368947740827 0.07275008212877788 0.02403846153846154 0.01953125
0 0.9590801576872536 0.06880790078843624 0.02403846153846154 0.01953125
0 0.9481633478216922 0.06979344612352166 0.02403846153846154 0.01953125
0 0.9239037703426666 0.06420868922470428 0.02403846153846154 0.01953125
0 0.9332032750429597 0.053039175427069624 0.02403846153846154 0.01953125
0 0.9105610027292026 0.02938608738501969 0.02403846153846154 0.01953125
0 0.9356292327908622 0.024129845597897485 0.02403846153846154 0.01953125
0 0.9150085919336904 0.022815785151116933 0.02403846153846154 0.01953125
0 0.8964095825331042 0.02511539093298289 0.02403846153846154 0.01953125
0 0.8721500050540788 0.021830239816031494 0.02403846153846154 0.01953125
0 0.9631234206004246 0.029714602496714804 0.02403846153846154 0.01953125
0 0.9797007985444254 0.02511539093298289 0.02403846153846154 0.01953125
0 0.9764661882138886 0.03595638961892245 0.02403846153846154 0.01953125
0 0.9845527140402305 0.03924154073587381 0.02403846153846154 0.01953125
0 0.9922349135752552 0.03661341984231271 0.02403846153846154 0.01953125
0 0.9623147680177906 0.048439963863337675 0.02403846153846154 0.01953125
0 0.9869786717881331 0.05501026609724043 0.02403846153846154 0.01953125
0 0.968783988678864 0.06716532522996055 0.02403846153846154 0.01953125
0 0.9764661882138886 0.08326256570302232 0.02403846153846154 0.01953125
0 0.964336399474376 0.08589068659658342 0.02403846153846154 0.01953125
0 0.9704012938441322 0.09443207950065702 0.02403846153846154 0.01953125
0 0.97767916708784 0.10954377463863336 0.02403846153846154 0.01953125
0 0.982935408874962 0.0993598061760841 0.02403846153846154 0.01953125
0 0.9991084605276459 0.10067386662286465 0.02403846153846154 0.01953125
0 0.9465460426564237 0.0346423291721419 0.02403846153846154 0.01953125
0 0.9530152633174972 0.03661341984231271 0.02403846153846154 0.01953125
0 0.07571565753563125 0.015095680026281144 0.02403846153846154 0.01953125
0 0.07248104720509453 0.02560816360052556 0.02403846153846154 0.01953125
0 0.0635858687961185 0.01443864980289085 0.02403846153846154 0.01953125
0 0.04175224906499549 0.015095680026281144 0.02403846153846154 0.01953125
0 0.04983877489133732 0.022980042706964455 0.02403846153846154 0.01953125
0 0.04983877489133732 0.007211317345597834 0.02403846153846154 0.01953125
0 0.04336955423026382 0.005240226675427025 0.02403846153846154 0.01953125
0 0.00536288284645707 0.024294103153745042 0.02403846153846154 0.01953125
0 0.0118321035075306 0.007211317345597834 0.02403846153846154 0.01953125
0 0.03123976549075106 0.02035192181340335 0.02403846153846154 0.01953125
0 0.09188870918831499 0.012467559132720041 0.02403846153846154 0.01953125
0 0.09027140402304663 0.003269136005256144 0.02403846153846154 0.01953125
0 0.08056757303143641 0.003269136005256144 0.02403846153846154 0.01953125
0 0.06439452137875269 0.002612105781865921 0.02403846153846154 0.01953125
0 0.10725310825836448 0.011810528909329748 0.02403846153846154 0.01953125
0 0.11533963408470638 0.012467559132720041 0.02403846153846154 0.01953125
0 0.1323213383200243 0.006554287122207541 0.02403846153846154 0.01953125
0 0.1250434650763166 0.015095680026281144 0.02403846153846154 0.01953125
0 0.14525977964217127 0.007868347568988129 0.02403846153846154 0.01953125
0 0.161432831294855 0.01575271024967144 0.02403846153846154 0.01953125
0 0.1638587890427575 0.007868347568988129 0.02403846153846154 0.01953125
0 0.15658091579904984 0.012467559132720041 0.02403846153846154 0.01953125
0 0.13798190639846356 0.015095680026281144 0.02403846153846154 0.01953125
0 0.1848837561912464 0.013124589356110335 0.02403846153846154 0.01953125
0 0.1784145355301729 0.010496468462549232 0.02403846153846154 0.01953125
0 0.17275396745173355 0.005897256898817247 0.02403846153846154 0.01953125
0 0.1848837561912464 0.003926166228646437 0.02403846153846154 0.01953125
0 0.1978221975133934 0.006554287122207541 0.02403846153846154 0.01953125
0 0.20186546042656422 0.01838083114323254 0.02403846153846154 0.01953125
0 0.21722985949661383 0.01575271024967144 0.02403846153846154 0.01953125
0 0.21965581724451638 0.008525377792378422 0.02403846153846154 0.01953125
0 0.2148039017487113 0.006554287122207541 0.02403846153846154 0.01953125
0 0.20671737592236938 0.003269136005256144 0.02403846153846154 0.01953125
0 0.22369908015768733 0.003269136005256144 0.02403846153846154 0.01953125
0 0.2358288688972001 0.003926166228646437 0.02403846153846154 0.01953125
0 0.24553269988881032 0.01443864980289085 0.02403846153846154 0.01953125
0 0.24876731021934706 0.009839438239158938 0.02403846153846154 0.01953125
0 0.26413170928939655 0.013124589356110335 0.02403846153846154 0.01953125
0 0.2916258970989589 0.009839438239158938 0.02403846153846154 0.01953125
0 0.30052107550793494 0.009839438239158938 0.02403846153846154 0.01953125
0 0.30052107550793494 0.021008952036793645 0.02403846153846154 0.01953125
0 0.32882391590013155 0.010496468462549232 0.02403846153846154 0.01953125
0 0.3247806529869605 0.01969489159001306 0.02403846153846154 0.01953125
0 0.3474229253007178 0.013781619579500628 0.02403846153846154 0.01953125
0 0.35793540887496217 0.007868347568988129 0.02403846153846154 0.01953125
0 0.34661427271808354 0.003926166228646437 0.02403846153846154 0.01953125
0 0.391898817345598 0.013781619579500628 0.02403846153846154 0.01953125
0 0.4161583948246236 0.013781619579500628 0.02403846153846154 0.01953125
0 0.40160264833720816 0.003269136005256144 0.02403846153846154 0.01953125
0 0.38462094410189024 0.003926166228646437 0.02403846153846154 0.01953125
0 0.4258622258162339 0.006554287122207541 0.02403846153846154 0.01953125
0 0.4315227938946731 0.01575271024967144 0.02403846153846154 0.01953125
0 0.44769584554735686 0.021008952036793645 0.02403846153846154 0.01953125
0 0.45093045587789354 0.006554287122207541 0.02403846153846154 0.01953125
0 0.457399676538967 0.010496468462549232 0.02403846153846154 0.01953125
0 0.46710350753057733 0.006554287122207541 0.02403846153846154 0.01953125
0 0.4727640756090165 0.012467559132720041 0.02403846153846154 0.01953125
0 0.4848938643485293 0.003926166228646437 0.02403846153846154 0.01953125
0 0.550521075507935 0.007211317345597905 0.02403846153846154 0.01953125
0 0.5707373900737898 0.010496468462549303 0.02403846153846154 0.01953125
0 0.5367739816031539 0.0032691360052562145 0.02403846153846154 0.01953125
0 0.5230268876983728 0.002612105781865992 0.02403846153846154 0.01953125
0 0.502001920549884 0.0058972568988173895 0.02403846153846154 0.01953125
0 0.5189836247852019 0.011810528909329819 0.02403846153846154 0.01953125
0 0.5812498736480342 0.005240226675427096 0.02403846153846154 0.01953125
0 0.589336399474376 0.010496468462549303 0.02403846153846154 0.01953125
0 0.6038921459617913 0.009182408015768716 0.02403846153846154 0.01953125
0 0.6216825027797435 0.013781619579500628 0.02403846153846154 0.01953125
0 0.6249171131102802 0.003926166228646508 0.02403846153846154 0.01953125
0 0.6313863337713538 0.012467559132720112 0.02403846153846154 0.01953125
0 0.6451334276761348 0.016409740473061804 0.02403846153846154 0.01953125
0 0.6378555544324271 0.007211317345597905 0.02403846153846154 0.01953125
0 0.6475593854240375 0.005240226675427096 0.02403846153846154 0.01953125
0 0.6621151319114527 0.00983943823915901 0.02403846153846154 0.01953125
0 0.6782881835641364 0.005240226675427096 0.02403846153846154 0.01953125
0 0.6944612352168201 0.009182408015768716 0.02403846153846154 0.01953125
0 0.7073996765389671 0.015095680026281215 0.02403846153846154 0.01953125
0 0.7146775497826746 0.006554287122207612 0.02403846153846154 0.01953125
0 0.7259986859395534 0.01575271024967151 0.02403846153846154 0.01953125
0 0.7332765591832611 0.008525377792378422 0.02403846153846154 0.01953125
0 0.746215000505408 0.014438649802890922 0.02403846153846154 0.01953125
0 0.755110178914384 0.005240226675427096 0.02403846153846154 0.01953125
0 0.7745178408976046 0.012467559132720112 0.02403846153846154 0.01953125
0 0.7720918831497019 0.004583196452036802 0.02403846153846154 0.01953125
0 0.7923081977155566 0.006554287122207612 0.02403846153846154 0.01953125
0 0.7931168502981906 0.01575271024967151 0.02403846153846154 0.01953125
0 0.797968765793996 0.026265193823915924 0.02403846153846154 0.01953125
0 0.8068639442029719 0.019037861366622836 0.02403846153846154 0.01953125
0 0.8149504700293139 0.00983943823915901 0.02403846153846154 0.01953125
0 0.8206110381077532 0.012467559132720112 0.02403846153846154 0.01953125
0 0.8319321742646317 0.013124589356110406 0.02403846153846154 0.01953125
0 0.846487920752047 0.006554287122207612 0.02403846153846154 0.01953125
0 0.8650869301526333 0.006554287122207612 0.02403846153846154 0.01953125
0 0.8707474982310727 0.013781619579500628 0.02403846153846154 0.01953125
0 0.8788340240574145 0.007868347568988198 0.02403846153846154 0.01953125
0 0.9095628221975135 0.004583196452036802 0.02403846153846154 0.01953125
0 0.9233099161022946 0.009182408015768716 0.02403846153846154 0.01953125
0 0.9420352774689177 0.009182408015768645 0.02403846153846154 0.01953125
0 0.9388006671383807 0.002612105781865921 0.02403846153846154 0.01953125
0 0.9565910239563328 0.003926166228646437 0.02403846153846154 0.01953125
0 0.9509304558778937 0.017066770696451954 0.02403846153846154 0.01953125
0 0.9671035075305774 0.01969489159001306 0.02403846153846154 0.01953125
0 0.9719554230263825 0.009839438239158938 0.02403846153846154 0.01953125
0 0.9857025169311636 0.011810528909329748 0.02403846153846154 0.01953125
