0 0.02378232878232879 0.8874467199467199 0.022222222222222223 0.03333333333333333
0 0.006799311799311801 0.8911929736929737 0.022222222222222223 0.03333333333333333
0 0.010295815295815297 0.8672169497169496 0.022222222222222223 0.03333333333333333
0 0.0028033078033077963 0.8372469197469197 0.022222222222222223 0.03333333333333333
0 0.0122938172938173 0.8305036630036629 0.022222222222222223 0.03333333333333333
0 0.009796314796314789 0.791542624042624 0.022222222222222223 0.03333333333333333
0 0.04076534576534578 0.7922918747918747 0.022222222222222223 0.03333333333333333
0 0.03027583527583529 0.8215126540126539 0.022222222222222223 0.03333333333333333
0 0.028777333777333765 0.7900441225441225 0.022222222222222223 0.03333333333333333
0 0.04026584526584527 0.7750591075591075 0.022222222222222223 0.03333333333333333
0 0.03527084027084028 0.7570770895770895 0.022222222222222223 0.03333333333333333
0 0.0072988122988122935 0.752581585081585 0.022222222222222223 0.03333333333333333
0 0.015790320790320795 0.7675666000666 0.022222222222222223 0.03333333333333333
0 0.025780330780330776 0.7435905760905761 0.022222222222222223 0.03333333333333333
0 0.010295815295815297 0.7256085581085581 0.022222222222222223 0.03333333333333333
0 0.0122938172938173 0.7046295371295371 0.022222222222222223 0.03333333333333333
0 0.021284826284826294 0.6903937728937728 0.022222222222222223 0.03333333333333333
0 0.008297813297813294 0.6784057609057609 0.022222222222222223 0.03333333333333333
0 0.04576035076035077 0.7151190476190475 0.022222222222222223 0.03333333333333333
0 0.04226384726384727 0.6843997668997669 0.022222222222222223 0.03333333333333333
0 0.05724886224886224 0.73759657009657 0.022222222222222223 0.03333333333333333
0 0.07023587523587525 0.7600740925740926 0.022222222222222223 0.03333333333333333
0 0.07872738372738373 0.7773068598068598 0.022222222222222223 0.03333333333333333
0 0.05674936174936174 0.7937903762903763 0.022222222222222223 0.03333333333333333
0 0.07273337773337772 0.791542624042624 0.022222222222222223 0.03333333333333333
0 0.09870740370740369 0.7870471195471195 0.022222222222222223 0.03333333333333333
0 0.09421189921189921 0.7593248418248418 0.022222222222222223 0.03333333333333333
0 0.10270340770340769 0.7608233433233433 0.022222222222222223 0.03333333333333333
0 0.07273337773337772 0.73759657009657 0.022222222222222223 0.03333333333333333
0 0.06673937173937175 0.7203638028638027 0.022222222222222223 0.03333333333333333
0 0.06923687423687423 0.7053787878787879 0.022222222222222223 0.03333333333333333
0 0.054751359751359766 0.6986355311355311 0.022222222222222223 0.03333333333333333
0 0.054751359751359766 0.6843997668997669 0.022222222222222223 0.03333333333333333
0 0.054751359751359766 0.6671669996669997 0.022222222222222223 0.03333333333333333
0 0.03227383727383726 0.6446894771894771 0.022222222222222223 0.03333333333333333
0 0.01079531579531579 0.6356984681984682 0.022222222222222223 0.03333333333333333
0 0.014291819291819286 0.6079761904761904 0.022222222222222223 0.03333333333333333
0 0.028277833277833286 0.6229612054612055 0.022222222222222223 0.03333333333333333
0 0.028777333777333765 0.6087254412254413 0.022222222222222223 0.03333333333333333
0 0.04026584526584527 0.5952389277389277 0.022222222222222223 0.03333333333333333
0 0.042763347763347746 0.6356984681984682 0.022222222222222223 0.03333333333333333
0 0.07223387723387724 0.6656684981684982 0.022222222222222223 0.03333333333333333
0 0.06474136974136975 0.636447718947719 0.022222222222222223 0.03333333333333333
0 0.06673937173937175 0.6027314352314352 0.022222222222222223 0.03333333333333333
0 0.05674936174936174 0.5959881784881785 0.022222222222222223 0.03333333333333333
0 0.006299811299811293 0.5832509157509158 0.022222222222222223 0.03333333333333333
0 0.011794316794316792 0.5630211455211456 0.022222222222222223 0.03333333333333333
0 0.01678932178932178 0.5817524142524143 0.022222222222222223 0.03333333333333333
0 0.03976634476634476 0.5690151515151516 0.022222222222222223 0.03333333333333333
0 0.02478132978132979 0.594489676989677 0.022222222222222223 0.03333333333333333
0 0.022783327783327787 0.5517823842823842 0.022222222222222223 0.03333333333333333
0 0.01079531579531579 0.5547793872793872 0.022222222222222223 0.03333333333333333
0 0.02777833277833278 0.5420421245421245 0.022222222222222223 0.03333333333333333
0 0.04725885225885226 0.5472868797868797 0.022222222222222223 0.03333333333333333
0 0.06424186924186924 0.5607733932733933 0.022222222222222223 0.03333333333333333
0 0.07872738372738373 0.624459706959707 0.022222222222222223 0.03333333333333333
0 0.0907153957153957 0.6207134532134532 0.022222222222222223 0.03333333333333333
0 0.08771839271839273 0.6619222444222445 0.022222222222222223 0.03333333333333333
0 0.07872738372738373 0.6858982683982684 0.022222222222222223 0.03333333333333333
0 0.11119491619491619 0.7211130536130536 0.022222222222222223 0.03333333333333333
0 0.09121489621489622 0.7083757908757908 0.022222222222222223 0.03333333333333333
0 0.11519092019092018 0.779554612054612 0.022222222222222223 0.03333333333333333
0 0.13417193917193918 0.7473368298368299 0.022222222222222223 0.03333333333333333
0 0.13417193917193918 0.7698143523143522 0.022222222222222223 0.03333333333333333
0 0.15265345765345767 0.7728113553113554 0.022222222222222223 0.03333333333333333
0 0.14665945165945166 0.7578263403263402 0.022222222222222223 0.03333333333333333
0 0.1336724386724387 0.7271070596070596 0.022222222222222223 0.03333333333333333
0 0.12518093018093016 0.716617549117549 0.022222222222222223 0.03333333333333333
0 0.11119491619491619 0.6963877788877788 0.022222222222222223 0.03333333333333333
0 0.12268342768342769 0.6896445221445221 0.022222222222222223 0.03333333333333333
0 0.1296764346764347 0.6829012654012653 0.022222222222222223 0.03333333333333333
0 0.12268342768342769 0.666417748917749 0.022222222222222223 0.03333333333333333
0 0.10969641469641468 0.6446894771894771 0.022222222222222223 0.03333333333333333
0 0.09970640470640471 0.6611729936729936 0.022222222222222223 0.03333333333333333
0 0.13916694416694417 0.6888952713952714 0.022222222222222223 0.03333333333333333
0 0.16064546564546567 0.752581585081585 0.022222222222222223 0.03333333333333333
0 0.17612998112998116 0.7563278388278388 0.022222222222222223 0.03333333333333333
0 0.16663947163947165 0.7173667998667999 0.022222222222222223 0.03333333333333333
0 0.1646414696414696 0.6888952713952714 0.022222222222222223 0.03333333333333333
0 0.18162448662448666 0.7008832833832833 0.022222222222222223 0.03333333333333333
0 0.17762848262848263 0.6791550116550117 0.022222222222222223 0.03333333333333333
0 0.15065545565545566 0.6701640026640026 0.022222222222222223 0.03333333333333333
0 0.15864746364746363 0.6596744921744921 0.022222222222222223 0.03333333333333333
0 0.15115495615495617 0.6963877788877788 0.022222222222222223 0.03333333333333333
0 0.15015595515595515 0.6476864801864802 0.022222222222222223 0.03333333333333333
0 0.13267343767343767 0.6446894771894771 0.022222222222222223 0.03333333333333333
0 0.13666944166944167 0.6267074592074592 0.022222222222222223 0.03333333333333333
0 0.12667943167943166 0.6027314352314352 0.022222222222222223 0.03333333333333333
0 0.14865745365745364 0.5974866799866799 0.022222222222222223 0.03333333333333333
0 0.16264346764346763 0.6334507159507159 0.022222222222222223 0.03333333333333333
0 0.16164446664446663 0.6491849816849817 0.022222222222222223 0.03333333333333333
0 0.17213397713397716 0.6461879786879786 0.022222222222222223 0.03333333333333333
0 0.18062548562548564 0.6566774891774891 0.022222222222222223 0.03333333333333333
0 0.16064546564546567 0.6042299367299367 0.022222222222222223 0.03333333333333333
0 0.11019591519591519 0.5937404262404262 0.022222222222222223 0.03333333333333333
0 0.08272338772338773 0.5929911754911755 0.022222222222222223 0.03333333333333333
0 0.08771839271839273 0.5727614052614052 0.022222222222222223 0.03333333333333333
0 0.07423187923187921 0.5592748917748918 0.022222222222222223 0.03333333333333333
0 0.07323287823287823 0.5750091575091576 0.022222222222222223 0.03333333333333333
0 0.09620990120990121 0.5959881784881785 0.022222222222222223 0.03333333333333333
0 0.10420190920190919 0.5705136530136531 0.022222222222222223 0.03333333333333333
0 0.08721889221889222 0.5457883782883783 0.022222222222222223 0.03333333333333333
0 0.06124486624486625 0.5442898767898768 0.022222222222222223 0.03333333333333333
0 0.07872738372738373 0.5338003663003663 0.022222222222222223 0.03333333333333333
0 0.08222388722388722 0.5218123543123543 0.022222222222222223 0.03333333333333333
0 0.06224386724386723 0.5248093573093574 0.022222222222222223 0.03333333333333333
0 0.042763347763347746 0.5203138528138529 0.022222222222222223 0.03333333333333333
0 0.036769341769341775 0.5173168498168498 0.022222222222222223 0.03333333333333333
0 0.006799311799311801 0.5218123543123543 0.022222222222222223 0.03333333333333333
0 0.01728882228882229 0.5293048618048618 0.022222222222222223 0.03333333333333333
0 0.0197863247863248 0.5143198468198469 0.022222222222222223 0.03333333333333333
0 0.23407203907203905 0.6341999666999666 0.022222222222222223 0.03333333333333333
0 0.20210400710400708 0.6259582084582083 0.022222222222222223 0.03333333333333333
0 0.18562049062049057 0.6042299367299366 0.022222222222222223 0.03333333333333333
0 0.17912698412698413 0.6124716949716948 0.022222222222222223 0.03333333333333333
0 0.19561050061050064 0.6012329337329336 0.022222222222222223 0.03333333333333333
0 0.1786274836274836 0.5862479187479187 0.022222222222222223 0.03333333333333333
0 0.1716344766344766 0.5974866799866799 0.022222222222222223 0.03333333333333333
0 0.16663947163947165 0.5660181485181485 0.022222222222222223 0.03333333333333333
0 0.15215395715395716 0.5742599067599067 0.022222222222222223 0.03333333333333333
0 0.14516095016095015 0.5532808857808856 0.022222222222222223 0.03333333333333333
0 0.13317293817293818 0.5757584082584082 0.022222222222222223 0.03333333333333333
0 0.13267343767343767 0.5540301365301364 0.022222222222222223 0.03333333333333333
0 0.12168442668442667 0.5637703962703962 0.022222222222222223 0.03333333333333333
0 0.10819791319791319 0.5510331335331334 0.022222222222222223 0.03333333333333333
0 0.0972089022089022 0.5652688977688977 0.022222222222222223 0.03333333333333333
0 0.09670940170940172 0.5367973692973692 0.022222222222222223 0.03333333333333333
0 0.09820790320790321 0.5203138528138527 0.022222222222222223 0.03333333333333333
0 0.10819791319791319 0.5218123543123542 0.022222222222222223 0.03333333333333333
0 0.1047014097014097 0.5352988677988677 0.022222222222222223 0.03333333333333333
0 0.11618992118992118 0.5233108558108558 0.022222222222222223 0.03333333333333333
0 0.13017593517593515 0.5352988677988677 0.022222222222222223 0.03333333333333333
0 0.14615995115995115 0.5248093573093572 0.022222222222222223 0.03333333333333333
0 0.13567044067044065 0.5008333333333334 0.022222222222222223 0.03333333333333333
0 0.12068542568542569 0.5083258408258406 0.022222222222222223 0.03333333333333333
0 0.11219391719391719 0.4873468198468197 0.022222222222222223 0.03333333333333333
0 0.12268342768342769 0.48659756909756896 0.022222222222222223 0.03333333333333333
0 0.13117493617493617 0.48434981684981676 0.022222222222222223 0.03333333333333333
0 0.12867743367743367 0.4611230436230435 0.022222222222222223 0.03333333333333333
0 0.12068542568542569 0.4663677988677987 0.022222222222222223 0.03333333333333333
0 0.11269341769341767 0.4663677988677987 0.022222222222222223 0.03333333333333333
0 0.004301809301809306 0.5030810855810854 0.022222222222222223 0.03333333333333333
0 0.011794316794316792 0.49109307359307347 0.022222222222222223 0.03333333333333333
0 0.006299811299811293 0.4693648018648018 0.022222222222222223 0.03333333333333333
0 0.021784326784326773 0.4701140526140525 0.022222222222222223 0.03333333333333333
0 0.01828782328782329 0.45737678987678976 0.022222222222222223 0.03333333333333333
0 0.032773337773337775 0.5023318348318347 0.022222222222222223 0.03333333333333333
0 0.04326284826284826 0.4813528138528138 0.022222222222222223 0.03333333333333333
0 0.05874736374736374 0.501582584082584 0.022222222222222223 0.03333333333333333
0 0.06723887223887223 0.5023318348318347 0.022222222222222223 0.03333333333333333
0 0.07523088023088023 0.5060780885780886 0.022222222222222223 0.03333333333333333
0 0.08322288822288822 0.49933483183483174 0.022222222222222223 0.03333333333333333
0 0.07822788322788322 0.4648692973692973 0.022222222222222223 0.03333333333333333
0 0.10420190920190919 0.4978363303363303 0.022222222222222223 0.03333333333333333
0 0.09221389721389721 0.4933408258408258 0.022222222222222223 0.03333333333333333
0 0.09620990120990121 0.47760656010656 0.022222222222222223 0.03333333333333333
0 0.09121489621489622 0.45887529137529126 0.022222222222222223 0.03333333333333333
0 0.06773837273837273 0.46711704961704953 0.022222222222222223 0.03333333333333333
0 0.04875735375735376 0.4558782883782883 0.022222222222222223 0.03333333333333333
0 0.05275335775335776 0.48584831834831826 0.022222222222222223 0.03333333333333333
0 0.008297813297813294 0.4341500166500166 0.022222222222222223 0.03333333333333333
0 0.01079531579531579 0.4169172494172494 0.022222222222222223 0.03333333333333333
0 0.025780330780330776 0.45213203463203455 0.022222222222222223 0.03333333333333333
0 0.02777833277833278 0.3936904761904761 0.022222222222222223 0.03333333333333333
0 0.04126484626484626 0.4139202464202464 0.022222222222222223 0.03333333333333333
0 0.054251859251859255 0.44538877788877773 0.022222222222222223 0.03333333333333333
0 0.06124486624486625 0.42291125541125535 0.022222222222222223 0.03333333333333333
0 0.04476134976134975 0.3929412254412254 0.022222222222222223 0.03333333333333333
0 0.03377233877233879 0.38619796869796863 0.022222222222222223 0.03333333333333333
0 0.02228382728382728 0.37570845820845816 0.022222222222222223 0.03333333333333333
0 0.006799311799311801 0.3704637029637029 0.022222222222222223 0.03333333333333333
0 0.006299811299811293 0.3599741924741924 0.022222222222222223 0.03333333333333333
0 0.01678932178932178 0.3577264402264402 0.022222222222222223 0.03333333333333333
0 0.024281829281829283 0.3599741924741924 0.022222222222222223 0.03333333333333333
0 0.03177433677433678 0.36746669996669995 0.022222222222222223 0.03333333333333333
0 0.03227383727383726 0.3734607059607059 0.022222222222222223 0.03333333333333333
0 0.04176434676434677 0.3689652014652014 0.022222222222222223 0.03333333333333333
0 0.05025585525585525 0.3779562104562104 0.022222222222222223 0.03333333333333333
0 0.05974636474636475 0.3622219447219447 0.022222222222222223 0.03333333333333333
0 0.06873737373737375 0.3764577089577089 0.022222222222222223 0.03333333333333333
0 0.08272338772338773 0.37945471195471187 0.022222222222222223 0.03333333333333333
0 0.0907153957153957 0.36446969696969694 0.022222222222222223 0.03333333333333333
0 0.08272338772338773 0.36147269397269394 0.022222222222222223 0.03333333333333333
0 0.16064546564546567 0.5278063603063602 0.022222222222222223 0.03333333333333333
0 0.17063547563547565 0.5360481185481185 0.022222222222222223 0.03333333333333333
0 0.17463147963147965 0.5577763902763901 0.022222222222222223 0.03333333333333333
0 0.19011599511599514 0.5772569097569097 0.022222222222222223 0.03333333333333333
0 0.1951110001110001 0.5667673992673992 0.022222222222222223 0.03333333333333333
0 0.2036025086025086 0.5555286380286379 0.022222222222222223 0.03333333333333333
0 0.2046015096015096 0.5854986679986678 0.022222222222222223 0.03333333333333333
0 0.21559052059052058 0.5727614052614052 0.022222222222222223 0.03333333333333333
0 0.20410200910200912 0.5705136530136529 0.022222222222222223 0.03333333333333333
0 0.20959651459651463 0.6057284382284381 0.022222222222222223 0.03333333333333333
0 0.24006604506604504 0.5899941724941724 0.022222222222222223 0.03333333333333333
0 0.23107503607503607 0.6042299367299366 0.022222222222222223 0.03333333333333333
0 0.23956654456654455 0.5630211455211453 0.022222222222222223 0.03333333333333333
0 0.2305755355755356 0.5517823842823841 0.022222222222222223 0.03333333333333333
0 0.23706904206904206 0.5427913752913752 0.022222222222222223 0.03333333333333333
0 0.2360700410700411 0.5285556110556109 0.022222222222222223 0.03333333333333333
0 0.22957653457653457 0.5255586080586079 0.022222222222222223 0.03333333333333333
0 0.20260350760350762 0.5270571095571095 0.022222222222222223 0.03333333333333333
0 0.18861749361749364 0.5285556110556109 0.022222222222222223 0.03333333333333333
0 0.1786274836274836 0.5270571095571095 0.022222222222222223 0.03333333333333333
0 0.1781279831279831 0.5068273393273393 0.022222222222222223 0.03333333333333333
0 0.1671389721389721 0.5008333333333332 0.022222222222222223 0.03333333333333333
0 0.15165445665445665 0.4970870795870795 0.022222222222222223 0.03333333333333333
0 0.14466144966144964 0.4978363303363303 0.022222222222222223 0.03333333333333333
0 0.14066544566544567 0.4663677988677987 0.022222222222222223 0.03333333333333333
0 0.14066544566544567 0.48659756909756896 0.022222222222222223 0.03333333333333333
0 0.14715895215895217 0.47760656010656 0.022222222222222223 0.03333333333333333
0 0.15814796314796317 0.4693648018648018 0.022222222222222223 0.03333333333333333
0 0.16763847263847267 0.4888453213453213 0.022222222222222223 0.03333333333333333
0 0.15065545565545566 0.4618722943722942 0.022222222222222223 0.03333333333333333
0 0.14066544566544567 0.44613802863802854 0.022222222222222223 0.03333333333333333
0 0.13067543567543566 0.4423917748917748 0.022222222222222223 0.03333333333333333
0 0.12468142968142969 0.4423917748917748 0.022222222222222223 0.03333333333333333
0 0.11469141969141967 0.44538877788877784 0.022222222222222223 0.03333333333333333
0 0.10420190920190919 0.44538877788877784 0.022222222222222223 0.03333333333333333
0 0.08172438672438671 0.44389027639027634 0.022222222222222223 0.03333333333333333
0 0.07073537573537572 0.44389027639027634 0.022222222222222223 0.03333333333333333
0 0.07323287823287823 0.4191650016650016 0.022222222222222223 0.03333333333333333
0 0.08072538572538573 0.4139202464202464 0.022222222222222223 0.03333333333333333
0 0.09820790320790321 0.4319022644022643 0.022222222222222223 0.03333333333333333
0 0.09521090021090019 0.4431410256410256 0.022222222222222223 0.03333333333333333
0 0.1116944166944167 0.42291125541125535 0.022222222222222223 0.03333333333333333
0 0.10570041070041068 0.4139202464202464 0.022222222222222223 0.03333333333333333
0 0.0937123987123987 0.4139202464202464 0.022222222222222223 0.03333333333333333
0 0.09620990120990121 0.4236605061605061 0.022222222222222223 0.03333333333333333
0 0.04176434676434677 0.33899517149517144 0.022222222222222223 0.03333333333333333
0 0.03477133977133977 0.3285056610056609 0.022222222222222223 0.03333333333333333
0 0.03926684426684425 0.3202639027639027 0.022222222222222223 0.03333333333333333
0 0.032773337773337775 0.3157683982683982 0.022222222222222223 0.03333333333333333
0 0.02478132978132979 0.3472369297369296 0.022222222222222223 0.03333333333333333
0 0.020785325785325787 0.3374966699966699 0.022222222222222223 0.03333333333333333
0 0.010295815295815297 0.3434906759906759 0.022222222222222223 0.03333333333333333
0 0.0058003108003108 0.3359981684981684 0.022222222222222223 0.03333333333333333
0 0.004301809301809306 0.34873543123543116 0.022222222222222223 0.03333333333333333
0 0.013292818292818285 0.3330011655011654 0.022222222222222223 0.03333333333333333
0 0.017788322788322784 0.3225116550116549 0.022222222222222223 0.03333333333333333
0 0.014791319791319795 0.31501914751914745 0.022222222222222223 0.03333333333333333
0 0.03527084027084028 0.3022818847818848 0.022222222222222223 0.03333333333333333
0 0.026779331779331794 0.3195146520146519 0.022222222222222223 0.03333333333333333
0 0.025780330780330776 0.2992848817848817 0.022222222222222223 0.03333333333333333
0 0.01928682428682429 0.286547619047619 0.022222222222222223 0.03333333333333333
0 0.014291819291819286 0.2977863802863802 0.022222222222222223 0.03333333333333333
0 0.006799311799311801 0.3022818847818848 0.022222222222222223 0.03333333333333333
0 0.0072988122988122935 0.28729686979686975 0.022222222222222223 0.03333333333333333
0 0.015290820290820288 0.2820521145521145 0.022222222222222223 0.03333333333333333
0 0.02228382728382728 0.27980436230436223 0.022222222222222223 0.03333333333333333
0 0.020285825285825277 0.26332084582084575 0.022222222222222223 0.03333333333333333
0 0.006799311799311801 0.26631784881784876 0.022222222222222223 0.03333333333333333
0 0.020285825285825277 0.2513328338328337 0.022222222222222223 0.03333333333333333
0 0.0038023088023087974 0.259574592074592 0.022222222222222223 0.03333333333333333
0 0.0028033078033077963 0.22361055611055605 0.022222222222222223 0.03333333333333333
0 0.006799311799311801 0.241592574092574 0.022222222222222223 0.03333333333333333
0 0.013792318792318793 0.23559856809856802 0.022222222222222223 0.03333333333333333
0 0.04476134976134975 0.3202639027639027 0.022222222222222223 0.03333333333333333
0 0.05874736374736374 0.3449891774891774 0.022222222222222223 0.03333333333333333
0 0.07273337773337772 0.3472369297369296 0.022222222222222223 0.03333333333333333
0 0.054251859251859255 0.3285056610056609 0.022222222222222223 0.03333333333333333
0 0.051754356754356745 0.31426989676989664 0.022222222222222223 0.03333333333333333
0 0.05774836274836275 0.30827589077589074 0.022222222222222223 0.03333333333333333
0 0.06374236874236873 0.3210131535131535 0.022222222222222223 0.03333333333333333
0 0.06374236874236873 0.3344996669996669 0.022222222222222223 0.03333333333333333
0 0.07573038073038074 0.31202214452214444 0.022222222222222223 0.03333333333333333
0 0.06623987123987124 0.30378038628038617 0.022222222222222223 0.03333333333333333
0 0.07223387723387724 0.2977863802863802 0.022222222222222223 0.03333333333333333
0 0.06823787323787323 0.286547619047619 0.022222222222222223 0.03333333333333333
0 0.05974636474636475 0.28579836829836824 0.022222222222222223 0.03333333333333333
0 0.06673937173937175 0.2753088578088577 0.022222222222222223 0.03333333333333333
0 0.07672938172938172 0.2753088578088577 0.022222222222222223 0.03333333333333333
0 0.07273337773337772 0.262571595071595 0.022222222222222223 0.03333333333333333
0 0.07672938172938172 0.25058358308358303 0.022222222222222223 0.03333333333333333
0 0.054751359751359766 0.26706709956709945 0.022222222222222223 0.03333333333333333
0 0.04376234876234877 0.283550616050616 0.022222222222222223 0.03333333333333333
0 0.038767343767343775 0.2902938727938727 0.022222222222222223 0.03333333333333333
0 0.038767343767343775 0.27455960705960697 0.022222222222222223 0.03333333333333333
0 0.03127483627483627 0.28729686979686975 0.022222222222222223 0.03333333333333333
0 0.04576035076035077 0.2992848817848817 0.022222222222222223 0.03333333333333333
0 0.04825785325785325 0.25358058608058603 0.022222222222222223 0.03333333333333333
0 0.053752358752358745 0.2528313353313353 0.022222222222222223 0.03333333333333333
0 0.032773337773337775 0.256577589077589 0.022222222222222223 0.03333333333333333
0 0.02777833277833278 0.24084332334332326 0.022222222222222223 0.03333333333333333
0 0.03477133977133977 0.2423418248418248 0.022222222222222223 0.03333333333333333
0 0.042763347763347746 0.241592574092574 0.022222222222222223 0.03333333333333333
0 0.04875735375735376 0.24084332334332326 0.022222222222222223 0.03333333333333333
0 0.054751359751359766 0.24009407259407253 0.022222222222222223 0.03333333333333333
0 0.05774836274836275 0.22810606060606053 0.022222222222222223 0.03333333333333333
0 0.06374236874236873 0.22585830835830828 0.022222222222222223 0.03333333333333333
0 0.06673937173937175 0.26182234432234425 0.022222222222222223 0.03333333333333333
0 0.07423187923187921 0.22885531135531129 0.022222222222222223 0.03333333333333333
0 0.07622988122988122 0.2183658008658008 0.022222222222222223 0.03333333333333333
0 0.07373237873237874 0.20787629037629032 0.022222222222222223 0.03333333333333333
0 0.06973637473637474 0.19888528138528136 0.022222222222222223 0.03333333333333333
0 0.06324286824286825 0.20787629037629032 0.022222222222222223 0.03333333333333333
0 0.05674936174936174 0.21162254412254408 0.022222222222222223 0.03333333333333333
0 0.03926684426684425 0.20413003663003662 0.022222222222222223 0.03333333333333333
0 0.03477133977133977 0.21761655011655004 0.022222222222222223 0.03333333333333333
0 0.02727883227883227 0.22960456210456207 0.022222222222222223 0.03333333333333333
0 0.024281829281829283 0.2146195471195471 0.022222222222222223 0.03333333333333333
0 0.020285825285825277 0.20338078588078584 0.022222222222222223 0.03333333333333333
0 0.014791319791319795 0.21162254412254408 0.022222222222222223 0.03333333333333333
0 0.02777833277833278 0.2011330336330336 0.022222222222222223 0.03333333333333333
0 0.028777333777333765 0.18539876789876783 0.022222222222222223 0.03333333333333333
0 0.026279831279831287 0.16966450216450213 0.022222222222222223 0.03333333333333333
0 0.007798312798312802 0.18764652014652008 0.022222222222222223 0.03333333333333333
0 0.0122938172938173 0.16816600066600065 0.022222222222222223 0.03333333333333333
0 0.0058003108003108 0.17041375291375288 0.022222222222222223 0.03333333333333333
0 0.008797313797313803 0.1479362304362304 0.022222222222222223 0.03333333333333333
0 0.029276834276834272 0.1329512154512154 0.022222222222222223 0.03333333333333333
0 0.0197863247863248 0.15842574092574088 0.022222222222222223 0.03333333333333333
0 0.018787323787323784 0.16891525141525135 0.022222222222222223 0.03333333333333333
0 0.023282828282828297 0.18614801864801858 0.022222222222222223 0.03333333333333333
0 0.018787323787323784 0.21761655011655004 0.022222222222222223 0.03333333333333333
0 0.05674936174936174 0.1936405261405261 0.022222222222222223 0.03333333333333333
0 0.06124486624486625 0.1816525141525141 0.022222222222222223 0.03333333333333333
0 0.06873737373737375 0.17865551115551115 0.022222222222222223 0.03333333333333333
0 0.053752358752358745 0.17715700965700962 0.022222222222222223 0.03333333333333333
0 0.04675935175935175 0.16966450216450213 0.022222222222222223 0.03333333333333333
0 0.04526085026085026 0.15767649017649016 0.022222222222222223 0.03333333333333333
0 0.032773337773337775 0.16666749916749912 0.022222222222222223 0.03333333333333333
0 0.05824786324786326 0.12246170496170493 0.022222222222222223 0.03333333333333333
0 0.04176434676434677 0.10223193473193476 0.022222222222222223 0.03333333333333333
0 0.03377233877233879 0.1157184482184482 0.022222222222222223 0.03333333333333333
0 0.023782328782328773 0.10897519147519148 0.022222222222222223 0.03333333333333333
0 0.013792318792318793 0.08050366300366298 0.022222222222222223 0.03333333333333333
0 0.02777833277833278 0.08649766899766897 0.022222222222222223 0.03333333333333333
0 0.026279831279831287 0.07226190476190472 0.022222222222222223 0.03333333333333333
0 0.004801309801309799 0.0879961704961705 0.022222222222222223 0.03333333333333333
0 0.004301809301809306 0.07301115551115553 0.022222222222222223 0.03333333333333333
0 0.009296814296814296 0.061772394272394233 0.022222222222222223 0.03333333333333333
0 0.008797313797313803 0.05727688977688975 0.022222222222222223 0.03333333333333333
0 0.011294816294816299 0.04453962703962702 0.022222222222222223 0.03333333333333333
0 0.017788322788322784 0.049035131535131504 0.022222222222222223 0.03333333333333333
0 0.018787323787323784 0.05727688977688975 0.022222222222222223 0.03333333333333333
0 0.02478132978132979 0.053530636030635986 0.022222222222222223 0.03333333333333333
0 0.03976634476634476 0.04978438228438231 0.022222222222222223 0.03333333333333333
0 0.032773337773337775 0.05577838827838823 0.022222222222222223 0.03333333333333333
0 0.037268842268842285 0.0767574092574092 0.022222222222222223 0.03333333333333333
0 0.04376234876234877 0.07226190476190472 0.022222222222222223 0.03333333333333333
0 0.05824786324786326 0.09024392274392275 0.022222222222222223 0.03333333333333333
0 0.03976634476634476 0.08874542124542122 0.022222222222222223 0.03333333333333333
0 0.05824786324786326 0.10298118548118547 0.022222222222222223 0.03333333333333333
0 0.05575036075036075 0.10972444222444219 0.022222222222222223 0.03333333333333333
0 0.06773837273837273 0.10073343323343323 0.022222222222222223 0.03333333333333333
0 0.05924686424686425 0.15992424242424239 0.022222222222222223 0.03333333333333333
0 0.06823787323787323 0.1546794871794871 0.022222222222222223 0.03333333333333333
0 0.07273337773337772 0.1337004662004662 0.022222222222222223 0.03333333333333333
0 0.07872738372738373 0.12920496170496165 0.022222222222222223 0.03333333333333333
0 0.08272338772338773 0.11946470196470196 0.022222222222222223 0.03333333333333333
0 0.09471139971139972 0.10672743922743924 0.022222222222222223 0.03333333333333333
0 0.08971639471639473 0.13819597069597067 0.022222222222222223 0.03333333333333333
0 0.09670940170940172 0.13894522144522142 0.022222222222222223 0.03333333333333333
0 0.09021589521589521 0.1546794871794871 0.022222222222222223 0.03333333333333333
0 0.08921689421689422 0.17341075591075583 0.022222222222222223 0.03333333333333333
0 0.0917143967143967 0.18539876789876783 0.022222222222222223 0.03333333333333333
0 0.0957104007104007 0.20487928737928732 0.022222222222222223 0.03333333333333333
0 0.08322288822288822 0.1936405261405261 0.022222222222222223 0.03333333333333333
0 0.07922688422688423 0.17940476190476184 0.022222222222222223 0.03333333333333333
0 0.10270340770340769 0.18764652014652008 0.022222222222222223 0.03333333333333333
0 0.1047014097014097 0.20263153513153506 0.022222222222222223 0.03333333333333333
0 0.10170440670440671 0.21986430236430232 0.022222222222222223 0.03333333333333333
0 0.0907153957153957 0.21986430236430232 0.022222222222222223 0.03333333333333333
0 0.08172438672438671 0.20413003663003662 0.022222222222222223 0.03333333333333333
0 0.09021589521589521 0.24384032634032626 0.022222222222222223 0.03333333333333333
0 0.0992069042069042 0.268565601065601 0.022222222222222223 0.03333333333333333
0 0.0867193917193917 0.2753088578088577 0.022222222222222223 0.03333333333333333
0 0.08422188922188922 0.289544622044622 0.022222222222222223 0.03333333333333333
0 0.09271339771339772 0.32176240426240416 0.022222222222222223 0.03333333333333333
0 0.10619991119991119 0.29104312354312345 0.022222222222222223 0.03333333333333333
0 0.09620990120990121 0.286547619047619 0.022222222222222223 0.03333333333333333
0 0.11269341769341767 0.289544622044622 0.022222222222222223 0.03333333333333333
0 0.12068542568542569 0.26706709956709945 0.022222222222222223 0.03333333333333333
0 0.12168442668442667 0.25432983682983673 0.022222222222222223 0.03333333333333333
0 0.11119491619491619 0.25807609057609054 0.022222222222222223 0.03333333333333333
0 0.1106954156954157 0.265568598068598 0.022222222222222223 0.03333333333333333
0 0.12268342768342769 0.31352064602064594 0.022222222222222223 0.03333333333333333
0 0.12368242868242867 0.3374966699966699 0.022222222222222223 0.03333333333333333
0 0.13067543567543566 0.3240101565101564 0.022222222222222223 0.03333333333333333
0 0.12018592518592518 0.3255086580086579 0.022222222222222223 0.03333333333333333
0 0.1176884226884227 0.32925491175491167 0.022222222222222223 0.03333333333333333
0 0.11918692418692418 0.3464876789876789 0.022222222222222223 0.03333333333333333
0 0.11269341769341767 0.3374966699966699 0.022222222222222223 0.03333333333333333
0 0.10719891219891221 0.3307534132534132 0.022222222222222223 0.03333333333333333
0 0.10070540570540569 0.3255086580086579 0.022222222222222223 0.03333333333333333
0 0.1066994116994117 0.31052364302364294 0.022222222222222223 0.03333333333333333
0 0.09521090021090019 0.3374966699966699 0.022222222222222223 0.03333333333333333
0 0.0992069042069042 0.37196220446220435 0.022222222222222223 0.03333333333333333
0 0.10570041070041068 0.3592249417249416 0.022222222222222223 0.03333333333333333
0 0.09670940170940172 0.3532309357309356 0.022222222222222223 0.03333333333333333
0 0.11668942168942167 0.37046370296370285 0.022222222222222223 0.03333333333333333
0 0.12318292818292817 0.39743672993672985 0.022222222222222223 0.03333333333333333
0 0.12667943167943166 0.37271145521145516 0.022222222222222223 0.03333333333333333
0 0.13766844266844266 0.37046370296370285 0.022222222222222223 0.03333333333333333
0 0.13217393717393716 0.3577264402264402 0.022222222222222223 0.03333333333333333
0 0.13167443667443668 0.3434906759906759 0.022222222222222223 0.03333333333333333
0 0.13816794316794317 0.3374966699966699 0.022222222222222223 0.03333333333333333
0 0.15065545565545566 0.3344996669996669 0.022222222222222223 0.03333333333333333
0 0.14815795315795316 0.3434906759906759 0.022222222222222223 0.03333333333333333
0 0.15065545565545566 0.3614726939726939 0.022222222222222223 0.03333333333333333
0 0.15864746364746363 0.3607234432234432 0.022222222222222223 0.03333333333333333
0 0.15864746364746363 0.3742099567099566 0.022222222222222223 0.03333333333333333
0 0.15515096015096014 0.3914427239427238 0.022222222222222223 0.03333333333333333
0 0.14815795315795316 0.3921919746919746 0.022222222222222223 0.03333333333333333
0 0.14615995115995115 0.4131709956709955 0.022222222222222223 0.03333333333333333
0 0.15415195915195914 0.411672494172494 0.022222222222222223 0.03333333333333333
0 0.14066544566544567 0.39968448218448205 0.022222222222222223 0.03333333333333333
0 0.13267343767343767 0.40343073593073586 0.022222222222222223 0.03333333333333333
0 0.1141919191919192 0.40343073593073586 0.022222222222222223 0.03333333333333333
0 0.1211849261849262 0.4214127539127538 0.022222222222222223 0.03333333333333333
0 0.12667943167943166 0.4191650016650016 0.022222222222222223 0.03333333333333333
0 0.13317293817293818 0.4229112554112553 0.022222222222222223 0.03333333333333333
0 0.14066544566544567 0.42815601065601055 0.022222222222222223 0.03333333333333333
0 0.15714896214896215 0.43639776889776877 0.022222222222222223 0.03333333333333333
0 0.15914696414696414 0.4206635031635031 0.022222222222222223 0.03333333333333333
0 0.16913697413697415 0.43639776889776877 0.022222222222222223 0.03333333333333333
0 0.16613997113997112 0.4596245421245419 0.022222222222222223 0.03333333333333333
0 0.17563048063048062 0.489594572094572 0.022222222222222223 0.03333333333333333
0 0.1821239871239871 0.4693648018648018 0.022222222222222223 0.03333333333333333
0 0.1921139971139971 0.47910506160506144 0.022222222222222223 0.03333333333333333
0 0.20060550560550558 0.4978363303363303 0.022222222222222223 0.03333333333333333
0 0.18711899211899208 0.5120720945720945 0.022222222222222223 0.03333333333333333
0 0.24606005106005108 0.5263078588078588 0.022222222222222223 0.03333333333333333
0 0.23557054057054055 0.4843498168498168 0.022222222222222223 0.03333333333333333
0 0.22458152958152955 0.4933408258408258 0.022222222222222223 0.03333333333333333
0 0.2180880230880231 0.5038303363303362 0.022222222222222223 0.03333333333333333
0 0.2110950160950161 0.489594572094572 0.022222222222222223 0.03333333333333333
0 0.2165895215895216 0.4768573093573093 0.022222222222222223 0.03333333333333333
0 0.2046015096015096 0.46786630036630034 0.022222222222222223 0.03333333333333333
0 0.19261349761349758 0.4528812853812853 0.022222222222222223 0.03333333333333333
0 0.1841219891219891 0.4596245421245419 0.022222222222222223 0.03333333333333333
0 0.18462148962148964 0.4483857808857808 0.022222222222222223 0.03333333333333333
0 0.18861749361749364 0.4334007659007658 0.022222222222222223 0.03333333333333333
0 0.1801259851259851 0.4064277389277388 0.022222222222222223 0.03333333333333333
0 0.17063547563547565 0.3951889776889776 0.022222222222222223 0.03333333333333333
0 0.16414196914196913 0.3861979686979686 0.022222222222222223 0.03333333333333333
0 0.17513098013098014 0.3794547119547119 0.022222222222222223 0.03333333333333333
0 0.1866194916194916 0.3794547119547119 0.022222222222222223 0.03333333333333333
0 0.18112498612498612 0.3914427239427238 0.022222222222222223 0.03333333333333333
0 0.1686374736374736 0.3472369297369296 0.022222222222222223 0.03333333333333333
0 0.19810800310800308 0.4094247419247418 0.022222222222222223 0.03333333333333333
0 0.19860750360750362 0.3936904761904761 0.022222222222222223 0.03333333333333333
0 0.2130930180930181 0.405678488178488 0.022222222222222223 0.03333333333333333
0 0.20659951159951156 0.4229112554112553 0.022222222222222223 0.03333333333333333
0 0.2180880230880231 0.4184157509157508 0.022222222222222223 0.03333333333333333
0 0.22158452658452657 0.44763653013653 0.022222222222222223 0.03333333333333333
0 0.23257353757353758 0.4483857808857808 0.022222222222222223 0.03333333333333333
0 0.22857753357753355 0.4348992673992674 0.022222222222222223 0.03333333333333333
0 0.22707903207903207 0.4693648018648018 0.022222222222222223 0.03333333333333333
0 0.24855755355755352 0.5060780885780886 0.022222222222222223 0.03333333333333333
0 0.2525535575535575 0.4873468198468197 0.022222222222222223 0.03333333333333333
0 0.24206404706404708 0.4753588078588077 0.022222222222222223 0.03333333333333333
0 0.24655955155955156 0.45138278388278374 0.022222222222222223 0.03333333333333333
0 0.256050061050061 0.45812604062604045 0.022222222222222223 0.03333333333333333
0 0.26803807303807303 0.48509906759906757 0.022222222222222223 0.03333333333333333
0 0.266040071040071 0.49933483183483174 0.022222222222222223 0.03333333333333333
0 0.2645415695415696 0.5270571095571095 0.022222222222222223 0.03333333333333333
0 0.27103507603507604 0.5308033633033633 0.022222222222222223 0.03333333333333333
0 0.2795265845265845 0.5218123543123543 0.022222222222222223 0.03333333333333333
0 0.2825235875235876 0.50757659007659 0.022222222222222223 0.03333333333333333
0 0.28352258852258844 0.489594572094572 0.022222222222222223 0.03333333333333333
0 0.27702908202908205 0.47760656010656 0.022222222222222223 0.03333333333333333
0 0.303003108003108 0.501582584082584 0.022222222222222223 0.03333333333333333
0 0.3244816294816295 0.522561605061605 0.022222222222222223 0.03333333333333333
0 0.2945115995115995 0.4813528138528138 0.022222222222222223 0.03333333333333333
0 0.2845215895215895 0.4663677988677987 0.022222222222222223 0.03333333333333333
0 0.27353257853257856 0.4603737928737927 0.022222222222222223 0.03333333333333333
0 0.16164446664446663 0.3307534132534133 0.022222222222222223 0.03333333333333333
0 0.15664946164946164 0.3187654012654012 0.022222222222222223 0.03333333333333333
0 0.14516095016095015 0.325508658008658 0.022222222222222223 0.03333333333333333
0 0.14566045066045066 0.3007833832833833 0.022222222222222223 0.03333333333333333
0 0.13517094017094017 0.3000341325341326 0.022222222222222223 0.03333333333333333
0 0.12667943167943166 0.3000341325341326 0.022222222222222223 0.03333333333333333
0 0.13766844266844266 0.2798043623043623 0.022222222222222223 0.03333333333333333
0 0.13117493617493617 0.27156260406260413 0.022222222222222223 0.03333333333333333
0 0.13866744366744368 0.26332084582084586 0.022222222222222223 0.03333333333333333
0 0.14665945165945166 0.2520820845820846 0.022222222222222223 0.03333333333333333
0 0.15015595515595515 0.2693148518148518 0.022222222222222223 0.03333333333333333
0 0.15565046065046065 0.28429986679986685 0.022222222222222223 0.03333333333333333
0 0.15165445665445665 0.28954462204462206 0.022222222222222223 0.03333333333333333
0 0.16064546564546567 0.2962878787878788 0.022222222222222223 0.03333333333333333
0 0.16613997113997112 0.3000341325341326 0.022222222222222223 0.03333333333333333
0 0.17063547563547565 0.2805536130536131 0.022222222222222223 0.03333333333333333
0 0.17113497613497614 0.25882534132534135 0.022222222222222223 0.03333333333333333
0 0.16114496614496615 0.24983433233433236 0.022222222222222223 0.03333333333333333
0 0.1686374736374736 0.2355985680985681 0.022222222222222223 0.03333333333333333
0 0.17463147963147965 0.2355985680985681 0.022222222222222223 0.03333333333333333
0 0.1726334776334776 0.2251090576090576 0.022222222222222223 0.03333333333333333
0 0.15864746364746363 0.23410006660006663 0.022222222222222223 0.03333333333333333
0 0.14715895215895217 0.22810606060606062 0.022222222222222223 0.03333333333333333
0 0.15265345765345767 0.24009407259407264 0.022222222222222223 0.03333333333333333
0 0.13716894216894218 0.23260156510156516 0.022222222222222223 0.03333333333333333
0 0.13117493617493617 0.23709706959706964 0.022222222222222223 0.03333333333333333
0 0.12318292818292817 0.24533882783882788 0.022222222222222223 0.03333333333333333
0 0.11668942168942167 0.22810606060606062 0.022222222222222223 0.03333333333333333
0 0.10919691419691419 0.21611804861804862 0.022222222222222223 0.03333333333333333
0 0.1116944166944167 0.20712703962703966 0.022222222222222223 0.03333333333333333
0 0.12268342768342769 0.21611804861804862 0.022222222222222223 0.03333333333333333
0 0.12318292818292817 0.19513902763902768 0.022222222222222223 0.03333333333333333
0 0.1136924186924187 0.18989427239427245 0.022222222222222223 0.03333333333333333
0 0.11668942168942167 0.15767649017649027 0.022222222222222223 0.03333333333333333
0 0.10570041070041068 0.17490925740925747 0.022222222222222223 0.03333333333333333
0 0.13217393717393716 0.19214202464202468 0.022222222222222223 0.03333333333333333
0 0.12867743367743367 0.17266150516150522 0.022222222222222223 0.03333333333333333
0 0.12917693417693418 0.1599242424242425 0.022222222222222223 0.03333333333333333
0 0.15864746364746363 0.2078762903762904 0.022222222222222223 0.03333333333333333
0 0.15115495615495617 0.21312104562104567 0.022222222222222223 0.03333333333333333
0 0.14266344766344766 0.19513902763902768 0.022222222222222223 0.03333333333333333
0 0.15065545565545566 0.18165251415251418 0.022222222222222223 0.03333333333333333
0 0.14665945165945166 0.17266150516150522 0.022222222222222223 0.03333333333333333
0 0.14266344766344766 0.16142274392274397 0.022222222222222223 0.03333333333333333
0 0.15215395715395716 0.1636704961704962 0.022222222222222223 0.03333333333333333
0 0.14066544566544567 0.13070346320346327 0.022222222222222223 0.03333333333333333
0 0.13716894216894218 0.11197219447219453 0.022222222222222223 0.03333333333333333
0 0.12767843267843268 0.13969447219447223 0.022222222222222223 0.03333333333333333
0 0.10170440670440671 0.1599242424242425 0.022222222222222223 0.03333333333333333
0 0.11269341769341767 0.12920496170496173 0.022222222222222223 0.03333333333333333
0 0.1116944166944167 0.10972444222444229 0.022222222222222223 0.03333333333333333
0 0.0992069042069042 0.12995421245421251 0.022222222222222223 0.03333333333333333
0 0.0937123987123987 0.07975441225441235 0.022222222222222223 0.03333333333333333
0 0.08272338772338773 0.0932409257409258 0.022222222222222223 0.03333333333333333
0 0.08422188922188922 0.0662678987678988 0.022222222222222223 0.03333333333333333
0 0.05824786324786326 0.06926490176490185 0.022222222222222223 0.03333333333333333
0 0.06574037074037073 0.07525890775890787 0.022222222222222223 0.03333333333333333
0 0.08921689421689422 0.05203213453213465 0.022222222222222223 0.03333333333333333
0 0.08072538572538573 0.04753663003663007 0.022222222222222223 0.03333333333333333
0 0.1012049062049062 0.06327089577089585 0.022222222222222223 0.03333333333333333
0 0.11269341769341767 0.0662678987678988 0.022222222222222223 0.03333333333333333
0 0.1106954156954157 0.0932409257409258 0.022222222222222223 0.03333333333333333
0 0.09521090021090019 0.09998418248418262 0.022222222222222223 0.03333333333333333
0 0.11868742368742369 0.09399017649017652 0.022222222222222223 0.03333333333333333
0 0.12218392718392718 0.110473692973693 0.022222222222222223 0.03333333333333333
0 0.12867743367743367 0.10148268398268404 0.022222222222222223 0.03333333333333333
0 0.12368242868242867 0.09024392274392284 0.022222222222222223 0.03333333333333333
0 0.13467143967143969 0.08499916749916754 0.022222222222222223 0.03333333333333333
0 0.13217393717393716 0.0767574092574093 0.022222222222222223 0.03333333333333333
0 0.14066544566544567 0.05952464202464209 0.022222222222222223 0.03333333333333333
0 0.14615995115995115 0.05203213453213465 0.022222222222222223 0.03333333333333333
0 0.15165445665445665 0.0655186480186481 0.022222222222222223 0.03333333333333333
0 0.15115495615495617 0.08499916749916754 0.022222222222222223 0.03333333333333333
0 0.14765845265845268 0.09473942723942731 0.022222222222222223 0.03333333333333333
0 0.15814796314796317 0.09623792873792884 0.022222222222222223 0.03333333333333333
0 0.16014596514596513 0.11496919746919754 0.022222222222222223 0.03333333333333333
0 0.1726334776334776 0.143440725940726 0.022222222222222223 0.03333333333333333
0 0.17213397713397716 0.1209632034632035 0.022222222222222223 0.03333333333333333
0 0.17363247863247863 0.10148268398268404 0.022222222222222223 0.03333333333333333
0 0.1716344766344766 0.0715126540126541 0.022222222222222223 0.03333333333333333
0 0.16813797313797313 0.05877539127539137 0.022222222222222223 0.03333333333333333
0 0.15964646464646465 0.05727688977688985 0.022222222222222223 0.03333333333333333
0 0.16014596514596513 0.08125291375291378 0.022222222222222223 0.03333333333333333
0 0.17363247863247863 0.05427988677988689 0.022222222222222223 0.03333333333333333
0 0.1826234876234876 0.049035131535131594 0.022222222222222223 0.03333333333333333
0 0.18611999111999114 0.06851565101565105 0.022222222222222223 0.03333333333333333
0 0.19061549561549562 0.08724691974691978 0.022222222222222223 0.03333333333333333
0 0.18162448662448666 0.08649766899766907 0.022222222222222223 0.03333333333333333
0 0.19161449661449662 0.10522893772893781 0.022222222222222223 0.03333333333333333
0 0.1881179931179931 0.110473692973693 0.022222222222222223 0.03333333333333333
0 0.19660950160950158 0.12920496170496173 0.022222222222222223 0.03333333333333333
0 0.18761849261849262 0.12321095571095578 0.022222222222222223 0.03333333333333333
0 0.19660950160950158 0.1426914751914753 0.022222222222222223 0.03333333333333333
0 0.19111499611499608 0.15093323343323348 0.022222222222222223 0.03333333333333333
0 0.18112498612498612 0.16217199467199472 0.022222222222222223 0.03333333333333333
0 0.17013597513597511 0.16891525141525146 0.022222222222222223 0.03333333333333333
0 0.15864746364746363 0.1696645021645022 0.022222222222222223 0.03333333333333333
0 0.17612998112998116 0.17940476190476196 0.022222222222222223 0.03333333333333333
0 0.19111499611499608 0.17940476190476196 0.022222222222222223 0.03333333333333333
0 0.19860750360750362 0.17116300366300366 0.022222222222222223 0.03333333333333333
0 0.1786274836274836 0.21312104562104567 0.022222222222222223 0.03333333333333333
0 0.16514097014097015 0.20038378288378292 0.022222222222222223 0.03333333333333333
0 0.1786274836274836 0.20038378288378292 0.022222222222222223 0.03333333333333333
0 0.19161449661449662 0.1936405261405262 0.022222222222222223 0.03333333333333333
0 0.20060550560550558 0.20562853812853818 0.022222222222222223 0.03333333333333333
0 0.20110500610500612 0.18914502164502167 0.022222222222222223 0.03333333333333333
0 0.18761849261849262 0.21611804861804862 0.022222222222222223 0.03333333333333333
0 0.18362248862248862 0.2258583083583084 0.022222222222222223 0.03333333333333333
0 0.19311299811299812 0.21911505161505165 0.022222222222222223 0.03333333333333333
0 0.19061549561549562 0.23335081585081588 0.022222222222222223 0.03333333333333333
0 0.1991070041070041 0.2251090576090576 0.022222222222222223 0.03333333333333333
0 0.1996065046065046 0.23709706959706964 0.022222222222222223 0.03333333333333333
0 0.19561050061050064 0.24983433233433236 0.022222222222222223 0.03333333333333333
0 0.18062548562548564 0.24309107559107565 0.022222222222222223 0.03333333333333333
0 0.1821239871239871 0.2520820845820846 0.022222222222222223 0.03333333333333333
0 0.18512099012099012 0.2655685980685981 0.022222222222222223 0.03333333333333333
0 0.1826234876234876 0.27905511155511165 0.022222222222222223 0.03333333333333333
0 0.18861749361749364 0.2520820845820846 0.022222222222222223 0.03333333333333333
0 0.19411199911199908 0.26407009657009656 0.022222222222222223 0.03333333333333333
0 0.1976085026085026 0.2775566100566101 0.022222222222222223 0.03333333333333333
0 0.18562049062049057 0.2962878787878788 0.022222222222222223 0.03333333333333333
0 0.1976085026085026 0.2887953712953713 0.022222222222222223 0.03333333333333333
0 0.2085975135975136 0.2902938727938728 0.022222222222222223 0.03333333333333333
0 0.21009601509601508 0.28205211455211454 0.022222222222222223 0.03333333333333333
0 0.21609002109002107 0.28654761904761905 0.022222222222222223 0.03333333333333333
0 0.21159451659451659 0.2595745920745921 0.022222222222222223 0.03333333333333333
0 0.2031030081030081 0.2565775890775891 0.022222222222222223 0.03333333333333333
0 0.2046015096015096 0.24983433233433236 0.022222222222222223 0.03333333333333333
0 0.21059551559551556 0.23185231435231438 0.022222222222222223 0.03333333333333333
0 0.20410200910200912 0.23035381285381287 0.022222222222222223 0.03333333333333333
0 0.2185875235875236 0.2251090576090576 0.022222222222222223 0.03333333333333333
0 0.2180880230880231 0.2153687978687979 0.022222222222222223 0.03333333333333333
0 0.2225835275835276 0.23410006660006663 0.022222222222222223 0.03333333333333333
0 0.2265795315795316 0.24009407259407264 0.022222222222222223 0.03333333333333333
0 0.1773787323787324 0.35173243423243417 0.022222222222222223 0.03333333333333333
0 0.17288322788322794 0.31352064602064594 0.022222222222222223 0.03333333333333333
0 0.1648912198912199 0.3157683982683982 0.022222222222222223 0.03333333333333333
0 0.19036574536574538 0.33899517149517144 0.022222222222222223 0.03333333333333333
0 0.18686924186924192 0.3285056610056609 0.022222222222222223 0.03333333333333333
0 0.1788772338772339 0.3262579087579087 0.022222222222222223 0.03333333333333333
0 0.17538073038073038 0.3374966699966699 0.022222222222222223 0.03333333333333333
0 0.18487123987123988 0.3157683982683982 0.022222222222222223 0.03333333333333333
0 0.1788772338772339 0.3067773892773892 0.022222222222222223 0.03333333333333333
0 0.19086524586524584 0.3127713952713952 0.022222222222222223 0.03333333333333333
0 0.19086524586524584 0.301532634032634 0.022222222222222223 0.03333333333333333
0 0.19935675435675435 0.31876540126540115 0.022222222222222223 0.03333333333333333
0 0.19486124986124986 0.3307534132534132 0.022222222222222223 0.03333333333333333
0 0.20485125985125982 0.3300041625041624 0.022222222222222223 0.03333333333333333
0 0.20485125985125982 0.34124292374292364 0.022222222222222223 0.03333333333333333
0 0.20285325785325786 0.3584756909756909 0.022222222222222223 0.03333333333333333
0 0.19086524586524584 0.37196220446220435 0.022222222222222223 0.03333333333333333
0 0.19935675435675435 0.3802039627039626 0.022222222222222223 0.03333333333333333
0 0.21434176934176935 0.37346070596070585 0.022222222222222223 0.03333333333333333
0 0.21384226884226887 0.3921919746919746 0.022222222222222223 0.03333333333333333
0 0.22682928182928183 0.3906934731934731 0.022222222222222223 0.03333333333333333
0 0.22133477633477633 0.3854487179487179 0.022222222222222223 0.03333333333333333
0 0.22632978132978135 0.4041799866799866 0.022222222222222223 0.03333333333333333
0 0.23332278832278835 0.41766650016650003 0.022222222222222223 0.03333333333333333
0 0.22283327783327783 0.42665750915750905 0.022222222222222223 0.03333333333333333
0 0.24481129981129982 0.4199142524142523 0.022222222222222223 0.03333333333333333
0 0.23681929181929182 0.40567848817848806 0.022222222222222223 0.03333333333333333
0 0.23482128982128983 0.3832009657009656 0.022222222222222223 0.03333333333333333
0 0.23781829281829284 0.3712129537129536 0.022222222222222223 0.03333333333333333
0 0.22682928182928183 0.3539801864801864 0.022222222222222223 0.03333333333333333
0 0.23282328782328782 0.3532309357309356 0.022222222222222223 0.03333333333333333
0 0.2398162948162948 0.3532309357309356 0.022222222222222223 0.03333333333333333
0 0.23282328782328782 0.3404936729936729 0.022222222222222223 0.03333333333333333
0 0.22832778332778333 0.33974442224442214 0.022222222222222223 0.03333333333333333
0 0.21534077034077034 0.3434906759906759 0.022222222222222223 0.03333333333333333
0 0.20934676434676439 0.3494846819846819 0.022222222222222223 0.03333333333333333
0 0.21633977133977136 0.3277564102564101 0.022222222222222223 0.03333333333333333
0 0.2243317793317793 0.3255086580086579 0.022222222222222223 0.03333333333333333
0 0.21633977133977136 0.31052364302364294 0.022222222222222223 0.03333333333333333
0 0.21284326784326785 0.2977863802863802 0.022222222222222223 0.03333333333333333
0 0.20435175935175937 0.3022818847818847 0.022222222222222223 0.03333333333333333
0 0.22383227883227885 0.2977863802863802 0.022222222222222223 0.03333333333333333
0 0.23032578532578535 0.31352064602064594 0.022222222222222223 0.03333333333333333
0 0.23282328782328782 0.32176240426240416 0.022222222222222223 0.03333333333333333
0 0.24181429681429684 0.33599816849816844 0.022222222222222223 0.03333333333333333
0 0.24031579531579533 0.31801615051615045 0.022222222222222223 0.03333333333333333
0 0.23881729381729383 0.3067773892773892 0.022222222222222223 0.03333333333333333
0 0.23631979131979133 0.2977863802863802 0.022222222222222223 0.03333333333333333
0 0.23282328782328782 0.274559607059607 0.022222222222222223 0.03333333333333333
0 0.22832778332778333 0.27755661005661 0.022222222222222223 0.03333333333333333
0 0.22383227883227885 0.2648193473193473 0.022222222222222223 0.03333333333333333
0 0.22083527583527585 0.2790551115551115 0.022222222222222223 0.03333333333333333
0 0.21334276834276839 0.2723118548118547 0.022222222222222223 0.03333333333333333
0 0.21384226884226887 0.24983433233433228 0.022222222222222223 0.03333333333333333
0 0.22333277833277837 0.25208208458208453 0.022222222222222223 0.03333333333333333
0 0.23432178932178935 0.26332084582084575 0.022222222222222223 0.03333333333333333
0 0.2353207903207903 0.2543298368298368 0.022222222222222223 0.03333333333333333
0 0.24181429681429684 0.24009407259407253 0.022222222222222223 0.03333333333333333
0 0.23881729381729383 0.24758658008658002 0.022222222222222223 0.03333333333333333
0 0.23482128982128983 0.23634781884781877 0.022222222222222223 0.03333333333333333
0 0.23432178932178935 0.22286130536130533 0.022222222222222223 0.03333333333333333
0 0.2243317793317793 0.2213628038628038 0.022222222222222223 0.03333333333333333
0 0.2258302808302808 0.19663752913752905 0.022222222222222223 0.03333333333333333
0 0.21683927183927185 0.20562853812853807 0.022222222222222223 0.03333333333333333
0 0.20634976134976132 0.19588827838827835 0.022222222222222223 0.03333333333333333
0 0.20884726384726385 0.1868972693972694 0.022222222222222223 0.03333333333333333
0 0.20884726384726385 0.18015401265401265 0.022222222222222223 0.03333333333333333
0 0.2148412698412699 0.16816600066600065 0.022222222222222223 0.03333333333333333
0 0.21084526584526586 0.15992424242424239 0.022222222222222223 0.03333333333333333
0 0.21883727383727383 0.1329512154512154 0.022222222222222223 0.03333333333333333
0 0.22682928182928183 0.17940476190476184 0.022222222222222223 0.03333333333333333
0 0.22283327783327783 0.17041375291375288 0.022222222222222223 0.03333333333333333
0 0.22133477633477633 0.1539302364302364 0.022222222222222223 0.03333333333333333
0 0.22682928182928183 0.1554287379287379 0.022222222222222223 0.03333333333333333
0 0.23681929181929182 0.1591749916749917 0.022222222222222223 0.03333333333333333
0 0.2313247863247863 0.18315101565101563 0.022222222222222223 0.03333333333333333
0 0.23332278832278835 0.17266150516150514 0.022222222222222223 0.03333333333333333
0 0.2438122988122988 0.17416000666000667 0.022222222222222223 0.03333333333333333
0 0.23731879231879235 0.18764652014652008 0.022222222222222223 0.03333333333333333
0 0.24481129981129982 0.19738677988677988 0.022222222222222223 0.03333333333333333
0 0.23881729381729383 0.20038378288378283 0.022222222222222223 0.03333333333333333
0 0.24081529581529582 0.2146195471195471 0.022222222222222223 0.03333333333333333
0 0.2338222888222888 0.21162254412254408 0.022222222222222223 0.03333333333333333
0 0.24281329781329786 0.22660755910755906 0.022222222222222223 0.03333333333333333
0 0.2493068043068043 0.22885531135531129 0.022222222222222223 0.03333333333333333
0 0.24880730380730381 0.21761655011655004 0.022222222222222223 0.03333333333333333
0 0.2612948162948163 0.20562853812853807 0.022222222222222223 0.03333333333333333
0 0.24880730380730381 0.1936405261405261 0.022222222222222223 0.03333333333333333
0 0.24880730380730381 0.18539876789876786 0.022222222222222223 0.03333333333333333
0 0.25280330780330784 0.17041375291375288 0.022222222222222223 0.03333333333333333
0 0.24880730380730381 0.1539302364302364 0.022222222222222223 0.03333333333333333
0 0.2617943167943168 0.15692723942723935 0.022222222222222223 0.03333333333333333
0 0.2582978132978133 0.17416000666000667 0.022222222222222223 0.03333333333333333
0 0.2602958152958153 0.18539876789876786 0.022222222222222223 0.03333333333333333
0 0.2727833277833278 0.2093747918747918 0.022222222222222223 0.03333333333333333
0 0.27328282828282824 0.18539876789876786 0.022222222222222223 0.03333333333333333
0 0.26479131979131976 0.17041375291375288 0.022222222222222223 0.03333333333333333
0 0.27378232878232883 0.15992424242424239 0.022222222222222223 0.03333333333333333
0 0.2707853257853258 0.16891525141525135 0.022222222222222223 0.03333333333333333
0 0.27877733377733377 0.16816600066600065 0.022222222222222223 0.03333333333333333
0 0.2822738372738373 0.16367049617049617 0.022222222222222223 0.03333333333333333
0 0.27727883227883227 0.1486854811854811 0.022222222222222223 0.03333333333333333
0 0.2747813297813298 0.14418997668997663 0.022222222222222223 0.03333333333333333
0 0.01678932178932178 0.014819347319347382 0.022222222222222223 0.03333333333333333
0 0.0197863247863248 0.03205211455211459 0.022222222222222223 0.03333333333333333
0 0.028777333777333765 0.03654761904761907 0.022222222222222223 0.03333333333333333
0 0.037268842268842285 0.0380461205461206 0.022222222222222223 0.03333333333333333
0 0.04576035076035077 0.03504911754911755 0.022222222222222223 0.03333333333333333
0 0.030775335775335765 0.01182234432234433 0.022222222222222223 0.03333333333333333
0 0.04376234876234877 0.0268073593073593 0.022222222222222223 0.03333333333333333
0 0.04126484626484626 0.012571595071595141 0.022222222222222223 0.03333333333333333
0 0.012793317793317792 0.03654761904761907 0.022222222222222223 0.03333333333333333
0 0.008297813297813294 0.03654761904761907 0.022222222222222223 0.03333333333333333
0 0.053752358752358745 0.043290875790875795 0.022222222222222223 0.03333333333333333
0 0.06574037074037073 0.0380461205461206 0.022222222222222223 0.03333333333333333
0 0.06274336774336774 0.033550616050616024 0.022222222222222223 0.03333333333333333
0 0.05874736374736374 0.03654761904761907 0.022222222222222223 0.03333333333333333
0 0.06673937173937175 0.02455960705960706 0.022222222222222223 0.03333333333333333
0 0.07822788322788322 0.03205211455211459 0.022222222222222223 0.03333333333333333
0 0.08272338772338773 0.028305860805860828 0.022222222222222223 0.03333333333333333
0 0.08771839271839273 0.03504911754911755 0.022222222222222223 0.03333333333333333
0 0.09271339771339772 0.042541625041625085 0.022222222222222223 0.03333333333333333
0 0.09021589521589521 0.03055361305361307 0.022222222222222223 0.03333333333333333
0 0.09820790320790321 0.033550616050616024 0.022222222222222223 0.03333333333333333
0 0.09620990120990121 0.021562604062604105 0.022222222222222223 0.03333333333333333
0 0.1066994116994117 0.02905511155511154 0.022222222222222223 0.03333333333333333
0 0.10769841269841268 0.048535631035631084 0.022222222222222223 0.03333333333333333
0 0.11868742368742369 0.054529637029637 0.022222222222222223 0.03333333333333333
0 0.12468142968142969 0.050783383283383325 0.022222222222222223 0.03333333333333333
0 0.12767843267843268 0.03429986679986683 0.022222222222222223 0.03333333333333333
0 0.12318292818292817 0.028305860805860828 0.022222222222222223 0.03333333333333333
0 0.11668942168942167 0.03055361305361307 0.022222222222222223 0.03333333333333333
0 0.13267343767343767 0.04703712953712957 0.022222222222222223 0.03333333333333333
0 0.13666944166944167 0.03654761904761907 0.022222222222222223 0.03333333333333333
0 0.14366244866244868 0.023810356310356346 0.022222222222222223 0.03333333333333333
0 0.15165445665445665 0.02905511155511154 0.022222222222222223 0.03333333333333333
0 0.14965645465645463 0.02231185481185482 0.022222222222222223 0.03333333333333333
0 0.14715895215895217 0.044040126540126616 0.022222222222222223 0.03333333333333333
0 0.16364246864246865 0.048535631035631084 0.022222222222222223 0.03333333333333333
0 0.16064546564546567 0.07026390276390278 0.022222222222222223 0.03333333333333333
0 0.16813797313797313 0.0380461205461206 0.022222222222222223 0.03333333333333333
0 0.16913697413697415 0.02755661005661011 0.022222222222222223 0.03333333333333333
0 0.17762848262848263 0.01856560106560105 0.022222222222222223 0.03333333333333333
0 0.18062548562548564 0.03280136530136531 0.022222222222222223 0.03333333333333333
0 0.1996065046065046 0.057526640026640055 0.022222222222222223 0.03333333333333333
0 0.19660950160950158 0.06801615051615054 0.022222222222222223 0.03333333333333333
0 0.2056005106005106 0.08599816849816852 0.022222222222222223 0.03333333333333333
0 0.2210850260850261 0.10323093573093574 0.022222222222222223 0.03333333333333333
0 0.2140920190920191 0.1159681984681985 0.022222222222222223 0.03333333333333333
0 0.1996065046065046 0.11297119547119545 0.022222222222222223 0.03333333333333333
0 0.2210850260850261 0.11372044622044622 0.022222222222222223 0.03333333333333333
0 0.22058552558552555 0.090493672993673 0.022222222222222223 0.03333333333333333
0 0.22008602508602507 0.08075341325341327 0.022222222222222223 0.03333333333333333
0 0.2165895215895216 0.07176240426240431 0.022222222222222223 0.03333333333333333
0 0.21059551559551556 0.057526640026640055 0.022222222222222223 0.03333333333333333
0 0.2225835275835276 0.058275890775890765 0.022222222222222223 0.03333333333333333
0 0.22058552558552555 0.048535631035631084 0.022222222222222223 0.03333333333333333
0 0.22757853257853256 0.03954462204462203 0.022222222222222223 0.03333333333333333
0 0.22757853257853256 0.03130286380286388 0.022222222222222223 0.03333333333333333
0 0.21359251859251857 0.03205211455211459 0.022222222222222223 0.03333333333333333
0 0.20210400710400708 0.045538628038628036 0.022222222222222223 0.03333333333333333
0 0.2046015096015096 0.03280136530136531 0.022222222222222223 0.03333333333333333
0 0.19061549561549562 0.02306110556110563 0.022222222222222223 0.03333333333333333
0 0.1961100011100011 0.03429986679986683 0.022222222222222223 0.03333333333333333
0 0.20110500610500612 0.019314851814851864 0.022222222222222223 0.03333333333333333
0 0.22458152958152955 0.01856560106560105 0.022222222222222223 0.03333333333333333
0 0.23706904206904206 0.048535631035631084 0.022222222222222223 0.03333333333333333
0 0.23557054057054055 0.03579836829836836 0.022222222222222223 0.03333333333333333
0 0.23107503607503607 0.0770071595071595 0.022222222222222223 0.03333333333333333
0 0.22458152958152955 0.07326090576090584 0.022222222222222223 0.03333333333333333
0 0.24456154956154957 0.08749666999667 0.022222222222222223 0.03333333333333333
0 0.2375685425685426 0.09573842823842824 0.022222222222222223 0.03333333333333333
0 0.2360700410700411 0.11446969696969699 0.022222222222222223 0.03333333333333333
0 0.23507104007104007 0.1376964701964702 0.022222222222222223 0.03333333333333333
0 0.25055555555555553 0.11896520146520145 0.022222222222222223 0.03333333333333333
0 0.24556055056055054 0.10847569097569097 0.022222222222222223 0.03333333333333333
0 0.26004606504606503 0.10772644022644026 0.022222222222222223 0.03333333333333333
0 0.2630430680430681 0.1159681984681985 0.022222222222222223 0.03333333333333333
0 0.25305305805305806 0.08974442224442224 0.022222222222222223 0.03333333333333333
0 0.26853757353757357 0.08300116550116551 0.022222222222222223 0.03333333333333333
0 0.26853757353757357 0.07550865800865801 0.022222222222222223 0.03333333333333333
0 0.25804806304806305 0.07251165501165502 0.022222222222222223 0.03333333333333333
0 0.24106504606504606 0.0710131535131535 0.022222222222222223 0.03333333333333333
0 0.24855755355755352 0.07176240426240431 0.022222222222222223 0.03333333333333333
0 0.23507104007104007 0.07850566100566103 0.022222222222222223 0.03333333333333333
0 0.257049062049062 0.05303113553113557 0.022222222222222223 0.03333333333333333
0 0.25055555555555553 0.041043123543123554 0.022222222222222223 0.03333333333333333
0 0.24456154956154957 0.03954462204462203 0.022222222222222223 0.03333333333333333
0 0.23956654456654455 0.02755661005661011 0.022222222222222223 0.03333333333333333
0 0.26004606504606503 0.026058108558108587 0.022222222222222223 0.03333333333333333
0 0.2705355755355755 0.02755661005661011 0.022222222222222223 0.03333333333333333
0 0.27702908202908205 0.029804362304362352 0.022222222222222223 0.03333333333333333
0 0.2705355755355755 0.015568598068598097 0.022222222222222223 0.03333333333333333
0 0.25904706404706407 0.012571595071595141 0.022222222222222223 0.03333333333333333
0 0.286020091020091 0.017067099567099623 0.022222222222222223 0.03333333333333333
0 0.293013098013098 0.01856560106560105 0.022222222222222223 0.03333333333333333
0 0.3025036075036075 0.014819347319347382 0.022222222222222223 0.03333333333333333
0 0.30600011100011104 0.020064102564102577 0.022222222222222223 0.03333333333333333
0 0.30849761349761345 0.015568598068598097 0.022222222222222223 0.03333333333333333
0 0.3144916194916195 0.017816350316350336 0.022222222222222223 0.03333333333333333
0 0.315990120990121 0.00957459207459209 0.022222222222222223 0.03333333333333333
0 0.32248362748362747 0.017067099567099623 0.022222222222222223 0.03333333333333333
0 0.2945115995115995 0.03504911754911755 0.022222222222222223 0.03333333333333333
0 0.28701909201909204 0.03579836829836836 0.022222222222222223 0.03333333333333333
0 0.28352258852258844 0.04778638028638028 0.022222222222222223 0.03333333333333333
0 0.28701909201909204 0.06127289377289382 0.022222222222222223 0.03333333333333333
0 0.27353257853257856 0.04703712953712957 0.022222222222222223 0.03333333333333333
0 0.2945115995115995 0.08375041625041622 0.022222222222222223 0.03333333333333333
0 0.2785275835275835 0.08075341325341327 0.022222222222222223 0.03333333333333333
0 0.2755305805305805 0.06426989676989678 0.022222222222222223 0.03333333333333333
0 0.288018093018093 0.093490675990676 0.022222222222222223 0.03333333333333333
0 0.2745315795315795 0.10847569097569097 0.022222222222222223 0.03333333333333333
0 0.2805255855255855 0.10622793872793873 0.022222222222222223 0.03333333333333333
0 0.2885175935175935 0.12271145521145523 0.022222222222222223 0.03333333333333333
0 0.25904706404706407 0.1436904761904762 0.022222222222222223 0.03333333333333333
0 0.25555056055056047 0.13619796869796866 0.022222222222222223 0.03333333333333333
0 0.3015046065046065 0.07026390276390278 0.022222222222222223 0.03333333333333333
0 0.3104956154956155 0.03579836829836836 0.022222222222222223 0.03333333333333333
0 0.31648962148962145 0.0268073593073593 0.022222222222222223 0.03333333333333333
0 0.3104956154956155 0.044040126540126616 0.022222222222222223 0.03333333333333333
0 0.29750860250860245 0.050783383283383325 0.022222222222222223 0.03333333333333333
0 0.31648962148962145 0.0770071595071595 0.022222222222222223 0.03333333333333333
0 0.3244816294816295 0.07775641025641025 0.022222222222222223 0.03333333333333333
0 0.33696914196914196 0.0710131535131535 0.022222222222222223 0.03333333333333333
0 0.32398212898212897 0.06651764901764902 0.022222222222222223 0.03333333333333333
0 0.32947663447663444 0.06202214452214454 0.022222222222222223 0.03333333333333333
0 0.33746864246864244 0.06202214452214454 0.022222222222222223 0.03333333333333333
0 0.32947663447663444 0.05153263403263404 0.022222222222222223 0.03333333333333333
0 0.326979131979132 0.023810356310356346 0.022222222222222223 0.03333333333333333
0 0.32797813297813294 0.017816350316350336 0.022222222222222223 0.03333333333333333
0 0.3025036075036075 0.09498917748917753 0.022222222222222223 0.03333333333333333
0 0.3025036075036075 0.10772644022644026 0.022222222222222223 0.03333333333333333
0 0.3045016095016095 0.1332009657009657 0.022222222222222223 0.03333333333333333
0 0.3124936174936175 0.1242099567099567 0.022222222222222223 0.03333333333333333
0 0.31149461649461646 0.11746669996669994 0.022222222222222223 0.03333333333333333
0 0.32647963147963144 0.11746669996669994 0.022222222222222223 0.03333333333333333
0 0.318987123987124 0.10772644022644026 0.022222222222222223 0.03333333333333333
0 0.333972138972139 0.10248168498168496 0.022222222222222223 0.03333333333333333
0 0.333972138972139 0.08899517149517151 0.022222222222222223 0.03333333333333333
0 0.3444616494616494 0.08375041625041622 0.022222222222222223 0.03333333333333333
0 0.35295315795315796 0.08300116550116551 0.022222222222222223 0.03333333333333333
0 0.35045565545565543 0.09873543123543124 0.022222222222222223 0.03333333333333333
0 0.34895715395715393 0.05902514152514158 0.022222222222222223 0.03333333333333333
0 0.35295315795315796 0.052281884781884856 0.022222222222222223 0.03333333333333333
0 0.33597014097014094 0.043290875790875795 0.022222222222222223 0.03333333333333333
0 0.32897713397713396 0.040293872793872844 0.022222222222222223 0.03333333333333333
0 0.34895715395715393 0.033550616050616024 0.022222222222222223 0.03333333333333333
0 0.342963147963148 0.019314851814851864 0.022222222222222223 0.03333333333333333
0 0.3424636474636475 0.012571595071595141 0.022222222222222223 0.03333333333333333
0 0.33547064047064046 0.0103238428238429 0.022222222222222223 0.03333333333333333
0 0.35295315795315796 0.013320845820845856 0.022222222222222223 0.03333333333333333
0 0.3524536574536575 0.017816350316350336 0.022222222222222223 0.03333333333333333
0 0.3544516594516594 0.0028313353313353675 0.022222222222222223 0.03333333333333333
0 0.36094516594516596 0.020064102564102577 0.022222222222222223 0.03333333333333333
0 0.35495115995115994 0.02755661005661011 0.022222222222222223 0.03333333333333333
0 0.3644416694416694 0.04179237429237427 0.022222222222222223 0.03333333333333333
0 0.36893717393717396 0.02231185481185482 0.022222222222222223 0.03333333333333333
0 0.37443167943167943 0.017816350316350336 0.022222222222222223 0.03333333333333333
0 0.37443167943167943 0.006577589077589134 0.022222222222222223 0.03333333333333333
0 0.3669391719391719 0.01182234432234433 0.022222222222222223 0.03333333333333333
0 0.3834226884226884 0.013320845820845856 0.022222222222222223 0.03333333333333333
0 0.3684376734376734 0.0492848817848818 0.022222222222222223 0.03333333333333333
0 0.3779281829281829 0.040293872793872844 0.022222222222222223 0.03333333333333333
0 0.3784276834276834 0.03205211455211459 0.022222222222222223 0.03333333333333333
0 0.36144466644466644 0.060523643023643006 0.022222222222222223 0.03333333333333333
0 0.361944166944167 0.08599816849816852 0.022222222222222223 0.03333333333333333
0 0.3654406704406704 0.07550865800865801 0.022222222222222223 0.03333333333333333
0 0.3589471639471639 0.10847569097569097 0.022222222222222223 0.03333333333333333
0 0.36943667443667444 0.09723692973692977 0.022222222222222223 0.03333333333333333
0 0.38142468642468647 0.12046370296370298 0.022222222222222223 0.03333333333333333
0 0.34845765345765345 0.1376964701964702 0.022222222222222223 0.03333333333333333
0 0.3459601509601509 0.12795621045621042 0.022222222222222223 0.03333333333333333
0 0.33547064047064046 0.13994422244422242 0.022222222222222223 0.03333333333333333
0 0.33097513597513595 0.13245171495171496 0.022222222222222223 0.03333333333333333
0 0.319986124986125 0.14968448218448224 0.022222222222222223 0.03333333333333333
0 0.319986124986125 0.16017399267399265 0.022222222222222223 0.03333333333333333
0 0.32647963147963144 0.16991425241425237 0.022222222222222223 0.03333333333333333
0 0.3379681429681429 0.1609232434232434 0.022222222222222223 0.03333333333333333
0 0.33047563547563547 0.1639202464202464 0.022222222222222223 0.03333333333333333
0 0.3124936174936175 0.15492923742923742 0.022222222222222223 0.03333333333333333
0 0.31648962148962145 0.1654187479187479 0.022222222222222223 0.03333333333333333
0 0.303003108003108 0.1863977688977689 0.022222222222222223 0.03333333333333333
0 0.298008103008103 0.1744097569097569 0.022222222222222223 0.03333333333333333
0 0.28152458652458656 0.1789052614052614 0.022222222222222223 0.03333333333333333
0 0.288018093018093 0.19988428238428238 0.022222222222222223 0.03333333333333333
0 0.279027084027084 0.2051290376290376 0.022222222222222223 0.03333333333333333
0 0.28701909201909204 0.1908932733932734 0.022222222222222223 0.03333333333333333
0 0.269037074037074 0.23434981684981684 0.022222222222222223 0.03333333333333333
0 0.2705355755355755 0.24633782883782882 0.022222222222222223 0.03333333333333333
0 0.24805805305805304 0.25457958707958706 0.022222222222222223 0.03333333333333333
0 0.25904706404706407 0.25832584082584076 0.022222222222222223 0.03333333333333333
0 0.2585475635475636 0.24933483183483182 0.022222222222222223 0.03333333333333333
0 0.2525535575535575 0.266567599067599 0.022222222222222223 0.03333333333333333
0 0.24256354756354753 0.27630785880785874 0.022222222222222223 0.03333333333333333
0 0.25555056055056047 0.28080336330336325 0.022222222222222223 0.03333333333333333
0 0.2565495615495615 0.29878538128538124 0.022222222222222223 0.03333333333333333
0 0.2500560550560551 0.28829587079587077 0.022222222222222223 0.03333333333333333
0 0.24855755355755352 0.30552863802863794 0.022222222222222223 0.03333333333333333
0 0.24855755355755352 0.31751665001664997 0.022222222222222223 0.03333333333333333
0 0.2545515595515596 0.3287554112554112 0.022222222222222223 0.03333333333333333
0 0.2595465645465645 0.3459881784881784 0.022222222222222223 0.03333333333333333
0 0.2585475635475636 0.36471944721944716 0.022222222222222223 0.03333333333333333
0 0.26703907203907207 0.33624791874791865 0.022222222222222223 0.03333333333333333
0 0.266040071040071 0.3272569097569097 0.022222222222222223 0.03333333333333333
0 0.26004606504606503 0.3167673992673992 0.022222222222222223 0.03333333333333333
0 0.26753857253857255 0.3152688977688977 0.022222222222222223 0.03333333333333333
0 0.2635425685425686 0.30852564102564095 0.022222222222222223 0.03333333333333333
0 0.27103507603507604 0.3040301365301365 0.022222222222222223 0.03333333333333333
0 0.2745315795315795 0.31601814851814847 0.022222222222222223 0.03333333333333333
0 0.27702908202908205 0.32126290376290373 0.022222222222222223 0.03333333333333333
0 0.2885175935175935 0.32126290376290373 0.022222222222222223 0.03333333333333333
0 0.2805255855255855 0.30627788877788875 0.022222222222222223 0.03333333333333333
0 0.28901709401709397 0.29728687978687973 0.022222222222222223 0.03333333333333333
0 0.2825235875235876 0.27930486180486175 0.022222222222222223 0.03333333333333333
0 0.2785275835275835 0.2927913752913752 0.022222222222222223 0.03333333333333333
0 0.26803807303807303 0.28754662004662 0.022222222222222223 0.03333333333333333
0 0.2645415695415696 0.2748093573093573 0.022222222222222223 0.03333333333333333
0 0.280026085026085 0.2710631035631035 0.022222222222222223 0.03333333333333333
0 0.2785275835275835 0.25308108558108555 0.022222222222222223 0.03333333333333333
0 0.28352258852258844 0.24184232434232433 0.022222222222222223 0.03333333333333333
0 0.293013098013098 0.21861555111555112 0.022222222222222223 0.03333333333333333
0 0.29650960150960154 0.23135281385281384 0.022222222222222223 0.03333333333333333
0 0.29750860250860245 0.24184232434232433 0.022222222222222223 0.03333333333333333
0 0.29650960150960154 0.2568273393273393 0.022222222222222223 0.03333333333333333
0 0.3005056055056055 0.26956460206460203 0.022222222222222223 0.03333333333333333
0 0.2885175935175935 0.25832584082584076 0.022222222222222223 0.03333333333333333
0 0.3786774336774336 0.8722119547119546 0.022222222222222223 0.03333333333333333
0 0.35520091020091016 0.8497344322344321 0.022222222222222223 0.03333333333333333
0 0.3686874236874236 0.8347494172494172 0.022222222222222223 0.03333333333333333
0 0.38666944166944156 0.8175166500166501 0.022222222222222223 0.03333333333333333
0 0.35919691419691413 0.7995346320346319 0.022222222222222223 0.03333333333333333
0 0.2947613497613497 0.7830511155511156 0.022222222222222223 0.03333333333333333
0 0.25080530580530574 0.7658183483183482 0.022222222222222223 0.03333333333333333
0 0.24031579531579528 0.72760656010656 0.022222222222222223 0.03333333333333333
0 0.24880730380730373 0.7103737928737928 0.022222222222222223 0.03333333333333333
0 0.2582978132978132 0.7328513153513153 0.022222222222222223 0.03333333333333333
0 0.2647913197913197 0.7178663003663004 0.022222222222222223 0.03333333333333333
0 0.2922638472638472 0.7560780885780886 0.022222222222222223 0.03333333333333333
0 0.30125485625485615 0.7463378288378288 0.022222222222222223 0.03333333333333333
0 0.31274336774336764 0.751582584082584 0.022222222222222223 0.03333333333333333
0 0.3382178932178932 0.7538303363303362 0.022222222222222223 0.03333333333333333
0 0.32073537573537564 0.7253588078588079 0.022222222222222223 0.03333333333333333
0 0.2887673437673437 0.7148692973692973 0.022222222222222223 0.03333333333333333
0 0.2887673437673437 0.6923917748917748 0.022222222222222223 0.03333333333333333
0 0.26828782328782325 0.6863977688977688 0.022222222222222223 0.03333333333333333
0 0.2867693417693417 0.6699142524142524 0.022222222222222223 0.03333333333333333
0 0.2752808302808302 0.656427738927739 0.022222222222222223 0.03333333333333333
0 0.2887673437673437 0.6339502164502164 0.022222222222222223 0.03333333333333333
0 0.26029581529581525 0.6339502164502164 0.022222222222222223 0.03333333333333333
0 0.24880730380730373 0.6069771894771896 0.022222222222222223 0.03333333333333333
0 0.24680930180930172 0.6451889776889778 0.022222222222222223 0.03333333333333333
0 0.2363197913197912 0.6736605061605061 0.022222222222222223 0.03333333333333333
0 0.1893667443667443 0.6796545121545121 0.022222222222222223 0.03333333333333333
0 0.1953607503607503 0.6466874791874792 0.022222222222222223 0.03333333333333333
0 0.18187423687423682 0.6361979686979686 0.022222222222222223 0.03333333333333333
0 0.28926684426684424 0.6122219447219447 0.022222222222222223 0.03333333333333333
0 0.30025585525585513 0.6406934731934733 0.022222222222222223 0.03333333333333333
0 0.3067493617493617 0.6893947718947718 0.022222222222222223 0.03333333333333333
0 0.32073537573537564 0.6804037629037629 0.022222222222222223 0.03333333333333333
0 0.33272338772338766 0.7118722943722944 0.022222222222222223 0.03333333333333333
0 0.33971639471639464 0.6938902763902763 0.022222222222222223 0.03333333333333333
0 0.35120490620490613 0.6669172494172494 0.022222222222222223 0.03333333333333333
0 0.3576984126984126 0.7051290376290376 0.022222222222222223 0.03333333333333333
0 0.3547014097014096 0.7223618048618048 0.022222222222222223 0.03333333333333333
0 0.34221389721389717 0.72760656010656 0.022222222222222223 0.03333333333333333
0 0.3716844266844266 0.7440900765900765 0.022222222222222223 0.03333333333333333
0 0.3906654456654456 0.7006335331335332 0.022222222222222223 0.03333333333333333
0 0.37568043068043055 0.6938902763902763 0.022222222222222223 0.03333333333333333
0 0.36469141969141966 0.6834007659007659 0.022222222222222223 0.03333333333333333
0 0.3666894216894216 0.7156185481185481 0.022222222222222223 0.03333333333333333
0 0.3831729381729381 0.6751590076590077 0.022222222222222223 0.03333333333333333
0 0.39266344766344763 0.6661679986679987 0.022222222222222223 0.03333333333333333
0 0.3801759351759352 0.6496844821844822 0.022222222222222223 0.03333333333333333
0 0.3711849261849261 0.6421919746919746 0.022222222222222223 0.03333333333333333
0 0.37468142968142965 0.6309532134532134 0.022222222222222223 0.03333333333333333
0 0.3626934176934176 0.6302039627039626 0.022222222222222223 0.03333333333333333
0 0.34620990120990114 0.6346994671994671 0.022222222222222223 0.03333333333333333
0 0.34471139971139964 0.6219622044622044 0.022222222222222223 0.03333333333333333
0 0.32972638472638466 0.6174666999666999 0.022222222222222223 0.03333333333333333
0 0.33472138972138965 0.6346994671994671 0.022222222222222223 0.03333333333333333
0 0.3142418692418692 0.6317024642024642 0.022222222222222223 0.03333333333333333
0 0.3172388722388722 0.620463702963703 0.022222222222222223 0.03333333333333333
0 0.30425185925185916 0.6212129537129537 0.022222222222222223 0.03333333333333333
0 0.3077483627483627 0.608475690975691 0.022222222222222223 0.03333333333333333
0 0.3277283827283827 0.6017324342324343 0.022222222222222223 0.03333333333333333
0 0.3227333777333777 0.578505661005661 0.022222222222222223 0.03333333333333333
0 0.31224386724386716 0.5830011655011655 0.022222222222222223 0.03333333333333333
0 0.3047513597513597 0.5395446220446221 0.022222222222222223 0.03333333333333333
0 0.2827733377733377 0.5462878787878789 0.022222222222222223 0.03333333333333333
0 0.26678932178932174 0.5552788877788878 0.022222222222222223 0.03333333333333333
0 0.2972588522588522 0.5477863802863803 0.022222222222222223 0.03333333333333333
0 0.29126484626484617 0.5290551115551115 0.022222222222222223 0.03333333333333333
0 0.32323287823287816 0.5485356310356311 0.022222222222222223 0.03333333333333333
0 0.43112498612498606 0.8347494172494172 0.022222222222222223 0.03333333333333333
0 0.4051509601509601 0.8444896769896769 0.022222222222222223 0.03333333333333333
0 0.40864746364746357 0.8070271395271394 0.022222222222222223 0.03333333333333333
0 0.3906654456654456 0.7800541125541126 0.022222222222222223 0.03333333333333333
0 0.37817793317793313 0.7733108558108558 0.022222222222222223 0.03333333333333333
0 0.39466144966144956 0.7553288378288379 0.022222222222222223 0.03333333333333333
0 0.4016544566544566 0.7403438228438227 0.022222222222222223 0.03333333333333333
0 0.4006554556554556 0.7066275391275391 0.022222222222222223 0.03333333333333333
0 0.4136424686424686 0.703630536130536 0.022222222222222223 0.03333333333333333
0 0.4306254856254856 0.6983857808857808 0.022222222222222223 0.03333333333333333
0 0.43012598512598504 0.7380960705960706 0.022222222222222223 0.03333333333333333
0 0.41663947163947157 0.7463378288378288 0.022222222222222223 0.03333333333333333
0 0.41863747363747356 0.7246095571095571 0.022222222222222223 0.03333333333333333
0 0.4041519591519591 0.650433732933733 0.022222222222222223 0.03333333333333333
0 0.4026534576534576 0.6264577089577089 0.022222222222222223 0.03333333333333333
0 0.3971589521589521 0.6047294372294372 0.022222222222222223 0.03333333333333333
0 0.38417193917193915 0.5912429237429238 0.022222222222222223 0.03333333333333333
0 0.37468142968142965 0.602481684981685 0.022222222222222223 0.03333333333333333
0 0.3606954156954157 0.6002339327339328 0.022222222222222223 0.03333333333333333
0 0.3581979131979131 0.6137204462204462 0.022222222222222223 0.03333333333333333
0 0.35070540570540565 0.602481684981685 0.022222222222222223 0.03333333333333333
0 0.35420190920190914 0.5874966699966699 0.022222222222222223 0.03333333333333333
0 0.34271339771339765 0.5874966699966699 0.022222222222222223 0.03333333333333333
0 0.3467094017094017 0.5635206460206461 0.022222222222222223 0.03333333333333333
0 0.33372238872238863 0.5575266400266401 0.022222222222222223 0.03333333333333333
0 0.3517044067044066 0.5395446220446221 0.022222222222222223 0.03333333333333333
0 0.33771839271839266 0.5215626040626041 0.022222222222222223 0.03333333333333333
0 0.35370240870240865 0.5200641025641026 0.022222222222222223 0.03333333333333333
0 0.3641919191919191 0.5103238428238429 0.022222222222222223 0.03333333333333333
0 0.35919691419691413 0.5275566100566101 0.022222222222222223 0.03333333333333333
0 0.36469141969141966 0.5492848817848818 0.022222222222222223 0.03333333333333333
0 0.3576984126984126 0.5620221445221445 0.022222222222222223 0.03333333333333333
0 0.36219391719391714 0.575508658008658 0.022222222222222223 0.03333333333333333
0 0.38067543567543555 0.5717624042624043 0.022222222222222223 0.03333333333333333
0 0.37817793317793313 0.5507833832833833 0.022222222222222223 0.03333333333333333
0 0.3826734376734376 0.5155685980685981 0.022222222222222223 0.03333333333333333
0 0.3996564546564546 0.5410431235431236 0.022222222222222223 0.03333333333333333
0 0.3931629481629481 0.560523643023643 0.022222222222222223 0.03333333333333333
0 0.4001559551559551 0.569514652014652 0.022222222222222223 0.03333333333333333
0 0.4126434676434676 0.560523643023643 0.022222222222222223 0.03333333333333333
0 0.4246314796314795 0.5702639027639028 0.022222222222222223 0.03333333333333333
0 0.423132978132978 0.5919921744921744 0.022222222222222223 0.03333333333333333
0 0.41613997113997103 0.5889951714951716 0.022222222222222223 0.03333333333333333
0 0.42163447663447656 0.6354487179487179 0.022222222222222223 0.03333333333333333
0 0.43512099012099004 0.6549292374292374 0.022222222222222223 0.03333333333333333
0 0.423132978132978 0.6751590076590077 0.022222222222222223 0.03333333333333333
0 0.45060550560550555 0.6893947718947718 0.022222222222222223 0.03333333333333333
0 0.45959651459651457 0.6639202464202464 0.022222222222222223 0.03333333333333333
0 0.45010600510600507 0.6451889776889778 0.022222222222222223 0.03333333333333333
0 0.4565995115995115 0.6287054612054612 0.022222222222222223 0.03333333333333333
0 0.45410200910200904 0.6099741924741925 0.022222222222222223 0.03333333333333333
0 0.43911699411699406 0.620463702963703 0.022222222222222223 0.03333333333333333
0 0.43012598512598504 0.6234607059607059 0.022222222222222223 0.03333333333333333
0 0.4386174936174936 0.5897444222444223 0.022222222222222223 0.03333333333333333
0 0.43961649461649455 0.554529637029637 0.022222222222222223 0.03333333333333333
0 0.42812798312798306 0.5522818847818849 0.022222222222222223 0.03333333333333333
0 0.4291269841269841 0.5357983682983684 0.022222222222222223 0.03333333333333333
0 0.4111449661449661 0.5350491175491175 0.022222222222222223 0.03333333333333333
0 0.4001559551559551 0.5275566100566101 0.022222222222222223 0.03333333333333333
0 0.3876684426684426 0.533550616050616 0.022222222222222223 0.03333333333333333
0 0.43661949161949154 0.7995346320346319 0.022222222222222223 0.03333333333333333
0 0.44910700410700405 0.754579587079587 0.022222222222222223 0.03333333333333333
0 0.453103008103008 0.7912928737928737 0.022222222222222223 0.03333333333333333
0 0.4546015096015095 0.8369971694971694 0.022222222222222223 0.03333333333333333
0 0.47208402708402697 0.8167673992673993 0.022222222222222223 0.03333333333333333
0 0.471085026085026 0.7703138528138528 0.022222222222222223 0.03333333333333333
0 0.47208402708402697 0.7403438228438227 0.022222222222222223 0.03333333333333333
0 0.476080031080031 0.7193648018648018 0.022222222222222223 0.03333333333333333
0 0.4845715395715395 0.6871470196470196 0.022222222222222223 0.03333333333333333
0 0.469087024087024 0.6893947718947718 0.022222222222222223 0.03333333333333333
0 0.46858752358752354 0.6594247419247419 0.022222222222222223 0.03333333333333333
0 0.4865695415695415 0.6646694971694972 0.022222222222222223 0.03333333333333333
0 0.4785775335775335 0.6189652014652015 0.022222222222222223 0.03333333333333333
0 0.4775785325785325 0.596487678987679 0.022222222222222223 0.03333333333333333
0 0.45859751359751355 0.5859981684981685 0.022222222222222223 0.03333333333333333
0 0.4565995115995115 0.554529637029637 0.022222222222222223 0.03333333333333333
0 0.4565995115995115 0.5380461205461206 0.022222222222222223 0.03333333333333333
0 0.4645915195915195 0.5462878787878789 0.022222222222222223 0.03333333333333333
0 0.463093018093018 0.5627713952713953 0.022222222222222223 0.03333333333333333
0 0.477079032079032 0.5470371295371296 0.022222222222222223 0.03333333333333333
0 0.47058552558552547 0.5777564102564103 0.022222222222222223 0.03333333333333333
0 0.4675885225885225 0.5957384282384283 0.022222222222222223 0.03333333333333333
0 0.4885675435675435 0.599484681984682 0.022222222222222223 0.03333333333333333
0 0.4925635475635475 0.5702639027639028 0.022222222222222223 0.03333333333333333
0 0.5025535575535575 0.6122219447219447 0.022222222222222223 0.03333333333333333
0 0.49306304806304796 0.6361979686979686 0.022222222222222223 0.03333333333333333
0 0.5035525585525584 0.6429412254412253 0.022222222222222223 0.03333333333333333
0 0.5005555555555555 0.695388777888778 0.022222222222222223 0.03333333333333333
0 0.49855755355755343 0.72760656010656 0.022222222222222223 0.03333333333333333
0 0.4965595515595515 0.754579587079587 0.022222222222222223 0.03333333333333333
0 0.4945615495615495 0.7838003663003663 0.022222222222222223 0.03333333333333333
0 0.4885675435675435 0.805528638028638 0.022222222222222223 0.03333333333333333
0 0.49306304806304796 0.8250091575091575 0.022222222222222223 0.03333333333333333
0 0.492064047064047 0.8617224442224442 0.022222222222222223 0.03333333333333333
0 0.5085475635475635 0.8692149517149517 0.022222222222222223 0.03333333333333333
0 0.5385175935175934 0.8617224442224442 0.022222222222222223 0.03333333333333333
0 0.5125435675435674 0.8212629037629037 0.022222222222222223 0.03333333333333333
0 0.5275285825285825 0.796537629037629 0.022222222222222223 0.03333333333333333
0 0.5125435675435674 0.7703138528138528 0.022222222222222223 0.03333333333333333
0 0.5325235875235874 0.7523318348318347 0.022222222222222223 0.03333333333333333
0 0.5395165945165945 0.72760656010656 0.022222222222222223 0.03333333333333333
0 0.5255305805305804 0.7178663003663004 0.022222222222222223 0.03333333333333333
0 0.5295265845265845 0.695388777888778 0.022222222222222223 0.03333333333333333
0 0.5150410700410699 0.6983857808857808 0.022222222222222223 0.03333333333333333
0 0.5225335775335775 0.650433732933733 0.022222222222222223 0.03333333333333333
0 0.5395165945165945 0.6774067599067599 0.022222222222222223 0.03333333333333333
0 0.5400160950160949 0.703630536130536 0.022222222222222223 0.03333333333333333
0 0.5579981129981129 0.6961380286380286 0.022222222222222223 0.03333333333333333
0 0.5654906204906204 0.6983857808857808 0.022222222222222223 0.03333333333333333
0 0.5629931179931179 0.7321020646020645 0.022222222222222223 0.03333333333333333
0 0.56499111999112 0.7493348318348318 0.022222222222222223 0.03333333333333333
0 0.5520041070041068 0.7403438228438227 0.022222222222222223 0.03333333333333333
0 0.569986124986125 0.7763078588078588 0.022222222222222223 0.03333333333333333
0 0.5604956154956153 0.7912928737928737 0.022222222222222223 0.03333333333333333
0 0.5844716394716395 0.8722119547119546 0.022222222222222223 0.03333333333333333
0 0.5540021090021089 0.8362479187479187 0.022222222222222223 0.03333333333333333
0 0.5430130980130979 0.8160181485181485 0.022222222222222223 0.03333333333333333
0 0.5440120990120989 0.653430735930736 0.022222222222222223 0.03333333333333333
0 0.5385175935175934 0.6354487179487179 0.022222222222222223 0.03333333333333333
0 0.5205355755355755 0.6242099567099567 0.022222222222222223 0.03333333333333333
0 0.5180380730380729 0.6077264402264403 0.022222222222222223 0.03333333333333333
0 0.5125435675435674 0.5957384282384283 0.022222222222222223 0.03333333333333333
0 0.5345215895215895 0.5919921744921744 0.022222222222222223 0.03333333333333333
0 0.5584976134976135 0.6234607059607059 0.022222222222222223 0.03333333333333333
0 0.5729831279831279 0.6586754911754912 0.022222222222222223 0.03333333333333333
0 0.5569991119991119 0.6646694971694972 0.022222222222222223 0.03333333333333333
0 0.5964596514596514 0.6774067599067599 0.022222222222222223 0.03333333333333333
0 0.5889671439671439 0.6399442224442224 0.022222222222222223 0.03333333333333333
0 0.5784776334776335 0.6189652014652015 0.022222222222222223 0.03333333333333333
0 0.5689871239871238 0.6032309357309358 0.022222222222222223 0.03333333333333333
0 0.5604956154956153 0.584499666999667 0.022222222222222223 0.03333333333333333
0 0.5614946164946164 0.5455386280386281 0.022222222222222223 0.03333333333333333
0 0.44860750360750357 0.5275566100566101 0.022222222222222223 0.03333333333333333
0 0.442113997113997 0.5103238428238429 0.022222222222222223 0.03333333333333333
0 0.4321239871239871 0.5088253413253414 0.022222222222222223 0.03333333333333333
0 0.41713897213897205 0.5065775890775891 0.022222222222222223 0.03333333333333333
0 0.4026534576534576 0.5103238428238429 0.022222222222222223 0.03333333333333333
0 0.42163447663447656 0.5215626040626041 0.022222222222222223 0.03333333333333333
0 0.4605955155955155 0.518565601065601 0.022222222222222223 0.03333333333333333
0 0.45410200910200904 0.5050790875790876 0.022222222222222223 0.03333333333333333
0 0.47807803307803304 0.5155685980685981 0.022222222222222223 0.03333333333333333
0 0.49306304806304796 0.530553613053613 0.022222222222222223 0.03333333333333333
0 0.494062049062049 0.5387953712953714 0.022222222222222223 0.03333333333333333
0 0.491065046065046 0.518565601065601 0.022222222222222223 0.03333333333333333
0 0.5025535575535575 0.5163178488178488 0.022222222222222223 0.03333333333333333
0 0.5085475635475635 0.536547619047619 0.022222222222222223 0.03333333333333333
0 0.5045515595515595 0.5612728937728938 0.022222222222222223 0.03333333333333333
0 0.5125435675435674 0.5455386280386281 0.022222222222222223 0.03333333333333333
0 0.494062049062049 0.5515326340326341 0.022222222222222223 0.03333333333333333
0 0.5185375735375735 0.566517649017649 0.022222222222222223 0.03333333333333333
0 0.5205355755355755 0.5485356310356311 0.022222222222222223 0.03333333333333333
0 0.5335225885225884 0.566517649017649 0.022222222222222223 0.03333333333333333
0 0.5295265845265845 0.5575266400266401 0.022222222222222223 0.03333333333333333
0 0.5505056055056055 0.5560281385281385 0.022222222222222223 0.03333333333333333
0 0.5400160950160949 0.5387953712953714 0.022222222222222223 0.03333333333333333
0 0.5485076035076034 0.5972369297369298 0.022222222222222223 0.03333333333333333
0 0.5704856254856253 0.8484856809856808 0.022222222222222223 0.03333333333333333
0 0.5704856254856253 0.8140201465201464 0.022222222222222223 0.03333333333333333
0 0.5864696414696414 0.8260081585081583 0.022222222222222223 0.03333333333333333
0 0.5974586524586524 0.8110231435231433 0.022222222222222223 0.03333333333333333
0 0.6054506604506604 0.8379961704961705 0.022222222222222223 0.03333333333333333
0 0.6304256854256852 0.833500666000666 0.022222222222222223 0.03333333333333333
0 0.6374186924186923 0.8799542124542123 0.022222222222222223 0.03333333333333333
0 0.6683877233877232 0.8349991674991674 0.022222222222222223 0.03333333333333333
0 0.6524037074037072 0.8020321345321344 0.022222222222222223 0.03333333333333333
0 0.6404156954156953 0.7870471195471195 0.022222222222222223 0.03333333333333333
0 0.5984576534576533 0.7780561105561103 0.022222222222222223 0.03333333333333333
0 0.6204356754356753 0.7870471195471195 0.022222222222222223 0.03333333333333333
0 0.6324236874236873 0.7660680985680985 0.022222222222222223 0.03333333333333333
0 0.6214346764346763 0.7510830835830834 0.022222222222222223 0.03333333333333333
0 0.6384176934176933 0.7405935730935731 0.022222222222222223 0.03333333333333333
0 0.6573987123987123 0.7181160506160504 0.022222222222222223 0.03333333333333333
0 0.6454107004107003 0.6941400266400265 0.022222222222222223 0.03333333333333333
0 0.6374186924186923 0.686647519147519 0.022222222222222223 0.03333333333333333
0 0.6868692418692417 0.8087753912753912 0.022222222222222223 0.03333333333333333
0 0.6948612498612498 0.8634706959706958 0.022222222222222223 0.03333333333333333
0 0.7103457653457652 0.823760406260406 0.022222222222222223 0.03333333333333333
0 0.6963597513597513 0.7698143523143521 0.022222222222222223 0.03333333333333333
0 0.6069491619491618 0.6784057609057609 0.022222222222222223 0.03333333333333333
0 0.6214346764346763 0.6327014652014651 0.022222222222222223 0.03333333333333333
0 0.6029531579531577 0.6364477189477189 0.022222222222222223 0.03333333333333333
0 0.6009551559551558 0.6514327339327338 0.022222222222222223 0.03333333333333333
0 0.6349211899211897 0.6409432234432234 0.022222222222222223 0.03333333333333333
0 0.6479082029082027 0.6559282384282383 0.022222222222222223 0.03333333333333333
0 0.6329231879231879 0.6147194472194472 0.022222222222222223 0.03333333333333333
0 0.6164396714396713 0.6102239427239428 0.022222222222222223 0.03333333333333333
0 0.6029531579531577 0.5922419247419247 0.022222222222222223 0.03333333333333333
0 0.5929631479631479 0.618465700965701 0.022222222222222223 0.03333333333333333
0 0.6603957153957153 0.6439402264402264 0.022222222222222223 0.03333333333333333
0 0.6583977133977134 0.6139701964701963 0.022222222222222223 0.03333333333333333
0 0.6568992118992117 0.585498667998668 0.022222222222222223 0.03333333333333333
0 0.6449111999111998 0.5750091575091575 0.022222222222222223 0.03333333333333333
0 0.6289271839271838 0.5720121545121545 0.022222222222222223 0.03333333333333333
0 0.6149411699411699 0.5787554112554112 0.022222222222222223 0.03333333333333333
0 0.6069491619491618 0.5480361305361305 0.022222222222222223 0.03333333333333333
0 0.5894666444666442 0.5278063603063602 0.022222222222222223 0.03333333333333333
0 0.5789771339771338 0.5390451215451215 0.022222222222222223 0.03333333333333333
0 0.5749811299811298 0.5210631035631035 0.022222222222222223 0.03333333333333333
0 0.549007104007104 0.5240601065601065 0.022222222222222223 0.03333333333333333
0 0.5520041070041068 0.48734681984681977 0.022222222222222223 0.03333333333333333
0 0.5270290820290819 0.49483932733932734 0.022222222222222223 0.03333333333333333
0 0.5135425685425684 0.4813528138528138 0.022222222222222223 0.03333333333333333
0 0.49506105006104995 0.4978363303363303 0.022222222222222223 0.03333333333333333
0 0.4815745365745364 0.4993348318348318 0.022222222222222223 0.03333333333333333
0 0.46609002109002096 0.5000840825840825 0.022222222222222223 0.03333333333333333
0 0.46309301809301795 0.48734681984681977 0.022222222222222223 0.03333333333333333
0 0.47408202908202896 0.47311105561105554 0.022222222222222223 0.03333333333333333
0 0.44511100011099997 0.4768573093573093 0.022222222222222223 0.03333333333333333
0 0.43262348762348746 0.4701140526140526 0.022222222222222223 0.03333333333333333
0 0.44211399711399696 0.4551290376290376 0.022222222222222223 0.03333333333333333
0 0.4006554556554555 0.48659756909756907 0.022222222222222223 0.03333333333333333
0 0.3846714396714395 0.4910930735930736 0.022222222222222223 0.03333333333333333
0 0.37617993117993104 0.5038303363303362 0.022222222222222223 0.03333333333333333
0 0.35719891219891203 0.4821020646020646 0.022222222222222223 0.03333333333333333
0 0.38317293817293807 0.4656185481185481 0.022222222222222223 0.03333333333333333
0 0.36269341769341756 0.4551290376290376 0.022222222222222223 0.03333333333333333
0 0.39066544566544553 0.44613802863802865 0.022222222222222223 0.03333333333333333
0 0.397158952158952 0.45213203463203455 0.022222222222222223 0.03333333333333333
0 0.39316294816294806 0.46711704961704964 0.022222222222222223 0.03333333333333333
0 0.40964646464646454 0.4506335331335331 0.022222222222222223 0.03333333333333333
0 0.403152958152958 0.43939477189477183 0.022222222222222223 0.03333333333333333
0 0.40964646464646454 0.4821020646020646 0.022222222222222223 0.03333333333333333
0 0.5215345765345764 0.5263078588078588 0.022222222222222223 0.03333333333333333
0 0.5150410700410699 0.5143198468198468 0.022222222222222223 0.03333333333333333
0 0.4980580530580529 0.48060356310356306 0.022222222222222223 0.03333333333333333
0 0.4925635475635474 0.4641200466200466 0.022222222222222223 0.03333333333333333
0 0.46509102009101994 0.46936480186480184 0.022222222222222223 0.03333333333333333
0 0.467089022089022 0.44538877788877784 0.022222222222222223 0.03333333333333333
0 0.45510101010101 0.4431410256410256 0.022222222222222223 0.03333333333333333
0 0.44111499611499605 0.4371470196470196 0.022222222222222223 0.03333333333333333
0 0.43112498612498595 0.4423917748917749 0.022222222222222223 0.03333333333333333
0 0.448108003108003 0.4199142524142524 0.022222222222222223 0.03333333333333333
0 0.2682878232878233 0.4416425241425241 0.022222222222222223 0.03333333333333333
0 0.27228382728382733 0.42590825840825836 0.022222222222222223 0.03333333333333333
0 0.2892668442668443 0.4423917748917749 0.022222222222222223 0.03333333333333333
0 0.28676934176934177 0.4251590076590076 0.022222222222222223 0.03333333333333333
0 0.29026584526584526 0.40792624042624037 0.022222222222222223 0.03333333333333333
0 0.3087473637473638 0.4348992673992674 0.022222222222222223 0.03333333333333333
0 0.3007553557553558 0.4266575091575091 0.022222222222222223 0.03333333333333333
0 0.31324286824286823 0.4708633033633033 0.022222222222222223 0.03333333333333333
0 0.30525086025086023 0.4693648018648018 0.022222222222222223 0.03333333333333333
0 0.3327233877233877 0.48060356310356306 0.022222222222222223 0.03333333333333333
0 0.3202358752358753 0.5060780885780886 0.022222222222222223 0.03333333333333333
0 0.3322238872238871 0.4970870795870795 0.022222222222222223 0.03333333333333333
0 0.3442118992118992 0.46711704961704964 0.022222222222222223 0.03333333333333333
0 0.3457104007104007 0.44613802863802865 0.022222222222222223 0.03333333333333333
0 0.32822788322788327 0.45213203463203455 0.022222222222222223 0.03333333333333333
0 0.32573038073038074 0.4341500166500166 0.022222222222222223 0.03333333333333333
0 0.3222338772338772 0.42291125541125535 0.022222222222222223 0.03333333333333333
0 0.33721889221889223 0.4139202464202464 0.022222222222222223 0.03333333333333333
0 0.31773837273837274 0.3996844821844821 0.022222222222222223 0.03333333333333333
0 0.3142418692418692 0.3824517149517149 0.022222222222222223 0.03333333333333333
0 0.29725885225885224 0.3809532134532135 0.022222222222222223 0.03333333333333333
0 0.2912648462648463 0.37720695970695967 0.022222222222222223 0.03333333333333333
0 0.29026584526584526 0.39069347319347314 0.022222222222222223 0.03333333333333333
0 0.29675935175935175 0.4019322344322344 0.022222222222222223 0.03333333333333333
0 0.27727883227883227 0.40642773892773887 0.022222222222222223 0.03333333333333333
0 0.27877733377733377 0.3891949716949717 0.022222222222222223 0.03333333333333333
0 0.2712848262848263 0.3914427239427239 0.022222222222222223 0.03333333333333333
0 0.26429181929181933 0.40492923742923737 0.022222222222222223 0.03333333333333333
0 0.25280330780330784 0.40043373293373286 0.022222222222222223 0.03333333333333333
0 0.2582978132978133 0.3832009657009657 0.022222222222222223 0.03333333333333333
0 0.2478083028083028 0.3764577089577089 0.022222222222222223 0.03333333333333333
0 0.24730880230880234 0.39219197469197464 0.022222222222222223 0.03333333333333333
0 0.2717843267843268 0.36746669996669995 0.022222222222222223 0.03333333333333333
0 0.27428182928182926 0.3592249417249417 0.022222222222222223 0.03333333333333333
0 0.28427183927183924 0.3637204462204462 0.022222222222222223 0.03333333333333333
0 0.2782778332778333 0.33749666999666994 0.022222222222222223 0.03333333333333333
0 0.2917643467643467 0.3330011655011655 0.022222222222222223 0.03333333333333333
0 0.2897663447663448 0.3509831834831834 0.022222222222222223 0.03333333333333333
0 0.29526085026085025 0.36147269397269394 0.022222222222222223 0.03333333333333333
0 0.2977583527583528 0.3442399267399267 0.022222222222222223 0.03333333333333333
0 0.3102458652458653 0.3562279387279387 0.022222222222222223 0.03333333333333333
0 0.30375235875235873 0.3682159507159507 0.022222222222222223 0.03333333333333333
0 0.32123487623487623 0.35772644022644023 0.022222222222222223 0.03333333333333333
0 0.31274336774336764 0.3359981684981685 0.022222222222222223 0.03333333333333333
0 0.3142418692418692 0.3682159507159507 0.022222222222222223 0.03333333333333333
0 0.29675935175935175 0.31726689976689976 0.022222222222222223 0.03333333333333333
0 0.30125485625485626 0.3052788877788878 0.022222222222222223 0.03333333333333333
0 0.29476134976134977 0.2768073593073593 0.022222222222222223 0.03333333333333333
0 0.3112448662448662 0.28355061605061604 0.022222222222222223 0.03333333333333333
0 0.29825785325785326 0.2842998667998668 0.022222222222222223 0.03333333333333333
0 0.3112448662448662 0.2678163503163503 0.022222222222222223 0.03333333333333333
0 0.30325285825285825 0.25882534132534135 0.022222222222222223 0.03333333333333333
0 0.30525086025086023 0.24758658008658008 0.022222222222222223 0.03333333333333333
0 0.31074536574536576 0.25732683982683985 0.022222222222222223 0.03333333333333333
0 0.31973637473637473 0.2753088578088578 0.022222222222222223 0.03333333333333333
0 0.31973637473637473 0.2648193473193473 0.022222222222222223 0.03333333333333333
0 0.3247313797313797 0.2543298368298368 0.022222222222222223 0.03333333333333333
0 0.3267293817293817 0.2355985680985681 0.022222222222222223 0.03333333333333333
0 0.31474136974136974 0.24533882783882782 0.022222222222222223 0.03333333333333333
0 0.30525086025086023 0.23934482184482184 0.022222222222222223 0.03333333333333333
0 0.31274336774336764 0.21761655011655012 0.022222222222222223 0.03333333333333333
0 0.3042518592518592 0.21836580086580085 0.022222222222222223 0.03333333333333333
0 0.30774836274836276 0.20562853812853812 0.022222222222222223 0.03333333333333333
0 0.3027533577533577 0.20787629037629035 0.022222222222222223 0.03333333333333333
0 0.29376234876234875 0.20562853812853812 0.022222222222222223 0.03333333333333333
0 0.30624986124986125 0.3150191475191475 0.022222222222222223 0.03333333333333333
0 0.3112448662448662 0.3052788877788878 0.022222222222222223 0.03333333333333333
0 0.3182378732378732 0.3082758907758908 0.022222222222222223 0.03333333333333333
0 0.3202358752358753 0.331502664002664 0.022222222222222223 0.03333333333333333
0 0.32872738372738375 0.334499666999667 0.022222222222222223 0.03333333333333333
0 0.3337223887223887 0.3457384282384282 0.022222222222222223 0.03333333333333333
0 0.33871739371739373 0.3472369297369297 0.022222222222222223 0.03333333333333333
0 0.3427133977133977 0.36446969696969694 0.022222222222222223 0.03333333333333333
0 0.3302258852258852 0.3832009657009657 0.022222222222222223 0.03333333333333333
0 0.3332228882228882 0.36971445221445215 0.022222222222222223 0.03333333333333333
0 0.3457104007104007 0.3802039627039627 0.022222222222222223 0.03333333333333333
0 0.3417143967143967 0.39069347319347314 0.022222222222222223 0.03333333333333333
0 0.3347213897213897 0.39294122544122534 0.022222222222222223 0.03333333333333333
0 0.3262298812298812 0.40043373293373286 0.022222222222222223 0.03333333333333333
0 0.34920690420690426 0.4086754911754912 0.022222222222222223 0.03333333333333333
0 0.3507054057054057 0.39294122544122534 0.022222222222222223 0.03333333333333333
0 0.35969641469641467 0.39593822843822835 0.022222222222222223 0.03333333333333333
0 0.3621939171939172 0.41841575091575084 0.022222222222222223 0.03333333333333333
0 0.3542019092019092 0.4169172494172494 0.022222222222222223 0.03333333333333333
0 0.3721839271839272 0.4169172494172494 0.022222222222222223 0.03333333333333333
0 0.3661899211899212 0.37346070596070596 0.022222222222222223 0.03333333333333333
0 0.3731829281829282 0.3659681984681984 0.022222222222222223 0.03333333333333333
0 0.3547014097014097 0.35323093573093567 0.022222222222222223 0.03333333333333333
0 0.3606954156954157 0.334499666999667 0.022222222222222223 0.03333333333333333
0 0.3522039072039072 0.3082758907758908 0.022222222222222223 0.03333333333333333
0 0.3422138972138972 0.3232609057609057 0.022222222222222223 0.03333333333333333
0 0.33721889221889223 0.310523643023643 0.022222222222222223 0.03333333333333333
0 0.3472089022089022 0.2902938727938728 0.022222222222222223 0.03333333333333333
0 0.3402158952158953 0.2992848817848818 0.022222222222222223 0.03333333333333333
0 0.3292268842268843 0.2813028638028638 0.022222222222222223 0.03333333333333333
0 0.3302258852258852 0.2738103563103563 0.022222222222222223 0.03333333333333333
0 0.3377183927183927 0.28879537129537125 0.022222222222222223 0.03333333333333333
0 0.3641919191919192 0.298535631035631 0.022222222222222223 0.03333333333333333
0 0.35619991119991123 0.28579836829836824 0.022222222222222223 0.03333333333333333
0 0.35020590520590517 0.27905511155511153 0.022222222222222223 0.03333333333333333
0 0.3427133977133977 0.2768073593073593 0.022222222222222223 0.03333333333333333
0 0.3472089022089022 0.2633208458208458 0.022222222222222223 0.03333333333333333
0 0.33671939171939175 0.2723118548118548 0.022222222222222223 0.03333333333333333
0 0.3322238872238871 0.25807609057609054 0.022222222222222223 0.03333333333333333
0 0.3357203907203907 0.24084332334332334 0.022222222222222223 0.03333333333333333
0 0.34670940170940173 0.24458957708957713 0.022222222222222223 0.03333333333333333
0 0.3422138972138972 0.25283133533133534 0.022222222222222223 0.03333333333333333
0 0.35020590520590517 0.25657758907758904 0.022222222222222223 0.03333333333333333
0 0.3542019092019092 0.24758658008658008 0.022222222222222223 0.03333333333333333
0 0.35869741369741365 0.26556859806859806 0.022222222222222223 0.03333333333333333
0 0.3636924186924187 0.27830586080586084 0.022222222222222223 0.03333333333333333
0 0.37767843267843265 0.27081335331335327 0.022222222222222223 0.03333333333333333
0 0.3721839271839272 0.2872968697968698 0.022222222222222223 0.03333333333333333
0 0.37568043068043067 0.301532634032634 0.022222222222222223 0.03333333333333333
0 0.3771789321789322 0.3202639027639027 0.022222222222222223 0.03333333333333333
0 0.3861699411699412 0.34124292374292364 0.022222222222222223 0.03333333333333333
0 0.3621939171939172 0.36147269397269394 0.022222222222222223 0.03333333333333333
0 0.39366244866244865 0.3682159507159507 0.022222222222222223 0.03333333333333333
0 0.38367243867243866 0.3914427239427239 0.022222222222222223 0.03333333333333333
0 0.3766794316794317 0.40492923742923737 0.022222222222222223 0.03333333333333333
0 0.3671889221889222 0.39518897768897765 0.022222222222222223 0.03333333333333333
0 0.3956604506604507 0.42366050616050605 0.022222222222222223 0.03333333333333333
0 0.3841719391719392 0.4266575091575091 0.022222222222222223 0.03333333333333333
0 0.36918692418692417 0.45213203463203455 0.022222222222222223 0.03333333333333333
0 0.40964646464646465 0.41841575091575084 0.022222222222222223 0.03333333333333333
0 0.40315295815295815 0.40417998667998667 0.022222222222222223 0.03333333333333333
0 0.4071489621489621 0.38769647019647013 0.022222222222222223 0.03333333333333333
0 0.4156404706404706 0.3652189477189477 0.022222222222222223 0.03333333333333333
0 0.4041519591519592 0.3502339327339327 0.022222222222222223 0.03333333333333333
0 0.4061499611499611 0.3389951714951715 0.022222222222222223 0.03333333333333333
0 0.40215395715395713 0.30602813852813854 0.022222222222222223 0.03333333333333333
0 0.3961599511599511 0.3022818847818848 0.022222222222222223 0.03333333333333333
0 0.3881679431679431 0.3052788877788878 0.022222222222222223 0.03333333333333333
0 0.3856704406704407 0.2902938727938728 0.022222222222222223 0.03333333333333333
0 0.3861699411699412 0.27830586080586084 0.022222222222222223 0.03333333333333333
0 0.3896664446664447 0.2693148518148518 0.022222222222222223 0.03333333333333333
0 0.39516095016095015 0.27830586080586084 0.022222222222222223 0.03333333333333333
0 0.40215395715395713 0.292541625041625 0.022222222222222223 0.03333333333333333
0 0.41264346764346765 0.2842998667998668 0.022222222222222223 0.03333333333333333
0 0.4161399711399711 0.2723118548118548 0.022222222222222223 0.03333333333333333
0 0.41064546564546567 0.2693148518148518 0.022222222222222223 0.03333333333333333
0 0.4036524586524587 0.2663178488178488 0.022222222222222223 0.03333333333333333
0 0.39815795315795316 0.24683732933732935 0.022222222222222223 0.03333333333333333
0 0.39016594516594516 0.24234182484182484 0.022222222222222223 0.03333333333333333
0 0.3771789321789322 0.25283133533133534 0.022222222222222223 0.03333333333333333
0 0.37118492618492616 0.2595745920745921 0.022222222222222223 0.03333333333333333
0 0.36818792318792315 0.24758658008658008 0.022222222222222223 0.03333333333333333
0 0.3636924186924187 0.23634781884781886 0.022222222222222223 0.03333333333333333
0 0.3557004107004107 0.2296045621045621 0.022222222222222223 0.03333333333333333
0 0.3566994116994117 0.21162254412254414 0.022222222222222223 0.03333333333333333
0 0.3497064047064047 0.21312104562104564 0.022222222222222223 0.03333333333333333
0 0.34820790320790324 0.19588827838827835 0.022222222222222223 0.03333333333333333
0 0.43112498612498606 0.41616799866799864 0.022222222222222223 0.03333333333333333
0 0.4236324786324785 0.42141275391275385 0.022222222222222223 0.03333333333333333
0 0.43112498612498606 0.3824517149517149 0.022222222222222223 0.03333333333333333
0 0.43112498612498606 0.39968448218448216 0.022222222222222223 0.03333333333333333
0 0.44810800310800303 0.4094247419247419 0.022222222222222223 0.03333333333333333
0 0.44061549561549557 0.42066350316350315 0.022222222222222223 0.03333333333333333
0 0.42013597513597506 0.40268148518148517 0.022222222222222223 0.03333333333333333
0 0.422133977133977 0.37271145521145516 0.022222222222222223 0.03333333333333333
0 0.42513098013098 0.3592249417249417 0.022222222222222223 0.03333333333333333
0 0.41913697413697404 0.3502339327339327 0.022222222222222223 0.03333333333333333
0 0.4306254856254855 0.3502339327339327 0.022222222222222223 0.03333333333333333
0 0.42513098013098 0.3389951714951715 0.022222222222222223 0.03333333333333333
0 0.4346214896214895 0.3330011655011655 0.022222222222222223 0.03333333333333333
0 0.444111999111999 0.33075341325341323 0.022222222222222223 0.03333333333333333
0 0.442113997113997 0.33749666999667 0.022222222222222223 0.03333333333333333
0 0.4426134976134975 0.316517649017649 0.022222222222222223 0.03333333333333333
0 0.42862748362748354 0.3052788877788878 0.022222222222222223 0.03333333333333333
0 0.433122988122988 0.3022818847818848 0.022222222222222223 0.03333333333333333
0 0.4226334776334776 0.28954462204462206 0.022222222222222223 0.03333333333333333
0 0.4101459651459651 0.3082758907758908 0.022222222222222223 0.03333333333333333
0 0.4131429681429681 0.33000416250416253 0.022222222222222223 0.03333333333333333
0 0.4635925185925185 0.37271145521145516 0.022222222222222223 0.03333333333333333
0 0.46708902208902203 0.35622793872793873 0.022222222222222223 0.03333333333333333
0 0.456100011100011 0.3532309357309357 0.022222222222222223 0.03333333333333333
0 0.4436124986124985 0.3742099567099567 0.022222222222222223 0.03333333333333333
0 0.447109002109002 0.35622793872793873 0.022222222222222223 0.03333333333333333
0 0.437118992118992 0.36596819846819845 0.022222222222222223 0.03333333333333333
0 0.4416144966144965 0.3944397269397269 0.022222222222222223 0.03333333333333333
0 0.45510101010101 0.39668747918747915 0.022222222222222223 0.03333333333333333
0 0.46009601509601505 0.4184157509157509 0.022222222222222223 0.03333333333333333
0 0.4715845265845265 0.41466949716949714 0.022222222222222223 0.03333333333333333
0 0.48007603507603497 0.4274067599067598 0.022222222222222223 0.03333333333333333
0 0.47508103008103 0.4431410256410256 0.022222222222222223 0.03333333333333333
0 0.49356254856254844 0.44613802863802854 0.022222222222222223 0.03333333333333333
0 0.5210350760350759 0.46786630036630034 0.022222222222222223 0.03333333333333333
0 0.5250310800310799 0.45812604062604056 0.022222222222222223 0.03333333333333333
0 0.5175385725385724 0.43939477189477183 0.022222222222222223 0.03333333333333333
0 0.5060500610500609 0.4341500166500166 0.022222222222222223 0.03333333333333333
0 0.49156454656454646 0.4221620046620046 0.022222222222222223 0.03333333333333333
0 0.4990570540570539 0.4139202464202464 0.022222222222222223 0.03333333333333333
0 0.5085475635475635 0.4071769896769897 0.022222222222222223 0.03333333333333333
0 0.5205355755355755 0.4199142524142524 0.022222222222222223 0.03333333333333333
0 0.5185375735375735 0.4004337329337329 0.022222222222222223 0.03333333333333333
0 0.5135425685425684 0.3832009657009657 0.022222222222222223 0.03333333333333333
0 0.5110450660450659 0.3712129537129537 0.022222222222222223 0.03333333333333333
0 0.501055056055056 0.35622793872793873 0.022222222222222223 0.03333333333333333
0 0.49206404706404694 0.36446969696969694 0.022222222222222223 0.03333333333333333
0 0.483073038073038 0.36072344322344324 0.022222222222222223 0.03333333333333333
0 0.49306304806304796 0.3472369297369297 0.022222222222222223 0.03333333333333333
0 0.483073038073038 0.34798618048618046 0.022222222222222223 0.03333333333333333
0 0.48007603507603497 0.340493672993673 0.022222222222222223 0.03333333333333333
0 0.469087024087024 0.33225191475191473 0.022222222222222223 0.03333333333333333
0 0.4536025086025085 0.32700715950715953 0.022222222222222223 0.03333333333333333
0 0.46109501609501596 0.3082758907758908 0.022222222222222223 0.03333333333333333
0 0.456100011100011 0.29478937728937726 0.022222222222222223 0.03333333333333333
0 0.44810800310800303 0.29179237429237426 0.022222222222222223 0.03333333333333333
0 0.4416144966144965 0.29778638028638027 0.022222222222222223 0.03333333333333333
0 0.474082029082029 0.45812604062604056 0.022222222222222223 0.03333333333333333
0 0.5420140970140969 0.4611230436230436 0.022222222222222223 0.03333333333333333
0 0.533023088023088 0.4641200466200466 0.022222222222222223 0.03333333333333333
0 0.5609951159951159 0.522561605061605 0.022222222222222223 0.03333333333333333
0 0.5689871239871238 0.4910930735930736 0.022222222222222223 0.03333333333333333
0 0.570985125985126 0.5113228438228438 0.022222222222222223 0.03333333333333333
0 0.5869691419691418 0.5068273393273393 0.022222222222222223 0.03333333333333333
0 0.5789771339771338 0.4783558108558109 0.022222222222222223 0.03333333333333333
0 0.5669891219891219 0.4701140526140526 0.022222222222222223 0.03333333333333333
0 0.5749811299811299 0.4334007659007659 0.022222222222222223 0.03333333333333333
0 0.5629931179931179 0.4124217449217449 0.022222222222222223 0.03333333333333333
0 0.5525036075036074 0.41466949716949714 0.022222222222222223 0.03333333333333333
0 0.5340220890220889 0.40268148518148517 0.022222222222222223 0.03333333333333333
0 0.5345215895215895 0.4221620046620046 0.022222222222222223 0.03333333333333333
0 0.5255305805305804 0.44613802863802854 0.022222222222222223 0.03333333333333333
0 0.5415145965145964 0.4431410256410256 0.022222222222222223 0.03333333333333333
0 0.5859701409701409 0.47311105561105554 0.022222222222222223 0.03333333333333333
0 0.5814746364746364 0.4476365301365301 0.022222222222222223 0.03333333333333333
0 0.5864696414696414 0.4221620046620046 0.022222222222222223 0.03333333333333333
0 0.576979131979132 0.4191650016650016 0.022222222222222223 0.03333333333333333
0 0.5814746364746364 0.4004337329337329 0.022222222222222223 0.03333333333333333
0 0.5829731379731379 0.3846994671994672 0.022222222222222223 0.03333333333333333
0 0.5714846264846263 0.3861979686979687 0.022222222222222223 0.03333333333333333
0 0.5734826284826284 0.3742099567099567 0.022222222222222223 0.03333333333333333
0 0.5560001110001109 0.37720695970695967 0.022222222222222223 0.03333333333333333
0 0.5629931179931179 0.3989352314352314 0.022222222222222223 0.03333333333333333
0 0.5550011100011099 0.3951889776889777 0.022222222222222223 0.03333333333333333
0 0.549007104007104 0.3921919746919747 0.022222222222222223 0.03333333333333333
0 0.5380180930180929 0.39069347319347314 0.022222222222222223 0.03333333333333333
0 0.5370190920190919 0.3809532134532134 0.022222222222222223 0.03333333333333333
0 0.533023088023088 0.3742099567099567 0.022222222222222223 0.03333333333333333
0 0.5225335775335774 0.3779562104562104 0.022222222222222223 0.03333333333333333
0 0.529027084027084 0.3592249417249417 0.022222222222222223 0.03333333333333333
0 0.5225335775335774 0.36297119547119544 0.022222222222222223 0.03333333333333333
0 0.5070490620490619 0.3502339327339327 0.022222222222222223 0.03333333333333333
0 0.5185375735375735 0.33974442224442225 0.022222222222222223 0.03333333333333333
0 0.49206404706404694 0.331502664002664 0.022222222222222223 0.03333333333333333
0 0.49356254856254844 0.3202639027639027 0.022222222222222223 0.03333333333333333
0 0.4855705405705405 0.319514652014652 0.022222222222222223 0.03333333333333333
0 0.510046065046065 0.2872968697968698 0.022222222222222223 0.03333333333333333
0 0.48507104007103996 0.28954462204462206 0.022222222222222223 0.03333333333333333
0 0.49955655455655446 0.28804612054612055 0.022222222222222223 0.03333333333333333
0 0.498058053058053 0.2723118548118548 0.022222222222222223 0.03333333333333333
0 0.487069042069042 0.271562604062604 0.022222222222222223 0.03333333333333333
0 0.48956654456654447 0.25807609057609054 0.022222222222222223 0.03333333333333333
0 0.478078033078033 0.2693148518148518 0.022222222222222223 0.03333333333333333
0 0.4655905205905205 0.27006410256410257 0.022222222222222223 0.03333333333333333
0 0.4595965145965145 0.2708133533133533 0.022222222222222223 0.03333333333333333
0 0.44960650460650453 0.2723118548118548 0.022222222222222223 0.03333333333333333
0 0.453103008103008 0.2813028638028638 0.022222222222222223 0.03333333333333333
0 0.436119991119991 0.2663178488178488 0.022222222222222223 0.03333333333333333
0 0.443112998112998 0.26032384282384285 0.022222222222222223 0.03333333333333333
0 0.4346214896214895 0.2490850815850816 0.022222222222222223 0.03333333333333333
0 0.4246314796314795 0.24234182484182487 0.022222222222222223 0.03333333333333333
0 0.41763847263847254 0.25133283383283384 0.022222222222222223 0.03333333333333333
0 0.41064546564546556 0.24458957708957713 0.022222222222222223 0.03333333333333333
0 0.40614996114996105 0.23335081585081588 0.022222222222222223 0.03333333333333333
0 0.40515096015096 0.2221120546120546 0.022222222222222223 0.03333333333333333
0 0.3946614496614495 0.23185231435231438 0.022222222222222223 0.03333333333333333
0 0.394161949161949 0.2078762903762904 0.022222222222222223 0.03333333333333333
0 0.397158952158952 0.20113303363303364 0.022222222222222223 0.03333333333333333
0 0.37767843267843254 0.20113303363303364 0.022222222222222223 0.03333333333333333
0 0.3746814296814296 0.21162254412254414 0.022222222222222223 0.03333333333333333
0 0.37867743367743356 0.22810606060606062 0.022222222222222223 0.03333333333333333
0 0.3811749361749361 0.23934482184482186 0.022222222222222223 0.03333333333333333
0 0.39116494616494607 0.2213628038628039 0.022222222222222223 0.03333333333333333
0 0.3616944166944166 0.18539876789876794 0.022222222222222223 0.03333333333333333
0 0.3736824286824286 0.18165251415251418 0.022222222222222223 0.03333333333333333
0 0.3841719391719391 0.1876465201465202 0.022222222222222223 0.03333333333333333
0 0.3906654456654456 0.17490925740925747 0.022222222222222223 0.03333333333333333
0 0.38666944166944156 0.1599242424242425 0.022222222222222223 0.03333333333333333
0 0.3821739371739371 0.1719122544122544 0.022222222222222223 0.03333333333333333
0 0.37717893217893206 0.16741674991674993 0.022222222222222223 0.03333333333333333
0 0.3706854256854256 0.15842574092574097 0.022222222222222223 0.03333333333333333
0 0.36519092019092014 0.16816600066600068 0.022222222222222223 0.03333333333333333
0 0.3407153957153956 0.18689726939726944 0.022222222222222223 0.03333333333333333
0 0.32722888222888213 0.1973867798867799 0.022222222222222223 0.03333333333333333
0 0.3297263847263846 0.2183658008658009 0.022222222222222223 0.03333333333333333
0 0.3297263847263846 0.20637778887778893 0.022222222222222223 0.03333333333333333
0 0.3492069042069041 0.17341075591075594 0.022222222222222223 0.03333333333333333
0 0.3382178932178931 0.170413752913753 0.022222222222222223 0.03333333333333333
0 0.34720890220890205 0.15168248418248426 0.022222222222222223 0.03333333333333333
0 0.3971589521589521 0.1886455211455211 0.022222222222222223 0.03333333333333333
0 0.4111449661449661 0.20138278388278386 0.022222222222222223 0.03333333333333333
0 0.40515096015096 0.20288128538128536 0.022222222222222223 0.03333333333333333
0 0.41564047064047055 0.2216125541125541 0.022222222222222223 0.03333333333333333
0 0.4211349761349761 0.22610805860805858 0.022222222222222223 0.03333333333333333
0 0.43112498612498606 0.23135281385281384 0.022222222222222223 0.03333333333333333
0 0.44061549561549557 0.23509906759906754 0.022222222222222223 0.03333333333333333
0 0.44461149961149954 0.2216125541125541 0.022222222222222223 0.03333333333333333
0 0.44011599511599503 0.21262154512154507 0.022222222222222223 0.03333333333333333
0 0.43611999111999106 0.21861555111555112 0.022222222222222223 0.03333333333333333
0 0.43112498612498606 0.22086330336330334 0.022222222222222223 0.03333333333333333
0 0.42413197913197903 0.21262154512154507 0.022222222222222223 0.03333333333333333
0 0.4246314796314795 0.2021320346320346 0.022222222222222223 0.03333333333333333
0 0.43112498612498606 0.20138278388278386 0.022222222222222223 0.03333333333333333
0 0.42662948162948156 0.1923917748917749 0.022222222222222223 0.03333333333333333
0 0.43012598512598504 0.18265151515151515 0.022222222222222223 0.03333333333333333
0 0.4206354756354756 0.17815601065601064 0.022222222222222223 0.03333333333333333
0 0.41464146964146953 0.18939477189477186 0.022222222222222223 0.03333333333333333
0 0.4126434676434676 0.17665750915750913 0.022222222222222223 0.03333333333333333
0 0.4126434676434676 0.1684157509157509 0.022222222222222223 0.03333333333333333
0 0.39915695415695407 0.17066350316350315 0.022222222222222223 0.03333333333333333
0 0.3931629481629481 0.16017399267399265 0.022222222222222223 0.03333333333333333
0 0.4031529581529581 0.16017399267399265 0.022222222222222223 0.03333333333333333
0 0.4031529581529581 0.14518897768897768 0.022222222222222223 0.03333333333333333
0 0.3921639471639471 0.1444397269397269 0.022222222222222223 0.03333333333333333
0 0.3971589521589521 0.1309532134532135 0.022222222222222223 0.03333333333333333
0 0.40764846264846255 0.12271145521145523 0.022222222222222223 0.03333333333333333
0 0.40065545565545563 0.11372044622044622 0.022222222222222223 0.03333333333333333
0 0.3921639471639471 0.10772644022644026 0.022222222222222223 0.03333333333333333
0 0.3816744366744366 0.09873543123543124 0.022222222222222223 0.03333333333333333
0 0.38866744366744355 0.09798618048618048 0.022222222222222223 0.03333333333333333
0 0.3766794316794316 0.10772644022644026 0.022222222222222223 0.03333333333333333
0 0.3631929181929181 0.1444397269397269 0.022222222222222223 0.03333333333333333
0 0.3676884226884226 0.1406934731934732 0.022222222222222223 0.03333333333333333
0 0.35270340770340763 0.1384457209457209 0.022222222222222223 0.03333333333333333
0 0.37518093018093013 0.14593822843822846 0.022222222222222223 0.03333333333333333
0 0.3821739371739371 0.15118298368298363 0.022222222222222223 0.03333333333333333
0 0.37318292818292814 0.12196220446220446 0.022222222222222223 0.03333333333333333
0 0.5495066045066045 0.3624716949716949 0.022222222222222223 0.03333333333333333
0 0.549007104007104 0.3572269397269397 0.022222222222222223 0.03333333333333333
0 0.5455106005106004 0.34299117549117547 0.022222222222222223 0.03333333333333333
0 0.5340220890220889 0.3467374292374292 0.022222222222222223 0.03333333333333333
0 0.5270290820290819 0.32800616050616044 0.022222222222222223 0.03333333333333333
0 0.5175385725385725 0.3190151515151515 0.022222222222222223 0.03333333333333333
0 0.5055505605505605 0.33100316350316344 0.022222222222222223 0.03333333333333333
0 0.517039072039072 0.28754662004662 0.022222222222222223 0.03333333333333333
0 0.5200360750360751 0.2980361305361305 0.022222222222222223 0.03333333333333333
0 0.5305255855255855 0.29728687978687973 0.022222222222222223 0.03333333333333333
0 0.529027084027084 0.28305111555111556 0.022222222222222223 0.03333333333333333
0 0.533023088023088 0.27555860805860805 0.022222222222222223 0.03333333333333333
0 0.5255305805305804 0.2628213453213453 0.022222222222222223 0.03333333333333333
0 0.5175385725385725 0.27256160506160504 0.022222222222222223 0.03333333333333333
0 0.5110450660450659 0.2628213453213453 0.022222222222222223 0.03333333333333333
0 0.506050061050061 0.25158258408258405 0.022222222222222223 0.03333333333333333
0 0.5145415695415695 0.2433408258408258 0.022222222222222223 0.03333333333333333
0 0.507049062049062 0.23659756909756907 0.022222222222222223 0.03333333333333333
0 0.49855755355755343 0.24558857808857804 0.022222222222222223 0.03333333333333333
0 0.487069042069042 0.24109307359307355 0.022222222222222223 0.03333333333333333
0 0.47957653457653454 0.24259157509157503 0.022222222222222223 0.03333333333333333
0 0.469087024087024 0.25233183483183486 0.022222222222222223 0.03333333333333333
0 0.469087024087024 0.24409007659007656 0.022222222222222223 0.03333333333333333
0 0.456100011100011 0.24184232434232433 0.022222222222222223 0.03333333333333333
0 0.453103008103008 0.25158258408258405 0.022222222222222223 0.03333333333333333
0 0.46559052059052053 0.2231110556110556 0.022222222222222223 0.03333333333333333
0 0.45510101010101 0.22386030636030635 0.022222222222222223 0.03333333333333333
0 0.4645915195915195 0.20363053613053608 0.022222222222222223 0.03333333333333333
0 0.458098013098013 0.20063353313353313 0.022222222222222223 0.03333333333333333
0 0.4526035076035075 0.20587828837828837 0.022222222222222223 0.03333333333333333
0 0.44960650460650453 0.18714701964701963 0.022222222222222223 0.03333333333333333
0 0.45709901209901205 0.17590825840825838 0.022222222222222223 0.03333333333333333
0 0.45060550560550555 0.16242174492174488 0.022222222222222223 0.03333333333333333
0 0.44810800310800303 0.17066350316350315 0.022222222222222223 0.03333333333333333
0 0.442113997113997 0.17740675990675991 0.022222222222222223 0.03333333333333333
0 0.4291269841269841 0.1646694971694972 0.022222222222222223 0.03333333333333333
0 0.43362248862248853 0.14668747918747915 0.022222222222222223 0.03333333333333333
0 0.426129981129981 0.14668747918747915 0.022222222222222223 0.03333333333333333
0 0.41913697413697404 0.14968448218448224 0.022222222222222223 0.03333333333333333
0 0.42712898212898204 0.1332009657009657 0.022222222222222223 0.03333333333333333
0 0.41913697413697404 0.12046370296370298 0.022222222222222223 0.03333333333333333
0 0.4111449661449661 0.11297119547119545 0.022222222222222223 0.03333333333333333
0 0.4111449661449661 0.10173243423243425 0.022222222222222223 0.03333333333333333
0 0.40465145965145954 0.08824592074592076 0.022222222222222223 0.03333333333333333
0 0.39466144966144956 0.08824592074592076 0.022222222222222223 0.03333333333333333
0 0.38517094017094006 0.08599816849816852 0.022222222222222223 0.03333333333333333
0 0.3971589521589521 0.07176240426240431 0.022222222222222223 0.03333333333333333
0 0.3916644466644466 0.05902514152514158 0.022222222222222223 0.03333333333333333
0 0.3831729381729381 0.06501914751914759 0.022222222222222223 0.03333333333333333
0 0.3901659451659451 0.04778638028638028 0.022222222222222223 0.03333333333333333
0 0.3781779331779331 0.05378038628038628 0.022222222222222223 0.03333333333333333
0 0.3721839271839271 0.05902514152514158 0.022222222222222223 0.03333333333333333
0 0.4131429681429681 0.0770071595071595 0.022222222222222223 0.03333333333333333
0 0.41064546564546556 0.06651764901764902 0.022222222222222223 0.03333333333333333
0 0.4226334776334776 0.0657683982683983 0.022222222222222223 0.03333333333333333
0 0.42013597513597506 0.044789377289377326 0.022222222222222223 0.03333333333333333
0 0.4096464646464646 0.04628787878787886 0.022222222222222223 0.03333333333333333
0 0.40465145965145954 0.055278887778887814 0.022222222222222223 0.03333333333333333
0 0.39765845265845257 0.03654761904761907 0.022222222222222223 0.03333333333333333
0 0.3891669441669441 0.03504911754911755 0.022222222222222223 0.03333333333333333
0 0.3971589521589521 0.02530885780885787 0.022222222222222223 0.03333333333333333
0 0.3931629481629481 0.02081335331335329 0.022222222222222223 0.03333333333333333
0 0.38467143967143963 0.021562604062604105 0.022222222222222223 0.03333333333333333
0 0.4031529581529581 0.021562604062604105 0.022222222222222223 0.03333333333333333
0 0.39615995115995106 0.012571595071595141 0.022222222222222223 0.03333333333333333
0 0.40565046065046056 0.01182234432234433 0.022222222222222223 0.03333333333333333
0 0.4101459651459651 0.017067099567099623 0.022222222222222223 0.03333333333333333
0 0.41564047064047055 0.015568598068598097 0.022222222222222223 0.03333333333333333
0 0.41414196914196905 0.008825341325341374 0.022222222222222223 0.03333333333333333
0 0.41663947163947157 0.03429986679986683 0.022222222222222223 0.03333333333333333
0 0.4101459651459651 0.03579836829836836 0.022222222222222223 0.03333333333333333
0 0.4031529581529581 0.03280136530136531 0.022222222222222223 0.03333333333333333
0 0.4221339771339771 0.028305860805860828 0.022222222222222223 0.03333333333333333
0 0.4291269841269841 0.03280136530136531 0.022222222222222223 0.03333333333333333
0 0.43162448662448655 0.016317848817848812 0.022222222222222223 0.03333333333333333
0 0.426129981129981 0.005828338328338322 0.022222222222222223 0.03333333333333333
0 0.4206354756354756 0.005828338328338322 0.022222222222222223 0.03333333333333333
0 0.16364246864246865 0.1384457209457209 0.022222222222222223 0.03333333333333333
0 0.14016594516594516 0.14219197469197467 0.022222222222222223 0.03333333333333333
0 0.15015595515595515 0.11147269397269398 0.022222222222222223 0.03333333333333333
0 0.14665945165945166 0.11821595071595074 0.022222222222222223 0.03333333333333333
0 0.1801259851259851 0.12271145521145523 0.022222222222222223 0.03333333333333333
0 0.18512099012099012 0.13469946719946718 0.022222222222222223 0.03333333333333333
0 0.20110500610500612 0.1639202464202464 0.022222222222222223 0.03333333333333333
0 0.7543018093018092 0.8814527139527137 0.022222222222222223 0.03333333333333333
0 0.7672888222888221 0.8679662004662003 0.022222222222222223 0.03333333333333333
0 0.7463098013098012 0.8260081585081583 0.022222222222222223 0.03333333333333333
0 0.7523038073038072 0.7900441225441224 0.022222222222222223 0.03333333333333333
0 0.7173387723387723 0.7720621045621044 0.022222222222222223 0.03333333333333333
0 0.7323237873237872 0.7615725940725938 0.022222222222222223 0.03333333333333333
0 0.7273287823287822 0.7301040626040625 0.022222222222222223 0.03333333333333333
0 0.7083477633477632 0.7390950715950715 0.022222222222222223 0.03333333333333333
0 0.6793767343767343 0.7181160506160504 0.022222222222222223 0.03333333333333333
0 0.7073487623487622 0.6911430236430236 0.022222222222222223 0.03333333333333333
0 0.6813747363747363 0.665668498168498 0.022222222222222223 0.03333333333333333
0 0.6873687423687422 0.6282059607059606 0.022222222222222223 0.03333333333333333
0 0.7093467643467642 0.6461879786879785 0.022222222222222223 0.03333333333333333
0 0.7173387723387723 0.6521819846819845 0.022222222222222223 0.03333333333333333
0 0.7293267843267842 0.6806535131535131 0.022222222222222223 0.03333333333333333
0 0.7523038073038072 0.710623543123543 0.022222222222222223 0.03333333333333333
0 0.7922638472638471 0.7720621045621044 0.022222222222222223 0.03333333333333333
0 0.7772788322788321 0.7660680985680985 0.022222222222222223 0.03333333333333333
0 0.8052508602508601 0.8065276390276388 0.022222222222222223 0.03333333333333333
0 0.7972588522588521 0.8469871794871794 0.022222222222222223 0.03333333333333333
0 0.7772788322788321 0.8260081585081583 0.022222222222222223 0.03333333333333333
0 0.7812748362748361 0.9144197469197468 0.022222222222222223 0.03333333333333333
0 0.8022538572538571 0.9279062604062602 0.022222222222222223 0.03333333333333333
0 0.8212348762348761 0.8469871794871794 0.022222222222222223 0.03333333333333333
0 0.876179931179931 0.8859482184482182 0.022222222222222223 0.03333333333333333
0 0.88517094017094 0.8679662004662003 0.022222222222222223 0.03333333333333333
0 0.8831729381729381 0.8454886779886778 0.022222222222222223 0.03333333333333333
0 0.8671889221889221 0.8080261405261404 0.022222222222222223 0.03333333333333333
0 0.854201909201909 0.7885456210456209 0.022222222222222223 0.03333333333333333
0 0.8412148962148961 0.8230111555111553 0.022222222222222223 0.03333333333333333
0 0.81524087024087 0.7540800865800865 0.022222222222222223 0.03333333333333333
0 0.7932628482628482 0.73759657009657 0.022222222222222223 0.03333333333333333
0 0.7742818292818292 0.7420920745920745 0.022222222222222223 0.03333333333333333
0 0.7842718392718391 0.695638528138528 0.022222222222222223 0.03333333333333333
0 0.8062498612498611 0.7061280386280385 0.022222222222222223 0.03333333333333333
0 0.839216894216894 0.728605561105561 0.022222222222222223 0.03333333333333333
0 0.833222888222888 0.6746595071595071 0.022222222222222223 0.03333333333333333
0 0.8262298812298811 0.7076265401265399 0.022222222222222223 0.03333333333333333
0 0.853202908202908 0.7480860805860804 0.022222222222222223 0.03333333333333333
0 0.8631929181929181 0.7241100566100565 0.022222222222222223 0.03333333333333333
0 0.899156954156954 0.8125216450216449 0.022222222222222223 0.03333333333333333
0 0.9101459651459649 0.7975366300366299 0.022222222222222223 0.03333333333333333
0 0.8941619491619489 0.779554612054612 0.022222222222222223 0.03333333333333333
0 0.893162948162948 0.728605561105561 0.022222222222222223 0.03333333333333333
0 0.8831729381729381 0.6941400266400265 0.022222222222222223 0.03333333333333333
0 0.914141969141969 0.6881460206460205 0.022222222222222223 0.03333333333333333
0 0.891164946164946 0.6611729936729935 0.022222222222222223 0.03333333333333333
0 0.929126984126984 0.7510830835830834 0.022222222222222223 0.03333333333333333
0 0.9451110001109998 0.728605561105561 0.022222222222222223 0.03333333333333333
0 0.930125985125985 0.719614552114552 0.022222222222222223 0.03333333333333333
0 0.9491070041070039 0.7121220446220445 0.022222222222222223 0.03333333333333333
0 0.9401159951159949 0.6941400266400265 0.022222222222222223 0.03333333333333333
0 0.9331229881229879 0.6881460206460205 0.022222222222222223 0.03333333333333333
0 0.9600960150960149 0.6881460206460205 0.022222222222222223 0.03333333333333333
0 0.969087024087024 0.7121220446220445 0.022222222222222223 0.03333333333333333
0 0.9840720390720388 0.7331010656010655 0.022222222222222223 0.03333333333333333
0 0.9610950160950159 0.791542624042624 0.022222222222222223 0.03333333333333333
0 0.9551010101010099 0.7660680985680985 0.022222222222222223 0.03333333333333333
0 0.9341219891219888 0.7960381285381285 0.022222222222222223 0.03333333333333333
0 0.941114996114996 0.8215126540126539 0.022222222222222223 0.03333333333333333
0 0.969087024087024 0.8379961704961705 0.022222222222222223 0.03333333333333333
0 0.914141969141969 0.9219122544122543 0.022222222222222223 0.03333333333333333
0 0.9501060051060048 0.8874467199467198 0.022222222222222223 0.03333333333333333
0 0.980076035076035 0.8994347319347317 0.022222222222222223 0.03333333333333333
0 0.9650910200910199 0.9533807858807857 0.022222222222222223 0.03333333333333333
0 0.991065046065046 0.9309032634032632 0.022222222222222223 0.03333333333333333
0 0.9890670440670438 0.8065276390276388 0.022222222222222223 0.03333333333333333
0 0.980076035076035 0.7780561105561103 0.022222222222222223 0.03333333333333333
0 0.9960600510600508 0.7360980685980684 0.022222222222222223 0.03333333333333333
0 0.997059052059052 0.704629537129537 0.022222222222222223 0.03333333333333333
0 0.9950610500610498 0.6776565101565101 0.022222222222222223 0.03333333333333333
0 0.9860700410700409 0.6386954711954711 0.022222222222222223 0.03333333333333333
0 0.959097014097014 0.6446894771894771 0.022222222222222223 0.03333333333333333
0 0.9381179931179929 0.6491849816849816 0.022222222222222223 0.03333333333333333
0 0.9501060051060048 0.6671669996669995 0.022222222222222223 0.03333333333333333
0 0.9261299811299809 0.6461879786879785 0.022222222222222223 0.03333333333333333
0 0.9341219891219888 0.626707459207459 0.022222222222222223 0.03333333333333333
0 0.763292818292818 0.6731610056610057 0.022222222222222223 0.03333333333333333
0 0.7498063048063045 0.666417748917749 0.022222222222222223 0.03333333333333333
0 0.7428132978132976 0.6544297369297369 0.022222222222222223 0.03333333333333333
0 0.7388172938172936 0.6394447219447219 0.022222222222222223 0.03333333333333333
0 0.7228332778332777 0.630453712953713 0.022222222222222223 0.03333333333333333
0 0.7088472638472636 0.6222119547119547 0.022222222222222223 0.03333333333333333
0 0.7218342768342766 0.5937404262404262 0.022222222222222223 0.03333333333333333
0 0.6903657453657451 0.5944896769896769 0.022222222222222223 0.03333333333333333
0 0.6568992118992117 0.5622718947718949 0.022222222222222223 0.03333333333333333
0 0.6529032079032077 0.5442898767898768 0.022222222222222223 0.03333333333333333
0 0.6244316794316792 0.5570271395271396 0.022222222222222223 0.03333333333333333
0 0.6174386724386722 0.5450391275391274 0.022222222222222223 0.03333333333333333
0 0.6244316794316792 0.522561605061605 0.022222222222222223 0.03333333333333333
0 0.6169391719391717 0.4985855810855811 0.022222222222222223 0.03333333333333333
0 0.6039521589521587 0.5143198468198468 0.022222222222222223 0.03333333333333333
0 0.5969591519591517 0.4843498168498168 0.022222222222222223 0.03333333333333333
0 0.6184376734376732 0.4768573093573094 0.022222222222222223 0.03333333333333333
0 0.6009551559551558 0.46936480186480195 0.022222222222222223 0.03333333333333333
0 0.6014546564546562 0.45288128538128547 0.022222222222222223 0.03333333333333333
0 0.5934626484626483 0.4506335331335331 0.022222222222222223 0.03333333333333333
0 0.6149411699411697 0.4506335331335331 0.022222222222222223 0.03333333333333333
0 0.6164396714396713 0.4326515151515152 0.022222222222222223 0.03333333333333333
0 0.6089471639471637 0.41766650016650025 0.022222222222222223 0.03333333333333333
0 0.5959601509601509 0.4229112554112554 0.022222222222222223 0.03333333333333333
0 0.6044516594516594 0.3981859806859807 0.022222222222222223 0.03333333333333333
0 0.5949611499611499 0.3996844821844822 0.022222222222222223 0.03333333333333333
0 0.5909651459651458 0.3996844821844822 0.022222222222222223 0.03333333333333333
0 0.5884676434676432 0.3899442224442225 0.022222222222222223 0.03333333333333333
0 0.5989571539571537 0.388445720945721 0.022222222222222223 0.03333333333333333
0 0.5939621489621488 0.379454711954712 0.022222222222222223 0.03333333333333333
0 0.6049511599511598 0.3757084582084583 0.022222222222222223 0.03333333333333333
0 0.5924636474636473 0.36372044622044625 0.022222222222222223 0.03333333333333333
0 0.5929631479631478 0.34873543123543127 0.022222222222222223 0.03333333333333333
0 0.5759801309801307 0.3397444222444223 0.022222222222222223 0.03333333333333333
0 0.5849711399711398 0.34049367299367306 0.022222222222222223 0.03333333333333333
0 0.5909651459651458 0.33075341325341334 0.022222222222222223 0.03333333333333333
0 0.5959601509601509 0.3165176490176491 0.022222222222222223 0.03333333333333333
0 0.5854706404706403 0.3217624042624043 0.022222222222222223 0.03333333333333333
0 0.5654906204906203 0.34049367299367306 0.022222222222222223 0.03333333333333333
0 0.5550011100011099 0.3397444222444223 0.022222222222222223 0.03333333333333333
0 0.5515046065046063 0.3247594072594074 0.022222222222222223 0.03333333333333333
0 0.5440120990120988 0.3262579087579089 0.022222222222222223 0.03333333333333333
0 0.5410150960150958 0.31876540126540137 0.022222222222222223 0.03333333333333333
0 0.5410150960150958 0.2947893772893773 0.022222222222222223 0.03333333333333333
0 0.5510051060051058 0.2977863802863804 0.022222222222222223 0.03333333333333333
0 0.6289271839271838 0.43489926739926743 0.022222222222222223 0.03333333333333333
0 0.6344216894216892 0.45213203463203466 0.022222222222222223 0.03333333333333333
0 0.6359201909201907 0.4378962703962704 0.022222222222222223 0.03333333333333333
0 0.5749811299811298 0.35547868797868803 0.022222222222222223 0.03333333333333333
0 0.6074486624486621 0.35772644022644023 0.022222222222222223 0.03333333333333333
0 0.6199361749361747 0.3787054612054612 0.022222222222222223 0.03333333333333333
0 0.6264296814296813 0.3869472194472195 0.022222222222222223 0.03333333333333333
0 0.6194366744366743 0.3592249417249418 0.022222222222222223 0.03333333333333333
0 0.6144416694416692 0.33375041625041635 0.022222222222222223 0.03333333333333333
0 0.6049511599511598 0.33075341325341334 0.022222222222222223 0.03333333333333333
0 0.6059501609501607 0.3457384282384283 0.022222222222222223 0.03333333333333333
0 0.6229331779331778 0.30677738927738935 0.022222222222222223 0.03333333333333333
0 0.6149411699411697 0.3105236430236431 0.022222222222222223 0.03333333333333333
0 0.6079481629481628 0.31426989676989686 0.022222222222222223 0.03333333333333333
0 0.5864696414696412 0.30003413253413264 0.022222222222222223 0.03333333333333333
0 0.5659901209901208 0.3120221445221446 0.022222222222222223 0.03333333333333333
0 0.5709851259851257 0.2947893772893773 0.022222222222222223 0.03333333333333333
0 0.5779781329781327 0.27905511155511165 0.022222222222222223 0.03333333333333333
0 0.5709851259851257 0.27231185481185494 0.022222222222222223 0.03333333333333333
0 0.5589971139971138 0.2828013653013654 0.022222222222222223 0.03333333333333333
0 0.5629931179931178 0.2678163503163504 0.022222222222222223 0.03333333333333333
0 0.5530031080031078 0.27455960705960714 0.022222222222222223 0.03333333333333333
0 0.5894666444666442 0.2828013653013654 0.022222222222222223 0.03333333333333333
0 0.5984576534576533 0.2820521145521146 0.022222222222222223 0.03333333333333333
0 0.5889671439671438 0.27381035631035633 0.022222222222222223 0.03333333333333333
0 0.5834726384726383 0.26407009657009667 0.022222222222222223 0.03333333333333333
0 0.6099461649461647 0.2768073593073594 0.022222222222222223 0.03333333333333333
0 0.6039521589521587 0.26556859806859817 0.022222222222222223 0.03333333333333333
0 0.5974586524586523 0.26407009657009667 0.022222222222222223 0.03333333333333333
0 0.6184376734376732 0.2768073593073594 0.022222222222222223 0.03333333333333333
0 0.6249311799311797 0.27905511155511165 0.022222222222222223 0.03333333333333333
0 0.6244316794316792 0.26407009657009667 0.022222222222222223 0.03333333333333333
0 0.6149411699411697 0.25882534132534135 0.022222222222222223 0.03333333333333333
0 0.6314246864246863 0.2955386280386281 0.022222222222222223 0.03333333333333333
0 0.6349211899211897 0.31277139527139536 0.022222222222222223 0.03333333333333333
0 0.6369191919191917 0.39668747918747926 0.022222222222222223 0.03333333333333333
0 0.6469092019092018 0.38769647019647024 0.022222222222222223 0.03333333333333333
0 0.6354206904206902 0.37795621045621053 0.022222222222222223 0.03333333333333333
0 0.6499062049062048 0.37420995670995677 0.022222222222222223 0.03333333333333333
0 0.6394166944166942 0.3457384282384283 0.022222222222222223 0.03333333333333333
0 0.6549012099012096 0.33075341325341334 0.022222222222222223 0.03333333333333333
0 0.6504057054057052 0.3232609057609058 0.022222222222222223 0.03333333333333333
0 0.6449111999111997 0.31501914751914756 0.022222222222222223 0.03333333333333333
0 0.6549012099012096 0.3097743922743924 0.022222222222222223 0.03333333333333333
0 0.6544017094017093 0.2895446220446221 0.022222222222222223 0.03333333333333333
0 0.6504057054057052 0.27306110556110563 0.022222222222222223 0.03333333333333333
0 0.6434126984126982 0.27455960705960714 0.022222222222222223 0.03333333333333333
0 0.6424136974136971 0.2610730935730936 0.022222222222222223 0.03333333333333333
0 0.6349211899211897 0.25957459207459216 0.022222222222222223 0.03333333333333333
0 0.6563997113997112 0.4236605061605062 0.022222222222222223 0.03333333333333333
0 0.6613947163947161 0.4236605061605062 0.022222222222222223 0.03333333333333333
0 0.6509052059052058 0.409424741924742 0.022222222222222223 0.03333333333333333
0 0.6499062049062048 0.39743672993672996 0.022222222222222223 0.03333333333333333
0 0.6588972138972137 0.40417998667998667 0.022222222222222223 0.03333333333333333
0 0.6698862248862247 0.3951889776889777 0.022222222222222223 0.03333333333333333
0 0.6773787323787323 0.3802039627039628 0.022222222222222223 0.03333333333333333
0 0.6788772338772338 0.39743672993672996 0.022222222222222223 0.03333333333333333
0 0.6843717393717391 0.4109232434232435 0.022222222222222223 0.03333333333333333
0 0.6753807303807302 0.4311530136530137 0.022222222222222223 0.03333333333333333
0 0.6683877233877231 0.4326515151515152 0.022222222222222223 0.03333333333333333
0 0.6738822288822287 0.41392024642024644 0.022222222222222223 0.03333333333333333
0 0.6593967143967143 0.4498842823842824 0.022222222222222223 0.03333333333333333
0 0.6554007104007102 0.46262154512154513 0.022222222222222223 0.03333333333333333
0 0.6494067044067042 0.45962454212454207 0.022222222222222223 0.03333333333333333
0 0.6484077034077033 0.47910506160506167 0.022222222222222223 0.03333333333333333
0 0.6429131979131977 0.5075765900765902 0.022222222222222223 0.03333333333333333
0 0.6249311799311797 0.49034382284382283 0.022222222222222223 0.03333333333333333
0 0.6549012099012096 0.49633782883782884 0.022222222222222223 0.03333333333333333
0 0.6643917193917191 0.522561605061605 0.022222222222222223 0.03333333333333333
0 0.6429131979131977 0.5308033633033633 0.022222222222222223 0.03333333333333333
0 0.6768792318792316 0.5375466200466201 0.022222222222222223 0.03333333333333333
0 0.6928632478632476 0.5517823842823842 0.022222222222222223 0.03333333333333333
0 0.6828732378732376 0.5165675990675991 0.022222222222222223 0.03333333333333333
0 0.6768792318792316 0.5053288378288379 0.022222222222222223 0.03333333333333333
0 0.6848712398712398 0.4918423243423244 0.022222222222222223 0.03333333333333333
0 0.6808752358752357 0.4708633033633034 0.022222222222222223 0.03333333333333333
0 0.6688872238872238 0.45962454212454207 0.022222222222222223 0.03333333333333333
0 0.6678882228882228 0.47311105561105565 0.022222222222222223 0.03333333333333333
0 0.6933627483627482 0.4865975690975692 0.022222222222222223 0.03333333333333333
0 0.6913647463647461 0.5090750915750916 0.022222222222222223 0.03333333333333333
0 0.7003557553557551 0.5218123543123543 0.022222222222222223 0.03333333333333333
0 0.7148412698412696 0.534549617049617 0.022222222222222223 0.03333333333333333
0 0.7153407703407703 0.5682659007659008 0.022222222222222223 0.03333333333333333
0 0.7398162948162946 0.6087254412254413 0.022222222222222223 0.03333333333333333
0 0.7448112998112997 0.5810031635031635 0.022222222222222223 0.03333333333333333
0 0.7548013098013096 0.5967374292374292 0.022222222222222223 0.03333333333333333
0 0.7627933177933177 0.6192149517149517 0.022222222222222223 0.03333333333333333
0 0.7767793317793316 0.6544297369297369 0.022222222222222223 0.03333333333333333
0 0.7887673437673435 0.6514327339327339 0.022222222222222223 0.03333333333333333
0 0.8002558552558551 0.6297044622044622 0.022222222222222223 0.03333333333333333
0 0.7922638472638471 0.6207134532134532 0.022222222222222223 0.03333333333333333
0 0.807248862248862 0.6506834831834831 0.022222222222222223 0.03333333333333333
0 0.8257303807303805 0.6476864801864802 0.022222222222222223 0.03333333333333333
0 0.8147413697413696 0.6394447219447219 0.022222222222222223 0.03333333333333333
0 0.8482079032079028 0.6409432234432234 0.022222222222222223 0.03333333333333333
0 0.8377183927183925 0.6132209457209458 0.022222222222222223 0.03333333333333333
0 0.820235875235875 0.606477688977689 0.022222222222222223 0.03333333333333333
0 0.7987573537573536 0.5937404262404262 0.022222222222222223 0.03333333333333333
0 0.8007553557553556 0.5637703962703963 0.022222222222222223 0.03333333333333333
0 0.7827733377733375 0.6034806859806859 0.022222222222222223 0.03333333333333333
0 0.7767793317793316 0.5944896769896769 0.022222222222222223 0.03333333333333333
0 0.7687873237873236 0.5832509157509158 0.022222222222222223 0.03333333333333333
0 0.7727833277833276 0.5630211455211456 0.022222222222222223 0.03333333333333333
0 0.7592968142968141 0.5675166500166501 0.022222222222222223 0.03333333333333333
0 0.7468093018093017 0.5472868797868797 0.022222222222222223 0.03333333333333333
0 0.7343217893217892 0.5495346320346322 0.022222222222222223 0.03333333333333333
0 0.7238322788322787 0.5570271395271396 0.022222222222222223 0.03333333333333333
0 0.7288272838272836 0.5270571095571095 0.022222222222222223 0.03333333333333333
0 0.7228332778332777 0.5195646020646021 0.022222222222222223 0.03333333333333333
0 0.7118442668442666 0.5023318348318349 0.022222222222222223 0.03333333333333333
0 0.7298262848262846 0.49633782883782884 0.022222222222222223 0.03333333333333333
0 0.7028532578532577 0.48959457209457213 0.022222222222222223 0.03333333333333333
0 0.7223337773337771 0.4566275391275391 0.022222222222222223 0.03333333333333333
0 0.7143417693417692 0.44164252414252414 0.022222222222222223 0.03333333333333333
0 0.6963597513597511 0.4319022644022645 0.022222222222222223 0.03333333333333333
0 0.7008552558552557 0.412421744921745 0.022222222222222223 0.03333333333333333
0 0.7088472638472636 0.40867549117549123 0.022222222222222223 0.03333333333333333
0 0.6988572538572536 0.3996844821844822 0.022222222222222223 0.03333333333333333
0 0.7128432678432677 0.39219197469197475 0.022222222222222223 0.03333333333333333
0 0.7088472638472636 0.37645770895770897 0.022222222222222223 0.03333333333333333
0 0.7008552558552557 0.3757084582084583 0.022222222222222223 0.03333333333333333
0 0.7043517593517592 0.36297119547119555 0.022222222222222223 0.03333333333333333
0 0.6933627483627482 0.3509831834831835 0.022222222222222223 0.03333333333333333
0 0.6648912198912197 0.35772644022644023 0.022222222222222223 0.03333333333333333
0 0.6678882228882228 0.3397444222444223 0.022222222222222223 0.03333333333333333
0 0.6728832278832276 0.34873543123543127 0.022222222222222223 0.03333333333333333
0 0.6683877233877231 0.3262579087579089 0.022222222222222223 0.03333333333333333
0 0.6713847263847262 0.3112728937728938 0.022222222222222223 0.03333333333333333
0 0.6648912198912197 0.3157683982683983 0.022222222222222223 0.03333333333333333
0 0.6748812298812297 0.30078338328338333 0.022222222222222223 0.03333333333333333
0 0.6888672438672437 0.3157683982683983 0.022222222222222223 0.03333333333333333
0 0.6818742368742366 0.32101315351315357 0.022222222222222223 0.03333333333333333
0 0.6828732378732376 0.34049367299367306 0.022222222222222223 0.03333333333333333
0 0.7228332778332777 0.35772644022644023 0.022222222222222223 0.03333333333333333
0 0.7188372738372737 0.3479861804861806 0.022222222222222223 0.03333333333333333
0 0.7108452658452655 0.3397444222444223 0.022222222222222223 0.03333333333333333
0 0.7168392718392717 0.33075341325341334 0.022222222222222223 0.03333333333333333
0 0.6998562548562547 0.31501914751914756 0.022222222222222223 0.03333333333333333
0 0.6988572538572536 0.3030311355311356 0.022222222222222223 0.03333333333333333
0 0.6893667443667442 0.29329087579087587 0.022222222222222223 0.03333333333333333
0 0.7038522588522587 0.2813028638028639 0.022222222222222223 0.03333333333333333
0 0.6908652458652457 0.2693148518148519 0.022222222222222223 0.03333333333333333
0 0.6983577533577531 0.2678163503163504 0.022222222222222223 0.03333333333333333
0 0.6828732378732376 0.2610730935730936 0.022222222222222223 0.03333333333333333
0 0.6708852258852256 0.2828013653013654 0.022222222222222223 0.03333333333333333
0 0.6713847263847262 0.2708133533133534 0.022222222222222223 0.03333333333333333
0 0.6648912198912197 0.26556859806859817 0.022222222222222223 0.03333333333333333
0 0.6509052059052058 0.25957459207459216 0.022222222222222223 0.03333333333333333
0 0.6229331779331778 0.4109232434232435 0.022222222222222223 0.03333333333333333
0 0.6214346764346763 0.3989352314352315 0.022222222222222223 0.03333333333333333
0 0.6768792318792316 0.5615226440226441 0.022222222222222223 0.03333333333333333
0 0.6833727383727382 0.5810031635031635 0.022222222222222223 0.03333333333333333
0 0.6788772338772338 0.6139701964701965 0.022222222222222223 0.03333333333333333
0 0.6953607503607502 0.6484357309357309 0.022222222222222223 0.03333333333333333
0 0.6943617493617492 0.7031310356310356 0.022222222222222223 0.03333333333333333
0 0.6813747363747361 0.6948892773892773 0.022222222222222223 0.03333333333333333
0 0.6673887223887222 0.6761580086580086 0.022222222222222223 0.03333333333333333
0 0.6209351759351757 0.6873967698967699 0.022222222222222223 0.03333333333333333
0 0.5819741369741367 0.6896445221445221 0.022222222222222223 0.03333333333333333
0 0.8432128982128981 0.5757584082584083 0.022222222222222223 0.03333333333333333
0 0.842213897213897 0.5974866799866799 0.022222222222222223 0.03333333333333333
0 0.8227333777333774 0.5840001665001665 0.022222222222222223 0.03333333333333333
0 0.8147413697413696 0.5622718947718949 0.022222222222222223 0.03333333333333333
0 0.8247313797313796 0.5540301365301366 0.022222222222222223 0.03333333333333333
0 0.8147413697413696 0.534549617049617 0.022222222222222223 0.03333333333333333
0 0.7927633477633476 0.5323018648018648 0.022222222222222223 0.03333333333333333
0 0.7757803307803306 0.5315526140526141 0.022222222222222223 0.03333333333333333
0 0.7587973137973136 0.540543623043623 0.022222222222222223 0.03333333333333333
0 0.7513048063048061 0.5165675990675991 0.022222222222222223 0.03333333333333333
0 0.7612948162948161 0.5113228438228439 0.022222222222222223 0.03333333333333333
0 0.7488073038073035 0.4993348318348319 0.022222222222222223 0.03333333333333333
0 0.7388172938172936 0.4865975690975692 0.022222222222222223 0.03333333333333333
0 0.7577983127983127 0.4821020646020647 0.022222222222222223 0.03333333333333333
0 0.7468093018093017 0.4783558108558109 0.022222222222222223 0.03333333333333333
0 0.7513048063048061 0.4543797868797869 0.022222222222222223 0.03333333333333333
0 0.7393167943167941 0.4498842823842824 0.022222222222222223 0.03333333333333333
0 0.7393167943167941 0.41466949716949725 0.022222222222222223 0.03333333333333333
0 0.7328232878232875 0.41167249417249424 0.022222222222222223 0.03333333333333333
0 0.7233327783327781 0.4079262404262405 0.022222222222222223 0.03333333333333333
0 0.7338222888222886 0.39668747918747926 0.022222222222222223 0.03333333333333333
0 0.7263297813297812 0.3772069597069598 0.022222222222222223 0.03333333333333333
0 0.7368192918192916 0.38395021645021654 0.022222222222222223 0.03333333333333333
0 0.7622938172938171 0.4221620046620047 0.022222222222222223 0.03333333333333333
0 0.7687873237873236 0.3996844821844822 0.022222222222222223 0.03333333333333333
0 0.7602958152958151 0.38395021645021654 0.022222222222222223 0.03333333333333333
0 0.7538023088023086 0.385448717948718 0.022222222222222223 0.03333333333333333
0 0.7508053058053056 0.40567848817848823 0.022222222222222223 0.03333333333333333
0 0.7577983127983127 0.36671744921744925 0.022222222222222223 0.03333333333333333
0 0.7493068043068042 0.35023393273393283 0.022222222222222223 0.03333333333333333
0 0.7388172938172936 0.3532309357309358 0.022222222222222223 0.03333333333333333
0 0.7408152958152957 0.36896520146520156 0.022222222222222223 0.03333333333333333
0 0.7453108003108001 0.33075341325341334 0.022222222222222223 0.03333333333333333
0 0.7543018093018092 0.3255086580086581 0.022222222222222223 0.03333333333333333
0 0.7488073038073035 0.31876540126540137 0.022222222222222223 0.03333333333333333
0 0.7423137973137971 0.31277139527139536 0.022222222222222223 0.03333333333333333
0 0.7333227883227882 0.3367474192474193 0.022222222222222223 0.03333333333333333
0 0.7228332778332777 0.3180161505161506 0.022222222222222223 0.03333333333333333
0 0.7278282828282826 0.3037803862803864 0.022222222222222223 0.03333333333333333
0 0.7188372738372737 0.2970371295371297 0.022222222222222223 0.03333333333333333
0 0.7143417693417692 0.2753088578088579 0.022222222222222223 0.03333333333333333
0 0.7213347763347762 0.263320845820846 0.022222222222222223 0.03333333333333333
0 0.7148412698412696 0.2603238428238429 0.022222222222222223 0.03333333333333333
0 0.7078482628482627 0.2603238428238429 0.022222222222222223 0.03333333333333333
0 0.6998562548562547 0.2558283383283384 0.022222222222222223 0.03333333333333333
0 0.7308252858252856 0.29029387279387286 0.022222222222222223 0.03333333333333333
0 0.7313247863247861 0.27905511155511165 0.022222222222222223 0.03333333333333333
0 0.7358202908202907 0.26481934731934736 0.022222222222222223 0.03333333333333333
0 0.7473088023088021 0.26257159507159517 0.022222222222222223 0.03333333333333333
0 0.7468093018093017 0.28654761904761905 0.022222222222222223 0.03333333333333333
0 0.741314796314796 0.30003413253413264 0.022222222222222223 0.03333333333333333
0 0.7587973137973136 0.2887953712953714 0.022222222222222223 0.03333333333333333
0 0.758297813297813 0.263320845820846 0.022222222222222223 0.03333333333333333
0 0.7652908202908201 0.2618223443223444 0.022222222222222223 0.03333333333333333
0 0.7842718392718391 0.2775566100566101 0.022222222222222223 0.03333333333333333
0 0.7797763347763347 0.26407009657009667 0.022222222222222223 0.03333333333333333
0 0.7747813297813296 0.29254162504162506 0.022222222222222223 0.03333333333333333
0 0.7832728382728381 0.30677738927738935 0.022222222222222223 0.03333333333333333
0 0.7847713397713395 0.29029387279387286 0.022222222222222223 0.03333333333333333
0 0.7747813297813296 0.3157683982683983 0.022222222222222223 0.03333333333333333
0 0.7667893217893215 0.31277139527139536 0.022222222222222223 0.03333333333333333
0 0.7652908202908201 0.3270071595071596 0.022222222222222223 0.03333333333333333
0 0.7732828282828281 0.33449966699966704 0.022222222222222223 0.03333333333333333
0 0.7687873237873236 0.3457384282384283 0.022222222222222223 0.03333333333333333
0 0.7558003108003106 0.34723692973692977 0.022222222222222223 0.03333333333333333
0 0.7747813297813296 0.3494846819846821 0.022222222222222223 0.03333333333333333
0 0.7827733377733375 0.3479861804861806 0.022222222222222223 0.03333333333333333
0 0.7827733377733375 0.3262579087579089 0.022222222222222223 0.03333333333333333
0 0.7887673437673435 0.34648767898767907 0.022222222222222223 0.03333333333333333
0 0.7937623487623485 0.3479861804861806 0.022222222222222223 0.03333333333333333
0 0.7822738372738371 0.3809532134532135 0.022222222222222223 0.03333333333333333
0 0.7887673437673435 0.385448717948718 0.022222222222222223 0.03333333333333333
0 0.7827733377733375 0.4011829836829837 0.022222222222222223 0.03333333333333333
0 0.7922638472638471 0.406427738927739 0.022222222222222223 0.03333333333333333
0 0.7882678432678432 0.430403762903763 0.022222222222222223 0.03333333333333333
0 0.7837723387723387 0.4573767898767899 0.022222222222222223 0.03333333333333333
0 0.7772788322788321 0.45213203463203466 0.022222222222222223 0.03333333333333333
0 0.7627933177933177 0.46262154512154513 0.022222222222222223 0.03333333333333333
0 0.7707853257853255 0.46936480186480195 0.022222222222222223 0.03333333333333333
0 0.7712848262848262 0.49633782883782884 0.022222222222222223 0.03333333333333333
0 0.7867693417693415 0.4940900765900766 0.022222222222222223 0.03333333333333333
0 0.7777783327783325 0.5098243423243423 0.022222222222222223 0.03333333333333333
0 0.8102458652458652 0.5075765900765902 0.022222222222222223 0.03333333333333333
0 0.8062498612498611 0.4865975690975692 0.022222222222222223 0.03333333333333333
0 0.818237873237873 0.46112304362304374 0.022222222222222223 0.03333333333333333
0 0.8197363747363746 0.43864552114552113 0.022222222222222223 0.03333333333333333
0 0.8092468642468641 0.45887529137529137 0.022222222222222223 0.03333333333333333
0 0.8087473637473636 0.43939477189477194 0.022222222222222223 0.03333333333333333
0 0.798257853257853 0.4266575091575092 0.022222222222222223 0.03333333333333333
0 0.804251859251859 0.394439726939727 0.022222222222222223 0.03333333333333333
0 0.8127433677433675 0.37645770895770897 0.022222222222222223 0.03333333333333333
0 0.8047513597513595 0.37420995670995677 0.022222222222222223 0.03333333333333333
0 0.7997563547563545 0.364469696969697 0.022222222222222223 0.03333333333333333
0 0.7907653457653456 0.3719622044622045 0.022222222222222223 0.03333333333333333
0 0.7812748362748361 0.3674666999667 0.022222222222222223 0.03333333333333333
0 0.8167393717393715 0.39743672993672996 0.022222222222222223 0.03333333333333333
0 0.8167393717393715 0.4109232434232435 0.022222222222222223 0.03333333333333333
0 0.824231879231879 0.4236605061605062 0.022222222222222223 0.03333333333333333
0 0.8287273837273834 0.41167249417249424 0.022222222222222223 0.03333333333333333
0 0.8347213897213897 0.4266575091575092 0.022222222222222223 0.03333333333333333
0 0.8407153957153957 0.4498842823842824 0.022222222222222223 0.03333333333333333
0 0.8327233877233875 0.4438902763902764 0.022222222222222223 0.03333333333333333
0 0.8487074037074035 0.4266575091575092 0.022222222222222223 0.03333333333333333
0 0.8417143967143965 0.40867549117549123 0.022222222222222223 0.03333333333333333
0 0.8477084027084025 0.3951889776889777 0.022222222222222223 0.03333333333333333
0 0.840215895215895 0.394439726939727 0.022222222222222223 0.03333333333333333
0 0.8367193917193916 0.3929412254412255 0.022222222222222223 0.03333333333333333
0 0.8387173937173935 0.3817024642024643 0.022222222222222223 0.03333333333333333
0 0.8217343767343764 0.36297119547119555 0.022222222222222223 0.03333333333333333
0 0.808247863247863 0.3562279387279388 0.022222222222222223 0.03333333333333333
0 0.8162398712398711 0.3524816849816851 0.022222222222222223 0.03333333333333333
0 0.8087473637473636 0.3449891774891775 0.022222222222222223 0.03333333333333333
0 0.8207353757353756 0.33449966699966704 0.022222222222222223 0.03333333333333333
0 0.823232878232878 0.34648767898767907 0.022222222222222223 0.03333333333333333
0 0.8007553557553556 0.3374966699966701 0.022222222222222223 0.03333333333333333
0 0.7922638472638471 0.33599816849816855 0.022222222222222223 0.03333333333333333
0 0.7912648462648461 0.3165176490176491 0.022222222222222223 0.03333333333333333
0 0.8002558552558551 0.30752664002664004 0.022222222222222223 0.03333333333333333
0 0.796259851259851 0.2775566100566101 0.022222222222222223 0.03333333333333333
0 0.8027533577533577 0.29179237429237437 0.022222222222222223 0.03333333333333333
0 0.808247863247863 0.2970371295371297 0.022222222222222223 0.03333333333333333
0 0.81524087024087 0.31277139527139536 0.022222222222222223 0.03333333333333333
0 0.8177383727383726 0.2940401265401266 0.022222222222222223 0.03333333333333333
0 0.8127433677433675 0.27980436230436234 0.022222222222222223 0.03333333333333333
0 0.8047513597513595 0.2678163503163504 0.022222222222222223 0.03333333333333333
0 0.8217343767343764 0.27306110556110563 0.022222222222222223 0.03333333333333333
0 0.834221889221889 0.2760581085581087 0.022222222222222223 0.03333333333333333
0 0.8357203907203906 0.26481934731934736 0.022222222222222223 0.03333333333333333
0 0.8407153957153957 0.29104312354312367 0.022222222222222223 0.03333333333333333
0 0.8377183927183925 0.3180161505161506 0.022222222222222223 0.03333333333333333
0 0.8277283827283825 0.30677738927738935 0.022222222222222223 0.03333333333333333
0 0.8287273837273834 0.3232609057609058 0.022222222222222223 0.03333333333333333
0 0.8307253857253856 0.34049367299367306 0.022222222222222223 0.03333333333333333
0 0.8347213897213897 0.3547294372294373 0.022222222222222223 0.03333333333333333
0 0.8307253857253856 0.36671744921744925 0.022222222222222223 0.03333333333333333
0 0.8447113997113994 0.3607234432234433 0.022222222222222223 0.03333333333333333
0 0.8447113997113994 0.3397444222444223 0.022222222222222223 0.03333333333333333
0 0.8522039072039069 0.3532309357309358 0.022222222222222223 0.03333333333333333
0 0.8547014097014095 0.36821595071595076 0.022222222222222223 0.03333333333333333
0 0.8591969141969139 0.38469946719946724 0.022222222222222223 0.03333333333333333
0 0.8651909201909199 0.40417998667998667 0.022222222222222223 0.03333333333333333
0 0.8591969141969139 0.4229112554112554 0.022222222222222223 0.03333333333333333
0 0.8701859251859249 0.4206635031635032 0.022222222222222223 0.03333333333333333
0 0.8636924186924185 0.44763653013653015 0.022222222222222223 0.03333333333333333
0 0.8706854256854255 0.43939477189477194 0.022222222222222223 0.03333333333333333
0 0.8547014097014095 0.4633707958707959 0.022222222222222223 0.03333333333333333
0 0.8542019092019091 0.44763653013653015 0.022222222222222223 0.03333333333333333
0 0.8492069042069041 0.4821020646020647 0.022222222222222223 0.03333333333333333
0 0.8247313797313796 0.4843498168498168 0.022222222222222223 0.03333333333333333
0 0.8307253857253856 0.5075765900765902 0.022222222222222223 0.03333333333333333
0 0.8387173937173935 0.4948393273393274 0.022222222222222223 0.03333333333333333
0 0.8442118992118991 0.534549617049617 0.022222222222222223 0.03333333333333333
0 0.8357203907203906 0.5585256410256411 0.022222222222222223 0.03333333333333333
0 0.8581979131979129 0.5540301365301366 0.022222222222222223 0.03333333333333333
0 0.8537024087024085 0.5412928737928738 0.022222222222222223 0.03333333333333333
0 0.8367193917193916 0.5188153513153513 0.022222222222222223 0.03333333333333333
0 0.8646914196914195 0.6349492174492174 0.022222222222222223 0.03333333333333333
0 0.856199911199911 0.6252089577089576 0.022222222222222223 0.03333333333333333
0 0.8666894216894214 0.6034806859806859 0.022222222222222223 0.03333333333333333
0 0.8761799311799309 0.5944896769896769 0.022222222222222223 0.03333333333333333
0 0.8736824286824284 0.7091250416250415 0.022222222222222223 0.03333333333333333
0 0.8771789321789321 0.6806535131535132 0.022222222222222223 0.03333333333333333
0 0.8027533577533577 0.6701640026640027 0.022222222222222223 0.03333333333333333
0 0.9188872238872239 0.5997344322344321 0.022222222222222223 0.03333333333333333
0 0.8899161949161949 0.6237104562104561 0.022222222222222223 0.03333333333333333
0 0.9103957153957154 0.5705136530136529 0.022222222222222223 0.03333333333333333
0 0.9393667443667444 0.5600241425241423 0.022222222222222223 0.03333333333333333
0 0.9443617493617494 0.5854986679986678 0.022222222222222223 0.03333333333333333
0 0.9568492618492618 0.5795046620046619 0.022222222222222223 0.03333333333333333
0 0.9653407703407703 0.5989851814851813 0.022222222222222223 0.03333333333333333
0 0.9643417693417693 0.6192149517149516 0.022222222222222223 0.03333333333333333
0 0.9463597513597514 0.6079761904761902 0.022222222222222223 0.03333333333333333
0 0.9928132978132979 0.5982359307359305 0.022222222222222223 0.03333333333333333
0 0.9908152958152957 0.6199642024642023 0.022222222222222223 0.03333333333333333
0 0.9908152958152957 0.5780061605061604 0.022222222222222223 0.03333333333333333
0 0.9688372738372739 0.5735106560106559 0.022222222222222223 0.03333333333333333
0 0.9678382728382727 0.5240601065601065 0.022222222222222223 0.03333333333333333
0 0.9293767343767344 0.5255586080586079 0.022222222222222223 0.03333333333333333
0 0.9258802308802309 0.5150690975690974 0.022222222222222223 0.03333333333333333
0 0.896909201909202 0.5345496170496169 0.022222222222222223 0.03333333333333333
0 0.8814246864246864 0.5330511155511154 0.022222222222222223 0.03333333333333333
0 0.8744316794316794 0.5255586080586079 0.022222222222222223 0.03333333333333333
0 0.865940170940171 0.5090750915750913 0.022222222222222223 0.03333333333333333
0 0.8549511599511599 0.498585581085581 0.022222222222222223 0.03333333333333333
0 0.841964146964147 0.5090750915750913 0.022222222222222223 0.03333333333333333
0 0.8784276834276834 0.4618722943722942 0.022222222222222223 0.03333333333333333
0 0.8929131979131979 0.47386030636030624 0.022222222222222223 0.03333333333333333
0 0.8864196914196913 0.47386030636030624 0.022222222222222223 0.03333333333333333
0 0.8964097014097013 0.4588752913752912 0.022222222222222223 0.03333333333333333
0 0.9068992118992119 0.4761080586080584 0.022222222222222223 0.03333333333333333
0 0.9004057054057054 0.5015825840825839 0.022222222222222223 0.03333333333333333
0 0.8854206904206904 0.4955885780885779 0.022222222222222223 0.03333333333333333
0 0.9298762348762348 0.47760656010656 0.022222222222222223 0.03333333333333333
0 0.9233827283827284 0.45812604062604045 0.022222222222222223 0.03333333333333333
0 0.9443617493617494 0.50757659007659 0.022222222222222223 0.03333333333333333
0 0.9463597513597514 0.4925915750915749 0.022222222222222223 0.03333333333333333
0 0.9468592518592519 0.474609557109557 0.022222222222222223 0.03333333333333333
0 0.9623437673437674 0.47835581085581075 0.022222222222222223 0.03333333333333333
0 0.9798262848262846 0.5030810855810854 0.022222222222222223 0.03333333333333333
0 0.9693367743367743 0.5090750915750913 0.022222222222222223 0.03333333333333333
0 0.9588472638472639 0.5090750915750913 0.022222222222222223 0.03333333333333333
0 0.9908152958152957 0.48584831834831826 0.022222222222222223 0.03333333333333333
0 0.9828232878232878 0.4491350316350315 0.022222222222222223 0.03333333333333333
0 0.9668392718392718 0.45812604062604045 0.022222222222222223 0.03333333333333333
0 0.9773287823287824 0.43939477189477183 0.022222222222222223 0.03333333333333333
0 0.9633427683427683 0.42665750915750905 0.022222222222222223 0.03333333333333333
0 0.9403657453657454 0.4468872793872793 0.022222222222222223 0.03333333333333333
0 0.9318742368742369 0.44538877788877773 0.022222222222222223 0.03333333333333333
0 0.9363697413697413 0.42815601065601055 0.022222222222222223 0.03333333333333333
0 0.9448612498612498 0.42216200466200454 0.022222222222222223 0.03333333333333333
0 0.9203857253857253 0.42815601065601055 0.022222222222222223 0.03333333333333333
0 0.9073987123987124 0.43939477189477183 0.022222222222222223 0.03333333333333333
0 0.8949111999111998 0.4408932733932733 0.022222222222222223 0.03333333333333333
0 0.88492118992119 0.42965451215451195 0.022222222222222223 0.03333333333333333
0 0.8834226884226885 0.4401440226440225 0.022222222222222223 0.03333333333333333
0 0.8779281829281829 0.43564851814851807 0.022222222222222223 0.03333333333333333
0 0.8769291819291819 0.4161679986679986 0.022222222222222223 0.03333333333333333
0 0.8834226884226885 0.40417998667998656 0.022222222222222223 0.03333333333333333
0 0.8774286824286825 0.39668747918747904 0.022222222222222223 0.03333333333333333
0 0.8774286824286825 0.3832009657009656 0.022222222222222223 0.03333333333333333
0 0.8669391719391718 0.37945471195471187 0.022222222222222223 0.03333333333333333
0 0.885920190920191 0.37945471195471187 0.022222222222222223 0.03333333333333333
0 0.8919141969141969 0.3861979686979686 0.022222222222222223 0.03333333333333333
0 0.8984077034077034 0.40717698967698956 0.022222222222222223 0.03333333333333333
0 0.9068992118992119 0.42066350316350304 0.022222222222222223 0.03333333333333333
0 0.9148912198912199 0.40717698967698956 0.022222222222222223 0.03333333333333333
0 0.9148912198912199 0.39144272394272384 0.022222222222222223 0.03333333333333333
0 0.9034027084027083 0.38469946719946707 0.022222222222222223 0.03333333333333333
0 0.9078982128982128 0.4049292374292373 0.022222222222222223 0.03333333333333333
0 0.9303757353757354 0.3959382284382283 0.022222222222222223 0.03333333333333333
0 0.9348712398712399 0.40417998667998656 0.022222222222222223 0.03333333333333333
0 0.9293767343767344 0.411672494172494 0.022222222222222223 0.03333333333333333
0 0.9223837273837274 0.38994422244422233 0.022222222222222223 0.03333333333333333
0 0.9243817293817294 0.37196220446220435 0.022222222222222223 0.03333333333333333
0 0.9168892218892218 0.36896520146520134 0.022222222222222223 0.03333333333333333
0 0.9088972138972139 0.3757084582084581 0.022222222222222223 0.03333333333333333
0 0.9308752358752359 0.3757084582084581 0.022222222222222223 0.03333333333333333
0 0.9368692418692419 0.3824517149517148 0.022222222222222223 0.03333333333333333
0 0.9358702408702408 0.36596819846819834 0.022222222222222223 0.03333333333333333
0 0.9473587523587523 0.36896520146520134 0.022222222222222223 0.03333333333333333
0 0.9923137973137972 0.3981859806859806 0.022222222222222223 0.03333333333333333
0 0.9853207903207903 0.4139202464202463 0.022222222222222223 0.03333333333333333
0 0.9773287823287824 0.4214127539127538 0.022222222222222223 0.03333333333333333
0 0.9708352758352758 0.4034307359307358 0.022222222222222223 0.03333333333333333
0 0.9733327783327783 0.3921919746919746 0.022222222222222223 0.03333333333333333
0 0.9618442668442667 0.3861979686979686 0.022222222222222223 0.03333333333333333
0 0.9648412698412698 0.408675491175491 0.022222222222222223 0.03333333333333333
0 0.9428632478632479 0.3921919746919746 0.022222222222222223 0.03333333333333333
0 0.9413647463647463 0.3562279387279386 0.022222222222222223 0.03333333333333333
0 0.9343717393717395 0.36072344322344313 0.022222222222222223 0.03333333333333333
0 0.9288772338772338 0.3562279387279386 0.022222222222222223 0.03333333333333333
0 0.9398662448662448 0.3472369297369296 0.022222222222222223 0.03333333333333333
0 0.9468592518592519 0.3374966699966699 0.022222222222222223 0.03333333333333333
0 0.9508552558552558 0.3502339327339326 0.022222222222222223 0.03333333333333333
0 0.9528532578532579 0.34124292374292364 0.022222222222222223 0.03333333333333333
0 0.9588472638472639 0.36222194472194463 0.022222222222222223 0.03333333333333333
0 0.9648412698412698 0.35098318348318336 0.022222222222222223 0.03333333333333333
0 0.9653407703407703 0.36372044622044614 0.022222222222222223 0.03333333333333333
0 0.9738322788322787 0.36746669996669984 0.022222222222222223 0.03333333333333333
0 0.9683377733377734 0.35697718947718937 0.022222222222222223 0.03333333333333333
0 0.9828232878232878 0.3562279387279386 0.022222222222222223 0.03333333333333333
0 0.9768292818292819 0.34274142524142515 0.022222222222222223 0.03333333333333333
0 0.9908152958152957 0.3344996669996669 0.022222222222222223 0.03333333333333333
0 0.9883177933177935 0.3772069597069596 0.022222222222222223 0.03333333333333333
0 0.9983078033078032 0.34124292374292364 0.022222222222222223 0.03333333333333333
0 0.9698362748362749 0.3277564102564101 0.022222222222222223 0.03333333333333333
0 0.9963098013098013 0.3082758907758907 0.022222222222222223 0.03333333333333333
0 0.9838222888222887 0.3112728937728937 0.022222222222222223 0.03333333333333333
0 0.9813247863247863 0.3000341325341324 0.022222222222222223 0.03333333333333333
0 0.9898162948162947 0.29553862803862796 0.022222222222222223 0.03333333333333333
0 0.9668392718392718 0.3000341325341324 0.022222222222222223 0.03333333333333333
0 0.9588472638472639 0.3112728937728937 0.022222222222222223 0.03333333333333333
0 0.9513547563547564 0.32176240426240416 0.022222222222222223 0.03333333333333333
0 0.9583477633477633 0.3240101565101564 0.022222222222222223 0.03333333333333333
0 0.9538522588522589 0.3000341325341324 0.022222222222222223 0.03333333333333333
0 0.9403657453657454 0.301532634032634 0.022222222222222223 0.03333333333333333
0 0.9228832278832277 0.3442399267399266 0.022222222222222223 0.03333333333333333
0 0.896909201909202 0.3757084582084581 0.022222222222222223 0.03333333333333333
0 0.8934126984126984 0.36222194472194463 0.022222222222222223 0.03333333333333333
0 0.8789271839271839 0.3547294372294371 0.022222222222222223 0.03333333333333333
0 0.8624436674436674 0.35547868797868787 0.022222222222222223 0.03333333333333333
0 0.8674386724386725 0.3359981684981684 0.022222222222222223 0.03333333333333333
0 0.8814246864246864 0.3322519147519147 0.022222222222222223 0.03333333333333333
0 0.8729331779331778 0.3210131535131534 0.022222222222222223 0.03333333333333333
0 0.8614446664446664 0.31052364302364294 0.022222222222222223 0.03333333333333333
0 0.8679381729381729 0.30527888777888773 0.022222222222222223 0.03333333333333333
0 0.8934126984126984 0.3202639027639027 0.022222222222222223 0.03333333333333333
0 0.9014047064047064 0.3195146520146519 0.022222222222222223 0.03333333333333333
0 0.8974087024087023 0.3434906759906759 0.022222222222222223 0.03333333333333333
0 0.9103957153957154 0.3442399267399266 0.022222222222222223 0.03333333333333333
0 0.9108952158952158 0.3277564102564101 0.022222222222222223 0.03333333333333333
0 0.9073987123987124 0.30527888777888773 0.022222222222222223 0.03333333333333333
0 0.9168892218892218 0.3060281385281384 0.022222222222222223 0.03333333333333333
0 0.9328732378732378 0.32550865800865786 0.022222222222222223 0.03333333333333333
0 0.77503108003108 0.4154187479187478 0.022222222222222223 0.03333333333333333
0 0.8709351759351759 0.2872968697968697 0.022222222222222223 0.03333333333333333
0 0.8594466644466644 0.28429986679986674 0.022222222222222223 0.03333333333333333
0 0.8469591519591521 0.30527888777888773 0.022222222222222223 0.03333333333333333
0 0.8549511599511599 0.2708133533133532 0.022222222222222223 0.03333333333333333
0 0.8499561549561548 0.2663178488178487 0.022222222222222223 0.03333333333333333
0 0.842963147963148 0.2783058608058607 0.022222222222222223 0.03333333333333333
0 0.8514546564546565 0.253580586080586 0.022222222222222223 0.03333333333333333
0 0.8509551559551559 0.24533882783882774 0.022222222222222223 0.03333333333333333
0 0.8324736374736376 0.2483358308358308 0.022222222222222223 0.03333333333333333
0 0.8224836274836275 0.24983433233433222 0.022222222222222223 0.03333333333333333
0 0.8104956154956156 0.25507908757908754 0.022222222222222223 0.03333333333333333
0 0.8109951159951159 0.24533882783882774 0.022222222222222223 0.03333333333333333
0 0.801005106005106 0.24683732933732927 0.022222222222222223 0.03333333333333333
0 0.7920140970140971 0.24533882783882774 0.022222222222222223 0.03333333333333333
0 0.7845215895215895 0.2483358308358308 0.022222222222222223 0.03333333333333333
0 0.7740320790320792 0.24159257409257398 0.022222222222222223 0.03333333333333333
0 0.781025086025086 0.2528313353313353 0.022222222222222223 0.03333333333333333
0 0.8829231879231879 0.286547619047619 0.022222222222222223 0.03333333333333333
0 0.8789271839271839 0.2738103563103563 0.022222222222222223 0.03333333333333333
0 0.881924186924187 0.2580760905760905 0.022222222222222223 0.03333333333333333
0 0.8709351759351759 0.2423418248418248 0.022222222222222223 0.03333333333333333
0 0.8624436674436674 0.24159257409257398 0.022222222222222223 0.03333333333333333
0 0.8654406704406704 0.253580586080586 0.022222222222222223 0.03333333333333333
0 0.861944166944167 0.26931485181485176 0.022222222222222223 0.03333333333333333
0 0.858947163947164 0.2588253413253413 0.022222222222222223 0.03333333333333333
0 0.8489571539571539 0.2880461205461204 0.022222222222222223 0.03333333333333333
0 0.8544516594516595 0.286547619047619 0.022222222222222223 0.03333333333333333
0 0.8914146964146964 0.30378038628038617 0.022222222222222223 0.03333333333333333
0 0.8954107004107005 0.29104312354312345 0.022222222222222223 0.03333333333333333
0 0.8894166944166945 0.286547619047619 0.022222222222222223 0.03333333333333333
0 0.8929131979131979 0.27530885780885767 0.022222222222222223 0.03333333333333333
0 0.8949111999111998 0.26332084582084575 0.022222222222222223 0.03333333333333333
0 0.8899161949161949 0.24608807858807855 0.022222222222222223 0.03333333333333333
0 0.902903207903208 0.253580586080586 0.022222222222222223 0.03333333333333333
0 0.9133927183927184 0.26856560106560096 0.022222222222222223 0.03333333333333333
0 0.9103957153957154 0.2880461205461204 0.022222222222222223 0.03333333333333333
0 0.9173887223887224 0.28579836829836824 0.022222222222222223 0.03333333333333333
0 0.9318742368742369 0.292541625041625 0.022222222222222223 0.03333333333333333
0 0.92488122988123 0.2783058608058607 0.022222222222222223 0.03333333333333333
0 0.9383677433677433 0.27530885780885767 0.022222222222222223 0.03333333333333333
0 0.9533527583527582 0.28280136530136524 0.022222222222222223 0.03333333333333333
0 0.9463597513597514 0.28504911754911744 0.022222222222222223 0.03333333333333333
0 0.9403657453657454 0.265568598068598 0.022222222222222223 0.03333333333333333
0 0.9353707403707403 0.2483358308358308 0.022222222222222223 0.03333333333333333
0 0.9703357753357752 0.2872968697968697 0.022222222222222223 0.03333333333333333
0 0.9748312798312799 0.2783058608058607 0.022222222222222223 0.03333333333333333
0 0.9828232878232878 0.26781635031635026 0.022222222222222223 0.03333333333333333
0 0.9728332778332778 0.265568598068598 0.022222222222222223 0.03333333333333333
0 0.9633427683427683 0.26257159507159494 0.022222222222222223 0.03333333333333333
0 0.9498562548562548 0.26257159507159494 0.022222222222222223 0.03333333333333333
0 0.9543517593517592 0.2490850815850815 0.022222222222222223 0.03333333333333333
0 0.9738322788322787 0.24683732933732927 0.022222222222222223 0.03333333333333333
0 0.9903157953157954 0.2490850815850815 0.022222222222222223 0.03333333333333333
0 0.9948112998112998 0.27980436230436223 0.022222222222222223 0.03333333333333333
0 0.9983078033078032 0.2648193473193473 0.022222222222222223 0.03333333333333333
0 0.9783277833277834 0.2872968697968697 0.022222222222222223 0.03333333333333333
0 0.4940620490620489 0.39843573093573087 0.022222222222222223 0.03333333333333333
0 0.48706904206904195 0.3759582084582084 0.022222222222222223 0.03333333333333333
0 0.4775785325785325 0.39094322344322335 0.022222222222222223 0.03333333333333333
0 0.47558053058053046 0.3737104562104561 0.022222222222222223 0.03333333333333333
0 0.4990570540570539 0.38419996669996664 0.022222222222222223 0.03333333333333333
0 0.4910650460650459 0.38120296370296364 0.022222222222222223 0.03333333333333333
0 0.48407203907203894 0.38419996669996664 0.022222222222222223 0.03333333333333333
0 0.5550011100011099 0.37071345321345317 0.022222222222222223 0.03333333333333333
0 0.6459102009102007 0.4314027639027637 0.022222222222222223 0.03333333333333333
0 0.6409151959151957 0.41491924741924724 0.022222222222222223 0.03333333333333333
0 0.6369191919191917 0.4059282384282383 0.022222222222222223 0.03333333333333333
0 0.39116494616494607 0.3227614052614052 0.022222222222222223 0.03333333333333333
0 0.4970590520590519 0.23360056610056604 0.022222222222222223 0.03333333333333333
0 0.4875685425685425 0.22236180486180476 0.022222222222222223 0.03333333333333333
0 0.4800760350760349 0.22011405261405254 0.022222222222222223 0.03333333333333333
0 0.47208402708402697 0.20812604062604056 0.022222222222222223 0.03333333333333333
0 0.47707903207903196 0.20063353313353308 0.022222222222222223 0.03333333333333333
0 0.48107503607503593 0.19164252414252408 0.022222222222222223 0.03333333333333333
0 0.4910650460650459 0.20812604062604056 0.022222222222222223 0.03333333333333333
0 0.501055056055056 0.20662753912753903 0.022222222222222223 0.03333333333333333
0 0.5030530580530579 0.22460955710955702 0.022222222222222223 0.03333333333333333
0 0.5140420690420688 0.21786630036630028 0.022222222222222223 0.03333333333333333
0 0.5040520590520589 0.19538877788877784 0.022222222222222223 0.03333333333333333
0 0.5105455655455654 0.20288128538128533 0.022222222222222223 0.03333333333333333
0 0.510046065046065 0.19014402264402258 0.022222222222222223 0.03333333333333333
0 0.5075485625485624 0.17740675990675986 0.022222222222222223 0.03333333333333333
0 0.49606005106005097 0.18639776889776882 0.022222222222222223 0.03333333333333333
0 0.49206404706404694 0.17890526140526133 0.022222222222222223 0.03333333333333333
0 0.48906704406704393 0.18939477189477183 0.022222222222222223 0.03333333333333333
0 0.48207403707403695 0.1811530136530136 0.022222222222222223 0.03333333333333333
0 0.47408202908202896 0.17890526140526133 0.022222222222222223 0.03333333333333333
0 0.4800760350760349 0.16916500166500162 0.022222222222222223 0.03333333333333333
0 0.46509102009101994 0.1706635031635031 0.022222222222222223 0.03333333333333333
0 0.4665895215895215 0.1766575091575091 0.022222222222222223 0.03333333333333333
0 0.46958652458652445 0.1908932733932733 0.022222222222222223 0.03333333333333333
0 0.458098013098013 0.15567848817848812 0.022222222222222223 0.03333333333333333
0 0.46409201909201897 0.14968448218448216 0.022222222222222223 0.03333333333333333
0 0.46409201909201897 0.13919497169497166 0.022222222222222223 0.03333333333333333
0 0.45410200910200893 0.14668747918747913 0.022222222222222223 0.03333333333333333
0 0.44261349761349744 0.14968448218448216 0.022222222222222223 0.03333333333333333
0 0.44960650460650453 0.1294547119547119 0.022222222222222223 0.03333333333333333
0 0.4466095016095015 0.10547868797868797 0.022222222222222223 0.03333333333333333
0 0.4356204906204905 0.13170246420246415 0.022222222222222223 0.03333333333333333
0 0.4206354756354755 0.09049367299367295 0.022222222222222223 0.03333333333333333
0 0.42912698412698397 0.09274142524142524 0.022222222222222223 0.03333333333333333
0 0.4206354756354755 0.10023393273393268 0.022222222222222223 0.03333333333333333
0 0.42662948162948156 0.0792549117549117 0.022222222222222223 0.03333333333333333
0 0.4366194916194915 0.08674741924741923 0.022222222222222223 0.03333333333333333
0 0.444111999111999 0.0882459207459207 0.022222222222222223 0.03333333333333333
0 0.450106005106005 0.09124292374292371 0.022222222222222223 0.03333333333333333
0 0.4585975135975135 0.09349067599067595 0.022222222222222223 0.03333333333333333
0 0.4526035076035075 0.07775641025641022 0.022222222222222223 0.03333333333333333
0 0.45310300810300796 0.06876540126540116 0.022222222222222223 0.03333333333333333
0 0.46209401709401693 0.07326090576090574 0.022222222222222223 0.03333333333333333
0 0.4401159951159949 0.06801615051615044 0.022222222222222223 0.03333333333333333
0 0.44561050061050045 0.07775641025641022 0.022222222222222223 0.03333333333333333
0 0.436119991119991 0.07251165501165492 0.022222222222222223 0.03333333333333333
0 0.4286274836274835 0.04478937728937723 0.022222222222222223 0.03333333333333333
0 0.43711899211899197 0.03429986679986674 0.022222222222222223 0.03333333333333333
0 0.4436124986124985 0.041043123543123464 0.022222222222222223 0.03333333333333333
0 0.43761849261849245 0.04628787878787875 0.022222222222222223 0.03333333333333333
0 0.444111999111999 0.050783383283383235 0.022222222222222223 0.03333333333333333
0 0.4556005106005105 0.043290875790875705 0.022222222222222223 0.03333333333333333
0 0.450106005106005 0.025308857808857776 0.022222222222222223 0.03333333333333333
0 0.44211399711399696 0.02605810855810849 0.022222222222222223 0.03333333333333333
0 0.444111999111999 0.01631784881784872 0.022222222222222223 0.03333333333333333
0 0.46159451659451645 0.027556610056610018 0.022222222222222223 0.03333333333333333
0 0.46409201909201897 0.04404012654012651 0.022222222222222223 0.03333333333333333
0 0.47957653457653443 0.04254162504162499 0.022222222222222223 0.03333333333333333
0 0.4815745365745364 0.035798368298368265 0.022222222222222223 0.03333333333333333
0 0.47558053058053046 0.06202214452214444 0.022222222222222223 0.03333333333333333
0 0.47408202908202896 0.05003413253413243 0.022222222222222223 0.03333333333333333
0 0.48207403707403695 0.058275890775890675 0.022222222222222223 0.03333333333333333
0 0.4845715395715395 0.07700715950715946 0.022222222222222223 0.03333333333333333
0 0.4800760350760349 0.0792549117549117 0.022222222222222223 0.03333333333333333
0 0.48407203907203894 0.09274142524142524 0.022222222222222223 0.03333333333333333
0 0.47408202908202896 0.0957384282384282 0.022222222222222223 0.03333333333333333
0 0.47408202908202896 0.11147269397269392 0.022222222222222223 0.03333333333333333
0 0.4735825285825285 0.13395021645021638 0.022222222222222223 0.03333333333333333
0 0.49156454656454646 0.13769647019647016 0.022222222222222223 0.03333333333333333
0 0.4900660450660449 0.12795621045621036 0.022222222222222223 0.03333333333333333
0 0.4910650460650459 0.11446969696969693 0.022222222222222223 0.03333333333333333
0 0.4900660450660449 0.08974442224442218 0.022222222222222223 0.03333333333333333
0 0.500056055056055 0.08749666999666994 0.022222222222222223 0.03333333333333333
0 0.49506105006104995 0.06651764901764892 0.022222222222222223 0.03333333333333333
0 0.49156454656454646 0.06876540126540116 0.022222222222222223 0.03333333333333333
0 0.5050510600510599 0.08000416250416247 0.022222222222222223 0.03333333333333333
0 0.49306304806304796 0.05378038628038619 0.022222222222222223 0.03333333333333333
0 0.5050510600510599 0.050783383283383235 0.022222222222222223 0.03333333333333333
0 0.49456154956154946 0.0320521145521145 0.022222222222222223 0.03333333333333333
0 0.49206404706404694 0.024559607059606966 0.022222222222222223 0.03333333333333333
0 0.48407203907203894 0.027556610056610018 0.022222222222222223 0.03333333333333333
0 0.476080031080031 0.027556610056610018 0.022222222222222223 0.03333333333333333
0 0.476080031080031 0.017816350316350243 0.022222222222222223 0.03333333333333333
0 0.469087024087024 0.02605810855810849 0.022222222222222223 0.03333333333333333
0 0.48107503607503593 0.01856560106560096 0.022222222222222223 0.03333333333333333
0 0.48407203907203894 0.012571595071595046 0.022222222222222223 0.03333333333333333
0 0.4900660450660449 0.011822344322344237 0.022222222222222223 0.03333333333333333
0 0.48357253857253846 0.007326839826839755 0.022222222222222223 0.03333333333333333
0 0.47108502608502595 0.011073093573093521 0.022222222222222223 0.03333333333333333
0 0.4655905205905204 0.014070096570096476 0.022222222222222223 0.03333333333333333
0 0.46109501609501596 0.017816350316350243 0.022222222222222223 0.03333333333333333
0 0.4600960150960149 0.011822344322344237 0.022222222222222223 0.03333333333333333
0 0.452104007104007 0.01332084582084576 0.022222222222222223 0.03333333333333333
0 0.4990570540570539 0.14144272394272392 0.022222222222222223 0.03333333333333333
0 0.4815745365745364 0.15193223443223441 0.022222222222222223 0.03333333333333333
0 0.5045515595515594 0.1661679986679986 0.022222222222222223 0.03333333333333333
0 0.4940620490620489 0.16242174492174485 0.022222222222222223 0.03333333333333333
0 0.500056055056055 0.15492923742923737 0.022222222222222223 0.03333333333333333
0 0.5115445665445665 0.1601739926739926 0.022222222222222223 0.03333333333333333
0 0.5150410700410699 0.14893523143523135 0.022222222222222223 0.03333333333333333
0 0.5105455655455654 0.13170246420246415 0.022222222222222223 0.03333333333333333
0 0.507049062049062 0.11896520146520141 0.022222222222222223 0.03333333333333333
0 0.5055505605505604 0.10173243423243421 0.022222222222222223 0.03333333333333333
0 0.510046065046065 0.07401015651015645 0.022222222222222223 0.03333333333333333
0 0.5145415695415694 0.05452963702963691 0.022222222222222223 0.03333333333333333
0 0.5165395715395714 0.0882459207459207 0.022222222222222223 0.03333333333333333
0 0.5240320790320789 0.09124292374292371 0.022222222222222223 0.03333333333333333
0 0.5240320790320789 0.07775641025641022 0.022222222222222223 0.03333333333333333
0 0.5220340770340769 0.1264577089577089 0.022222222222222223 0.03333333333333333
0 0.5260300810300809 0.1429412254412254 0.022222222222222223 0.03333333333333333
0 0.5230330780330779 0.16841575091575084 0.022222222222222223 0.03333333333333333
0 0.5190370740370739 0.1601739926739926 0.022222222222222223 0.03333333333333333
0 0.5195365745365744 0.1796545121545121 0.022222222222222223 0.03333333333333333
0 0.5315245865245863 0.18864552114552108 0.022222222222222223 0.03333333333333333
0 0.5220340770340769 0.1931410256410256 0.022222222222222223 0.03333333333333333
0 0.5260300810300809 0.21037379287379282 0.022222222222222223 0.03333333333333333
0 0.5220340770340769 0.20213203463203455 0.022222222222222223 0.03333333333333333
0 0.5290270840270839 0.20288128538128533 0.022222222222222223 0.03333333333333333
0 0.5380180930180929 0.22161255411255407 0.022222222222222223 0.03333333333333333
0 0.5285275835275834 0.22910506160506156 0.022222222222222223 0.03333333333333333
0 0.5225335775335773 0.22236180486180476 0.022222222222222223 0.03333333333333333
0 0.530026085026085 0.2148692973692973 0.022222222222222223 0.03333333333333333
0 0.5360200910200908 0.23584831834831826 0.022222222222222223 0.03333333333333333
0 0.5220340770340769 0.24633782883782876 0.022222222222222223 0.03333333333333333
0 0.5180380730380729 0.2343498168498168 0.022222222222222223 0.03333333333333333
0 0.5330230880230878 0.2590750915750915 0.022222222222222223 0.03333333333333333
0 0.5325235875235874 0.24633782883782876 0.022222222222222223 0.03333333333333333
0 0.5420140970140969 0.254579587079587 0.022222222222222223 0.03333333333333333
0 0.5430130980130978 0.2440900765900765 0.022222222222222223 0.03333333333333333
0 0.5440120990120989 0.2268573093573093 0.022222222222222223 0.03333333333333333
0 0.5485076035076034 0.23959457209457202 0.022222222222222223 0.03333333333333333
0 0.5515046065046063 0.21561854811854805 0.022222222222222223 0.03333333333333333
0 0.5599961149961148 0.22760656010656002 0.022222222222222223 0.03333333333333333
0 0.5569991119991119 0.23959457209457202 0.022222222222222223 0.03333333333333333
0 0.5599961149961148 0.24783633033633024 0.022222222222222223 0.03333333333333333
0 0.5500061050061048 0.254579587079587 0.022222222222222223 0.03333333333333333
0 0.5405155955155954 0.275558608058608 0.022222222222222223 0.03333333333333333
0 0.5495066045066044 0.1908932733932733 0.022222222222222223 0.03333333333333333
0 0.5390170940170939 0.1931410256410256 0.022222222222222223 0.03333333333333333
0 0.5355205905205904 0.16841575091575084 0.022222222222222223 0.03333333333333333
0 0.5395165945165943 0.15792624042624037 0.022222222222222223 0.03333333333333333
0 0.530026085026085 0.14743672993672988 0.022222222222222223 0.03333333333333333
0 0.5410150960150959 0.13619796869796863 0.022222222222222223 0.03333333333333333
0 0.5340220890220889 0.11971445221445218 0.022222222222222223 0.03333333333333333
0 0.5250310800310799 0.11521894771894764 0.022222222222222223 0.03333333333333333
0 0.5290270840270839 0.0987354312354312 0.022222222222222223 0.03333333333333333
0 0.5345215895215893 0.0792549117549117 0.022222222222222223 0.03333333333333333
0 0.46209401709401693 0.11147269397269392 0.022222222222222223 0.03333333333333333
0 0.5674886224886223 0.2560780885780885 0.022222222222222223 0.03333333333333333
0 0.5769791319791318 0.2478363303363303 0.022222222222222223 0.03333333333333333
0 0.5774786324786323 0.23959457209457208 0.022222222222222223 0.03333333333333333
0 0.5724836274836272 0.23060356310356306 0.022222222222222223 0.03333333333333333
0 0.5729831279831279 0.2216125541125541 0.022222222222222223 0.03333333333333333
0 0.5664896214896213 0.21037379287379285 0.022222222222222223 0.03333333333333333
0 0.5639921189921188 0.22685730935730936 0.022222222222222223 0.03333333333333333
0 0.5584976134976133 0.20138278388278386 0.022222222222222223 0.03333333333333333
0 0.5644916194916193 0.20363053613053608 0.022222222222222223 0.03333333333333333
0 0.5729831279831279 0.1923917748917749 0.022222222222222223 0.03333333333333333
0 0.5480081030081028 0.17366050616050616 0.022222222222222223 0.03333333333333333
0 0.5490071040071038 0.16017399267399265 0.022222222222222223 0.03333333333333333
0 0.5465096015096014 0.14968448218448224 0.022222222222222223 0.03333333333333333
0 0.5609951159951158 0.1631709956709957 0.022222222222222223 0.03333333333333333
0 0.5704856254856253 0.18265151515151515 0.022222222222222223 0.03333333333333333
0 0.5624936174936173 0.19314102564102564 0.022222222222222223 0.03333333333333333
0 0.5819741369741367 0.23210206460206456 0.022222222222222223 0.03333333333333333
0 0.5949611499611499 0.22535880785880782 0.022222222222222223 0.03333333333333333
0 0.5919641469641468 0.23434981684981684 0.022222222222222223 0.03333333333333333
0 0.5889671439671438 0.24259157509157503 0.022222222222222223 0.03333333333333333
0 0.5854706404706403 0.25158258408258405 0.022222222222222223 0.03333333333333333
0 0.6114446664446662 0.23659756909756907 0.022222222222222223 0.03333333333333333
0 0.5989571539571537 0.24259157509157503 0.022222222222222223 0.03333333333333333
0 0.6044516594516594 0.23809607059607055 0.022222222222222223 0.03333333333333333
0 0.6104456654456653 0.24858558108558104 0.022222222222222223 0.03333333333333333
0 0.6209351759351757 0.2598243423243423 0.022222222222222223 0.03333333333333333
0 0.6269291819291817 0.25457958707958706 0.022222222222222223 0.03333333333333333
0 0.6299261849261848 0.24259157509157503 0.022222222222222223 0.03333333333333333
0 0.6234326784326781 0.24259157509157503 0.022222222222222223 0.03333333333333333
0 0.6189371739371737 0.23210206460206456 0.022222222222222223 0.03333333333333333
0 0.6389171939171937 0.23434981684981684 0.022222222222222223 0.03333333333333333
0 0.6409151959151957 0.24259157509157503 0.022222222222222223 0.03333333333333333
0 0.6479082029082027 0.23959457209457208 0.022222222222222223 0.03333333333333333
0 0.6529032079032077 0.2478363303363303 0.022222222222222223 0.03333333333333333
0 0.6588972138972137 0.24558857808857804 0.022222222222222223 0.03333333333333333
0 0.6583977133977132 0.23584831834831832 0.022222222222222223 0.03333333333333333
0 0.6728832278832276 0.2373468198468198 0.022222222222222223 0.03333333333333333
0 0.6743817293817291 0.22236180486180482 0.022222222222222223 0.03333333333333333
0 0.6663897213897212 0.2201140526140526 0.022222222222222223 0.03333333333333333
0 0.6439121989121988 0.20587828837828837 0.022222222222222223 0.03333333333333333
0 0.6339221889221887 0.21786630036630034 0.022222222222222223 0.03333333333333333
0 0.6314246864246863 0.20737678987678984 0.022222222222222223 0.03333333333333333
0 0.6244316794316792 0.19988428238428238 0.022222222222222223 0.03333333333333333
0 0.6169391719391717 0.2051290376290376 0.022222222222222223 0.03333333333333333
0 0.6079481629481628 0.1991350316350316 0.022222222222222223 0.03333333333333333
0 0.6029531579531577 0.1908932733932734 0.022222222222222223 0.03333333333333333
0 0.6124436674436672 0.18489926739926738 0.022222222222222223 0.03333333333333333
0 0.5939621489621488 0.1744097569097569 0.022222222222222223 0.03333333333333333
0 0.5859701409701408 0.18040376290376287 0.022222222222222223 0.03333333333333333
0 0.5864696414696412 0.1886455211455211 0.022222222222222223 0.03333333333333333
0 0.5894666444666442 0.1923917748917749 0.022222222222222223 0.03333333333333333
0 0.5909651459651458 0.21786630036630034 0.022222222222222223 0.03333333333333333
0 0.6064496614496612 0.22460955710955707 0.022222222222222223 0.03333333333333333
0 0.5869691419691417 0.16691724941724942 0.022222222222222223 0.03333333333333333
0 0.5744816294816293 0.15942474192474193 0.022222222222222223 0.03333333333333333
0 0.5769791319791318 0.1444397269397269 0.022222222222222223 0.03333333333333333
0 0.5629931179931178 0.14668747918747915 0.022222222222222223 0.03333333333333333
0 0.5545016095016093 0.14668747918747915 0.022222222222222223 0.03333333333333333
0 0.5490071040071038 0.1376964701964702 0.022222222222222223 0.03333333333333333
0 0.5555006105006103 0.12870546120546122 0.022222222222222223 0.03333333333333333
0 0.5490071040071038 0.12046370296370298 0.022222222222222223 0.03333333333333333
0 0.5545016095016093 0.10772644022644026 0.022222222222222223 0.03333333333333333
0 0.5425135975135973 0.09948468198468201 0.022222222222222223 0.03333333333333333
0 0.5450111000110999 0.08674741924741927 0.022222222222222223 0.03333333333333333
0 0.5564996114996114 0.08674741924741927 0.022222222222222223 0.03333333333333333
0 0.5490071040071038 0.0800041625041625 0.022222222222222223 0.03333333333333333
0 0.5669891219891219 0.08449966699966703 0.022222222222222223 0.03333333333333333
0 0.5674886224886223 0.10847569097569097 0.022222222222222223 0.03333333333333333
0 0.5754806304806304 0.10173243423243425 0.022222222222222223 0.03333333333333333
0 0.5729831279831279 0.1212129537129537 0.022222222222222223 0.03333333333333333
0 0.5729831279831279 0.12870546120546122 0.022222222222222223 0.03333333333333333
0 0.5849711399711398 0.12271145521145523 0.022222222222222223 0.03333333333333333
0 0.5909651459651458 0.1332009657009657 0.022222222222222223 0.03333333333333333
0 0.5959601509601509 0.11671744921744921 0.022222222222222223 0.03333333333333333
0 0.6009551559551558 0.12945471195471195 0.022222222222222223 0.03333333333333333
0 0.5954606504606502 0.15942474192474193 0.022222222222222223 0.03333333333333333
0 0.6034526584526584 0.14968448218448224 0.022222222222222223 0.03333333333333333
0 0.6129431679431678 0.1646694971694972 0.022222222222222223 0.03333333333333333
0 0.6094466644466643 0.14893523143523138 0.022222222222222223 0.03333333333333333
0 0.6379181929181926 0.17590825840825838 0.022222222222222223 0.03333333333333333
0 0.6349211899211897 0.19463952713952712 0.022222222222222223 0.03333333333333333
0 0.6239321789321788 0.1886455211455211 0.022222222222222223 0.03333333333333333
0 0.6474087024087022 0.1789052614052614 0.022222222222222223 0.03333333333333333
0 0.6539022089022086 0.1856485181485181 0.022222222222222223 0.03333333333333333
0 0.6603957153957153 0.20288128538128536 0.022222222222222223 0.03333333333333333
0 0.6529032079032077 0.2298543123543123 0.022222222222222223 0.03333333333333333
0 0.6793767343767341 0.20437978687978686 0.022222222222222223 0.03333333333333333
0 0.6693867243867242 0.19463952713952712 0.022222222222222223 0.03333333333333333
0 0.6658902208902207 0.1714127539127539 0.022222222222222223 0.03333333333333333
0 0.6588972138972137 0.17366050616050616 0.022222222222222223 0.03333333333333333
0 0.6588972138972137 0.15567848817848817 0.022222222222222223 0.03333333333333333
0 0.6489072039072037 0.14893523143523138 0.022222222222222223 0.03333333333333333
0 0.6429131979131977 0.15268148518148517 0.022222222222222223 0.03333333333333333
0 0.6349211899211897 0.15118298368298363 0.022222222222222223 0.03333333333333333
0 0.6284276834276832 0.15268148518148517 0.022222222222222223 0.03333333333333333
0 0.6304256854256852 0.14668747918747915 0.022222222222222223 0.03333333333333333
0 0.6329231879231878 0.13919497169497172 0.022222222222222223 0.03333333333333333
0 0.6219341769341767 0.12870546120546122 0.022222222222222223 0.03333333333333333
0 0.6154406704406703 0.1257084582084582 0.022222222222222223 0.03333333333333333
0 0.5734826284826282 0.07775641025641025 0.022222222222222223 0.03333333333333333
0 0.5719841269841268 0.06801615051615054 0.022222222222222223 0.03333333333333333
0 0.5540021090021088 0.07251165501165502 0.022222222222222223 0.03333333333333333
0 0.5659901209901208 0.060523643023643006 0.022222222222222223 0.03333333333333333
0 0.5814746364746364 0.08674741924741927 0.022222222222222223 0.03333333333333333
0 0.5824736374736373 0.09573842823842824 0.022222222222222223 0.03333333333333333
0 0.6054506604506602 0.10248168498168496 0.022222222222222223 0.03333333333333333
0 0.6104456654456653 0.09573842823842824 0.022222222222222223 0.03333333333333333
0 0.6049511599511598 0.08300116550116551 0.022222222222222223 0.03333333333333333
0 0.6009551559551558 0.07475940725940726 0.022222222222222223 0.03333333333333333
0 0.5949611499611499 0.07775641025641025 0.022222222222222223 0.03333333333333333
0 0.5934626484626483 0.07026390276390278 0.022222222222222223 0.03333333333333333
0 0.5889671439671438 0.06801615051615054 0.022222222222222223 0.03333333333333333
0 0.5909651459651458 0.05677738927738934 0.022222222222222223 0.03333333333333333
0 0.5794766344766342 0.059774392274392296 0.022222222222222223 0.03333333333333333
0 0.5769791319791318 0.044040126540126616 0.022222222222222223 0.03333333333333333
0 0.5839721389721388 0.04179237429237427 0.022222222222222223 0.03333333333333333
0 0.5864696414696412 0.03280136530136531 0.022222222222222223 0.03333333333333333
0 0.5275285825285824 0.05902514152514158 0.022222222222222223 0.03333333333333333
0 0.5360200910200908 0.0492848817848818 0.022222222222222223 0.03333333333333333
0 0.5250310800310798 0.04628787878787886 0.022222222222222223 0.03333333333333333
0 0.5180380730380729 0.03579836829836836 0.022222222222222223 0.03333333333333333
0 0.5045515595515594 0.026058108558108587 0.022222222222222223 0.03333333333333333
0 0.49755855255855236 0.02081335331335329 0.022222222222222223 0.03333333333333333
0 0.5105455655455653 0.014819347319347382 0.022222222222222223 0.03333333333333333
0 0.5030530580530579 0.01182234432234433 0.022222222222222223 0.03333333333333333
0 0.49905705405705386 0.008825341325341374 0.022222222222222223 0.03333333333333333
0 0.5110450660450658 0.006577589077589134 0.022222222222222223 0.03333333333333333
0 0.5190370740370739 0.01182234432234433 0.022222222222222223 0.03333333333333333
0 0.5210350760350758 0.02231185481185482 0.022222222222222223 0.03333333333333333
0 0.5250310800310798 0.014819347319347382 0.022222222222222223 0.03333333333333333
0 0.5285275835275833 0.019314851814851864 0.022222222222222223 0.03333333333333333
0 0.5290270840270838 0.029804362304362352 0.022222222222222223 0.03333333333333333
0 0.5250310800310798 0.033550616050616024 0.022222222222222223 0.03333333333333333
0 0.5350210900210899 0.021562604062604105 0.022222222222222223 0.03333333333333333
0 0.5305255855255853 0.01182234432234433 0.022222222222222223 0.03333333333333333
0 0.5450111000110999 0.02905511155511154 0.022222222222222223 0.03333333333333333
0 0.5470091020091018 0.03579836829836836 0.022222222222222223 0.03333333333333333
0 0.5430130980130978 0.04628787878787886 0.022222222222222223 0.03333333333333333
0 0.5420140970140969 0.014070096570096571 0.022222222222222223 0.03333333333333333
0 0.5470091020091018 0.019314851814851864 0.022222222222222223 0.03333333333333333
0 0.5550011100011099 0.02755661005661011 0.022222222222222223 0.03333333333333333
0 0.5540021090021088 0.04778638028638028 0.022222222222222223 0.03333333333333333
0 0.5560001110001108 0.03879537129537131 0.022222222222222223 0.03333333333333333
0 0.5609951159951158 0.044789377289377326 0.022222222222222223 0.03333333333333333
0 0.5669891219891219 0.019314851814851864 0.022222222222222223 0.03333333333333333
0 0.5609951159951158 0.012571595071595141 0.022222222222222223 0.03333333333333333
0 0.5560001110001108 0.013320845820845856 0.022222222222222223 0.03333333333333333
0 0.5515046065046063 0.011073093573093615 0.022222222222222223 0.03333333333333333
0 0.6059501609501607 0.055278887778887814 0.022222222222222223 0.03333333333333333
0 0.5994566544566543 0.03954462204462203 0.022222222222222223 0.03333333333333333
0 0.5959601509601509 0.03205211455211459 0.022222222222222223 0.03333333333333333
0 0.6104456654456653 0.03280136530136531 0.022222222222222223 0.03333333333333333
0 0.6119441669441669 0.07775641025641025 0.022222222222222223 0.03333333333333333
0 0.6154406704406703 0.06801615051615054 0.022222222222222223 0.03333333333333333
0 0.6249311799311797 0.06651764901764902 0.022222222222222223 0.03333333333333333
0 0.6184376734376732 0.08375041625041622 0.022222222222222223 0.03333333333333333
0 0.6189371739371737 0.09873543123543124 0.022222222222222223 0.03333333333333333
0 0.6314246864246863 0.11372044622044622 0.022222222222222223 0.03333333333333333
0 0.6329231879231878 0.09274142524142528 0.022222222222222223 0.03333333333333333
0 0.6234326784326781 0.09873543123543124 0.022222222222222223 0.03333333333333333
0 0.6384176934176933 0.1069771894771895 0.022222222222222223 0.03333333333333333
0 0.6399161949161948 0.1242099567099567 0.022222222222222223 0.03333333333333333
0 0.6449111999111997 0.1069771894771895 0.022222222222222223 0.03333333333333333
0 0.6484077034077033 0.1257084582084582 0.022222222222222223 0.03333333333333333
0 0.6534027084027082 0.13694721944721944 0.022222222222222223 0.03333333333333333
0 0.6633927183927181 0.1302039627039627 0.022222222222222223 0.03333333333333333
0 0.6623937173937171 0.1212129537129537 0.022222222222222223 0.03333333333333333
0 0.6678882228882228 0.10922494172494174 0.022222222222222223 0.03333333333333333
0 0.6603957153957153 0.09423992673992672 0.022222222222222223 0.03333333333333333
0 0.6623937173937171 0.08524891774891775 0.022222222222222223 0.03333333333333333
0 0.6663897213897212 0.07475940725940726 0.022222222222222223 0.03333333333333333
0 0.6529032079032077 0.07850566100566103 0.022222222222222223 0.03333333333333333
0 0.6439121989121988 0.090493672993673 0.022222222222222223 0.03333333333333333
0 0.6384176934176933 0.0800041625041625 0.022222222222222223 0.03333333333333333
0 0.6439121989121988 0.06801615051615054 0.022222222222222223 0.03333333333333333
0 0.6389171939171937 0.06801615051615054 0.022222222222222223 0.03333333333333333
0 0.6324236874236873 0.07251165501165502 0.022222222222222223 0.03333333333333333
0 0.6274286824286822 0.057526640026640055 0.022222222222222223 0.03333333333333333
0 0.6274286824286822 0.044789377289377326 0.022222222222222223 0.03333333333333333
0 0.6184376734376732 0.03504911754911755 0.022222222222222223 0.03333333333333333
0 0.6793767343767343 0.23509906759906754 0.022222222222222223 0.03333333333333333
0 0.6903657453657452 0.23360056610056606 0.022222222222222223 0.03333333333333333
0 0.6873687423687422 0.24933483183483182 0.022222222222222223 0.03333333333333333
0 0.6943617493617492 0.24858558108558104 0.022222222222222223 0.03333333333333333
0 0.6998562548562548 0.24409007659007656 0.022222222222222223 0.03333333333333333
0 0.6968592518592517 0.23584831834831832 0.022222222222222223 0.03333333333333333
0 0.7008552558552558 0.23210206460206456 0.022222222222222223 0.03333333333333333
0 0.6948612498612498 0.22760656010656008 0.022222222222222223 0.03333333333333333
0 0.6888672438672439 0.2156185481185481 0.022222222222222223 0.03333333333333333
0 0.6883677433677432 0.19763653013653013 0.022222222222222223 0.03333333333333333
0 0.6988572538572537 0.20363053613053608 0.022222222222222223 0.03333333333333333
0 0.7018542568542567 0.1961380286380286 0.022222222222222223 0.03333333333333333
0 0.7068492618492618 0.21187229437229432 0.022222222222222223 0.03333333333333333
0 0.7058502608502608 0.2201140526140526 0.022222222222222223 0.03333333333333333
0 0.7133427683427683 0.2231110556110556 0.022222222222222223 0.03333333333333333
0 0.7288272838272838 0.24109307359307355 0.022222222222222223 0.03333333333333333
0 0.7173387723387722 0.23884532134532133 0.022222222222222223 0.03333333333333333
0 0.7248312798312797 0.2216125541125541 0.022222222222222223 0.03333333333333333
0 0.7198362748362747 0.20138278388278386 0.022222222222222223 0.03333333333333333
0 0.6938622488622488 0.1863977688977689 0.022222222222222223 0.03333333333333333
0 0.6878682428682428 0.17590825840825838 0.022222222222222223 0.03333333333333333
0 0.6888672438672439 0.1684157509157509 0.022222222222222223 0.03333333333333333
0 0.6768792318792318 0.14144272394272397 0.022222222222222223 0.03333333333333333
0 0.6838722388722388 0.1376964701964702 0.022222222222222223 0.03333333333333333
0 0.6748812298812297 0.1302039627039627 0.022222222222222223 0.03333333333333333
0 0.6703857253857253 0.14668747918747915 0.022222222222222223 0.03333333333333333
0 0.6803757353757354 0.15642773892773892 0.022222222222222223 0.03333333333333333
0 0.6788772338772338 0.1886455211455211 0.022222222222222223 0.03333333333333333
0 0.6713847263847262 0.17216200466200468 0.022222222222222223 0.03333333333333333
0 0.6983577533577533 0.15942474192474193 0.022222222222222223 0.03333333333333333
0 0.6913647463647463 0.14818598068598068 0.022222222222222223 0.03333333333333333
0 0.7028532578532577 0.1384457209457209 0.022222222222222223 0.03333333333333333
0 0.6963597513597513 0.12645770895770894 0.022222222222222223 0.03333333333333333
0 0.7093467643467642 0.1639202464202464 0.022222222222222223 0.03333333333333333
0 0.7143417693417693 0.17665750915750913 0.022222222222222223 0.03333333333333333
0 0.7048512598512598 0.17665750915750913 0.022222222222222223 0.03333333333333333
0 0.6963597513597513 0.17291125541125538 0.022222222222222223 0.03333333333333333
0 0.7248312798312797 0.1908932733932734 0.022222222222222223 0.03333333333333333
0 0.7178382728382727 0.19014402264402264 0.022222222222222223 0.03333333333333333
0 0.7248312798312797 0.1684157509157509 0.022222222222222223 0.03333333333333333
0 0.7168392718392718 0.16167249417249419 0.022222222222222223 0.03333333333333333
0 0.7318242868242867 0.14518897768897768 0.022222222222222223 0.03333333333333333
0 0.7358202908202907 0.1317024642024642 0.022222222222222223 0.03333333333333333
0 0.7363197913197913 0.15343073593073592 0.022222222222222223 0.03333333333333333
0 0.7368192918192916 0.16167249417249419 0.022222222222222223 0.03333333333333333
0 0.7398162948162947 0.17665750915750913 0.022222222222222223 0.03333333333333333
0 0.7433127983127982 0.17965451215451214 0.022222222222222223 0.03333333333333333
0 0.7388172938172938 0.1953887778887779 0.022222222222222223 0.03333333333333333
0 0.7318242868242867 0.17965451215451214 0.022222222222222223 0.03333333333333333
0 0.7403157953157952 0.2096245421245421 0.022222222222222223 0.03333333333333333
0 0.7333227883227882 0.21112304362304363 0.022222222222222223 0.03333333333333333
0 0.7443117993117991 0.22460955710955707 0.022222222222222223 0.03333333333333333
0 0.7408152958152957 0.23060356310356306 0.022222222222222223 0.03333333333333333
0 0.7468093018093017 0.24109307359307355 0.022222222222222223 0.03333333333333333
0 0.7642918192918192 0.23360056610056606 0.022222222222222223 0.03333333333333333
0 0.7558003108003107 0.23360056610056606 0.022222222222222223 0.03333333333333333
0 0.7523038073038072 0.22460955710955707 0.022222222222222223 0.03333333333333333
0 0.7627933177933177 0.19763653013653013 0.022222222222222223 0.03333333333333333
0 0.7533028083028083 0.2021320346320346 0.022222222222222223 0.03333333333333333
0 0.7463098013098012 0.19763653013653013 0.022222222222222223 0.03333333333333333
0 0.7503058053058052 0.17665750915750913 0.022222222222222223 0.03333333333333333
0 0.7597963147963147 0.1744097569097569 0.022222222222222223 0.03333333333333333
0 0.7523038073038072 0.1579262404262404 0.022222222222222223 0.03333333333333333
0 0.7637923187923187 0.1646694971694972 0.022222222222222223 0.03333333333333333
0 0.7483078033078032 0.1376964701964702 0.022222222222222223 0.03333333333333333
0 0.7138422688422686 0.12645770895770894 0.022222222222222223 0.03333333333333333
0 0.7128432678432677 0.1376964701964702 0.022222222222222223 0.03333333333333333
0 0.7078482628482627 0.12870546120546122 0.022222222222222223 0.03333333333333333
0 0.7088472638472636 0.1047294372294372 0.022222222222222223 0.03333333333333333
0 0.7048512598512598 0.08974442224442224 0.022222222222222223 0.03333333333333333
0 0.6848712398712398 0.1212129537129537 0.022222222222222223 0.03333333333333333
0 0.6908652458652457 0.11072344322344321 0.022222222222222223 0.03333333333333333
0 0.6888672438672439 0.08974442224442224 0.022222222222222223 0.03333333333333333
0 0.6613947163947161 0.05378038628038628 0.022222222222222223 0.03333333333333333
0 0.6549012099012099 0.05378038628038628 0.022222222222222223 0.03333333333333333
0 0.6509052059052058 0.02231185481185482 0.022222222222222223 0.03333333333333333
0 0.6568992118992117 0.029804362304362352 0.022222222222222223 0.03333333333333333
0 0.6424136974136974 0.03504911754911755 0.022222222222222223 0.03333333333333333
0 0.6369191919191918 0.03429986679986683 0.022222222222222223 0.03333333333333333
0 0.6424136974136974 0.023810356310356346 0.022222222222222223 0.03333333333333333
0 0.6249311799311799 0.0268073593073593 0.022222222222222223 0.03333333333333333
0 0.6194366744366744 0.00957459207459209 0.022222222222222223 0.03333333333333333
0 0.6109451659451659 0.014819347319347382 0.022222222222222223 0.03333333333333333
0 0.5989571539571538 0.008825341325341374 0.022222222222222223 0.03333333333333333
0 0.5949611499611499 0.014819347319347382 0.022222222222222223 0.03333333333333333
0 0.5844716394716394 0.008825341325341374 0.022222222222222223 0.03333333333333333
0 0.5799761349761348 0.02231185481185482 0.022222222222222223 0.03333333333333333
0 0.7677883227883227 0.20437978687978686 0.022222222222222223 0.03333333333333333
0 0.7627933177933177 0.21486929736929733 0.022222222222222223 0.03333333333333333
0 0.7647913197913195 0.22086330336330334 0.022222222222222223 0.03333333333333333
0 0.7807753357753356 0.22610805860805858 0.022222222222222223 0.03333333333333333
0 0.7912648462648462 0.22460955710955707 0.022222222222222223 0.03333333333333333
0 0.7972588522588522 0.2231110556110556 0.022222222222222223 0.03333333333333333
0 0.7992568542568541 0.21262154512154507 0.022222222222222223 0.03333333333333333
0 0.7917643467643466 0.20363053613053608 0.022222222222222223 0.03333333333333333
0 0.7932628482628482 0.18340076590076587 0.022222222222222223 0.03333333333333333
0 0.7922638472638472 0.17216200466200468 0.022222222222222223 0.03333333333333333
0 0.7867693417693415 0.17366050616050616 0.022222222222222223 0.03333333333333333
0 0.7822738372738371 0.1886455211455211 0.022222222222222223 0.03333333333333333
0 0.7777783327783327 0.19763653013653013 0.022222222222222223 0.03333333333333333
0 0.7717843267843266 0.18040376290376287 0.022222222222222223 0.03333333333333333
0 0.7667893217893218 0.17216200466200468 0.022222222222222223 0.03333333333333333
0 0.7767793317793317 0.1684157509157509 0.022222222222222223 0.03333333333333333
0 0.7752808302808303 0.15942474192474193 0.022222222222222223 0.03333333333333333
0 0.7807753357753356 0.14818598068598068 0.022222222222222223 0.03333333333333333
0 0.7672888222888221 0.14144272394272397 0.022222222222222223 0.03333333333333333
0 0.7587973137973136 0.14518897768897768 0.022222222222222223 0.03333333333333333
0 0.7687873237873236 0.12346070596070594 0.022222222222222223 0.03333333333333333
0 0.7727833277833277 0.11821595071595074 0.022222222222222223 0.03333333333333333
0 0.7847713397713397 0.1332009657009657 0.022222222222222223 0.03333333333333333
0 0.7567993117993117 0.1302039627039627 0.022222222222222223 0.03333333333333333
0 0.7592968142968142 0.1384457209457209 0.022222222222222223 0.03333333333333333
0 0.7188372738372737 0.09948468198468201 0.022222222222222223 0.03333333333333333
0 0.7143417693417693 0.08449966699966703 0.022222222222222223 0.03333333333333333
0 0.7123437673437673 0.06951465201465207 0.022222222222222223 0.03333333333333333
0 0.7053507603507602 0.07625790875790879 0.022222222222222223 0.03333333333333333
0 0.6933627483627482 0.08449966699966703 0.022222222222222223 0.03333333333333333
0 0.6908652458652457 0.07176240426240431 0.022222222222222223 0.03333333333333333
0 0.6708852258852258 0.08150266400266398 0.022222222222222223 0.03333333333333333
0 0.6743817293817294 0.07251165501165502 0.022222222222222223 0.03333333333333333
0 0.6723837273837272 0.09798618048618048 0.022222222222222223 0.03333333333333333
0 0.6908652458652457 0.05677738927738934 0.022222222222222223 0.03333333333333333
0 0.6898662448662448 0.04703712953712957 0.022222222222222223 0.03333333333333333
0 0.6803757353757354 0.04628787878787886 0.022222222222222223 0.03333333333333333
0 0.6708852258852258 0.042541625041625085 0.022222222222222223 0.03333333333333333
0 0.6733827283827283 0.050783383283383325 0.022222222222222223 0.03333333333333333
0 0.6758802308802307 0.03130286380286388 0.022222222222222223 0.03333333333333333
0 0.6608952158952158 0.03879537129537131 0.022222222222222223 0.03333333333333333
0 0.6603957153957153 0.0103238428238429 0.022222222222222223 0.03333333333333333
0 0.6479082029082028 0.005828338328338322 0.022222222222222223 0.03333333333333333
0 0.6334226884226883 0.007326839826839849 0.022222222222222223 0.03333333333333333
0 0.6379181929181929 0.01182234432234433 0.022222222222222223 0.03333333333333333
0 0.6349211899211897 0.02231185481185482 0.022222222222222223 0.03333333333333333
0 0.835970140970141 0.24109307359307355 0.022222222222222223 0.03333333333333333
0 0.8324736374736376 0.22760656010656008 0.022222222222222223 0.03333333333333333
0 0.8159901209901209 0.23360056610056606 0.022222222222222223 0.03333333333333333
0 0.8204856254856255 0.23509906759906754 0.022222222222222223 0.03333333333333333
0 0.8000061050061049 0.23360056610056606 0.022222222222222223 0.03333333333333333
0 0.806999111999112 0.22760656010656008 0.022222222222222223 0.03333333333333333
0 0.808997113997114 0.21262154512154507 0.022222222222222223 0.03333333333333333
0 0.8154906204906205 0.21711704961704958 0.022222222222222223 0.03333333333333333
0 0.820985125985126 0.21412004662004658 0.022222222222222223 0.03333333333333333
0 0.8134926184926184 0.19838578088578085 0.022222222222222223 0.03333333333333333
0 0.806000111000111 0.1886455211455211 0.022222222222222223 0.03333333333333333
0 0.797009102009102 0.17665750915750913 0.022222222222222223 0.03333333333333333
0 0.81499111999112 0.17815601065601064 0.022222222222222223 0.03333333333333333
0 0.8045016095016094 0.16017399267399265 0.022222222222222223 0.03333333333333333
0 0.8154906204906205 0.18939477189477186 0.022222222222222223 0.03333333333333333
0 0.8264796314796314 0.19463952713952712 0.022222222222222223 0.03333333333333333
0 0.82498112998113 0.1878962703962704 0.022222222222222223 0.03333333333333333
0 0.8344716394716395 0.18939477189477186 0.022222222222222223 0.03333333333333333
0 0.8344716394716395 0.20363053613053608 0.022222222222222223 0.03333333333333333
0 0.8424636474636474 0.1923917748917749 0.022222222222222223 0.03333333333333333
0 0.8474586524586524 0.19463952713952712 0.022222222222222223 0.03333333333333333
0 0.8449611499611499 0.2051290376290376 0.022222222222222223 0.03333333333333333
0 0.839966144966145 0.21861555111555112 0.022222222222222223 0.03333333333333333
0 0.8504556554556555 0.21112304362304363 0.022222222222222223 0.03333333333333333
0 0.8569491619491619 0.22460955710955707 0.022222222222222223 0.03333333333333333
0 0.8469591519591521 0.22835581085581083 0.022222222222222223 0.03333333333333333
0 0.863942168942169 0.22460955710955707 0.022222222222222223 0.03333333333333333
0 0.8594466644466644 0.2096245421245421 0.022222222222222223 0.03333333333333333
0 0.8669391719391718 0.21486929736929733 0.022222222222222223 0.03333333333333333
0 0.8709351759351759 0.20288128538128536 0.022222222222222223 0.03333333333333333
0 0.8704356754356755 0.18939477189477186 0.022222222222222223 0.03333333333333333
0 0.8594466644466644 0.1916425241425241 0.022222222222222223 0.03333333333333333
0 0.8569491619491619 0.17965451215451214 0.022222222222222223 0.03333333333333333
0 0.845960150960151 0.17815601065601064 0.022222222222222223 0.03333333333333333
0 0.8414646464646464 0.1646694971694972 0.022222222222222223 0.03333333333333333
0 0.8364696414696414 0.16167249417249419 0.022222222222222223 0.03333333333333333
0 0.8274786324786325 0.1744097569097569 0.022222222222222223 0.03333333333333333
0 0.8154906204906205 0.1586754911754912 0.022222222222222223 0.03333333333333333
0 0.7995066045066046 0.14893523143523138 0.022222222222222223 0.03333333333333333
0 0.7930130980130979 0.13694721944721944 0.022222222222222223 0.03333333333333333
0 0.7995066045066046 0.12945471195471195 0.022222222222222223 0.03333333333333333
0 0.7930130980130979 0.1242099567099567 0.022222222222222223 0.03333333333333333
0 0.7815245865245866 0.11671744921744921 0.022222222222222223 0.03333333333333333
0 0.7510550560550561 0.11671744921744921 0.022222222222222223 0.03333333333333333
0 0.7510550560550561 0.10248168498168496 0.022222222222222223 0.03333333333333333
0 0.7470590520590521 0.10173243423243425 0.022222222222222223 0.03333333333333333
0 0.7395665445665446 0.09274142524142528 0.022222222222222223 0.03333333333333333
0 0.7290770340770342 0.10173243423243425 0.022222222222222223 0.03333333333333333
0 0.7305755355755356 0.07475940725940726 0.022222222222222223 0.03333333333333333
0 0.7190870240870241 0.07326090576090584 0.022222222222222223 0.03333333333333333
0 0.7205855255855256 0.06277139527139525 0.022222222222222223 0.03333333333333333
0 0.7090970140970141 0.05677738927738934 0.022222222222222223 0.03333333333333333
0 0.7001060051060051 0.06202214452214454 0.022222222222222223 0.03333333333333333
0 0.6931129981129981 0.06277139527139525 0.022222222222222223 0.03333333333333333
0 0.7031030081030081 0.0492848817848818 0.022222222222222223 0.03333333333333333
0 0.6996065046065046 0.029804362304362352 0.022222222222222223 0.03333333333333333
0 0.682123987123987 0.03130286380286388 0.022222222222222223 0.03333333333333333
0 0.6856204906204906 0.014819347319347382 0.022222222222222223 0.03333333333333333
0 0.6721339771339772 0.011073093573093615 0.022222222222222223 0.03333333333333333
0 0.6666394716394717 0.014819347319347382 0.022222222222222223 0.03333333333333333
0 0.8219841269841269 0.1384457209457209 0.022222222222222223 0.03333333333333333
0 0.8264796314796314 0.13245171495171496 0.022222222222222223 0.03333333333333333
0 0.8064996114996115 0.1317024642024642 0.022222222222222223 0.03333333333333333
0 0.80500111000111 0.12346070596070594 0.022222222222222223 0.03333333333333333
0 0.804002109002109 0.1099741924741925 0.022222222222222223 0.03333333333333333
0 0.8000061050061049 0.11372044622044622 0.022222222222222223 0.03333333333333333
0 0.7730330780330781 0.09498917748917753 0.022222222222222223 0.03333333333333333
0 0.7605455655455656 0.08375041625041622 0.022222222222222223 0.03333333333333333
0 0.7530530580530581 0.06801615051615054 0.022222222222222223 0.03333333333333333
0 0.7445615495615496 0.06876540126540126 0.022222222222222223 0.03333333333333333
0 0.7305755355755356 0.06127289377289382 0.022222222222222223 0.03333333333333333
0 0.7250810300810301 0.050783383283383325 0.022222222222222223 0.03333333333333333
0 0.717089022089022 0.050783383283383325 0.022222222222222223 0.03333333333333333
0 0.7185875235875235 0.040293872793872844 0.022222222222222223 0.03333333333333333
0 0.7365695415695416 0.044789377289377326 0.022222222222222223 0.03333333333333333
0 0.7265795315795317 0.03879537129537131 0.022222222222222223 0.03333333333333333
0 0.7315745365745365 0.02081335331335329 0.022222222222222223 0.03333333333333333
0 0.7585475635475636 0.05677738927738934 0.022222222222222223 0.03333333333333333
0 0.7695365745365744 0.05902514152514158 0.022222222222222223 0.03333333333333333
0 0.762044067044067 0.07026390276390278 0.022222222222222223 0.03333333333333333
0 0.77503108003108 0.08150266400266398 0.022222222222222223 0.03333333333333333
0 0.779027084027084 0.06726689976689974 0.022222222222222223 0.03333333333333333
0 0.7715345765345766 0.03055361305361307 0.022222222222222223 0.03333333333333333
0 0.7630430680430681 0.029804362304362352 0.022222222222222223 0.03333333333333333
0 0.7515545565545565 0.03280136530136531 0.022222222222222223 0.03333333333333333
0 0.7410650460650461 0.03280136530136531 0.022222222222222223 0.03333333333333333
0 0.7310750360750361 0.029804362304362352 0.022222222222222223 0.03333333333333333
0 0.7150910200910201 0.02455960705960706 0.022222222222222223 0.03333333333333333
0 0.7245815295815294 0.013320845820845856 0.022222222222222223 0.03333333333333333
0 0.7250810300810301 0.005828338328338322 0.022222222222222223 0.03333333333333333
0 0.7145915195915196 0.014819347319347382 0.022222222222222223 0.03333333333333333
0 0.7056005106005107 0.014819347319347382 0.022222222222222223 0.03333333333333333
0 0.7061000111000111 0.02530885780885787 0.022222222222222223 0.03333333333333333
0 0.6931129981129981 0.014819347319347382 0.022222222222222223 0.03333333333333333
0 0.6986075036075037 0.011073093573093615 0.022222222222222223 0.03333333333333333
0 0.6901159951159952 0.005079087579087608 0.022222222222222223 0.03333333333333333
0 0.6816244866244867 0.005828338328338322 0.022222222222222223 0.03333333333333333
0 0.6611449661449661 0.02306110556110563 0.022222222222222223 0.03333333333333333
0 0.6691369741369741 0.03280136530136531 0.022222222222222223 0.03333333333333333
0 0.6706354756354758 0.023810356310356346 0.022222222222222223 0.03333333333333333
0 0.6771289821289821 0.017816350316350336 0.022222222222222223 0.03333333333333333
0 0.7310750360750361 0.12046370296370298 0.022222222222222223 0.03333333333333333
0 0.727079032079032 0.1317024642024642 0.022222222222222223 0.03333333333333333
0 0.7860200910200911 0.09948468198468201 0.022222222222222223 0.03333333333333333
0 0.797009102009102 0.09798618048618048 0.022222222222222223 0.03333333333333333
0 0.7885175935175935 0.09124292374292375 0.022222222222222223 0.03333333333333333
0 0.796010101010101 0.08225191475191479 0.022222222222222223 0.03333333333333333
0 0.7860200910200911 0.06876540126540126 0.022222222222222223 0.03333333333333333
0 0.796010101010101 0.056028138528138524 0.022222222222222223 0.03333333333333333
0 0.781025086025086 0.05677738927738934 0.022222222222222223 0.03333333333333333
0 0.7835225885225885 0.044789377289377326 0.022222222222222223 0.03333333333333333
0 0.779027084027084 0.03579836829836836 0.022222222222222223 0.03333333333333333
0 0.7775285825285826 0.026058108558108587 0.022222222222222223 0.03333333333333333
0 0.789017094017094 0.03130286380286388 0.022222222222222223 0.03333333333333333
0 0.7925135975135975 0.042541625041625085 0.022222222222222223 0.03333333333333333
0 0.8015046065046064 0.04179237429237427 0.022222222222222223 0.03333333333333333
0 0.812993117993118 0.04778638028638028 0.022222222222222223 0.03333333333333333
0 0.8055006105006105 0.054529637029637 0.022222222222222223 0.03333333333333333
0 0.804002109002109 0.08225191475191479 0.022222222222222223 0.03333333333333333
0 0.81499111999112 0.08974442224442224 0.022222222222222223 0.03333333333333333
0 0.81499111999112 0.07625790875790879 0.022222222222222223 0.03333333333333333
0 0.81499111999112 0.0657683982683983 0.022222222222222223 0.03333333333333333
0 0.8144916194916195 0.060523643023643006 0.022222222222222223 0.03333333333333333
0 0.823982128982129 0.0657683982683983 0.022222222222222223 0.03333333333333333
0 0.822983127983128 0.056028138528138524 0.022222222222222223 0.03333333333333333
0 0.833972138972139 0.07401015651015655 0.022222222222222223 0.03333333333333333
0 0.833972138972139 0.06501914751914759 0.022222222222222223 0.03333333333333333
0 0.8284776334776335 0.09873543123543124 0.022222222222222223 0.03333333333333333
0 0.820985125985126 0.11297119547119545 0.022222222222222223 0.03333333333333333
0 0.8244816294816294 0.08599816849816852 0.022222222222222223 0.03333333333333333
0 0.8384676434676436 0.096487678987679 0.022222222222222223 0.03333333333333333
0 0.8324736374736376 0.12645770895770894 0.022222222222222223 0.03333333333333333
0 0.8219841269841269 0.12196220446220446 0.022222222222222223 0.03333333333333333
0 0.852953157953158 0.15417998667998672 0.022222222222222223 0.03333333333333333
0 0.8364696414696414 0.15043373293373294 0.022222222222222223 0.03333333333333333
0 0.8234826284826284 0.15043373293373294 0.022222222222222223 0.03333333333333333
0 0.842963147963148 0.1309532134532135 0.022222222222222223 0.03333333333333333
0 0.8439621489621489 0.11446969696969699 0.022222222222222223 0.03333333333333333
0 0.8549511599511599 0.11746669996669994 0.022222222222222223 0.03333333333333333
0 0.8504556554556555 0.12870546120546122 0.022222222222222223 0.03333333333333333
0 0.8609451659451659 0.1406934731934732 0.022222222222222223 0.03333333333333333
0 0.86494116994117 0.1436904761904762 0.022222222222222223 0.03333333333333333
0 0.863942168942169 0.16017399267399265 0.022222222222222223 0.03333333333333333
0 0.8724336774336775 0.16916500166500167 0.022222222222222223 0.03333333333333333
0 0.8884176934176935 0.17590825840825838 0.022222222222222223 0.03333333333333333
0 0.865940170940171 0.17216200466200468 0.022222222222222223 0.03333333333333333
0 0.886919191919192 0.21262154512154507 0.022222222222222223 0.03333333333333333
0 0.8789271839271839 0.21711704961704958 0.022222222222222223 0.03333333333333333
0 0.8769291819291819 0.19988428238428238 0.022222222222222223 0.03333333333333333
0 0.880925185925186 0.19014402264402264 0.022222222222222223 0.03333333333333333
0 0.8884176934176935 0.1886455211455211 0.022222222222222223 0.03333333333333333
0 0.8919141969141969 0.19988428238428238 0.022222222222222223 0.03333333333333333
0 0.8999062049062049 0.20138278388278386 0.022222222222222223 0.03333333333333333
0 0.8989072039072039 0.19389027639027634 0.022222222222222223 0.03333333333333333
0 0.8989072039072039 0.18415001665001662 0.022222222222222223 0.03333333333333333
0 0.8989072039072039 0.17066350316350315 0.022222222222222223 0.03333333333333333
0 0.903902208902209 0.16017399267399265 0.022222222222222223 0.03333333333333333
0 0.9073987123987124 0.13395021645021643 0.022222222222222223 0.03333333333333333
0 0.8864196914196913 0.14593822843822846 0.022222222222222223 0.03333333333333333
0 0.8759301809301809 0.13919497169497172 0.022222222222222223 0.03333333333333333
0 0.8794266844266844 0.1242099567099567 0.022222222222222223 0.03333333333333333
0 0.8984077034077034 0.22760656010656008 0.022222222222222223 0.03333333333333333
0 0.9059002109002108 0.22535880785880782 0.022222222222222223 0.03333333333333333
0 0.9014047064047064 0.23884532134532133 0.022222222222222223 0.03333333333333333
0 0.9148912198912199 0.23584831834831832 0.022222222222222223 0.03333333333333333
0 0.9078982128982128 0.21187229437229432 0.022222222222222223 0.03333333333333333
0 0.9093967143967144 0.20063353313353313 0.022222222222222223 0.03333333333333333
0 0.9063997113997114 0.19463952713952712 0.022222222222222223 0.03333333333333333
0 0.9083977133977134 0.18265151515151515 0.022222222222222223 0.03333333333333333
0 0.9133927183927184 0.16766650016650017 0.022222222222222223 0.03333333333333333
0 0.919886224886225 0.16991425241425237 0.022222222222222223 0.03333333333333333
0 0.9223837273837274 0.1579262404262404 0.022222222222222223 0.03333333333333333
0 0.9233827283827284 0.15268148518148517 0.022222222222222223 0.03333333333333333
0 0.9318742368742369 0.15268148518148517 0.022222222222222223 0.03333333333333333
0 0.9328732378732378 0.1744097569097569 0.022222222222222223 0.03333333333333333
0 0.9268792318792318 0.16766650016650017 0.022222222222222223 0.03333333333333333
0 0.9228832278832277 0.1886455211455211 0.022222222222222223 0.03333333333333333
0 0.9298762348762348 0.21636779886779886 0.022222222222222223 0.03333333333333333
0 0.9328732378732378 0.2066275391275391 0.022222222222222223 0.03333333333333333
0 0.9283777333777334 0.1991350316350316 0.022222222222222223 0.03333333333333333
0 0.9338722388722388 0.1923917748917749 0.022222222222222223 0.03333333333333333
0 0.9383677433677433 0.19763653013653013 0.022222222222222223 0.03333333333333333
0 0.9448612498612498 0.19463952713952712 0.022222222222222223 0.03333333333333333
0 0.9358702408702408 0.22760656010656008 0.022222222222222223 0.03333333333333333
0 0.9273787323787324 0.23060356310356306 0.022222222222222223 0.03333333333333333
0 0.9158902208902209 0.22236180486180482 0.022222222222222223 0.03333333333333333
0 0.9453607503607504 0.23584831834831832 0.022222222222222223 0.03333333333333333
0 0.9498562548562548 0.23060356310356306 0.022222222222222223 0.03333333333333333
0 0.9448612498612498 0.22386030636030635 0.022222222222222223 0.03333333333333333
0 0.9478582528582529 0.2193648018648018 0.022222222222222223 0.03333333333333333
0 0.9528532578532579 0.2051290376290376 0.022222222222222223 0.03333333333333333
0 0.9548512598512598 0.19314102564102564 0.022222222222222223 0.03333333333333333
0 0.9658402708402708 0.19988428238428238 0.022222222222222223 0.03333333333333333
0 0.9593467643467642 0.20063353313353313 0.022222222222222223 0.03333333333333333
0 0.9608452658452659 0.21636779886779886 0.022222222222222223 0.03333333333333333
0 0.9708352758352758 0.23060356310356306 0.022222222222222223 0.03333333333333333
0 0.9728332778332778 0.22086330336330334 0.022222222222222223 0.03333333333333333
0 0.9748312798312799 0.2096245421245421 0.022222222222222223 0.03333333333333333
0 0.9618442668442667 0.22760656010656008 0.022222222222222223 0.03333333333333333
0 0.9843217893217894 0.23060356310356306 0.022222222222222223 0.03333333333333333
0 0.9898162948162947 0.21636779886779886 0.022222222222222223 0.03333333333333333
0 0.9823237873237872 0.21037379287379285 0.022222222222222223 0.03333333333333333
0 0.9898162948162947 0.20138278388278386 0.022222222222222223 0.03333333333333333
0 0.9668392718392718 0.19389027639027634 0.022222222222222223 0.03333333333333333
0 0.9633427683427683 0.17665750915750913 0.022222222222222223 0.03333333333333333
0 0.9793267843267843 0.18040376290376287 0.022222222222222223 0.03333333333333333
0 0.9878182928182928 0.18340076590076587 0.022222222222222223 0.03333333333333333
0 0.9928132978132979 0.1631709956709957 0.022222222222222223 0.03333333333333333
0 0.9798262848262846 0.15567848817848817 0.022222222222222223 0.03333333333333333
0 0.9858202908202909 0.15492923742923742 0.022222222222222223 0.03333333333333333
0 0.9748312798312799 0.1436904761904762 0.022222222222222223 0.03333333333333333
0 0.9633427683427683 0.14593822843822846 0.022222222222222223 0.03333333333333333
0 0.957848262848263 0.14518897768897768 0.022222222222222223 0.03333333333333333
0 0.9613447663447664 0.13469946719946718 0.022222222222222223 0.03333333333333333
0 0.9798262848262846 0.13395021645021643 0.022222222222222223 0.03333333333333333
0 0.9813247863247863 0.11821595071595074 0.022222222222222223 0.03333333333333333
0 0.9603457653457654 0.11821595071595074 0.022222222222222223 0.03333333333333333
0 0.9553507603507604 0.11222194472194474 0.022222222222222223 0.03333333333333333
0 0.9533527583527582 0.1009831834831835 0.022222222222222223 0.03333333333333333
0 0.9473587523587523 0.1047294372294372 0.022222222222222223 0.03333333333333333
0 0.9313747363747363 0.09573842823842824 0.022222222222222223 0.03333333333333333
0 0.9313747363747363 0.10323093573093574 0.022222222222222223 0.03333333333333333
0 0.9428632478632479 0.1242099567099567 0.022222222222222223 0.03333333333333333
0 0.9513547563547564 0.1257084582084582 0.022222222222222223 0.03333333333333333
0 0.9488572538572538 0.13994422244422242 0.022222222222222223 0.03333333333333333
0 0.9468592518592519 0.14968448218448224 0.022222222222222223 0.03333333333333333
0 0.9443617493617494 0.16616799866799867 0.022222222222222223 0.03333333333333333
0 0.9568492618492618 0.15343073593073592 0.022222222222222223 0.03333333333333333
0 0.9388672438672439 0.13994422244422242 0.022222222222222223 0.03333333333333333
0 0.9108952158952158 0.10847569097569097 0.022222222222222223 0.03333333333333333
0 0.8929131979131979 0.12795621045621042 0.022222222222222223 0.03333333333333333
0 0.8644416694416693 0.1099741924741925 0.022222222222222223 0.03333333333333333
0 0.8489571539571539 0.08974442224442224 0.022222222222222223 0.03333333333333333
0 0.8694366744366744 0.12720695970695972 0.022222222222222223 0.03333333333333333
0 0.863942168942169 0.1212129537129537 0.022222222222222223 0.03333333333333333
0 0.8804256854256853 0.10622793872793873 0.022222222222222223 0.03333333333333333
0 0.8784276834276834 0.08524891774891775 0.022222222222222223 0.03333333333333333
0 0.86494116994117 0.08749666999667 0.022222222222222223 0.03333333333333333
0 0.8549511599511599 0.07326090576090584 0.022222222222222223 0.03333333333333333
0 0.8509551559551559 0.07475940725940726 0.022222222222222223 0.03333333333333333
0 0.8474586524586524 0.06277139527139525 0.022222222222222223 0.03333333333333333
0 0.841964146964147 0.06127289377289382 0.022222222222222223 0.03333333333333333
0 0.840965145965146 0.07026390276390278 0.022222222222222223 0.03333333333333333
0 0.8514546564546565 0.042541625041625085 0.022222222222222223 0.03333333333333333
0 0.8434626484626484 0.03055361305361307 0.022222222222222223 0.03333333333333333
0 0.8334726384726385 0.04179237429237427 0.022222222222222223 0.03333333333333333
0 0.8324736374736376 0.029804362304362352 0.022222222222222223 0.03333333333333333
0 0.8294766344766344 0.014819347319347382 0.022222222222222223 0.03333333333333333
0 0.820985125985126 0.03055361305361307 0.022222222222222223 0.03333333333333333
0 0.8119941169941169 0.03504911754911755 0.022222222222222223 0.03333333333333333
0 0.779027084027084 0.0103238428238429 0.022222222222222223 0.03333333333333333
0 0.7825235875235876 0.004329836829836893 0.022222222222222223 0.03333333333333333
0 0.796010101010101 0.005828338328338322 0.022222222222222223 0.03333333333333333
0 0.8109951159951159 0.0103238428238429 0.022222222222222223 0.03333333333333333
0 0.8154906204906205 0.00957459207459209 0.022222222222222223 0.03333333333333333
0 0.8074986124986124 0.008825341325341374 0.022222222222222223 0.03333333333333333
0 0.806999111999112 0.02455960705960706 0.022222222222222223 0.03333333333333333
0 0.8005056055056056 0.017816350316350336 0.022222222222222223 0.03333333333333333
0 0.7435625485625487 0.013320845820845856 0.022222222222222223 0.03333333333333333
0 0.7495565545565546 0.020064102564102577 0.022222222222222223 0.03333333333333333
0 0.7595465645465646 0.013320845820845856 0.022222222222222223 0.03333333333333333
0 0.9323737373737374 0.02530885780885787 0.022222222222222223 0.03333333333333333
0 0.9188872238872239 0.023810356310356346 0.022222222222222223 0.03333333333333333
0 0.9148912198912199 0.01856560106560105 0.022222222222222223 0.03333333333333333
0 0.919886224886225 0.014070096570096571 0.022222222222222223 0.03333333333333333
0 0.9128932178932179 0.005828338328338322 0.022222222222222223 0.03333333333333333
0 0.9049012099012099 0.011073093573093615 0.022222222222222223 0.03333333333333333
0 0.8974087024087023 0.02306110556110563 0.022222222222222223 0.03333333333333333
0 0.8899161949161949 0.017816350316350336 0.022222222222222223 0.03333333333333333
0 0.8964097014097013 0.0103238428238429 0.022222222222222223 0.03333333333333333
0 0.8799261849261849 0.015568598068598097 0.022222222222222223 0.03333333333333333
0 0.87493117993118 0.01182234432234433 0.022222222222222223 0.03333333333333333
0 0.86494116994117 0.005079087579087608 0.022222222222222223 0.03333333333333333
0 0.8569491619491619 0.021562604062604105 0.022222222222222223 0.03333333333333333
0 0.8609451659451659 0.013320845820845856 0.022222222222222223 0.03333333333333333
0 0.8599461649461649 0.008076090576090565 0.022222222222222223 0.03333333333333333
0 0.8549511599511599 0.01182234432234433 0.022222222222222223 0.03333333333333333
0 0.8519541569541569 0.005828338328338322 0.022222222222222223 0.03333333333333333
0 0.8629431679431679 0.04703712953712957 0.022222222222222223 0.03333333333333333
0 0.8609451659451659 0.03504911754911755 0.022222222222222223 0.03333333333333333
0 0.8509551559551559 0.02755661005661011 0.022222222222222223 0.03333333333333333
0 0.840965145965146 0.01856560106560105 0.022222222222222223 0.03333333333333333
0 0.8449611499611499 0.04628787878787886 0.022222222222222223 0.03333333333333333
0 0.8394666444666445 0.052281884781884856 0.022222222222222223 0.03333333333333333
0 0.8629431679431679 0.06277139527139525 0.022222222222222223 0.03333333333333333
0 0.8654406704406704 0.07401015651015655 0.022222222222222223 0.03333333333333333
0 0.8709351759351759 0.07176240426240431 0.022222222222222223 0.03333333333333333
0 0.8699361749361749 0.05677738927738934 0.022222222222222223 0.03333333333333333
0 0.8764296814296815 0.050783383283383325 0.022222222222222223 0.03333333333333333
0 0.8814246864246864 0.05902514152514158 0.022222222222222223 0.03333333333333333
0 0.880925185925186 0.044789377289377326 0.022222222222222223 0.03333333333333333
0 0.8729331779331778 0.04179237429237427 0.022222222222222223 0.03333333333333333
0 0.8689371739371741 0.029804362304362352 0.022222222222222223 0.03333333333333333
0 0.881924186924187 0.03205211455211459 0.022222222222222223 0.03333333333333333
0 0.8889171939171938 0.04179237429237427 0.022222222222222223 0.03333333333333333
0 0.8894166944166945 0.03205211455211459 0.022222222222222223 0.03333333333333333
0 0.885920190920191 0.05677738927738934 0.022222222222222223 0.03333333333333333
0 0.8944116994116995 0.050783383283383325 0.022222222222222223 0.03333333333333333
0 0.8939121989121989 0.06277139527139525 0.022222222222222223 0.03333333333333333
0 0.9063997113997114 0.05677738927738934 0.022222222222222223 0.03333333333333333
0 0.9024037074037073 0.0657683982683983 0.022222222222222223 0.03333333333333333
0 0.9103957153957154 0.050783383283383325 0.022222222222222223 0.03333333333333333
0 0.9088972138972139 0.04179237429237427 0.022222222222222223 0.03333333333333333
0 0.9009052059052058 0.043290875790875795 0.022222222222222223 0.03333333333333333
0 0.8964097014097013 0.09124292374292375 0.022222222222222223 0.03333333333333333
0 0.8899161949161949 0.09873543123543124 0.022222222222222223 0.03333333333333333
0 0.88492118992119 0.08824592074592076 0.022222222222222223 0.03333333333333333
0 0.8834226884226885 0.07251165501165502 0.022222222222222223 0.03333333333333333
0 0.8894166944166945 0.08225191475191479 0.022222222222222223 0.03333333333333333
0 0.8899161949161949 0.07475940725940726 0.022222222222222223 0.03333333333333333
0 0.8994067044067043 0.07326090576090584 0.022222222222222223 0.03333333333333333
0 0.9088972138972139 0.07401015651015655 0.022222222222222223 0.03333333333333333
0 0.9054007104007105 0.08524891774891775 0.022222222222222223 0.03333333333333333
0 0.9138922188922189 0.08824592074592076 0.022222222222222223 0.03333333333333333
0 0.9163897213897215 0.07925491175491174 0.022222222222222223 0.03333333333333333
0 0.9188872238872239 0.08974442224442224 0.022222222222222223 0.03333333333333333
0 0.9068992118992119 0.096487678987679 0.022222222222222223 0.03333333333333333
0 0.9173887223887224 0.11372044622044622 0.022222222222222223 0.03333333333333333
0 0.9268792318792318 0.08375041625041622 0.022222222222222223 0.03333333333333333
0 0.9228832278832277 0.07251165501165502 0.022222222222222223 0.03333333333333333
0 0.9303757353757354 0.0710131535131535 0.022222222222222223 0.03333333333333333
0 0.9348712398712399 0.07026390276390278 0.022222222222222223 0.03333333333333333
0 0.9208852258852259 0.05677738927738934 0.022222222222222223 0.03333333333333333
0 0.9188872238872239 0.04778638028638028 0.022222222222222223 0.03333333333333333
0 0.9243817293817294 0.0380461205461206 0.022222222222222223 0.03333333333333333
0 0.9148912198912199 0.03729686979686979 0.022222222222222223 0.03333333333333333
0 0.9083977133977134 0.02755661005661011 0.022222222222222223 0.03333333333333333
0 0.941864246864247 0.0268073593073593 0.022222222222222223 0.03333333333333333
0 0.9303757353757354 0.011073093573093615 0.022222222222222223 0.03333333333333333
0 0.9308752358752359 0.005828338328338322 0.022222222222222223 0.03333333333333333
0 0.9398662448662448 0.005828338328338322 0.022222222222222223 0.03333333333333333
0 0.9468592518592519 0.017067099567099623 0.022222222222222223 0.03333333333333333
0 0.9488572538572538 0.01182234432234433 0.022222222222222223 0.03333333333333333
0 0.9528532578532579 0.02081335331335329 0.022222222222222223 0.03333333333333333
0 0.9528532578532579 0.02755661005661011 0.022222222222222223 0.03333333333333333
0 0.9563497613497614 0.04179237429237427 0.022222222222222223 0.03333333333333333
0 0.9303757353757354 0.044040126540126616 0.022222222222222223 0.03333333333333333
0 0.9433627483627484 0.048535631035631084 0.022222222222222223 0.03333333333333333
0 0.9408652458652459 0.06501914751914759 0.022222222222222223 0.03333333333333333
0 0.9448612498612498 0.05677738927738934 0.022222222222222223 0.03333333333333333
0 0.9383677433677433 0.04179237429237427 0.022222222222222223 0.03333333333333333
0 0.9338722388722388 0.050783383283383325 0.022222222222222223 0.03333333333333333
0 0.9503557553557554 0.056028138528138524 0.022222222222222223 0.03333333333333333
0 0.9488572538572538 0.08075341325341327 0.022222222222222223 0.03333333333333333
0 0.9538522588522589 0.09498917748917753 0.022222222222222223 0.03333333333333333
0 0.9518542568542567 0.09124292374292375 0.022222222222222223 0.03333333333333333
0 0.9553507603507604 0.08449966699966703 0.022222222222222223 0.03333333333333333
0 0.9593467643467642 0.07925491175491174 0.022222222222222223 0.03333333333333333
0 0.9588472638472639 0.06876540126540126 0.022222222222222223 0.03333333333333333
0 0.9688372738372739 0.06127289377289382 0.022222222222222223 0.03333333333333333
0 0.9628432678432677 0.05303113553113557 0.022222222222222223 0.03333333333333333
0 0.9728332778332778 0.048535631035631084 0.022222222222222223 0.03333333333333333
0 0.9743317793317793 0.042541625041625085 0.022222222222222223 0.03333333333333333
0 0.9668392718392718 0.03654761904761907 0.022222222222222223 0.03333333333333333
0 0.9648412698412698 0.021562604062604105 0.022222222222222223 0.03333333333333333
0 0.9693367743367743 0.02081335331335329 0.022222222222222223 0.03333333333333333
0 0.9728332778332778 0.008825341325341374 0.022222222222222223 0.03333333333333333
0 0.9668392718392718 0.008825341325341374 0.022222222222222223 0.03333333333333333
0 0.9588472638472639 0.00957459207459209 0.022222222222222223 0.03333333333333333
0 0.9548512598512598 0.007326839826839849 0.022222222222222223 0.03333333333333333
0 0.9828232878232878 0.021562604062604105 0.022222222222222223 0.03333333333333333
0 0.9788272838272838 0.029804362304362352 0.022222222222222223 0.03333333333333333
0 0.9828232878232878 0.04179237429237427 0.022222222222222223 0.03333333333333333
0 0.9873187923187923 0.028305860805860828 0.022222222222222223 0.03333333333333333
0 0.9913147963147962 0.019314851814851864 0.022222222222222223 0.03333333333333333
0 0.9903157953157954 0.01182234432234433 0.022222222222222223 0.03333333333333333
0 0.9803257853257853 0.008825341325341374 0.022222222222222223 0.03333333333333333
0 0.9978083028083029 0.008825341325341374 0.022222222222222223 0.03333333333333333
0 0.9983078033078032 0.0268073593073593 0.022222222222222223 0.03333333333333333
0 0.9978083028083029 0.042541625041625085 0.022222222222222223 0.03333333333333333
0 0.9983078033078032 0.054529637029637 0.022222222222222223 0.03333333333333333
0 0.9918142968142969 0.05378038628038628 0.022222222222222223 0.03333333333333333
0 0.9838222888222887 0.054529637029637 0.022222222222222223 0.03333333333333333
0 0.9928132978132979 0.040293872793872844 0.022222222222222223 0.03333333333333333
0 0.9883177933177935 0.07401015651015655 0.022222222222222223 0.03333333333333333
0 0.9763297813297812 0.06876540126540126 0.022222222222222223 0.03333333333333333
0 0.9768292818292819 0.08449966699966703 0.022222222222222223 0.03333333333333333
0 0.9678382728382727 0.07475940725940726 0.022222222222222223 0.03333333333333333
0 0.9628432678432677 0.07251165501165502 0.022222222222222223 0.03333333333333333
0 0.9668392718392718 0.10398018648018649 0.022222222222222223 0.03333333333333333
0 0.9703357753357752 0.08225191475191479 0.022222222222222223 0.03333333333333333
0 0.9793267843267843 0.1047294372294372 0.022222222222222223 0.03333333333333333
0 0.9848212898212897 0.08824592074592076 0.022222222222222223 0.03333333333333333
0 0.9928132978132979 0.096487678987679 0.022222222222222223 0.03333333333333333
0 0.9928132978132979 0.10847569097569097 0.022222222222222223 0.03333333333333333
0 0.9988073038073039 0.1099741924741925 0.022222222222222223 0.03333333333333333
0 0.9983078033078032 0.0800041625041625 0.022222222222222223 0.03333333333333333
0 0.9923137973137972 0.1212129537129537 0.022222222222222223 0.03333333333333333
0 0.9968093018093019 0.12495920745920747 0.022222222222222223 0.03333333333333333
0 0.9938122988122988 0.14668747918747915 0.022222222222222223 0.03333333333333333
0 0.9988073038073039 0.14593822843822846 0.022222222222222223 0.03333333333333333
0 0.9988073038073039 0.16242174492174488 0.022222222222222223 0.03333333333333333
0 0.9953108003108003 0.20587828837828837 0.022222222222222223 0.03333333333333333
0 0.9988073038073039 0.2066275391275391 0.022222222222222223 0.03333333333333333
0 0.9953108003108003 0.1916425241425241 0.022222222222222223 0.03333333333333333
